label,huruf,point_index,t,bezier_xx_x,bezier_xx_y,xx_sc_x,xx_sc_y,is_sample_output_bezier_py
per_huruf_hybrid_skeleton_forced_loop_no_sig,11,0,0.0,358.0,66.0,358.0,66.0,0
per_huruf_hybrid_skeleton_forced_loop_no_sig,11,1,0.0005574136008918618,358.0027309968139,66.04415111515704,358.0027309968139,66.04415111515704,0
per_huruf_hybrid_skeleton_forced_loop_no_sig,11,2,0.0011148272017837235,358.0100136549841,66.09877105143379,358.0100136549841,66.09877105143379,0
per_huruf_hybrid_skeleton_forced_loop_no_sig,11,3,0.0016722408026755853,358.0204824761037,66.1624943104233,358.0204824761037,66.1624943104233,0
per_huruf_hybrid_skeleton_forced_loop_no_sig,11,4,0.002229654403567447,358.03277196176595,66.2339553937187,358.03277196176595,66.2339553937187,0
per_huruf_hybrid_skeleton_forced_loop_no_sig,11,5,0.002787068004459309,358.04551661356396,66.31178880291307,358.04551661356396,66.31178880291307,0
per_huruf_hybrid_skeleton_forced_loop_no_sig,11,6,0.0033444816053511705,358.0573509330906,66.39462903959947,358.0573509330906,66.39462903959947,0
per_huruf_hybrid_skeleton_forced_loop_no_sig,11,7,0.003901895206243032,358.06690942193904,66.48111060537096,358.06690942193904,66.48111060537096,0
per_huruf_hybrid_skeleton_forced_loop_no_sig,11,8,0.004459308807134894,358.0728265817023,66.56986800182067,358.0728265817023,66.56986800182067,0
per_huruf_hybrid_skeleton_forced_loop_no_sig,11,9,0.005016722408026756,358.07373691397356,66.65953573054165,358.07373691397356,66.65953573054165,0
per_huruf_hybrid_skeleton_forced_loop_no_sig,11,10,0.005574136008918618,358.06827492034586,66.748748293127,358.06827492034586,66.748748293127,0
per_huruf_hybrid_skeleton_forced_loop_no_sig,11,11,0.006131549609810479,358.0550751024124,66.83614019116979,358.0550751024124,66.83614019116979,0
per_huruf_hybrid_skeleton_forced_loop_no_sig,11,12,0.006688963210702341,358.03277196176606,66.92034592626308,358.03277196176606,66.92034592626308,0
per_huruf_hybrid_skeleton_forced_loop_no_sig,11,13,0.007246376811594203,358.0,67.0,358.0,67.0,0
per_huruf_hybrid_skeleton_forced_loop_no_sig,11,14,0.007803790412486064,357.9531178880292,67.07692307692308,357.9531178880292,67.07692307692308,0
per_huruf_hybrid_skeleton_forced_loop_no_sig,11,15,0.008361204013377926,357.8912152935822,67.15384615384616,357.8912152935822,67.15384615384616,0
per_huruf_hybrid_skeleton_forced_loop_no_sig,11,16,0.008918617614269788,357.8170232134729,67.23076923076923,357.8170232134729,67.23076923076923,0
per_huruf_hybrid_skeleton_forced_loop_no_sig,11,17,0.00947603121516165,357.73327264451524,67.3076923076923,357.73327264451524,67.3076923076923,0
per_huruf_hybrid_skeleton_forced_loop_no_sig,11,18,0.010033444816053512,357.642694583523,67.38461538461539,357.642694583523,67.38461538461539,0
per_huruf_hybrid_skeleton_forced_loop_no_sig,11,19,0.010590858416945374,357.54802002731,67.46153846153847,357.54802002731,67.46153846153847,0
per_huruf_hybrid_skeleton_forced_loop_no_sig,11,20,0.011148272017837236,357.45197997269,67.53846153846153,357.45197997269,67.53846153846153,0
per_huruf_hybrid_skeleton_forced_loop_no_sig,11,21,0.011705685618729096,357.35730541647706,67.61538461538461,357.35730541647706,67.61538461538461,0
per_huruf_hybrid_skeleton_forced_loop_no_sig,11,22,0.012263099219620958,357.26672735548476,67.69230769230768,357.26672735548476,67.69230769230768,0
per_huruf_hybrid_skeleton_forced_loop_no_sig,11,23,0.01282051282051282,357.18297678652704,67.76923076923076,357.18297678652704,67.76923076923076,0
per_huruf_hybrid_skeleton_forced_loop_no_sig,11,24,0.013377926421404682,357.10878470641785,67.84615384615385,357.10878470641785,67.84615384615385,0
per_huruf_hybrid_skeleton_forced_loop_no_sig,11,25,0.013935340022296544,357.0468821119709,67.92307692307692,357.0468821119709,67.92307692307692,0
per_huruf_hybrid_skeleton_forced_loop_no_sig,11,26,0.014492753623188406,357.0,68.0,357.0,68.0,0
per_huruf_hybrid_skeleton_forced_loop_no_sig,11,27,0.015050167224080268,356.96722803823405,68.0769230769231,356.96722803823405,68.0769230769231,0
per_huruf_hybrid_skeleton_forced_loop_no_sig,11,28,0.015607580824972128,356.9449248975876,68.15384615384616,356.9449248975876,68.15384615384616,0
per_huruf_hybrid_skeleton_forced_loop_no_sig,11,29,0.016164994425863992,356.93172507965403,68.23076923076921,356.93172507965403,68.23076923076921,0
per_huruf_hybrid_skeleton_forced_loop_no_sig,11,30,0.016722408026755852,356.9262630860263,68.30769230769229,356.9262630860263,68.30769230769229,0
per_huruf_hybrid_skeleton_forced_loop_no_sig,11,31,0.017279821627647716,356.9271734182977,68.38461538461539,356.9271734182977,68.38461538461539,0
per_huruf_hybrid_skeleton_forced_loop_no_sig,11,32,0.017837235228539576,356.933090578061,68.46153846153847,356.933090578061,68.46153846153847,0
per_huruf_hybrid_skeleton_forced_loop_no_sig,11,33,0.018394648829431436,356.94264906690944,68.53846153846153,356.94264906690944,68.53846153846153,0
per_huruf_hybrid_skeleton_forced_loop_no_sig,11,34,0.0189520624303233,356.95448338643604,68.61538461538461,356.95448338643604,68.61538461538461,0
per_huruf_hybrid_skeleton_forced_loop_no_sig,11,35,0.01950947603121516,356.96722803823394,68.6923076923077,356.96722803823394,68.6923076923077,0
per_huruf_hybrid_skeleton_forced_loop_no_sig,11,36,0.020066889632107024,356.97951752389616,68.76923076923077,356.97951752389616,68.76923076923077,0
per_huruf_hybrid_skeleton_forced_loop_no_sig,11,37,0.020624303232998884,356.98998634501595,68.84615384615385,356.98998634501595,68.84615384615385,0
per_huruf_hybrid_skeleton_forced_loop_no_sig,11,38,0.021181716833890748,356.99726900318615,68.92307692307692,356.99726900318615,68.92307692307692,0
per_huruf_hybrid_skeleton_forced_loop_no_sig,11,39,0.021739130434782608,357.0,69.0,357.0,69.0,0
per_huruf_hybrid_skeleton_forced_loop_no_sig,11,40,0.022296544035674472,357.0027309968139,69.07692307692308,357.0027309968139,69.07692307692308,1
per_huruf_hybrid_skeleton_forced_loop_no_sig,11,41,0.022853957636566332,357.0100136549841,69.15384615384615,357.0100136549841,69.15384615384615,0
per_huruf_hybrid_skeleton_forced_loop_no_sig,11,42,0.023411371237458192,357.0204824761037,69.23076923076921,357.0204824761037,69.23076923076921,0
per_huruf_hybrid_skeleton_forced_loop_no_sig,11,43,0.023968784838350056,357.03277196176606,69.30769230769229,357.03277196176606,69.30769230769229,0
per_huruf_hybrid_skeleton_forced_loop_no_sig,11,44,0.024526198439241916,357.04551661356396,69.38461538461539,357.04551661356396,69.38461538461539,0
per_huruf_hybrid_skeleton_forced_loop_no_sig,11,45,0.02508361204013378,357.0573509330906,69.46153846153847,357.0573509330906,69.46153846153847,0
per_huruf_hybrid_skeleton_forced_loop_no_sig,11,46,0.02564102564102564,357.06690942193904,69.53846153846155,357.06690942193904,69.53846153846155,0
per_huruf_hybrid_skeleton_forced_loop_no_sig,11,47,0.026198439241917504,357.0728265817023,69.61538461538461,357.0728265817023,69.61538461538461,0
per_huruf_hybrid_skeleton_forced_loop_no_sig,11,48,0.026755852842809364,357.07373691397356,69.6923076923077,357.07373691397356,69.6923076923077,0
per_huruf_hybrid_skeleton_forced_loop_no_sig,11,49,0.027313266443701224,357.0682749203459,69.76923076923077,357.0682749203459,69.76923076923077,0
per_huruf_hybrid_skeleton_forced_loop_no_sig,11,50,0.027870680044593088,357.0550751024124,69.84615384615385,357.0550751024124,69.84615384615385,0
per_huruf_hybrid_skeleton_forced_loop_no_sig,11,51,0.028428093645484948,357.03277196176606,69.92307692307692,357.03277196176606,69.92307692307692,0
per_huruf_hybrid_skeleton_forced_loop_no_sig,11,52,0.028985507246376812,357.0,70.0,357.0,70.0,0
per_huruf_hybrid_skeleton_forced_loop_no_sig,11,53,0.029542920847268672,356.9531178880292,70.0769230769231,356.9531178880292,70.0769230769231,0
per_huruf_hybrid_skeleton_forced_loop_no_sig,11,54,0.030100334448160536,356.8912152935822,70.15384615384615,356.8912152935822,70.15384615384615,0
per_huruf_hybrid_skeleton_forced_loop_no_sig,11,55,0.030657748049052396,356.81702321347285,70.23076923076921,356.81702321347285,70.23076923076921,0
per_huruf_hybrid_skeleton_forced_loop_no_sig,11,56,0.031215161649944256,356.7332726445152,70.3076923076923,356.7332726445152,70.3076923076923,0
per_huruf_hybrid_skeleton_forced_loop_no_sig,11,57,0.03177257525083612,356.642694583523,70.38461538461539,356.642694583523,70.38461538461539,0
per_huruf_hybrid_skeleton_forced_loop_no_sig,11,58,0.032329988851727984,356.54802002731,70.46153846153848,356.54802002731,70.46153846153848,0
per_huruf_hybrid_skeleton_forced_loop_no_sig,11,59,0.03288740245261984,356.45197997269,70.53846153846155,356.45197997269,70.53846153846155,0
per_huruf_hybrid_skeleton_forced_loop_no_sig,11,60,0.033444816053511704,356.35730541647706,70.61538461538461,356.35730541647706,70.61538461538461,0
per_huruf_hybrid_skeleton_forced_loop_no_sig,11,61,0.03400222965440357,356.26672735548476,70.6923076923077,356.26672735548476,70.6923076923077,1
per_huruf_hybrid_skeleton_forced_loop_no_sig,11,62,0.03455964325529543,356.18297678652704,70.76923076923077,356.18297678652704,70.76923076923077,0
per_huruf_hybrid_skeleton_forced_loop_no_sig,11,63,0.03511705685618729,356.10878470641785,70.84615384615385,356.10878470641785,70.84615384615385,0
per_huruf_hybrid_skeleton_forced_loop_no_sig,11,64,0.03567447045707915,356.0468821119709,70.92307692307692,356.0468821119709,70.92307692307692,0
per_huruf_hybrid_skeleton_forced_loop_no_sig,11,65,0.036231884057971016,356.0,71.0,356.0,71.0,0
per_huruf_hybrid_skeleton_forced_loop_no_sig,11,66,0.03678929765886287,355.96722803823405,71.07692307692308,355.96722803823405,71.07692307692308,0
per_huruf_hybrid_skeleton_forced_loop_no_sig,11,67,0.037346711259754736,355.9449248975876,71.15384615384616,355.9449248975876,71.15384615384616,0
per_huruf_hybrid_skeleton_forced_loop_no_sig,11,68,0.0379041248606466,355.931725079654,71.23076923076921,355.931725079654,71.23076923076921,0
per_huruf_hybrid_skeleton_forced_loop_no_sig,11,69,0.038461538461538464,355.9262630860264,71.3076923076923,355.9262630860264,71.3076923076923,0
per_huruf_hybrid_skeleton_forced_loop_no_sig,11,70,0.03901895206243032,355.9271734182977,71.38461538461539,355.9271734182977,71.38461538461539,0
per_huruf_hybrid_skeleton_forced_loop_no_sig,11,71,0.039576365663322184,355.933090578061,71.46153846153847,355.933090578061,71.46153846153847,0
per_huruf_hybrid_skeleton_forced_loop_no_sig,11,72,0.04013377926421405,355.94264906690944,71.53846153846153,355.94264906690944,71.53846153846153,0
per_huruf_hybrid_skeleton_forced_loop_no_sig,11,73,0.040691192865105905,355.9544833864361,71.61538461538461,355.9544833864361,71.61538461538461,0
per_huruf_hybrid_skeleton_forced_loop_no_sig,11,74,0.04124860646599777,355.96722803823394,71.6923076923077,355.96722803823394,71.6923076923077,0
per_huruf_hybrid_skeleton_forced_loop_no_sig,11,75,0.04180602006688963,355.97951752389616,71.76923076923077,355.97951752389616,71.76923076923077,0
per_huruf_hybrid_skeleton_forced_loop_no_sig,11,76,0.042363433667781496,355.98998634501595,71.84615384615385,355.98998634501595,71.84615384615385,0
per_huruf_hybrid_skeleton_forced_loop_no_sig,11,77,0.04292084726867335,355.99726900318615,71.92307692307692,355.99726900318615,71.92307692307692,0
per_huruf_hybrid_skeleton_forced_loop_no_sig,11,78,0.043478260869565216,356.0,72.0,356.0,72.0,0
per_huruf_hybrid_skeleton_forced_loop_no_sig,11,79,0.04403567447045708,356.0000000000001,72.07692307692308,356.0000000000001,72.07692307692308,0
per_huruf_hybrid_skeleton_forced_loop_no_sig,11,80,0.044593088071348944,356.0,72.15384615384616,356.0,72.15384615384616,0
per_huruf_hybrid_skeleton_forced_loop_no_sig,11,81,0.0451505016722408,355.99999999999994,72.23076923076923,355.99999999999994,72.23076923076923,1
per_huruf_hybrid_skeleton_forced_loop_no_sig,11,82,0.045707915273132664,355.99999999999994,72.30769230769229,355.99999999999994,72.30769230769229,0
per_huruf_hybrid_skeleton_forced_loop_no_sig,11,83,0.04626532887402453,356.0,72.38461538461539,356.0,72.38461538461539,0
per_huruf_hybrid_skeleton_forced_loop_no_sig,11,84,0.046822742474916385,356.0,72.46153846153845,356.0,72.46153846153845,0
per_huruf_hybrid_skeleton_forced_loop_no_sig,11,85,0.04738015607580825,356.0,72.53846153846153,356.0,72.53846153846153,0
per_huruf_hybrid_skeleton_forced_loop_no_sig,11,86,0.04793756967670011,356.0,72.61538461538461,356.0,72.61538461538461,0
per_huruf_hybrid_skeleton_forced_loop_no_sig,11,87,0.048494983277591976,356.0,72.69230769230768,356.0,72.69230769230768,0
per_huruf_hybrid_skeleton_forced_loop_no_sig,11,88,0.04905239687848383,355.99999999999994,72.76923076923077,355.99999999999994,72.76923076923077,0
per_huruf_hybrid_skeleton_forced_loop_no_sig,11,89,0.049609810479375696,356.0,72.84615384615384,356.0,72.84615384615384,0
per_huruf_hybrid_skeleton_forced_loop_no_sig,11,90,0.05016722408026756,356.0,72.92307692307692,356.0,72.92307692307692,0
per_huruf_hybrid_skeleton_forced_loop_no_sig,11,91,0.05072463768115942,356.0,73.0,356.0,73.0,1
per_huruf_hybrid_skeleton_forced_loop_no_sig,11,92,0.05128205128205128,356.0000000000001,73.07692307692308,356.0000000000001,73.07692307692308,0
per_huruf_hybrid_skeleton_forced_loop_no_sig,11,93,0.051839464882943144,356.0,73.15384615384615,356.0,73.15384615384615,0
per_huruf_hybrid_skeleton_forced_loop_no_sig,11,94,0.05239687848383501,355.99999999999994,73.23076923076923,355.99999999999994,73.23076923076923,0
per_huruf_hybrid_skeleton_forced_loop_no_sig,11,95,0.052954292084726864,355.99999999999994,73.3076923076923,355.99999999999994,73.3076923076923,0
per_huruf_hybrid_skeleton_forced_loop_no_sig,11,96,0.05351170568561873,356.0,73.38461538461539,356.0,73.38461538461539,0
per_huruf_hybrid_skeleton_forced_loop_no_sig,11,97,0.05406911928651059,356.0,73.46153846153847,356.0,73.46153846153847,0
per_huruf_hybrid_skeleton_forced_loop_no_sig,11,98,0.05462653288740245,356.0,73.53846153846155,356.0,73.53846153846155,0
per_huruf_hybrid_skeleton_forced_loop_no_sig,11,99,0.05518394648829431,356.0,73.61538461538461,356.0,73.61538461538461,0
per_huruf_hybrid_skeleton_forced_loop_no_sig,11,100,0.055741360089186176,356.0,73.6923076923077,356.0,73.6923076923077,0
per_huruf_hybrid_skeleton_forced_loop_no_sig,11,101,0.05629877369007804,355.99999999999994,73.76923076923077,355.99999999999994,73.76923076923077,0
per_huruf_hybrid_skeleton_forced_loop_no_sig,11,102,0.056856187290969896,356.0,73.84615384615384,356.0,73.84615384615384,0
per_huruf_hybrid_skeleton_forced_loop_no_sig,11,103,0.05741360089186176,356.0,73.92307692307692,356.0,73.92307692307692,0
per_huruf_hybrid_skeleton_forced_loop_no_sig,11,104,0.057971014492753624,356.0,74.0,356.0,74.0,0
per_huruf_hybrid_skeleton_forced_loop_no_sig,11,105,0.05852842809364548,356.0000000000001,74.07692307692308,356.0000000000001,74.07692307692308,0
per_huruf_hybrid_skeleton_forced_loop_no_sig,11,106,0.059085841694537344,356.0,74.15384615384615,356.0,74.15384615384615,0
per_huruf_hybrid_skeleton_forced_loop_no_sig,11,107,0.05964325529542921,355.99999999999994,74.23076923076923,355.99999999999994,74.23076923076923,0
per_huruf_hybrid_skeleton_forced_loop_no_sig,11,108,0.06020066889632107,355.99999999999994,74.30769230769229,355.99999999999994,74.30769230769229,0
per_huruf_hybrid_skeleton_forced_loop_no_sig,11,109,0.06075808249721293,356.0,74.3846153846154,356.0,74.3846153846154,0
per_huruf_hybrid_skeleton_forced_loop_no_sig,11,110,0.06131549609810479,356.0,74.46153846153847,356.0,74.46153846153847,0
per_huruf_hybrid_skeleton_forced_loop_no_sig,11,111,0.061872909698996656,356.0,74.53846153846153,356.0,74.53846153846153,0
per_huruf_hybrid_skeleton_forced_loop_no_sig,11,112,0.06243032329988851,356.0,74.61538461538461,356.0,74.61538461538461,0
per_huruf_hybrid_skeleton_forced_loop_no_sig,11,113,0.06298773690078038,356.0,74.6923076923077,356.0,74.6923076923077,0
per_huruf_hybrid_skeleton_forced_loop_no_sig,11,114,0.06354515050167224,355.99999999999994,74.76923076923077,355.99999999999994,74.76923076923077,0
per_huruf_hybrid_skeleton_forced_loop_no_sig,11,115,0.0641025641025641,356.0,74.84615384615384,356.0,74.84615384615384,0
per_huruf_hybrid_skeleton_forced_loop_no_sig,11,116,0.06465997770345597,356.0,74.92307692307692,356.0,74.92307692307692,0
per_huruf_hybrid_skeleton_forced_loop_no_sig,11,117,0.06521739130434782,356.0,75.0,356.0,75.0,0
per_huruf_hybrid_skeleton_forced_loop_no_sig,11,118,0.06577480490523968,356.0000000000001,75.07692307692308,356.0000000000001,75.07692307692308,0
per_huruf_hybrid_skeleton_forced_loop_no_sig,11,119,0.06633221850613155,356.0,75.15384615384616,356.0,75.15384615384616,0
per_huruf_hybrid_skeleton_forced_loop_no_sig,11,120,0.06688963210702341,355.99999999999994,75.23076923076923,355.99999999999994,75.23076923076923,0
per_huruf_hybrid_skeleton_forced_loop_no_sig,11,121,0.06744704570791527,355.99999999999994,75.3076923076923,355.99999999999994,75.3076923076923,0
per_huruf_hybrid_skeleton_forced_loop_no_sig,11,122,0.06800445930880714,356.0,75.3846153846154,356.0,75.3846153846154,1
per_huruf_hybrid_skeleton_forced_loop_no_sig,11,123,0.06856187290969899,356.0,75.46153846153847,356.0,75.46153846153847,0
per_huruf_hybrid_skeleton_forced_loop_no_sig,11,124,0.06911928651059086,356.0,75.53846153846153,356.0,75.53846153846153,0
per_huruf_hybrid_skeleton_forced_loop_no_sig,11,125,0.06967670011148272,356.0,75.61538461538461,356.0,75.61538461538461,0
per_huruf_hybrid_skeleton_forced_loop_no_sig,11,126,0.07023411371237458,356.0,75.6923076923077,356.0,75.6923076923077,0
per_huruf_hybrid_skeleton_forced_loop_no_sig,11,127,0.07079152731326645,355.99999999999994,75.76923076923077,355.99999999999994,75.76923076923077,0
per_huruf_hybrid_skeleton_forced_loop_no_sig,11,128,0.0713489409141583,356.0,75.84615384615384,356.0,75.84615384615384,0
per_huruf_hybrid_skeleton_forced_loop_no_sig,11,129,0.07190635451505016,356.0,75.92307692307692,356.0,75.92307692307692,0
per_huruf_hybrid_skeleton_forced_loop_no_sig,11,130,0.07246376811594203,356.0,76.0,356.0,76.0,0
per_huruf_hybrid_skeleton_forced_loop_no_sig,11,131,0.07302118171683389,355.99726900318626,76.0769230769231,355.99726900318626,76.0769230769231,0
per_huruf_hybrid_skeleton_forced_loop_no_sig,11,132,0.07357859531772575,355.98998634501595,76.15384615384616,355.98998634501595,76.15384615384616,0
per_huruf_hybrid_skeleton_forced_loop_no_sig,11,133,0.07413600891861762,355.97951752389616,76.23076923076921,355.97951752389616,76.23076923076921,0
per_huruf_hybrid_skeleton_forced_loop_no_sig,11,134,0.07469342251950947,355.96722803823394,76.30769230769229,355.96722803823394,76.30769230769229,0
per_huruf_hybrid_skeleton_forced_loop_no_sig,11,135,0.07525083612040134,355.95448338643604,76.3846153846154,355.95448338643604,76.3846153846154,0
per_huruf_hybrid_skeleton_forced_loop_no_sig,11,136,0.0758082497212932,355.9426490669094,76.46153846153847,355.9426490669094,76.46153846153847,0
per_huruf_hybrid_skeleton_forced_loop_no_sig,11,137,0.07636566332218506,355.93309057806096,76.53846153846155,355.93309057806096,76.53846153846155,0
per_huruf_hybrid_skeleton_forced_loop_no_sig,11,138,0.07692307692307693,355.9271734182977,76.61538461538461,355.9271734182977,76.61538461538461,0
per_huruf_hybrid_skeleton_forced_loop_no_sig,11,139,0.07748049052396878,355.9262630860264,76.6923076923077,355.9262630860264,76.6923076923077,0
per_huruf_hybrid_skeleton_forced_loop_no_sig,11,140,0.07803790412486064,355.93172507965403,76.76923076923077,355.93172507965403,76.76923076923077,0
per_huruf_hybrid_skeleton_forced_loop_no_sig,11,141,0.07859531772575251,355.9449248975876,76.84615384615384,355.9449248975876,76.84615384615384,0
per_huruf_hybrid_skeleton_forced_loop_no_sig,11,142,0.07915273132664437,355.96722803823394,76.92307692307692,355.96722803823394,76.92307692307692,0
per_huruf_hybrid_skeleton_forced_loop_no_sig,11,143,0.07971014492753623,356.0,77.0,356.0,77.0,0
per_huruf_hybrid_skeleton_forced_loop_no_sig,11,144,0.0802675585284281,356.04688211197094,77.07692307692308,356.04688211197094,77.07692307692308,0
per_huruf_hybrid_skeleton_forced_loop_no_sig,11,145,0.08082497212931995,356.10878470641785,77.15384615384616,356.10878470641785,77.15384615384616,0
per_huruf_hybrid_skeleton_forced_loop_no_sig,11,146,0.08138238573021181,356.18297678652704,77.23076923076923,356.18297678652704,77.23076923076923,0
per_huruf_hybrid_skeleton_forced_loop_no_sig,11,147,0.08193979933110368,356.2667273554847,77.30769230769229,356.2667273554847,77.30769230769229,0
per_huruf_hybrid_skeleton_forced_loop_no_sig,11,148,0.08249721293199554,356.35730541647706,77.3846153846154,356.35730541647706,77.3846153846154,0
per_huruf_hybrid_skeleton_forced_loop_no_sig,11,149,0.08305462653288741,356.4519799726901,77.46153846153847,356.4519799726901,77.46153846153847,0
per_huruf_hybrid_skeleton_forced_loop_no_sig,11,150,0.08361204013377926,356.54802002731,77.53846153846155,356.54802002731,77.53846153846155,0
per_huruf_hybrid_skeleton_forced_loop_no_sig,11,151,0.08416945373467112,356.642694583523,77.61538461538461,356.642694583523,77.61538461538461,0
per_huruf_hybrid_skeleton_forced_loop_no_sig,11,152,0.08472686733556299,356.73327264451524,77.6923076923077,356.73327264451524,77.6923076923077,0
per_huruf_hybrid_skeleton_forced_loop_no_sig,11,153,0.08528428093645485,356.81702321347285,77.76923076923077,356.81702321347285,77.76923076923077,0
per_huruf_hybrid_skeleton_forced_loop_no_sig,11,154,0.0858416945373467,356.89121529358215,77.84615384615385,356.89121529358215,77.84615384615385,0
per_huruf_hybrid_skeleton_forced_loop_no_sig,11,155,0.08639910813823858,356.95311788802917,77.92307692307692,356.95311788802917,77.92307692307692,0
per_huruf_hybrid_skeleton_forced_loop_no_sig,11,156,0.08695652173913043,357.0,78.0,357.0,78.0,0
per_huruf_hybrid_skeleton_forced_loop_no_sig,11,157,0.08751393534002229,357.03004096495226,78.0769230769231,357.03004096495226,78.0769230769231,0
per_huruf_hybrid_skeleton_forced_loop_no_sig,11,158,0.08807134894091416,357.04506144742834,78.15384615384615,357.04506144742834,78.15384615384615,0
per_huruf_hybrid_skeleton_forced_loop_no_sig,11,159,0.08862876254180602,357.0477924442421,78.23076923076921,357.0477924442421,78.23076923076921,0
per_huruf_hybrid_skeleton_forced_loop_no_sig,11,160,0.08918617614269789,357.0409649522075,78.3076923076923,357.0409649522075,78.3076923076923,0
per_huruf_hybrid_skeleton_forced_loop_no_sig,11,161,0.08974358974358974,357.0273099681384,78.3846153846154,357.0273099681384,78.3846153846154,0
per_huruf_hybrid_skeleton_forced_loop_no_sig,11,162,0.0903010033444816,357.0095584888485,78.46153846153847,357.0095584888485,78.46153846153847,0
per_huruf_hybrid_skeleton_forced_loop_no_sig,11,163,0.09085841694537347,356.9904415111516,78.53846153846153,356.9904415111516,78.53846153846153,0
per_huruf_hybrid_skeleton_forced_loop_no_sig,11,164,0.09141583054626533,356.97269003186165,78.61538461538461,356.97269003186165,78.61538461538461,0
per_huruf_hybrid_skeleton_forced_loop_no_sig,11,165,0.09197324414715718,356.95903504779244,78.6923076923077,356.95903504779244,78.6923076923077,0
per_huruf_hybrid_skeleton_forced_loop_no_sig,11,166,0.09253065774804906,356.9522075557578,78.76923076923077,356.9522075557578,78.76923076923077,0
per_huruf_hybrid_skeleton_forced_loop_no_sig,11,167,0.09308807134894091,356.95493855257166,78.84615384615384,356.95493855257166,78.84615384615384,0
per_huruf_hybrid_skeleton_forced_loop_no_sig,11,168,0.09364548494983277,356.9699590350478,78.92307692307692,356.9699590350478,78.92307692307692,0
per_huruf_hybrid_skeleton_forced_loop_no_sig,11,169,0.09420289855072464,357.0,79.0,357.0,79.0,0
per_huruf_hybrid_skeleton_forced_loop_no_sig,11,170,0.0947603121516165,357.0441511151571,79.07692307692308,357.0441511151571,79.07692307692308,0
per_huruf_hybrid_skeleton_forced_loop_no_sig,11,171,0.09531772575250835,357.0987710514338,79.15384615384617,357.0987710514338,79.15384615384617,0
per_huruf_hybrid_skeleton_forced_loop_no_sig,11,172,0.09587513935340022,357.16249431042326,79.23076923076921,357.16249431042326,79.23076923076921,0
per_huruf_hybrid_skeleton_forced_loop_no_sig,11,173,0.09643255295429208,357.23395539371865,79.3076923076923,357.23395539371865,79.3076923076923,0
per_huruf_hybrid_skeleton_forced_loop_no_sig,11,174,0.09698996655518395,357.3117888029131,79.3846153846154,357.3117888029131,79.3846153846154,0
per_huruf_hybrid_skeleton_forced_loop_no_sig,11,175,0.09754738015607581,357.3946290395995,79.46153846153847,357.3946290395995,79.46153846153847,0
per_huruf_hybrid_skeleton_forced_loop_no_sig,11,176,0.09810479375696766,357.481110605371,79.53846153846155,357.481110605371,79.53846153846155,0
per_huruf_hybrid_skeleton_forced_loop_no_sig,11,177,0.09866220735785954,357.56986800182074,79.61538461538463,357.56986800182074,79.61538461538463,0
per_huruf_hybrid_skeleton_forced_loop_no_sig,11,178,0.09921962095875139,357.6595357305416,79.69230769230768,357.6595357305416,79.69230769230768,0
per_huruf_hybrid_skeleton_forced_loop_no_sig,11,179,0.09977703455964325,357.74874829312694,79.76923076923077,357.74874829312694,79.76923076923077,0
per_huruf_hybrid_skeleton_forced_loop_no_sig,11,180,0.10033444816053512,357.83614019116976,79.84615384615384,357.83614019116976,79.84615384615384,1
per_huruf_hybrid_skeleton_forced_loop_no_sig,11,181,0.10089186176142698,357.9203459262631,79.92307692307692,357.9203459262631,79.92307692307692,0
per_huruf_hybrid_skeleton_forced_loop_no_sig,11,182,0.10144927536231883,358.0,80.0,358.0,80.0,0
per_huruf_hybrid_skeleton_forced_loop_no_sig,11,183,0.1020066889632107,358.0769230769231,80.07692307692308,358.0769230769231,80.07692307692308,0
per_huruf_hybrid_skeleton_forced_loop_no_sig,11,184,0.10256410256410256,358.1538461538462,80.15384615384616,358.1538461538462,80.15384615384616,0
per_huruf_hybrid_skeleton_forced_loop_no_sig,11,185,0.10312151616499442,358.2307692307692,80.23076923076921,358.2307692307692,80.23076923076921,0
per_huruf_hybrid_skeleton_forced_loop_no_sig,11,186,0.10367892976588629,358.30769230769226,80.30769230769229,358.30769230769226,80.30769230769229,0
per_huruf_hybrid_skeleton_forced_loop_no_sig,11,187,0.10423634336677814,358.3846153846154,80.3846153846154,358.3846153846154,80.3846153846154,0
per_huruf_hybrid_skeleton_forced_loop_no_sig,11,188,0.10479375696767002,358.4615384615385,80.46153846153848,358.4615384615385,80.46153846153848,0
per_huruf_hybrid_skeleton_forced_loop_no_sig,11,189,0.10535117056856187,358.53846153846155,80.53846153846153,358.53846153846155,80.53846153846153,0
per_huruf_hybrid_skeleton_forced_loop_no_sig,11,190,0.10590858416945373,358.61538461538464,80.61538461538463,358.61538461538464,80.61538461538463,0
per_huruf_hybrid_skeleton_forced_loop_no_sig,11,191,0.1064659977703456,358.6923076923077,80.6923076923077,358.6923076923077,80.6923076923077,0
per_huruf_hybrid_skeleton_forced_loop_no_sig,11,192,0.10702341137123746,358.7692307692307,80.76923076923076,358.7692307692307,80.76923076923076,0
per_huruf_hybrid_skeleton_forced_loop_no_sig,11,193,0.10758082497212931,358.8461538461538,80.84615384615385,358.8461538461538,80.84615384615385,0
per_huruf_hybrid_skeleton_forced_loop_no_sig,11,194,0.10813823857302118,358.9230769230769,80.92307692307692,358.9230769230769,80.92307692307692,0
per_huruf_hybrid_skeleton_forced_loop_no_sig,11,195,0.10869565217391304,359.0,81.0,359.0,81.0,0
per_huruf_hybrid_skeleton_forced_loop_no_sig,11,196,0.1092530657748049,359.07692307692315,81.0769230769231,359.07692307692315,81.0769230769231,0
per_huruf_hybrid_skeleton_forced_loop_no_sig,11,197,0.10981047937569677,359.1538461538462,81.15384615384616,359.1538461538462,81.15384615384616,0
per_huruf_hybrid_skeleton_forced_loop_no_sig,11,198,0.11036789297658862,359.23076923076917,81.23076923076923,359.23076923076917,81.23076923076923,0
per_huruf_hybrid_skeleton_forced_loop_no_sig,11,199,0.1109253065774805,359.30769230769226,81.30769230769229,359.30769230769226,81.30769230769229,0
per_huruf_hybrid_skeleton_forced_loop_no_sig,11,200,0.11148272017837235,359.3846153846154,81.38461538461539,359.3846153846154,81.38461538461539,0
per_huruf_hybrid_skeleton_forced_loop_no_sig,11,201,0.11204013377926421,359.46153846153845,81.46153846153847,359.46153846153845,81.46153846153847,0
per_huruf_hybrid_skeleton_forced_loop_no_sig,11,202,0.11259754738015608,359.53846153846155,81.53846153846153,359.53846153846155,81.53846153846153,0
per_huruf_hybrid_skeleton_forced_loop_no_sig,11,203,0.11315496098104794,359.61538461538464,81.61538461538461,359.61538461538464,81.61538461538461,0
per_huruf_hybrid_skeleton_forced_loop_no_sig,11,204,0.11371237458193979,359.6923076923077,81.6923076923077,359.6923076923077,81.6923076923077,0
per_huruf_hybrid_skeleton_forced_loop_no_sig,11,205,0.11426978818283166,359.7692307692307,81.76923076923076,359.7692307692307,81.76923076923076,0
per_huruf_hybrid_skeleton_forced_loop_no_sig,11,206,0.11482720178372352,359.8461538461538,81.84615384615385,359.8461538461538,81.84615384615385,0
per_huruf_hybrid_skeleton_forced_loop_no_sig,11,207,0.11538461538461538,359.9230769230769,81.92307692307692,359.9230769230769,81.92307692307692,0
per_huruf_hybrid_skeleton_forced_loop_no_sig,11,208,0.11594202898550725,360.0,82.0,360.0,82.0,0
per_huruf_hybrid_skeleton_forced_loop_no_sig,11,209,0.1164994425863991,360.0769230769231,82.0769230769231,360.0769230769231,82.0769230769231,0
per_huruf_hybrid_skeleton_forced_loop_no_sig,11,210,0.11705685618729096,360.1538461538462,82.15384615384615,360.1538461538462,82.15384615384615,0
per_huruf_hybrid_skeleton_forced_loop_no_sig,11,211,0.11761426978818283,360.23076923076917,82.23076923076923,360.23076923076917,82.23076923076923,0
per_huruf_hybrid_skeleton_forced_loop_no_sig,11,212,0.11817168338907469,360.3076923076923,82.30769230769229,360.3076923076923,82.30769230769229,0
per_huruf_hybrid_skeleton_forced_loop_no_sig,11,213,0.11872909698996656,360.3846153846154,82.3846153846154,360.3846153846154,82.3846153846154,0
per_huruf_hybrid_skeleton_forced_loop_no_sig,11,214,0.11928651059085842,360.46153846153845,82.46153846153847,360.46153846153845,82.46153846153847,0
per_huruf_hybrid_skeleton_forced_loop_no_sig,11,215,0.11984392419175027,360.5384615384615,82.53846153846155,360.5384615384615,82.53846153846155,0
per_huruf_hybrid_skeleton_forced_loop_no_sig,11,216,0.12040133779264214,360.61538461538464,82.61538461538461,360.61538461538464,82.61538461538461,0
per_huruf_hybrid_skeleton_forced_loop_no_sig,11,217,0.120958751393534,360.6923076923077,82.6923076923077,360.6923076923077,82.6923076923077,0
per_huruf_hybrid_skeleton_forced_loop_no_sig,11,218,0.12151616499442586,360.7692307692307,82.76923076923076,360.7692307692307,82.76923076923076,0
per_huruf_hybrid_skeleton_forced_loop_no_sig,11,219,0.12207357859531773,360.8461538461538,82.84615384615384,360.8461538461538,82.84615384615384,0
per_huruf_hybrid_skeleton_forced_loop_no_sig,11,220,0.12263099219620958,360.9230769230769,82.92307692307692,360.9230769230769,82.92307692307692,0
per_huruf_hybrid_skeleton_forced_loop_no_sig,11,221,0.12318840579710144,361.0,83.0,361.0,83.0,0
per_huruf_hybrid_skeleton_forced_loop_no_sig,11,222,0.12374581939799331,361.0769230769231,83.0769230769231,361.0769230769231,83.0769230769231,0
per_huruf_hybrid_skeleton_forced_loop_no_sig,11,223,0.12430323299888517,361.15384615384613,83.15384615384615,361.15384615384613,83.15384615384615,0
per_huruf_hybrid_skeleton_forced_loop_no_sig,11,224,0.12486064659977703,361.23076923076917,83.23076923076921,361.23076923076917,83.23076923076921,0
per_huruf_hybrid_skeleton_forced_loop_no_sig,11,225,0.1254180602006689,361.30769230769226,83.3076923076923,361.30769230769226,83.3076923076923,0
per_huruf_hybrid_skeleton_forced_loop_no_sig,11,226,0.12597547380156077,361.3846153846155,83.3846153846154,361.3846153846155,83.3846153846154,0
per_huruf_hybrid_skeleton_forced_loop_no_sig,11,227,0.1265328874024526,361.4615384615385,83.46153846153847,361.4615384615385,83.46153846153847,0
per_huruf_hybrid_skeleton_forced_loop_no_sig,11,228,0.12709030100334448,361.5384615384615,83.53846153846155,361.5384615384615,83.53846153846155,0
per_huruf_hybrid_skeleton_forced_loop_no_sig,11,229,0.12764771460423635,361.61538461538464,83.61538461538461,361.61538461538464,83.61538461538461,0
per_huruf_hybrid_skeleton_forced_loop_no_sig,11,230,0.1282051282051282,361.6923076923077,83.6923076923077,361.6923076923077,83.6923076923077,0
per_huruf_hybrid_skeleton_forced_loop_no_sig,11,231,0.12876254180602006,361.7692307692307,83.76923076923076,361.7692307692307,83.76923076923076,0
per_huruf_hybrid_skeleton_forced_loop_no_sig,11,232,0.12931995540691194,361.84615384615387,83.84615384615384,361.84615384615387,83.84615384615384,0
per_huruf_hybrid_skeleton_forced_loop_no_sig,11,233,0.12987736900780378,361.9230769230769,83.92307692307692,361.9230769230769,83.92307692307692,0
per_huruf_hybrid_skeleton_forced_loop_no_sig,11,234,0.13043478260869565,362.0,84.0,362.0,84.0,0
per_huruf_hybrid_skeleton_forced_loop_no_sig,11,235,0.13099219620958752,362.07692307692315,84.07965407373692,362.07692307692315,84.07965407373692,0
per_huruf_hybrid_skeleton_forced_loop_no_sig,11,236,0.13154960981047936,362.1538461538462,84.16385980883024,362.1538461538462,84.16385980883024,0
per_huruf_hybrid_skeleton_forced_loop_no_sig,11,237,0.13210702341137123,362.23076923076917,84.25125170687299,362.23076923076917,84.25125170687299,0
per_huruf_hybrid_skeleton_forced_loop_no_sig,11,238,0.1326644370122631,362.30769230769226,84.34046426945835,362.30769230769226,84.34046426945835,0
per_huruf_hybrid_skeleton_forced_loop_no_sig,11,239,0.13322185061315495,362.38461538461536,84.43013199817933,362.38461538461536,84.43013199817933,0
per_huruf_hybrid_skeleton_forced_loop_no_sig,11,240,0.13377926421404682,362.4615384615385,84.51888939462904,362.4615384615385,84.51888939462904,0
per_huruf_hybrid_skeleton_forced_loop_no_sig,11,241,0.1343366778149387,362.53846153846155,84.60537096040055,362.53846153846155,84.60537096040055,0
per_huruf_hybrid_skeleton_forced_loop_no_sig,11,242,0.13489409141583053,362.6153846153846,84.68821119708693,362.6153846153846,84.68821119708693,0
per_huruf_hybrid_skeleton_forced_loop_no_sig,11,243,0.1354515050167224,362.6923076923077,84.76604460628128,362.6923076923077,84.76604460628128,0
per_huruf_hybrid_skeleton_forced_loop_no_sig,11,244,0.13600891861761427,362.7692307692307,84.83750568957669,362.7692307692307,84.83750568957669,0
per_huruf_hybrid_skeleton_forced_loop_no_sig,11,245,0.13656633221850614,362.84615384615387,84.90122894856623,362.84615384615387,84.90122894856623,0
per_huruf_hybrid_skeleton_forced_loop_no_sig,11,246,0.13712374581939799,362.9230769230769,84.95584888484296,362.9230769230769,84.95584888484296,0
per_huruf_hybrid_skeleton_forced_loop_no_sig,11,247,0.13768115942028986,363.0,85.0,363.0,85.0,0
per_huruf_hybrid_skeleton_forced_loop_no_sig,11,248,0.13823857302118173,363.07692307692315,85.03004096495224,363.07692307692315,85.03004096495224,0
per_huruf_hybrid_skeleton_forced_loop_no_sig,11,249,0.13879598662207357,363.1538461538462,85.04506144742831,363.1538461538462,85.04506144742831,0
per_huruf_hybrid_skeleton_forced_loop_no_sig,11,250,0.13935340022296544,363.2307692307692,85.04779244424215,363.2307692307692,85.04779244424215,0
per_huruf_hybrid_skeleton_forced_loop_no_sig,11,251,0.1399108138238573,363.30769230769226,85.04096495220756,363.30769230769226,85.04096495220756,0
per_huruf_hybrid_skeleton_forced_loop_no_sig,11,252,0.14046822742474915,363.3846153846155,85.02730996813837,363.3846153846155,85.02730996813837,0
per_huruf_hybrid_skeleton_forced_loop_no_sig,11,253,0.14102564102564102,363.4615384615385,85.00955848884844,363.4615384615385,85.00955848884844,0
per_huruf_hybrid_skeleton_forced_loop_no_sig,11,254,0.1415830546265329,363.53846153846155,84.99044151115157,363.53846153846155,84.99044151115157,0
per_huruf_hybrid_skeleton_forced_loop_no_sig,11,255,0.14214046822742474,363.61538461538464,84.97269003186163,363.61538461538464,84.97269003186163,0
per_huruf_hybrid_skeleton_forced_loop_no_sig,11,256,0.1426978818283166,363.6923076923077,84.95903504779244,363.6923076923077,84.95903504779244,0
per_huruf_hybrid_skeleton_forced_loop_no_sig,11,257,0.14325529542920848,363.7692307692307,84.95220755575784,363.7692307692307,84.95220755575784,0
per_huruf_hybrid_skeleton_forced_loop_no_sig,11,258,0.14381270903010032,363.8461538461538,84.95493855257169,363.8461538461538,84.95493855257169,0
per_huruf_hybrid_skeleton_forced_loop_no_sig,11,259,0.1443701226309922,363.9230769230769,84.9699590350478,363.9230769230769,84.9699590350478,0
per_huruf_hybrid_skeleton_forced_loop_no_sig,11,260,0.14492753623188406,364.0,85.0,364.0,85.0,0
per_huruf_hybrid_skeleton_forced_loop_no_sig,11,261,0.1454849498327759,364.0769230769231,85.04688211197089,364.0769230769231,85.04688211197089,0
per_huruf_hybrid_skeleton_forced_loop_no_sig,11,262,0.14604236343366778,364.15384615384613,85.10878470641785,364.15384615384613,85.10878470641785,0
per_huruf_hybrid_skeleton_forced_loop_no_sig,11,263,0.14659977703455965,364.23076923076917,85.18297678652708,364.23076923076917,85.18297678652708,0
per_huruf_hybrid_skeleton_forced_loop_no_sig,11,264,0.1471571906354515,364.30769230769226,85.26672735548475,364.30769230769226,85.26672735548475,0
per_huruf_hybrid_skeleton_forced_loop_no_sig,11,265,0.14771460423634336,364.3846153846155,85.35730541647702,364.3846153846155,85.35730541647702,0
per_huruf_hybrid_skeleton_forced_loop_no_sig,11,266,0.14827201783723523,364.46153846153845,85.45197997269003,364.46153846153845,85.45197997269003,0
per_huruf_hybrid_skeleton_forced_loop_no_sig,11,267,0.14882943143812707,364.5384615384616,85.54802002730997,364.5384615384616,85.54802002730997,0
per_huruf_hybrid_skeleton_forced_loop_no_sig,11,268,0.14938684503901895,364.61538461538464,85.64269458352298,364.61538461538464,85.64269458352298,0
per_huruf_hybrid_skeleton_forced_loop_no_sig,11,269,0.14994425863991082,364.6923076923077,85.73327264451524,364.6923076923077,85.73327264451524,0
per_huruf_hybrid_skeleton_forced_loop_no_sig,11,270,0.1505016722408027,364.7692307692307,85.81702321347291,364.7692307692307,85.81702321347291,0
per_huruf_hybrid_skeleton_forced_loop_no_sig,11,271,0.15105908584169453,364.8461538461538,85.89121529358216,364.8461538461538,85.89121529358216,0
per_huruf_hybrid_skeleton_forced_loop_no_sig,11,272,0.1516164994425864,364.9230769230769,85.95311788802911,364.9230769230769,85.95311788802911,0
per_huruf_hybrid_skeleton_forced_loop_no_sig,11,273,0.15217391304347827,365.0,86.0,365.0,86.0,0
per_huruf_hybrid_skeleton_forced_loop_no_sig,11,274,0.1527313266443701,365.0769230769231,86.0300409649522,365.0769230769231,86.0300409649522,0
per_huruf_hybrid_skeleton_forced_loop_no_sig,11,275,0.15328874024526198,365.1538461538462,86.04506144742832,365.1538461538462,86.04506144742832,0
per_huruf_hybrid_skeleton_forced_loop_no_sig,11,276,0.15384615384615385,365.2307692307691,86.04779244424215,365.2307692307691,86.04779244424215,0
per_huruf_hybrid_skeleton_forced_loop_no_sig,11,277,0.1544035674470457,365.30769230769226,86.04096495220755,365.30769230769226,86.04096495220755,0
per_huruf_hybrid_skeleton_forced_loop_no_sig,11,278,0.15496098104793757,365.3846153846155,86.02730996813838,365.3846153846155,86.02730996813838,0
per_huruf_hybrid_skeleton_forced_loop_no_sig,11,279,0.15551839464882944,365.4615384615385,86.00955848884843,365.4615384615385,86.00955848884843,0
per_huruf_hybrid_skeleton_forced_loop_no_sig,11,280,0.15607580824972128,365.53846153846155,85.99044151115157,365.53846153846155,85.99044151115157,0
per_huruf_hybrid_skeleton_forced_loop_no_sig,11,281,0.15663322185061315,365.61538461538464,85.97269003186163,365.61538461538464,85.97269003186163,0
per_huruf_hybrid_skeleton_forced_loop_no_sig,11,282,0.15719063545150502,365.6923076923077,85.95903504779244,365.6923076923077,85.95903504779244,0
per_huruf_hybrid_skeleton_forced_loop_no_sig,11,283,0.15774804905239687,365.7692307692307,85.95220755575784,365.7692307692307,85.95220755575784,0
per_huruf_hybrid_skeleton_forced_loop_no_sig,11,284,0.15830546265328874,365.84615384615387,85.95493855257169,365.84615384615387,85.95493855257169,0
per_huruf_hybrid_skeleton_forced_loop_no_sig,11,285,0.1588628762541806,365.9230769230769,85.96995903504778,365.9230769230769,85.96995903504778,0
per_huruf_hybrid_skeleton_forced_loop_no_sig,11,286,0.15942028985507245,366.0,86.0,366.0,86.0,0
per_huruf_hybrid_skeleton_forced_loop_no_sig,11,287,0.15997770345596432,366.07692307692315,86.04688211197087,366.07692307692315,86.04688211197087,0
per_huruf_hybrid_skeleton_forced_loop_no_sig,11,288,0.1605351170568562,366.15384615384613,86.10878470641785,366.15384615384613,86.10878470641785,0
per_huruf_hybrid_skeleton_forced_loop_no_sig,11,289,0.16109253065774803,366.23076923076917,86.18297678652708,366.23076923076917,86.18297678652708,0
per_huruf_hybrid_skeleton_forced_loop_no_sig,11,290,0.1616499442586399,366.3076923076922,86.26672735548475,366.3076923076922,86.26672735548475,0
per_huruf_hybrid_skeleton_forced_loop_no_sig,11,291,0.16220735785953178,366.3846153846154,86.35730541647702,366.3846153846154,86.35730541647702,0
per_huruf_hybrid_skeleton_forced_loop_no_sig,11,292,0.16276477146042362,366.4615384615385,86.45197997269003,366.4615384615385,86.45197997269003,0
per_huruf_hybrid_skeleton_forced_loop_no_sig,11,293,0.1633221850613155,366.53846153846155,86.54802002730997,366.53846153846155,86.54802002730997,0
per_huruf_hybrid_skeleton_forced_loop_no_sig,11,294,0.16387959866220736,366.6153846153846,86.64269458352298,366.6153846153846,86.64269458352298,0
per_huruf_hybrid_skeleton_forced_loop_no_sig,11,295,0.16443701226309923,366.6923076923077,86.73327264451524,366.6923076923077,86.73327264451524,0
per_huruf_hybrid_skeleton_forced_loop_no_sig,11,296,0.16499442586399107,366.7692307692307,86.81702321347291,366.7692307692307,86.81702321347291,0
per_huruf_hybrid_skeleton_forced_loop_no_sig,11,297,0.16555183946488294,366.8461538461538,86.89121529358215,366.8461538461538,86.89121529358215,0
per_huruf_hybrid_skeleton_forced_loop_no_sig,11,298,0.16610925306577481,366.9230769230769,86.95311788802913,366.9230769230769,86.95311788802913,0
per_huruf_hybrid_skeleton_forced_loop_no_sig,11,299,0.16666666666666666,367.0,87.0,367.0,87.0,0
per_huruf_hybrid_skeleton_forced_loop_no_sig,11,300,0.16722408026755853,367.0769230769231,87.03277196176606,367.0769230769231,87.03277196176606,0
per_huruf_hybrid_skeleton_forced_loop_no_sig,11,301,0.1677814938684504,367.15384615384613,87.05507510241239,367.15384615384613,87.05507510241239,0
per_huruf_hybrid_skeleton_forced_loop_no_sig,11,302,0.16833890746934224,367.2307692307692,87.06827492034591,367.2307692307692,87.06827492034591,0
per_huruf_hybrid_skeleton_forced_loop_no_sig,11,303,0.1688963210702341,367.30769230769226,87.07373691397359,367.30769230769226,87.07373691397359,0
per_huruf_hybrid_skeleton_forced_loop_no_sig,11,304,0.16945373467112598,367.3846153846155,87.07282658170233,367.3846153846155,87.07282658170233,0
per_huruf_hybrid_skeleton_forced_loop_no_sig,11,305,0.17001114827201783,367.46153846153845,87.06690942193902,367.46153846153845,87.06690942193902,0
per_huruf_hybrid_skeleton_forced_loop_no_sig,11,306,0.1705685618729097,367.53846153846155,87.05735093309059,367.53846153846155,87.05735093309059,0
per_huruf_hybrid_skeleton_forced_loop_no_sig,11,307,0.17112597547380157,367.61538461538464,87.04551661356396,367.61538461538464,87.04551661356396,0
per_huruf_hybrid_skeleton_forced_loop_no_sig,11,308,0.1716833890746934,367.6923076923077,87.03277196176603,367.6923076923077,87.03277196176603,0
per_huruf_hybrid_skeleton_forced_loop_no_sig,11,309,0.17224080267558528,367.7692307692307,87.02048247610377,367.7692307692307,87.02048247610377,0
per_huruf_hybrid_skeleton_forced_loop_no_sig,11,310,0.17279821627647715,367.84615384615387,87.01001365498408,367.84615384615387,87.01001365498408,0
per_huruf_hybrid_skeleton_forced_loop_no_sig,11,311,0.173355629877369,367.9230769230769,87.00273099681384,367.9230769230769,87.00273099681384,0
per_huruf_hybrid_skeleton_forced_loop_no_sig,11,312,0.17391304347826086,368.0,87.0,368.0,87.0,0
per_huruf_hybrid_skeleton_forced_loop_no_sig,11,313,0.17447045707915274,368.0769230769231,87.00000000000001,368.0769230769231,87.00000000000001,0
per_huruf_hybrid_skeleton_forced_loop_no_sig,11,314,0.17502787068004458,368.1538461538462,87.0,368.1538461538462,87.0,0
per_huruf_hybrid_skeleton_forced_loop_no_sig,11,315,0.17558528428093645,368.23076923076917,86.99999999999999,368.23076923076917,86.99999999999999,0
per_huruf_hybrid_skeleton_forced_loop_no_sig,11,316,0.17614269788182832,368.3076923076922,87.0,368.3076923076922,87.0,0
per_huruf_hybrid_skeleton_forced_loop_no_sig,11,317,0.17670011148272016,368.3846153846154,87.00000000000001,368.3846153846154,87.00000000000001,0
per_huruf_hybrid_skeleton_forced_loop_no_sig,11,318,0.17725752508361203,368.46153846153845,87.0,368.46153846153845,87.0,0
per_huruf_hybrid_skeleton_forced_loop_no_sig,11,319,0.1778149386845039,368.53846153846155,87.0,368.53846153846155,87.0,0
per_huruf_hybrid_skeleton_forced_loop_no_sig,11,320,0.17837235228539577,368.61538461538464,87.0,368.61538461538464,87.0,0
per_huruf_hybrid_skeleton_forced_loop_no_sig,11,321,0.17892976588628762,368.69230769230774,87.0,368.69230769230774,87.0,0
per_huruf_hybrid_skeleton_forced_loop_no_sig,11,322,0.1794871794871795,368.7692307692307,86.99999999999999,368.7692307692307,86.99999999999999,0
per_huruf_hybrid_skeleton_forced_loop_no_sig,11,323,0.18004459308807136,368.84615384615387,87.0,368.84615384615387,87.0,0
per_huruf_hybrid_skeleton_forced_loop_no_sig,11,324,0.1806020066889632,368.9230769230769,87.0,368.9230769230769,87.0,0
per_huruf_hybrid_skeleton_forced_loop_no_sig,11,325,0.18115942028985507,369.0,87.0,369.0,87.0,0
per_huruf_hybrid_skeleton_forced_loop_no_sig,11,326,0.18171683389074694,369.07692307692315,87.00000000000001,369.07692307692315,87.00000000000001,0
per_huruf_hybrid_skeleton_forced_loop_no_sig,11,327,0.18227424749163879,369.1538461538462,87.0,369.1538461538462,87.0,0
per_huruf_hybrid_skeleton_forced_loop_no_sig,11,328,0.18283166109253066,369.2307692307691,86.99999999999999,369.2307692307691,86.99999999999999,0
per_huruf_hybrid_skeleton_forced_loop_no_sig,11,329,0.18338907469342253,369.3076923076923,87.0,369.3076923076923,87.0,0
per_huruf_hybrid_skeleton_forced_loop_no_sig,11,330,0.18394648829431437,369.3846153846155,87.00000000000001,369.3846153846155,87.00000000000001,0
per_huruf_hybrid_skeleton_forced_loop_no_sig,11,331,0.18450390189520624,369.4615384615385,87.0,369.4615384615385,87.0,0
per_huruf_hybrid_skeleton_forced_loop_no_sig,11,332,0.1850613154960981,369.53846153846155,87.0,369.53846153846155,87.0,0
per_huruf_hybrid_skeleton_forced_loop_no_sig,11,333,0.18561872909698995,369.61538461538464,87.0,369.61538461538464,87.0,0
per_huruf_hybrid_skeleton_forced_loop_no_sig,11,334,0.18617614269788182,369.69230769230774,87.0,369.69230769230774,87.0,0
per_huruf_hybrid_skeleton_forced_loop_no_sig,11,335,0.1867335562987737,369.7692307692307,86.99999999999999,369.7692307692307,86.99999999999999,0
per_huruf_hybrid_skeleton_forced_loop_no_sig,11,336,0.18729096989966554,369.8461538461538,87.0,369.8461538461538,87.0,0
per_huruf_hybrid_skeleton_forced_loop_no_sig,11,337,0.1878483835005574,369.9230769230769,87.0,369.9230769230769,87.0,0
per_huruf_hybrid_skeleton_forced_loop_no_sig,11,338,0.18840579710144928,370.0,87.0,370.0,87.0,0
per_huruf_hybrid_skeleton_forced_loop_no_sig,11,339,0.18896321070234112,370.07692307692315,87.00000000000001,370.07692307692315,87.00000000000001,0
per_huruf_hybrid_skeleton_forced_loop_no_sig,11,340,0.189520624303233,370.15384615384613,87.0,370.15384615384613,87.0,0
per_huruf_hybrid_skeleton_forced_loop_no_sig,11,341,0.19007803790412486,370.23076923076917,86.99999999999999,370.23076923076917,86.99999999999999,0
per_huruf_hybrid_skeleton_forced_loop_no_sig,11,342,0.1906354515050167,370.30769230769226,87.0,370.30769230769226,87.0,0
per_huruf_hybrid_skeleton_forced_loop_no_sig,11,343,0.19119286510590858,370.3846153846154,87.00000000000001,370.3846153846154,87.00000000000001,0
per_huruf_hybrid_skeleton_forced_loop_no_sig,11,344,0.19175027870680045,370.46153846153845,87.0,370.46153846153845,87.0,0
per_huruf_hybrid_skeleton_forced_loop_no_sig,11,345,0.1923076923076923,370.53846153846155,87.0,370.53846153846155,87.0,0
per_huruf_hybrid_skeleton_forced_loop_no_sig,11,346,0.19286510590858416,370.61538461538464,87.0,370.61538461538464,87.0,0
per_huruf_hybrid_skeleton_forced_loop_no_sig,11,347,0.19342251950947603,370.69230769230774,87.0,370.69230769230774,87.0,0
per_huruf_hybrid_skeleton_forced_loop_no_sig,11,348,0.1939799331103679,370.7692307692307,86.99999999999999,370.7692307692307,86.99999999999999,0
per_huruf_hybrid_skeleton_forced_loop_no_sig,11,349,0.19453734671125975,370.8461538461538,87.0,370.8461538461538,87.0,0
per_huruf_hybrid_skeleton_forced_loop_no_sig,11,350,0.19509476031215162,370.9230769230769,87.0,370.9230769230769,87.0,0
per_huruf_hybrid_skeleton_forced_loop_no_sig,11,351,0.1956521739130435,371.0,87.0,371.0,87.0,0
per_huruf_hybrid_skeleton_forced_loop_no_sig,11,352,0.19620958751393533,371.0769230769231,87.00000000000001,371.0769230769231,87.00000000000001,0
per_huruf_hybrid_skeleton_forced_loop_no_sig,11,353,0.1967670011148272,371.15384615384613,87.0,371.15384615384613,87.0,0
per_huruf_hybrid_skeleton_forced_loop_no_sig,11,354,0.19732441471571907,371.2307692307692,86.99999999999999,371.2307692307692,86.99999999999999,0
per_huruf_hybrid_skeleton_forced_loop_no_sig,11,355,0.1978818283166109,371.30769230769226,87.0,371.30769230769226,87.0,0
per_huruf_hybrid_skeleton_forced_loop_no_sig,11,356,0.19843924191750278,371.3846153846154,87.00000000000001,371.3846153846154,87.00000000000001,0
per_huruf_hybrid_skeleton_forced_loop_no_sig,11,357,0.19899665551839466,371.4615384615385,87.0,371.4615384615385,87.0,0
per_huruf_hybrid_skeleton_forced_loop_no_sig,11,358,0.1995540691192865,371.53846153846155,87.0,371.53846153846155,87.0,0
per_huruf_hybrid_skeleton_forced_loop_no_sig,11,359,0.20011148272017837,371.61538461538464,87.0,371.61538461538464,87.0,0
per_huruf_hybrid_skeleton_forced_loop_no_sig,11,360,0.20066889632107024,371.69230769230774,87.0,371.69230769230774,87.0,0
per_huruf_hybrid_skeleton_forced_loop_no_sig,11,361,0.20122630992196208,371.7692307692307,86.99999999999999,371.7692307692307,86.99999999999999,0
per_huruf_hybrid_skeleton_forced_loop_no_sig,11,362,0.20178372352285395,371.84615384615387,87.0,371.84615384615387,87.0,0
per_huruf_hybrid_skeleton_forced_loop_no_sig,11,363,0.20234113712374582,371.9230769230769,87.0,371.9230769230769,87.0,0
per_huruf_hybrid_skeleton_forced_loop_no_sig,11,364,0.20289855072463767,372.0,87.0,372.0,87.0,0
per_huruf_hybrid_skeleton_forced_loop_no_sig,11,365,0.20345596432552954,372.0769230769231,87.00000000000001,372.0769230769231,87.00000000000001,0
per_huruf_hybrid_skeleton_forced_loop_no_sig,11,366,0.2040133779264214,372.15384615384613,87.0,372.15384615384613,87.0,0
per_huruf_hybrid_skeleton_forced_loop_no_sig,11,367,0.20457079152731325,372.23076923076917,86.99999999999999,372.23076923076917,86.99999999999999,0
per_huruf_hybrid_skeleton_forced_loop_no_sig,11,368,0.20512820512820512,372.30769230769226,87.0,372.30769230769226,87.0,0
per_huruf_hybrid_skeleton_forced_loop_no_sig,11,369,0.205685618729097,372.3846153846154,87.00000000000001,372.3846153846154,87.00000000000001,0
per_huruf_hybrid_skeleton_forced_loop_no_sig,11,370,0.20624303232998883,372.4615384615385,87.0,372.4615384615385,87.0,0
per_huruf_hybrid_skeleton_forced_loop_no_sig,11,371,0.2068004459308807,372.5384615384615,87.0,372.5384615384615,87.0,0
per_huruf_hybrid_skeleton_forced_loop_no_sig,11,372,0.20735785953177258,372.61538461538464,87.0,372.61538461538464,87.0,0
per_huruf_hybrid_skeleton_forced_loop_no_sig,11,373,0.20791527313266445,372.6923076923077,87.0,372.6923076923077,87.0,0
per_huruf_hybrid_skeleton_forced_loop_no_sig,11,374,0.2084726867335563,372.7692307692307,86.99999999999999,372.7692307692307,86.99999999999999,0
per_huruf_hybrid_skeleton_forced_loop_no_sig,11,375,0.20903010033444816,372.8461538461538,87.0,372.8461538461538,87.0,0
per_huruf_hybrid_skeleton_forced_loop_no_sig,11,376,0.20958751393534003,372.9230769230769,87.0,372.9230769230769,87.0,0
per_huruf_hybrid_skeleton_forced_loop_no_sig,11,377,0.21014492753623187,373.0,87.0,373.0,87.0,0
per_huruf_hybrid_skeleton_forced_loop_no_sig,11,378,0.21070234113712374,373.07692307692315,87.00000000000001,373.07692307692315,87.00000000000001,0
per_huruf_hybrid_skeleton_forced_loop_no_sig,11,379,0.21125975473801561,373.15384615384613,87.0,373.15384615384613,87.0,0
per_huruf_hybrid_skeleton_forced_loop_no_sig,11,380,0.21181716833890746,373.2307692307691,86.99999999999999,373.2307692307691,86.99999999999999,0
per_huruf_hybrid_skeleton_forced_loop_no_sig,11,381,0.21237458193979933,373.30769230769226,87.0,373.30769230769226,87.0,0
per_huruf_hybrid_skeleton_forced_loop_no_sig,11,382,0.2129319955406912,373.3846153846155,87.00000000000001,373.3846153846155,87.00000000000001,0
per_huruf_hybrid_skeleton_forced_loop_no_sig,11,383,0.21348940914158304,373.4615384615385,87.0,373.4615384615385,87.0,0
per_huruf_hybrid_skeleton_forced_loop_no_sig,11,384,0.2140468227424749,373.53846153846155,87.0,373.53846153846155,87.0,0
per_huruf_hybrid_skeleton_forced_loop_no_sig,11,385,0.21460423634336678,373.61538461538464,87.0,373.61538461538464,87.0,0
per_huruf_hybrid_skeleton_forced_loop_no_sig,11,386,0.21516164994425863,373.6923076923077,87.0,373.6923076923077,87.0,0
per_huruf_hybrid_skeleton_forced_loop_no_sig,11,387,0.2157190635451505,373.7692307692307,86.99999999999999,373.7692307692307,86.99999999999999,0
per_huruf_hybrid_skeleton_forced_loop_no_sig,11,388,0.21627647714604237,373.84615384615387,87.0,373.84615384615387,87.0,0
per_huruf_hybrid_skeleton_forced_loop_no_sig,11,389,0.2168338907469342,373.92307692307696,87.0,373.92307692307696,87.0,0
per_huruf_hybrid_skeleton_forced_loop_no_sig,11,390,0.21739130434782608,374.0,87.0,374.0,87.0,0
per_huruf_hybrid_skeleton_forced_loop_no_sig,11,391,0.21794871794871795,374.07692307692315,87.00273099681385,374.07692307692315,87.00273099681385,0
per_huruf_hybrid_skeleton_forced_loop_no_sig,11,392,0.2185061315496098,374.15384615384613,87.01001365498408,374.15384615384613,87.01001365498408,0
per_huruf_hybrid_skeleton_forced_loop_no_sig,11,393,0.21906354515050167,374.23076923076917,87.02048247610377,374.23076923076917,87.02048247610377,0
per_huruf_hybrid_skeleton_forced_loop_no_sig,11,394,0.21962095875139354,374.30769230769226,87.03277196176604,374.30769230769226,87.03277196176604,0
per_huruf_hybrid_skeleton_forced_loop_no_sig,11,395,0.22017837235228538,374.3846153846155,87.04551661356396,374.3846153846155,87.04551661356396,0
per_huruf_hybrid_skeleton_forced_loop_no_sig,11,396,0.22073578595317725,374.46153846153845,87.05735093309059,374.46153846153845,87.05735093309059,0
per_huruf_hybrid_skeleton_forced_loop_no_sig,11,397,0.22129319955406912,374.5384615384615,87.06690942193902,374.5384615384615,87.06690942193902,0
per_huruf_hybrid_skeleton_forced_loop_no_sig,11,398,0.221850613154961,374.61538461538464,87.07282658170232,374.61538461538464,87.07282658170232,0
per_huruf_hybrid_skeleton_forced_loop_no_sig,11,399,0.22240802675585283,374.6923076923077,87.07373691397359,374.6923076923077,87.07373691397359,0
per_huruf_hybrid_skeleton_forced_loop_no_sig,11,400,0.2229654403567447,374.7692307692307,87.06827492034591,374.7692307692307,87.06827492034591,0
per_huruf_hybrid_skeleton_forced_loop_no_sig,11,401,0.22352285395763657,374.84615384615387,87.05507510241239,374.84615384615387,87.05507510241239,0
per_huruf_hybrid_skeleton_forced_loop_no_sig,11,402,0.22408026755852842,374.9230769230769,87.03277196176604,374.9230769230769,87.03277196176604,0
per_huruf_hybrid_skeleton_forced_loop_no_sig,11,403,0.2246376811594203,375.0,87.0,375.0,87.0,0
per_huruf_hybrid_skeleton_forced_loop_no_sig,11,404,0.22519509476031216,375.0769230769231,86.95311788802914,375.0769230769231,86.95311788802914,0
per_huruf_hybrid_skeleton_forced_loop_no_sig,11,405,0.225752508361204,375.1538461538462,86.89121529358216,375.1538461538462,86.89121529358216,0
per_huruf_hybrid_skeleton_forced_loop_no_sig,11,406,0.22630992196209587,375.23076923076917,86.81702321347291,375.23076923076917,86.81702321347291,0
per_huruf_hybrid_skeleton_forced_loop_no_sig,11,407,0.22686733556298774,375.3076923076922,86.73327264451522,375.3076923076922,86.73327264451522,0
per_huruf_hybrid_skeleton_forced_loop_no_sig,11,408,0.22742474916387959,375.3846153846155,86.642694583523,375.3846153846155,86.642694583523,0
per_huruf_hybrid_skeleton_forced_loop_no_sig,11,409,0.22798216276477146,375.4615384615385,86.54802002730997,375.4615384615385,86.54802002730997,0
per_huruf_hybrid_skeleton_forced_loop_no_sig,11,410,0.22853957636566333,375.53846153846155,86.45197997269003,375.53846153846155,86.45197997269003,0
per_huruf_hybrid_skeleton_forced_loop_no_sig,11,411,0.22909698996655517,375.61538461538464,86.35730541647702,375.61538461538464,86.35730541647702,0
per_huruf_hybrid_skeleton_forced_loop_no_sig,11,412,0.22965440356744704,375.6923076923077,86.26672735548476,375.6923076923077,86.26672735548476,0
per_huruf_hybrid_skeleton_forced_loop_no_sig,11,413,0.2302118171683389,375.7692307692307,86.18297678652706,375.7692307692307,86.18297678652706,0
per_huruf_hybrid_skeleton_forced_loop_no_sig,11,414,0.23076923076923075,375.84615384615387,86.10878470641785,375.84615384615387,86.10878470641785,0
per_huruf_hybrid_skeleton_forced_loop_no_sig,11,415,0.23132664437012262,375.9230769230769,86.04688211197086,375.9230769230769,86.04688211197086,0
per_huruf_hybrid_skeleton_forced_loop_no_sig,11,416,0.2318840579710145,376.0,86.0,376.0,86.0,0
per_huruf_hybrid_skeleton_forced_loop_no_sig,11,417,0.23244147157190634,376.07692307692315,85.96722803823396,376.07692307692315,85.96722803823396,0
per_huruf_hybrid_skeleton_forced_loop_no_sig,11,418,0.2329988851727982,376.15384615384613,85.94492489758763,376.15384615384613,85.94492489758763,0
per_huruf_hybrid_skeleton_forced_loop_no_sig,11,419,0.23355629877369008,376.23076923076917,85.93172507965407,376.23076923076917,85.93172507965407,0
per_huruf_hybrid_skeleton_forced_loop_no_sig,11,420,0.23411371237458192,376.30769230769226,85.92626308602638,376.30769230769226,85.92626308602638,0
per_huruf_hybrid_skeleton_forced_loop_no_sig,11,421,0.2346711259754738,376.3846153846154,85.92717341829768,376.3846153846154,85.92717341829768,0
per_huruf_hybrid_skeleton_forced_loop_no_sig,11,422,0.23522853957636566,376.46153846153845,85.93309057806098,376.46153846153845,85.93309057806098,0
per_huruf_hybrid_skeleton_forced_loop_no_sig,11,423,0.23578595317725753,376.5384615384616,85.94264906690941,376.5384615384616,85.94264906690941,0
per_huruf_hybrid_skeleton_forced_loop_no_sig,11,424,0.23634336677814938,376.61538461538464,85.95448338643605,376.61538461538464,85.95448338643605,0
per_huruf_hybrid_skeleton_forced_loop_no_sig,11,425,0.23690078037904125,376.6923076923077,85.96722803823394,376.6923076923077,85.96722803823394,0
per_huruf_hybrid_skeleton_forced_loop_no_sig,11,426,0.23745819397993312,376.7692307692307,85.97951752389622,376.7692307692307,85.97951752389622,0
per_huruf_hybrid_skeleton_forced_loop_no_sig,11,427,0.23801560758082496,376.8461538461538,85.98998634501594,376.8461538461538,85.98998634501594,0
per_huruf_hybrid_skeleton_forced_loop_no_sig,11,428,0.23857302118171683,376.9230769230769,85.99726900318616,376.9230769230769,85.99726900318616,0
per_huruf_hybrid_skeleton_forced_loop_no_sig,11,429,0.2391304347826087,377.0,86.0,377.0,86.0,0
per_huruf_hybrid_skeleton_forced_loop_no_sig,11,430,0.23968784838350055,377.0769230769231,86.0,377.0769230769231,86.0,0
per_huruf_hybrid_skeleton_forced_loop_no_sig,11,431,0.24024526198439242,377.15384615384613,86.0,377.15384615384613,86.0,0
per_huruf_hybrid_skeleton_forced_loop_no_sig,11,432,0.2408026755852843,377.2307692307692,85.99999999999999,377.2307692307692,85.99999999999999,0
per_huruf_hybrid_skeleton_forced_loop_no_sig,11,433,0.24136008918617613,377.30769230769226,86.0,377.30769230769226,86.0,0
per_huruf_hybrid_skeleton_forced_loop_no_sig,11,434,0.241917502787068,377.3846153846155,86.0,377.3846153846155,86.0,0
per_huruf_hybrid_skeleton_forced_loop_no_sig,11,435,0.24247491638795987,377.46153846153845,86.0,377.46153846153845,86.0,0
per_huruf_hybrid_skeleton_forced_loop_no_sig,11,436,0.24303232998885171,377.53846153846155,86.0,377.53846153846155,86.0,0
per_huruf_hybrid_skeleton_forced_loop_no_sig,11,437,0.24358974358974358,377.61538461538464,86.0,377.61538461538464,86.0,0
per_huruf_hybrid_skeleton_forced_loop_no_sig,11,438,0.24414715719063546,377.6923076923077,86.0,377.6923076923077,86.0,0
per_huruf_hybrid_skeleton_forced_loop_no_sig,11,439,0.2447045707915273,377.7692307692307,86.0,377.7692307692307,86.0,0
per_huruf_hybrid_skeleton_forced_loop_no_sig,11,440,0.24526198439241917,377.84615384615387,86.0,377.84615384615387,86.0,0
per_huruf_hybrid_skeleton_forced_loop_no_sig,11,441,0.24581939799331104,377.9230769230769,86.0,377.9230769230769,86.0,0
per_huruf_hybrid_skeleton_forced_loop_no_sig,11,442,0.24637681159420288,378.0,86.0,378.0,86.0,0
per_huruf_hybrid_skeleton_forced_loop_no_sig,11,443,0.24693422519509475,378.0769230769231,86.0,378.0769230769231,86.0,0
per_huruf_hybrid_skeleton_forced_loop_no_sig,11,444,0.24749163879598662,378.15384615384613,86.0,378.15384615384613,86.0,0
per_huruf_hybrid_skeleton_forced_loop_no_sig,11,445,0.24804905239687847,378.2307692307691,85.99999999999999,378.2307692307691,85.99999999999999,0
per_huruf_hybrid_skeleton_forced_loop_no_sig,11,446,0.24860646599777034,378.3076923076923,86.0,378.3076923076923,86.0,0
per_huruf_hybrid_skeleton_forced_loop_no_sig,11,447,0.2491638795986622,378.3846153846154,86.0,378.3846153846154,86.0,0
per_huruf_hybrid_skeleton_forced_loop_no_sig,11,448,0.24972129319955405,378.4615384615385,86.0,378.4615384615385,86.0,0
per_huruf_hybrid_skeleton_forced_loop_no_sig,11,449,0.25027870680044595,378.53846153846155,86.0,378.53846153846155,86.0,0
per_huruf_hybrid_skeleton_forced_loop_no_sig,11,450,0.2508361204013378,378.6153846153846,86.0,378.6153846153846,86.0,0
per_huruf_hybrid_skeleton_forced_loop_no_sig,11,451,0.25139353400222963,378.6923076923077,86.0,378.6923076923077,86.0,0
per_huruf_hybrid_skeleton_forced_loop_no_sig,11,452,0.25195094760312153,378.7692307692307,86.0,378.7692307692307,86.0,0
per_huruf_hybrid_skeleton_forced_loop_no_sig,11,453,0.2525083612040134,378.84615384615387,86.0,378.84615384615387,86.0,0
per_huruf_hybrid_skeleton_forced_loop_no_sig,11,454,0.2530657748049052,378.9230769230769,86.0,378.9230769230769,86.0,0
per_huruf_hybrid_skeleton_forced_loop_no_sig,11,455,0.2536231884057971,379.0,86.0,379.0,86.0,0
per_huruf_hybrid_skeleton_forced_loop_no_sig,11,456,0.25418060200668896,379.0769230769231,86.0,379.0769230769231,86.0,0
per_huruf_hybrid_skeleton_forced_loop_no_sig,11,457,0.2547380156075808,379.1538461538462,86.0,379.1538461538462,86.0,0
per_huruf_hybrid_skeleton_forced_loop_no_sig,11,458,0.2552954292084727,379.23076923076917,85.99999999999999,379.23076923076917,85.99999999999999,0
per_huruf_hybrid_skeleton_forced_loop_no_sig,11,459,0.25585284280936454,379.30769230769226,86.0,379.30769230769226,86.0,0
per_huruf_hybrid_skeleton_forced_loop_no_sig,11,460,0.2564102564102564,379.3846153846154,86.0,379.3846153846154,86.0,0
per_huruf_hybrid_skeleton_forced_loop_no_sig,11,461,0.2569676700111483,379.4615384615385,86.0,379.4615384615385,86.0,0
per_huruf_hybrid_skeleton_forced_loop_no_sig,11,462,0.25752508361204013,379.53846153846155,86.0,379.53846153846155,86.0,0
per_huruf_hybrid_skeleton_forced_loop_no_sig,11,463,0.25808249721293197,379.61538461538464,86.0,379.61538461538464,86.0,0
per_huruf_hybrid_skeleton_forced_loop_no_sig,11,464,0.25863991081382387,379.6923076923077,86.0,379.6923076923077,86.0,0
per_huruf_hybrid_skeleton_forced_loop_no_sig,11,465,0.2591973244147157,379.7692307692307,86.0,379.7692307692307,86.0,0
per_huruf_hybrid_skeleton_forced_loop_no_sig,11,466,0.25975473801560756,379.84615384615387,86.0,379.84615384615387,86.0,0
per_huruf_hybrid_skeleton_forced_loop_no_sig,11,467,0.26031215161649945,379.9230769230769,86.0,379.9230769230769,86.0,0
per_huruf_hybrid_skeleton_forced_loop_no_sig,11,468,0.2608695652173913,380.0,86.0,380.0,86.0,0
per_huruf_hybrid_skeleton_forced_loop_no_sig,11,469,0.26142697881828314,380.07692307692315,86.00273099681384,380.07692307692315,86.00273099681384,0
per_huruf_hybrid_skeleton_forced_loop_no_sig,11,470,0.26198439241917504,380.1538461538462,86.01001365498406,380.1538461538462,86.01001365498406,0
per_huruf_hybrid_skeleton_forced_loop_no_sig,11,471,0.2625418060200669,380.23076923076917,86.02048247610375,380.23076923076917,86.02048247610375,0
per_huruf_hybrid_skeleton_forced_loop_no_sig,11,472,0.2630992196209587,380.3076923076923,86.03277196176604,380.3076923076923,86.03277196176604,0
per_huruf_hybrid_skeleton_forced_loop_no_sig,11,473,0.2636566332218506,380.3846153846154,86.04551661356396,380.3846153846154,86.04551661356396,0
per_huruf_hybrid_skeleton_forced_loop_no_sig,11,474,0.26421404682274247,380.4615384615385,86.05735093309059,380.4615384615385,86.05735093309059,0
per_huruf_hybrid_skeleton_forced_loop_no_sig,11,475,0.2647714604236343,380.53846153846155,86.06690942193902,380.53846153846155,86.06690942193902,0
per_huruf_hybrid_skeleton_forced_loop_no_sig,11,476,0.2653288740245262,380.61538461538464,86.07282658170232,380.61538461538464,86.07282658170232,0
per_huruf_hybrid_skeleton_forced_loop_no_sig,11,477,0.26588628762541805,380.6923076923077,86.07373691397359,380.6923076923077,86.07373691397359,0
per_huruf_hybrid_skeleton_forced_loop_no_sig,11,478,0.2664437012263099,380.7692307692307,86.06827492034591,380.7692307692307,86.06827492034591,0
per_huruf_hybrid_skeleton_forced_loop_no_sig,11,479,0.2670011148272018,380.84615384615387,86.05507510241239,380.84615384615387,86.05507510241239,0
per_huruf_hybrid_skeleton_forced_loop_no_sig,11,480,0.26755852842809363,380.9230769230769,86.03277196176603,380.9230769230769,86.03277196176603,0
per_huruf_hybrid_skeleton_forced_loop_no_sig,11,481,0.2681159420289855,381.0,86.0,381.0,86.0,0
per_huruf_hybrid_skeleton_forced_loop_no_sig,11,482,0.2686733556298774,381.07692307692315,85.95311788802914,381.07692307692315,85.95311788802914,0
per_huruf_hybrid_skeleton_forced_loop_no_sig,11,483,0.2692307692307692,381.1538461538462,85.89121529358216,381.1538461538462,85.89121529358216,0
per_huruf_hybrid_skeleton_forced_loop_no_sig,11,484,0.26978818283166106,381.2307692307692,85.81702321347291,381.2307692307692,85.81702321347291,0
per_huruf_hybrid_skeleton_forced_loop_no_sig,11,485,0.27034559643255296,381.30769230769226,85.73327264451524,381.30769230769226,85.73327264451524,0
per_huruf_hybrid_skeleton_forced_loop_no_sig,11,486,0.2709030100334448,381.3846153846155,85.642694583523,381.3846153846155,85.642694583523,0
per_huruf_hybrid_skeleton_forced_loop_no_sig,11,487,0.2714604236343367,381.46153846153845,85.54802002730997,381.46153846153845,85.54802002730997,0
per_huruf_hybrid_skeleton_forced_loop_no_sig,11,488,0.27201783723522854,381.53846153846155,85.45197997269004,381.53846153846155,85.45197997269004,0
per_huruf_hybrid_skeleton_forced_loop_no_sig,11,489,0.2725752508361204,381.61538461538464,85.35730541647702,381.61538461538464,85.35730541647702,0
per_huruf_hybrid_skeleton_forced_loop_no_sig,11,490,0.2731326644370123,381.6923076923077,85.26672735548475,381.6923076923077,85.26672735548475,0
per_huruf_hybrid_skeleton_forced_loop_no_sig,11,491,0.2736900780379041,381.7692307692308,85.18297678652708,381.7692307692308,85.18297678652708,0
per_huruf_hybrid_skeleton_forced_loop_no_sig,11,492,0.27424749163879597,381.84615384615387,85.10878470641785,381.84615384615387,85.10878470641785,0
per_huruf_hybrid_skeleton_forced_loop_no_sig,11,493,0.27480490523968787,381.92307692307696,85.04688211197087,381.92307692307696,85.04688211197087,0
per_huruf_hybrid_skeleton_forced_loop_no_sig,11,494,0.2753623188405797,382.0,85.0,382.0,85.0,0
per_huruf_hybrid_skeleton_forced_loop_no_sig,11,495,0.27591973244147155,382.0769230769231,84.96722803823397,382.0769230769231,84.96722803823397,0
per_huruf_hybrid_skeleton_forced_loop_no_sig,11,496,0.27647714604236345,382.1538461538462,84.94492489758763,382.1538461538462,84.94492489758763,0
per_huruf_hybrid_skeleton_forced_loop_no_sig,11,497,0.2770345596432553,382.23076923076917,84.93172507965407,382.23076923076917,84.93172507965407,0
per_huruf_hybrid_skeleton_forced_loop_no_sig,11,498,0.27759197324414714,382.30769230769226,84.9262630860264,382.30769230769226,84.9262630860264,0
per_huruf_hybrid_skeleton_forced_loop_no_sig,11,499,0.27814938684503904,382.3846153846155,84.92717341829768,382.3846153846155,84.92717341829768,0
per_huruf_hybrid_skeleton_forced_loop_no_sig,11,500,0.2787068004459309,382.46153846153845,84.93309057806101,382.46153846153845,84.93309057806101,0
per_huruf_hybrid_skeleton_forced_loop_no_sig,11,501,0.2792642140468227,382.53846153846155,84.94264906690942,382.53846153846155,84.94264906690942,0
per_huruf_hybrid_skeleton_forced_loop_no_sig,11,502,0.2798216276477146,382.61538461538464,84.95448338643605,382.61538461538464,84.95448338643605,0
per_huruf_hybrid_skeleton_forced_loop_no_sig,11,503,0.28037904124860646,382.6923076923077,84.96722803823396,382.6923076923077,84.96722803823396,0
per_huruf_hybrid_skeleton_forced_loop_no_sig,11,504,0.2809364548494983,382.7692307692307,84.97951752389622,382.7692307692307,84.97951752389622,0
per_huruf_hybrid_skeleton_forced_loop_no_sig,11,505,0.2814938684503902,382.8461538461538,84.98998634501594,382.8461538461538,84.98998634501594,0
per_huruf_hybrid_skeleton_forced_loop_no_sig,11,506,0.28205128205128205,382.9230769230769,84.99726900318616,382.9230769230769,84.99726900318616,0
per_huruf_hybrid_skeleton_forced_loop_no_sig,11,507,0.2826086956521739,383.0,85.0,383.0,85.0,0
per_huruf_hybrid_skeleton_forced_loop_no_sig,11,508,0.2831661092530658,383.07692307692315,85.00000000000001,383.07692307692315,85.00000000000001,0
per_huruf_hybrid_skeleton_forced_loop_no_sig,11,509,0.28372352285395763,383.1538461538462,85.00000000000001,383.1538461538462,85.00000000000001,0
per_huruf_hybrid_skeleton_forced_loop_no_sig,11,510,0.2842809364548495,383.2307692307691,84.99999999999999,383.2307692307691,84.99999999999999,0
per_huruf_hybrid_skeleton_forced_loop_no_sig,11,511,0.2848383500557414,383.30769230769226,85.0,383.30769230769226,85.0,0
per_huruf_hybrid_skeleton_forced_loop_no_sig,11,512,0.2853957636566332,383.3846153846155,85.00000000000001,383.3846153846155,85.00000000000001,0
per_huruf_hybrid_skeleton_forced_loop_no_sig,11,513,0.28595317725752506,383.4615384615385,85.00000000000001,383.4615384615385,85.00000000000001,0
per_huruf_hybrid_skeleton_forced_loop_no_sig,11,514,0.28651059085841696,383.53846153846155,85.0,383.53846153846155,85.0,0
per_huruf_hybrid_skeleton_forced_loop_no_sig,11,515,0.2870680044593088,383.61538461538464,85.0,383.61538461538464,85.0,0
per_huruf_hybrid_skeleton_forced_loop_no_sig,11,516,0.28762541806020064,383.6923076923077,85.0,383.6923076923077,85.0,0
per_huruf_hybrid_skeleton_forced_loop_no_sig,11,517,0.28818283166109254,383.7692307692307,85.0,383.7692307692307,85.0,0
per_huruf_hybrid_skeleton_forced_loop_no_sig,11,518,0.2887402452619844,383.84615384615387,85.0,383.84615384615387,85.0,0
per_huruf_hybrid_skeleton_forced_loop_no_sig,11,519,0.28929765886287623,383.9230769230769,85.0,383.9230769230769,85.0,0
per_huruf_hybrid_skeleton_forced_loop_no_sig,11,520,0.2898550724637681,384.0,85.0,384.0,85.0,0
per_huruf_hybrid_skeleton_forced_loop_no_sig,11,521,0.29041248606465997,384.0769230769231,85.00273099681385,384.0769230769231,85.00273099681385,0
per_huruf_hybrid_skeleton_forced_loop_no_sig,11,522,0.2909698996655518,384.15384615384613,85.01001365498408,384.15384615384613,85.01001365498408,0
per_huruf_hybrid_skeleton_forced_loop_no_sig,11,523,0.2915273132664437,384.23076923076917,85.02048247610375,384.23076923076917,85.02048247610375,0
per_huruf_hybrid_skeleton_forced_loop_no_sig,11,524,0.29208472686733555,384.30769230769226,85.03277196176604,384.30769230769226,85.03277196176604,0
per_huruf_hybrid_skeleton_forced_loop_no_sig,11,525,0.2926421404682274,384.3846153846154,85.04551661356396,384.3846153846154,85.04551661356396,0
per_huruf_hybrid_skeleton_forced_loop_no_sig,11,526,0.2931995540691193,384.46153846153845,85.05735093309059,384.46153846153845,85.05735093309059,0
per_huruf_hybrid_skeleton_forced_loop_no_sig,11,527,0.29375696767001114,384.53846153846155,85.066909421939,384.53846153846155,85.066909421939,0
per_huruf_hybrid_skeleton_forced_loop_no_sig,11,528,0.294314381270903,384.61538461538464,85.07282658170232,384.61538461538464,85.07282658170232,0
per_huruf_hybrid_skeleton_forced_loop_no_sig,11,529,0.2948717948717949,384.6923076923077,85.0737369139736,384.6923076923077,85.0737369139736,0
per_huruf_hybrid_skeleton_forced_loop_no_sig,11,530,0.2954292084726867,384.7692307692307,85.06827492034591,384.7692307692307,85.06827492034591,0
per_huruf_hybrid_skeleton_forced_loop_no_sig,11,531,0.29598662207357856,384.84615384615387,85.05507510241239,384.84615384615387,85.05507510241239,0
per_huruf_hybrid_skeleton_forced_loop_no_sig,11,532,0.29654403567447046,384.9230769230769,85.03277196176604,384.9230769230769,85.03277196176604,0
per_huruf_hybrid_skeleton_forced_loop_no_sig,11,533,0.2971014492753623,385.0,85.0,385.0,85.0,0
per_huruf_hybrid_skeleton_forced_loop_no_sig,11,534,0.29765886287625415,385.0769230769231,84.95311788802914,385.0769230769231,84.95311788802914,0
per_huruf_hybrid_skeleton_forced_loop_no_sig,11,535,0.29821627647714605,385.1538461538462,84.89121529358215,385.1538461538462,84.89121529358215,0
per_huruf_hybrid_skeleton_forced_loop_no_sig,11,536,0.2987736900780379,385.23076923076917,84.81702321347291,385.23076923076917,84.81702321347291,0
per_huruf_hybrid_skeleton_forced_loop_no_sig,11,537,0.29933110367892973,385.30769230769226,84.73327264451524,385.30769230769226,84.73327264451524,0
per_huruf_hybrid_skeleton_forced_loop_no_sig,11,538,0.29988851727982163,385.3846153846155,84.642694583523,385.3846153846155,84.642694583523,0
per_huruf_hybrid_skeleton_forced_loop_no_sig,11,539,0.3004459308807135,385.46153846153845,84.54802002730999,385.46153846153845,84.54802002730999,0
per_huruf_hybrid_skeleton_forced_loop_no_sig,11,540,0.3010033444816054,385.5384615384615,84.45197997269004,385.5384615384615,84.45197997269004,0
per_huruf_hybrid_skeleton_forced_loop_no_sig,11,541,0.3015607580824972,385.61538461538464,84.35730541647702,385.61538461538464,84.35730541647702,0
per_huruf_hybrid_skeleton_forced_loop_no_sig,11,542,0.30211817168338906,385.6923076923077,84.26672735548475,385.6923076923077,84.26672735548475,0
per_huruf_hybrid_skeleton_forced_loop_no_sig,11,543,0.30267558528428096,385.7692307692307,84.18297678652706,385.7692307692307,84.18297678652706,0
per_huruf_hybrid_skeleton_forced_loop_no_sig,11,544,0.3032329988851728,385.84615384615387,84.10878470641785,385.84615384615387,84.10878470641785,0
per_huruf_hybrid_skeleton_forced_loop_no_sig,11,545,0.30379041248606464,385.9230769230769,84.04688211197086,385.9230769230769,84.04688211197086,0
per_huruf_hybrid_skeleton_forced_loop_no_sig,11,546,0.30434782608695654,386.0,84.0,386.0,84.0,0
per_huruf_hybrid_skeleton_forced_loop_no_sig,11,547,0.3049052396878484,386.07692307692315,83.96995903504781,386.07692307692315,83.96995903504781,0
per_huruf_hybrid_skeleton_forced_loop_no_sig,11,548,0.3054626532887402,386.1538461538462,83.95493855257169,386.1538461538462,83.95493855257169,0
per_huruf_hybrid_skeleton_forced_loop_no_sig,11,549,0.3060200668896321,386.23076923076917,83.95220755575784,386.23076923076917,83.95220755575784,0
per_huruf_hybrid_skeleton_forced_loop_no_sig,11,550,0.30657748049052397,386.30769230769226,83.95903504779244,386.30769230769226,83.95903504779244,0
per_huruf_hybrid_skeleton_forced_loop_no_sig,11,551,0.3071348940914158,386.3846153846154,83.97269003186163,386.3846153846154,83.97269003186163,0
per_huruf_hybrid_skeleton_forced_loop_no_sig,11,552,0.3076923076923077,386.4615384615385,83.99044151115159,386.4615384615385,83.99044151115159,0
per_huruf_hybrid_skeleton_forced_loop_no_sig,11,553,0.30824972129319955,386.53846153846155,84.00955848884843,386.53846153846155,84.00955848884843,0
per_huruf_hybrid_skeleton_forced_loop_no_sig,11,554,0.3088071348940914,386.61538461538464,84.02730996813837,386.61538461538464,84.02730996813837,0
per_huruf_hybrid_skeleton_forced_loop_no_sig,11,555,0.3093645484949833,386.6923076923077,84.04096495220756,386.6923076923077,84.04096495220756,0
per_huruf_hybrid_skeleton_forced_loop_no_sig,11,556,0.30992196209587514,386.7692307692307,84.04779244424213,386.7692307692307,84.04779244424213,0
per_huruf_hybrid_skeleton_forced_loop_no_sig,11,557,0.310479375696767,386.84615384615387,84.04506144742831,386.84615384615387,84.04506144742831,0
per_huruf_hybrid_skeleton_forced_loop_no_sig,11,558,0.3110367892976589,386.9230769230769,84.0300409649522,386.9230769230769,84.0300409649522,0
per_huruf_hybrid_skeleton_forced_loop_no_sig,11,559,0.3115942028985507,387.0,84.0,387.0,84.0,0
per_huruf_hybrid_skeleton_forced_loop_no_sig,11,560,0.31215161649944256,387.07692307692315,83.95311788802915,387.07692307692315,83.95311788802915,0
per_huruf_hybrid_skeleton_forced_loop_no_sig,11,561,0.31270903010033446,387.1538461538462,83.89121529358216,387.1538461538462,83.89121529358216,0
per_huruf_hybrid_skeleton_forced_loop_no_sig,11,562,0.3132664437012263,387.23076923076917,83.81702321347291,387.23076923076917,83.81702321347291,0
per_huruf_hybrid_skeleton_forced_loop_no_sig,11,563,0.31382385730211815,387.30769230769226,83.73327264451524,387.30769230769226,83.73327264451524,0
per_huruf_hybrid_skeleton_forced_loop_no_sig,11,564,0.31438127090301005,387.3846153846154,83.642694583523,387.3846153846154,83.642694583523,0
per_huruf_hybrid_skeleton_forced_loop_no_sig,11,565,0.3149386845039019,387.4615384615385,83.54802002730997,387.4615384615385,83.54802002730997,0
per_huruf_hybrid_skeleton_forced_loop_no_sig,11,566,0.31549609810479373,387.53846153846155,83.45197997269003,387.53846153846155,83.45197997269003,0
per_huruf_hybrid_skeleton_forced_loop_no_sig,11,567,0.31605351170568563,387.61538461538464,83.35730541647702,387.61538461538464,83.35730541647702,0
per_huruf_hybrid_skeleton_forced_loop_no_sig,11,568,0.3166109253065775,387.6923076923077,83.26672735548476,387.6923076923077,83.26672735548476,0
per_huruf_hybrid_skeleton_forced_loop_no_sig,11,569,0.3171683389074693,387.7692307692307,83.18297678652708,387.7692307692307,83.18297678652708,0
per_huruf_hybrid_skeleton_forced_loop_no_sig,11,570,0.3177257525083612,387.84615384615387,83.10878470641785,387.84615384615387,83.10878470641785,0
per_huruf_hybrid_skeleton_forced_loop_no_sig,11,571,0.31828316610925306,387.9230769230769,83.04688211197086,387.9230769230769,83.04688211197086,0
per_huruf_hybrid_skeleton_forced_loop_no_sig,11,572,0.3188405797101449,388.0,83.0,388.0,83.0,0
per_huruf_hybrid_skeleton_forced_loop_no_sig,11,573,0.3193979933110368,388.0769230769231,82.96722803823397,388.0769230769231,82.96722803823397,0
per_huruf_hybrid_skeleton_forced_loop_no_sig,11,574,0.31995540691192864,388.15384615384625,82.94492489758763,388.15384615384625,82.94492489758763,0
per_huruf_hybrid_skeleton_forced_loop_no_sig,11,575,0.3205128205128205,388.23076923076917,82.93172507965406,388.23076923076917,82.93172507965406,0
per_huruf_hybrid_skeleton_forced_loop_no_sig,11,576,0.3210702341137124,388.3076923076922,82.9262630860264,388.3076923076922,82.9262630860264,0
per_huruf_hybrid_skeleton_forced_loop_no_sig,11,577,0.3216276477146042,388.3846153846154,82.92717341829768,388.3846153846154,82.92717341829768,0
per_huruf_hybrid_skeleton_forced_loop_no_sig,11,578,0.32218506131549607,388.4615384615385,82.933090578061,388.4615384615385,82.933090578061,0
per_huruf_hybrid_skeleton_forced_loop_no_sig,11,579,0.32274247491638797,388.5384615384616,82.94264906690941,388.5384615384616,82.94264906690941,0
per_huruf_hybrid_skeleton_forced_loop_no_sig,11,580,0.3232998885172798,388.61538461538464,82.95448338643605,388.61538461538464,82.95448338643605,0
per_huruf_hybrid_skeleton_forced_loop_no_sig,11,581,0.32385730211817165,388.6923076923077,82.96722803823396,388.6923076923077,82.96722803823396,0
per_huruf_hybrid_skeleton_forced_loop_no_sig,11,582,0.32441471571906355,388.7692307692307,82.97951752389622,388.7692307692307,82.97951752389622,0
per_huruf_hybrid_skeleton_forced_loop_no_sig,11,583,0.3249721293199554,388.8461538461538,82.98998634501594,388.8461538461538,82.98998634501594,0
per_huruf_hybrid_skeleton_forced_loop_no_sig,11,584,0.32552954292084724,388.9230769230769,82.99726900318616,388.9230769230769,82.99726900318616,0
per_huruf_hybrid_skeleton_forced_loop_no_sig,11,585,0.32608695652173914,389.0,83.0,389.0,83.0,0
per_huruf_hybrid_skeleton_forced_loop_no_sig,11,586,0.326644370122631,389.07692307692315,83.00273099681387,389.07692307692315,83.00273099681387,0
per_huruf_hybrid_skeleton_forced_loop_no_sig,11,587,0.3272017837235228,389.1538461538462,83.01001365498406,389.1538461538462,83.01001365498406,0
per_huruf_hybrid_skeleton_forced_loop_no_sig,11,588,0.3277591973244147,389.23076923076917,83.02048247610377,389.23076923076917,83.02048247610377,0
per_huruf_hybrid_skeleton_forced_loop_no_sig,11,589,0.32831661092530656,389.30769230769226,83.03277196176603,389.30769230769226,83.03277196176603,0
per_huruf_hybrid_skeleton_forced_loop_no_sig,11,590,0.32887402452619846,389.3846153846154,83.04551661356396,389.3846153846154,83.04551661356396,0
per_huruf_hybrid_skeleton_forced_loop_no_sig,11,591,0.3294314381270903,389.4615384615385,83.05735093309059,389.4615384615385,83.05735093309059,0
per_huruf_hybrid_skeleton_forced_loop_no_sig,11,592,0.32998885172798215,389.53846153846155,83.06690942193902,389.53846153846155,83.06690942193902,0
per_huruf_hybrid_skeleton_forced_loop_no_sig,11,593,0.33054626532887404,389.61538461538464,83.07282658170233,389.61538461538464,83.07282658170233,0
per_huruf_hybrid_skeleton_forced_loop_no_sig,11,594,0.3311036789297659,389.6923076923077,83.0737369139736,389.6923076923077,83.0737369139736,0
per_huruf_hybrid_skeleton_forced_loop_no_sig,11,595,0.33166109253065773,389.7692307692307,83.06827492034591,389.7692307692307,83.06827492034591,0
per_huruf_hybrid_skeleton_forced_loop_no_sig,11,596,0.33221850613154963,389.84615384615387,83.05507510241239,389.84615384615387,83.05507510241239,0
per_huruf_hybrid_skeleton_forced_loop_no_sig,11,597,0.33277591973244147,389.9230769230769,83.03277196176604,389.9230769230769,83.03277196176604,0
per_huruf_hybrid_skeleton_forced_loop_no_sig,11,598,0.3333333333333333,390.0,83.0,390.0,83.0,0
per_huruf_hybrid_skeleton_forced_loop_no_sig,11,599,0.3338907469342252,390.0769230769231,82.95311788802914,390.0769230769231,82.95311788802914,0
per_huruf_hybrid_skeleton_forced_loop_no_sig,11,600,0.33444816053511706,390.15384615384613,82.89121529358216,390.15384615384613,82.89121529358216,0
per_huruf_hybrid_skeleton_forced_loop_no_sig,11,601,0.3350055741360089,390.23076923076917,82.81702321347291,390.23076923076917,82.81702321347291,0
per_huruf_hybrid_skeleton_forced_loop_no_sig,11,602,0.3355629877369008,390.30769230769226,82.73327264451524,390.30769230769226,82.73327264451524,0
per_huruf_hybrid_skeleton_forced_loop_no_sig,11,603,0.33612040133779264,390.3846153846154,82.642694583523,390.3846153846154,82.642694583523,0
per_huruf_hybrid_skeleton_forced_loop_no_sig,11,604,0.3366778149386845,390.46153846153845,82.54802002730999,390.46153846153845,82.54802002730999,0
per_huruf_hybrid_skeleton_forced_loop_no_sig,11,605,0.3372352285395764,390.53846153846155,82.45197997269004,390.53846153846155,82.45197997269004,0
per_huruf_hybrid_skeleton_forced_loop_no_sig,11,606,0.3377926421404682,390.61538461538464,82.35730541647702,390.61538461538464,82.35730541647702,0
per_huruf_hybrid_skeleton_forced_loop_no_sig,11,607,0.33835005574136007,390.69230769230774,82.26672735548475,390.69230769230774,82.26672735548475,0
per_huruf_hybrid_skeleton_forced_loop_no_sig,11,608,0.33890746934225197,390.7692307692307,82.18297678652706,390.7692307692307,82.18297678652706,0
per_huruf_hybrid_skeleton_forced_loop_no_sig,11,609,0.3394648829431438,390.84615384615387,82.10878470641785,390.84615384615387,82.10878470641785,0
per_huruf_hybrid_skeleton_forced_loop_no_sig,11,610,0.34002229654403565,390.9230769230769,82.04688211197086,390.9230769230769,82.04688211197086,0
per_huruf_hybrid_skeleton_forced_loop_no_sig,11,611,0.34057971014492755,391.0,82.0,391.0,82.0,0
per_huruf_hybrid_skeleton_forced_loop_no_sig,11,612,0.3411371237458194,391.07692307692315,81.96722803823397,391.07692307692315,81.96722803823397,0
per_huruf_hybrid_skeleton_forced_loop_no_sig,11,613,0.34169453734671124,391.1538461538462,81.94492489758761,391.1538461538462,81.94492489758761,0
per_huruf_hybrid_skeleton_forced_loop_no_sig,11,614,0.34225195094760313,391.23076923076917,81.93172507965407,391.23076923076917,81.93172507965407,0
per_huruf_hybrid_skeleton_forced_loop_no_sig,11,615,0.342809364548495,391.30769230769226,81.92626308602638,391.30769230769226,81.92626308602638,0
per_huruf_hybrid_skeleton_forced_loop_no_sig,11,616,0.3433667781493868,391.3846153846154,81.92717341829768,391.3846153846154,81.92717341829768,0
per_huruf_hybrid_skeleton_forced_loop_no_sig,11,617,0.3439241917502787,391.4615384615385,81.933090578061,391.4615384615385,81.933090578061,0
per_huruf_hybrid_skeleton_forced_loop_no_sig,11,618,0.34448160535117056,391.53846153846155,81.94264906690942,391.53846153846155,81.94264906690942,0
per_huruf_hybrid_skeleton_forced_loop_no_sig,11,619,0.3450390189520624,391.6153846153846,81.95448338643605,391.6153846153846,81.95448338643605,0
per_huruf_hybrid_skeleton_forced_loop_no_sig,11,620,0.3455964325529543,391.69230769230774,81.96722803823396,391.69230769230774,81.96722803823396,0
per_huruf_hybrid_skeleton_forced_loop_no_sig,11,621,0.34615384615384615,391.7692307692307,81.97951752389622,391.7692307692307,81.97951752389622,0
per_huruf_hybrid_skeleton_forced_loop_no_sig,11,622,0.346711259754738,391.84615384615387,81.98998634501594,391.84615384615387,81.98998634501594,0
per_huruf_hybrid_skeleton_forced_loop_no_sig,11,623,0.3472686733556299,391.9230769230769,81.99726900318615,391.9230769230769,81.99726900318615,0
per_huruf_hybrid_skeleton_forced_loop_no_sig,11,624,0.34782608695652173,392.0,82.0,392.0,82.0,0
per_huruf_hybrid_skeleton_forced_loop_no_sig,11,625,0.3483835005574136,392.0769230769231,82.00273099681385,392.0769230769231,82.00273099681385,0
per_huruf_hybrid_skeleton_forced_loop_no_sig,11,626,0.34894091415830547,392.1538461538462,82.01001365498408,392.1538461538462,82.01001365498408,0
per_huruf_hybrid_skeleton_forced_loop_no_sig,11,627,0.3494983277591973,392.23076923076917,82.02048247610378,392.23076923076917,82.02048247610378,0
per_huruf_hybrid_skeleton_forced_loop_no_sig,11,628,0.35005574136008916,392.3076923076923,82.03277196176603,392.3076923076923,82.03277196176603,0
per_huruf_hybrid_skeleton_forced_loop_no_sig,11,629,0.35061315496098105,392.3846153846154,82.04551661356396,392.3846153846154,82.04551661356396,0
per_huruf_hybrid_skeleton_forced_loop_no_sig,11,630,0.3511705685618729,392.4615384615385,82.05735093309059,392.4615384615385,82.05735093309059,0
per_huruf_hybrid_skeleton_forced_loop_no_sig,11,631,0.35172798216276474,392.53846153846155,82.066909421939,392.53846153846155,82.066909421939,0
per_huruf_hybrid_skeleton_forced_loop_no_sig,11,632,0.35228539576365664,392.61538461538464,82.07282658170233,392.61538461538464,82.07282658170233,0
per_huruf_hybrid_skeleton_forced_loop_no_sig,11,633,0.3528428093645485,392.6923076923076,82.0737369139736,392.6923076923076,82.0737369139736,0
per_huruf_hybrid_skeleton_forced_loop_no_sig,11,634,0.3534002229654403,392.7692307692307,82.06827492034591,392.7692307692307,82.06827492034591,0
per_huruf_hybrid_skeleton_forced_loop_no_sig,11,635,0.3539576365663322,392.84615384615387,82.05507510241239,392.84615384615387,82.05507510241239,0
per_huruf_hybrid_skeleton_forced_loop_no_sig,11,636,0.35451505016722407,392.9230769230769,82.03277196176603,392.9230769230769,82.03277196176603,0
per_huruf_hybrid_skeleton_forced_loop_no_sig,11,637,0.3550724637681159,393.0,82.0,393.0,82.0,0
per_huruf_hybrid_skeleton_forced_loop_no_sig,11,638,0.3556298773690078,393.07692307692315,81.95311788802914,393.07692307692315,81.95311788802914,0
per_huruf_hybrid_skeleton_forced_loop_no_sig,11,639,0.35618729096989965,393.1538461538462,81.89121529358216,393.1538461538462,81.89121529358216,0
per_huruf_hybrid_skeleton_forced_loop_no_sig,11,640,0.35674470457079155,393.2307692307691,81.81702321347291,393.2307692307691,81.81702321347291,0
per_huruf_hybrid_skeleton_forced_loop_no_sig,11,641,0.3573021181716834,393.30769230769226,81.73327264451524,393.30769230769226,81.73327264451524,0
per_huruf_hybrid_skeleton_forced_loop_no_sig,11,642,0.35785953177257523,393.38461538461536,81.642694583523,393.38461538461536,81.642694583523,0
per_huruf_hybrid_skeleton_forced_loop_no_sig,11,643,0.35841694537346713,393.46153846153845,81.54802002730997,393.46153846153845,81.54802002730997,0
per_huruf_hybrid_skeleton_forced_loop_no_sig,11,644,0.358974358974359,393.53846153846155,81.45197997269003,393.53846153846155,81.45197997269003,0
per_huruf_hybrid_skeleton_forced_loop_no_sig,11,645,0.3595317725752508,393.61538461538464,81.35730541647702,393.61538461538464,81.35730541647702,0
per_huruf_hybrid_skeleton_forced_loop_no_sig,11,646,0.3600891861761427,393.69230769230774,81.26672735548476,393.69230769230774,81.26672735548476,0
per_huruf_hybrid_skeleton_forced_loop_no_sig,11,647,0.36064659977703456,393.7692307692307,81.18297678652708,393.7692307692307,81.18297678652708,0
per_huruf_hybrid_skeleton_forced_loop_no_sig,11,648,0.3612040133779264,393.84615384615387,81.10878470641785,393.84615384615387,81.10878470641785,0
per_huruf_hybrid_skeleton_forced_loop_no_sig,11,649,0.3617614269788183,393.9230769230769,81.04688211197087,393.9230769230769,81.04688211197087,0
per_huruf_hybrid_skeleton_forced_loop_no_sig,11,650,0.36231884057971014,394.0,81.0,394.0,81.0,0
per_huruf_hybrid_skeleton_forced_loop_no_sig,11,651,0.362876254180602,394.07692307692315,80.96722803823397,394.07692307692315,80.96722803823397,0
per_huruf_hybrid_skeleton_forced_loop_no_sig,11,652,0.3634336677814939,394.1538461538462,80.94492489758763,394.1538461538462,80.94492489758763,0
per_huruf_hybrid_skeleton_forced_loop_no_sig,11,653,0.36399108138238573,394.23076923076917,80.93172507965406,394.23076923076917,80.93172507965406,0
per_huruf_hybrid_skeleton_forced_loop_no_sig,11,654,0.36454849498327757,394.30769230769226,80.92626308602638,394.30769230769226,80.92626308602638,0
per_huruf_hybrid_skeleton_forced_loop_no_sig,11,655,0.36510590858416947,394.3846153846154,80.92717341829768,394.3846153846154,80.92717341829768,0
per_huruf_hybrid_skeleton_forced_loop_no_sig,11,656,0.3656633221850613,394.46153846153845,80.933090578061,394.46153846153845,80.933090578061,0
per_huruf_hybrid_skeleton_forced_loop_no_sig,11,657,0.36622073578595316,394.53846153846155,80.94264906690942,394.53846153846155,80.94264906690942,0
per_huruf_hybrid_skeleton_forced_loop_no_sig,11,658,0.36677814938684505,394.61538461538464,80.95448338643605,394.61538461538464,80.95448338643605,0
per_huruf_hybrid_skeleton_forced_loop_no_sig,11,659,0.3673355629877369,394.6923076923076,80.96722803823396,394.6923076923076,80.96722803823396,0
per_huruf_hybrid_skeleton_forced_loop_no_sig,11,660,0.36789297658862874,394.7692307692308,80.97951752389622,394.7692307692308,80.97951752389622,0
per_huruf_hybrid_skeleton_forced_loop_no_sig,11,661,0.36845039018952064,394.84615384615387,80.98998634501594,394.84615384615387,80.98998634501594,0
per_huruf_hybrid_skeleton_forced_loop_no_sig,11,662,0.3690078037904125,394.9230769230769,80.99726900318616,394.9230769230769,80.99726900318616,0
per_huruf_hybrid_skeleton_forced_loop_no_sig,11,663,0.3695652173913043,395.0,81.0,395.0,81.0,0
per_huruf_hybrid_skeleton_forced_loop_no_sig,11,664,0.3701226309921962,395.0769230769231,81.00273099681385,395.0769230769231,81.00273099681385,0
per_huruf_hybrid_skeleton_forced_loop_no_sig,11,665,0.37068004459308806,395.1538461538462,81.01001365498408,395.1538461538462,81.01001365498408,0
per_huruf_hybrid_skeleton_forced_loop_no_sig,11,666,0.3712374581939799,395.2307692307692,81.02048247610377,395.2307692307692,81.02048247610377,0
per_huruf_hybrid_skeleton_forced_loop_no_sig,11,667,0.3717948717948718,395.30769230769226,81.03277196176604,395.30769230769226,81.03277196176604,0
per_huruf_hybrid_skeleton_forced_loop_no_sig,11,668,0.37235228539576365,395.3846153846154,81.04551661356396,395.3846153846154,81.04551661356396,0
per_huruf_hybrid_skeleton_forced_loop_no_sig,11,669,0.3729096989966555,395.4615384615385,81.05735093309059,395.4615384615385,81.05735093309059,0
per_huruf_hybrid_skeleton_forced_loop_no_sig,11,670,0.3734671125975474,395.5384615384615,81.06690942193902,395.5384615384615,81.06690942193902,0
per_huruf_hybrid_skeleton_forced_loop_no_sig,11,671,0.37402452619843923,395.61538461538464,81.07282658170233,395.61538461538464,81.07282658170233,0
per_huruf_hybrid_skeleton_forced_loop_no_sig,11,672,0.3745819397993311,395.69230769230774,81.0737369139736,395.69230769230774,81.0737369139736,0
per_huruf_hybrid_skeleton_forced_loop_no_sig,11,673,0.375139353400223,395.7692307692307,81.06827492034591,395.7692307692307,81.06827492034591,0
per_huruf_hybrid_skeleton_forced_loop_no_sig,11,674,0.3756967670011148,395.84615384615387,81.05507510241239,395.84615384615387,81.05507510241239,0
per_huruf_hybrid_skeleton_forced_loop_no_sig,11,675,0.37625418060200666,395.9230769230769,81.03277196176604,395.9230769230769,81.03277196176604,0
per_huruf_hybrid_skeleton_forced_loop_no_sig,11,676,0.37681159420289856,396.0,81.0,396.0,81.0,0
per_huruf_hybrid_skeleton_forced_loop_no_sig,11,677,0.3773690078037904,396.0769230769231,80.95311788802914,396.0769230769231,80.95311788802914,0
per_huruf_hybrid_skeleton_forced_loop_no_sig,11,678,0.37792642140468224,396.15384615384613,80.89121529358218,396.15384615384613,80.89121529358218,0
per_huruf_hybrid_skeleton_forced_loop_no_sig,11,679,0.37848383500557414,396.23076923076917,80.8170232134729,396.23076923076917,80.8170232134729,0
per_huruf_hybrid_skeleton_forced_loop_no_sig,11,680,0.379041248606466,396.30769230769226,80.73327264451525,396.30769230769226,80.73327264451525,0
per_huruf_hybrid_skeleton_forced_loop_no_sig,11,681,0.37959866220735783,396.3846153846154,80.642694583523,396.3846153846154,80.642694583523,0
per_huruf_hybrid_skeleton_forced_loop_no_sig,11,682,0.3801560758082497,396.4615384615385,80.54802002730997,396.4615384615385,80.54802002730997,0
per_huruf_hybrid_skeleton_forced_loop_no_sig,11,683,0.38071348940914157,396.5384615384615,80.45197997269003,396.5384615384615,80.45197997269003,0
per_huruf_hybrid_skeleton_forced_loop_no_sig,11,684,0.3812709030100334,396.61538461538464,80.35730541647702,396.61538461538464,80.35730541647702,0
per_huruf_hybrid_skeleton_forced_loop_no_sig,11,685,0.3818283166109253,396.6923076923076,80.26672735548475,396.6923076923076,80.26672735548475,0
per_huruf_hybrid_skeleton_forced_loop_no_sig,11,686,0.38238573021181715,396.7692307692307,80.18297678652708,396.7692307692307,80.18297678652708,0
per_huruf_hybrid_skeleton_forced_loop_no_sig,11,687,0.382943143812709,396.84615384615387,80.10878470641785,396.84615384615387,80.10878470641785,0
per_huruf_hybrid_skeleton_forced_loop_no_sig,11,688,0.3835005574136009,396.9230769230769,80.04688211197087,396.9230769230769,80.04688211197087,0
per_huruf_hybrid_skeleton_forced_loop_no_sig,11,689,0.38405797101449274,397.0,80.0,397.0,80.0,0
per_huruf_hybrid_skeleton_forced_loop_no_sig,11,690,0.3846153846153846,397.0769230769232,79.96722803823396,397.0769230769232,79.96722803823396,0
per_huruf_hybrid_skeleton_forced_loop_no_sig,11,691,0.3851727982162765,397.15384615384613,79.94492489758763,397.15384615384613,79.94492489758763,0
per_huruf_hybrid_skeleton_forced_loop_no_sig,11,692,0.3857302118171683,397.23076923076917,79.93172507965407,397.23076923076917,79.93172507965407,0
per_huruf_hybrid_skeleton_forced_loop_no_sig,11,693,0.3862876254180602,397.30769230769226,79.9262630860264,397.30769230769226,79.9262630860264,0
per_huruf_hybrid_skeleton_forced_loop_no_sig,11,694,0.38684503901895206,397.3846153846154,79.9271734182977,397.3846153846154,79.9271734182977,0
per_huruf_hybrid_skeleton_forced_loop_no_sig,11,695,0.3874024526198439,397.4615384615385,79.933090578061,397.4615384615385,79.933090578061,0
per_huruf_hybrid_skeleton_forced_loop_no_sig,11,696,0.3879598662207358,397.53846153846155,79.94264906690941,397.53846153846155,79.94264906690941,0
per_huruf_hybrid_skeleton_forced_loop_no_sig,11,697,0.38851727982162765,397.61538461538464,79.95448338643605,397.61538461538464,79.95448338643605,0
per_huruf_hybrid_skeleton_forced_loop_no_sig,11,698,0.3890746934225195,397.69230769230774,79.96722803823394,397.69230769230774,79.96722803823394,0
per_huruf_hybrid_skeleton_forced_loop_no_sig,11,699,0.3896321070234114,397.7692307692307,79.97951752389622,397.7692307692307,79.97951752389622,0
per_huruf_hybrid_skeleton_forced_loop_no_sig,11,700,0.39018952062430323,397.84615384615387,79.98998634501594,397.84615384615387,79.98998634501594,0
per_huruf_hybrid_skeleton_forced_loop_no_sig,11,701,0.3907469342251951,397.9230769230769,79.99726900318616,397.9230769230769,79.99726900318616,0
per_huruf_hybrid_skeleton_forced_loop_no_sig,11,702,0.391304347826087,398.0,80.0,398.0,80.0,0
per_huruf_hybrid_skeleton_forced_loop_no_sig,11,703,0.3918617614269788,398.0769230769231,80.00273099681385,398.0769230769231,80.00273099681385,0
per_huruf_hybrid_skeleton_forced_loop_no_sig,11,704,0.39241917502787066,398.1538461538462,80.01001365498408,398.1538461538462,80.01001365498408,0
per_huruf_hybrid_skeleton_forced_loop_no_sig,11,705,0.39297658862876256,398.23076923076917,80.02048247610377,398.23076923076917,80.02048247610377,0
per_huruf_hybrid_skeleton_forced_loop_no_sig,11,706,0.3935340022296544,398.30769230769226,80.03277196176604,398.30769230769226,80.03277196176604,0
per_huruf_hybrid_skeleton_forced_loop_no_sig,11,707,0.39409141583054624,398.3846153846154,80.04551661356396,398.3846153846154,80.04551661356396,0
per_huruf_hybrid_skeleton_forced_loop_no_sig,11,708,0.39464882943143814,398.46153846153845,80.05735093309059,398.46153846153845,80.05735093309059,0
per_huruf_hybrid_skeleton_forced_loop_no_sig,11,709,0.39520624303233,398.5384615384616,80.06690942193902,398.5384615384616,80.06690942193902,0
per_huruf_hybrid_skeleton_forced_loop_no_sig,11,710,0.3957636566332218,398.61538461538464,80.07282658170233,398.61538461538464,80.07282658170233,0
per_huruf_hybrid_skeleton_forced_loop_no_sig,11,711,0.3963210702341137,398.6923076923076,80.07373691397359,398.6923076923076,80.07373691397359,0
per_huruf_hybrid_skeleton_forced_loop_no_sig,11,712,0.39687848383500557,398.7692307692307,80.06827492034591,398.7692307692307,80.06827492034591,0
per_huruf_hybrid_skeleton_forced_loop_no_sig,11,713,0.3974358974358974,398.84615384615387,80.05507510241239,398.84615384615387,80.05507510241239,0
per_huruf_hybrid_skeleton_forced_loop_no_sig,11,714,0.3979933110367893,398.9230769230769,80.03277196176604,398.9230769230769,80.03277196176604,0
per_huruf_hybrid_skeleton_forced_loop_no_sig,11,715,0.39855072463768115,399.0,80.0,399.0,80.0,0
per_huruf_hybrid_skeleton_forced_loop_no_sig,11,716,0.399108138238573,399.07692307692315,79.95311788802914,399.07692307692315,79.95311788802914,0
per_huruf_hybrid_skeleton_forced_loop_no_sig,11,717,0.3996655518394649,399.1538461538462,79.89121529358215,399.1538461538462,79.89121529358215,0
per_huruf_hybrid_skeleton_forced_loop_no_sig,11,718,0.40022296544035674,399.23076923076917,79.81702321347291,399.23076923076917,79.81702321347291,0
per_huruf_hybrid_skeleton_forced_loop_no_sig,11,719,0.4007803790412486,399.30769230769226,79.73327264451524,399.30769230769226,79.73327264451524,0
per_huruf_hybrid_skeleton_forced_loop_no_sig,11,720,0.4013377926421405,399.3846153846154,79.642694583523,399.3846153846154,79.642694583523,0
per_huruf_hybrid_skeleton_forced_loop_no_sig,11,721,0.4018952062430323,399.4615384615385,79.54802002730997,399.4615384615385,79.54802002730997,0
per_huruf_hybrid_skeleton_forced_loop_no_sig,11,722,0.40245261984392416,399.53846153846155,79.45197997269004,399.53846153846155,79.45197997269004,0
per_huruf_hybrid_skeleton_forced_loop_no_sig,11,723,0.40301003344481606,399.6153846153846,79.35730541647702,399.6153846153846,79.35730541647702,0
per_huruf_hybrid_skeleton_forced_loop_no_sig,11,724,0.4035674470457079,399.69230769230774,79.26672735548475,399.69230769230774,79.26672735548475,0
per_huruf_hybrid_skeleton_forced_loop_no_sig,11,725,0.40412486064659975,399.7692307692307,79.18297678652709,399.7692307692307,79.18297678652709,0
per_huruf_hybrid_skeleton_forced_loop_no_sig,11,726,0.40468227424749165,399.84615384615387,79.10878470641785,399.84615384615387,79.10878470641785,0
per_huruf_hybrid_skeleton_forced_loop_no_sig,11,727,0.4052396878483835,399.9230769230769,79.04688211197087,399.9230769230769,79.04688211197087,0
per_huruf_hybrid_skeleton_forced_loop_no_sig,11,728,0.40579710144927533,400.0,79.0,400.0,79.0,0
per_huruf_hybrid_skeleton_forced_loop_no_sig,11,729,0.40635451505016723,400.07692307692315,78.96722803823397,400.07692307692315,78.96722803823397,0
per_huruf_hybrid_skeleton_forced_loop_no_sig,11,730,0.4069119286510591,400.1538461538462,78.94492489758761,400.1538461538462,78.94492489758761,0
per_huruf_hybrid_skeleton_forced_loop_no_sig,11,731,0.4074693422519509,400.23076923076917,78.93172507965406,400.23076923076917,78.93172507965406,0
per_huruf_hybrid_skeleton_forced_loop_no_sig,11,732,0.4080267558528428,400.30769230769226,78.9262630860264,400.30769230769226,78.9262630860264,0
per_huruf_hybrid_skeleton_forced_loop_no_sig,11,733,0.40858416945373466,400.3846153846154,78.92717341829768,400.3846153846154,78.92717341829768,0
per_huruf_hybrid_skeleton_forced_loop_no_sig,11,734,0.4091415830546265,400.4615384615385,78.933090578061,400.4615384615385,78.933090578061,0
per_huruf_hybrid_skeleton_forced_loop_no_sig,11,735,0.4096989966555184,400.53846153846155,78.94264906690942,400.53846153846155,78.94264906690942,0
per_huruf_hybrid_skeleton_forced_loop_no_sig,11,736,0.41025641025641024,400.61538461538464,78.95448338643605,400.61538461538464,78.95448338643605,0
per_huruf_hybrid_skeleton_forced_loop_no_sig,11,737,0.4108138238573021,400.6923076923076,78.96722803823394,400.6923076923076,78.96722803823394,0
per_huruf_hybrid_skeleton_forced_loop_no_sig,11,738,0.411371237458194,400.7692307692307,78.97951752389622,400.7692307692307,78.97951752389622,0
per_huruf_hybrid_skeleton_forced_loop_no_sig,11,739,0.4119286510590858,400.84615384615387,78.98998634501592,400.84615384615387,78.98998634501592,0
per_huruf_hybrid_skeleton_forced_loop_no_sig,11,740,0.41248606465997767,400.9230769230769,78.99726900318616,400.9230769230769,78.99726900318616,0
per_huruf_hybrid_skeleton_forced_loop_no_sig,11,741,0.41304347826086957,401.0,79.0,401.0,79.0,0
per_huruf_hybrid_skeleton_forced_loop_no_sig,11,742,0.4136008918617614,401.0769230769231,79.00273099681385,401.0769230769231,79.00273099681385,0
per_huruf_hybrid_skeleton_forced_loop_no_sig,11,743,0.4141583054626533,401.1538461538462,79.01001365498408,401.1538461538462,79.01001365498408,0
per_huruf_hybrid_skeleton_forced_loop_no_sig,11,744,0.41471571906354515,401.23076923076917,79.02048247610375,401.23076923076917,79.02048247610375,0
per_huruf_hybrid_skeleton_forced_loop_no_sig,11,745,0.415273132664437,401.3076923076922,79.03277196176604,401.3076923076922,79.03277196176604,0
per_huruf_hybrid_skeleton_forced_loop_no_sig,11,746,0.4158305462653289,401.3846153846155,79.04551661356396,401.3846153846155,79.04551661356396,0
per_huruf_hybrid_skeleton_forced_loop_no_sig,11,747,0.41638795986622074,401.46153846153845,79.05735093309059,401.46153846153845,79.05735093309059,0
per_huruf_hybrid_skeleton_forced_loop_no_sig,11,748,0.4169453734671126,401.53846153846155,79.066909421939,401.53846153846155,79.066909421939,0
per_huruf_hybrid_skeleton_forced_loop_no_sig,11,749,0.4175027870680045,401.61538461538464,79.07282658170233,401.61538461538464,79.07282658170233,0
per_huruf_hybrid_skeleton_forced_loop_no_sig,11,750,0.4180602006688963,401.6923076923076,79.07373691397359,401.6923076923076,79.07373691397359,0
per_huruf_hybrid_skeleton_forced_loop_no_sig,11,751,0.41861761426978816,401.7692307692307,79.06827492034593,401.7692307692307,79.06827492034593,0
per_huruf_hybrid_skeleton_forced_loop_no_sig,11,752,0.41917502787068006,401.84615384615387,79.05507510241239,401.84615384615387,79.05507510241239,0
per_huruf_hybrid_skeleton_forced_loop_no_sig,11,753,0.4197324414715719,401.9230769230769,79.03277196176604,401.9230769230769,79.03277196176604,0
per_huruf_hybrid_skeleton_forced_loop_no_sig,11,754,0.42028985507246375,402.0,79.0,402.0,79.0,0
per_huruf_hybrid_skeleton_forced_loop_no_sig,11,755,0.42084726867335565,402.07692307692315,78.95584888484298,402.07692307692315,78.95584888484298,0
per_huruf_hybrid_skeleton_forced_loop_no_sig,11,756,0.4214046822742475,402.1538461538462,78.90122894856623,402.1538461538462,78.90122894856623,0
per_huruf_hybrid_skeleton_forced_loop_no_sig,11,757,0.42196209587513933,402.23076923076917,78.83750568957669,402.23076923076917,78.83750568957669,0
per_huruf_hybrid_skeleton_forced_loop_no_sig,11,758,0.42251950947603123,402.30769230769226,78.76604460628128,402.30769230769226,78.76604460628128,0
per_huruf_hybrid_skeleton_forced_loop_no_sig,11,759,0.4230769230769231,402.3846153846154,78.68821119708694,402.3846153846154,78.68821119708694,0
per_huruf_hybrid_skeleton_forced_loop_no_sig,11,760,0.4236343366778149,402.46153846153845,78.60537096040055,402.46153846153845,78.60537096040055,0
per_huruf_hybrid_skeleton_forced_loop_no_sig,11,761,0.4241917502787068,402.53846153846155,78.51888939462904,402.53846153846155,78.51888939462904,0
per_huruf_hybrid_skeleton_forced_loop_no_sig,11,762,0.42474916387959866,402.61538461538464,78.43013199817933,402.61538461538464,78.43013199817933,0
per_huruf_hybrid_skeleton_forced_loop_no_sig,11,763,0.4253065774804905,402.6923076923076,78.34046426945834,402.6923076923076,78.34046426945834,0
per_huruf_hybrid_skeleton_forced_loop_no_sig,11,764,0.4258639910813824,402.7692307692308,78.251251706873,402.7692307692308,78.251251706873,0
per_huruf_hybrid_skeleton_forced_loop_no_sig,11,765,0.42642140468227424,402.84615384615387,78.16385980883022,402.84615384615387,78.16385980883022,0
per_huruf_hybrid_skeleton_forced_loop_no_sig,11,766,0.4269788182831661,402.9230769230769,78.07965407373692,402.9230769230769,78.07965407373692,0
per_huruf_hybrid_skeleton_forced_loop_no_sig,11,767,0.427536231884058,403.0,78.0,403.0,78.0,0
per_huruf_hybrid_skeleton_forced_loop_no_sig,11,768,0.4280936454849498,403.0769230769231,77.92307692307695,403.0769230769231,77.92307692307695,0
per_huruf_hybrid_skeleton_forced_loop_no_sig,11,769,0.42865105908584167,403.15384615384613,77.84615384615385,403.15384615384613,77.84615384615385,0
per_huruf_hybrid_skeleton_forced_loop_no_sig,11,770,0.42920847268673357,403.23076923076917,77.76923076923076,403.23076923076917,77.76923076923076,0
per_huruf_hybrid_skeleton_forced_loop_no_sig,11,771,0.4297658862876254,403.30769230769226,77.69230769230768,403.30769230769226,77.69230769230768,0
per_huruf_hybrid_skeleton_forced_loop_no_sig,11,772,0.43032329988851725,403.3846153846154,77.61538461538463,403.3846153846154,77.61538461538463,0
per_huruf_hybrid_skeleton_forced_loop_no_sig,11,773,0.43088071348940915,403.4615384615385,77.53846153846155,403.4615384615385,77.53846153846155,0
per_huruf_hybrid_skeleton_forced_loop_no_sig,11,774,0.431438127090301,403.53846153846155,77.46153846153847,403.53846153846155,77.46153846153847,0
per_huruf_hybrid_skeleton_forced_loop_no_sig,11,775,0.43199554069119284,403.6153846153846,77.38461538461539,403.6153846153846,77.38461538461539,0
per_huruf_hybrid_skeleton_forced_loop_no_sig,11,776,0.43255295429208473,403.6923076923077,77.3076923076923,403.6923076923077,77.3076923076923,0
per_huruf_hybrid_skeleton_forced_loop_no_sig,11,777,0.4331103678929766,403.7692307692307,77.23076923076923,403.7692307692307,77.23076923076923,0
per_huruf_hybrid_skeleton_forced_loop_no_sig,11,778,0.4336677814938684,403.84615384615387,77.15384615384616,403.84615384615387,77.15384615384616,0
per_huruf_hybrid_skeleton_forced_loop_no_sig,11,779,0.4342251950947603,403.9230769230769,77.07692307692307,403.9230769230769,77.07692307692307,0
per_huruf_hybrid_skeleton_forced_loop_no_sig,11,780,0.43478260869565216,404.0,77.0,404.0,77.0,0
per_huruf_hybrid_skeleton_forced_loop_no_sig,11,781,0.435340022296544,404.07692307692315,76.92034592626311,404.07692307692315,76.92034592626311,0
per_huruf_hybrid_skeleton_forced_loop_no_sig,11,782,0.4358974358974359,404.1538461538462,76.83614019116979,404.1538461538462,76.83614019116979,0
per_huruf_hybrid_skeleton_forced_loop_no_sig,11,783,0.43645484949832775,404.23076923076917,76.748748293127,404.23076923076917,76.748748293127,0
per_huruf_hybrid_skeleton_forced_loop_no_sig,11,784,0.4370122630992196,404.30769230769226,76.65953573054165,404.30769230769226,76.65953573054165,0
per_huruf_hybrid_skeleton_forced_loop_no_sig,11,785,0.4375696767001115,404.3846153846154,76.56986800182068,404.3846153846154,76.56986800182068,0
per_huruf_hybrid_skeleton_forced_loop_no_sig,11,786,0.43812709030100333,404.4615384615385,76.48111060537097,404.4615384615385,76.48111060537097,0
per_huruf_hybrid_skeleton_forced_loop_no_sig,11,787,0.4386845039018952,404.53846153846155,76.39462903959945,404.53846153846155,76.39462903959945,0
per_huruf_hybrid_skeleton_forced_loop_no_sig,11,788,0.43924191750278707,404.6153846153846,76.31178880291307,404.6153846153846,76.31178880291307,0
per_huruf_hybrid_skeleton_forced_loop_no_sig,11,789,0.4397993311036789,404.6923076923077,76.2339553937187,404.6923076923077,76.2339553937187,0
per_huruf_hybrid_skeleton_forced_loop_no_sig,11,790,0.44035674470457076,404.7692307692307,76.16249431042331,404.7692307692307,76.16249431042331,0
per_huruf_hybrid_skeleton_forced_loop_no_sig,11,791,0.44091415830546266,404.84615384615387,76.09877105143377,404.84615384615387,76.09877105143377,0
per_huruf_hybrid_skeleton_forced_loop_no_sig,11,792,0.4414715719063545,404.9230769230769,76.04415111515704,404.9230769230769,76.04415111515704,0
per_huruf_hybrid_skeleton_forced_loop_no_sig,11,793,0.44202898550724634,405.0,76.0,405.0,76.0,0
per_huruf_hybrid_skeleton_forced_loop_no_sig,11,794,0.44258639910813824,405.07692307692315,75.96995903504781,405.07692307692315,75.96995903504781,0
per_huruf_hybrid_skeleton_forced_loop_no_sig,11,795,0.4431438127090301,405.1538461538462,75.95493855257169,405.1538461538462,75.95493855257169,0
per_huruf_hybrid_skeleton_forced_loop_no_sig,11,796,0.443701226309922,405.23076923076917,75.95220755575784,405.23076923076917,75.95220755575784,0
per_huruf_hybrid_skeleton_forced_loop_no_sig,11,797,0.4442586399108138,405.3076923076923,75.95903504779244,405.3076923076923,75.95903504779244,0
per_huruf_hybrid_skeleton_forced_loop_no_sig,11,798,0.44481605351170567,405.3846153846154,75.97269003186165,405.3846153846154,75.97269003186165,0
per_huruf_hybrid_skeleton_forced_loop_no_sig,11,799,0.44537346711259757,405.4615384615385,75.99044151115157,405.4615384615385,75.99044151115157,0
per_huruf_hybrid_skeleton_forced_loop_no_sig,11,800,0.4459308807134894,405.53846153846155,76.00955848884843,405.53846153846155,76.00955848884843,0
per_huruf_hybrid_skeleton_forced_loop_no_sig,11,801,0.44648829431438125,405.61538461538464,76.02730996813838,405.61538461538464,76.02730996813838,0
per_huruf_hybrid_skeleton_forced_loop_no_sig,11,802,0.44704570791527315,405.6923076923077,76.04096495220756,405.6923076923077,76.04096495220756,0
per_huruf_hybrid_skeleton_forced_loop_no_sig,11,803,0.447603121516165,405.7692307692307,76.04779244424215,405.7692307692307,76.04779244424215,0
per_huruf_hybrid_skeleton_forced_loop_no_sig,11,804,0.44816053511705684,405.84615384615387,76.04506144742831,405.84615384615387,76.04506144742831,0
per_huruf_hybrid_skeleton_forced_loop_no_sig,11,805,0.44871794871794873,405.9230769230769,76.0300409649522,405.9230769230769,76.0300409649522,0
per_huruf_hybrid_skeleton_forced_loop_no_sig,11,806,0.4492753623188406,406.0,76.0,406.0,76.0,0
per_huruf_hybrid_skeleton_forced_loop_no_sig,11,807,0.4498327759197324,406.0769230769231,75.95311788802914,406.0769230769231,75.95311788802914,0
per_huruf_hybrid_skeleton_forced_loop_no_sig,11,808,0.4503901895206243,406.15384615384613,75.89121529358215,406.15384615384613,75.89121529358215,0
per_huruf_hybrid_skeleton_forced_loop_no_sig,11,809,0.45094760312151616,406.23076923076917,75.81702321347291,406.23076923076917,75.81702321347291,0
per_huruf_hybrid_skeleton_forced_loop_no_sig,11,810,0.451505016722408,406.30769230769226,75.73327264451524,406.30769230769226,75.73327264451524,0
per_huruf_hybrid_skeleton_forced_loop_no_sig,11,811,0.4520624303232999,406.3846153846154,75.642694583523,406.3846153846154,75.642694583523,0
per_huruf_hybrid_skeleton_forced_loop_no_sig,11,812,0.45261984392419174,406.4615384615385,75.54802002730997,406.4615384615385,75.54802002730997,0
per_huruf_hybrid_skeleton_forced_loop_no_sig,11,813,0.4531772575250836,406.53846153846155,75.45197997269003,406.53846153846155,75.45197997269003,0
per_huruf_hybrid_skeleton_forced_loop_no_sig,11,814,0.4537346711259755,406.61538461538464,75.35730541647703,406.61538461538464,75.35730541647703,0
per_huruf_hybrid_skeleton_forced_loop_no_sig,11,815,0.45429208472686733,406.6923076923077,75.26672735548475,406.6923076923077,75.26672735548475,0
per_huruf_hybrid_skeleton_forced_loop_no_sig,11,816,0.45484949832775917,406.7692307692307,75.18297678652708,406.7692307692307,75.18297678652708,0
per_huruf_hybrid_skeleton_forced_loop_no_sig,11,817,0.45540691192865107,406.84615384615387,75.10878470641785,406.84615384615387,75.10878470641785,0
per_huruf_hybrid_skeleton_forced_loop_no_sig,11,818,0.4559643255295429,406.9230769230769,75.04688211197086,406.9230769230769,75.04688211197086,0
per_huruf_hybrid_skeleton_forced_loop_no_sig,11,819,0.45652173913043476,407.0,75.0,407.0,75.0,0
per_huruf_hybrid_skeleton_forced_loop_no_sig,11,820,0.45707915273132665,407.0769230769231,74.96995903504781,407.0769230769231,74.96995903504781,0
per_huruf_hybrid_skeleton_forced_loop_no_sig,11,821,0.4576365663322185,407.1538461538461,74.95493855257169,407.1538461538461,74.95493855257169,0
per_huruf_hybrid_skeleton_forced_loop_no_sig,11,822,0.45819397993311034,407.23076923076917,74.95220755575785,407.23076923076917,74.95220755575785,0
per_huruf_hybrid_skeleton_forced_loop_no_sig,11,823,0.45875139353400224,407.3076923076923,74.95903504779243,407.3076923076923,74.95903504779243,0
per_huruf_hybrid_skeleton_forced_loop_no_sig,11,824,0.4593088071348941,407.3846153846154,74.97269003186165,407.3846153846154,74.97269003186165,0
per_huruf_hybrid_skeleton_forced_loop_no_sig,11,825,0.4598662207357859,407.46153846153845,74.99044151115157,407.46153846153845,74.99044151115157,0
per_huruf_hybrid_skeleton_forced_loop_no_sig,11,826,0.4604236343366778,407.5384615384615,75.00955848884843,407.5384615384615,75.00955848884843,0
per_huruf_hybrid_skeleton_forced_loop_no_sig,11,827,0.46098104793756967,407.6153846153846,75.02730996813838,407.6153846153846,75.02730996813838,0
per_huruf_hybrid_skeleton_forced_loop_no_sig,11,828,0.4615384615384615,407.6923076923077,75.04096495220756,407.6923076923077,75.04096495220756,0
per_huruf_hybrid_skeleton_forced_loop_no_sig,11,829,0.4620958751393534,407.7692307692307,75.04779244424213,407.7692307692307,75.04779244424213,0
per_huruf_hybrid_skeleton_forced_loop_no_sig,11,830,0.46265328874024525,407.84615384615387,75.04506144742831,407.84615384615387,75.04506144742831,0
per_huruf_hybrid_skeleton_forced_loop_no_sig,11,831,0.4632107023411371,407.9230769230769,75.0300409649522,407.9230769230769,75.0300409649522,0
per_huruf_hybrid_skeleton_forced_loop_no_sig,11,832,0.463768115942029,408.0,75.0,408.0,75.0,0
per_huruf_hybrid_skeleton_forced_loop_no_sig,11,833,0.46432552954292083,408.07692307692315,74.95311788802914,408.07692307692315,74.95311788802914,0
per_huruf_hybrid_skeleton_forced_loop_no_sig,11,834,0.4648829431438127,408.15384615384613,74.89121529358216,408.15384615384613,74.89121529358216,0
per_huruf_hybrid_skeleton_forced_loop_no_sig,11,835,0.4654403567447046,408.23076923076917,74.81702321347292,408.23076923076917,74.81702321347292,0
per_huruf_hybrid_skeleton_forced_loop_no_sig,11,836,0.4659977703455964,408.30769230769226,74.73327264451524,408.30769230769226,74.73327264451524,0
per_huruf_hybrid_skeleton_forced_loop_no_sig,11,837,0.46655518394648826,408.3846153846154,74.642694583523,408.3846153846154,74.642694583523,0
per_huruf_hybrid_skeleton_forced_loop_no_sig,11,838,0.46711259754738016,408.4615384615385,74.54802002730997,408.4615384615385,74.54802002730997,0
per_huruf_hybrid_skeleton_forced_loop_no_sig,11,839,0.467670011148272,408.53846153846155,74.45197997269004,408.53846153846155,74.45197997269004,0
per_huruf_hybrid_skeleton_forced_loop_no_sig,11,840,0.46822742474916385,408.6153846153846,74.35730541647702,408.6153846153846,74.35730541647702,0
per_huruf_hybrid_skeleton_forced_loop_no_sig,11,841,0.46878483835005574,408.6923076923077,74.26672735548476,408.6923076923077,74.26672735548476,0
per_huruf_hybrid_skeleton_forced_loop_no_sig,11,842,0.4693422519509476,408.7692307692307,74.18297678652708,408.7692307692307,74.18297678652708,0
per_huruf_hybrid_skeleton_forced_loop_no_sig,11,843,0.46989966555183943,408.84615384615387,74.10878470641785,408.84615384615387,74.10878470641785,0
per_huruf_hybrid_skeleton_forced_loop_no_sig,11,844,0.47045707915273133,408.9230769230769,74.04688211197087,408.9230769230769,74.04688211197087,0
per_huruf_hybrid_skeleton_forced_loop_no_sig,11,845,0.47101449275362317,409.0,74.0,409.0,74.0,0
per_huruf_hybrid_skeleton_forced_loop_no_sig,11,846,0.47157190635451507,409.0769230769231,73.9699590350478,409.0769230769231,73.9699590350478,0
per_huruf_hybrid_skeleton_forced_loop_no_sig,11,847,0.4721293199554069,409.15384615384613,73.95493855257169,409.15384615384613,73.95493855257169,0
per_huruf_hybrid_skeleton_forced_loop_no_sig,11,848,0.47268673355629875,409.23076923076917,73.95220755575785,409.23076923076917,73.95220755575785,0
per_huruf_hybrid_skeleton_forced_loop_no_sig,11,849,0.47324414715719065,409.30769230769226,73.95903504779244,409.30769230769226,73.95903504779244,0
per_huruf_hybrid_skeleton_forced_loop_no_sig,11,850,0.4738015607580825,409.38461538461536,73.97269003186165,409.38461538461536,73.97269003186165,0
per_huruf_hybrid_skeleton_forced_loop_no_sig,11,851,0.47435897435897434,409.4615384615385,73.99044151115157,409.4615384615385,73.99044151115157,0
per_huruf_hybrid_skeleton_forced_loop_no_sig,11,852,0.47491638795986624,409.53846153846155,74.00955848884843,409.53846153846155,74.00955848884843,0
per_huruf_hybrid_skeleton_forced_loop_no_sig,11,853,0.4754738015607581,409.61538461538464,74.02730996813837,409.61538461538464,74.02730996813837,0
per_huruf_hybrid_skeleton_forced_loop_no_sig,11,854,0.4760312151616499,409.6923076923077,74.04096495220756,409.6923076923077,74.04096495220756,0
per_huruf_hybrid_skeleton_forced_loop_no_sig,11,855,0.4765886287625418,409.7692307692307,74.04779244424215,409.7692307692307,74.04779244424215,0
per_huruf_hybrid_skeleton_forced_loop_no_sig,11,856,0.47714604236343366,409.8461538461539,74.04506144742831,409.8461538461539,74.04506144742831,0
per_huruf_hybrid_skeleton_forced_loop_no_sig,11,857,0.4777034559643255,409.9230769230769,74.0300409649522,409.9230769230769,74.0300409649522,0
per_huruf_hybrid_skeleton_forced_loop_no_sig,11,858,0.4782608695652174,410.0,74.0,410.0,74.0,0
per_huruf_hybrid_skeleton_forced_loop_no_sig,11,859,0.47881828316610925,410.07692307692315,73.95584888484298,410.07692307692315,73.95584888484298,0
per_huruf_hybrid_skeleton_forced_loop_no_sig,11,860,0.4793756967670011,410.15384615384613,73.90122894856623,410.15384615384613,73.90122894856623,0
per_huruf_hybrid_skeleton_forced_loop_no_sig,11,861,0.479933110367893,410.23076923076917,73.83750568957669,410.23076923076917,73.83750568957669,0
per_huruf_hybrid_skeleton_forced_loop_no_sig,11,862,0.48049052396878483,410.30769230769226,73.76604460628127,410.30769230769226,73.76604460628127,0
per_huruf_hybrid_skeleton_forced_loop_no_sig,11,863,0.4810479375696767,410.3846153846154,73.68821119708693,410.3846153846154,73.68821119708693,0
per_huruf_hybrid_skeleton_forced_loop_no_sig,11,864,0.4816053511705686,410.46153846153845,73.60537096040053,410.46153846153845,73.60537096040053,0
per_huruf_hybrid_skeleton_forced_loop_no_sig,11,865,0.4821627647714604,410.53846153846155,73.51888939462903,410.53846153846155,73.51888939462903,0
per_huruf_hybrid_skeleton_forced_loop_no_sig,11,866,0.48272017837235226,410.61538461538464,73.43013199817933,410.61538461538464,73.43013199817933,0
per_huruf_hybrid_skeleton_forced_loop_no_sig,11,867,0.48327759197324416,410.6923076923077,73.34046426945835,410.6923076923077,73.34046426945835,0
per_huruf_hybrid_skeleton_forced_loop_no_sig,11,868,0.483835005574136,410.7692307692307,73.251251706873,410.7692307692307,73.251251706873,0
per_huruf_hybrid_skeleton_forced_loop_no_sig,11,869,0.48439241917502784,410.84615384615387,73.16385980883022,410.84615384615387,73.16385980883022,0
per_huruf_hybrid_skeleton_forced_loop_no_sig,11,870,0.48494983277591974,410.9230769230769,73.07965407373692,410.9230769230769,73.07965407373692,0
per_huruf_hybrid_skeleton_forced_loop_no_sig,11,871,0.4855072463768116,411.0,73.0,411.0,73.0,0
per_huruf_hybrid_skeleton_forced_loop_no_sig,11,872,0.48606465997770343,411.07692307692315,72.9203459262631,411.07692307692315,72.9203459262631,0
per_huruf_hybrid_skeleton_forced_loop_no_sig,11,873,0.4866220735785953,411.1538461538462,72.83614019116979,411.1538461538462,72.83614019116979,0
per_huruf_hybrid_skeleton_forced_loop_no_sig,11,874,0.48717948717948717,411.23076923076917,72.74874829312698,411.23076923076917,72.74874829312698,0
per_huruf_hybrid_skeleton_forced_loop_no_sig,11,875,0.487736900780379,411.30769230769226,72.65953573054165,411.30769230769226,72.65953573054165,0
per_huruf_hybrid_skeleton_forced_loop_no_sig,11,876,0.4882943143812709,411.3846153846154,72.56986800182067,411.3846153846154,72.56986800182067,0
per_huruf_hybrid_skeleton_forced_loop_no_sig,11,877,0.48885172798216275,411.46153846153845,72.48111060537097,411.46153846153845,72.48111060537097,0
per_huruf_hybrid_skeleton_forced_loop_no_sig,11,878,0.4894091415830546,411.53846153846155,72.39462903959945,411.53846153846155,72.39462903959945,0
per_huruf_hybrid_skeleton_forced_loop_no_sig,11,879,0.4899665551839465,411.61538461538464,72.31178880291307,411.61538461538464,72.31178880291307,0
per_huruf_hybrid_skeleton_forced_loop_no_sig,11,880,0.49052396878483834,411.6923076923077,72.2339553937187,411.6923076923077,72.2339553937187,0
per_huruf_hybrid_skeleton_forced_loop_no_sig,11,881,0.4910813823857302,411.7692307692307,72.1624943104233,411.7692307692307,72.1624943104233,0
per_huruf_hybrid_skeleton_forced_loop_no_sig,11,882,0.4916387959866221,411.84615384615387,72.09877105143377,411.84615384615387,72.09877105143377,0
per_huruf_hybrid_skeleton_forced_loop_no_sig,11,883,0.4921962095875139,411.9230769230769,72.04415111515704,411.9230769230769,72.04415111515704,0
per_huruf_hybrid_skeleton_forced_loop_no_sig,11,884,0.49275362318840576,412.0,72.0,412.0,72.0,0
per_huruf_hybrid_skeleton_forced_loop_no_sig,11,885,0.49331103678929766,412.0769230769231,71.96995903504781,412.0769230769231,71.96995903504781,0
per_huruf_hybrid_skeleton_forced_loop_no_sig,11,886,0.4938684503901895,412.1538461538462,71.9549385525717,412.1538461538462,71.9549385525717,0
per_huruf_hybrid_skeleton_forced_loop_no_sig,11,887,0.49442586399108135,412.23076923076917,71.95220755575784,412.23076923076917,71.95220755575784,0
per_huruf_hybrid_skeleton_forced_loop_no_sig,11,888,0.49498327759197325,412.30769230769226,71.95903504779244,412.30769230769226,71.95903504779244,0
per_huruf_hybrid_skeleton_forced_loop_no_sig,11,889,0.4955406911928651,412.3846153846154,71.97269003186163,412.3846153846154,71.97269003186163,0
per_huruf_hybrid_skeleton_forced_loop_no_sig,11,890,0.49609810479375693,412.4615384615385,71.99044151115156,412.4615384615385,71.99044151115156,0
per_huruf_hybrid_skeleton_forced_loop_no_sig,11,891,0.49665551839464883,412.53846153846155,72.00955848884843,412.53846153846155,72.00955848884843,0
per_huruf_hybrid_skeleton_forced_loop_no_sig,11,892,0.4972129319955407,412.61538461538464,72.02730996813837,412.61538461538464,72.02730996813837,0
per_huruf_hybrid_skeleton_forced_loop_no_sig,11,893,0.4977703455964325,412.6923076923077,72.04096495220755,412.6923076923077,72.04096495220755,0
per_huruf_hybrid_skeleton_forced_loop_no_sig,11,894,0.4983277591973244,412.7692307692307,72.04779244424213,412.7692307692307,72.04779244424213,0
per_huruf_hybrid_skeleton_forced_loop_no_sig,11,895,0.49888517279821626,412.8461538461539,72.04506144742831,412.8461538461539,72.04506144742831,0
per_huruf_hybrid_skeleton_forced_loop_no_sig,11,896,0.4994425863991081,412.92307692307696,72.0300409649522,412.92307692307696,72.0300409649522,0
per_huruf_hybrid_skeleton_forced_loop_no_sig,11,897,0.5,413.0,72.0,413.0,72.0,0
per_huruf_hybrid_skeleton_forced_loop_no_sig,11,898,0.5005574136008919,413.07692307692315,71.955848884843,413.07692307692315,71.955848884843,0
per_huruf_hybrid_skeleton_forced_loop_no_sig,11,899,0.5011148272017837,413.15384615384613,71.90122894856624,413.15384615384613,71.90122894856624,0
per_huruf_hybrid_skeleton_forced_loop_no_sig,11,900,0.5016722408026756,413.2307692307692,71.83750568957667,413.2307692307692,71.83750568957667,0
per_huruf_hybrid_skeleton_forced_loop_no_sig,11,901,0.5022296544035675,413.30769230769226,71.76604460628128,413.30769230769226,71.76604460628128,0
per_huruf_hybrid_skeleton_forced_loop_no_sig,11,902,0.5027870680044593,413.3846153846154,71.68821119708693,413.3846153846154,71.68821119708693,0
per_huruf_hybrid_skeleton_forced_loop_no_sig,11,903,0.5033444816053512,413.4615384615385,71.60537096040053,413.4615384615385,71.60537096040053,0
per_huruf_hybrid_skeleton_forced_loop_no_sig,11,904,0.5039018952062431,413.53846153846155,71.51888939462904,413.53846153846155,71.51888939462904,0
per_huruf_hybrid_skeleton_forced_loop_no_sig,11,905,0.5044593088071349,413.61538461538464,71.43013199817933,413.61538461538464,71.43013199817933,0
per_huruf_hybrid_skeleton_forced_loop_no_sig,11,906,0.5050167224080268,413.6923076923076,71.34046426945835,413.6923076923076,71.34046426945835,0
per_huruf_hybrid_skeleton_forced_loop_no_sig,11,907,0.5055741360089187,413.7692307692307,71.251251706873,413.7692307692307,71.251251706873,0
per_huruf_hybrid_skeleton_forced_loop_no_sig,11,908,0.5061315496098104,413.84615384615387,71.16385980883022,413.84615384615387,71.16385980883022,0
per_huruf_hybrid_skeleton_forced_loop_no_sig,11,909,0.5066889632107023,413.9230769230769,71.07965407373692,413.9230769230769,71.07965407373692,0
per_huruf_hybrid_skeleton_forced_loop_no_sig,11,910,0.5072463768115942,414.0,71.0,414.0,71.0,0
per_huruf_hybrid_skeleton_forced_loop_no_sig,11,911,0.507803790412486,414.0769230769231,70.92307692307693,414.0769230769231,70.92307692307693,0
per_huruf_hybrid_skeleton_forced_loop_no_sig,11,912,0.5083612040133779,414.1538461538462,70.84615384615385,414.1538461538462,70.84615384615385,0
per_huruf_hybrid_skeleton_forced_loop_no_sig,11,913,0.5089186176142698,414.2307692307691,70.76923076923076,414.2307692307691,70.76923076923076,0
per_huruf_hybrid_skeleton_forced_loop_no_sig,11,914,0.5094760312151616,414.30769230769226,70.69230769230768,414.30769230769226,70.69230769230768,0
per_huruf_hybrid_skeleton_forced_loop_no_sig,11,915,0.5100334448160535,414.3846153846154,70.61538461538463,414.3846153846154,70.61538461538463,0
per_huruf_hybrid_skeleton_forced_loop_no_sig,11,916,0.5105908584169454,414.4615384615385,70.53846153846155,414.4615384615385,70.53846153846155,0
per_huruf_hybrid_skeleton_forced_loop_no_sig,11,917,0.5111482720178372,414.53846153846155,70.46153846153845,414.53846153846155,70.46153846153845,0
per_huruf_hybrid_skeleton_forced_loop_no_sig,11,918,0.5117056856187291,414.61538461538464,70.38461538461539,414.61538461538464,70.38461538461539,0
per_huruf_hybrid_skeleton_forced_loop_no_sig,11,919,0.512263099219621,414.6923076923077,70.3076923076923,414.6923076923077,70.3076923076923,0
per_huruf_hybrid_skeleton_forced_loop_no_sig,11,920,0.5128205128205128,414.7692307692307,70.23076923076923,414.7692307692307,70.23076923076923,0
per_huruf_hybrid_skeleton_forced_loop_no_sig,11,921,0.5133779264214047,414.84615384615387,70.15384615384616,414.84615384615387,70.15384615384616,0
per_huruf_hybrid_skeleton_forced_loop_no_sig,11,922,0.5139353400222966,414.9230769230769,70.07692307692308,414.9230769230769,70.07692307692308,0
per_huruf_hybrid_skeleton_forced_loop_no_sig,11,923,0.5144927536231884,415.0,70.0,415.0,70.0,0
per_huruf_hybrid_skeleton_forced_loop_no_sig,11,924,0.5150501672240803,415.07965407373695,69.92307692307695,415.07965407373695,69.92307692307695,0
per_huruf_hybrid_skeleton_forced_loop_no_sig,11,925,0.5156075808249722,415.16385980883024,69.84615384615384,415.16385980883024,69.84615384615384,0
per_huruf_hybrid_skeleton_forced_loop_no_sig,11,926,0.5161649944258639,415.25125170687295,69.76923076923076,415.25125170687295,69.76923076923076,0
per_huruf_hybrid_skeleton_forced_loop_no_sig,11,927,0.5167224080267558,415.3404642694583,69.69230769230768,415.3404642694583,69.69230769230768,0
per_huruf_hybrid_skeleton_forced_loop_no_sig,11,928,0.5172798216276477,415.4301319981794,69.61538461538461,415.4301319981794,69.61538461538461,0
per_huruf_hybrid_skeleton_forced_loop_no_sig,11,929,0.5178372352285395,415.518889394629,69.53846153846155,415.518889394629,69.53846153846155,0
per_huruf_hybrid_skeleton_forced_loop_no_sig,11,930,0.5183946488294314,415.6053709604005,69.46153846153847,415.6053709604005,69.46153846153847,0
per_huruf_hybrid_skeleton_forced_loop_no_sig,11,931,0.5189520624303233,415.68821119708696,69.38461538461539,415.68821119708696,69.38461538461539,0
per_huruf_hybrid_skeleton_forced_loop_no_sig,11,932,0.5195094760312151,415.76604460628124,69.3076923076923,415.76604460628124,69.3076923076923,0
per_huruf_hybrid_skeleton_forced_loop_no_sig,11,933,0.520066889632107,415.8375056895767,69.23076923076923,415.8375056895767,69.23076923076923,0
per_huruf_hybrid_skeleton_forced_loop_no_sig,11,934,0.5206243032329989,415.90122894856626,69.15384615384616,415.90122894856626,69.15384615384616,0
per_huruf_hybrid_skeleton_forced_loop_no_sig,11,935,0.5211817168338907,415.9558488848429,69.07692307692308,415.9558488848429,69.07692307692308,0
per_huruf_hybrid_skeleton_forced_loop_no_sig,11,936,0.5217391304347826,416.0,69.0,416.0,69.0,0
per_huruf_hybrid_skeleton_forced_loop_no_sig,11,937,0.5222965440356745,416.03004096495226,68.92307692307692,416.03004096495226,68.92307692307692,0
per_huruf_hybrid_skeleton_forced_loop_no_sig,11,938,0.5228539576365663,416.04506144742834,68.84615384615385,416.04506144742834,68.84615384615385,0
per_huruf_hybrid_skeleton_forced_loop_no_sig,11,939,0.5234113712374582,416.0477924442421,68.76923076923076,416.0477924442421,68.76923076923076,0
per_huruf_hybrid_skeleton_forced_loop_no_sig,11,940,0.5239687848383501,416.0409649522075,68.6923076923077,416.0409649522075,68.6923076923077,0
per_huruf_hybrid_skeleton_forced_loop_no_sig,11,941,0.5245261984392419,416.0273099681384,68.61538461538463,416.0273099681384,68.61538461538463,0
per_huruf_hybrid_skeleton_forced_loop_no_sig,11,942,0.5250836120401338,416.0095584888484,68.53846153846155,416.0095584888484,68.53846153846155,0
per_huruf_hybrid_skeleton_forced_loop_no_sig,11,943,0.5256410256410257,415.9904415111516,68.46153846153847,415.9904415111516,68.46153846153847,0
per_huruf_hybrid_skeleton_forced_loop_no_sig,11,944,0.5261984392419174,415.9726900318617,68.38461538461539,415.9726900318617,68.38461538461539,0
per_huruf_hybrid_skeleton_forced_loop_no_sig,11,945,0.5267558528428093,415.95903504779244,68.30769230769229,415.95903504779244,68.30769230769229,0
per_huruf_hybrid_skeleton_forced_loop_no_sig,11,946,0.5273132664437012,415.9522075557578,68.23076923076923,415.9522075557578,68.23076923076923,0
per_huruf_hybrid_skeleton_forced_loop_no_sig,11,947,0.527870680044593,415.9549385525717,68.15384615384616,415.9549385525717,68.15384615384616,0
per_huruf_hybrid_skeleton_forced_loop_no_sig,11,948,0.5284280936454849,415.96995903504774,68.07692307692308,415.96995903504774,68.07692307692308,0
per_huruf_hybrid_skeleton_forced_loop_no_sig,11,949,0.5289855072463768,416.0,68.0,416.0,68.0,0
per_huruf_hybrid_skeleton_forced_loop_no_sig,11,950,0.5295429208472686,416.04961310878474,67.92307692307693,416.04961310878474,67.92307692307693,0
per_huruf_hybrid_skeleton_forced_loop_no_sig,11,951,0.5301003344481605,416.1187983614019,67.84615384615385,416.1187983614019,67.84615384615385,0
per_huruf_hybrid_skeleton_forced_loop_no_sig,11,952,0.5306577480490524,416.2034592626308,67.76923076923076,416.2034592626308,67.76923076923076,0
per_huruf_hybrid_skeleton_forced_loop_no_sig,11,953,0.5312151616499442,416.2994993172507,67.69230769230768,416.2994993172507,67.69230769230768,0
per_huruf_hybrid_skeleton_forced_loop_no_sig,11,954,0.5317725752508361,416.402822030041,67.61538461538463,416.402822030041,67.61538461538463,0
per_huruf_hybrid_skeleton_forced_loop_no_sig,11,955,0.532329988851728,416.50933090578064,67.53846153846155,416.50933090578064,67.53846153846155,0
per_huruf_hybrid_skeleton_forced_loop_no_sig,11,956,0.5328874024526198,416.614929449249,67.46153846153845,416.614929449249,67.46153846153845,0
per_huruf_hybrid_skeleton_forced_loop_no_sig,11,957,0.5334448160535117,416.7155211652253,67.38461538461539,416.7155211652253,67.38461538461539,0
per_huruf_hybrid_skeleton_forced_loop_no_sig,11,958,0.5340022296544036,416.80700955848886,67.3076923076923,416.80700955848886,67.3076923076923,0
per_huruf_hybrid_skeleton_forced_loop_no_sig,11,959,0.5345596432552954,416.8852981338188,67.23076923076923,416.8852981338188,67.23076923076923,0
per_huruf_hybrid_skeleton_forced_loop_no_sig,11,960,0.5351170568561873,416.94629039599454,67.15384615384616,416.94629039599454,67.15384615384616,0
per_huruf_hybrid_skeleton_forced_loop_no_sig,11,961,0.5356744704570792,416.98588984979517,67.07692307692308,416.98588984979517,67.07692307692308,0
per_huruf_hybrid_skeleton_forced_loop_no_sig,11,962,0.536231884057971,417.0,67.0,417.0,67.0,0
per_huruf_hybrid_skeleton_forced_loop_no_sig,11,963,0.5367892976588629,416.9858898497952,66.92307692307693,416.9858898497952,66.92307692307693,0
per_huruf_hybrid_skeleton_forced_loop_no_sig,11,964,0.5373467112597548,416.9462903959946,66.84615384615385,416.9462903959946,66.84615384615385,0
per_huruf_hybrid_skeleton_forced_loop_no_sig,11,965,0.5379041248606465,416.8852981338188,66.76923076923076,416.8852981338188,66.76923076923076,0
per_huruf_hybrid_skeleton_forced_loop_no_sig,11,966,0.5384615384615384,416.8070095584888,66.69230769230768,416.8070095584888,66.69230769230768,0
per_huruf_hybrid_skeleton_forced_loop_no_sig,11,967,0.5390189520624303,416.71552116522537,66.61538461538463,416.71552116522537,66.61538461538463,0
per_huruf_hybrid_skeleton_forced_loop_no_sig,11,968,0.5395763656633221,416.614929449249,66.53846153846155,416.614929449249,66.53846153846155,0
per_huruf_hybrid_skeleton_forced_loop_no_sig,11,969,0.540133779264214,416.50933090578064,66.46153846153847,416.50933090578064,66.46153846153847,0
per_huruf_hybrid_skeleton_forced_loop_no_sig,11,970,0.5406911928651059,416.40282203004097,66.38461538461539,416.40282203004097,66.38461538461539,0
per_huruf_hybrid_skeleton_forced_loop_no_sig,11,971,0.5412486064659977,416.2994993172508,66.3076923076923,416.2994993172508,66.3076923076923,0
per_huruf_hybrid_skeleton_forced_loop_no_sig,11,972,0.5418060200668896,416.2034592626309,66.23076923076923,416.2034592626309,66.23076923076923,0
per_huruf_hybrid_skeleton_forced_loop_no_sig,11,973,0.5423634336677815,416.11879836140196,66.15384615384616,416.11879836140196,66.15384615384616,0
per_huruf_hybrid_skeleton_forced_loop_no_sig,11,974,0.5429208472686734,416.0496131087847,66.07692307692308,416.0496131087847,66.07692307692308,0
per_huruf_hybrid_skeleton_forced_loop_no_sig,11,975,0.5434782608695652,416.0,66.0,416.0,66.0,0
per_huruf_hybrid_skeleton_forced_loop_no_sig,11,976,0.5440356744704571,415.96995903504785,65.9203459262631,415.96995903504785,65.9203459262631,0
per_huruf_hybrid_skeleton_forced_loop_no_sig,11,977,0.544593088071349,415.9549385525717,65.83614019116978,415.9549385525717,65.83614019116978,0
per_huruf_hybrid_skeleton_forced_loop_no_sig,11,978,0.5451505016722408,415.9522075557578,65.748748293127,415.9522075557578,65.748748293127,0
per_huruf_hybrid_skeleton_forced_loop_no_sig,11,979,0.5457079152731327,415.9590350477924,65.65953573054165,415.9590350477924,65.65953573054165,0
per_huruf_hybrid_skeleton_forced_loop_no_sig,11,980,0.5462653288740246,415.97269003186165,65.56986800182067,415.97269003186165,65.56986800182067,0
per_huruf_hybrid_skeleton_forced_loop_no_sig,11,981,0.5468227424749164,415.9904415111516,65.48111060537096,415.9904415111516,65.48111060537096,0
per_huruf_hybrid_skeleton_forced_loop_no_sig,11,982,0.5473801560758083,416.0095584888484,65.39462903959945,416.0095584888484,65.39462903959945,0
per_huruf_hybrid_skeleton_forced_loop_no_sig,11,983,0.5479375696767002,416.0273099681384,65.31178880291307,416.0273099681384,65.31178880291307,0
per_huruf_hybrid_skeleton_forced_loop_no_sig,11,984,0.5484949832775919,416.04096495220756,65.2339553937187,416.04096495220756,65.2339553937187,0
per_huruf_hybrid_skeleton_forced_loop_no_sig,11,985,0.5490523968784838,416.04779244424213,65.16249431042331,416.04779244424213,65.16249431042331,0
per_huruf_hybrid_skeleton_forced_loop_no_sig,11,986,0.5496098104793757,416.04506144742834,65.09877105143377,416.04506144742834,65.09877105143377,0
per_huruf_hybrid_skeleton_forced_loop_no_sig,11,987,0.5501672240802675,416.03004096495215,65.04415111515704,416.03004096495215,65.04415111515704,0
per_huruf_hybrid_skeleton_forced_loop_no_sig,11,988,0.5507246376811594,416.0,65.0,416.0,65.0,0
per_huruf_hybrid_skeleton_forced_loop_no_sig,11,989,0.5512820512820513,415.955848884843,64.96995903504781,415.955848884843,64.96995903504781,0
per_huruf_hybrid_skeleton_forced_loop_no_sig,11,990,0.5518394648829431,415.90122894856626,64.95493855257169,415.90122894856626,64.95493855257169,0
per_huruf_hybrid_skeleton_forced_loop_no_sig,11,991,0.552396878483835,415.83750568957663,64.95220755575785,415.83750568957663,64.95220755575785,0
per_huruf_hybrid_skeleton_forced_loop_no_sig,11,992,0.5529542920847269,415.7660446062812,64.95903504779244,415.7660446062812,64.95903504779244,0
per_huruf_hybrid_skeleton_forced_loop_no_sig,11,993,0.5535117056856187,415.68821119708696,64.97269003186163,415.68821119708696,64.97269003186163,0
per_huruf_hybrid_skeleton_forced_loop_no_sig,11,994,0.5540691192865106,415.60537096040053,64.99044151115157,415.60537096040053,64.99044151115157,0
per_huruf_hybrid_skeleton_forced_loop_no_sig,11,995,0.5546265328874025,415.518889394629,65.00955848884843,415.518889394629,65.00955848884843,0
per_huruf_hybrid_skeleton_forced_loop_no_sig,11,996,0.5551839464882943,415.4301319981794,65.02730996813838,415.4301319981794,65.02730996813838,0
per_huruf_hybrid_skeleton_forced_loop_no_sig,11,997,0.5557413600891862,415.3404642694583,65.04096495220756,415.3404642694583,65.04096495220756,0
per_huruf_hybrid_skeleton_forced_loop_no_sig,11,998,0.5562987736900781,415.25125170687295,65.04779244424213,415.25125170687295,65.04779244424213,0
per_huruf_hybrid_skeleton_forced_loop_no_sig,11,999,0.5568561872909699,415.16385980883024,65.04506144742831,415.16385980883024,65.04506144742831,0
per_huruf_hybrid_skeleton_forced_loop_no_sig,11,1000,0.5574136008918618,415.0796540737369,65.0300409649522,415.0796540737369,65.0300409649522,0
per_huruf_hybrid_skeleton_forced_loop_no_sig,11,1001,0.5579710144927537,415.0,65.0,415.0,65.0,0
per_huruf_hybrid_skeleton_forced_loop_no_sig,11,1002,0.5585284280936454,414.92307692307696,64.95311788802914,414.92307692307696,64.95311788802914,0
per_huruf_hybrid_skeleton_forced_loop_no_sig,11,1003,0.5590858416945373,414.84615384615387,64.89121529358216,414.84615384615387,64.89121529358216,0
per_huruf_hybrid_skeleton_forced_loop_no_sig,11,1004,0.5596432552954292,414.7692307692308,64.81702321347291,414.7692307692308,64.81702321347291,0
per_huruf_hybrid_skeleton_forced_loop_no_sig,11,1005,0.560200668896321,414.6923076923077,64.73327264451525,414.6923076923077,64.73327264451525,0
per_huruf_hybrid_skeleton_forced_loop_no_sig,11,1006,0.5607580824972129,414.61538461538464,64.642694583523,414.61538461538464,64.642694583523,0
per_huruf_hybrid_skeleton_forced_loop_no_sig,11,1007,0.5613154960981048,414.53846153846155,64.54802002730997,414.53846153846155,64.54802002730997,0
per_huruf_hybrid_skeleton_forced_loop_no_sig,11,1008,0.5618729096989966,414.46153846153845,64.45197997269004,414.46153846153845,64.45197997269004,0
per_huruf_hybrid_skeleton_forced_loop_no_sig,11,1009,0.5624303232998885,414.38461538461536,64.35730541647702,414.38461538461536,64.35730541647702,0
per_huruf_hybrid_skeleton_forced_loop_no_sig,11,1010,0.5629877369007804,414.30769230769226,64.26672735548475,414.30769230769226,64.26672735548475,0
per_huruf_hybrid_skeleton_forced_loop_no_sig,11,1011,0.5635451505016722,414.23076923076917,64.18297678652708,414.23076923076917,64.18297678652708,0
per_huruf_hybrid_skeleton_forced_loop_no_sig,11,1012,0.5641025641025641,414.1538461538462,64.10878470641785,414.1538461538462,64.10878470641785,0
per_huruf_hybrid_skeleton_forced_loop_no_sig,11,1013,0.564659977703456,414.07692307692304,64.04688211197086,414.07692307692304,64.04688211197086,0
per_huruf_hybrid_skeleton_forced_loop_no_sig,11,1014,0.5652173913043478,414.0,64.0,414.0,64.0,0
per_huruf_hybrid_skeleton_forced_loop_no_sig,11,1015,0.5657748049052397,413.92307692307696,63.96722803823397,413.92307692307696,63.96722803823397,0
per_huruf_hybrid_skeleton_forced_loop_no_sig,11,1016,0.5663322185061316,413.84615384615387,63.94492489758762,413.84615384615387,63.94492489758762,0
per_huruf_hybrid_skeleton_forced_loop_no_sig,11,1017,0.5668896321070234,413.7692307692307,63.931725079654065,413.7692307692307,63.931725079654065,0
per_huruf_hybrid_skeleton_forced_loop_no_sig,11,1018,0.5674470457079153,413.6923076923076,63.92626308602639,413.6923076923076,63.92626308602639,0
per_huruf_hybrid_skeleton_forced_loop_no_sig,11,1019,0.5680044593088072,413.61538461538464,63.92717341829769,413.61538461538464,63.92717341829769,0
per_huruf_hybrid_skeleton_forced_loop_no_sig,11,1020,0.568561872909699,413.5384615384616,63.933090578061,413.5384615384616,63.933090578061,0
per_huruf_hybrid_skeleton_forced_loop_no_sig,11,1021,0.5691192865105908,413.46153846153845,63.94264906690942,413.46153846153845,63.94264906690942,0
per_huruf_hybrid_skeleton_forced_loop_no_sig,11,1022,0.5696767001114827,413.3846153846154,63.954483386436046,413.3846153846154,63.954483386436046,0
per_huruf_hybrid_skeleton_forced_loop_no_sig,11,1023,0.5702341137123745,413.30769230769226,63.967228038233955,413.30769230769226,63.967228038233955,0
per_huruf_hybrid_skeleton_forced_loop_no_sig,11,1024,0.5707915273132664,413.23076923076917,63.97951752389622,413.23076923076917,63.97951752389622,0
per_huruf_hybrid_skeleton_forced_loop_no_sig,11,1025,0.5713489409141583,413.1538461538462,63.989986345015936,413.1538461538462,63.989986345015936,0
per_huruf_hybrid_skeleton_forced_loop_no_sig,11,1026,0.5719063545150501,413.0769230769231,63.99726900318616,413.0769230769231,63.99726900318616,0
per_huruf_hybrid_skeleton_forced_loop_no_sig,11,1027,0.572463768115942,413.0,64.0,413.0,64.0,0
per_huruf_hybrid_skeleton_forced_loop_no_sig,11,1028,0.5730211817168339,412.923076923077,64.00273099681385,412.923076923077,64.00273099681385,0
per_huruf_hybrid_skeleton_forced_loop_no_sig,11,1029,0.5735785953177257,412.8461538461539,64.01001365498408,412.8461538461539,64.01001365498408,0
per_huruf_hybrid_skeleton_forced_loop_no_sig,11,1030,0.5741360089186176,412.76923076923066,64.02048247610377,412.76923076923066,64.02048247610377,0
per_huruf_hybrid_skeleton_forced_loop_no_sig,11,1031,0.5746934225195095,412.6923076923076,64.03277196176604,412.6923076923076,64.03277196176604,0
per_huruf_hybrid_skeleton_forced_loop_no_sig,11,1032,0.5752508361204013,412.61538461538464,64.04551661356396,412.61538461538464,64.04551661356396,0
per_huruf_hybrid_skeleton_forced_loop_no_sig,11,1033,0.5758082497212932,412.53846153846155,64.05735093309059,412.53846153846155,64.05735093309059,0
per_huruf_hybrid_skeleton_forced_loop_no_sig,11,1034,0.5763656633221851,412.46153846153845,64.06690942193902,412.46153846153845,64.06690942193902,0
per_huruf_hybrid_skeleton_forced_loop_no_sig,11,1035,0.5769230769230769,412.3846153846155,64.07282658170233,412.3846153846155,64.07282658170233,0
per_huruf_hybrid_skeleton_forced_loop_no_sig,11,1036,0.5774804905239688,412.30769230769226,64.07373691397359,412.30769230769226,64.07373691397359,0
per_huruf_hybrid_skeleton_forced_loop_no_sig,11,1037,0.5780379041248607,412.23076923076917,64.06827492034591,412.23076923076917,64.06827492034591,0
per_huruf_hybrid_skeleton_forced_loop_no_sig,11,1038,0.5785953177257525,412.1538461538462,64.05507510241239,412.1538461538462,64.05507510241239,0
per_huruf_hybrid_skeleton_forced_loop_no_sig,11,1039,0.5791527313266444,412.0769230769231,64.03277196176604,412.0769230769231,64.03277196176604,0
per_huruf_hybrid_skeleton_forced_loop_no_sig,11,1040,0.5797101449275363,412.0,64.0,412.0,64.0,0
per_huruf_hybrid_skeleton_forced_loop_no_sig,11,1041,0.580267558528428,411.92307692307696,63.953117888029134,411.92307692307696,63.953117888029134,0
per_huruf_hybrid_skeleton_forced_loop_no_sig,11,1042,0.5808249721293199,411.84615384615387,63.891215293582164,411.84615384615387,63.891215293582164,0
per_huruf_hybrid_skeleton_forced_loop_no_sig,11,1043,0.5813823857302118,411.7692307692307,63.81702321347291,411.7692307692307,63.81702321347291,0
per_huruf_hybrid_skeleton_forced_loop_no_sig,11,1044,0.5819397993311036,411.6923076923077,63.733272644515246,411.6923076923077,63.733272644515246,0
per_huruf_hybrid_skeleton_forced_loop_no_sig,11,1045,0.5824972129319955,411.61538461538464,63.642694583522996,411.61538461538464,63.642694583522996,0
per_huruf_hybrid_skeleton_forced_loop_no_sig,11,1046,0.5830546265328874,411.53846153846155,63.548020027309974,411.53846153846155,63.548020027309974,0
per_huruf_hybrid_skeleton_forced_loop_no_sig,11,1047,0.5836120401337792,411.4615384615385,63.45197997269003,411.4615384615385,63.45197997269003,0
per_huruf_hybrid_skeleton_forced_loop_no_sig,11,1048,0.5841694537346711,411.3846153846154,63.35730541647701,411.3846153846154,63.35730541647701,0
per_huruf_hybrid_skeleton_forced_loop_no_sig,11,1049,0.584726867335563,411.3076923076923,63.26672735548475,411.3076923076923,63.26672735548475,0
per_huruf_hybrid_skeleton_forced_loop_no_sig,11,1050,0.5852842809364548,411.2307692307692,63.18297678652707,411.2307692307692,63.18297678652707,0
per_huruf_hybrid_skeleton_forced_loop_no_sig,11,1051,0.5858416945373467,411.1538461538462,63.10878470641784,411.1538461538462,63.10878470641784,0
per_huruf_hybrid_skeleton_forced_loop_no_sig,11,1052,0.5863991081382386,411.0769230769231,63.046882111970866,411.0769230769231,63.046882111970866,0
per_huruf_hybrid_skeleton_forced_loop_no_sig,11,1053,0.5869565217391304,411.0,63.0,411.0,63.0,0
per_huruf_hybrid_skeleton_forced_loop_no_sig,11,1054,0.5875139353400223,410.92307692307696,62.9699590350478,410.92307692307696,62.9699590350478,0
per_huruf_hybrid_skeleton_forced_loop_no_sig,11,1055,0.5880713489409142,410.84615384615387,62.9549385525717,410.84615384615387,62.9549385525717,0
per_huruf_hybrid_skeleton_forced_loop_no_sig,11,1056,0.588628762541806,410.7692307692307,62.952207555757845,410.7692307692307,62.952207555757845,0
per_huruf_hybrid_skeleton_forced_loop_no_sig,11,1057,0.5891861761426979,410.6923076923076,62.95903504779244,410.6923076923076,62.95903504779244,0
per_huruf_hybrid_skeleton_forced_loop_no_sig,11,1058,0.5897435897435898,410.61538461538464,62.97269003186163,410.61538461538464,62.97269003186163,0
per_huruf_hybrid_skeleton_forced_loop_no_sig,11,1059,0.5903010033444815,410.53846153846155,62.99044151115157,410.53846153846155,62.99044151115157,0
per_huruf_hybrid_skeleton_forced_loop_no_sig,11,1060,0.5908584169453734,410.46153846153845,63.009558488848434,410.46153846153845,63.009558488848434,0
per_huruf_hybrid_skeleton_forced_loop_no_sig,11,1061,0.5914158305462653,410.38461538461536,63.027309968138375,410.38461538461536,63.027309968138375,0
per_huruf_hybrid_skeleton_forced_loop_no_sig,11,1062,0.5919732441471571,410.30769230769226,63.04096495220756,410.30769230769226,63.04096495220756,0
per_huruf_hybrid_skeleton_forced_loop_no_sig,11,1063,0.592530657748049,410.23076923076917,63.04779244424214,410.23076923076917,63.04779244424214,0
per_huruf_hybrid_skeleton_forced_loop_no_sig,11,1064,0.5930880713489409,410.1538461538462,63.04506144742831,410.1538461538462,63.04506144742831,0
per_huruf_hybrid_skeleton_forced_loop_no_sig,11,1065,0.5936454849498327,410.07692307692304,63.03004096495221,410.07692307692304,63.03004096495221,0
per_huruf_hybrid_skeleton_forced_loop_no_sig,11,1066,0.5942028985507246,410.0,63.0,410.0,63.0,0
per_huruf_hybrid_skeleton_forced_loop_no_sig,11,1067,0.5947603121516165,409.923076923077,62.95311788802914,409.923076923077,62.95311788802914,0
per_huruf_hybrid_skeleton_forced_loop_no_sig,11,1068,0.5953177257525083,409.84615384615387,62.891215293582164,409.84615384615387,62.891215293582164,0
per_huruf_hybrid_skeleton_forced_loop_no_sig,11,1069,0.5958751393534002,409.7692307692307,62.817023213472915,409.7692307692307,62.817023213472915,0
per_huruf_hybrid_skeleton_forced_loop_no_sig,11,1070,0.5964325529542921,409.6923076923077,62.73327264451524,409.6923076923077,62.73327264451524,0
per_huruf_hybrid_skeleton_forced_loop_no_sig,11,1071,0.5969899665551839,409.6153846153846,62.642694583522996,409.6153846153846,62.642694583522996,0
per_huruf_hybrid_skeleton_forced_loop_no_sig,11,1072,0.5975473801560758,409.5384615384616,62.548020027309974,409.5384615384616,62.548020027309974,0
per_huruf_hybrid_skeleton_forced_loop_no_sig,11,1073,0.5981047937569677,409.46153846153845,62.451979972690026,409.46153846153845,62.451979972690026,0
per_huruf_hybrid_skeleton_forced_loop_no_sig,11,1074,0.5986622073578595,409.3846153846154,62.35730541647701,409.3846153846154,62.35730541647701,0
per_huruf_hybrid_skeleton_forced_loop_no_sig,11,1075,0.5992196209587514,409.3076923076923,62.26672735548475,409.3076923076923,62.26672735548475,0
per_huruf_hybrid_skeleton_forced_loop_no_sig,11,1076,0.5997770345596433,409.23076923076917,62.18297678652708,409.23076923076917,62.18297678652708,0
per_huruf_hybrid_skeleton_forced_loop_no_sig,11,1077,0.6003344481605352,409.1538461538462,62.10878470641784,409.1538461538462,62.10878470641784,0
per_huruf_hybrid_skeleton_forced_loop_no_sig,11,1078,0.600891861761427,409.0769230769231,62.046882111970866,409.0769230769231,62.046882111970866,0
per_huruf_hybrid_skeleton_forced_loop_no_sig,11,1079,0.6014492753623188,409.0,62.0,409.0,62.0,0
per_huruf_hybrid_skeleton_forced_loop_no_sig,11,1080,0.6020066889632107,408.92307692307696,61.96722803823397,408.92307692307696,61.96722803823397,0
per_huruf_hybrid_skeleton_forced_loop_no_sig,11,1081,0.6025641025641025,408.84615384615387,61.94492489758762,408.84615384615387,61.94492489758762,0
per_huruf_hybrid_skeleton_forced_loop_no_sig,11,1082,0.6031215161649944,408.7692307692307,61.93172507965407,408.7692307692307,61.93172507965407,0
per_huruf_hybrid_skeleton_forced_loop_no_sig,11,1083,0.6036789297658863,408.6923076923076,61.926263086026395,408.6923076923076,61.926263086026395,0
per_huruf_hybrid_skeleton_forced_loop_no_sig,11,1084,0.6042363433667781,408.61538461538464,61.927173418297684,408.61538461538464,61.927173418297684,0
per_huruf_hybrid_skeleton_forced_loop_no_sig,11,1085,0.60479375696767,408.53846153846155,61.933090578061,408.53846153846155,61.933090578061,0
per_huruf_hybrid_skeleton_forced_loop_no_sig,11,1086,0.6053511705685619,408.46153846153845,61.942649066909425,408.46153846153845,61.942649066909425,0
per_huruf_hybrid_skeleton_forced_loop_no_sig,11,1087,0.6059085841694537,408.3846153846154,61.95448338643605,408.3846153846154,61.95448338643605,0
per_huruf_hybrid_skeleton_forced_loop_no_sig,11,1088,0.6064659977703456,408.30769230769226,61.967228038233955,408.30769230769226,61.967228038233955,0
per_huruf_hybrid_skeleton_forced_loop_no_sig,11,1089,0.6070234113712375,408.23076923076917,61.97951752389621,408.23076923076917,61.97951752389621,0
per_huruf_hybrid_skeleton_forced_loop_no_sig,11,1090,0.6075808249721293,408.1538461538462,61.98998634501593,408.1538461538462,61.98998634501593,0
per_huruf_hybrid_skeleton_forced_loop_no_sig,11,1091,0.6081382385730212,408.07692307692304,61.99726900318616,408.07692307692304,61.99726900318616,0
per_huruf_hybrid_skeleton_forced_loop_no_sig,11,1092,0.6086956521739131,408.0,62.0,408.0,62.0,0
per_huruf_hybrid_skeleton_forced_loop_no_sig,11,1093,0.6092530657748049,407.92307692307696,62.000000000000014,407.92307692307696,62.000000000000014,0
per_huruf_hybrid_skeleton_forced_loop_no_sig,11,1094,0.6098104793756968,407.84615384615387,62.0,407.84615384615387,62.0,0
per_huruf_hybrid_skeleton_forced_loop_no_sig,11,1095,0.6103678929765887,407.76923076923066,61.99999999999999,407.76923076923066,61.99999999999999,0
per_huruf_hybrid_skeleton_forced_loop_no_sig,11,1096,0.6109253065774805,407.6923076923077,61.99999999999999,407.6923076923077,61.99999999999999,0
per_huruf_hybrid_skeleton_forced_loop_no_sig,11,1097,0.6114827201783724,407.61538461538464,62.0,407.61538461538464,62.0,0
per_huruf_hybrid_skeleton_forced_loop_no_sig,11,1098,0.6120401337792643,407.53846153846155,62.00000000000001,407.53846153846155,62.00000000000001,0
per_huruf_hybrid_skeleton_forced_loop_no_sig,11,1099,0.612597547380156,407.46153846153845,62.0,407.46153846153845,62.0,0
per_huruf_hybrid_skeleton_forced_loop_no_sig,11,1100,0.6131549609810479,407.38461538461536,62.00000000000001,407.38461538461536,62.00000000000001,0
per_huruf_hybrid_skeleton_forced_loop_no_sig,11,1101,0.6137123745819398,407.3076923076923,62.0,407.3076923076923,62.0,0
per_huruf_hybrid_skeleton_forced_loop_no_sig,11,1102,0.6142697881828316,407.23076923076917,61.99999999999999,407.23076923076917,61.99999999999999,0
per_huruf_hybrid_skeleton_forced_loop_no_sig,11,1103,0.6148272017837235,407.1538461538462,62.0,407.1538461538462,62.0,0
per_huruf_hybrid_skeleton_forced_loop_no_sig,11,1104,0.6153846153846154,407.07692307692304,62.0,407.07692307692304,62.0,0
per_huruf_hybrid_skeleton_forced_loop_no_sig,11,1105,0.6159420289855072,407.0,62.0,407.0,62.0,0
per_huruf_hybrid_skeleton_forced_loop_no_sig,11,1106,0.6164994425863991,406.92307692307696,62.000000000000014,406.92307692307696,62.000000000000014,0
per_huruf_hybrid_skeleton_forced_loop_no_sig,11,1107,0.617056856187291,406.8461538461539,62.0,406.8461538461539,62.0,0
per_huruf_hybrid_skeleton_forced_loop_no_sig,11,1108,0.6176142697881828,406.7692307692307,61.99999999999999,406.7692307692307,61.99999999999999,0
per_huruf_hybrid_skeleton_forced_loop_no_sig,11,1109,0.6181716833890747,406.6923076923077,61.99999999999999,406.6923076923077,61.99999999999999,0
per_huruf_hybrid_skeleton_forced_loop_no_sig,11,1110,0.6187290969899666,406.61538461538464,62.0,406.61538461538464,62.0,0
per_huruf_hybrid_skeleton_forced_loop_no_sig,11,1111,0.6192865105908584,406.53846153846155,62.00000000000001,406.53846153846155,62.00000000000001,0
per_huruf_hybrid_skeleton_forced_loop_no_sig,11,1112,0.6198439241917503,406.46153846153845,62.0,406.46153846153845,62.0,0
per_huruf_hybrid_skeleton_forced_loop_no_sig,11,1113,0.6204013377926422,406.38461538461536,62.00000000000001,406.38461538461536,62.00000000000001,0
per_huruf_hybrid_skeleton_forced_loop_no_sig,11,1114,0.620958751393534,406.30769230769226,62.0,406.30769230769226,62.0,0
per_huruf_hybrid_skeleton_forced_loop_no_sig,11,1115,0.6215161649944259,406.23076923076917,61.99999999999999,406.23076923076917,61.99999999999999,0
per_huruf_hybrid_skeleton_forced_loop_no_sig,11,1116,0.6220735785953178,406.1538461538462,62.0,406.1538461538462,62.0,0
per_huruf_hybrid_skeleton_forced_loop_no_sig,11,1117,0.6226309921962095,406.07692307692304,62.0,406.07692307692304,62.0,0
per_huruf_hybrid_skeleton_forced_loop_no_sig,11,1118,0.6231884057971014,406.0,62.0,406.0,62.0,0
per_huruf_hybrid_skeleton_forced_loop_no_sig,11,1119,0.6237458193979933,405.92307692307696,62.00273099681385,405.92307692307696,62.00273099681385,0
per_huruf_hybrid_skeleton_forced_loop_no_sig,11,1120,0.6243032329988851,405.8461538461539,62.01001365498407,405.8461538461539,62.01001365498407,0
per_huruf_hybrid_skeleton_forced_loop_no_sig,11,1121,0.624860646599777,405.7692307692307,62.02048247610377,405.7692307692307,62.02048247610377,0
per_huruf_hybrid_skeleton_forced_loop_no_sig,11,1122,0.6254180602006689,405.6923076923077,62.03277196176604,405.6923076923077,62.03277196176604,0
per_huruf_hybrid_skeleton_forced_loop_no_sig,11,1123,0.6259754738015607,405.61538461538464,62.04551661356396,405.61538461538464,62.04551661356396,0
per_huruf_hybrid_skeleton_forced_loop_no_sig,11,1124,0.6265328874024526,405.5384615384616,62.05735093309058,405.5384615384616,62.05735093309058,0
per_huruf_hybrid_skeleton_forced_loop_no_sig,11,1125,0.6270903010033445,405.46153846153845,62.066909421939,405.46153846153845,62.066909421939,0
per_huruf_hybrid_skeleton_forced_loop_no_sig,11,1126,0.6276477146042363,405.3846153846154,62.07282658170232,405.3846153846154,62.07282658170232,0
per_huruf_hybrid_skeleton_forced_loop_no_sig,11,1127,0.6282051282051282,405.3076923076923,62.073736913973605,405.3076923076923,62.073736913973605,0
per_huruf_hybrid_skeleton_forced_loop_no_sig,11,1128,0.6287625418060201,405.23076923076917,62.068274920345914,405.23076923076917,62.068274920345914,0
per_huruf_hybrid_skeleton_forced_loop_no_sig,11,1129,0.6293199554069119,405.1538461538462,62.05507510241238,405.1538461538462,62.05507510241238,0
per_huruf_hybrid_skeleton_forced_loop_no_sig,11,1130,0.6298773690078038,405.0769230769231,62.032771961766045,405.0769230769231,62.032771961766045,0
per_huruf_hybrid_skeleton_forced_loop_no_sig,11,1131,0.6304347826086957,405.0,62.0,405.0,62.0,0
per_huruf_hybrid_skeleton_forced_loop_no_sig,11,1132,0.6309921962095875,404.92034592626317,61.95584888484298,404.92034592626317,61.95584888484298,0
per_huruf_hybrid_skeleton_forced_loop_no_sig,11,1133,0.6315496098104794,404.83614019116976,61.90122894856623,404.83614019116976,61.90122894856623,0
per_huruf_hybrid_skeleton_forced_loop_no_sig,11,1134,0.6321070234113713,404.748748293127,61.83750568957669,404.748748293127,61.83750568957669,0
per_huruf_hybrid_skeleton_forced_loop_no_sig,11,1135,0.632664437012263,404.6595357305417,61.76604460628129,404.6595357305417,61.76604460628129,0
per_huruf_hybrid_skeleton_forced_loop_no_sig,11,1136,0.633221850613155,404.56986800182074,61.68821119708694,404.56986800182074,61.68821119708694,0
per_huruf_hybrid_skeleton_forced_loop_no_sig,11,1137,0.6337792642140468,404.48111060537104,61.60537096040055,404.48111060537104,61.60537096040055,0
per_huruf_hybrid_skeleton_forced_loop_no_sig,11,1138,0.6343366778149386,404.39462903959947,61.51888939462904,404.39462903959947,61.51888939462904,0
per_huruf_hybrid_skeleton_forced_loop_no_sig,11,1139,0.6348940914158305,404.3117888029131,61.43013199817934,404.3117888029131,61.43013199817934,0
per_huruf_hybrid_skeleton_forced_loop_no_sig,11,1140,0.6354515050167224,404.2339553937187,61.340464269458344,404.2339553937187,61.340464269458344,0
per_huruf_hybrid_skeleton_forced_loop_no_sig,11,1141,0.6360089186176142,404.16249431042326,61.251251706873006,404.16249431042326,61.251251706873006,0
per_huruf_hybrid_skeleton_forced_loop_no_sig,11,1142,0.6365663322185061,404.0987710514338,61.163859808830225,404.0987710514338,61.163859808830225,0
per_huruf_hybrid_skeleton_forced_loop_no_sig,11,1143,0.637123745819398,404.04415111515704,61.07965407373691,404.04415111515704,61.07965407373691,0
per_huruf_hybrid_skeleton_forced_loop_no_sig,11,1144,0.6376811594202898,404.0,61.0,404.0,61.0,0
per_huruf_hybrid_skeleton_forced_loop_no_sig,11,1145,0.6382385730211817,403.9644970414202,60.92307692307693,403.9644970414202,60.92307692307693,0
per_huruf_hybrid_skeleton_forced_loop_no_sig,11,1146,0.6387959866220736,403.93491124260356,60.84615384615385,403.93491124260356,60.84615384615385,0
per_huruf_hybrid_skeleton_forced_loop_no_sig,11,1147,0.6393534002229654,403.9112426035502,60.76923076923076,403.9112426035502,60.76923076923076,0
per_huruf_hybrid_skeleton_forced_loop_no_sig,11,1148,0.6399108138238573,403.8934911242603,60.692307692307686,403.8934911242603,60.692307692307686,0
per_huruf_hybrid_skeleton_forced_loop_no_sig,11,1149,0.6404682274247492,403.8816568047338,60.61538461538462,403.8816568047338,60.61538461538462,0
per_huruf_hybrid_skeleton_forced_loop_no_sig,11,1150,0.641025641025641,403.87573964497045,60.53846153846153,403.87573964497045,60.53846153846153,0
per_huruf_hybrid_skeleton_forced_loop_no_sig,11,1151,0.6415830546265329,403.8757396449704,60.46153846153846,403.8757396449704,60.46153846153846,0
per_huruf_hybrid_skeleton_forced_loop_no_sig,11,1152,0.6421404682274248,403.8816568047337,60.38461538461539,403.8816568047337,60.38461538461539,0
per_huruf_hybrid_skeleton_forced_loop_no_sig,11,1153,0.6426978818283166,403.8934911242603,60.30769230769231,403.8934911242603,60.30769230769231,0
per_huruf_hybrid_skeleton_forced_loop_no_sig,11,1154,0.6432552954292085,403.91124260355025,60.230769230769226,403.91124260355025,60.230769230769226,0
per_huruf_hybrid_skeleton_forced_loop_no_sig,11,1155,0.6438127090301003,403.93491124260356,60.15384615384615,403.93491124260356,60.15384615384615,0
per_huruf_hybrid_skeleton_forced_loop_no_sig,11,1156,0.6443701226309921,403.96449704142015,60.07692307692307,403.96449704142015,60.07692307692307,0
per_huruf_hybrid_skeleton_forced_loop_no_sig,11,1157,0.644927536231884,404.0,60.0,404.0,60.0,0
per_huruf_hybrid_skeleton_forced_loop_no_sig,11,1158,0.6454849498327759,404.04688211197094,59.92307692307693,404.04688211197094,59.92307692307693,0
per_huruf_hybrid_skeleton_forced_loop_no_sig,11,1159,0.6460423634336677,404.1087847064179,59.84615384615385,404.1087847064179,59.84615384615385,0
per_huruf_hybrid_skeleton_forced_loop_no_sig,11,1160,0.6465997770345596,404.18297678652704,59.76923076923076,404.18297678652704,59.76923076923076,0
per_huruf_hybrid_skeleton_forced_loop_no_sig,11,1161,0.6471571906354515,404.26672735548476,59.69230769230769,404.26672735548476,59.69230769230769,0
per_huruf_hybrid_skeleton_forced_loop_no_sig,11,1162,0.6477146042363433,404.35730541647706,59.61538461538462,404.35730541647706,59.61538461538462,0
per_huruf_hybrid_skeleton_forced_loop_no_sig,11,1163,0.6482720178372352,404.4519799726901,59.53846153846155,404.4519799726901,59.53846153846155,0
per_huruf_hybrid_skeleton_forced_loop_no_sig,11,1164,0.6488294314381271,404.54802002731,59.46153846153846,404.54802002731,59.46153846153846,0
per_huruf_hybrid_skeleton_forced_loop_no_sig,11,1165,0.6493868450390189,404.642694583523,59.38461538461539,404.642694583523,59.38461538461539,0
per_huruf_hybrid_skeleton_forced_loop_no_sig,11,1166,0.6499442586399108,404.73327264451524,59.30769230769231,404.73327264451524,59.30769230769231,0
per_huruf_hybrid_skeleton_forced_loop_no_sig,11,1167,0.6505016722408027,404.8170232134729,59.230769230769226,404.8170232134729,59.230769230769226,0
per_huruf_hybrid_skeleton_forced_loop_no_sig,11,1168,0.6510590858416945,404.89121529358215,59.15384615384615,404.89121529358215,59.15384615384615,0
per_huruf_hybrid_skeleton_forced_loop_no_sig,11,1169,0.6516164994425864,404.95311788802917,59.07692307692307,404.95311788802917,59.07692307692307,0
per_huruf_hybrid_skeleton_forced_loop_no_sig,11,1170,0.6521739130434783,405.0,59.0,405.0,59.0,0
per_huruf_hybrid_skeleton_forced_loop_no_sig,11,1171,0.6527313266443701,405.0327719617662,58.92307692307693,405.0327719617662,58.92307692307693,0
per_huruf_hybrid_skeleton_forced_loop_no_sig,11,1172,0.653288740245262,405.05507510241245,58.84615384615385,405.05507510241245,58.84615384615385,0
per_huruf_hybrid_skeleton_forced_loop_no_sig,11,1173,0.6538461538461539,405.0682749203459,58.76923076923077,405.0682749203459,58.76923076923077,0
per_huruf_hybrid_skeleton_forced_loop_no_sig,11,1174,0.6544035674470456,405.07373691397356,58.692307692307686,405.07373691397356,58.692307692307686,0
per_huruf_hybrid_skeleton_forced_loop_no_sig,11,1175,0.6549609810479375,405.0728265817024,58.61538461538462,405.0728265817024,58.61538461538462,0
per_huruf_hybrid_skeleton_forced_loop_no_sig,11,1176,0.6555183946488294,405.06690942193904,58.53846153846154,405.06690942193904,58.53846153846154,0
per_huruf_hybrid_skeleton_forced_loop_no_sig,11,1177,0.6560758082497212,405.0573509330906,58.46153846153847,405.0573509330906,58.46153846153847,0
per_huruf_hybrid_skeleton_forced_loop_no_sig,11,1178,0.6566332218506131,405.04551661356396,58.38461538461539,405.04551661356396,58.38461538461539,0
per_huruf_hybrid_skeleton_forced_loop_no_sig,11,1179,0.657190635451505,405.03277196176606,58.30769230769231,405.03277196176606,58.30769230769231,0
per_huruf_hybrid_skeleton_forced_loop_no_sig,11,1180,0.6577480490523969,405.0204824761037,58.230769230769226,405.0204824761037,58.230769230769226,0
per_huruf_hybrid_skeleton_forced_loop_no_sig,11,1181,0.6583054626532887,405.01001365498405,58.15384615384615,405.01001365498405,58.15384615384615,0
per_huruf_hybrid_skeleton_forced_loop_no_sig,11,1182,0.6588628762541806,405.00273099681385,58.07692307692307,405.00273099681385,58.07692307692307,0
per_huruf_hybrid_skeleton_forced_loop_no_sig,11,1183,0.6594202898550725,405.0,58.0,405.0,58.0,0
per_huruf_hybrid_skeleton_forced_loop_no_sig,11,1184,0.6599777034559643,405.0000000000001,57.92307692307692,405.0000000000001,57.92307692307692,0
per_huruf_hybrid_skeleton_forced_loop_no_sig,11,1185,0.6605351170568562,405.00000000000006,57.84615384615385,405.00000000000006,57.84615384615385,0
per_huruf_hybrid_skeleton_forced_loop_no_sig,11,1186,0.6610925306577481,405.0,57.76923076923076,405.0,57.76923076923076,0
per_huruf_hybrid_skeleton_forced_loop_no_sig,11,1187,0.6616499442586399,405.0,57.692307692307686,405.0,57.692307692307686,0
per_huruf_hybrid_skeleton_forced_loop_no_sig,11,1188,0.6622073578595318,405.00000000000006,57.61538461538462,405.00000000000006,57.61538461538462,0
per_huruf_hybrid_skeleton_forced_loop_no_sig,11,1189,0.6627647714604237,405.00000000000006,57.53846153846155,405.00000000000006,57.53846153846155,0
per_huruf_hybrid_skeleton_forced_loop_no_sig,11,1190,0.6633221850613155,405.0,57.46153846153846,405.0,57.46153846153846,0
per_huruf_hybrid_skeleton_forced_loop_no_sig,11,1191,0.6638795986622074,405.00000000000006,57.38461538461539,405.00000000000006,57.38461538461539,0
per_huruf_hybrid_skeleton_forced_loop_no_sig,11,1192,0.6644370122630993,405.0,57.30769230769231,405.0,57.30769230769231,0
per_huruf_hybrid_skeleton_forced_loop_no_sig,11,1193,0.664994425863991,404.99999999999994,57.230769230769226,404.99999999999994,57.230769230769226,0
per_huruf_hybrid_skeleton_forced_loop_no_sig,11,1194,0.6655518394648829,405.0,57.153846153846146,405.0,57.153846153846146,0
per_huruf_hybrid_skeleton_forced_loop_no_sig,11,1195,0.6661092530657748,405.0,57.07692307692307,405.0,57.07692307692307,0
per_huruf_hybrid_skeleton_forced_loop_no_sig,11,1196,0.6666666666666666,405.0,57.0,405.0,57.0,0
per_huruf_hybrid_skeleton_forced_loop_no_sig,11,1197,0.6672240802675585,405.0000000000001,56.92307692307693,405.0000000000001,56.92307692307693,0
per_huruf_hybrid_skeleton_forced_loop_no_sig,11,1198,0.6677814938684504,405.00000000000006,56.846153846153854,405.00000000000006,56.846153846153854,0
per_huruf_hybrid_skeleton_forced_loop_no_sig,11,1199,0.6683389074693422,405.0,56.76923076923075,405.0,56.76923076923075,0
per_huruf_hybrid_skeleton_forced_loop_no_sig,11,1200,0.6688963210702341,405.0,56.692307692307686,405.0,56.692307692307686,0
per_huruf_hybrid_skeleton_forced_loop_no_sig,11,1201,0.669453734671126,405.00000000000006,56.61538461538462,405.00000000000006,56.61538461538462,0
per_huruf_hybrid_skeleton_forced_loop_no_sig,11,1202,0.6700111482720178,405.00000000000006,56.53846153846154,405.00000000000006,56.53846153846154,0
per_huruf_hybrid_skeleton_forced_loop_no_sig,11,1203,0.6705685618729097,405.0,56.46153846153846,405.0,56.46153846153846,0
per_huruf_hybrid_skeleton_forced_loop_no_sig,11,1204,0.6711259754738016,405.00000000000006,56.38461538461539,405.00000000000006,56.38461538461539,0
per_huruf_hybrid_skeleton_forced_loop_no_sig,11,1205,0.6716833890746934,405.0,56.30769230769231,405.0,56.30769230769231,0
per_huruf_hybrid_skeleton_forced_loop_no_sig,11,1206,0.6722408026755853,404.99999999999994,56.230769230769226,404.99999999999994,56.230769230769226,0
per_huruf_hybrid_skeleton_forced_loop_no_sig,11,1207,0.6727982162764772,405.0,56.15384615384615,405.0,56.15384615384615,0
per_huruf_hybrid_skeleton_forced_loop_no_sig,11,1208,0.673355629877369,405.0,56.07692307692307,405.0,56.07692307692307,0
per_huruf_hybrid_skeleton_forced_loop_no_sig,11,1209,0.6739130434782609,405.0,56.0,405.0,56.0,0
per_huruf_hybrid_skeleton_forced_loop_no_sig,11,1210,0.6744704570791528,405.0000000000001,55.923076923076934,405.0000000000001,55.923076923076934,0
per_huruf_hybrid_skeleton_forced_loop_no_sig,11,1211,0.6750278706800446,405.00000000000006,55.846153846153854,405.00000000000006,55.846153846153854,0
per_huruf_hybrid_skeleton_forced_loop_no_sig,11,1212,0.6755852842809364,405.0,55.76923076923076,405.0,55.76923076923076,0
per_huruf_hybrid_skeleton_forced_loop_no_sig,11,1213,0.6761426978818283,405.0,55.69230769230769,405.0,55.69230769230769,0
per_huruf_hybrid_skeleton_forced_loop_no_sig,11,1214,0.6767001114827201,405.00000000000006,55.61538461538462,405.00000000000006,55.61538461538462,0
per_huruf_hybrid_skeleton_forced_loop_no_sig,11,1215,0.677257525083612,405.00000000000006,55.53846153846154,405.00000000000006,55.53846153846154,0
per_huruf_hybrid_skeleton_forced_loop_no_sig,11,1216,0.6778149386845039,405.0,55.46153846153847,405.0,55.46153846153847,0
per_huruf_hybrid_skeleton_forced_loop_no_sig,11,1217,0.6783723522853957,405.00000000000006,55.38461538461539,405.00000000000006,55.38461538461539,0
per_huruf_hybrid_skeleton_forced_loop_no_sig,11,1218,0.6789297658862876,405.0,55.3076923076923,405.0,55.3076923076923,0
per_huruf_hybrid_skeleton_forced_loop_no_sig,11,1219,0.6794871794871795,404.99999999999994,55.230769230769226,404.99999999999994,55.230769230769226,0
per_huruf_hybrid_skeleton_forced_loop_no_sig,11,1220,0.6800445930880713,405.0,55.15384615384616,405.0,55.15384615384616,0
per_huruf_hybrid_skeleton_forced_loop_no_sig,11,1221,0.6806020066889632,405.0,55.07692307692307,405.0,55.07692307692307,0
per_huruf_hybrid_skeleton_forced_loop_no_sig,11,1222,0.6811594202898551,405.0,55.0,405.0,55.0,0
per_huruf_hybrid_skeleton_forced_loop_no_sig,11,1223,0.6817168338907469,404.99726900318626,54.92307692307693,404.99726900318626,54.92307692307693,0
per_huruf_hybrid_skeleton_forced_loop_no_sig,11,1224,0.6822742474916388,404.989986345016,54.84615384615385,404.989986345016,54.84615384615385,0
per_huruf_hybrid_skeleton_forced_loop_no_sig,11,1225,0.6828316610925307,404.9795175238962,54.76923076923077,404.9795175238962,54.76923076923077,0
per_huruf_hybrid_skeleton_forced_loop_no_sig,11,1226,0.6833890746934225,404.96722803823394,54.692307692307686,404.96722803823394,54.692307692307686,0
per_huruf_hybrid_skeleton_forced_loop_no_sig,11,1227,0.6839464882943144,404.9544833864361,54.61538461538462,404.9544833864361,54.61538461538462,0
per_huruf_hybrid_skeleton_forced_loop_no_sig,11,1228,0.6845039018952063,404.9426490669095,54.53846153846154,404.9426490669095,54.53846153846154,0
per_huruf_hybrid_skeleton_forced_loop_no_sig,11,1229,0.6850613154960981,404.933090578061,54.46153846153846,404.933090578061,54.46153846153846,0
per_huruf_hybrid_skeleton_forced_loop_no_sig,11,1230,0.68561872909699,404.9271734182977,54.38461538461539,404.9271734182977,54.38461538461539,0
per_huruf_hybrid_skeleton_forced_loop_no_sig,11,1231,0.6861761426978819,404.9262630860264,54.30769230769231,404.9262630860264,54.30769230769231,0
per_huruf_hybrid_skeleton_forced_loop_no_sig,11,1232,0.6867335562987736,404.93172507965403,54.230769230769226,404.93172507965403,54.230769230769226,0
per_huruf_hybrid_skeleton_forced_loop_no_sig,11,1233,0.6872909698996655,404.9449248975876,54.15384615384616,404.9449248975876,54.15384615384616,0
per_huruf_hybrid_skeleton_forced_loop_no_sig,11,1234,0.6878483835005574,404.96722803823394,54.07692307692307,404.96722803823394,54.07692307692307,0
per_huruf_hybrid_skeleton_forced_loop_no_sig,11,1235,0.6884057971014492,405.0,54.0,405.0,54.0,0
per_huruf_hybrid_skeleton_forced_loop_no_sig,11,1236,0.6889632107023411,405.04688211197094,53.923076923076934,405.04688211197094,53.923076923076934,0
per_huruf_hybrid_skeleton_forced_loop_no_sig,11,1237,0.689520624303233,405.1087847064179,53.84615384615385,405.1087847064179,53.84615384615385,0
per_huruf_hybrid_skeleton_forced_loop_no_sig,11,1238,0.6900780379041248,405.18297678652704,53.76923076923076,405.18297678652704,53.76923076923076,0
per_huruf_hybrid_skeleton_forced_loop_no_sig,11,1239,0.6906354515050167,405.26672735548476,53.69230769230768,405.26672735548476,53.69230769230768,0
per_huruf_hybrid_skeleton_forced_loop_no_sig,11,1240,0.6911928651059086,405.35730541647706,53.61538461538461,405.35730541647706,53.61538461538461,0
per_huruf_hybrid_skeleton_forced_loop_no_sig,11,1241,0.6917502787068004,405.45197997269,53.53846153846154,405.45197997269,53.53846153846154,0
per_huruf_hybrid_skeleton_forced_loop_no_sig,11,1242,0.6923076923076923,405.54802002731003,53.46153846153845,405.54802002731003,53.46153846153845,0
per_huruf_hybrid_skeleton_forced_loop_no_sig,11,1243,0.6928651059085842,405.64269458352294,53.38461538461539,405.64269458352294,53.38461538461539,0
per_huruf_hybrid_skeleton_forced_loop_no_sig,11,1244,0.693422519509476,405.73327264451524,53.30769230769231,405.73327264451524,53.30769230769231,0
per_huruf_hybrid_skeleton_forced_loop_no_sig,11,1245,0.6939799331103679,405.81702321347285,53.230769230769226,405.81702321347285,53.230769230769226,0
per_huruf_hybrid_skeleton_forced_loop_no_sig,11,1246,0.6945373467112598,405.89121529358215,53.15384615384616,405.89121529358215,53.15384615384616,0
per_huruf_hybrid_skeleton_forced_loop_no_sig,11,1247,0.6950947603121516,405.95311788802906,53.07692307692307,405.95311788802906,53.07692307692307,0
per_huruf_hybrid_skeleton_forced_loop_no_sig,11,1248,0.6956521739130435,406.0,53.0,406.0,53.0,0
per_huruf_hybrid_skeleton_forced_loop_no_sig,11,1249,0.6962095875139354,406.03277196176606,52.923076923076934,406.03277196176606,52.923076923076934,0
per_huruf_hybrid_skeleton_forced_loop_no_sig,11,1250,0.6967670011148271,406.05507510241245,52.846153846153854,406.05507510241245,52.846153846153854,0
per_huruf_hybrid_skeleton_forced_loop_no_sig,11,1251,0.697324414715719,406.06827492034586,52.76923076923076,406.06827492034586,52.76923076923076,0
per_huruf_hybrid_skeleton_forced_loop_no_sig,11,1252,0.6978818283166109,406.0737369139736,52.692307692307686,406.0737369139736,52.692307692307686,0
per_huruf_hybrid_skeleton_forced_loop_no_sig,11,1253,0.6984392419175027,406.0728265817023,52.61538461538462,406.0728265817023,52.61538461538462,0
per_huruf_hybrid_skeleton_forced_loop_no_sig,11,1254,0.6989966555183946,406.06690942193904,52.53846153846154,406.06690942193904,52.53846153846154,0
per_huruf_hybrid_skeleton_forced_loop_no_sig,11,1255,0.6995540691192865,406.0573509330906,52.46153846153846,406.0573509330906,52.46153846153846,0
per_huruf_hybrid_skeleton_forced_loop_no_sig,11,1256,0.7001114827201783,406.04551661356396,52.38461538461539,406.04551661356396,52.38461538461539,0
per_huruf_hybrid_skeleton_forced_loop_no_sig,11,1257,0.7006688963210702,406.03277196176606,52.30769230769231,406.03277196176606,52.30769230769231,0
per_huruf_hybrid_skeleton_forced_loop_no_sig,11,1258,0.7012263099219621,406.0204824761037,52.230769230769226,406.0204824761037,52.230769230769226,0
per_huruf_hybrid_skeleton_forced_loop_no_sig,11,1259,0.7017837235228539,406.01001365498405,52.15384615384616,406.01001365498405,52.15384615384616,0
per_huruf_hybrid_skeleton_forced_loop_no_sig,11,1260,0.7023411371237458,406.0027309968138,52.07692307692307,406.0027309968138,52.07692307692307,0
per_huruf_hybrid_skeleton_forced_loop_no_sig,11,1261,0.7028985507246377,406.0,52.0,406.0,52.0,0
per_huruf_hybrid_skeleton_forced_loop_no_sig,11,1262,0.7034559643255295,406.0,51.923076923076934,406.0,51.923076923076934,0
per_huruf_hybrid_skeleton_forced_loop_no_sig,11,1263,0.7040133779264214,406.00000000000006,51.84615384615384,406.00000000000006,51.84615384615384,0
per_huruf_hybrid_skeleton_forced_loop_no_sig,11,1264,0.7045707915273133,405.99999999999994,51.76923076923077,405.99999999999994,51.76923076923077,0
per_huruf_hybrid_skeleton_forced_loop_no_sig,11,1265,0.7051282051282051,406.0,51.69230769230768,406.0,51.69230769230768,0
per_huruf_hybrid_skeleton_forced_loop_no_sig,11,1266,0.705685618729097,406.0,51.61538461538462,406.0,51.61538461538462,0
per_huruf_hybrid_skeleton_forced_loop_no_sig,11,1267,0.7062430323299889,406.00000000000006,51.53846153846155,406.00000000000006,51.53846153846155,0
per_huruf_hybrid_skeleton_forced_loop_no_sig,11,1268,0.7068004459308806,406.0,51.46153846153846,406.0,51.46153846153846,0
per_huruf_hybrid_skeleton_forced_loop_no_sig,11,1269,0.7073578595317725,406.0,51.38461538461539,406.0,51.38461538461539,0
per_huruf_hybrid_skeleton_forced_loop_no_sig,11,1270,0.7079152731326644,406.0,51.30769230769231,406.0,51.30769230769231,0
per_huruf_hybrid_skeleton_forced_loop_no_sig,11,1271,0.7084726867335562,405.99999999999994,51.230769230769226,405.99999999999994,51.230769230769226,0
per_huruf_hybrid_skeleton_forced_loop_no_sig,11,1272,0.7090301003344481,406.0,51.15384615384616,406.0,51.15384615384616,0
per_huruf_hybrid_skeleton_forced_loop_no_sig,11,1273,0.70958751393534,405.99999999999994,51.07692307692307,405.99999999999994,51.07692307692307,0
per_huruf_hybrid_skeleton_forced_loop_no_sig,11,1274,0.7101449275362318,406.0,51.0,406.0,51.0,0
per_huruf_hybrid_skeleton_forced_loop_no_sig,11,1275,0.7107023411371237,406.0,50.92307692307693,406.0,50.92307692307693,0
per_huruf_hybrid_skeleton_forced_loop_no_sig,11,1276,0.7112597547380156,406.00000000000006,50.84615384615385,406.00000000000006,50.84615384615385,0
per_huruf_hybrid_skeleton_forced_loop_no_sig,11,1277,0.7118171683389074,405.99999999999994,50.76923076923076,405.99999999999994,50.76923076923076,0
per_huruf_hybrid_skeleton_forced_loop_no_sig,11,1278,0.7123745819397993,406.0,50.692307692307686,406.0,50.692307692307686,0
per_huruf_hybrid_skeleton_forced_loop_no_sig,11,1279,0.7129319955406912,406.0,50.61538461538462,406.0,50.61538461538462,0
per_huruf_hybrid_skeleton_forced_loop_no_sig,11,1280,0.7134894091415831,406.00000000000006,50.53846153846155,406.00000000000006,50.53846153846155,0
per_huruf_hybrid_skeleton_forced_loop_no_sig,11,1281,0.7140468227424749,406.0,50.46153846153846,406.0,50.46153846153846,0
per_huruf_hybrid_skeleton_forced_loop_no_sig,11,1282,0.7146042363433668,406.0,50.38461538461539,406.0,50.38461538461539,0
per_huruf_hybrid_skeleton_forced_loop_no_sig,11,1283,0.7151616499442587,406.0,50.30769230769231,406.0,50.30769230769231,0
per_huruf_hybrid_skeleton_forced_loop_no_sig,11,1284,0.7157190635451505,405.99999999999994,50.230769230769226,405.99999999999994,50.230769230769226,0
per_huruf_hybrid_skeleton_forced_loop_no_sig,11,1285,0.7162764771460424,406.0,50.15384615384616,406.0,50.15384615384616,0
per_huruf_hybrid_skeleton_forced_loop_no_sig,11,1286,0.7168338907469343,405.99999999999994,50.07692307692307,405.99999999999994,50.07692307692307,0
per_huruf_hybrid_skeleton_forced_loop_no_sig,11,1287,0.717391304347826,406.0,50.0,406.0,50.0,0
per_huruf_hybrid_skeleton_forced_loop_no_sig,11,1288,0.717948717948718,406.0,49.92307692307693,406.0,49.92307692307693,0
per_huruf_hybrid_skeleton_forced_loop_no_sig,11,1289,0.7185061315496098,406.00000000000006,49.846153846153854,406.00000000000006,49.846153846153854,0
per_huruf_hybrid_skeleton_forced_loop_no_sig,11,1290,0.7190635451505016,405.99999999999994,49.76923076923076,405.99999999999994,49.76923076923076,0
per_huruf_hybrid_skeleton_forced_loop_no_sig,11,1291,0.7196209587513935,406.0,49.692307692307686,406.0,49.692307692307686,0
per_huruf_hybrid_skeleton_forced_loop_no_sig,11,1292,0.7201783723522854,406.0,49.61538461538462,406.0,49.61538461538462,0
per_huruf_hybrid_skeleton_forced_loop_no_sig,11,1293,0.7207357859531772,406.00000000000006,49.53846153846155,406.00000000000006,49.53846153846155,0
per_huruf_hybrid_skeleton_forced_loop_no_sig,11,1294,0.7212931995540691,406.0,49.46153846153846,406.0,49.46153846153846,0
per_huruf_hybrid_skeleton_forced_loop_no_sig,11,1295,0.721850613154961,406.0,49.38461538461538,406.0,49.38461538461538,0
per_huruf_hybrid_skeleton_forced_loop_no_sig,11,1296,0.7224080267558528,406.0,49.30769230769231,406.0,49.30769230769231,0
per_huruf_hybrid_skeleton_forced_loop_no_sig,11,1297,0.7229654403567447,405.99999999999994,49.230769230769226,405.99999999999994,49.230769230769226,0
per_huruf_hybrid_skeleton_forced_loop_no_sig,11,1298,0.7235228539576366,406.0,49.15384615384615,406.0,49.15384615384615,0
per_huruf_hybrid_skeleton_forced_loop_no_sig,11,1299,0.7240802675585284,405.99999999999994,49.07692307692307,405.99999999999994,49.07692307692307,0
per_huruf_hybrid_skeleton_forced_loop_no_sig,11,1300,0.7246376811594203,406.0,49.0,406.0,49.0,0
per_huruf_hybrid_skeleton_forced_loop_no_sig,11,1301,0.7251950947603122,406.0,48.923076923076934,406.0,48.923076923076934,0
per_huruf_hybrid_skeleton_forced_loop_no_sig,11,1302,0.725752508361204,406.00000000000006,48.84615384615385,406.00000000000006,48.84615384615385,0
per_huruf_hybrid_skeleton_forced_loop_no_sig,11,1303,0.7263099219620959,405.99999999999994,48.76923076923077,405.99999999999994,48.76923076923077,0
per_huruf_hybrid_skeleton_forced_loop_no_sig,11,1304,0.7268673355629878,406.0,48.692307692307686,406.0,48.692307692307686,0
per_huruf_hybrid_skeleton_forced_loop_no_sig,11,1305,0.7274247491638796,406.0,48.61538461538462,406.0,48.61538461538462,0
per_huruf_hybrid_skeleton_forced_loop_no_sig,11,1306,0.7279821627647715,406.00000000000006,48.53846153846154,406.00000000000006,48.53846153846154,0
per_huruf_hybrid_skeleton_forced_loop_no_sig,11,1307,0.7285395763656634,406.0,48.46153846153847,406.0,48.46153846153847,0
per_huruf_hybrid_skeleton_forced_loop_no_sig,11,1308,0.7290969899665551,406.0,48.38461538461539,406.0,48.38461538461539,0
per_huruf_hybrid_skeleton_forced_loop_no_sig,11,1309,0.729654403567447,406.0,48.30769230769231,406.0,48.30769230769231,0
per_huruf_hybrid_skeleton_forced_loop_no_sig,11,1310,0.7302118171683389,405.99999999999994,48.230769230769226,405.99999999999994,48.230769230769226,0
per_huruf_hybrid_skeleton_forced_loop_no_sig,11,1311,0.7307692307692307,406.0,48.15384615384615,406.0,48.15384615384615,0
per_huruf_hybrid_skeleton_forced_loop_no_sig,11,1312,0.7313266443701226,405.99999999999994,48.07692307692307,405.99999999999994,48.07692307692307,0
per_huruf_hybrid_skeleton_forced_loop_no_sig,11,1313,0.7318840579710145,406.0,48.0,406.0,48.0,0
per_huruf_hybrid_skeleton_forced_loop_no_sig,11,1314,0.7324414715719063,406.0,47.92307692307693,406.0,47.92307692307693,0
per_huruf_hybrid_skeleton_forced_loop_no_sig,11,1315,0.7329988851727982,406.00000000000006,47.84615384615385,406.00000000000006,47.84615384615385,0
per_huruf_hybrid_skeleton_forced_loop_no_sig,11,1316,0.7335562987736901,405.99999999999994,47.76923076923077,405.99999999999994,47.76923076923077,0
per_huruf_hybrid_skeleton_forced_loop_no_sig,11,1317,0.7341137123745819,406.0,47.692307692307686,406.0,47.692307692307686,0
per_huruf_hybrid_skeleton_forced_loop_no_sig,11,1318,0.7346711259754738,406.0,47.61538461538462,406.0,47.61538461538462,0
per_huruf_hybrid_skeleton_forced_loop_no_sig,11,1319,0.7352285395763657,406.00000000000006,47.53846153846155,406.00000000000006,47.53846153846155,0
per_huruf_hybrid_skeleton_forced_loop_no_sig,11,1320,0.7357859531772575,406.0,47.46153846153846,406.0,47.46153846153846,0
per_huruf_hybrid_skeleton_forced_loop_no_sig,11,1321,0.7363433667781494,406.0,47.38461538461539,406.0,47.38461538461539,0
per_huruf_hybrid_skeleton_forced_loop_no_sig,11,1322,0.7369007803790413,406.0,47.30769230769231,406.0,47.30769230769231,0
per_huruf_hybrid_skeleton_forced_loop_no_sig,11,1323,0.7374581939799331,405.99999999999994,47.230769230769226,405.99999999999994,47.230769230769226,0
per_huruf_hybrid_skeleton_forced_loop_no_sig,11,1324,0.738015607580825,406.0,47.15384615384616,406.0,47.15384615384616,0
per_huruf_hybrid_skeleton_forced_loop_no_sig,11,1325,0.7385730211817169,405.99999999999994,47.07692307692307,405.99999999999994,47.07692307692307,0
per_huruf_hybrid_skeleton_forced_loop_no_sig,11,1326,0.7391304347826086,406.0,47.0,406.0,47.0,0
per_huruf_hybrid_skeleton_forced_loop_no_sig,11,1327,0.7396878483835005,406.0,46.92307692307693,406.0,46.92307692307693,0
per_huruf_hybrid_skeleton_forced_loop_no_sig,11,1328,0.7402452619843924,406.00000000000006,46.84615384615385,406.00000000000006,46.84615384615385,0
per_huruf_hybrid_skeleton_forced_loop_no_sig,11,1329,0.7408026755852842,405.99999999999994,46.76923076923076,405.99999999999994,46.76923076923076,0
per_huruf_hybrid_skeleton_forced_loop_no_sig,11,1330,0.7413600891861761,406.0,46.692307692307686,406.0,46.692307692307686,0
per_huruf_hybrid_skeleton_forced_loop_no_sig,11,1331,0.741917502787068,406.0,46.61538461538462,406.0,46.61538461538462,0
per_huruf_hybrid_skeleton_forced_loop_no_sig,11,1332,0.7424749163879598,406.00000000000006,46.53846153846154,406.00000000000006,46.53846153846154,0
per_huruf_hybrid_skeleton_forced_loop_no_sig,11,1333,0.7430323299888517,406.0,46.46153846153846,406.0,46.46153846153846,0
per_huruf_hybrid_skeleton_forced_loop_no_sig,11,1334,0.7435897435897436,406.0,46.38461538461539,406.0,46.38461538461539,0
per_huruf_hybrid_skeleton_forced_loop_no_sig,11,1335,0.7441471571906354,406.0,46.30769230769231,406.0,46.30769230769231,0
per_huruf_hybrid_skeleton_forced_loop_no_sig,11,1336,0.7447045707915273,405.99999999999994,46.230769230769226,405.99999999999994,46.230769230769226,0
per_huruf_hybrid_skeleton_forced_loop_no_sig,11,1337,0.7452619843924192,406.0,46.15384615384615,406.0,46.15384615384615,0
per_huruf_hybrid_skeleton_forced_loop_no_sig,11,1338,0.745819397993311,405.99999999999994,46.07692307692307,405.99999999999994,46.07692307692307,0
per_huruf_hybrid_skeleton_forced_loop_no_sig,11,1339,0.7463768115942029,406.0,46.0,406.0,46.0,0
per_huruf_hybrid_skeleton_forced_loop_no_sig,11,1340,0.7469342251950948,406.0,45.923076923076934,406.0,45.923076923076934,0
per_huruf_hybrid_skeleton_forced_loop_no_sig,11,1341,0.7474916387959866,406.00000000000006,45.84615384615385,406.00000000000006,45.84615384615385,0
per_huruf_hybrid_skeleton_forced_loop_no_sig,11,1342,0.7480490523968785,405.99999999999994,45.76923076923077,405.99999999999994,45.76923076923077,0
per_huruf_hybrid_skeleton_forced_loop_no_sig,11,1343,0.7486064659977704,406.0,45.69230769230768,406.0,45.69230769230768,0
per_huruf_hybrid_skeleton_forced_loop_no_sig,11,1344,0.7491638795986622,406.0,45.61538461538462,406.0,45.61538461538462,0
per_huruf_hybrid_skeleton_forced_loop_no_sig,11,1345,0.749721293199554,406.00000000000006,45.53846153846154,406.00000000000006,45.53846153846154,0
per_huruf_hybrid_skeleton_forced_loop_no_sig,11,1346,0.750278706800446,406.0,45.46153846153847,406.0,45.46153846153847,0
per_huruf_hybrid_skeleton_forced_loop_no_sig,11,1347,0.7508361204013377,406.0,45.38461538461539,406.0,45.38461538461539,0
per_huruf_hybrid_skeleton_forced_loop_no_sig,11,1348,0.7513935340022296,406.0,45.30769230769231,406.0,45.30769230769231,0
per_huruf_hybrid_skeleton_forced_loop_no_sig,11,1349,0.7519509476031215,405.99999999999994,45.230769230769226,405.99999999999994,45.230769230769226,0
per_huruf_hybrid_skeleton_forced_loop_no_sig,11,1350,0.7525083612040133,406.0,45.15384615384615,406.0,45.15384615384615,0
per_huruf_hybrid_skeleton_forced_loop_no_sig,11,1351,0.7530657748049052,405.99999999999994,45.07692307692307,405.99999999999994,45.07692307692307,0
per_huruf_hybrid_skeleton_forced_loop_no_sig,11,1352,0.7536231884057971,406.0,45.0,406.0,45.0,0
per_huruf_hybrid_skeleton_forced_loop_no_sig,11,1353,0.7541806020066889,406.0,44.92307692307693,406.0,44.92307692307693,0
per_huruf_hybrid_skeleton_forced_loop_no_sig,11,1354,0.7547380156075808,406.00000000000006,44.84615384615385,406.00000000000006,44.84615384615385,0
per_huruf_hybrid_skeleton_forced_loop_no_sig,11,1355,0.7552954292084727,405.99999999999994,44.76923076923076,405.99999999999994,44.76923076923076,0
per_huruf_hybrid_skeleton_forced_loop_no_sig,11,1356,0.7558528428093645,406.0,44.69230769230769,406.0,44.69230769230769,0
per_huruf_hybrid_skeleton_forced_loop_no_sig,11,1357,0.7564102564102564,406.0,44.61538461538462,406.0,44.61538461538462,0
per_huruf_hybrid_skeleton_forced_loop_no_sig,11,1358,0.7569676700111483,406.00000000000006,44.53846153846154,406.00000000000006,44.53846153846154,0
per_huruf_hybrid_skeleton_forced_loop_no_sig,11,1359,0.7575250836120401,406.0,44.46153846153846,406.0,44.46153846153846,0
per_huruf_hybrid_skeleton_forced_loop_no_sig,11,1360,0.758082497212932,406.0,44.38461538461539,406.0,44.38461538461539,0
per_huruf_hybrid_skeleton_forced_loop_no_sig,11,1361,0.7586399108138239,406.0,44.30769230769231,406.0,44.30769230769231,0
per_huruf_hybrid_skeleton_forced_loop_no_sig,11,1362,0.7591973244147157,405.99999999999994,44.230769230769226,405.99999999999994,44.230769230769226,0
per_huruf_hybrid_skeleton_forced_loop_no_sig,11,1363,0.7597547380156076,406.0,44.15384615384615,406.0,44.15384615384615,0
per_huruf_hybrid_skeleton_forced_loop_no_sig,11,1364,0.7603121516164995,405.99999999999994,44.07692307692307,405.99999999999994,44.07692307692307,0
per_huruf_hybrid_skeleton_forced_loop_no_sig,11,1365,0.7608695652173912,406.0,44.0,406.0,44.0,0
per_huruf_hybrid_skeleton_forced_loop_no_sig,11,1366,0.7614269788182831,406.0,43.92307692307693,406.0,43.92307692307693,0
per_huruf_hybrid_skeleton_forced_loop_no_sig,11,1367,0.761984392419175,406.00000000000006,43.84615384615385,406.00000000000006,43.84615384615385,0
per_huruf_hybrid_skeleton_forced_loop_no_sig,11,1368,0.7625418060200668,405.99999999999994,43.76923076923076,405.99999999999994,43.76923076923076,0
per_huruf_hybrid_skeleton_forced_loop_no_sig,11,1369,0.7630992196209587,406.0,43.692307692307686,406.0,43.692307692307686,0
per_huruf_hybrid_skeleton_forced_loop_no_sig,11,1370,0.7636566332218506,406.0,43.61538461538462,406.0,43.61538461538462,0
per_huruf_hybrid_skeleton_forced_loop_no_sig,11,1371,0.7642140468227424,406.00000000000006,43.53846153846153,406.00000000000006,43.53846153846153,0
per_huruf_hybrid_skeleton_forced_loop_no_sig,11,1372,0.7647714604236343,406.0,43.46153846153846,406.0,43.46153846153846,0
per_huruf_hybrid_skeleton_forced_loop_no_sig,11,1373,0.7653288740245262,406.0,43.38461538461539,406.0,43.38461538461539,0
per_huruf_hybrid_skeleton_forced_loop_no_sig,11,1374,0.765886287625418,406.0,43.30769230769231,406.0,43.30769230769231,0
per_huruf_hybrid_skeleton_forced_loop_no_sig,11,1375,0.7664437012263099,405.99999999999994,43.230769230769226,405.99999999999994,43.230769230769226,0
per_huruf_hybrid_skeleton_forced_loop_no_sig,11,1376,0.7670011148272018,406.0,43.15384615384616,406.0,43.15384615384616,0
per_huruf_hybrid_skeleton_forced_loop_no_sig,11,1377,0.7675585284280936,405.99999999999994,43.07692307692307,405.99999999999994,43.07692307692307,0
per_huruf_hybrid_skeleton_forced_loop_no_sig,11,1378,0.7681159420289855,406.0,43.0,406.0,43.0,0
per_huruf_hybrid_skeleton_forced_loop_no_sig,11,1379,0.7686733556298774,406.0,42.92307692307693,406.0,42.92307692307693,0
per_huruf_hybrid_skeleton_forced_loop_no_sig,11,1380,0.7692307692307692,406.00000000000006,42.84615384615384,406.00000000000006,42.84615384615384,0
per_huruf_hybrid_skeleton_forced_loop_no_sig,11,1381,0.7697881828316611,405.99999999999994,42.76923076923076,405.99999999999994,42.76923076923076,0
per_huruf_hybrid_skeleton_forced_loop_no_sig,11,1382,0.770345596432553,406.0,42.692307692307686,406.0,42.692307692307686,0
per_huruf_hybrid_skeleton_forced_loop_no_sig,11,1383,0.7709030100334449,406.0,42.61538461538462,406.0,42.61538461538462,0
per_huruf_hybrid_skeleton_forced_loop_no_sig,11,1384,0.7714604236343366,406.00000000000006,42.53846153846154,406.00000000000006,42.53846153846154,0
per_huruf_hybrid_skeleton_forced_loop_no_sig,11,1385,0.7720178372352285,406.0,42.46153846153847,406.0,42.46153846153847,0
per_huruf_hybrid_skeleton_forced_loop_no_sig,11,1386,0.7725752508361204,406.0,42.38461538461539,406.0,42.38461538461539,0
per_huruf_hybrid_skeleton_forced_loop_no_sig,11,1387,0.7731326644370122,406.0,42.30769230769231,406.0,42.30769230769231,0
per_huruf_hybrid_skeleton_forced_loop_no_sig,11,1388,0.7736900780379041,405.99999999999994,42.230769230769226,405.99999999999994,42.230769230769226,0
per_huruf_hybrid_skeleton_forced_loop_no_sig,11,1389,0.774247491638796,406.0,42.15384615384616,406.0,42.15384615384616,0
per_huruf_hybrid_skeleton_forced_loop_no_sig,11,1390,0.7748049052396878,405.99999999999994,42.07692307692307,405.99999999999994,42.07692307692307,0
per_huruf_hybrid_skeleton_forced_loop_no_sig,11,1391,0.7753623188405797,406.0,42.0,406.0,42.0,0
per_huruf_hybrid_skeleton_forced_loop_no_sig,11,1392,0.7759197324414716,406.0,41.92307692307693,406.0,41.92307692307693,0
per_huruf_hybrid_skeleton_forced_loop_no_sig,11,1393,0.7764771460423634,406.00000000000006,41.84615384615385,406.00000000000006,41.84615384615385,0
per_huruf_hybrid_skeleton_forced_loop_no_sig,11,1394,0.7770345596432553,405.99999999999994,41.76923076923076,405.99999999999994,41.76923076923076,0
per_huruf_hybrid_skeleton_forced_loop_no_sig,11,1395,0.7775919732441472,406.0,41.69230769230769,406.0,41.69230769230769,0
per_huruf_hybrid_skeleton_forced_loop_no_sig,11,1396,0.778149386845039,406.0,41.61538461538462,406.0,41.61538461538462,0
per_huruf_hybrid_skeleton_forced_loop_no_sig,11,1397,0.7787068004459309,406.00000000000006,41.53846153846154,406.00000000000006,41.53846153846154,0
per_huruf_hybrid_skeleton_forced_loop_no_sig,11,1398,0.7792642140468228,406.0,41.46153846153846,406.0,41.46153846153846,0
per_huruf_hybrid_skeleton_forced_loop_no_sig,11,1399,0.7798216276477146,406.0,41.38461538461539,406.0,41.38461538461539,0
per_huruf_hybrid_skeleton_forced_loop_no_sig,11,1400,0.7803790412486065,406.0,41.30769230769231,406.0,41.30769230769231,0
per_huruf_hybrid_skeleton_forced_loop_no_sig,11,1401,0.7809364548494984,405.99999999999994,41.230769230769226,405.99999999999994,41.230769230769226,0
per_huruf_hybrid_skeleton_forced_loop_no_sig,11,1402,0.7814938684503902,406.0,41.15384615384616,406.0,41.15384615384616,0
per_huruf_hybrid_skeleton_forced_loop_no_sig,11,1403,0.782051282051282,405.99999999999994,41.07692307692307,405.99999999999994,41.07692307692307,0
per_huruf_hybrid_skeleton_forced_loop_no_sig,11,1404,0.782608695652174,406.0,41.0,406.0,41.0,0
per_huruf_hybrid_skeleton_forced_loop_no_sig,11,1405,0.7831661092530657,406.0,40.92307692307693,406.0,40.92307692307693,0
per_huruf_hybrid_skeleton_forced_loop_no_sig,11,1406,0.7837235228539576,406.00000000000006,40.846153846153854,406.00000000000006,40.846153846153854,0
per_huruf_hybrid_skeleton_forced_loop_no_sig,11,1407,0.7842809364548495,405.99999999999994,40.76923076923076,405.99999999999994,40.76923076923076,0
per_huruf_hybrid_skeleton_forced_loop_no_sig,11,1408,0.7848383500557413,406.0,40.69230769230769,406.0,40.69230769230769,0
per_huruf_hybrid_skeleton_forced_loop_no_sig,11,1409,0.7853957636566332,406.0,40.61538461538462,406.0,40.61538461538462,0
per_huruf_hybrid_skeleton_forced_loop_no_sig,11,1410,0.7859531772575251,406.00000000000006,40.53846153846154,406.00000000000006,40.53846153846154,0
per_huruf_hybrid_skeleton_forced_loop_no_sig,11,1411,0.7865105908584169,406.0,40.46153846153845,406.0,40.46153846153845,0
per_huruf_hybrid_skeleton_forced_loop_no_sig,11,1412,0.7870680044593088,406.0,40.38461538461539,406.0,40.38461538461539,0
per_huruf_hybrid_skeleton_forced_loop_no_sig,11,1413,0.7876254180602007,406.0,40.30769230769231,406.0,40.30769230769231,0
per_huruf_hybrid_skeleton_forced_loop_no_sig,11,1414,0.7881828316610925,405.99999999999994,40.230769230769226,405.99999999999994,40.230769230769226,0
per_huruf_hybrid_skeleton_forced_loop_no_sig,11,1415,0.7887402452619844,406.0,40.15384615384615,406.0,40.15384615384615,0
per_huruf_hybrid_skeleton_forced_loop_no_sig,11,1416,0.7892976588628763,405.99999999999994,40.07692307692308,405.99999999999994,40.07692307692308,0
per_huruf_hybrid_skeleton_forced_loop_no_sig,11,1417,0.7898550724637681,406.0,40.0,406.0,40.0,0
per_huruf_hybrid_skeleton_forced_loop_no_sig,11,1418,0.79041248606466,406.0,39.923076923076934,406.0,39.923076923076934,0
per_huruf_hybrid_skeleton_forced_loop_no_sig,11,1419,0.7909698996655519,406.00000000000006,39.84615384615384,406.00000000000006,39.84615384615384,0
per_huruf_hybrid_skeleton_forced_loop_no_sig,11,1420,0.7915273132664437,405.99999999999994,39.76923076923077,405.99999999999994,39.76923076923077,0
per_huruf_hybrid_skeleton_forced_loop_no_sig,11,1421,0.7920847268673356,406.0,39.692307692307686,406.0,39.692307692307686,0
per_huruf_hybrid_skeleton_forced_loop_no_sig,11,1422,0.7926421404682275,406.0,39.61538461538462,406.0,39.61538461538462,0
per_huruf_hybrid_skeleton_forced_loop_no_sig,11,1423,0.7931995540691192,406.00000000000006,39.53846153846154,406.00000000000006,39.53846153846154,0
per_huruf_hybrid_skeleton_forced_loop_no_sig,11,1424,0.7937569676700111,406.0,39.46153846153846,406.0,39.46153846153846,0
per_huruf_hybrid_skeleton_forced_loop_no_sig,11,1425,0.794314381270903,406.0,39.38461538461539,406.0,39.38461538461539,0
per_huruf_hybrid_skeleton_forced_loop_no_sig,11,1426,0.7948717948717948,406.0,39.30769230769231,406.0,39.30769230769231,0
per_huruf_hybrid_skeleton_forced_loop_no_sig,11,1427,0.7954292084726867,405.99999999999994,39.230769230769226,405.99999999999994,39.230769230769226,0
per_huruf_hybrid_skeleton_forced_loop_no_sig,11,1428,0.7959866220735786,406.0,39.15384615384615,406.0,39.15384615384615,0
per_huruf_hybrid_skeleton_forced_loop_no_sig,11,1429,0.7965440356744704,405.99999999999994,39.07692307692308,405.99999999999994,39.07692307692308,0
per_huruf_hybrid_skeleton_forced_loop_no_sig,11,1430,0.7971014492753623,406.0,39.0,406.0,39.0,0
per_huruf_hybrid_skeleton_forced_loop_no_sig,11,1431,0.7976588628762542,406.0,38.923076923076934,406.0,38.923076923076934,0
per_huruf_hybrid_skeleton_forced_loop_no_sig,11,1432,0.798216276477146,406.00000000000006,38.846153846153854,406.00000000000006,38.846153846153854,0
per_huruf_hybrid_skeleton_forced_loop_no_sig,11,1433,0.7987736900780379,405.99999999999994,38.76923076923076,405.99999999999994,38.76923076923076,0
per_huruf_hybrid_skeleton_forced_loop_no_sig,11,1434,0.7993311036789298,406.0,38.692307692307686,406.0,38.692307692307686,0
per_huruf_hybrid_skeleton_forced_loop_no_sig,11,1435,0.7998885172798216,406.0,38.61538461538462,406.0,38.61538461538462,0
per_huruf_hybrid_skeleton_forced_loop_no_sig,11,1436,0.8004459308807135,406.00000000000006,38.53846153846154,406.00000000000006,38.53846153846154,0
per_huruf_hybrid_skeleton_forced_loop_no_sig,11,1437,0.8010033444816054,406.0,38.46153846153846,406.0,38.46153846153846,0
per_huruf_hybrid_skeleton_forced_loop_no_sig,11,1438,0.8015607580824972,406.0,38.38461538461539,406.0,38.38461538461539,0
per_huruf_hybrid_skeleton_forced_loop_no_sig,11,1439,0.8021181716833891,406.0,38.30769230769231,406.0,38.30769230769231,0
per_huruf_hybrid_skeleton_forced_loop_no_sig,11,1440,0.802675585284281,405.99999999999994,38.230769230769226,405.99999999999994,38.230769230769226,0
per_huruf_hybrid_skeleton_forced_loop_no_sig,11,1441,0.8032329988851727,406.0,38.15384615384615,406.0,38.15384615384615,0
per_huruf_hybrid_skeleton_forced_loop_no_sig,11,1442,0.8037904124860646,405.99999999999994,38.07692307692308,405.99999999999994,38.07692307692308,0
per_huruf_hybrid_skeleton_forced_loop_no_sig,11,1443,0.8043478260869565,406.0,38.0,406.0,38.0,0
per_huruf_hybrid_skeleton_forced_loop_no_sig,11,1444,0.8049052396878483,406.0,37.92307692307693,406.0,37.92307692307693,0
per_huruf_hybrid_skeleton_forced_loop_no_sig,11,1445,0.8054626532887402,406.00000000000006,37.84615384615385,406.00000000000006,37.84615384615385,0
per_huruf_hybrid_skeleton_forced_loop_no_sig,11,1446,0.8060200668896321,405.99999999999994,37.76923076923077,405.99999999999994,37.76923076923077,0
per_huruf_hybrid_skeleton_forced_loop_no_sig,11,1447,0.8065774804905239,406.0,37.69230769230769,406.0,37.69230769230769,0
per_huruf_hybrid_skeleton_forced_loop_no_sig,11,1448,0.8071348940914158,406.0,37.61538461538461,406.0,37.61538461538461,0
per_huruf_hybrid_skeleton_forced_loop_no_sig,11,1449,0.8076923076923077,406.00000000000006,37.53846153846154,406.00000000000006,37.53846153846154,0
per_huruf_hybrid_skeleton_forced_loop_no_sig,11,1450,0.8082497212931995,406.0,37.46153846153847,406.0,37.46153846153847,0
per_huruf_hybrid_skeleton_forced_loop_no_sig,11,1451,0.8088071348940914,406.0,37.38461538461539,406.0,37.38461538461539,0
per_huruf_hybrid_skeleton_forced_loop_no_sig,11,1452,0.8093645484949833,406.0,37.30769230769231,406.0,37.30769230769231,0
per_huruf_hybrid_skeleton_forced_loop_no_sig,11,1453,0.8099219620958751,405.99999999999994,37.230769230769226,405.99999999999994,37.230769230769226,0
per_huruf_hybrid_skeleton_forced_loop_no_sig,11,1454,0.810479375696767,406.0,37.15384615384615,406.0,37.15384615384615,0
per_huruf_hybrid_skeleton_forced_loop_no_sig,11,1455,0.8110367892976589,405.99999999999994,37.07692307692308,405.99999999999994,37.07692307692308,0
per_huruf_hybrid_skeleton_forced_loop_no_sig,11,1456,0.8115942028985507,406.0,37.0,406.0,37.0,0
per_huruf_hybrid_skeleton_forced_loop_no_sig,11,1457,0.8121516164994426,406.0,36.92307692307693,406.0,36.92307692307693,0
per_huruf_hybrid_skeleton_forced_loop_no_sig,11,1458,0.8127090301003345,406.00000000000006,36.84615384615385,406.00000000000006,36.84615384615385,0
per_huruf_hybrid_skeleton_forced_loop_no_sig,11,1459,0.8132664437012262,405.99999999999994,36.76923076923076,405.99999999999994,36.76923076923076,0
per_huruf_hybrid_skeleton_forced_loop_no_sig,11,1460,0.8138238573021181,406.0,36.69230769230769,406.0,36.69230769230769,0
per_huruf_hybrid_skeleton_forced_loop_no_sig,11,1461,0.81438127090301,406.0,36.61538461538461,406.0,36.61538461538461,0
per_huruf_hybrid_skeleton_forced_loop_no_sig,11,1462,0.8149386845039018,406.00000000000006,36.53846153846154,406.00000000000006,36.53846153846154,0
per_huruf_hybrid_skeleton_forced_loop_no_sig,11,1463,0.8154960981047937,406.0,36.46153846153846,406.0,36.46153846153846,0
per_huruf_hybrid_skeleton_forced_loop_no_sig,11,1464,0.8160535117056856,406.0,36.38461538461539,406.0,36.38461538461539,0
per_huruf_hybrid_skeleton_forced_loop_no_sig,11,1465,0.8166109253065774,406.0,36.30769230769231,406.0,36.30769230769231,0
per_huruf_hybrid_skeleton_forced_loop_no_sig,11,1466,0.8171683389074693,405.99999999999994,36.230769230769226,405.99999999999994,36.230769230769226,0
per_huruf_hybrid_skeleton_forced_loop_no_sig,11,1467,0.8177257525083612,406.0,36.15384615384616,406.0,36.15384615384616,0
per_huruf_hybrid_skeleton_forced_loop_no_sig,11,1468,0.818283166109253,405.99999999999994,36.07692307692308,405.99999999999994,36.07692307692308,0
per_huruf_hybrid_skeleton_forced_loop_no_sig,11,1469,0.8188405797101449,406.0,36.0,406.0,36.0,0
per_huruf_hybrid_skeleton_forced_loop_no_sig,11,1470,0.8193979933110368,406.0054619936277,35.84934000910333,406.0054619936277,35.84934000910333,0
per_huruf_hybrid_skeleton_forced_loop_no_sig,11,1471,0.8199554069119286,406.0200273099682,35.57578516158397,406.0200273099682,35.57578516158397,0
per_huruf_hybrid_skeleton_forced_loop_no_sig,11,1472,0.8205128205128205,406.0409649522075,35.21620391442876,406.0409649522075,35.21620391442876,0
per_huruf_hybrid_skeleton_forced_loop_no_sig,11,1473,0.8210702341137124,406.06554392353206,34.80746472462448,406.06554392353206,34.80746472462448,0
per_huruf_hybrid_skeleton_forced_loop_no_sig,11,1474,0.8216276477146042,406.0910332271279,34.38643604915794,406.0910332271279,34.38643604915794,0
per_huruf_hybrid_skeleton_forced_loop_no_sig,11,1475,0.8221850613154961,406.1147018661812,33.989986345015936,406.1147018661812,33.989986345015936,0
per_huruf_hybrid_skeleton_forced_loop_no_sig,11,1476,0.822742474916388,406.13381884387803,33.65498406918525,406.13381884387803,33.65498406918525,0
per_huruf_hybrid_skeleton_forced_loop_no_sig,11,1477,0.8232998885172798,406.14565316340463,33.418297678652706,406.14565316340463,33.418297678652706,0
per_huruf_hybrid_skeleton_forced_loop_no_sig,11,1478,0.8238573021181717,406.1474738279472,33.316795630405096,406.1474738279472,33.316795630405096,0
per_huruf_hybrid_skeleton_forced_loop_no_sig,11,1479,0.8244147157190636,406.1365498406918,33.38734638142922,406.1365498406918,33.38734638142922,0
per_huruf_hybrid_skeleton_forced_loop_no_sig,11,1480,0.8249721293199553,406.1101502048248,33.66681838871188,406.1101502048248,33.66681838871188,0
per_huruf_hybrid_skeleton_forced_loop_no_sig,11,1481,0.8255295429208472,406.06554392353206,34.19208010923987,406.06554392353206,34.19208010923987,0
per_huruf_hybrid_skeleton_forced_loop_no_sig,11,1482,0.8260869565217391,406.0,35.0,406.0,35.0,0
per_huruf_hybrid_skeleton_forced_loop_no_sig,11,1483,0.8266443701226309,405.9062357760583,36.18343195266273,405.9062357760583,36.18343195266273,0
per_huruf_hybrid_skeleton_forced_loop_no_sig,11,1484,0.8272017837235228,405.78243058716436,37.76331360946745,405.78243058716436,37.76331360946745,0
per_huruf_hybrid_skeleton_forced_loop_no_sig,11,1485,0.8277591973244147,405.63404642694576,39.66863905325443,405.63404642694576,39.66863905325443,0
per_huruf_hybrid_skeleton_forced_loop_no_sig,11,1486,0.8283166109253066,405.4665452890305,41.828402366863905,405.4665452890305,41.828402366863905,0
per_huruf_hybrid_skeleton_forced_loop_no_sig,11,1487,0.8288740245261984,405.285389167046,44.171597633136095,405.285389167046,44.171597633136095,0
per_huruf_hybrid_skeleton_forced_loop_no_sig,11,1488,0.8294314381270903,405.09604005462,46.62721893491124,405.09604005462,46.62721893491124,0
per_huruf_hybrid_skeleton_forced_loop_no_sig,11,1489,0.8299888517279822,404.90395994538005,49.12426035502959,404.90395994538005,49.12426035502959,0
per_huruf_hybrid_skeleton_forced_loop_no_sig,11,1490,0.830546265328874,404.714610832954,51.591715976331365,404.714610832954,51.591715976331365,0
per_huruf_hybrid_skeleton_forced_loop_no_sig,11,1491,0.8311036789297659,404.5334547109695,53.9585798816568,404.5334547109695,53.9585798816568,0
per_huruf_hybrid_skeleton_forced_loop_no_sig,11,1492,0.8316610925306578,404.3659535730541,56.153846153846146,404.3659535730541,56.153846153846146,0
per_huruf_hybrid_skeleton_forced_loop_no_sig,11,1493,0.8322185061315496,404.2175694128357,58.10650887573965,404.2175694128357,58.10650887573965,0
per_huruf_hybrid_skeleton_forced_loop_no_sig,11,1494,0.8327759197324415,404.0937642239417,59.74556213017751,404.0937642239417,59.74556213017751,0
per_huruf_hybrid_skeleton_forced_loop_no_sig,11,1495,0.8333333333333334,404.0,61.0,404.0,61.0,0
per_huruf_hybrid_skeleton_forced_loop_no_sig,11,1496,0.8338907469342252,403.9371870732818,61.89895311788804,403.9371870732818,61.89895311788804,0
per_huruf_hybrid_skeleton_forced_loop_no_sig,11,1497,0.8344481605351171,403.89986345015933,62.540737369139734,403.89986345015933,62.540737369139734,0
per_huruf_hybrid_skeleton_forced_loop_no_sig,11,1498,0.835005574136009,403.8839326354119,62.95812471552115,403.8839326354119,62.95812471552115,0
per_huruf_hybrid_skeleton_forced_loop_no_sig,11,1499,0.8355629877369007,403.8852981338189,63.18388711879835,403.8852981338189,63.18388711879835,0
per_huruf_hybrid_skeleton_forced_loop_no_sig,11,1500,0.8361204013377926,403.8998634501594,63.25079654073738,403.8998634501594,63.25079654073738,0
per_huruf_hybrid_skeleton_forced_loop_no_sig,11,1501,0.8366778149386845,403.92353208921264,63.19162494310423,403.92353208921264,63.19162494310423,0
per_huruf_hybrid_skeleton_forced_loop_no_sig,11,1502,0.8372352285395763,403.9522075557578,63.039144287664996,403.9522075557578,63.039144287664996,0
per_huruf_hybrid_skeleton_forced_loop_no_sig,11,1503,0.8377926421404682,403.98179335457445,62.82612653618571,403.98179335457445,62.82612653618571,0
per_huruf_hybrid_skeleton_forced_loop_no_sig,11,1504,0.8383500557413601,404.0081929904415,62.58534365043241,404.0081929904415,62.58534365043241,0
per_huruf_hybrid_skeleton_forced_loop_no_sig,11,1505,0.8389074693422519,404.0273099681383,62.34956759217114,404.0273099681383,62.34956759217114,0
per_huruf_hybrid_skeleton_forced_loop_no_sig,11,1506,0.8394648829431438,404.0350477924443,62.15157032316796,404.0350477924443,62.15157032316796,0
per_huruf_hybrid_skeleton_forced_loop_no_sig,11,1507,0.8400222965440357,404.0273099681384,62.02412380518889,404.0273099681384,62.02412380518889,0
per_huruf_hybrid_skeleton_forced_loop_no_sig,11,1508,0.8405797101449275,404.0,62.0,404.0,62.0,0
per_huruf_hybrid_skeleton_forced_loop_no_sig,11,1509,0.8411371237458194,403.9558488848431,62.03277196176606,403.9558488848431,62.03277196176606,0
per_huruf_hybrid_skeleton_forced_loop_no_sig,11,1510,0.8416945373467113,403.90122894856626,62.05507510241238,403.90122894856626,62.05507510241238,0
per_huruf_hybrid_skeleton_forced_loop_no_sig,11,1511,0.8422519509476031,403.8375056895766,62.068274920345914,403.8375056895766,62.068274920345914,0
per_huruf_hybrid_skeleton_forced_loop_no_sig,11,1512,0.842809364548495,403.76604460628124,62.07373691397359,403.76604460628124,62.07373691397359,0
per_huruf_hybrid_skeleton_forced_loop_no_sig,11,1513,0.8433667781493869,403.68821119708696,62.07282658170233,403.68821119708696,62.07282658170233,0
per_huruf_hybrid_skeleton_forced_loop_no_sig,11,1514,0.8439241917502787,403.60537096040053,62.06690942193901,403.60537096040053,62.06690942193901,0
per_huruf_hybrid_skeleton_forced_loop_no_sig,11,1515,0.8444816053511706,403.518889394629,62.057350933090575,403.518889394629,62.057350933090575,0
per_huruf_hybrid_skeleton_forced_loop_no_sig,11,1516,0.8450390189520625,403.4301319981794,62.045516613563954,403.4301319981794,62.045516613563954,0
per_huruf_hybrid_skeleton_forced_loop_no_sig,11,1517,0.8455964325529542,403.34046426945827,62.032771961766045,403.34046426945827,62.032771961766045,0
per_huruf_hybrid_skeleton_forced_loop_no_sig,11,1518,0.8461538461538461,403.25125170687295,62.02048247610377,403.25125170687295,62.02048247610377,0
per_huruf_hybrid_skeleton_forced_loop_no_sig,11,1519,0.846711259754738,403.16385980883024,62.010013654984064,403.16385980883024,62.010013654984064,0
per_huruf_hybrid_skeleton_forced_loop_no_sig,11,1520,0.8472686733556298,403.0796540737369,62.00273099681384,403.0796540737369,62.00273099681384,0
per_huruf_hybrid_skeleton_forced_loop_no_sig,11,1521,0.8478260869565217,403.0,62.0,403.0,62.0,0
per_huruf_hybrid_skeleton_forced_loop_no_sig,11,1522,0.8483835005574136,402.92307692307696,62.000000000000014,402.92307692307696,62.000000000000014,0
per_huruf_hybrid_skeleton_forced_loop_no_sig,11,1523,0.8489409141583054,402.84615384615387,62.0,402.84615384615387,62.0,0
per_huruf_hybrid_skeleton_forced_loop_no_sig,11,1524,0.8494983277591973,402.76923076923066,61.99999999999999,402.76923076923066,61.99999999999999,0
per_huruf_hybrid_skeleton_forced_loop_no_sig,11,1525,0.8500557413600892,402.6923076923077,61.99999999999999,402.6923076923077,61.99999999999999,0
per_huruf_hybrid_skeleton_forced_loop_no_sig,11,1526,0.850613154960981,402.61538461538464,62.0,402.61538461538464,62.0,0
per_huruf_hybrid_skeleton_forced_loop_no_sig,11,1527,0.8511705685618729,402.53846153846155,62.00000000000001,402.53846153846155,62.00000000000001,0
per_huruf_hybrid_skeleton_forced_loop_no_sig,11,1528,0.8517279821627648,402.46153846153845,62.0,402.46153846153845,62.0,0
per_huruf_hybrid_skeleton_forced_loop_no_sig,11,1529,0.8522853957636566,402.38461538461536,62.00000000000001,402.38461538461536,62.00000000000001,0
per_huruf_hybrid_skeleton_forced_loop_no_sig,11,1530,0.8528428093645485,402.30769230769226,62.0,402.30769230769226,62.0,0
per_huruf_hybrid_skeleton_forced_loop_no_sig,11,1531,0.8534002229654404,402.23076923076917,61.99999999999999,402.23076923076917,61.99999999999999,0
per_huruf_hybrid_skeleton_forced_loop_no_sig,11,1532,0.8539576365663322,402.1538461538462,62.0,402.1538461538462,62.0,0
per_huruf_hybrid_skeleton_forced_loop_no_sig,11,1533,0.8545150501672241,402.0769230769231,62.0,402.0769230769231,62.0,0
per_huruf_hybrid_skeleton_forced_loop_no_sig,11,1534,0.855072463768116,402.0,62.0,402.0,62.0,0
per_huruf_hybrid_skeleton_forced_loop_no_sig,11,1535,0.8556298773690078,401.8793809740556,61.98088302230315,401.8793809740556,61.98088302230315,0
per_huruf_hybrid_skeleton_forced_loop_no_sig,11,1536,0.8561872909698997,401.6859353664088,61.929904415111515,401.6859353664088,61.929904415111515,0
per_huruf_hybrid_skeleton_forced_loop_no_sig,11,1537,0.8567447045707915,401.44151115157024,61.85662266727355,401.44151115157024,61.85662266727355,0
per_huruf_hybrid_skeleton_forced_loop_no_sig,11,1538,0.8573021181716833,401.1679563040509,61.770596267637686,401.1679563040509,61.770596267637686,0
per_huruf_hybrid_skeleton_forced_loop_no_sig,11,1539,0.8578595317725752,400.8871187983615,61.681383705052355,400.8871187983615,61.681383705052355,0
per_huruf_hybrid_skeleton_forced_loop_no_sig,11,1540,0.8584169453734671,400.62084660901235,61.59854346836596,400.62084660901235,61.59854346836596,0
per_huruf_hybrid_skeleton_forced_loop_no_sig,11,1541,0.8589743589743589,400.3909877105143,61.531634046426944,400.3909877105143,61.531634046426944,0
per_huruf_hybrid_skeleton_forced_loop_no_sig,11,1542,0.8595317725752508,400.21939007737825,61.490213928083755,400.21939007737825,61.490213928083755,0
per_huruf_hybrid_skeleton_forced_loop_no_sig,11,1543,0.8600891861761427,400.1279016841147,61.483841602184796,400.1279016841147,61.483841602184796,0
per_huruf_hybrid_skeleton_forced_loop_no_sig,11,1544,0.8606465997770345,400.1383705052344,61.52207555757851,400.1383705052344,61.52207555757851,0
per_huruf_hybrid_skeleton_forced_loop_no_sig,11,1545,0.8612040133779264,400.2726445152481,61.61447428311334,400.2726445152481,61.61447428311334,0
per_huruf_hybrid_skeleton_forced_loop_no_sig,11,1546,0.8617614269788183,400.5525716886664,61.770596267637686,400.5525716886664,61.770596267637686,0
per_huruf_hybrid_skeleton_forced_loop_no_sig,11,1547,0.8623188405797101,401.0,62.0,401.0,62.0,0
per_huruf_hybrid_skeleton_forced_loop_no_sig,11,1548,0.862876254180602,401.67045971779703,62.325443786982255,401.67045971779703,62.325443786982255,0
per_huruf_hybrid_skeleton_forced_loop_no_sig,11,1549,0.8634336677814939,402.5766954938553,62.75147928994083,402.5766954938553,62.75147928994083,0
per_huruf_hybrid_skeleton_forced_loop_no_sig,11,1550,0.8639910813823857,403.67637687756024,63.26035502958579,403.67637687756024,63.26035502958579,0
per_huruf_hybrid_skeleton_forced_loop_no_sig,11,1551,0.8645484949832776,404.9271734182976,63.83431952662722,404.9271734182976,63.83431952662722,0
per_huruf_hybrid_skeleton_forced_loop_no_sig,11,1552,0.8651059085841695,406.2867546654529,64.45562130177515,406.2867546654529,64.45562130177515,0
per_huruf_hybrid_skeleton_forced_loop_no_sig,11,1553,0.8656633221850613,407.71279016841146,65.10650887573965,407.71279016841146,65.10650887573965,0
per_huruf_hybrid_skeleton_forced_loop_no_sig,11,1554,0.8662207357859532,409.162949476559,65.76923076923077,409.162949476559,65.76923076923077,0
per_huruf_hybrid_skeleton_forced_loop_no_sig,11,1555,0.866778149386845,410.59490213928086,66.42603550295858,410.59490213928086,66.42603550295858,0
per_huruf_hybrid_skeleton_forced_loop_no_sig,11,1556,0.8673355629877368,411.96631770596264,67.05917159763314,411.96631770596264,67.05917159763314,0
per_huruf_hybrid_skeleton_forced_loop_no_sig,11,1557,0.8678929765886287,413.23486572598995,67.6508875739645,413.23486572598995,67.6508875739645,0
per_huruf_hybrid_skeleton_forced_loop_no_sig,11,1558,0.8684503901895206,414.3582157487483,68.18343195266273,414.3582157487483,68.18343195266273,0
per_huruf_hybrid_skeleton_forced_loop_no_sig,11,1559,0.8690078037904124,415.2940373236231,68.63905325443787,415.2940373236231,68.63905325443787,0
per_huruf_hybrid_skeleton_forced_loop_no_sig,11,1560,0.8695652173913043,416.0,69.0,416.0,69.0,0
per_huruf_hybrid_skeleton_forced_loop_no_sig,11,1561,0.8701226309921962,416.49431042330457,69.27355484751935,416.49431042330457,69.27355484751935,0
per_huruf_hybrid_skeleton_forced_loop_no_sig,11,1562,0.870680044593088,416.8361401911698,69.48429676832043,416.8361401911698,69.48429676832043,0
per_huruf_hybrid_skeleton_forced_loop_no_sig,11,1563,0.8712374581939799,417.0446062812926,69.64041875284477,417.0446062812926,69.64041875284477,0
per_huruf_hybrid_skeleton_forced_loop_no_sig,11,1564,0.8717948717948718,417.13882567137006,69.7501137915339,417.13882567137006,69.7501137915339,0
per_huruf_hybrid_skeleton_forced_loop_no_sig,11,1565,0.8723522853957636,417.1379153390988,69.82157487482931,417.1379153390988,69.82157487482931,0
per_huruf_hybrid_skeleton_forced_loop_no_sig,11,1566,0.8729096989966555,417.0609922621757,69.86299499317252,417.0609922621757,69.86299499317252,0
per_huruf_hybrid_skeleton_forced_loop_no_sig,11,1567,0.8734671125975474,416.9271734182977,69.882567137005,416.9271734182977,69.882567137005,0
per_huruf_hybrid_skeleton_forced_loop_no_sig,11,1568,0.8740245261984392,416.75557578516157,69.88848429676833,416.75557578516157,69.88848429676833,0
per_huruf_hybrid_skeleton_forced_loop_no_sig,11,1569,0.8745819397993311,416.5653163404643,69.88893946290396,416.5653163404643,69.88893946290396,0
per_huruf_hybrid_skeleton_forced_loop_no_sig,11,1570,0.875139353400223,416.37551206190255,69.89212562585342,416.37551206190255,69.89212562585342,0
per_huruf_hybrid_skeleton_forced_loop_no_sig,11,1571,0.8756967670011148,416.2052799271735,69.90623577605827,416.2052799271735,69.90623577605827,0
per_huruf_hybrid_skeleton_forced_loop_no_sig,11,1572,0.8762541806020067,416.07373691397356,69.93946290395995,416.07373691397356,69.93946290395995,0
per_huruf_hybrid_skeleton_forced_loop_no_sig,11,1573,0.8768115942028986,416.0,70.0,416.0,70.0,0
per_huruf_hybrid_skeleton_forced_loop_no_sig,11,1574,0.8773690078037903,415.955848884843,70.0769230769231,415.955848884843,70.0769230769231,0
per_huruf_hybrid_skeleton_forced_loop_no_sig,11,1575,0.8779264214046822,415.90122894856626,70.15384615384615,415.90122894856626,70.15384615384615,0
per_huruf_hybrid_skeleton_forced_loop_no_sig,11,1576,0.8784838350055741,415.83750568957663,70.23076923076921,415.83750568957663,70.23076923076921,0
per_huruf_hybrid_skeleton_forced_loop_no_sig,11,1577,0.8790412486064659,415.7660446062812,70.3076923076923,415.7660446062812,70.3076923076923,0
per_huruf_hybrid_skeleton_forced_loop_no_sig,11,1578,0.8795986622073578,415.68821119708696,70.38461538461539,415.68821119708696,70.38461538461539,0
per_huruf_hybrid_skeleton_forced_loop_no_sig,11,1579,0.8801560758082497,415.60537096040053,70.46153846153848,415.60537096040053,70.46153846153848,0
per_huruf_hybrid_skeleton_forced_loop_no_sig,11,1580,0.8807134894091415,415.518889394629,70.53846153846155,415.518889394629,70.53846153846155,0
per_huruf_hybrid_skeleton_forced_loop_no_sig,11,1581,0.8812709030100334,415.4301319981794,70.61538461538461,415.4301319981794,70.61538461538461,0
per_huruf_hybrid_skeleton_forced_loop_no_sig,11,1582,0.8818283166109253,415.3404642694583,70.6923076923077,415.3404642694583,70.6923076923077,0
per_huruf_hybrid_skeleton_forced_loop_no_sig,11,1583,0.8823857302118171,415.25125170687295,70.76923076923077,415.25125170687295,70.76923076923077,0
per_huruf_hybrid_skeleton_forced_loop_no_sig,11,1584,0.882943143812709,415.16385980883024,70.84615384615385,415.16385980883024,70.84615384615385,0
per_huruf_hybrid_skeleton_forced_loop_no_sig,11,1585,0.8835005574136009,415.0796540737369,70.92307692307692,415.0796540737369,70.92307692307692,0
per_huruf_hybrid_skeleton_forced_loop_no_sig,11,1586,0.8840579710144927,415.0,71.0,415.0,71.0,0
per_huruf_hybrid_skeleton_forced_loop_no_sig,11,1587,0.8846153846153846,414.92307692307696,71.07965407373692,414.92307692307696,71.07965407373692,0
per_huruf_hybrid_skeleton_forced_loop_no_sig,11,1588,0.8851727982162765,414.84615384615387,71.16385980883022,414.84615384615387,71.16385980883022,0
per_huruf_hybrid_skeleton_forced_loop_no_sig,11,1589,0.8857302118171684,414.7692307692308,71.25125170687299,414.7692307692308,71.25125170687299,0
per_huruf_hybrid_skeleton_forced_loop_no_sig,11,1590,0.8862876254180602,414.6923076923077,71.34046426945835,414.6923076923077,71.34046426945835,0
per_huruf_hybrid_skeleton_forced_loop_no_sig,11,1591,0.8868450390189521,414.61538461538464,71.43013199817933,414.61538461538464,71.43013199817933,0
per_huruf_hybrid_skeleton_forced_loop_no_sig,11,1592,0.887402452619844,414.53846153846155,71.51888939462903,414.53846153846155,71.51888939462903,0
per_huruf_hybrid_skeleton_forced_loop_no_sig,11,1593,0.8879598662207357,414.46153846153845,71.60537096040055,414.46153846153845,71.60537096040055,0
per_huruf_hybrid_skeleton_forced_loop_no_sig,11,1594,0.8885172798216276,414.38461538461536,71.68821119708693,414.38461538461536,71.68821119708693,0
per_huruf_hybrid_skeleton_forced_loop_no_sig,11,1595,0.8890746934225195,414.30769230769226,71.76604460628128,414.30769230769226,71.76604460628128,0
per_huruf_hybrid_skeleton_forced_loop_no_sig,11,1596,0.8896321070234113,414.23076923076917,71.83750568957669,414.23076923076917,71.83750568957669,0
per_huruf_hybrid_skeleton_forced_loop_no_sig,11,1597,0.8901895206243032,414.1538461538462,71.90122894856623,414.1538461538462,71.90122894856623,0
per_huruf_hybrid_skeleton_forced_loop_no_sig,11,1598,0.8907469342251951,414.07692307692304,71.95584888484296,414.07692307692304,71.95584888484296,0
per_huruf_hybrid_skeleton_forced_loop_no_sig,11,1599,0.8913043478260869,414.0,72.0,414.0,72.0,0
per_huruf_hybrid_skeleton_forced_loop_no_sig,11,1600,0.8918617614269788,413.92307692307696,72.03004096495222,413.92307692307696,72.03004096495222,0
per_huruf_hybrid_skeleton_forced_loop_no_sig,11,1601,0.8924191750278707,413.84615384615387,72.04506144742832,413.84615384615387,72.04506144742832,0
per_huruf_hybrid_skeleton_forced_loop_no_sig,11,1602,0.8929765886287625,413.7692307692307,72.04779244424213,413.7692307692307,72.04779244424213,0
per_huruf_hybrid_skeleton_forced_loop_no_sig,11,1603,0.8935340022296544,413.6923076923076,72.04096495220756,413.6923076923076,72.04096495220756,0
per_huruf_hybrid_skeleton_forced_loop_no_sig,11,1604,0.8940914158305463,413.61538461538464,72.02730996813837,413.61538461538464,72.02730996813837,0
per_huruf_hybrid_skeleton_forced_loop_no_sig,11,1605,0.8946488294314381,413.5384615384616,72.00955848884843,413.5384615384616,72.00955848884843,0
per_huruf_hybrid_skeleton_forced_loop_no_sig,11,1606,0.89520624303233,413.46153846153845,71.99044151115157,413.46153846153845,71.99044151115157,0
per_huruf_hybrid_skeleton_forced_loop_no_sig,11,1607,0.8957636566332219,413.3846153846154,71.97269003186163,413.3846153846154,71.97269003186163,0
per_huruf_hybrid_skeleton_forced_loop_no_sig,11,1608,0.8963210702341137,413.30769230769226,71.95903504779244,413.30769230769226,71.95903504779244,0
per_huruf_hybrid_skeleton_forced_loop_no_sig,11,1609,0.8968784838350056,413.23076923076917,71.95220755575784,413.23076923076917,71.95220755575784,0
per_huruf_hybrid_skeleton_forced_loop_no_sig,11,1610,0.8974358974358975,413.1538461538462,71.95493855257169,413.1538461538462,71.95493855257169,0
per_huruf_hybrid_skeleton_forced_loop_no_sig,11,1611,0.8979933110367893,413.0769230769231,71.9699590350478,413.0769230769231,71.9699590350478,0
per_huruf_hybrid_skeleton_forced_loop_no_sig,11,1612,0.8985507246376812,413.0,72.0,413.0,72.0,0
per_huruf_hybrid_skeleton_forced_loop_no_sig,11,1613,0.899108138238573,412.923076923077,72.04415111515705,412.923076923077,72.04415111515705,0
per_huruf_hybrid_skeleton_forced_loop_no_sig,11,1614,0.8996655518394648,412.8461538461539,72.09877105143379,412.8461538461539,72.09877105143379,0
per_huruf_hybrid_skeleton_forced_loop_no_sig,11,1615,0.9002229654403567,412.76923076923066,72.1624943104233,412.76923076923066,72.1624943104233,0
per_huruf_hybrid_skeleton_forced_loop_no_sig,11,1616,0.9007803790412486,412.6923076923076,72.2339553937187,412.6923076923076,72.2339553937187,0
per_huruf_hybrid_skeleton_forced_loop_no_sig,11,1617,0.9013377926421404,412.61538461538464,72.31178880291307,412.61538461538464,72.31178880291307,0
per_huruf_hybrid_skeleton_forced_loop_no_sig,11,1618,0.9018952062430323,412.53846153846155,72.39462903959945,412.53846153846155,72.39462903959945,0
per_huruf_hybrid_skeleton_forced_loop_no_sig,11,1619,0.9024526198439242,412.46153846153845,72.48111060537096,412.46153846153845,72.48111060537096,0
per_huruf_hybrid_skeleton_forced_loop_no_sig,11,1620,0.903010033444816,412.3846153846155,72.56986800182067,412.3846153846155,72.56986800182067,0
per_huruf_hybrid_skeleton_forced_loop_no_sig,11,1621,0.9035674470457079,412.30769230769226,72.65953573054165,412.30769230769226,72.65953573054165,0
per_huruf_hybrid_skeleton_forced_loop_no_sig,11,1622,0.9041248606465998,412.23076923076917,72.748748293127,412.23076923076917,72.748748293127,0
per_huruf_hybrid_skeleton_forced_loop_no_sig,11,1623,0.9046822742474916,412.1538461538462,72.83614019116978,412.1538461538462,72.83614019116978,0
per_huruf_hybrid_skeleton_forced_loop_no_sig,11,1624,0.9052396878483835,412.0769230769231,72.92034592626308,412.0769230769231,72.92034592626308,0
per_huruf_hybrid_skeleton_forced_loop_no_sig,11,1625,0.9057971014492754,412.0,73.0,412.0,73.0,0
per_huruf_hybrid_skeleton_forced_loop_no_sig,11,1626,0.9063545150501672,411.92307692307696,73.07965407373692,411.92307692307696,73.07965407373692,0
per_huruf_hybrid_skeleton_forced_loop_no_sig,11,1627,0.9069119286510591,411.84615384615387,73.16385980883021,411.84615384615387,73.16385980883021,0
per_huruf_hybrid_skeleton_forced_loop_no_sig,11,1628,0.907469342251951,411.7692307692307,73.251251706873,411.7692307692307,73.251251706873,0
per_huruf_hybrid_skeleton_forced_loop_no_sig,11,1629,0.9080267558528428,411.6923076923077,73.34046426945834,411.6923076923077,73.34046426945834,0
per_huruf_hybrid_skeleton_forced_loop_no_sig,11,1630,0.9085841694537347,411.61538461538464,73.43013199817935,411.61538461538464,73.43013199817935,0
per_huruf_hybrid_skeleton_forced_loop_no_sig,11,1631,0.9091415830546266,411.53846153846155,73.51888939462903,411.53846153846155,73.51888939462903,0
per_huruf_hybrid_skeleton_forced_loop_no_sig,11,1632,0.9096989966555183,411.4615384615385,73.60537096040055,411.4615384615385,73.60537096040055,0
per_huruf_hybrid_skeleton_forced_loop_no_sig,11,1633,0.9102564102564102,411.3846153846154,73.68821119708693,411.3846153846154,73.68821119708693,0
per_huruf_hybrid_skeleton_forced_loop_no_sig,11,1634,0.9108138238573021,411.3076923076923,73.7660446062813,411.3076923076923,73.7660446062813,0
per_huruf_hybrid_skeleton_forced_loop_no_sig,11,1635,0.9113712374581939,411.2307692307692,73.83750568957669,411.2307692307692,73.83750568957669,0
per_huruf_hybrid_skeleton_forced_loop_no_sig,11,1636,0.9119286510590858,411.1538461538462,73.90122894856623,411.1538461538462,73.90122894856623,0
per_huruf_hybrid_skeleton_forced_loop_no_sig,11,1637,0.9124860646599777,411.0769230769231,73.95584888484296,411.0769230769231,73.95584888484296,0
per_huruf_hybrid_skeleton_forced_loop_no_sig,11,1638,0.9130434782608695,411.0,74.0,411.0,74.0,0
per_huruf_hybrid_skeleton_forced_loop_no_sig,11,1639,0.9136008918617614,410.92307692307696,74.0300409649522,410.92307692307696,74.0300409649522,0
per_huruf_hybrid_skeleton_forced_loop_no_sig,11,1640,0.9141583054626533,410.84615384615387,74.04506144742831,410.84615384615387,74.04506144742831,0
per_huruf_hybrid_skeleton_forced_loop_no_sig,11,1641,0.9147157190635451,410.7692307692307,74.04779244424215,410.7692307692307,74.04779244424215,0
per_huruf_hybrid_skeleton_forced_loop_no_sig,11,1642,0.915273132664437,410.6923076923076,74.04096495220755,410.6923076923076,74.04096495220755,0
per_huruf_hybrid_skeleton_forced_loop_no_sig,11,1643,0.9158305462653289,410.61538461538464,74.02730996813838,410.61538461538464,74.02730996813838,0
per_huruf_hybrid_skeleton_forced_loop_no_sig,11,1644,0.9163879598662207,410.53846153846155,74.00955848884844,410.53846153846155,74.00955848884844,0
per_huruf_hybrid_skeleton_forced_loop_no_sig,11,1645,0.9169453734671126,410.46153846153845,73.99044151115157,410.46153846153845,73.99044151115157,0
per_huruf_hybrid_skeleton_forced_loop_no_sig,11,1646,0.9175027870680045,410.38461538461536,73.97269003186163,410.38461538461536,73.97269003186163,0
per_huruf_hybrid_skeleton_forced_loop_no_sig,11,1647,0.9180602006688963,410.30769230769226,73.95903504779244,410.30769230769226,73.95903504779244,0
per_huruf_hybrid_skeleton_forced_loop_no_sig,11,1648,0.9186176142697882,410.23076923076917,73.95220755575784,410.23076923076917,73.95220755575784,0
per_huruf_hybrid_skeleton_forced_loop_no_sig,11,1649,0.9191750278706801,410.1538461538462,73.95493855257169,410.1538461538462,73.95493855257169,0
per_huruf_hybrid_skeleton_forced_loop_no_sig,11,1650,0.9197324414715718,410.07692307692304,73.9699590350478,410.07692307692304,73.9699590350478,0
per_huruf_hybrid_skeleton_forced_loop_no_sig,11,1651,0.9202898550724637,410.0,74.0,410.0,74.0,0
per_huruf_hybrid_skeleton_forced_loop_no_sig,11,1652,0.9208472686733556,409.923076923077,74.04688211197087,409.923076923077,74.04688211197087,0
per_huruf_hybrid_skeleton_forced_loop_no_sig,11,1653,0.9214046822742474,409.84615384615387,74.10878470641784,409.84615384615387,74.10878470641784,0
per_huruf_hybrid_skeleton_forced_loop_no_sig,11,1654,0.9219620958751393,409.7692307692307,74.18297678652708,409.7692307692307,74.18297678652708,0
per_huruf_hybrid_skeleton_forced_loop_no_sig,11,1655,0.9225195094760312,409.6923076923077,74.26672735548475,409.6923076923077,74.26672735548475,0
per_huruf_hybrid_skeleton_forced_loop_no_sig,11,1656,0.923076923076923,409.6153846153846,74.35730541647702,409.6153846153846,74.35730541647702,0
per_huruf_hybrid_skeleton_forced_loop_no_sig,11,1657,0.9236343366778149,409.5384615384616,74.45197997269004,409.5384615384616,74.45197997269004,0
per_huruf_hybrid_skeleton_forced_loop_no_sig,11,1658,0.9241917502787068,409.46153846153845,74.54802002730996,409.46153846153845,74.54802002730996,0
per_huruf_hybrid_skeleton_forced_loop_no_sig,11,1659,0.9247491638795986,409.3846153846154,74.642694583523,409.3846153846154,74.642694583523,0
per_huruf_hybrid_skeleton_forced_loop_no_sig,11,1660,0.9253065774804905,409.3076923076923,74.73327264451525,409.3076923076923,74.73327264451525,0
per_huruf_hybrid_skeleton_forced_loop_no_sig,11,1661,0.9258639910813824,409.23076923076917,74.81702321347291,409.23076923076917,74.81702321347291,0
per_huruf_hybrid_skeleton_forced_loop_no_sig,11,1662,0.9264214046822742,409.1538461538462,74.89121529358215,409.1538461538462,74.89121529358215,0
per_huruf_hybrid_skeleton_forced_loop_no_sig,11,1663,0.9269788182831661,409.0769230769231,74.95311788802913,409.0769230769231,74.95311788802913,0
per_huruf_hybrid_skeleton_forced_loop_no_sig,11,1664,0.927536231884058,409.0,75.0,409.0,75.0,0
per_huruf_hybrid_skeleton_forced_loop_no_sig,11,1665,0.9280936454849498,408.92307692307696,75.03004096495222,408.92307692307696,75.03004096495222,0
per_huruf_hybrid_skeleton_forced_loop_no_sig,11,1666,0.9286510590858417,408.84615384615387,75.04506144742831,408.84615384615387,75.04506144742831,0
per_huruf_hybrid_skeleton_forced_loop_no_sig,11,1667,0.9292084726867336,408.7692307692307,75.04779244424215,408.7692307692307,75.04779244424215,0
per_huruf_hybrid_skeleton_forced_loop_no_sig,11,1668,0.9297658862876254,408.6923076923076,75.04096495220755,408.6923076923076,75.04096495220755,0
per_huruf_hybrid_skeleton_forced_loop_no_sig,11,1669,0.9303232998885173,408.61538461538464,75.0273099681384,408.61538461538464,75.0273099681384,0
per_huruf_hybrid_skeleton_forced_loop_no_sig,11,1670,0.9308807134894092,408.53846153846155,75.00955848884843,408.53846153846155,75.00955848884843,0
per_huruf_hybrid_skeleton_forced_loop_no_sig,11,1671,0.9314381270903009,408.46153846153845,74.99044151115157,408.46153846153845,74.99044151115157,0
per_huruf_hybrid_skeleton_forced_loop_no_sig,11,1672,0.9319955406911928,408.3846153846154,74.97269003186163,408.3846153846154,74.97269003186163,0
per_huruf_hybrid_skeleton_forced_loop_no_sig,11,1673,0.9325529542920847,408.30769230769226,74.95903504779244,408.30769230769226,74.95903504779244,0
per_huruf_hybrid_skeleton_forced_loop_no_sig,11,1674,0.9331103678929765,408.23076923076917,74.95220755575784,408.23076923076917,74.95220755575784,0
per_huruf_hybrid_skeleton_forced_loop_no_sig,11,1675,0.9336677814938684,408.1538461538462,74.95493855257169,408.1538461538462,74.95493855257169,0
per_huruf_hybrid_skeleton_forced_loop_no_sig,11,1676,0.9342251950947603,408.07692307692304,74.9699590350478,408.07692307692304,74.9699590350478,0
per_huruf_hybrid_skeleton_forced_loop_no_sig,11,1677,0.9347826086956521,408.0,75.0,408.0,75.0,0
per_huruf_hybrid_skeleton_forced_loop_no_sig,11,1678,0.935340022296544,407.92307692307696,75.04688211197089,407.92307692307696,75.04688211197089,0
per_huruf_hybrid_skeleton_forced_loop_no_sig,11,1679,0.9358974358974359,407.84615384615387,75.10878470641785,407.84615384615387,75.10878470641785,0
per_huruf_hybrid_skeleton_forced_loop_no_sig,11,1680,0.9364548494983277,407.76923076923066,75.18297678652708,407.76923076923066,75.18297678652708,0
per_huruf_hybrid_skeleton_forced_loop_no_sig,11,1681,0.9370122630992196,407.6923076923077,75.26672735548475,407.6923076923077,75.26672735548475,0
per_huruf_hybrid_skeleton_forced_loop_no_sig,11,1682,0.9375696767001115,407.61538461538464,75.35730541647703,407.61538461538464,75.35730541647703,0
per_huruf_hybrid_skeleton_forced_loop_no_sig,11,1683,0.9381270903010033,407.53846153846155,75.45197997269004,407.53846153846155,75.45197997269004,0
per_huruf_hybrid_skeleton_forced_loop_no_sig,11,1684,0.9386845039018952,407.46153846153845,75.54802002730996,407.46153846153845,75.54802002730996,0
per_huruf_hybrid_skeleton_forced_loop_no_sig,11,1685,0.9392419175027871,407.38461538461536,75.642694583523,407.38461538461536,75.642694583523,0
per_huruf_hybrid_skeleton_forced_loop_no_sig,11,1686,0.9397993311036789,407.3076923076923,75.73327264451524,407.3076923076923,75.73327264451524,0
per_huruf_hybrid_skeleton_forced_loop_no_sig,11,1687,0.9403567447045708,407.23076923076917,75.81702321347291,407.23076923076917,75.81702321347291,0
per_huruf_hybrid_skeleton_forced_loop_no_sig,11,1688,0.9409141583054627,407.1538461538462,75.89121529358215,407.1538461538462,75.89121529358215,0
per_huruf_hybrid_skeleton_forced_loop_no_sig,11,1689,0.9414715719063544,407.07692307692304,75.95311788802913,407.07692307692304,75.95311788802913,0
per_huruf_hybrid_skeleton_forced_loop_no_sig,11,1690,0.9420289855072463,407.0,76.0,407.0,76.0,0
per_huruf_hybrid_skeleton_forced_loop_no_sig,11,1691,0.9425863991081382,406.92307692307696,76.03004096495222,406.92307692307696,76.03004096495222,0
per_huruf_hybrid_skeleton_forced_loop_no_sig,11,1692,0.9431438127090301,406.8461538461539,76.04506144742832,406.8461538461539,76.04506144742832,0
per_huruf_hybrid_skeleton_forced_loop_no_sig,11,1693,0.9437012263099219,406.7692307692307,76.04779244424213,406.7692307692307,76.04779244424213,0
per_huruf_hybrid_skeleton_forced_loop_no_sig,11,1694,0.9442586399108138,406.6923076923077,76.04096495220756,406.6923076923077,76.04096495220756,0
per_huruf_hybrid_skeleton_forced_loop_no_sig,11,1695,0.9448160535117057,406.61538461538464,76.02730996813838,406.61538461538464,76.02730996813838,0
per_huruf_hybrid_skeleton_forced_loop_no_sig,11,1696,0.9453734671125975,406.53846153846155,76.00955848884844,406.53846153846155,76.00955848884844,0
per_huruf_hybrid_skeleton_forced_loop_no_sig,11,1697,0.9459308807134894,406.46153846153845,75.99044151115156,406.46153846153845,75.99044151115156,0
per_huruf_hybrid_skeleton_forced_loop_no_sig,11,1698,0.9464882943143813,406.38461538461536,75.97269003186163,406.38461538461536,75.97269003186163,0
per_huruf_hybrid_skeleton_forced_loop_no_sig,11,1699,0.9470457079152731,406.30769230769226,75.95903504779244,406.30769230769226,75.95903504779244,0
per_huruf_hybrid_skeleton_forced_loop_no_sig,11,1700,0.947603121516165,406.23076923076917,75.95220755575784,406.23076923076917,75.95220755575784,0
per_huruf_hybrid_skeleton_forced_loop_no_sig,11,1701,0.9481605351170569,406.1538461538462,75.95493855257169,406.1538461538462,75.95493855257169,0
per_huruf_hybrid_skeleton_forced_loop_no_sig,11,1702,0.9487179487179487,406.07692307692304,75.9699590350478,406.07692307692304,75.9699590350478,0
per_huruf_hybrid_skeleton_forced_loop_no_sig,11,1703,0.9492753623188406,406.0,76.0,406.0,76.0,0
per_huruf_hybrid_skeleton_forced_loop_no_sig,11,1704,0.9498327759197325,405.93126991351846,76.04142011834321,405.93126991351846,76.04142011834321,0
per_huruf_hybrid_skeleton_forced_loop_no_sig,11,1705,0.9503901895206243,405.87619481110613,76.08875739644972,405.87619481110613,76.08875739644972,0
per_huruf_hybrid_skeleton_forced_loop_no_sig,11,1706,0.9509476031215162,405.83067819754206,76.1420118343195,405.83067819754206,76.1420118343195,0
per_huruf_hybrid_skeleton_forced_loop_no_sig,11,1707,0.9515050167224081,405.7906235776058,76.20118343195266,405.7906235776058,76.20118343195266,0
per_huruf_hybrid_skeleton_forced_loop_no_sig,11,1708,0.9520624303232998,405.7519344560765,76.26627218934912,405.7519344560765,76.26627218934912,0
per_huruf_hybrid_skeleton_forced_loop_no_sig,11,1709,0.9526198439241917,405.7105143377333,76.33727810650888,405.7105143377333,76.33727810650888,0
per_huruf_hybrid_skeleton_forced_loop_no_sig,11,1710,0.9531772575250836,405.6622667273555,76.41420118343196,405.6622667273555,76.41420118343196,0
per_huruf_hybrid_skeleton_forced_loop_no_sig,11,1711,0.9537346711259754,405.60309512972236,76.49704142011835,405.60309512972236,76.49704142011835,0
per_huruf_hybrid_skeleton_forced_loop_no_sig,11,1712,0.9542920847268673,405.5289030496131,76.58579881656804,405.5289030496131,76.58579881656804,0
per_huruf_hybrid_skeleton_forced_loop_no_sig,11,1713,0.9548494983277592,405.43559399180697,76.68047337278105,405.43559399180697,76.68047337278105,0
per_huruf_hybrid_skeleton_forced_loop_no_sig,11,1714,0.955406911928651,405.3190714610833,76.7810650887574,405.3190714610833,76.7810650887574,0
per_huruf_hybrid_skeleton_forced_loop_no_sig,11,1715,0.9559643255295429,405.1752389622212,76.88757396449704,405.1752389622212,76.88757396449704,0
per_huruf_hybrid_skeleton_forced_loop_no_sig,11,1716,0.9565217391304348,405.0,77.0,405.0,77.0,0
per_huruf_hybrid_skeleton_forced_loop_no_sig,11,1717,0.9570791527313266,404.7824305871644,77.12380518889395,404.7824305871644,77.12380518889395,0
per_huruf_hybrid_skeleton_forced_loop_no_sig,11,1718,0.9576365663322185,404.5197997269004,77.262630860264,404.5197997269004,77.262630860264,0
per_huruf_hybrid_skeleton_forced_loop_no_sig,11,1719,0.9581939799331104,404.2203004096495,77.4137460172963,404.2203004096495,77.4137460172963,0
per_huruf_hybrid_skeleton_forced_loop_no_sig,11,1720,0.9587513935340022,403.89212562585334,77.57441966317705,403.89212562585334,77.57441966317705,0
per_huruf_hybrid_skeleton_forced_loop_no_sig,11,1721,0.9593088071348941,403.54346836595363,77.7419208010924,403.54346836595363,77.7419208010924,0
per_huruf_hybrid_skeleton_forced_loop_no_sig,11,1722,0.959866220735786,403.1825216203915,77.91351843422851,403.1825216203915,77.91351843422851,0
per_huruf_hybrid_skeleton_forced_loop_no_sig,11,1723,0.9604236343366778,402.8174783796086,78.0864815657715,402.8174783796086,78.0864815657715,0
per_huruf_hybrid_skeleton_forced_loop_no_sig,11,1724,0.9609810479375697,402.4565316340464,78.25807919890761,402.4565316340464,78.25807919890761,0
per_huruf_hybrid_skeleton_forced_loop_no_sig,11,1725,0.9615384615384616,402.1078743741465,78.42558033682293,402.1078743741465,78.42558033682293,0
per_huruf_hybrid_skeleton_forced_loop_no_sig,11,1726,0.9620958751393534,401.77969959035045,78.58625398270368,401.77969959035045,78.58625398270368,0
per_huruf_hybrid_skeleton_forced_loop_no_sig,11,1727,0.9626532887402452,401.4802002730997,78.737369139736,401.4802002730997,78.737369139736,0
per_huruf_hybrid_skeleton_forced_loop_no_sig,11,1728,0.9632107023411371,401.2175694128357,78.87619481110605,401.2175694128357,78.87619481110605,0
per_huruf_hybrid_skeleton_forced_loop_no_sig,11,1729,0.9637681159420289,401.0,79.0,401.0,79.0,0
per_huruf_hybrid_skeleton_forced_loop_no_sig,11,1730,0.9643255295429208,400.92580791989076,79.10150204824762,400.92580791989076,79.10150204824762,0
per_huruf_hybrid_skeleton_forced_loop_no_sig,11,1731,0.9648829431438127,401.0514337733273,79.17888029130634,401.0514337733273,79.17888029130634,0
per_huruf_hybrid_skeleton_forced_loop_no_sig,11,1732,0.9654403567447045,401.3222576240328,79.23759672280381,401.3222576240328,79.23759672280381,0
per_huruf_hybrid_skeleton_forced_loop_no_sig,11,1733,0.9659977703455964,401.6836595357305,79.28311333636778,401.6836595357305,79.28311333636778,0
per_huruf_hybrid_skeleton_forced_loop_no_sig,11,1734,0.9665551839464883,402.0810195721439,79.32089212562586,402.0810195721439,79.32089212562586,0
per_huruf_hybrid_skeleton_forced_loop_no_sig,11,1735,0.9671125975473801,402.45971779699596,79.35639508420574,402.45971779699596,79.35639508420574,0
per_huruf_hybrid_skeleton_forced_loop_no_sig,11,1736,0.967670011148272,402.76513427401005,79.39508420573509,402.76513427401005,79.39508420573509,0
per_huruf_hybrid_skeleton_forced_loop_no_sig,11,1737,0.9682274247491639,402.9426490669094,79.44242148384161,402.9426490669094,79.44242148384161,0
per_huruf_hybrid_skeleton_forced_loop_no_sig,11,1738,0.9687848383500557,402.9376422394174,79.50386891215294,402.9376422394174,79.50386891215294,0
per_huruf_hybrid_skeleton_forced_loop_no_sig,11,1739,0.9693422519509476,402.69549385525715,79.58488848429677,402.69549385525715,79.58488848429677,0
per_huruf_hybrid_skeleton_forced_loop_no_sig,11,1740,0.9698996655518395,402.16158397815207,79.69094219390078,402.16158397815207,79.69094219390078,0
per_huruf_hybrid_skeleton_forced_loop_no_sig,11,1741,0.9704570791527313,401.2812926718252,79.82749203459262,401.2812926718252,79.82749203459262,0
per_huruf_hybrid_skeleton_forced_loop_no_sig,11,1742,0.9710144927536232,400.0,80.0,400.0,80.0,0
per_huruf_hybrid_skeleton_forced_loop_no_sig,11,1743,0.9715719063545151,398.1884387801548,80.22030040964952,398.1884387801548,80.22030040964952,0
per_huruf_hybrid_skeleton_forced_loop_no_sig,11,1744,0.9721293199554069,395.8211197086937,80.49021392808375,395.8211197086937,80.49021392808375,0
per_huruf_hybrid_skeleton_forced_loop_no_sig,11,1745,0.9726867335562988,392.99908966772864,80.80018206645424,392.99908966772864,80.80018206645424,0
per_huruf_hybrid_skeleton_forced_loop_no_sig,11,1746,0.9732441471571907,389.8233955393718,81.1406463359126,389.8233955393718,81.1406463359126,0
per_huruf_hybrid_skeleton_forced_loop_no_sig,11,1747,0.9738015607580824,386.3950842057352,81.50204824761038,386.3950842057352,81.50204824761038,0
per_huruf_hybrid_skeleton_forced_loop_no_sig,11,1748,0.9743589743589743,382.8152025489304,81.87482931269915,382.8152025489304,81.87482931269915,0
per_huruf_hybrid_skeleton_forced_loop_no_sig,11,1749,0.9749163879598662,379.18479745106964,82.24943104233046,379.18479745106964,82.24943104233046,0
per_huruf_hybrid_skeleton_forced_loop_no_sig,11,1750,0.975473801560758,375.6049157942649,82.61629494765589,375.6049157942649,82.61629494765589,0
per_huruf_hybrid_skeleton_forced_loop_no_sig,11,1751,0.9760312151616499,372.17660446062814,82.96586253982703,372.17660446062814,82.96586253982703,0
per_huruf_hybrid_skeleton_forced_loop_no_sig,11,1752,0.9765886287625418,369.00091033227125,83.28857532999544,369.00091033227125,83.28857532999544,0
per_huruf_hybrid_skeleton_forced_loop_no_sig,11,1753,0.9771460423634336,366.1788802913063,83.5748748293127,366.1788802913063,83.5748748293127,0
per_huruf_hybrid_skeleton_forced_loop_no_sig,11,1754,0.9777034559643255,363.8115612198452,83.81520254893036,363.8115612198452,83.81520254893036,0
per_huruf_hybrid_skeleton_forced_loop_no_sig,11,1755,0.9782608695652174,362.0,84.0,362.0,84.0,0
per_huruf_hybrid_skeleton_forced_loop_no_sig,11,1756,0.9788182831661092,360.7132453345472,84.1392808375057,360.7132453345472,84.1392808375057,0
per_huruf_hybrid_skeleton_forced_loop_no_sig,11,1757,0.9793756967670011,359.8183887118799,84.25034137460173,359.8183887118799,84.25034137460173,0
per_huruf_hybrid_skeleton_forced_loop_no_sig,11,1758,0.979933110367893,359.26354119253523,84.33454710969502,359.26354119253523,84.33454710969502,0
per_huruf_hybrid_skeleton_forced_loop_no_sig,11,1759,0.9804905239687848,358.9968138370505,84.39326354119254,358.9968138370505,84.39326354119254,0
per_huruf_hybrid_skeleton_forced_loop_no_sig,11,1760,0.9810479375696767,358.9663177059627,84.42785616750115,358.9663177059627,84.42785616750115,0
per_huruf_hybrid_skeleton_forced_loop_no_sig,11,1761,0.9816053511705686,359.1201638598088,84.43969048702778,359.1201638598088,84.43969048702778,0
per_huruf_hybrid_skeleton_forced_loop_no_sig,11,1762,0.9821627647714604,359.40646335912606,84.43013199817935,359.40646335912606,84.43013199817935,0
per_huruf_hybrid_skeleton_forced_loop_no_sig,11,1763,0.9827201783723523,359.77332726445155,84.40054619936276,359.77332726445155,84.40054619936276,0
per_huruf_hybrid_skeleton_forced_loop_no_sig,11,1764,0.9832775919732442,360.16886663632226,84.35229858898498,360.16886663632226,84.35229858898498,0
per_huruf_hybrid_skeleton_forced_loop_no_sig,11,1765,0.983835005574136,360.54119253527534,84.28675466545288,360.54119253527534,84.28675466545288,0
per_huruf_hybrid_skeleton_forced_loop_no_sig,11,1766,0.9843924191750278,360.83841602184793,84.20527992717342,360.83841602184793,84.20527992717342,0
per_huruf_hybrid_skeleton_forced_loop_no_sig,11,1767,0.9849498327759197,361.0086481565771,84.10923987255347,361.0086481565771,84.10923987255347,0
per_huruf_hybrid_skeleton_forced_loop_no_sig,11,1768,0.9855072463768115,361.0,84.0,361.0,84.0,0
per_huruf_hybrid_skeleton_forced_loop_no_sig,11,1769,0.9860646599777034,360.8761948111061,83.8593536640874,360.8761948111061,83.8593536640874,0
per_huruf_hybrid_skeleton_forced_loop_no_sig,11,1770,0.9866220735785953,360.737369139736,83.67364588074648,360.737369139736,83.67364588074648,0
per_huruf_hybrid_skeleton_forced_loop_no_sig,11,1771,0.9871794871794871,360.5862539827036,83.45106964041872,360.5862539827036,83.45106964041872,0
per_huruf_hybrid_skeleton_forced_loop_no_sig,11,1772,0.987736900780379,360.4255803368229,83.19981793354572,360.4255803368229,83.19981793354572,0
per_huruf_hybrid_skeleton_forced_loop_no_sig,11,1773,0.9882943143812709,360.25807919890764,82.92808375056897,360.25807919890764,82.92808375056897,0
per_huruf_hybrid_skeleton_forced_loop_no_sig,11,1774,0.9888517279821627,360.0864815657716,82.64406008192992,360.0864815657716,82.64406008192992,0
per_huruf_hybrid_skeleton_forced_loop_no_sig,11,1775,0.9894091415830546,359.91351843422854,82.35593991807009,359.91351843422854,82.35593991807009,0
per_huruf_hybrid_skeleton_forced_loop_no_sig,11,1776,0.9899665551839465,359.7419208010924,82.07191624943104,359.7419208010924,82.07191624943104,0
per_huruf_hybrid_skeleton_forced_loop_no_sig,11,1777,0.9905239687848383,359.5744196631771,81.80018206645425,359.5744196631771,81.80018206645425,0
per_huruf_hybrid_skeleton_forced_loop_no_sig,11,1778,0.9910813823857302,359.41374601729626,81.54893035958123,359.41374601729626,81.54893035958123,0
per_huruf_hybrid_skeleton_forced_loop_no_sig,11,1779,0.9916387959866221,359.26263086026404,81.32635411925352,359.26263086026404,81.32635411925352,0
per_huruf_hybrid_skeleton_forced_loop_no_sig,11,1780,0.9921962095875139,359.1238051888939,81.1406463359126,359.1238051888939,81.1406463359126,0
per_huruf_hybrid_skeleton_forced_loop_no_sig,11,1781,0.9927536231884058,359.0,81.0,359.0,81.0,0
per_huruf_hybrid_skeleton_forced_loop_no_sig,11,1782,0.9933110367892977,358.88757396449705,80.90168411470188,358.88757396449705,80.90168411470188,0
per_huruf_hybrid_skeleton_forced_loop_no_sig,11,1783,0.9938684503901895,358.78106508875743,80.83477469276285,358.78106508875743,80.83477469276285,0
per_huruf_hybrid_skeleton_forced_loop_no_sig,11,1784,0.9944258639910813,358.680473372781,80.79517523896222,358.680473372781,80.79517523896222,0
per_huruf_hybrid_skeleton_forced_loop_no_sig,11,1785,0.9949832775919732,358.585798816568,80.77878925807917,358.585798816568,80.77878925807917,0
per_huruf_hybrid_skeleton_forced_loop_no_sig,11,1786,0.995540691192865,358.49704142011836,80.78152025489305,358.49704142011836,80.78152025489305,0
per_huruf_hybrid_skeleton_forced_loop_no_sig,11,1787,0.9960981047937569,358.414201183432,80.799271734183,358.414201183432,80.799271734183,0
per_huruf_hybrid_skeleton_forced_loop_no_sig,11,1788,0.9966555183946488,358.33727810650885,80.82794720072826,358.33727810650885,80.82794720072826,0
per_huruf_hybrid_skeleton_forced_loop_no_sig,11,1789,0.9972129319955406,358.26627218934914,80.86345015930814,358.26627218934914,80.86345015930814,0
per_huruf_hybrid_skeleton_forced_loop_no_sig,11,1790,0.9977703455964325,358.20118343195264,80.90168411470187,358.20118343195264,80.90168411470187,0
per_huruf_hybrid_skeleton_forced_loop_no_sig,11,1791,0.9983277591973244,358.14201183431953,80.93855257168866,358.14201183431953,80.93855257168866,0
per_huruf_hybrid_skeleton_forced_loop_no_sig,11,1792,0.9988851727982162,358.0887573964497,80.9699590350478,358.0887573964497,80.9699590350478,0
per_huruf_hybrid_skeleton_forced_loop_no_sig,11,1793,0.9994425863991081,358.04142011834324,80.99180700955849,358.04142011834324,80.99180700955849,0
per_huruf_hybrid_skeleton_forced_loop_no_sig,11,1794,1.0,358.0,81.0,358.0,81.0,0
