label,huruf,point_index,t,bezier_xx_x,bezier_xx_y,xx_sc_x,xx_sc_y,is_sample_output_bezier_py
per_huruf_hybrid_skeleton_forced_loop_no_sig,15,0,0.0,479.0,81.0,479.0,81.0,0
per_huruf_hybrid_skeleton_forced_loop_no_sig,15,1,0.0009832841691248771,479.0468821119709,80.89030496131089,479.0468821119709,80.89030496131089,0
per_huruf_hybrid_skeleton_forced_loop_no_sig,15,2,0.0019665683382497543,479.10878470641785,80.79107874374147,479.10878470641785,80.79107874374147,0
per_huruf_hybrid_skeleton_forced_loop_no_sig,15,3,0.0029498525073746312,479.182976786527,80.70095584888483,479.182976786527,80.70095584888483,0
per_huruf_hybrid_skeleton_forced_loop_no_sig,15,4,0.003933136676499509,479.2667273554847,80.61857077833409,479.2667273554847,80.61857077833409,0
per_huruf_hybrid_skeleton_forced_loop_no_sig,15,5,0.004916420845624386,479.35730541647706,80.54255803368231,479.35730541647706,80.54255803368231,0
per_huruf_hybrid_skeleton_forced_loop_no_sig,15,6,0.0058997050147492625,479.4519799726901,80.47155211652255,479.4519799726901,80.47155211652255,0
per_huruf_hybrid_skeleton_forced_loop_no_sig,15,7,0.00688298918387414,479.54802002731,80.40418752844786,479.54802002731,80.40418752844786,0
per_huruf_hybrid_skeleton_forced_loop_no_sig,15,8,0.007866273352999017,479.642694583523,80.33909877105144,479.642694583523,80.33909877105144,0
per_huruf_hybrid_skeleton_forced_loop_no_sig,15,9,0.008849557522123894,479.73327264451524,80.27492034592626,479.73327264451524,80.27492034592626,0
per_huruf_hybrid_skeleton_forced_loop_no_sig,15,10,0.009832841691248772,479.81702321347285,80.21028675466545,479.81702321347285,80.21028675466545,0
per_huruf_hybrid_skeleton_forced_loop_no_sig,15,11,0.010816125860373648,479.89121529358215,80.14383249886208,479.89121529358215,80.14383249886208,0
per_huruf_hybrid_skeleton_forced_loop_no_sig,15,12,0.011799410029498525,479.9531178880291,80.07419208010924,479.9531178880291,80.07419208010924,0
per_huruf_hybrid_skeleton_forced_loop_no_sig,15,13,0.012782694198623403,480.0,80.0,480.0,80.0,0
per_huruf_hybrid_skeleton_forced_loop_no_sig,15,14,0.01376597836774828,480.0327719617661,79.92307692307695,480.0327719617661,79.92307692307695,0
per_huruf_hybrid_skeleton_forced_loop_no_sig,15,15,0.014749262536873158,480.05507510241233,79.84615384615385,480.05507510241233,79.84615384615385,0
per_huruf_hybrid_skeleton_forced_loop_no_sig,15,16,0.015732546705998034,480.06827492034586,79.76923076923076,480.06827492034586,79.76923076923076,0
per_huruf_hybrid_skeleton_forced_loop_no_sig,15,17,0.016715830875122913,480.0737369139735,79.6923076923077,480.0737369139735,79.6923076923077,0
per_huruf_hybrid_skeleton_forced_loop_no_sig,15,18,0.017699115044247787,480.0728265817024,79.61538461538463,480.0728265817024,79.61538461538463,0
per_huruf_hybrid_skeleton_forced_loop_no_sig,15,19,0.018682399213372666,480.06690942193904,79.53846153846155,480.06690942193904,79.53846153846155,0
per_huruf_hybrid_skeleton_forced_loop_no_sig,15,20,0.019665683382497544,480.0573509330906,79.46153846153847,480.0573509330906,79.46153846153847,0
per_huruf_hybrid_skeleton_forced_loop_no_sig,15,21,0.02064896755162242,480.04551661356396,79.38461538461539,480.04551661356396,79.38461538461539,0
per_huruf_hybrid_skeleton_forced_loop_no_sig,15,22,0.021632251720747297,480.03277196176606,79.3076923076923,480.03277196176606,79.3076923076923,0
per_huruf_hybrid_skeleton_forced_loop_no_sig,15,23,0.022615535889872175,480.0204824761037,79.23076923076923,480.0204824761037,79.23076923076923,0
per_huruf_hybrid_skeleton_forced_loop_no_sig,15,24,0.02359882005899705,480.01001365498405,79.15384615384616,480.01001365498405,79.15384615384616,0
per_huruf_hybrid_skeleton_forced_loop_no_sig,15,25,0.024582104228121928,480.0027309968138,79.07692307692308,480.0027309968138,79.07692307692308,0
per_huruf_hybrid_skeleton_forced_loop_no_sig,15,26,0.025565388397246806,480.0,79.0,480.0,79.0,0
per_huruf_hybrid_skeleton_forced_loop_no_sig,15,27,0.026548672566371685,479.9972690031862,78.92307692307693,479.9972690031862,78.92307692307693,0
per_huruf_hybrid_skeleton_forced_loop_no_sig,15,28,0.02753195673549656,479.9899863450159,78.84615384615385,479.9899863450159,78.84615384615385,0
per_huruf_hybrid_skeleton_forced_loop_no_sig,15,29,0.028515240904621438,479.9795175238961,78.76923076923076,479.9795175238961,78.76923076923076,0
per_huruf_hybrid_skeleton_forced_loop_no_sig,15,30,0.029498525073746316,479.96722803823394,78.69230769230768,479.96722803823394,78.69230769230768,0
per_huruf_hybrid_skeleton_forced_loop_no_sig,15,31,0.03048180924287119,479.9544833864361,78.61538461538463,479.9544833864361,78.61538461538463,0
per_huruf_hybrid_skeleton_forced_loop_no_sig,15,32,0.03146509341199607,479.94264906690944,78.53846153846155,479.94264906690944,78.53846153846155,0
per_huruf_hybrid_skeleton_forced_loop_no_sig,15,33,0.032448377581120944,479.933090578061,78.46153846153845,479.933090578061,78.46153846153845,0
per_huruf_hybrid_skeleton_forced_loop_no_sig,15,34,0.033431661750245825,479.9271734182977,78.38461538461539,479.9271734182977,78.38461538461539,0
per_huruf_hybrid_skeleton_forced_loop_no_sig,15,35,0.0344149459193707,479.9262630860264,78.30769230769229,479.9262630860264,78.30769230769229,0
per_huruf_hybrid_skeleton_forced_loop_no_sig,15,36,0.035398230088495575,479.93172507965403,78.23076923076923,479.93172507965403,78.23076923076923,0
per_huruf_hybrid_skeleton_forced_loop_no_sig,15,37,0.036381514257620456,479.9449248975876,78.15384615384616,479.9449248975876,78.15384615384616,0
per_huruf_hybrid_skeleton_forced_loop_no_sig,15,38,0.03736479842674533,479.96722803823394,78.07692307692308,479.96722803823394,78.07692307692308,0
per_huruf_hybrid_skeleton_forced_loop_no_sig,15,39,0.038348082595870206,480.0,78.0,480.0,78.0,0
per_huruf_hybrid_skeleton_forced_loop_no_sig,15,40,0.03933136676499509,480.04415111515715,77.92307692307695,480.04415111515715,77.92307692307695,1
per_huruf_hybrid_skeleton_forced_loop_no_sig,15,41,0.04031465093411996,480.0987710514338,77.84615384615385,480.0987710514338,77.84615384615385,0
per_huruf_hybrid_skeleton_forced_loop_no_sig,15,42,0.04129793510324484,480.16249431042326,77.76923076923076,480.16249431042326,77.76923076923076,0
per_huruf_hybrid_skeleton_forced_loop_no_sig,15,43,0.04228121927236972,480.2339553937187,77.69230769230768,480.2339553937187,77.69230769230768,0
per_huruf_hybrid_skeleton_forced_loop_no_sig,15,44,0.043264503441494594,480.31178880291316,77.61538461538463,480.31178880291316,77.61538461538463,0
per_huruf_hybrid_skeleton_forced_loop_no_sig,15,45,0.04424778761061947,480.3946290395995,77.53846153846155,480.3946290395995,77.53846153846155,0
per_huruf_hybrid_skeleton_forced_loop_no_sig,15,46,0.04523107177974435,480.481110605371,77.46153846153847,480.481110605371,77.46153846153847,0
per_huruf_hybrid_skeleton_forced_loop_no_sig,15,47,0.046214355948869225,480.5698680018207,77.38461538461539,480.5698680018207,77.38461538461539,0
per_huruf_hybrid_skeleton_forced_loop_no_sig,15,48,0.0471976401179941,480.6595357305416,77.3076923076923,480.6595357305416,77.3076923076923,0
per_huruf_hybrid_skeleton_forced_loop_no_sig,15,49,0.04818092428711898,480.74874829312694,77.23076923076923,480.74874829312694,77.23076923076923,0
per_huruf_hybrid_skeleton_forced_loop_no_sig,15,50,0.049164208456243856,480.8361401911698,77.15384615384616,480.8361401911698,77.15384615384616,0
per_huruf_hybrid_skeleton_forced_loop_no_sig,15,51,0.05014749262536874,480.92034592626305,77.07692307692307,480.92034592626305,77.07692307692307,0
per_huruf_hybrid_skeleton_forced_loop_no_sig,15,52,0.05113077679449361,481.0,77.0,481.0,77.0,0
per_huruf_hybrid_skeleton_forced_loop_no_sig,15,53,0.05211406096361849,481.07692307692315,76.92307692307695,481.07692307692315,76.92307692307695,0
per_huruf_hybrid_skeleton_forced_loop_no_sig,15,54,0.05309734513274337,481.1538461538462,76.84615384615385,481.1538461538462,76.84615384615385,0
per_huruf_hybrid_skeleton_forced_loop_no_sig,15,55,0.054080629301868244,481.23076923076917,76.76923076923077,481.23076923076917,76.76923076923077,0
per_huruf_hybrid_skeleton_forced_loop_no_sig,15,56,0.05506391347099312,481.30769230769226,76.6923076923077,481.30769230769226,76.6923076923077,0
per_huruf_hybrid_skeleton_forced_loop_no_sig,15,57,0.056047197640118,481.3846153846154,76.61538461538463,481.3846153846154,76.61538461538463,0
per_huruf_hybrid_skeleton_forced_loop_no_sig,15,58,0.057030481809242875,481.4615384615385,76.53846153846155,481.4615384615385,76.53846153846155,0
per_huruf_hybrid_skeleton_forced_loop_no_sig,15,59,0.05801376597836775,481.53846153846155,76.46153846153845,481.53846153846155,76.46153846153845,0
per_huruf_hybrid_skeleton_forced_loop_no_sig,15,60,0.05899705014749263,481.61538461538464,76.38461538461539,481.61538461538464,76.38461538461539,0
per_huruf_hybrid_skeleton_forced_loop_no_sig,15,61,0.059980334316617506,481.6923076923077,76.3076923076923,481.6923076923077,76.3076923076923,1
per_huruf_hybrid_skeleton_forced_loop_no_sig,15,62,0.06096361848574238,481.7692307692307,76.23076923076923,481.7692307692307,76.23076923076923,0
per_huruf_hybrid_skeleton_forced_loop_no_sig,15,63,0.06194690265486726,481.8461538461538,76.15384615384615,481.8461538461538,76.15384615384615,0
per_huruf_hybrid_skeleton_forced_loop_no_sig,15,64,0.06293018682399214,481.9230769230769,76.07692307692307,481.9230769230769,76.07692307692307,0
per_huruf_hybrid_skeleton_forced_loop_no_sig,15,65,0.06391347099311702,482.0,76.0,482.0,76.0,0
per_huruf_hybrid_skeleton_forced_loop_no_sig,15,66,0.06489675516224189,482.0769230769231,75.9203459262631,482.0769230769231,75.9203459262631,0
per_huruf_hybrid_skeleton_forced_loop_no_sig,15,67,0.06588003933136677,482.1538461538462,75.83614019116978,482.1538461538462,75.83614019116978,0
per_huruf_hybrid_skeleton_forced_loop_no_sig,15,68,0.06686332350049165,482.23076923076917,75.748748293127,482.23076923076917,75.748748293127,0
per_huruf_hybrid_skeleton_forced_loop_no_sig,15,69,0.06784660766961652,482.30769230769226,75.65953573054165,482.30769230769226,75.65953573054165,0
per_huruf_hybrid_skeleton_forced_loop_no_sig,15,70,0.0688298918387414,482.3846153846154,75.56986800182068,482.3846153846154,75.56986800182068,0
per_huruf_hybrid_skeleton_forced_loop_no_sig,15,71,0.06981317600786628,482.4615384615385,75.48111060537096,482.4615384615385,75.48111060537096,0
per_huruf_hybrid_skeleton_forced_loop_no_sig,15,72,0.07079646017699115,482.53846153846155,75.39462903959947,482.53846153846155,75.39462903959947,0
per_huruf_hybrid_skeleton_forced_loop_no_sig,15,73,0.07177974434611603,482.6153846153846,75.31178880291307,482.6153846153846,75.31178880291307,0
per_huruf_hybrid_skeleton_forced_loop_no_sig,15,74,0.07276302851524091,482.69230769230774,75.2339553937187,482.69230769230774,75.2339553937187,0
per_huruf_hybrid_skeleton_forced_loop_no_sig,15,75,0.07374631268436578,482.7692307692307,75.16249431042331,482.7692307692307,75.16249431042331,0
per_huruf_hybrid_skeleton_forced_loop_no_sig,15,76,0.07472959685349066,482.8461538461539,75.09877105143377,482.8461538461539,75.09877105143377,0
per_huruf_hybrid_skeleton_forced_loop_no_sig,15,77,0.07571288102261554,482.9230769230769,75.04415111515704,482.9230769230769,75.04415111515704,0
per_huruf_hybrid_skeleton_forced_loop_no_sig,15,78,0.07669616519174041,483.0,75.0,483.0,75.0,0
per_huruf_hybrid_skeleton_forced_loop_no_sig,15,79,0.0776794493608653,483.07692307692315,74.96722803823397,483.07692307692315,74.96722803823397,0
per_huruf_hybrid_skeleton_forced_loop_no_sig,15,80,0.07866273352999018,483.15384615384625,74.94492489758763,483.15384615384625,74.94492489758763,0
per_huruf_hybrid_skeleton_forced_loop_no_sig,15,81,0.07964601769911504,483.23076923076917,74.93172507965407,483.23076923076917,74.93172507965407,1
per_huruf_hybrid_skeleton_forced_loop_no_sig,15,82,0.08062930186823992,483.30769230769226,74.92626308602638,483.30769230769226,74.92626308602638,0
per_huruf_hybrid_skeleton_forced_loop_no_sig,15,83,0.0816125860373648,483.3846153846154,74.9271734182977,483.3846153846154,74.9271734182977,0
per_huruf_hybrid_skeleton_forced_loop_no_sig,15,84,0.08259587020648967,483.4615384615385,74.93309057806098,483.4615384615385,74.93309057806098,0
per_huruf_hybrid_skeleton_forced_loop_no_sig,15,85,0.08357915437561456,483.53846153846155,74.94264906690942,483.53846153846155,74.94264906690942,0
per_huruf_hybrid_skeleton_forced_loop_no_sig,15,86,0.08456243854473944,483.61538461538464,74.95448338643604,483.61538461538464,74.95448338643604,0
per_huruf_hybrid_skeleton_forced_loop_no_sig,15,87,0.0855457227138643,483.6923076923077,74.96722803823396,483.6923076923077,74.96722803823396,0
per_huruf_hybrid_skeleton_forced_loop_no_sig,15,88,0.08652900688298919,483.7692307692307,74.97951752389622,483.7692307692307,74.97951752389622,0
per_huruf_hybrid_skeleton_forced_loop_no_sig,15,89,0.08751229105211407,483.8461538461538,74.98998634501592,483.8461538461538,74.98998634501592,0
per_huruf_hybrid_skeleton_forced_loop_no_sig,15,90,0.08849557522123894,483.9230769230769,74.99726900318616,483.9230769230769,74.99726900318616,0
per_huruf_hybrid_skeleton_forced_loop_no_sig,15,91,0.08947885939036382,484.0,75.0,484.0,75.0,1
per_huruf_hybrid_skeleton_forced_loop_no_sig,15,92,0.0904621435594887,484.07692307692315,75.00000000000001,484.07692307692315,75.00000000000001,0
per_huruf_hybrid_skeleton_forced_loop_no_sig,15,93,0.09144542772861357,484.15384615384613,75.0,484.15384615384613,75.0,0
per_huruf_hybrid_skeleton_forced_loop_no_sig,15,94,0.09242871189773845,484.23076923076917,75.0,484.23076923076917,75.0,0
per_huruf_hybrid_skeleton_forced_loop_no_sig,15,95,0.09341199606686333,484.3076923076923,74.99999999999999,484.3076923076923,74.99999999999999,0
per_huruf_hybrid_skeleton_forced_loop_no_sig,15,96,0.0943952802359882,484.3846153846154,75.00000000000001,484.3846153846154,75.00000000000001,0
per_huruf_hybrid_skeleton_forced_loop_no_sig,15,97,0.09537856440511308,484.46153846153857,75.0,484.46153846153857,75.0,0
per_huruf_hybrid_skeleton_forced_loop_no_sig,15,98,0.09636184857423796,484.53846153846155,75.0,484.53846153846155,75.0,0
per_huruf_hybrid_skeleton_forced_loop_no_sig,15,99,0.09734513274336284,484.61538461538464,75.0,484.61538461538464,75.0,0
per_huruf_hybrid_skeleton_forced_loop_no_sig,15,100,0.09832841691248771,484.6923076923077,75.0,484.6923076923077,75.0,0
per_huruf_hybrid_skeleton_forced_loop_no_sig,15,101,0.0993117010816126,484.7692307692307,75.0,484.7692307692307,75.0,0
per_huruf_hybrid_skeleton_forced_loop_no_sig,15,102,0.10029498525073748,484.84615384615387,75.0,484.84615384615387,75.0,0
per_huruf_hybrid_skeleton_forced_loop_no_sig,15,103,0.10127826941986234,484.9230769230769,75.0,484.9230769230769,75.0,0
per_huruf_hybrid_skeleton_forced_loop_no_sig,15,104,0.10226155358898723,485.0,75.0,485.0,75.0,0
per_huruf_hybrid_skeleton_forced_loop_no_sig,15,105,0.1032448377581121,485.07692307692315,75.00000000000001,485.07692307692315,75.00000000000001,0
per_huruf_hybrid_skeleton_forced_loop_no_sig,15,106,0.10422812192723697,485.1538461538462,75.0,485.1538461538462,75.0,0
per_huruf_hybrid_skeleton_forced_loop_no_sig,15,107,0.10521140609636186,485.23076923076917,75.0,485.23076923076917,75.0,0
per_huruf_hybrid_skeleton_forced_loop_no_sig,15,108,0.10619469026548674,485.30769230769226,74.99999999999999,485.30769230769226,74.99999999999999,0
per_huruf_hybrid_skeleton_forced_loop_no_sig,15,109,0.1071779744346116,485.3846153846154,75.00000000000001,485.3846153846154,75.00000000000001,0
per_huruf_hybrid_skeleton_forced_loop_no_sig,15,110,0.10816125860373649,485.4615384615385,75.0,485.4615384615385,75.0,0
per_huruf_hybrid_skeleton_forced_loop_no_sig,15,111,0.10914454277286137,485.53846153846155,75.0,485.53846153846155,75.0,0
per_huruf_hybrid_skeleton_forced_loop_no_sig,15,112,0.11012782694198624,485.61538461538464,75.0,485.61538461538464,75.0,0
per_huruf_hybrid_skeleton_forced_loop_no_sig,15,113,0.11111111111111112,485.6923076923077,75.0,485.6923076923077,75.0,0
per_huruf_hybrid_skeleton_forced_loop_no_sig,15,114,0.112094395280236,485.7692307692307,75.0,485.7692307692307,75.0,0
per_huruf_hybrid_skeleton_forced_loop_no_sig,15,115,0.11307767944936087,485.84615384615387,75.0,485.84615384615387,75.0,0
per_huruf_hybrid_skeleton_forced_loop_no_sig,15,116,0.11406096361848575,485.9230769230769,75.0,485.9230769230769,75.0,0
per_huruf_hybrid_skeleton_forced_loop_no_sig,15,117,0.11504424778761063,486.0,75.0,486.0,75.0,0
per_huruf_hybrid_skeleton_forced_loop_no_sig,15,118,0.1160275319567355,486.0769230769231,75.00000000000001,486.0769230769231,75.00000000000001,0
per_huruf_hybrid_skeleton_forced_loop_no_sig,15,119,0.11701081612586038,486.1538461538462,75.0,486.1538461538462,75.0,0
per_huruf_hybrid_skeleton_forced_loop_no_sig,15,120,0.11799410029498526,486.23076923076917,75.0,486.23076923076917,75.0,0
per_huruf_hybrid_skeleton_forced_loop_no_sig,15,121,0.11897738446411013,486.30769230769226,74.99999999999999,486.30769230769226,74.99999999999999,0
per_huruf_hybrid_skeleton_forced_loop_no_sig,15,122,0.11996066863323501,486.38461538461536,75.00000000000001,486.38461538461536,75.00000000000001,1
per_huruf_hybrid_skeleton_forced_loop_no_sig,15,123,0.1209439528023599,486.4615384615385,75.0,486.4615384615385,75.0,0
per_huruf_hybrid_skeleton_forced_loop_no_sig,15,124,0.12192723697148476,486.53846153846155,75.0,486.53846153846155,75.0,0
per_huruf_hybrid_skeleton_forced_loop_no_sig,15,125,0.12291052114060964,486.6153846153846,75.0,486.6153846153846,75.0,0
per_huruf_hybrid_skeleton_forced_loop_no_sig,15,126,0.12389380530973453,486.6923076923077,75.0,486.6923076923077,75.0,0
per_huruf_hybrid_skeleton_forced_loop_no_sig,15,127,0.1248770894788594,486.7692307692307,75.0,486.7692307692307,75.0,0
per_huruf_hybrid_skeleton_forced_loop_no_sig,15,128,0.12586037364798427,486.84615384615387,75.0,486.84615384615387,75.0,0
per_huruf_hybrid_skeleton_forced_loop_no_sig,15,129,0.12684365781710916,486.9230769230769,75.0,486.9230769230769,75.0,0
per_huruf_hybrid_skeleton_forced_loop_no_sig,15,130,0.12782694198623404,487.0,75.0,487.0,75.0,0
per_huruf_hybrid_skeleton_forced_loop_no_sig,15,131,0.12881022615535892,487.07692307692315,75.00000000000001,487.07692307692315,75.00000000000001,0
per_huruf_hybrid_skeleton_forced_loop_no_sig,15,132,0.12979351032448377,487.1538461538462,75.0,487.1538461538462,75.0,0
per_huruf_hybrid_skeleton_forced_loop_no_sig,15,133,0.13077679449360866,487.2307692307691,75.0,487.2307692307691,75.0,0
per_huruf_hybrid_skeleton_forced_loop_no_sig,15,134,0.13176007866273354,487.30769230769226,74.99999999999999,487.30769230769226,74.99999999999999,0
per_huruf_hybrid_skeleton_forced_loop_no_sig,15,135,0.13274336283185842,487.3846153846154,75.00000000000001,487.3846153846154,75.00000000000001,0
per_huruf_hybrid_skeleton_forced_loop_no_sig,15,136,0.1337266470009833,487.4615384615385,75.0,487.4615384615385,75.0,0
per_huruf_hybrid_skeleton_forced_loop_no_sig,15,137,0.13470993117010818,487.53846153846155,75.0,487.53846153846155,75.0,0
per_huruf_hybrid_skeleton_forced_loop_no_sig,15,138,0.13569321533923304,487.6153846153846,75.0,487.6153846153846,75.0,0
per_huruf_hybrid_skeleton_forced_loop_no_sig,15,139,0.13667649950835792,487.6923076923077,75.0,487.6923076923077,75.0,0
per_huruf_hybrid_skeleton_forced_loop_no_sig,15,140,0.1376597836774828,487.7692307692307,75.0,487.7692307692307,75.0,0
per_huruf_hybrid_skeleton_forced_loop_no_sig,15,141,0.13864306784660768,487.8461538461538,75.0,487.8461538461538,75.0,0
per_huruf_hybrid_skeleton_forced_loop_no_sig,15,142,0.13962635201573256,487.9230769230769,75.0,487.9230769230769,75.0,0
per_huruf_hybrid_skeleton_forced_loop_no_sig,15,143,0.14060963618485744,488.0,75.0,488.0,75.0,0
per_huruf_hybrid_skeleton_forced_loop_no_sig,15,144,0.1415929203539823,488.07692307692315,74.99726900318618,488.07692307692315,74.99726900318618,0
per_huruf_hybrid_skeleton_forced_loop_no_sig,15,145,0.14257620452310718,488.1538461538462,74.98998634501592,488.1538461538462,74.98998634501592,0
per_huruf_hybrid_skeleton_forced_loop_no_sig,15,146,0.14355948869223206,488.23076923076917,74.97951752389622,488.23076923076917,74.97951752389622,0
per_huruf_hybrid_skeleton_forced_loop_no_sig,15,147,0.14454277286135694,488.30769230769226,74.96722803823394,488.30769230769226,74.96722803823394,0
per_huruf_hybrid_skeleton_forced_loop_no_sig,15,148,0.14552605703048183,488.3846153846155,74.95448338643605,488.3846153846155,74.95448338643605,0
per_huruf_hybrid_skeleton_forced_loop_no_sig,15,149,0.1465093411996067,488.46153846153845,74.94264906690942,488.46153846153845,74.94264906690942,0
per_huruf_hybrid_skeleton_forced_loop_no_sig,15,150,0.14749262536873156,488.5384615384615,74.93309057806098,488.5384615384615,74.93309057806098,0
per_huruf_hybrid_skeleton_forced_loop_no_sig,15,151,0.14847590953785644,488.6153846153846,74.92717341829768,488.6153846153846,74.92717341829768,0
per_huruf_hybrid_skeleton_forced_loop_no_sig,15,152,0.14945919370698132,488.6923076923077,74.9262630860264,488.6923076923077,74.9262630860264,0
per_huruf_hybrid_skeleton_forced_loop_no_sig,15,153,0.1504424778761062,488.7692307692307,74.93172507965406,488.7692307692307,74.93172507965406,0
per_huruf_hybrid_skeleton_forced_loop_no_sig,15,154,0.1514257620452311,488.8461538461539,74.94492489758761,488.8461538461539,74.94492489758761,0
per_huruf_hybrid_skeleton_forced_loop_no_sig,15,155,0.15240904621435597,488.9230769230769,74.96722803823396,488.9230769230769,74.96722803823396,0
per_huruf_hybrid_skeleton_forced_loop_no_sig,15,156,0.15339233038348082,489.0,75.0,489.0,75.0,0
per_huruf_hybrid_skeleton_forced_loop_no_sig,15,157,0.1543756145526057,489.079654073737,75.04415111515705,489.079654073737,75.04415111515705,0
per_huruf_hybrid_skeleton_forced_loop_no_sig,15,158,0.1553588987217306,489.16385980883024,75.09877105143379,489.16385980883024,75.09877105143379,0
per_huruf_hybrid_skeleton_forced_loop_no_sig,15,159,0.15634218289085547,489.25125170687295,75.1624943104233,489.25125170687295,75.1624943104233,0
per_huruf_hybrid_skeleton_forced_loop_no_sig,15,160,0.15732546705998035,489.3404642694582,75.2339553937187,489.3404642694582,75.2339553937187,0
per_huruf_hybrid_skeleton_forced_loop_no_sig,15,161,0.15830875122910523,489.4301319981794,75.31178880291309,489.4301319981794,75.31178880291309,0
per_huruf_hybrid_skeleton_forced_loop_no_sig,15,162,0.1592920353982301,489.51888939462907,75.39462903959945,489.51888939462907,75.39462903959945,0
per_huruf_hybrid_skeleton_forced_loop_no_sig,15,163,0.16027531956735497,489.60537096040053,75.48111060537096,489.60537096040053,75.48111060537096,0
per_huruf_hybrid_skeleton_forced_loop_no_sig,15,164,0.16125860373647985,489.68821119708696,75.56986800182068,489.68821119708696,75.56986800182068,0
per_huruf_hybrid_skeleton_forced_loop_no_sig,15,165,0.16224188790560473,489.76604460628124,75.65953573054165,489.76604460628124,75.65953573054165,0
per_huruf_hybrid_skeleton_forced_loop_no_sig,15,166,0.1632251720747296,489.8375056895767,75.748748293127,489.8375056895767,75.748748293127,0
per_huruf_hybrid_skeleton_forced_loop_no_sig,15,167,0.1642084562438545,489.9012289485662,75.83614019116978,489.9012289485662,75.83614019116978,0
per_huruf_hybrid_skeleton_forced_loop_no_sig,15,168,0.16519174041297935,489.95584888484296,75.92034592626308,489.95584888484296,75.92034592626308,0
per_huruf_hybrid_skeleton_forced_loop_no_sig,15,169,0.16617502458210423,490.0,76.0,490.0,76.0,0
per_huruf_hybrid_skeleton_forced_loop_no_sig,15,170,0.1671583087512291,490.03277196176606,76.0769230769231,490.03277196176606,76.0769230769231,0
per_huruf_hybrid_skeleton_forced_loop_no_sig,15,171,0.168141592920354,490.0550751024124,76.15384615384616,490.0550751024124,76.15384615384616,0
per_huruf_hybrid_skeleton_forced_loop_no_sig,15,172,0.16912487708947888,490.06827492034586,76.23076923076921,490.06827492034586,76.23076923076921,0
per_huruf_hybrid_skeleton_forced_loop_no_sig,15,173,0.17010816125860376,490.0737369139735,76.30769230769229,490.0737369139735,76.30769230769229,0
per_huruf_hybrid_skeleton_forced_loop_no_sig,15,174,0.1710914454277286,490.0728265817024,76.3846153846154,490.0728265817024,76.3846153846154,0
per_huruf_hybrid_skeleton_forced_loop_no_sig,15,175,0.1720747295968535,490.0669094219391,76.46153846153847,490.0669094219391,76.46153846153847,0
per_huruf_hybrid_skeleton_forced_loop_no_sig,15,176,0.17305801376597837,490.0573509330906,76.53846153846155,490.0573509330906,76.53846153846155,0
per_huruf_hybrid_skeleton_forced_loop_no_sig,15,177,0.17404129793510326,490.04551661356396,76.61538461538461,490.04551661356396,76.61538461538461,0
per_huruf_hybrid_skeleton_forced_loop_no_sig,15,178,0.17502458210422814,490.03277196176606,76.6923076923077,490.03277196176606,76.6923076923077,0
per_huruf_hybrid_skeleton_forced_loop_no_sig,15,179,0.17600786627335302,490.0204824761038,76.76923076923077,490.0204824761038,76.76923076923077,0
per_huruf_hybrid_skeleton_forced_loop_no_sig,15,180,0.17699115044247787,490.01001365498405,76.84615384615384,490.01001365498405,76.84615384615384,1
per_huruf_hybrid_skeleton_forced_loop_no_sig,15,181,0.17797443461160276,490.00273099681385,76.92307692307692,490.00273099681385,76.92307692307692,0
per_huruf_hybrid_skeleton_forced_loop_no_sig,15,182,0.17895771878072764,490.0,77.0,490.0,77.0,0
per_huruf_hybrid_skeleton_forced_loop_no_sig,15,183,0.17994100294985252,490.00000000000006,77.07692307692308,490.00000000000006,77.07692307692308,0
per_huruf_hybrid_skeleton_forced_loop_no_sig,15,184,0.1809242871189774,490.0,77.15384615384616,490.0,77.15384615384616,0
per_huruf_hybrid_skeleton_forced_loop_no_sig,15,185,0.18190757128810228,489.9999999999999,77.23076923076923,489.9999999999999,77.23076923076923,0
per_huruf_hybrid_skeleton_forced_loop_no_sig,15,186,0.18289085545722714,489.9999999999999,77.30769230769229,489.9999999999999,77.30769230769229,0
per_huruf_hybrid_skeleton_forced_loop_no_sig,15,187,0.18387413962635202,490.00000000000006,77.3846153846154,490.00000000000006,77.3846153846154,0
per_huruf_hybrid_skeleton_forced_loop_no_sig,15,188,0.1848574237954769,490.00000000000006,77.46153846153847,490.00000000000006,77.46153846153847,0
per_huruf_hybrid_skeleton_forced_loop_no_sig,15,189,0.18584070796460178,490.0,77.53846153846155,490.0,77.53846153846155,0
per_huruf_hybrid_skeleton_forced_loop_no_sig,15,190,0.18682399213372666,490.00000000000006,77.61538461538461,490.00000000000006,77.61538461538461,0
per_huruf_hybrid_skeleton_forced_loop_no_sig,15,191,0.18780727630285154,490.0,77.6923076923077,490.0,77.6923076923077,0
per_huruf_hybrid_skeleton_forced_loop_no_sig,15,192,0.1887905604719764,490.0,77.76923076923077,490.0,77.76923076923077,0
per_huruf_hybrid_skeleton_forced_loop_no_sig,15,193,0.18977384464110128,490.0,77.84615384615385,490.0,77.84615384615385,0
per_huruf_hybrid_skeleton_forced_loop_no_sig,15,194,0.19075712881022616,490.0,77.92307692307692,490.0,77.92307692307692,0
per_huruf_hybrid_skeleton_forced_loop_no_sig,15,195,0.19174041297935104,490.0,78.0,490.0,78.0,0
per_huruf_hybrid_skeleton_forced_loop_no_sig,15,196,0.19272369714847593,490.0027309968139,78.0769230769231,490.0027309968139,78.0769230769231,0
per_huruf_hybrid_skeleton_forced_loop_no_sig,15,197,0.1937069813176008,490.01001365498405,78.15384615384615,490.01001365498405,78.15384615384615,0
per_huruf_hybrid_skeleton_forced_loop_no_sig,15,198,0.1946902654867257,490.02048247610367,78.23076923076921,490.02048247610367,78.23076923076921,0
per_huruf_hybrid_skeleton_forced_loop_no_sig,15,199,0.19567354965585054,490.03277196176595,78.3076923076923,490.03277196176595,78.3076923076923,0
per_huruf_hybrid_skeleton_forced_loop_no_sig,15,200,0.19665683382497542,490.04551661356396,78.3846153846154,490.04551661356396,78.3846153846154,0
per_huruf_hybrid_skeleton_forced_loop_no_sig,15,201,0.1976401179941003,490.0573509330906,78.46153846153847,490.0573509330906,78.46153846153847,0
per_huruf_hybrid_skeleton_forced_loop_no_sig,15,202,0.1986234021632252,490.066909421939,78.53846153846153,490.066909421939,78.53846153846153,0
per_huruf_hybrid_skeleton_forced_loop_no_sig,15,203,0.19960668633235007,490.0728265817024,78.61538461538461,490.0728265817024,78.61538461538461,0
per_huruf_hybrid_skeleton_forced_loop_no_sig,15,204,0.20058997050147495,490.07373691397356,78.6923076923077,490.07373691397356,78.6923076923077,0
per_huruf_hybrid_skeleton_forced_loop_no_sig,15,205,0.2015732546705998,490.06827492034586,78.76923076923077,490.06827492034586,78.76923076923077,0
per_huruf_hybrid_skeleton_forced_loop_no_sig,15,206,0.2025565388397247,490.0550751024124,78.84615384615384,490.0550751024124,78.84615384615384,0
per_huruf_hybrid_skeleton_forced_loop_no_sig,15,207,0.20353982300884957,490.03277196176606,78.92307692307692,490.03277196176606,78.92307692307692,0
per_huruf_hybrid_skeleton_forced_loop_no_sig,15,208,0.20452310717797445,490.0,79.0,490.0,79.0,0
per_huruf_hybrid_skeleton_forced_loop_no_sig,15,209,0.20550639134709933,489.9531178880292,79.07692307692308,489.9531178880292,79.07692307692308,0
per_huruf_hybrid_skeleton_forced_loop_no_sig,15,210,0.2064896755162242,489.89121529358215,79.15384615384617,489.89121529358215,79.15384615384617,0
per_huruf_hybrid_skeleton_forced_loop_no_sig,15,211,0.20747295968534907,489.81702321347285,79.23076923076921,489.81702321347285,79.23076923076921,0
per_huruf_hybrid_skeleton_forced_loop_no_sig,15,212,0.20845624385447395,489.73327264451524,79.3076923076923,489.73327264451524,79.3076923076923,0
per_huruf_hybrid_skeleton_forced_loop_no_sig,15,213,0.20943952802359883,489.642694583523,79.3846153846154,489.642694583523,79.3846153846154,0
per_huruf_hybrid_skeleton_forced_loop_no_sig,15,214,0.2104228121927237,489.5480200273099,79.46153846153847,489.5480200273099,79.46153846153847,0
per_huruf_hybrid_skeleton_forced_loop_no_sig,15,215,0.2114060963618486,489.45197997269,79.53846153846155,489.45197997269,79.53846153846155,0
per_huruf_hybrid_skeleton_forced_loop_no_sig,15,216,0.21238938053097348,489.35730541647706,79.61538461538463,489.35730541647706,79.61538461538463,0
per_huruf_hybrid_skeleton_forced_loop_no_sig,15,217,0.21337266470009833,489.2667273554847,79.69230769230768,489.2667273554847,79.69230769230768,0
per_huruf_hybrid_skeleton_forced_loop_no_sig,15,218,0.2143559488692232,489.18297678652704,79.76923076923077,489.18297678652704,79.76923076923077,0
per_huruf_hybrid_skeleton_forced_loop_no_sig,15,219,0.2153392330383481,489.10878470641785,79.84615384615384,489.10878470641785,79.84615384615384,0
per_huruf_hybrid_skeleton_forced_loop_no_sig,15,220,0.21632251720747298,489.04688211197083,79.92307692307692,489.04688211197083,79.92307692307692,0
per_huruf_hybrid_skeleton_forced_loop_no_sig,15,221,0.21730580137659786,489.0,80.0,489.0,80.0,0
per_huruf_hybrid_skeleton_forced_loop_no_sig,15,222,0.21828908554572274,488.96995903504785,80.07692307692308,488.96995903504785,80.07692307692308,0
per_huruf_hybrid_skeleton_forced_loop_no_sig,15,223,0.2192723697148476,488.9549385525717,80.15384615384616,488.9549385525717,80.15384615384616,0
per_huruf_hybrid_skeleton_forced_loop_no_sig,15,224,0.22025565388397247,488.95220755575775,80.23076923076921,488.95220755575775,80.23076923076921,0
per_huruf_hybrid_skeleton_forced_loop_no_sig,15,225,0.22123893805309736,488.9590350477924,80.30769230769229,488.9590350477924,80.30769230769229,0
per_huruf_hybrid_skeleton_forced_loop_no_sig,15,226,0.22222222222222224,488.97269003186165,80.3846153846154,488.97269003186165,80.3846153846154,0
per_huruf_hybrid_skeleton_forced_loop_no_sig,15,227,0.22320550639134712,488.9904415111515,80.46153846153848,488.9904415111515,80.46153846153848,0
per_huruf_hybrid_skeleton_forced_loop_no_sig,15,228,0.224188790560472,489.0095584888484,80.53846153846153,489.0095584888484,80.53846153846153,0
per_huruf_hybrid_skeleton_forced_loop_no_sig,15,229,0.22517207472959685,489.0273099681384,80.61538461538463,489.0273099681384,80.61538461538463,0
per_huruf_hybrid_skeleton_forced_loop_no_sig,15,230,0.22615535889872174,489.04096495220756,80.6923076923077,489.04096495220756,80.6923076923077,0
per_huruf_hybrid_skeleton_forced_loop_no_sig,15,231,0.22713864306784662,489.04779244424213,80.76923076923076,489.04779244424213,80.76923076923076,0
per_huruf_hybrid_skeleton_forced_loop_no_sig,15,232,0.2281219272369715,489.04506144742834,80.84615384615385,489.04506144742834,80.84615384615385,0
per_huruf_hybrid_skeleton_forced_loop_no_sig,15,233,0.22910521140609638,489.0300409649522,80.92307692307692,489.0300409649522,80.92307692307692,0
per_huruf_hybrid_skeleton_forced_loop_no_sig,15,234,0.23008849557522126,489.0,81.0,489.0,81.0,0
per_huruf_hybrid_skeleton_forced_loop_no_sig,15,235,0.23107177974434612,488.955848884843,81.0769230769231,488.955848884843,81.0769230769231,0
per_huruf_hybrid_skeleton_forced_loop_no_sig,15,236,0.232055063913471,488.90122894856626,81.15384615384616,488.90122894856626,81.15384615384616,0
per_huruf_hybrid_skeleton_forced_loop_no_sig,15,237,0.23303834808259588,488.83750568957663,81.23076923076923,488.83750568957663,81.23076923076923,0
per_huruf_hybrid_skeleton_forced_loop_no_sig,15,238,0.23402163225172076,488.76604460628124,81.30769230769229,488.76604460628124,81.30769230769229,0
per_huruf_hybrid_skeleton_forced_loop_no_sig,15,239,0.23500491642084564,488.6882111970869,81.38461538461539,488.6882111970869,81.38461538461539,0
per_huruf_hybrid_skeleton_forced_loop_no_sig,15,240,0.23598820058997053,488.60537096040053,81.46153846153847,488.60537096040053,81.46153846153847,0
per_huruf_hybrid_skeleton_forced_loop_no_sig,15,241,0.23697148475909538,488.518889394629,81.53846153846153,488.518889394629,81.53846153846153,0
per_huruf_hybrid_skeleton_forced_loop_no_sig,15,242,0.23795476892822026,488.4301319981794,81.61538461538461,488.4301319981794,81.61538461538461,0
per_huruf_hybrid_skeleton_forced_loop_no_sig,15,243,0.23893805309734514,488.3404642694583,81.6923076923077,488.3404642694583,81.6923076923077,0
per_huruf_hybrid_skeleton_forced_loop_no_sig,15,244,0.23992133726647003,488.25125170687295,81.76923076923076,488.25125170687295,81.76923076923076,0
per_huruf_hybrid_skeleton_forced_loop_no_sig,15,245,0.2409046214355949,488.16385980883024,81.84615384615385,488.16385980883024,81.84615384615385,0
per_huruf_hybrid_skeleton_forced_loop_no_sig,15,246,0.2418879056047198,488.0796540737369,81.92307692307692,488.0796540737369,81.92307692307692,0
per_huruf_hybrid_skeleton_forced_loop_no_sig,15,247,0.24287118977384464,488.0,82.0,488.0,82.0,0
per_huruf_hybrid_skeleton_forced_loop_no_sig,15,248,0.24385447394296952,487.92307692307696,82.0769230769231,487.92307692307696,82.0769230769231,0
per_huruf_hybrid_skeleton_forced_loop_no_sig,15,249,0.2448377581120944,487.84615384615387,82.15384615384615,487.84615384615387,82.15384615384615,0
per_huruf_hybrid_skeleton_forced_loop_no_sig,15,250,0.2458210422812193,487.7692307692307,82.23076923076923,487.7692307692307,82.23076923076923,0
per_huruf_hybrid_skeleton_forced_loop_no_sig,15,251,0.24680432645034417,487.6923076923076,82.30769230769229,487.6923076923076,82.30769230769229,0
per_huruf_hybrid_skeleton_forced_loop_no_sig,15,252,0.24778761061946905,487.61538461538464,82.3846153846154,487.61538461538464,82.3846153846154,0
per_huruf_hybrid_skeleton_forced_loop_no_sig,15,253,0.2487708947885939,487.5384615384616,82.46153846153847,487.5384615384616,82.46153846153847,0
per_huruf_hybrid_skeleton_forced_loop_no_sig,15,254,0.2497541789577188,487.46153846153845,82.53846153846155,487.46153846153845,82.53846153846155,0
per_huruf_hybrid_skeleton_forced_loop_no_sig,15,255,0.2507374631268437,487.38461538461536,82.61538461538461,487.38461538461536,82.61538461538461,0
per_huruf_hybrid_skeleton_forced_loop_no_sig,15,256,0.25172074729596855,487.30769230769226,82.6923076923077,487.30769230769226,82.6923076923077,0
per_huruf_hybrid_skeleton_forced_loop_no_sig,15,257,0.2527040314650934,487.23076923076917,82.76923076923076,487.23076923076917,82.76923076923076,0
per_huruf_hybrid_skeleton_forced_loop_no_sig,15,258,0.2536873156342183,487.1538461538462,82.84615384615384,487.1538461538462,82.84615384615384,0
per_huruf_hybrid_skeleton_forced_loop_no_sig,15,259,0.25467059980334317,487.07692307692304,82.92307692307692,487.07692307692304,82.92307692307692,0
per_huruf_hybrid_skeleton_forced_loop_no_sig,15,260,0.2556538839724681,487.0,83.0,487.0,83.0,0
per_huruf_hybrid_skeleton_forced_loop_no_sig,15,261,0.25663716814159293,486.92307692307696,83.07965407373693,486.92307692307696,83.07965407373693,0
per_huruf_hybrid_skeleton_forced_loop_no_sig,15,262,0.25762045231071784,486.84615384615387,83.16385980883021,486.84615384615387,83.16385980883021,0
per_huruf_hybrid_skeleton_forced_loop_no_sig,15,263,0.2586037364798427,486.7692307692307,83.25125170687298,486.7692307692307,83.25125170687298,0
per_huruf_hybrid_skeleton_forced_loop_no_sig,15,264,0.25958702064896755,486.6923076923077,83.34046426945835,486.6923076923077,83.34046426945835,0
per_huruf_hybrid_skeleton_forced_loop_no_sig,15,265,0.26057030481809246,486.61538461538464,83.43013199817933,486.61538461538464,83.43013199817933,0
per_huruf_hybrid_skeleton_forced_loop_no_sig,15,266,0.2615535889872173,486.5384615384616,83.51888939462904,486.5384615384616,83.51888939462904,0
per_huruf_hybrid_skeleton_forced_loop_no_sig,15,267,0.2625368731563422,486.46153846153845,83.60537096040055,486.46153846153845,83.60537096040055,0
per_huruf_hybrid_skeleton_forced_loop_no_sig,15,268,0.2635201573254671,486.38461538461536,83.68821119708693,486.38461538461536,83.68821119708693,0
per_huruf_hybrid_skeleton_forced_loop_no_sig,15,269,0.26450344149459193,486.3076923076923,83.76604460628128,486.3076923076923,83.76604460628128,0
per_huruf_hybrid_skeleton_forced_loop_no_sig,15,270,0.26548672566371684,486.2307692307692,83.83750568957669,486.2307692307692,83.83750568957669,0
per_huruf_hybrid_skeleton_forced_loop_no_sig,15,271,0.2664700098328417,486.15384615384613,83.90122894856623,486.15384615384613,83.90122894856623,0
per_huruf_hybrid_skeleton_forced_loop_no_sig,15,272,0.2674532940019666,486.07692307692304,83.95584888484296,486.07692307692304,83.95584888484296,0
per_huruf_hybrid_skeleton_forced_loop_no_sig,15,273,0.26843657817109146,486.0,84.0,486.0,84.0,0
per_huruf_hybrid_skeleton_forced_loop_no_sig,15,274,0.26941986234021637,485.92307692307696,84.03004096495222,485.92307692307696,84.03004096495222,0
per_huruf_hybrid_skeleton_forced_loop_no_sig,15,275,0.2704031465093412,485.84615384615387,84.0450614474283,485.84615384615387,84.0450614474283,0
per_huruf_hybrid_skeleton_forced_loop_no_sig,15,276,0.2713864306784661,485.76923076923066,84.04779244424213,485.76923076923066,84.04779244424213,0
per_huruf_hybrid_skeleton_forced_loop_no_sig,15,277,0.272369714847591,485.6923076923076,84.04096495220755,485.6923076923076,84.04096495220755,0
per_huruf_hybrid_skeleton_forced_loop_no_sig,15,278,0.27335299901671584,485.61538461538464,84.02730996813837,485.61538461538464,84.02730996813837,0
per_huruf_hybrid_skeleton_forced_loop_no_sig,15,279,0.27433628318584075,485.53846153846166,84.00955848884844,485.53846153846166,84.00955848884844,0
per_huruf_hybrid_skeleton_forced_loop_no_sig,15,280,0.2753195673549656,485.46153846153845,83.99044151115157,485.46153846153845,83.99044151115157,0
per_huruf_hybrid_skeleton_forced_loop_no_sig,15,281,0.27630285152409045,485.38461538461536,83.97269003186163,485.38461538461536,83.97269003186163,0
per_huruf_hybrid_skeleton_forced_loop_no_sig,15,282,0.27728613569321536,485.3076923076923,83.95903504779244,485.3076923076923,83.95903504779244,0
per_huruf_hybrid_skeleton_forced_loop_no_sig,15,283,0.2782694198623402,485.23076923076917,83.95220755575784,485.23076923076917,83.95220755575784,0
per_huruf_hybrid_skeleton_forced_loop_no_sig,15,284,0.2792527040314651,485.1538461538462,83.95493855257169,485.1538461538462,83.95493855257169,0
per_huruf_hybrid_skeleton_forced_loop_no_sig,15,285,0.28023598820059,485.07692307692304,83.9699590350478,485.07692307692304,83.9699590350478,0
per_huruf_hybrid_skeleton_forced_loop_no_sig,15,286,0.2812192723697149,485.0,84.0,485.0,84.0,0
per_huruf_hybrid_skeleton_forced_loop_no_sig,15,287,0.28220255653883974,484.92307692307696,84.04688211197089,484.92307692307696,84.04688211197089,0
per_huruf_hybrid_skeleton_forced_loop_no_sig,15,288,0.2831858407079646,484.8461538461539,84.10878470641785,484.8461538461539,84.10878470641785,0
per_huruf_hybrid_skeleton_forced_loop_no_sig,15,289,0.2841691248770895,484.7692307692308,84.18297678652708,484.7692307692308,84.18297678652708,0
per_huruf_hybrid_skeleton_forced_loop_no_sig,15,290,0.28515240904621436,484.6923076923077,84.26672735548475,484.6923076923077,84.26672735548475,0
per_huruf_hybrid_skeleton_forced_loop_no_sig,15,291,0.28613569321533927,484.61538461538464,84.35730541647702,484.61538461538464,84.35730541647702,0
per_huruf_hybrid_skeleton_forced_loop_no_sig,15,292,0.2871189773844641,484.5384615384616,84.45197997269004,484.5384615384616,84.45197997269004,0
per_huruf_hybrid_skeleton_forced_loop_no_sig,15,293,0.288102261553589,484.46153846153845,84.54802002730996,484.46153846153845,84.54802002730996,0
per_huruf_hybrid_skeleton_forced_loop_no_sig,15,294,0.2890855457227139,484.3846153846154,84.64269458352298,484.3846153846154,84.64269458352298,0
per_huruf_hybrid_skeleton_forced_loop_no_sig,15,295,0.29006882989183874,484.30769230769226,84.73327264451524,484.30769230769226,84.73327264451524,0
per_huruf_hybrid_skeleton_forced_loop_no_sig,15,296,0.29105211406096365,484.23076923076917,84.81702321347291,484.23076923076917,84.81702321347291,0
per_huruf_hybrid_skeleton_forced_loop_no_sig,15,297,0.2920353982300885,484.1538461538462,84.89121529358216,484.1538461538462,84.89121529358216,0
per_huruf_hybrid_skeleton_forced_loop_no_sig,15,298,0.2930186823992134,484.0769230769231,84.95311788802913,484.0769230769231,84.95311788802913,0
per_huruf_hybrid_skeleton_forced_loop_no_sig,15,299,0.29400196656833827,484.0,85.0,484.0,85.0,0
per_huruf_hybrid_skeleton_forced_loop_no_sig,15,300,0.2949852507374631,483.92307692307696,85.03277196176607,483.92307692307696,85.03277196176607,0
per_huruf_hybrid_skeleton_forced_loop_no_sig,15,301,0.29596853490658803,483.84615384615387,85.05507510241239,483.84615384615387,85.05507510241239,0
per_huruf_hybrid_skeleton_forced_loop_no_sig,15,302,0.2969518190757129,483.7692307692307,85.06827492034593,483.7692307692307,85.06827492034593,0
per_huruf_hybrid_skeleton_forced_loop_no_sig,15,303,0.2979351032448378,483.6923076923076,85.0737369139736,483.6923076923076,85.0737369139736,0
per_huruf_hybrid_skeleton_forced_loop_no_sig,15,304,0.29891838741396265,483.61538461538464,85.07282658170233,483.61538461538464,85.07282658170233,0
per_huruf_hybrid_skeleton_forced_loop_no_sig,15,305,0.2999016715830875,483.5384615384616,85.06690942193902,483.5384615384616,85.06690942193902,0
per_huruf_hybrid_skeleton_forced_loop_no_sig,15,306,0.3008849557522124,483.46153846153845,85.05735093309058,483.46153846153845,85.05735093309058,0
per_huruf_hybrid_skeleton_forced_loop_no_sig,15,307,0.30186823992133727,483.3846153846154,85.04551661356395,483.3846153846154,85.04551661356395,0
per_huruf_hybrid_skeleton_forced_loop_no_sig,15,308,0.3028515240904622,483.30769230769226,85.03277196176604,483.30769230769226,85.03277196176604,0
per_huruf_hybrid_skeleton_forced_loop_no_sig,15,309,0.30383480825958703,483.23076923076917,85.02048247610378,483.23076923076917,85.02048247610378,0
per_huruf_hybrid_skeleton_forced_loop_no_sig,15,310,0.30481809242871194,483.1538461538462,85.01001365498408,483.1538461538462,85.01001365498408,0
per_huruf_hybrid_skeleton_forced_loop_no_sig,15,311,0.3058013765978368,483.0769230769231,85.00273099681384,483.0769230769231,85.00273099681384,0
per_huruf_hybrid_skeleton_forced_loop_no_sig,15,312,0.30678466076696165,483.0,85.0,483.0,85.0,0
per_huruf_hybrid_skeleton_forced_loop_no_sig,15,313,0.30776794493608656,482.923076923077,84.99726900318618,482.923076923077,84.99726900318618,0
per_huruf_hybrid_skeleton_forced_loop_no_sig,15,314,0.3087512291052114,482.84615384615387,84.98998634501595,482.84615384615387,84.98998634501595,0
per_huruf_hybrid_skeleton_forced_loop_no_sig,15,315,0.3097345132743363,482.7692307692307,84.9795175238962,482.7692307692307,84.9795175238962,0
per_huruf_hybrid_skeleton_forced_loop_no_sig,15,316,0.3107177974434612,482.6923076923077,84.96722803823396,482.6923076923077,84.96722803823396,0
per_huruf_hybrid_skeleton_forced_loop_no_sig,15,317,0.31170108161258603,482.6153846153847,84.95448338643605,482.6153846153847,84.95448338643605,0
per_huruf_hybrid_skeleton_forced_loop_no_sig,15,318,0.31268436578171094,482.5384615384616,84.94264906690944,482.5384615384616,84.94264906690944,0
per_huruf_hybrid_skeleton_forced_loop_no_sig,15,319,0.3136676499508358,482.46153846153845,84.933090578061,482.46153846153845,84.933090578061,0
per_huruf_hybrid_skeleton_forced_loop_no_sig,15,320,0.3146509341199607,482.38461538461536,84.92717341829768,482.38461538461536,84.92717341829768,0
per_huruf_hybrid_skeleton_forced_loop_no_sig,15,321,0.31563421828908556,482.3076923076923,84.9262630860264,482.3076923076923,84.9262630860264,0
per_huruf_hybrid_skeleton_forced_loop_no_sig,15,322,0.31661750245821046,482.23076923076917,84.93172507965406,482.23076923076917,84.93172507965406,0
per_huruf_hybrid_skeleton_forced_loop_no_sig,15,323,0.3176007866273353,482.1538461538462,84.94492489758761,482.1538461538462,84.94492489758761,0
per_huruf_hybrid_skeleton_forced_loop_no_sig,15,324,0.3185840707964602,482.0769230769231,84.96722803823396,482.0769230769231,84.96722803823396,0
per_huruf_hybrid_skeleton_forced_loop_no_sig,15,325,0.3195673549655851,482.0,85.0,482.0,85.0,0
per_huruf_hybrid_skeleton_forced_loop_no_sig,15,326,0.32055063913470994,481.9230769230771,85.04688211197089,481.9230769230771,85.04688211197089,0
per_huruf_hybrid_skeleton_forced_loop_no_sig,15,327,0.32153392330383485,481.84615384615387,85.10878470641785,481.84615384615387,85.10878470641785,0
per_huruf_hybrid_skeleton_forced_loop_no_sig,15,328,0.3225172074729597,481.7692307692307,85.18297678652708,481.7692307692307,85.18297678652708,0
per_huruf_hybrid_skeleton_forced_loop_no_sig,15,329,0.3235004916420846,481.6923076923076,85.26672735548475,481.6923076923076,85.26672735548475,0
per_huruf_hybrid_skeleton_forced_loop_no_sig,15,330,0.32448377581120946,481.61538461538464,85.35730541647702,481.61538461538464,85.35730541647702,0
per_huruf_hybrid_skeleton_forced_loop_no_sig,15,331,0.3254670599803343,481.5384615384616,85.45197997269003,481.5384615384616,85.45197997269003,0
per_huruf_hybrid_skeleton_forced_loop_no_sig,15,332,0.3264503441494592,481.46153846153845,85.54802002730997,481.46153846153845,85.54802002730997,0
per_huruf_hybrid_skeleton_forced_loop_no_sig,15,333,0.3274336283185841,481.38461538461536,85.64269458352298,481.38461538461536,85.64269458352298,0
per_huruf_hybrid_skeleton_forced_loop_no_sig,15,334,0.328416912487709,481.30769230769226,85.73327264451524,481.30769230769226,85.73327264451524,0
per_huruf_hybrid_skeleton_forced_loop_no_sig,15,335,0.32940019665683384,481.23076923076917,85.81702321347291,481.23076923076917,85.81702321347291,0
per_huruf_hybrid_skeleton_forced_loop_no_sig,15,336,0.3303834808259587,481.1538461538462,85.89121529358216,481.1538461538462,85.89121529358216,0
per_huruf_hybrid_skeleton_forced_loop_no_sig,15,337,0.3313667649950836,481.0769230769231,85.95311788802911,481.0769230769231,85.95311788802911,0
per_huruf_hybrid_skeleton_forced_loop_no_sig,15,338,0.33235004916420846,481.0,86.0,481.0,86.0,0
per_huruf_hybrid_skeleton_forced_loop_no_sig,15,339,0.33333333333333337,480.92307692307696,86.03550295857988,480.92307692307696,86.03550295857988,0
per_huruf_hybrid_skeleton_forced_loop_no_sig,15,340,0.3343166175024582,480.84615384615387,86.06508875739645,480.84615384615387,86.06508875739645,0
per_huruf_hybrid_skeleton_forced_loop_no_sig,15,341,0.33529990167158313,480.7692307692307,86.0887573964497,480.7692307692307,86.0887573964497,0
per_huruf_hybrid_skeleton_forced_loop_no_sig,15,342,0.336283185840708,480.6923076923077,86.10650887573964,480.6923076923077,86.10650887573964,0
per_huruf_hybrid_skeleton_forced_loop_no_sig,15,343,0.33726647000983284,480.6153846153847,86.11834319526629,480.6153846153847,86.11834319526629,0
per_huruf_hybrid_skeleton_forced_loop_no_sig,15,344,0.33824975417895775,480.53846153846155,86.12426035502958,480.53846153846155,86.12426035502958,0
per_huruf_hybrid_skeleton_forced_loop_no_sig,15,345,0.3392330383480826,480.46153846153845,86.12426035502958,480.46153846153845,86.12426035502958,0
per_huruf_hybrid_skeleton_forced_loop_no_sig,15,346,0.3402163225172075,480.3846153846154,86.11834319526628,480.3846153846154,86.11834319526628,0
per_huruf_hybrid_skeleton_forced_loop_no_sig,15,347,0.34119960668633237,480.3076923076923,86.10650887573965,480.3076923076923,86.10650887573965,0
per_huruf_hybrid_skeleton_forced_loop_no_sig,15,348,0.3421828908554572,480.23076923076917,86.0887573964497,480.23076923076917,86.0887573964497,0
per_huruf_hybrid_skeleton_forced_loop_no_sig,15,349,0.34316617502458213,480.15384615384613,86.06508875739647,480.15384615384613,86.06508875739647,0
per_huruf_hybrid_skeleton_forced_loop_no_sig,15,350,0.344149459193707,480.07692307692304,86.03550295857988,480.07692307692304,86.03550295857988,0
per_huruf_hybrid_skeleton_forced_loop_no_sig,15,351,0.3451327433628319,480.0,86.0,480.0,86.0,0
per_huruf_hybrid_skeleton_forced_loop_no_sig,15,352,0.34611602753195675,479.9203459262631,85.95584888484296,479.9203459262631,85.95584888484296,0
per_huruf_hybrid_skeleton_forced_loop_no_sig,15,353,0.34709931170108166,479.8361401911698,85.90122894856624,479.8361401911698,85.90122894856624,0
per_huruf_hybrid_skeleton_forced_loop_no_sig,15,354,0.3480825958702065,479.74874829312694,85.83750568957669,479.74874829312694,85.83750568957669,0
per_huruf_hybrid_skeleton_forced_loop_no_sig,15,355,0.34906588003933137,479.6595357305416,85.76604460628128,479.6595357305416,85.76604460628128,0
per_huruf_hybrid_skeleton_forced_loop_no_sig,15,356,0.3500491642084563,479.56986800182074,85.68821119708694,479.56986800182074,85.68821119708694,0
per_huruf_hybrid_skeleton_forced_loop_no_sig,15,357,0.35103244837758113,479.481110605371,85.60537096040055,479.481110605371,85.60537096040055,0
per_huruf_hybrid_skeleton_forced_loop_no_sig,15,358,0.35201573254670604,479.39462903959947,85.51888939462903,479.39462903959947,85.51888939462903,0
per_huruf_hybrid_skeleton_forced_loop_no_sig,15,359,0.3529990167158309,479.3117888029131,85.43013199817933,479.3117888029131,85.43013199817933,0
per_huruf_hybrid_skeleton_forced_loop_no_sig,15,360,0.35398230088495575,479.2339553937187,85.34046426945834,479.2339553937187,85.34046426945834,0
per_huruf_hybrid_skeleton_forced_loop_no_sig,15,361,0.35496558505408066,479.16249431042326,85.251251706873,479.16249431042326,85.251251706873,0
per_huruf_hybrid_skeleton_forced_loop_no_sig,15,362,0.3559488692232055,479.0987710514338,85.16385980883022,479.0987710514338,85.16385980883022,0
per_huruf_hybrid_skeleton_forced_loop_no_sig,15,363,0.3569321533923304,479.044151115157,85.07965407373692,479.044151115157,85.07965407373692,0
per_huruf_hybrid_skeleton_forced_loop_no_sig,15,364,0.3579154375614553,479.0,85.0,479.0,85.0,0
per_huruf_hybrid_skeleton_forced_loop_no_sig,15,365,0.3588987217305802,478.967228038234,84.92307692307693,478.967228038234,84.92307692307693,0
per_huruf_hybrid_skeleton_forced_loop_no_sig,15,366,0.35988200589970504,478.9449248975876,84.84615384615384,478.9449248975876,84.84615384615384,0
per_huruf_hybrid_skeleton_forced_loop_no_sig,15,367,0.3608652900688299,478.93172507965403,84.76923076923076,478.93172507965403,84.76923076923076,0
per_huruf_hybrid_skeleton_forced_loop_no_sig,15,368,0.3618485742379548,478.9262630860264,84.6923076923077,478.9262630860264,84.6923076923077,0
per_huruf_hybrid_skeleton_forced_loop_no_sig,15,369,0.36283185840707965,478.9271734182977,84.61538461538463,478.9271734182977,84.61538461538463,0
per_huruf_hybrid_skeleton_forced_loop_no_sig,15,370,0.36381514257620456,478.933090578061,84.53846153846156,478.933090578061,84.53846153846156,0
per_huruf_hybrid_skeleton_forced_loop_no_sig,15,371,0.3647984267453294,478.9426490669094,84.46153846153847,478.9426490669094,84.46153846153847,0
per_huruf_hybrid_skeleton_forced_loop_no_sig,15,372,0.36578171091445427,478.95448338643604,84.38461538461539,478.95448338643604,84.38461538461539,0
per_huruf_hybrid_skeleton_forced_loop_no_sig,15,373,0.3667649950835792,478.967228038234,84.3076923076923,478.967228038234,84.3076923076923,0
per_huruf_hybrid_skeleton_forced_loop_no_sig,15,374,0.36774827925270404,478.97951752389616,84.23076923076923,478.97951752389616,84.23076923076923,0
per_huruf_hybrid_skeleton_forced_loop_no_sig,15,375,0.36873156342182895,478.98998634501595,84.15384615384616,478.98998634501595,84.15384615384616,0
per_huruf_hybrid_skeleton_forced_loop_no_sig,15,376,0.3697148475909538,478.99726900318615,84.07692307692307,478.99726900318615,84.07692307692307,0
per_huruf_hybrid_skeleton_forced_loop_no_sig,15,377,0.3706981317600787,479.0,84.0,479.0,84.0,0
per_huruf_hybrid_skeleton_forced_loop_no_sig,15,378,0.37168141592920356,479.00000000000006,83.92580791989076,479.00000000000006,83.92580791989076,0
per_huruf_hybrid_skeleton_forced_loop_no_sig,15,379,0.3726647000983284,479.0,83.85616750113792,479.0,83.85616750113792,0
per_huruf_hybrid_skeleton_forced_loop_no_sig,15,380,0.3736479842674533,478.99999999999994,83.78971324533455,478.99999999999994,83.78971324533455,0
per_huruf_hybrid_skeleton_forced_loop_no_sig,15,381,0.3746312684365782,478.99999999999994,83.72507965407372,478.99999999999994,83.72507965407372,0
per_huruf_hybrid_skeleton_forced_loop_no_sig,15,382,0.3756145526057031,479.00000000000006,83.66090122894857,479.00000000000006,83.66090122894857,0
per_huruf_hybrid_skeleton_forced_loop_no_sig,15,383,0.37659783677482794,479.0,83.59581247155214,479.0,83.59581247155214,0
per_huruf_hybrid_skeleton_forced_loop_no_sig,15,384,0.3775811209439528,479.0,83.52844788347747,479.0,83.52844788347747,0
per_huruf_hybrid_skeleton_forced_loop_no_sig,15,385,0.3785644051130777,479.0,83.4574419663177,479.0,83.4574419663177,0
per_huruf_hybrid_skeleton_forced_loop_no_sig,15,386,0.37954768928220256,479.0,83.38142922166591,479.0,83.38142922166591,0
per_huruf_hybrid_skeleton_forced_loop_no_sig,15,387,0.38053097345132747,478.99999999999994,83.29904415111514,478.99999999999994,83.29904415111514,0
per_huruf_hybrid_skeleton_forced_loop_no_sig,15,388,0.3815142576204523,479.0,83.20892125625855,479.0,83.20892125625855,0
per_huruf_hybrid_skeleton_forced_loop_no_sig,15,389,0.38249754178957723,479.0,83.10969503868913,479.0,83.10969503868913,0
per_huruf_hybrid_skeleton_forced_loop_no_sig,15,390,0.3834808259587021,479.0,83.0,479.0,83.0,0
per_huruf_hybrid_skeleton_forced_loop_no_sig,15,391,0.38446411012782694,478.99726900318626,82.87619481110606,478.99726900318626,82.87619481110606,0
per_huruf_hybrid_skeleton_forced_loop_no_sig,15,392,0.38544739429695185,478.98998634501595,82.737369139736,478.98998634501595,82.737369139736,0
per_huruf_hybrid_skeleton_forced_loop_no_sig,15,393,0.3864306784660767,478.97951752389616,82.58625398270365,478.97951752389616,82.58625398270365,0
per_huruf_hybrid_skeleton_forced_loop_no_sig,15,394,0.3874139626352016,478.9672280382339,82.42558033682292,478.9672280382339,82.42558033682292,0
per_huruf_hybrid_skeleton_forced_loop_no_sig,15,395,0.38839724680432647,478.9544833864361,82.25807919890761,478.9544833864361,82.25807919890761,0
per_huruf_hybrid_skeleton_forced_loop_no_sig,15,396,0.3893805309734514,478.94264906690944,82.08648156577152,478.94264906690944,82.08648156577152,0
per_huruf_hybrid_skeleton_forced_loop_no_sig,15,397,0.39036381514257623,478.933090578061,81.9135184342285,478.933090578061,81.9135184342285,0
per_huruf_hybrid_skeleton_forced_loop_no_sig,15,398,0.3913470993117011,478.9271734182976,81.74192080109239,478.9271734182976,81.74192080109239,0
per_huruf_hybrid_skeleton_forced_loop_no_sig,15,399,0.392330383480826,478.9262630860263,81.57441966317705,478.9262630860263,81.57441966317705,0
per_huruf_hybrid_skeleton_forced_loop_no_sig,15,400,0.39331366764995085,478.93172507965403,81.4137460172963,478.93172507965403,81.4137460172963,0
per_huruf_hybrid_skeleton_forced_loop_no_sig,15,401,0.39429695181907576,478.9449248975876,81.262630860264,478.9449248975876,81.262630860264,0
per_huruf_hybrid_skeleton_forced_loop_no_sig,15,402,0.3952802359882006,478.96722803823394,81.12380518889395,478.96722803823394,81.12380518889395,0
per_huruf_hybrid_skeleton_forced_loop_no_sig,15,403,0.39626352015732547,479.0,81.0,479.0,81.0,0
per_huruf_hybrid_skeleton_forced_loop_no_sig,15,404,0.3972468043264504,479.0,81.0,479.0,81.0,0
per_huruf_hybrid_skeleton_forced_loop_no_sig,15,405,0.39823008849557523,480.0,77.0,480.0,77.0,0
per_huruf_hybrid_skeleton_forced_loop_no_sig,15,406,0.39921337266470014,480.04688211197094,76.95311788802914,480.04688211197094,76.95311788802914,0
per_huruf_hybrid_skeleton_forced_loop_no_sig,15,407,0.400196656833825,480.10878470641785,76.89121529358216,480.10878470641785,76.89121529358216,0
per_huruf_hybrid_skeleton_forced_loop_no_sig,15,408,0.4011799410029499,480.18297678652704,76.81702321347291,480.18297678652704,76.81702321347291,0
per_huruf_hybrid_skeleton_forced_loop_no_sig,15,409,0.40216322517207476,480.2667273554847,76.73327264451524,480.2667273554847,76.73327264451524,0
per_huruf_hybrid_skeleton_forced_loop_no_sig,15,410,0.4031465093411996,480.35730541647706,76.642694583523,480.35730541647706,76.642694583523,0
per_huruf_hybrid_skeleton_forced_loop_no_sig,15,411,0.4041297935103245,480.4519799726901,76.54802002730997,480.4519799726901,76.54802002730997,0
per_huruf_hybrid_skeleton_forced_loop_no_sig,15,412,0.4051130776794494,480.5480200273099,76.45197997269003,480.5480200273099,76.45197997269003,0
per_huruf_hybrid_skeleton_forced_loop_no_sig,15,413,0.4060963618485743,480.642694583523,76.357305416477,480.642694583523,76.357305416477,0
per_huruf_hybrid_skeleton_forced_loop_no_sig,15,414,0.40707964601769914,480.73327264451524,76.26672735548476,480.73327264451524,76.26672735548476,0
per_huruf_hybrid_skeleton_forced_loop_no_sig,15,415,0.408062930186824,480.81702321347285,76.18297678652708,480.81702321347285,76.18297678652708,0
per_huruf_hybrid_skeleton_forced_loop_no_sig,15,416,0.4090462143559489,480.89121529358215,76.10878470641785,480.89121529358215,76.10878470641785,0
per_huruf_hybrid_skeleton_forced_loop_no_sig,15,417,0.41002949852507375,480.9531178880291,76.04688211197086,480.9531178880291,76.04688211197086,0
per_huruf_hybrid_skeleton_forced_loop_no_sig,15,418,0.41101278269419866,481.0,76.0,481.0,76.0,0
per_huruf_hybrid_skeleton_forced_loop_no_sig,15,419,0.4119960668633235,479.0,87.0,479.0,87.0,0
per_huruf_hybrid_skeleton_forced_loop_no_sig,15,420,0.4129793510324484,479.00000000000006,87.04415111515704,479.00000000000006,87.04415111515704,0
per_huruf_hybrid_skeleton_forced_loop_no_sig,15,421,0.4139626352015733,479.0,87.09877105143379,479.0,87.09877105143379,0
per_huruf_hybrid_skeleton_forced_loop_no_sig,15,422,0.41494591937069814,478.99999999999994,87.16249431042328,478.99999999999994,87.16249431042328,0
per_huruf_hybrid_skeleton_forced_loop_no_sig,15,423,0.41592920353982304,478.99999999999994,87.2339553937187,478.99999999999994,87.2339553937187,0
per_huruf_hybrid_skeleton_forced_loop_no_sig,15,424,0.4169124877089479,479.00000000000006,87.31178880291307,479.00000000000006,87.31178880291307,0
per_huruf_hybrid_skeleton_forced_loop_no_sig,15,425,0.4178957718780728,479.0,87.39462903959947,479.0,87.39462903959947,0
per_huruf_hybrid_skeleton_forced_loop_no_sig,15,426,0.41887905604719766,479.0,87.48111060537097,479.0,87.48111060537097,0
per_huruf_hybrid_skeleton_forced_loop_no_sig,15,427,0.4198623402163225,479.0,87.56986800182067,479.0,87.56986800182067,0
per_huruf_hybrid_skeleton_forced_loop_no_sig,15,428,0.4208456243854474,479.0,87.65953573054165,479.0,87.65953573054165,0
per_huruf_hybrid_skeleton_forced_loop_no_sig,15,429,0.4218289085545723,478.99999999999994,87.748748293127,478.99999999999994,87.748748293127,0
per_huruf_hybrid_skeleton_forced_loop_no_sig,15,430,0.4228121927236972,479.0,87.83614019116978,479.0,87.83614019116978,0
per_huruf_hybrid_skeleton_forced_loop_no_sig,15,431,0.42379547689282204,479.0,87.92034592626308,479.0,87.92034592626308,0
per_huruf_hybrid_skeleton_forced_loop_no_sig,15,432,0.42477876106194695,479.0,88.0,479.0,88.0,0
per_huruf_hybrid_skeleton_forced_loop_no_sig,15,433,0.4257620452310718,479.00000000000006,88.0769230769231,479.00000000000006,88.0769230769231,0
per_huruf_hybrid_skeleton_forced_loop_no_sig,15,434,0.42674532940019666,479.0,88.15384615384617,479.0,88.15384615384617,0
per_huruf_hybrid_skeleton_forced_loop_no_sig,15,435,0.42772861356932157,478.99999999999994,88.23076923076921,478.99999999999994,88.23076923076921,0
per_huruf_hybrid_skeleton_forced_loop_no_sig,15,436,0.4287118977384464,478.99999999999994,88.3076923076923,478.99999999999994,88.3076923076923,0
per_huruf_hybrid_skeleton_forced_loop_no_sig,15,437,0.42969518190757133,479.00000000000006,88.3846153846154,479.00000000000006,88.3846153846154,0
per_huruf_hybrid_skeleton_forced_loop_no_sig,15,438,0.4306784660766962,479.0,88.46153846153847,479.0,88.46153846153847,0
per_huruf_hybrid_skeleton_forced_loop_no_sig,15,439,0.43166175024582104,479.0,88.53846153846153,479.0,88.53846153846153,0
per_huruf_hybrid_skeleton_forced_loop_no_sig,15,440,0.43264503441494595,479.0,88.61538461538461,479.0,88.61538461538461,0
per_huruf_hybrid_skeleton_forced_loop_no_sig,15,441,0.4336283185840708,479.0,88.6923076923077,479.0,88.6923076923077,0
per_huruf_hybrid_skeleton_forced_loop_no_sig,15,442,0.4346116027531957,478.99999999999994,88.76923076923076,478.99999999999994,88.76923076923076,0
per_huruf_hybrid_skeleton_forced_loop_no_sig,15,443,0.43559488692232057,479.0,88.84615384615384,479.0,88.84615384615384,0
per_huruf_hybrid_skeleton_forced_loop_no_sig,15,444,0.4365781710914455,479.0,88.92307692307692,479.0,88.92307692307692,0
per_huruf_hybrid_skeleton_forced_loop_no_sig,15,445,0.43756145526057033,479.0,89.0,479.0,89.0,0
per_huruf_hybrid_skeleton_forced_loop_no_sig,15,446,0.4385447394296952,479.00000000000006,89.0769230769231,479.00000000000006,89.0769230769231,0
per_huruf_hybrid_skeleton_forced_loop_no_sig,15,447,0.4395280235988201,479.0,89.15384615384616,479.0,89.15384615384616,0
per_huruf_hybrid_skeleton_forced_loop_no_sig,15,448,0.44051130776794495,478.99999999999994,89.23076923076923,478.99999999999994,89.23076923076923,0
per_huruf_hybrid_skeleton_forced_loop_no_sig,15,449,0.44149459193706986,478.99999999999994,89.30769230769229,478.99999999999994,89.30769230769229,0
per_huruf_hybrid_skeleton_forced_loop_no_sig,15,450,0.4424778761061947,479.00000000000006,89.38461538461539,479.00000000000006,89.38461538461539,0
per_huruf_hybrid_skeleton_forced_loop_no_sig,15,451,0.4434611602753196,479.0,89.46153846153845,479.0,89.46153846153845,0
per_huruf_hybrid_skeleton_forced_loop_no_sig,15,452,0.4444444444444445,479.0,89.53846153846155,479.0,89.53846153846155,0
per_huruf_hybrid_skeleton_forced_loop_no_sig,15,453,0.44542772861356933,479.0,89.61538461538461,479.0,89.61538461538461,0
per_huruf_hybrid_skeleton_forced_loop_no_sig,15,454,0.44641101278269424,479.0,89.69230769230768,479.0,89.69230769230768,0
per_huruf_hybrid_skeleton_forced_loop_no_sig,15,455,0.4473942969518191,478.99999999999994,89.76923076923077,478.99999999999994,89.76923076923077,0
per_huruf_hybrid_skeleton_forced_loop_no_sig,15,456,0.448377581120944,479.0,89.84615384615384,479.0,89.84615384615384,0
per_huruf_hybrid_skeleton_forced_loop_no_sig,15,457,0.44936086529006886,479.0,89.92307692307692,479.0,89.92307692307692,0
per_huruf_hybrid_skeleton_forced_loop_no_sig,15,458,0.4503441494591937,479.0,90.0,479.0,90.0,0
per_huruf_hybrid_skeleton_forced_loop_no_sig,15,459,0.4513274336283186,479.00000000000006,90.0769230769231,479.00000000000006,90.0769230769231,0
per_huruf_hybrid_skeleton_forced_loop_no_sig,15,460,0.4523107177974435,479.0,90.15384615384616,479.0,90.15384615384616,0
per_huruf_hybrid_skeleton_forced_loop_no_sig,15,461,0.4532940019665684,478.99999999999994,90.23076923076923,478.99999999999994,90.23076923076923,0
per_huruf_hybrid_skeleton_forced_loop_no_sig,15,462,0.45427728613569324,478.99999999999994,90.30769230769229,478.99999999999994,90.30769230769229,0
per_huruf_hybrid_skeleton_forced_loop_no_sig,15,463,0.45526057030481815,479.00000000000006,90.38461538461539,479.00000000000006,90.38461538461539,0
per_huruf_hybrid_skeleton_forced_loop_no_sig,15,464,0.456243854473943,479.0,90.46153846153847,479.0,90.46153846153847,0
per_huruf_hybrid_skeleton_forced_loop_no_sig,15,465,0.45722713864306785,479.0,90.53846153846153,479.0,90.53846153846153,0
per_huruf_hybrid_skeleton_forced_loop_no_sig,15,466,0.45821042281219276,479.0,90.61538461538461,479.0,90.61538461538461,0
per_huruf_hybrid_skeleton_forced_loop_no_sig,15,467,0.4591937069813176,479.0,90.6923076923077,479.0,90.6923076923077,0
per_huruf_hybrid_skeleton_forced_loop_no_sig,15,468,0.4601769911504425,478.99999999999994,90.76923076923076,478.99999999999994,90.76923076923076,0
per_huruf_hybrid_skeleton_forced_loop_no_sig,15,469,0.4611602753195674,479.0,90.84615384615384,479.0,90.84615384615384,0
per_huruf_hybrid_skeleton_forced_loop_no_sig,15,470,0.46214355948869223,479.0,90.92307692307692,479.0,90.92307692307692,0
per_huruf_hybrid_skeleton_forced_loop_no_sig,15,471,0.46312684365781714,479.0,91.0,479.0,91.0,0
per_huruf_hybrid_skeleton_forced_loop_no_sig,15,472,0.464110127826942,479.00000000000006,91.07692307692308,479.00000000000006,91.07692307692308,0
per_huruf_hybrid_skeleton_forced_loop_no_sig,15,473,0.4650934119960669,479.0,91.15384615384615,479.0,91.15384615384615,0
per_huruf_hybrid_skeleton_forced_loop_no_sig,15,474,0.46607669616519176,478.99999999999994,91.23076923076921,478.99999999999994,91.23076923076921,0
per_huruf_hybrid_skeleton_forced_loop_no_sig,15,475,0.46705998033431667,478.99999999999994,91.30769230769229,478.99999999999994,91.30769230769229,0
per_huruf_hybrid_skeleton_forced_loop_no_sig,15,476,0.4680432645034415,479.00000000000006,91.3846153846154,479.00000000000006,91.3846153846154,0
per_huruf_hybrid_skeleton_forced_loop_no_sig,15,477,0.4690265486725664,479.0,91.46153846153845,479.0,91.46153846153845,0
per_huruf_hybrid_skeleton_forced_loop_no_sig,15,478,0.4700098328416913,479.0,91.53846153846153,479.0,91.53846153846153,0
per_huruf_hybrid_skeleton_forced_loop_no_sig,15,479,0.47099311701081614,479.0,91.61538461538463,479.0,91.61538461538463,0
per_huruf_hybrid_skeleton_forced_loop_no_sig,15,480,0.47197640117994105,479.0,91.69230769230768,479.0,91.69230769230768,0
per_huruf_hybrid_skeleton_forced_loop_no_sig,15,481,0.4729596853490659,478.99999999999994,91.76923076923076,478.99999999999994,91.76923076923076,0
per_huruf_hybrid_skeleton_forced_loop_no_sig,15,482,0.47394296951819076,479.0,91.84615384615384,479.0,91.84615384615384,0
per_huruf_hybrid_skeleton_forced_loop_no_sig,15,483,0.47492625368731567,479.0,91.92307692307692,479.0,91.92307692307692,0
per_huruf_hybrid_skeleton_forced_loop_no_sig,15,484,0.4759095378564405,479.0,92.0,479.0,92.0,0
per_huruf_hybrid_skeleton_forced_loop_no_sig,15,485,0.47689282202556543,479.00000000000006,92.0769230769231,479.00000000000006,92.0769230769231,0
per_huruf_hybrid_skeleton_forced_loop_no_sig,15,486,0.4778761061946903,479.0,92.15384615384615,479.0,92.15384615384615,0
per_huruf_hybrid_skeleton_forced_loop_no_sig,15,487,0.4788593903638152,478.99999999999994,92.23076923076921,478.99999999999994,92.23076923076921,0
per_huruf_hybrid_skeleton_forced_loop_no_sig,15,488,0.47984267453294005,478.99999999999994,92.3076923076923,478.99999999999994,92.3076923076923,0
per_huruf_hybrid_skeleton_forced_loop_no_sig,15,489,0.4808259587020649,479.00000000000006,92.3846153846154,479.00000000000006,92.3846153846154,0
per_huruf_hybrid_skeleton_forced_loop_no_sig,15,490,0.4818092428711898,479.0,92.46153846153847,479.0,92.46153846153847,0
per_huruf_hybrid_skeleton_forced_loop_no_sig,15,491,0.48279252704031467,479.0,92.53846153846155,479.0,92.53846153846155,0
per_huruf_hybrid_skeleton_forced_loop_no_sig,15,492,0.4837758112094396,479.0,92.61538461538463,479.0,92.61538461538463,0
per_huruf_hybrid_skeleton_forced_loop_no_sig,15,493,0.48475909537856443,479.0,92.69230769230768,479.0,92.69230769230768,0
per_huruf_hybrid_skeleton_forced_loop_no_sig,15,494,0.4857423795476893,478.99999999999994,92.76923076923076,478.99999999999994,92.76923076923076,0
per_huruf_hybrid_skeleton_forced_loop_no_sig,15,495,0.4867256637168142,479.0,92.84615384615384,479.0,92.84615384615384,0
per_huruf_hybrid_skeleton_forced_loop_no_sig,15,496,0.48770894788593905,479.0,92.92307692307692,479.0,92.92307692307692,0
per_huruf_hybrid_skeleton_forced_loop_no_sig,15,497,0.48869223205506396,479.0,93.0,479.0,93.0,0
per_huruf_hybrid_skeleton_forced_loop_no_sig,15,498,0.4896755162241888,478.99726900318626,93.07692307692308,478.99726900318626,93.07692307692308,0
per_huruf_hybrid_skeleton_forced_loop_no_sig,15,499,0.4906588003933137,478.98998634501595,93.15384615384616,478.98998634501595,93.15384615384616,0
per_huruf_hybrid_skeleton_forced_loop_no_sig,15,500,0.4916420845624386,478.97951752389616,93.23076923076921,478.97951752389616,93.23076923076921,0
per_huruf_hybrid_skeleton_forced_loop_no_sig,15,501,0.49262536873156343,478.9672280382339,93.30769230769229,478.9672280382339,93.30769230769229,0
per_huruf_hybrid_skeleton_forced_loop_no_sig,15,502,0.49360865290068834,478.9544833864361,93.3846153846154,478.9544833864361,93.3846153846154,0
per_huruf_hybrid_skeleton_forced_loop_no_sig,15,503,0.4945919370698132,478.94264906690944,93.46153846153847,478.94264906690944,93.46153846153847,0
per_huruf_hybrid_skeleton_forced_loop_no_sig,15,504,0.4955752212389381,478.933090578061,93.53846153846153,478.933090578061,93.53846153846153,0
per_huruf_hybrid_skeleton_forced_loop_no_sig,15,505,0.49655850540806296,478.9271734182976,93.61538461538463,478.9271734182976,93.61538461538463,0
per_huruf_hybrid_skeleton_forced_loop_no_sig,15,506,0.4975417895771878,478.9262630860263,93.6923076923077,478.9262630860263,93.6923076923077,0
per_huruf_hybrid_skeleton_forced_loop_no_sig,15,507,0.4985250737463127,478.93172507965403,93.76923076923076,478.93172507965403,93.76923076923076,0
per_huruf_hybrid_skeleton_forced_loop_no_sig,15,508,0.4995083579154376,478.9449248975876,93.84615384615384,478.9449248975876,93.84615384615384,0
per_huruf_hybrid_skeleton_forced_loop_no_sig,15,509,0.5004916420845624,478.96722803823394,93.92307692307692,478.96722803823394,93.92307692307692,0
per_huruf_hybrid_skeleton_forced_loop_no_sig,15,510,0.5014749262536874,479.0,94.0,479.0,94.0,0
per_huruf_hybrid_skeleton_forced_loop_no_sig,15,511,0.5024582104228122,479.0468821119709,94.07692307692308,479.0468821119709,94.07692307692308,0
per_huruf_hybrid_skeleton_forced_loop_no_sig,15,512,0.5034414945919371,479.10878470641785,94.15384615384615,479.10878470641785,94.15384615384615,0
per_huruf_hybrid_skeleton_forced_loop_no_sig,15,513,0.504424778761062,479.182976786527,94.23076923076923,479.182976786527,94.23076923076923,0
per_huruf_hybrid_skeleton_forced_loop_no_sig,15,514,0.5054080629301868,479.2667273554847,94.30769230769229,479.2667273554847,94.30769230769229,0
per_huruf_hybrid_skeleton_forced_loop_no_sig,15,515,0.5063913470993118,479.35730541647706,94.38461538461539,479.35730541647706,94.38461538461539,0
per_huruf_hybrid_skeleton_forced_loop_no_sig,15,516,0.5073746312684366,479.4519799726901,94.46153846153847,479.4519799726901,94.46153846153847,0
per_huruf_hybrid_skeleton_forced_loop_no_sig,15,517,0.5083579154375615,479.54802002731,94.53846153846153,479.54802002731,94.53846153846153,0
per_huruf_hybrid_skeleton_forced_loop_no_sig,15,518,0.5093411996066863,479.642694583523,94.61538461538461,479.642694583523,94.61538461538461,0
per_huruf_hybrid_skeleton_forced_loop_no_sig,15,519,0.5103244837758112,479.73327264451524,94.6923076923077,479.73327264451524,94.6923076923077,0
per_huruf_hybrid_skeleton_forced_loop_no_sig,15,520,0.5113077679449362,479.81702321347285,94.76923076923076,479.81702321347285,94.76923076923076,0
per_huruf_hybrid_skeleton_forced_loop_no_sig,15,521,0.512291052114061,479.89121529358215,94.84615384615385,479.89121529358215,94.84615384615385,0
per_huruf_hybrid_skeleton_forced_loop_no_sig,15,522,0.5132743362831859,479.9531178880291,94.92307692307692,479.9531178880291,94.92307692307692,0
per_huruf_hybrid_skeleton_forced_loop_no_sig,15,523,0.5142576204523107,480.0,95.0,480.0,95.0,0
per_huruf_hybrid_skeleton_forced_loop_no_sig,15,524,0.5152409046214357,480.0327719617661,95.0769230769231,480.0327719617661,95.0769230769231,0
per_huruf_hybrid_skeleton_forced_loop_no_sig,15,525,0.5162241887905605,480.05507510241233,95.15384615384616,480.05507510241233,95.15384615384616,0
per_huruf_hybrid_skeleton_forced_loop_no_sig,15,526,0.5172074729596854,480.06827492034586,95.23076923076923,480.06827492034586,95.23076923076923,0
per_huruf_hybrid_skeleton_forced_loop_no_sig,15,527,0.5181907571288102,480.0737369139735,95.3076923076923,480.0737369139735,95.3076923076923,0
per_huruf_hybrid_skeleton_forced_loop_no_sig,15,528,0.5191740412979351,480.0728265817024,95.3846153846154,480.0728265817024,95.3846153846154,0
per_huruf_hybrid_skeleton_forced_loop_no_sig,15,529,0.5201573254670601,480.06690942193904,95.46153846153847,480.06690942193904,95.46153846153847,0
per_huruf_hybrid_skeleton_forced_loop_no_sig,15,530,0.5211406096361849,480.0573509330906,95.53846153846155,480.0573509330906,95.53846153846155,0
per_huruf_hybrid_skeleton_forced_loop_no_sig,15,531,0.5221238938053098,480.04551661356396,95.61538461538463,480.04551661356396,95.61538461538463,0
per_huruf_hybrid_skeleton_forced_loop_no_sig,15,532,0.5231071779744346,480.03277196176606,95.6923076923077,480.03277196176606,95.6923076923077,0
per_huruf_hybrid_skeleton_forced_loop_no_sig,15,533,0.5240904621435595,480.0204824761037,95.76923076923076,480.0204824761037,95.76923076923076,0
per_huruf_hybrid_skeleton_forced_loop_no_sig,15,534,0.5250737463126844,480.01001365498405,95.84615384615384,480.01001365498405,95.84615384615384,0
per_huruf_hybrid_skeleton_forced_loop_no_sig,15,535,0.5260570304818093,480.0027309968138,95.92307692307692,480.0027309968138,95.92307692307692,0
per_huruf_hybrid_skeleton_forced_loop_no_sig,15,536,0.5270403146509341,480.0,96.0,480.0,96.0,0
per_huruf_hybrid_skeleton_forced_loop_no_sig,15,537,0.528023598820059,480.00000000000006,96.0769230769231,480.00000000000006,96.0769230769231,0
per_huruf_hybrid_skeleton_forced_loop_no_sig,15,538,0.5290068829891839,479.99999999999994,96.15384615384616,479.99999999999994,96.15384615384616,0
per_huruf_hybrid_skeleton_forced_loop_no_sig,15,539,0.5299901671583088,479.9999999999999,96.23076923076921,479.9999999999999,96.23076923076921,0
per_huruf_hybrid_skeleton_forced_loop_no_sig,15,540,0.5309734513274337,479.99999999999994,96.3076923076923,479.99999999999994,96.3076923076923,0
per_huruf_hybrid_skeleton_forced_loop_no_sig,15,541,0.5319567354965585,480.00000000000006,96.38461538461539,480.00000000000006,96.38461538461539,0
per_huruf_hybrid_skeleton_forced_loop_no_sig,15,542,0.5329400196656834,480.0,96.46153846153847,480.0,96.46153846153847,0
per_huruf_hybrid_skeleton_forced_loop_no_sig,15,543,0.5339233038348082,480.0,96.53846153846153,480.0,96.53846153846153,0
per_huruf_hybrid_skeleton_forced_loop_no_sig,15,544,0.5349065880039332,480.00000000000006,96.61538461538463,480.00000000000006,96.61538461538463,0
per_huruf_hybrid_skeleton_forced_loop_no_sig,15,545,0.5358898721730581,480.0,96.6923076923077,480.0,96.6923076923077,0
per_huruf_hybrid_skeleton_forced_loop_no_sig,15,546,0.5368731563421829,479.99999999999994,96.76923076923076,479.99999999999994,96.76923076923076,0
per_huruf_hybrid_skeleton_forced_loop_no_sig,15,547,0.5378564405113078,480.0,96.84615384615384,480.0,96.84615384615384,0
per_huruf_hybrid_skeleton_forced_loop_no_sig,15,548,0.5388397246804327,480.0,96.92307692307692,480.0,96.92307692307692,0
per_huruf_hybrid_skeleton_forced_loop_no_sig,15,549,0.5398230088495576,480.0,97.0,480.0,97.0,0
per_huruf_hybrid_skeleton_forced_loop_no_sig,15,550,0.5408062930186824,479.9972690031862,97.0769230769231,479.9972690031862,97.0769230769231,0
per_huruf_hybrid_skeleton_forced_loop_no_sig,15,551,0.5417895771878073,479.9899863450159,97.15384615384616,479.9899863450159,97.15384615384616,0
per_huruf_hybrid_skeleton_forced_loop_no_sig,15,552,0.5427728613569321,479.9795175238961,97.23076923076921,479.9795175238961,97.23076923076921,0
per_huruf_hybrid_skeleton_forced_loop_no_sig,15,553,0.5437561455260571,479.96722803823394,97.30769230769229,479.96722803823394,97.30769230769229,0
per_huruf_hybrid_skeleton_forced_loop_no_sig,15,554,0.544739429695182,479.9544833864361,97.3846153846154,479.9544833864361,97.3846153846154,0
per_huruf_hybrid_skeleton_forced_loop_no_sig,15,555,0.5457227138643068,479.94264906690944,97.46153846153848,479.94264906690944,97.46153846153848,0
per_huruf_hybrid_skeleton_forced_loop_no_sig,15,556,0.5467059980334317,479.933090578061,97.53846153846155,479.933090578061,97.53846153846155,0
per_huruf_hybrid_skeleton_forced_loop_no_sig,15,557,0.5476892822025565,479.9271734182977,97.61538461538463,479.9271734182977,97.61538461538463,0
per_huruf_hybrid_skeleton_forced_loop_no_sig,15,558,0.5486725663716815,479.9262630860264,97.69230769230771,479.9262630860264,97.69230769230771,0
per_huruf_hybrid_skeleton_forced_loop_no_sig,15,559,0.5496558505408063,479.93172507965403,97.76923076923076,479.93172507965403,97.76923076923076,0
per_huruf_hybrid_skeleton_forced_loop_no_sig,15,560,0.5506391347099312,479.9449248975876,97.84615384615385,479.9449248975876,97.84615384615385,0
per_huruf_hybrid_skeleton_forced_loop_no_sig,15,561,0.551622418879056,479.96722803823394,97.92307692307692,479.96722803823394,97.92307692307692,0
per_huruf_hybrid_skeleton_forced_loop_no_sig,15,562,0.5526057030481809,480.0,98.0,480.0,98.0,0
per_huruf_hybrid_skeleton_forced_loop_no_sig,15,563,0.5535889872173059,480.04415111515715,98.0769230769231,480.04415111515715,98.0769230769231,0
per_huruf_hybrid_skeleton_forced_loop_no_sig,15,564,0.5545722713864307,480.0987710514338,98.15384615384616,480.0987710514338,98.15384615384616,0
per_huruf_hybrid_skeleton_forced_loop_no_sig,15,565,0.5555555555555556,480.16249431042326,98.23076923076921,480.16249431042326,98.23076923076921,0
per_huruf_hybrid_skeleton_forced_loop_no_sig,15,566,0.5565388397246804,480.2339553937187,98.30769230769229,480.2339553937187,98.30769230769229,0
per_huruf_hybrid_skeleton_forced_loop_no_sig,15,567,0.5575221238938053,480.31178880291316,98.38461538461539,480.31178880291316,98.38461538461539,0
per_huruf_hybrid_skeleton_forced_loop_no_sig,15,568,0.5585054080629303,480.3946290395995,98.46153846153847,480.3946290395995,98.46153846153847,0
per_huruf_hybrid_skeleton_forced_loop_no_sig,15,569,0.5594886922320551,480.481110605371,98.53846153846153,480.481110605371,98.53846153846153,0
per_huruf_hybrid_skeleton_forced_loop_no_sig,15,570,0.56047197640118,480.5698680018207,98.61538461538461,480.5698680018207,98.61538461538461,0
per_huruf_hybrid_skeleton_forced_loop_no_sig,15,571,0.5614552605703048,480.6595357305416,98.69230769230768,480.6595357305416,98.69230769230768,0
per_huruf_hybrid_skeleton_forced_loop_no_sig,15,572,0.5624385447394298,480.74874829312694,98.76923076923077,480.74874829312694,98.76923076923077,0
per_huruf_hybrid_skeleton_forced_loop_no_sig,15,573,0.5634218289085546,480.8361401911698,98.84615384615384,480.8361401911698,98.84615384615384,0
per_huruf_hybrid_skeleton_forced_loop_no_sig,15,574,0.5644051130776795,480.92034592626305,98.92307692307692,480.92034592626305,98.92307692307692,0
per_huruf_hybrid_skeleton_forced_loop_no_sig,15,575,0.5653883972468043,481.0,99.0,481.0,99.0,0
per_huruf_hybrid_skeleton_forced_loop_no_sig,15,576,0.5663716814159292,481.07692307692315,99.0769230769231,481.07692307692315,99.0769230769231,0
per_huruf_hybrid_skeleton_forced_loop_no_sig,15,577,0.5673549655850542,481.1538461538462,99.15384615384616,481.1538461538462,99.15384615384616,0
per_huruf_hybrid_skeleton_forced_loop_no_sig,15,578,0.568338249754179,481.23076923076917,99.23076923076921,481.23076923076917,99.23076923076921,0
per_huruf_hybrid_skeleton_forced_loop_no_sig,15,579,0.5693215339233039,481.30769230769226,99.3076923076923,481.30769230769226,99.3076923076923,0
per_huruf_hybrid_skeleton_forced_loop_no_sig,15,580,0.5703048180924287,481.3846153846154,99.3846153846154,481.3846153846154,99.3846153846154,0
per_huruf_hybrid_skeleton_forced_loop_no_sig,15,581,0.5712881022615536,481.4615384615385,99.46153846153848,481.4615384615385,99.46153846153848,0
per_huruf_hybrid_skeleton_forced_loop_no_sig,15,582,0.5722713864306785,481.53846153846155,99.53846153846153,481.53846153846155,99.53846153846153,0
per_huruf_hybrid_skeleton_forced_loop_no_sig,15,583,0.5732546705998034,481.61538461538464,99.61538461538461,481.61538461538464,99.61538461538461,0
per_huruf_hybrid_skeleton_forced_loop_no_sig,15,584,0.5742379547689282,481.6923076923077,99.69230769230771,481.6923076923077,99.69230769230771,0
per_huruf_hybrid_skeleton_forced_loop_no_sig,15,585,0.5752212389380531,481.7692307692307,99.76923076923076,481.7692307692307,99.76923076923076,0
per_huruf_hybrid_skeleton_forced_loop_no_sig,15,586,0.576204523107178,481.8461538461538,99.84615384615385,481.8461538461538,99.84615384615385,0
per_huruf_hybrid_skeleton_forced_loop_no_sig,15,587,0.5771878072763029,481.9230769230769,99.92307692307692,481.9230769230769,99.92307692307692,0
per_huruf_hybrid_skeleton_forced_loop_no_sig,15,588,0.5781710914454278,482.0,100.0,482.0,100.0,0
per_huruf_hybrid_skeleton_forced_loop_no_sig,15,589,0.5791543756145526,482.0769230769231,100.07692307692308,482.0769230769231,100.07692307692308,0
per_huruf_hybrid_skeleton_forced_loop_no_sig,15,590,0.5801376597836775,482.1538461538462,100.15384615384615,482.1538461538462,100.15384615384615,0
per_huruf_hybrid_skeleton_forced_loop_no_sig,15,591,0.5811209439528024,482.23076923076917,100.23076923076921,482.23076923076917,100.23076923076921,0
per_huruf_hybrid_skeleton_forced_loop_no_sig,15,592,0.5821042281219273,482.30769230769226,100.3076923076923,482.30769230769226,100.3076923076923,0
per_huruf_hybrid_skeleton_forced_loop_no_sig,15,593,0.5830875122910522,482.3846153846154,100.38461538461539,482.3846153846154,100.38461538461539,0
per_huruf_hybrid_skeleton_forced_loop_no_sig,15,594,0.584070796460177,482.4615384615385,100.46153846153847,482.4615384615385,100.46153846153847,0
per_huruf_hybrid_skeleton_forced_loop_no_sig,15,595,0.5850540806293019,482.53846153846155,100.53846153846155,482.53846153846155,100.53846153846155,0
per_huruf_hybrid_skeleton_forced_loop_no_sig,15,596,0.5860373647984268,482.6153846153846,100.61538461538461,482.6153846153846,100.61538461538461,0
per_huruf_hybrid_skeleton_forced_loop_no_sig,15,597,0.5870206489675517,482.69230769230774,100.6923076923077,482.69230769230774,100.6923076923077,0
per_huruf_hybrid_skeleton_forced_loop_no_sig,15,598,0.5880039331366765,482.7692307692307,100.76923076923077,482.7692307692307,100.76923076923077,0
per_huruf_hybrid_skeleton_forced_loop_no_sig,15,599,0.5889872173058014,482.8461538461539,100.84615384615385,482.8461538461539,100.84615384615385,0
per_huruf_hybrid_skeleton_forced_loop_no_sig,15,600,0.5899705014749262,482.9230769230769,100.92307692307692,482.9230769230769,100.92307692307692,0
per_huruf_hybrid_skeleton_forced_loop_no_sig,15,601,0.5909537856440512,483.0,101.0,483.0,101.0,0
per_huruf_hybrid_skeleton_forced_loop_no_sig,15,602,0.5919370698131761,483.07692307692315,101.0769230769231,483.07692307692315,101.0769230769231,0
per_huruf_hybrid_skeleton_forced_loop_no_sig,15,603,0.5929203539823009,483.15384615384625,101.15384615384616,483.15384615384625,101.15384615384616,0
per_huruf_hybrid_skeleton_forced_loop_no_sig,15,604,0.5939036381514258,483.23076923076917,101.23076923076923,483.23076923076917,101.23076923076923,0
per_huruf_hybrid_skeleton_forced_loop_no_sig,15,605,0.5948869223205506,483.30769230769226,101.30769230769229,483.30769230769226,101.30769230769229,0
per_huruf_hybrid_skeleton_forced_loop_no_sig,15,606,0.5958702064896756,483.3846153846154,101.3846153846154,483.3846153846154,101.3846153846154,0
per_huruf_hybrid_skeleton_forced_loop_no_sig,15,607,0.5968534906588004,483.4615384615385,101.46153846153848,483.4615384615385,101.46153846153848,0
per_huruf_hybrid_skeleton_forced_loop_no_sig,15,608,0.5978367748279253,483.53846153846155,101.53846153846153,483.53846153846155,101.53846153846153,0
per_huruf_hybrid_skeleton_forced_loop_no_sig,15,609,0.5988200589970502,483.61538461538464,101.61538461538461,483.61538461538464,101.61538461538461,0
per_huruf_hybrid_skeleton_forced_loop_no_sig,15,610,0.599803343166175,483.6923076923077,101.6923076923077,483.6923076923077,101.6923076923077,0
per_huruf_hybrid_skeleton_forced_loop_no_sig,15,611,0.6007866273353,483.7692307692307,101.76923076923077,483.7692307692307,101.76923076923077,0
per_huruf_hybrid_skeleton_forced_loop_no_sig,15,612,0.6017699115044248,483.8461538461538,101.84615384615384,483.8461538461538,101.84615384615384,0
per_huruf_hybrid_skeleton_forced_loop_no_sig,15,613,0.6027531956735497,483.9230769230769,101.92307692307692,483.9230769230769,101.92307692307692,0
per_huruf_hybrid_skeleton_forced_loop_no_sig,15,614,0.6037364798426745,484.0,102.0,484.0,102.0,0
per_huruf_hybrid_skeleton_forced_loop_no_sig,15,615,0.6047197640117995,484.07692307692315,102.07965407373693,484.07692307692315,102.07965407373693,0
per_huruf_hybrid_skeleton_forced_loop_no_sig,15,616,0.6057030481809244,484.15384615384613,102.16385980883024,484.15384615384613,102.16385980883024,0
per_huruf_hybrid_skeleton_forced_loop_no_sig,15,617,0.6066863323500492,484.23076923076917,102.25125170687299,484.23076923076917,102.25125170687299,0
per_huruf_hybrid_skeleton_forced_loop_no_sig,15,618,0.6076696165191741,484.3076923076923,102.34046426945834,484.3076923076923,102.34046426945834,0
per_huruf_hybrid_skeleton_forced_loop_no_sig,15,619,0.6086529006882989,484.3846153846154,102.43013199817933,484.3846153846154,102.43013199817933,0
per_huruf_hybrid_skeleton_forced_loop_no_sig,15,620,0.6096361848574239,484.46153846153857,102.51888939462904,484.46153846153857,102.51888939462904,0
per_huruf_hybrid_skeleton_forced_loop_no_sig,15,621,0.6106194690265487,484.53846153846155,102.60537096040053,484.53846153846155,102.60537096040053,0
per_huruf_hybrid_skeleton_forced_loop_no_sig,15,622,0.6116027531956736,484.61538461538464,102.68821119708693,484.61538461538464,102.68821119708693,0
per_huruf_hybrid_skeleton_forced_loop_no_sig,15,623,0.6125860373647984,484.6923076923077,102.76604460628128,484.6923076923077,102.76604460628128,0
per_huruf_hybrid_skeleton_forced_loop_no_sig,15,624,0.6135693215339233,484.7692307692307,102.83750568957669,484.7692307692307,102.83750568957669,0
per_huruf_hybrid_skeleton_forced_loop_no_sig,15,625,0.6145526057030483,484.84615384615387,102.90122894856623,484.84615384615387,102.90122894856623,0
per_huruf_hybrid_skeleton_forced_loop_no_sig,15,626,0.6155358898721731,484.9230769230769,102.95584888484296,484.9230769230769,102.95584888484296,0
per_huruf_hybrid_skeleton_forced_loop_no_sig,15,627,0.616519174041298,485.0,103.0,485.0,103.0,0
per_huruf_hybrid_skeleton_forced_loop_no_sig,15,628,0.6175024582104228,485.07692307692315,103.03004096495222,485.07692307692315,103.03004096495222,0
per_huruf_hybrid_skeleton_forced_loop_no_sig,15,629,0.6184857423795477,485.1538461538462,103.04506144742832,485.1538461538462,103.04506144742832,0
per_huruf_hybrid_skeleton_forced_loop_no_sig,15,630,0.6194690265486726,485.23076923076917,103.04779244424213,485.23076923076917,103.04779244424213,0
per_huruf_hybrid_skeleton_forced_loop_no_sig,15,631,0.6204523107177975,485.30769230769226,103.04096495220755,485.30769230769226,103.04096495220755,0
per_huruf_hybrid_skeleton_forced_loop_no_sig,15,632,0.6214355948869223,485.3846153846154,103.02730996813838,485.3846153846154,103.02730996813838,0
per_huruf_hybrid_skeleton_forced_loop_no_sig,15,633,0.6224188790560472,485.4615384615385,103.00955848884843,485.4615384615385,103.00955848884843,0
per_huruf_hybrid_skeleton_forced_loop_no_sig,15,634,0.6234021632251721,485.53846153846155,102.99044151115157,485.53846153846155,102.99044151115157,0
per_huruf_hybrid_skeleton_forced_loop_no_sig,15,635,0.624385447394297,485.61538461538464,102.97269003186165,485.61538461538464,102.97269003186165,0
per_huruf_hybrid_skeleton_forced_loop_no_sig,15,636,0.6253687315634219,485.6923076923077,102.95903504779244,485.6923076923077,102.95903504779244,0
per_huruf_hybrid_skeleton_forced_loop_no_sig,15,637,0.6263520157325467,485.7692307692307,102.95220755575784,485.7692307692307,102.95220755575784,0
per_huruf_hybrid_skeleton_forced_loop_no_sig,15,638,0.6273352999016716,485.84615384615387,102.95493855257169,485.84615384615387,102.95493855257169,0
per_huruf_hybrid_skeleton_forced_loop_no_sig,15,639,0.6283185840707965,485.9230769230769,102.9699590350478,485.9230769230769,102.9699590350478,0
per_huruf_hybrid_skeleton_forced_loop_no_sig,15,640,0.6293018682399214,486.0,103.0,486.0,103.0,0
per_huruf_hybrid_skeleton_forced_loop_no_sig,15,641,0.6302851524090463,486.0769230769231,103.04688211197089,486.0769230769231,103.04688211197089,0
per_huruf_hybrid_skeleton_forced_loop_no_sig,15,642,0.6312684365781711,486.1538461538462,103.10878470641785,486.1538461538462,103.10878470641785,0
per_huruf_hybrid_skeleton_forced_loop_no_sig,15,643,0.632251720747296,486.23076923076917,103.18297678652706,486.23076923076917,103.18297678652706,0
per_huruf_hybrid_skeleton_forced_loop_no_sig,15,644,0.6332350049164209,486.30769230769226,103.26672735548475,486.30769230769226,103.26672735548475,0
per_huruf_hybrid_skeleton_forced_loop_no_sig,15,645,0.6342182890855458,486.38461538461536,103.35730541647703,486.38461538461536,103.35730541647703,0
per_huruf_hybrid_skeleton_forced_loop_no_sig,15,646,0.6352015732546706,486.4615384615385,103.45197997269004,486.4615384615385,103.45197997269004,0
per_huruf_hybrid_skeleton_forced_loop_no_sig,15,647,0.6361848574237955,486.53846153846155,103.54802002730997,486.53846153846155,103.54802002730997,0
per_huruf_hybrid_skeleton_forced_loop_no_sig,15,648,0.6371681415929203,486.6153846153846,103.642694583523,486.6153846153846,103.642694583523,0
per_huruf_hybrid_skeleton_forced_loop_no_sig,15,649,0.6381514257620453,486.6923076923077,103.73327264451524,486.6923076923077,103.73327264451524,0
per_huruf_hybrid_skeleton_forced_loop_no_sig,15,650,0.6391347099311702,486.7692307692307,103.81702321347291,486.7692307692307,103.81702321347291,0
per_huruf_hybrid_skeleton_forced_loop_no_sig,15,651,0.640117994100295,486.84615384615387,103.89121529358216,486.84615384615387,103.89121529358216,0
per_huruf_hybrid_skeleton_forced_loop_no_sig,15,652,0.6411012782694199,486.9230769230769,103.95311788802913,486.9230769230769,103.95311788802913,0
per_huruf_hybrid_skeleton_forced_loop_no_sig,15,653,0.6420845624385447,487.0,104.0,487.0,104.0,0
per_huruf_hybrid_skeleton_forced_loop_no_sig,15,654,0.6430678466076697,487.07692307692315,104.03277196176606,487.07692307692315,104.03277196176606,0
per_huruf_hybrid_skeleton_forced_loop_no_sig,15,655,0.6440511307767945,487.1538461538462,104.05507510241239,487.1538461538462,104.05507510241239,0
per_huruf_hybrid_skeleton_forced_loop_no_sig,15,656,0.6450344149459194,487.2307692307691,104.06827492034591,487.2307692307691,104.06827492034591,0
per_huruf_hybrid_skeleton_forced_loop_no_sig,15,657,0.6460176991150443,487.30769230769226,104.07373691397358,487.30769230769226,104.07373691397358,0
per_huruf_hybrid_skeleton_forced_loop_no_sig,15,658,0.6470009832841692,487.3846153846154,104.07282658170233,487.3846153846154,104.07282658170233,0
per_huruf_hybrid_skeleton_forced_loop_no_sig,15,659,0.6479842674532941,487.4615384615385,104.066909421939,487.4615384615385,104.066909421939,0
per_huruf_hybrid_skeleton_forced_loop_no_sig,15,660,0.6489675516224189,487.53846153846155,104.05735093309059,487.53846153846155,104.05735093309059,0
per_huruf_hybrid_skeleton_forced_loop_no_sig,15,661,0.6499508357915438,487.6153846153846,104.04551661356396,487.6153846153846,104.04551661356396,0
per_huruf_hybrid_skeleton_forced_loop_no_sig,15,662,0.6509341199606686,487.6923076923077,104.03277196176604,487.6923076923077,104.03277196176604,0
per_huruf_hybrid_skeleton_forced_loop_no_sig,15,663,0.6519174041297936,487.7692307692307,104.02048247610378,487.7692307692307,104.02048247610378,0
per_huruf_hybrid_skeleton_forced_loop_no_sig,15,664,0.6529006882989185,487.8461538461538,104.01001365498408,487.8461538461538,104.01001365498408,0
per_huruf_hybrid_skeleton_forced_loop_no_sig,15,665,0.6538839724680433,487.9230769230769,104.00273099681382,487.9230769230769,104.00273099681382,0
per_huruf_hybrid_skeleton_forced_loop_no_sig,15,666,0.6548672566371682,488.0,104.0,488.0,104.0,0
per_huruf_hybrid_skeleton_forced_loop_no_sig,15,667,0.655850540806293,488.07692307692315,103.99726900318618,488.07692307692315,103.99726900318618,0
per_huruf_hybrid_skeleton_forced_loop_no_sig,15,668,0.656833824975418,488.1538461538462,103.98998634501594,488.1538461538462,103.98998634501594,0
per_huruf_hybrid_skeleton_forced_loop_no_sig,15,669,0.6578171091445428,488.23076923076917,103.9795175238962,488.23076923076917,103.9795175238962,0
per_huruf_hybrid_skeleton_forced_loop_no_sig,15,670,0.6588003933136677,488.30769230769226,103.96722803823396,488.30769230769226,103.96722803823396,0
per_huruf_hybrid_skeleton_forced_loop_no_sig,15,671,0.6597836774827925,488.3846153846155,103.95448338643607,488.3846153846155,103.95448338643607,0
per_huruf_hybrid_skeleton_forced_loop_no_sig,15,672,0.6607669616519174,488.46153846153845,103.94264906690942,488.46153846153845,103.94264906690942,0
per_huruf_hybrid_skeleton_forced_loop_no_sig,15,673,0.6617502458210424,488.5384615384615,103.93309057806098,488.5384615384615,103.93309057806098,0
per_huruf_hybrid_skeleton_forced_loop_no_sig,15,674,0.6627335299901672,488.6153846153846,103.92717341829768,488.6153846153846,103.92717341829768,0
per_huruf_hybrid_skeleton_forced_loop_no_sig,15,675,0.6637168141592921,488.6923076923077,103.92626308602638,488.6923076923077,103.92626308602638,0
per_huruf_hybrid_skeleton_forced_loop_no_sig,15,676,0.6647000983284169,488.7692307692307,103.93172507965406,488.7692307692307,103.93172507965406,0
per_huruf_hybrid_skeleton_forced_loop_no_sig,15,677,0.6656833824975418,488.8461538461539,103.94492489758763,488.8461538461539,103.94492489758763,0
per_huruf_hybrid_skeleton_forced_loop_no_sig,15,678,0.6666666666666667,488.9230769230769,103.96722803823394,488.9230769230769,103.96722803823394,0
per_huruf_hybrid_skeleton_forced_loop_no_sig,15,679,0.6676499508357916,489.0,104.0,489.0,104.0,0
per_huruf_hybrid_skeleton_forced_loop_no_sig,15,680,0.6686332350049164,489.07692307692315,104.04688211197087,489.07692307692315,104.04688211197087,0
per_huruf_hybrid_skeleton_forced_loop_no_sig,15,681,0.6696165191740413,489.1538461538462,104.10878470641785,489.1538461538462,104.10878470641785,0
per_huruf_hybrid_skeleton_forced_loop_no_sig,15,682,0.6705998033431663,489.23076923076917,104.18297678652706,489.23076923076917,104.18297678652706,0
per_huruf_hybrid_skeleton_forced_loop_no_sig,15,683,0.6715830875122911,489.3076923076922,104.26672735548475,489.3076923076922,104.26672735548475,0
per_huruf_hybrid_skeleton_forced_loop_no_sig,15,684,0.672566371681416,489.3846153846154,104.35730541647702,489.3846153846154,104.35730541647702,0
per_huruf_hybrid_skeleton_forced_loop_no_sig,15,685,0.6735496558505408,489.4615384615385,104.45197997269003,489.4615384615385,104.45197997269003,0
per_huruf_hybrid_skeleton_forced_loop_no_sig,15,686,0.6745329400196657,489.5384615384615,104.54802002730996,489.5384615384615,104.54802002730996,0
per_huruf_hybrid_skeleton_forced_loop_no_sig,15,687,0.6755162241887906,489.61538461538464,104.642694583523,489.61538461538464,104.642694583523,0
per_huruf_hybrid_skeleton_forced_loop_no_sig,15,688,0.6764995083579155,489.6923076923077,104.73327264451524,489.6923076923077,104.73327264451524,0
per_huruf_hybrid_skeleton_forced_loop_no_sig,15,689,0.6774827925270404,489.7692307692307,104.81702321347291,489.7692307692307,104.81702321347291,0
per_huruf_hybrid_skeleton_forced_loop_no_sig,15,690,0.6784660766961652,489.8461538461538,104.89121529358215,489.8461538461538,104.89121529358215,0
per_huruf_hybrid_skeleton_forced_loop_no_sig,15,691,0.6794493608652901,489.9230769230769,104.95311788802913,489.9230769230769,104.95311788802913,0
per_huruf_hybrid_skeleton_forced_loop_no_sig,15,692,0.680432645034415,490.0,105.0,490.0,105.0,0
per_huruf_hybrid_skeleton_forced_loop_no_sig,15,693,0.6814159292035399,490.0769230769231,105.03277196176606,490.0769230769231,105.03277196176606,0
per_huruf_hybrid_skeleton_forced_loop_no_sig,15,694,0.6823992133726647,490.15384615384613,105.05507510241237,490.15384615384613,105.05507510241237,0
per_huruf_hybrid_skeleton_forced_loop_no_sig,15,695,0.6833824975417896,490.23076923076917,105.06827492034591,490.23076923076917,105.06827492034591,0
per_huruf_hybrid_skeleton_forced_loop_no_sig,15,696,0.6843657817109144,490.30769230769226,105.0737369139736,490.30769230769226,105.0737369139736,0
per_huruf_hybrid_skeleton_forced_loop_no_sig,15,697,0.6853490658800394,490.3846153846154,105.07282658170233,490.3846153846154,105.07282658170233,0
per_huruf_hybrid_skeleton_forced_loop_no_sig,15,698,0.6863323500491643,490.4615384615385,105.06690942193902,490.4615384615385,105.06690942193902,0
per_huruf_hybrid_skeleton_forced_loop_no_sig,15,699,0.6873156342182891,490.53846153846155,105.05735093309058,490.53846153846155,105.05735093309058,0
per_huruf_hybrid_skeleton_forced_loop_no_sig,15,700,0.688298918387414,490.6153846153846,105.04551661356396,490.6153846153846,105.04551661356396,0
per_huruf_hybrid_skeleton_forced_loop_no_sig,15,701,0.6892822025565388,490.6923076923077,105.03277196176603,490.6923076923077,105.03277196176603,0
per_huruf_hybrid_skeleton_forced_loop_no_sig,15,702,0.6902654867256638,490.7692307692307,105.02048247610378,490.7692307692307,105.02048247610378,0
per_huruf_hybrid_skeleton_forced_loop_no_sig,15,703,0.6912487708947886,490.8461538461539,105.01001365498408,490.8461538461539,105.01001365498408,0
per_huruf_hybrid_skeleton_forced_loop_no_sig,15,704,0.6922320550639135,490.9230769230769,105.00273099681384,490.9230769230769,105.00273099681384,0
per_huruf_hybrid_skeleton_forced_loop_no_sig,15,705,0.6932153392330384,491.0,105.0,491.0,105.0,0
per_huruf_hybrid_skeleton_forced_loop_no_sig,15,706,0.6941986234021633,491.0769230769232,105.00000000000001,491.0769230769232,105.00000000000001,0
per_huruf_hybrid_skeleton_forced_loop_no_sig,15,707,0.6951819075712882,491.1538461538462,105.0,491.1538461538462,105.0,0
per_huruf_hybrid_skeleton_forced_loop_no_sig,15,708,0.696165191740413,491.2307692307691,104.99999999999997,491.2307692307691,104.99999999999997,0
per_huruf_hybrid_skeleton_forced_loop_no_sig,15,709,0.6971484759095379,491.3076923076922,104.99999999999999,491.3076923076922,104.99999999999999,0
per_huruf_hybrid_skeleton_forced_loop_no_sig,15,710,0.6981317600786627,491.3846153846154,105.00000000000001,491.3846153846154,105.00000000000001,0
per_huruf_hybrid_skeleton_forced_loop_no_sig,15,711,0.6991150442477877,491.46153846153845,105.0,491.46153846153845,105.0,0
per_huruf_hybrid_skeleton_forced_loop_no_sig,15,712,0.7000983284169126,491.5384615384616,105.0,491.5384615384616,105.0,0
per_huruf_hybrid_skeleton_forced_loop_no_sig,15,713,0.7010816125860374,491.61538461538464,105.0,491.61538461538464,105.0,0
per_huruf_hybrid_skeleton_forced_loop_no_sig,15,714,0.7020648967551623,491.6923076923077,105.0,491.6923076923077,105.0,0
per_huruf_hybrid_skeleton_forced_loop_no_sig,15,715,0.7030481809242871,491.7692307692307,105.0,491.7692307692307,105.0,0
per_huruf_hybrid_skeleton_forced_loop_no_sig,15,716,0.7040314650934121,491.84615384615387,105.0,491.84615384615387,105.0,0
per_huruf_hybrid_skeleton_forced_loop_no_sig,15,717,0.7050147492625369,491.9230769230769,105.0,491.9230769230769,105.0,0
per_huruf_hybrid_skeleton_forced_loop_no_sig,15,718,0.7059980334316618,492.0,105.0,492.0,105.0,0
per_huruf_hybrid_skeleton_forced_loop_no_sig,15,719,0.7069813176007866,492.07692307692315,105.00000000000001,492.07692307692315,105.00000000000001,0
per_huruf_hybrid_skeleton_forced_loop_no_sig,15,720,0.7079646017699115,492.15384615384613,105.0,492.15384615384613,105.0,0
per_huruf_hybrid_skeleton_forced_loop_no_sig,15,721,0.7089478859390365,492.23076923076917,104.99999999999997,492.23076923076917,104.99999999999997,0
per_huruf_hybrid_skeleton_forced_loop_no_sig,15,722,0.7099311701081613,492.30769230769226,104.99999999999999,492.30769230769226,104.99999999999999,0
per_huruf_hybrid_skeleton_forced_loop_no_sig,15,723,0.7109144542772862,492.3846153846154,105.00000000000001,492.3846153846154,105.00000000000001,0
per_huruf_hybrid_skeleton_forced_loop_no_sig,15,724,0.711897738446411,492.46153846153845,105.0,492.46153846153845,105.0,0
per_huruf_hybrid_skeleton_forced_loop_no_sig,15,725,0.712881022615536,492.53846153846155,105.0,492.53846153846155,105.0,0
per_huruf_hybrid_skeleton_forced_loop_no_sig,15,726,0.7138643067846608,492.61538461538464,105.0,492.61538461538464,105.0,0
per_huruf_hybrid_skeleton_forced_loop_no_sig,15,727,0.7148475909537857,492.69230769230774,105.0,492.69230769230774,105.0,0
per_huruf_hybrid_skeleton_forced_loop_no_sig,15,728,0.7158308751229105,492.7692307692307,105.0,492.7692307692307,105.0,0
per_huruf_hybrid_skeleton_forced_loop_no_sig,15,729,0.7168141592920354,492.84615384615387,105.0,492.84615384615387,105.0,0
per_huruf_hybrid_skeleton_forced_loop_no_sig,15,730,0.7177974434611604,492.9230769230769,105.0,492.9230769230769,105.0,0
per_huruf_hybrid_skeleton_forced_loop_no_sig,15,731,0.7187807276302852,493.0,105.0,493.0,105.0,0
per_huruf_hybrid_skeleton_forced_loop_no_sig,15,732,0.7197640117994101,493.0769230769231,105.00273099681385,493.0769230769231,105.00273099681385,0
per_huruf_hybrid_skeleton_forced_loop_no_sig,15,733,0.7207472959685349,493.1538461538462,105.01001365498408,493.1538461538462,105.01001365498408,0
per_huruf_hybrid_skeleton_forced_loop_no_sig,15,734,0.7217305801376598,493.2307692307692,105.02048247610375,493.2307692307692,105.02048247610375,0
per_huruf_hybrid_skeleton_forced_loop_no_sig,15,735,0.7227138643067847,493.30769230769226,105.03277196176604,493.30769230769226,105.03277196176604,0
per_huruf_hybrid_skeleton_forced_loop_no_sig,15,736,0.7236971484759096,493.3846153846155,105.04551661356396,493.3846153846155,105.04551661356396,0
per_huruf_hybrid_skeleton_forced_loop_no_sig,15,737,0.7246804326450345,493.46153846153845,105.05735093309059,493.46153846153845,105.05735093309059,0
per_huruf_hybrid_skeleton_forced_loop_no_sig,15,738,0.7256637168141593,493.53846153846155,105.066909421939,493.53846153846155,105.066909421939,0
per_huruf_hybrid_skeleton_forced_loop_no_sig,15,739,0.7266470009832842,493.61538461538464,105.07282658170232,493.61538461538464,105.07282658170232,0
per_huruf_hybrid_skeleton_forced_loop_no_sig,15,740,0.7276302851524091,493.69230769230774,105.07373691397359,493.69230769230774,105.07373691397359,0
per_huruf_hybrid_skeleton_forced_loop_no_sig,15,741,0.728613569321534,493.7692307692307,105.06827492034591,493.7692307692307,105.06827492034591,0
per_huruf_hybrid_skeleton_forced_loop_no_sig,15,742,0.7295968534906588,493.84615384615387,105.05507510241239,493.84615384615387,105.05507510241239,0
per_huruf_hybrid_skeleton_forced_loop_no_sig,15,743,0.7305801376597837,493.9230769230769,105.03277196176604,493.9230769230769,105.03277196176604,0
per_huruf_hybrid_skeleton_forced_loop_no_sig,15,744,0.7315634218289085,494.0,105.0,494.0,105.0,0
per_huruf_hybrid_skeleton_forced_loop_no_sig,15,745,0.7325467059980335,494.07692307692315,104.95311788802915,494.07692307692315,104.95311788802915,0
per_huruf_hybrid_skeleton_forced_loop_no_sig,15,746,0.7335299901671584,494.1538461538462,104.89121529358218,494.1538461538462,104.89121529358218,0
per_huruf_hybrid_skeleton_forced_loop_no_sig,15,747,0.7345132743362832,494.23076923076917,104.81702321347291,494.23076923076917,104.81702321347291,0
per_huruf_hybrid_skeleton_forced_loop_no_sig,15,748,0.7354965585054081,494.30769230769226,104.73327264451525,494.30769230769226,104.73327264451525,0
per_huruf_hybrid_skeleton_forced_loop_no_sig,15,749,0.736479842674533,494.38461538461536,104.642694583523,494.38461538461536,104.642694583523,0
per_huruf_hybrid_skeleton_forced_loop_no_sig,15,750,0.7374631268436579,494.46153846153845,104.54802002730996,494.46153846153845,104.54802002730996,0
per_huruf_hybrid_skeleton_forced_loop_no_sig,15,751,0.7384464110127827,494.53846153846155,104.45197997269003,494.53846153846155,104.45197997269003,0
per_huruf_hybrid_skeleton_forced_loop_no_sig,15,752,0.7394296951819076,494.61538461538464,104.35730541647703,494.61538461538464,104.35730541647703,0
per_huruf_hybrid_skeleton_forced_loop_no_sig,15,753,0.7404129793510325,494.69230769230774,104.26672735548475,494.69230769230774,104.26672735548475,0
per_huruf_hybrid_skeleton_forced_loop_no_sig,15,754,0.7413962635201574,494.7692307692307,104.18297678652706,494.7692307692307,104.18297678652706,0
per_huruf_hybrid_skeleton_forced_loop_no_sig,15,755,0.7423795476892823,494.8461538461539,104.10878470641785,494.8461538461539,104.10878470641785,0
per_huruf_hybrid_skeleton_forced_loop_no_sig,15,756,0.7433628318584071,494.9230769230769,104.04688211197086,494.9230769230769,104.04688211197086,0
per_huruf_hybrid_skeleton_forced_loop_no_sig,15,757,0.744346116027532,495.0,104.0,495.0,104.0,0
per_huruf_hybrid_skeleton_forced_loop_no_sig,15,758,0.7453294001966568,495.0769230769231,103.96722803823397,495.0769230769231,103.96722803823397,0
per_huruf_hybrid_skeleton_forced_loop_no_sig,15,759,0.7463126843657818,495.1538461538462,103.94492489758761,495.1538461538462,103.94492489758761,0
per_huruf_hybrid_skeleton_forced_loop_no_sig,15,760,0.7472959685349067,495.23076923076917,103.93172507965406,495.23076923076917,103.93172507965406,0
per_huruf_hybrid_skeleton_forced_loop_no_sig,15,761,0.7482792527040315,495.30769230769226,103.92626308602637,495.30769230769226,103.92626308602637,0
per_huruf_hybrid_skeleton_forced_loop_no_sig,15,762,0.7492625368731564,495.3846153846155,103.92717341829768,495.3846153846155,103.92717341829768,0
per_huruf_hybrid_skeleton_forced_loop_no_sig,15,763,0.7502458210422812,495.46153846153845,103.93309057806098,495.46153846153845,103.93309057806098,0
per_huruf_hybrid_skeleton_forced_loop_no_sig,15,764,0.7512291052114062,495.53846153846155,103.94264906690941,495.53846153846155,103.94264906690941,0
per_huruf_hybrid_skeleton_forced_loop_no_sig,15,765,0.752212389380531,495.61538461538464,103.95448338643607,495.61538461538464,103.95448338643607,0
per_huruf_hybrid_skeleton_forced_loop_no_sig,15,766,0.7531956735496559,495.69230769230774,103.96722803823394,495.69230769230774,103.96722803823394,0
per_huruf_hybrid_skeleton_forced_loop_no_sig,15,767,0.7541789577187807,495.7692307692307,103.97951752389622,495.7692307692307,103.97951752389622,0
per_huruf_hybrid_skeleton_forced_loop_no_sig,15,768,0.7551622418879056,495.8461538461538,103.98998634501594,495.8461538461538,103.98998634501594,0
per_huruf_hybrid_skeleton_forced_loop_no_sig,15,769,0.7561455260570306,495.9230769230769,103.99726900318616,495.9230769230769,103.99726900318616,0
per_huruf_hybrid_skeleton_forced_loop_no_sig,15,770,0.7571288102261554,496.0,104.0,496.0,104.0,0
per_huruf_hybrid_skeleton_forced_loop_no_sig,15,771,0.7581120943952803,496.07692307692315,104.00000000000001,496.07692307692315,104.00000000000001,0
per_huruf_hybrid_skeleton_forced_loop_no_sig,15,772,0.7590953785644051,496.1538461538462,104.0,496.1538461538462,104.0,0
per_huruf_hybrid_skeleton_forced_loop_no_sig,15,773,0.7600786627335301,496.23076923076917,103.99999999999999,496.23076923076917,103.99999999999999,0
per_huruf_hybrid_skeleton_forced_loop_no_sig,15,774,0.7610619469026549,496.30769230769226,103.99999999999999,496.30769230769226,103.99999999999999,0
per_huruf_hybrid_skeleton_forced_loop_no_sig,15,775,0.7620452310717798,496.38461538461536,104.00000000000001,496.38461538461536,104.00000000000001,0
per_huruf_hybrid_skeleton_forced_loop_no_sig,15,776,0.7630285152409046,496.46153846153845,104.0,496.46153846153845,104.0,0
per_huruf_hybrid_skeleton_forced_loop_no_sig,15,777,0.7640117994100295,496.53846153846155,104.0,496.53846153846155,104.0,0
per_huruf_hybrid_skeleton_forced_loop_no_sig,15,778,0.7649950835791545,496.61538461538464,104.0,496.61538461538464,104.0,0
per_huruf_hybrid_skeleton_forced_loop_no_sig,15,779,0.7659783677482793,496.6923076923076,104.0,496.6923076923076,104.0,0
per_huruf_hybrid_skeleton_forced_loop_no_sig,15,780,0.7669616519174042,496.7692307692307,104.0,496.7692307692307,104.0,0
per_huruf_hybrid_skeleton_forced_loop_no_sig,15,781,0.767944936086529,496.8461538461539,104.0,496.8461538461539,104.0,0
per_huruf_hybrid_skeleton_forced_loop_no_sig,15,782,0.7689282202556539,496.9230769230769,104.0,496.9230769230769,104.0,0
per_huruf_hybrid_skeleton_forced_loop_no_sig,15,783,0.7699115044247788,497.0,104.0,497.0,104.0,0
per_huruf_hybrid_skeleton_forced_loop_no_sig,15,784,0.7708947885939037,497.07692307692315,104.00273099681385,497.07692307692315,104.00273099681385,0
per_huruf_hybrid_skeleton_forced_loop_no_sig,15,785,0.7718780727630286,497.1538461538462,104.01001365498408,497.1538461538462,104.01001365498408,0
per_huruf_hybrid_skeleton_forced_loop_no_sig,15,786,0.7728613569321534,497.2307692307691,104.02048247610377,497.2307692307691,104.02048247610377,0
per_huruf_hybrid_skeleton_forced_loop_no_sig,15,787,0.7738446411012783,497.3076923076923,104.03277196176604,497.3076923076923,104.03277196176604,0
per_huruf_hybrid_skeleton_forced_loop_no_sig,15,788,0.7748279252704032,497.3846153846154,104.04551661356396,497.3846153846154,104.04551661356396,0
per_huruf_hybrid_skeleton_forced_loop_no_sig,15,789,0.7758112094395281,497.4615384615385,104.05735093309058,497.4615384615385,104.05735093309058,0
per_huruf_hybrid_skeleton_forced_loop_no_sig,15,790,0.7767944936086529,497.53846153846155,104.06690942193902,497.53846153846155,104.06690942193902,0
per_huruf_hybrid_skeleton_forced_loop_no_sig,15,791,0.7777777777777778,497.61538461538464,104.07282658170234,497.61538461538464,104.07282658170234,0
per_huruf_hybrid_skeleton_forced_loop_no_sig,15,792,0.7787610619469028,497.69230769230774,104.07373691397359,497.69230769230774,104.07373691397359,0
per_huruf_hybrid_skeleton_forced_loop_no_sig,15,793,0.7797443461160276,497.7692307692307,104.06827492034591,497.7692307692307,104.06827492034591,0
per_huruf_hybrid_skeleton_forced_loop_no_sig,15,794,0.7807276302851525,497.84615384615387,104.05507510241239,497.84615384615387,104.05507510241239,0
per_huruf_hybrid_skeleton_forced_loop_no_sig,15,795,0.7817109144542773,497.9230769230769,104.03277196176603,497.9230769230769,104.03277196176603,0
per_huruf_hybrid_skeleton_forced_loop_no_sig,15,796,0.7826941986234022,498.0,104.0,498.0,104.0,0
per_huruf_hybrid_skeleton_forced_loop_no_sig,15,797,0.7836774827925271,498.07692307692315,103.95311788802914,498.07692307692315,103.95311788802914,0
per_huruf_hybrid_skeleton_forced_loop_no_sig,15,798,0.784660766961652,498.15384615384613,103.89121529358216,498.15384615384613,103.89121529358216,0
per_huruf_hybrid_skeleton_forced_loop_no_sig,15,799,0.7856440511307768,498.2307692307691,103.8170232134729,498.2307692307691,103.8170232134729,0
per_huruf_hybrid_skeleton_forced_loop_no_sig,15,800,0.7866273352999017,498.3076923076922,103.73327264451522,498.3076923076922,103.73327264451522,0
per_huruf_hybrid_skeleton_forced_loop_no_sig,15,801,0.7876106194690266,498.3846153846154,103.642694583523,498.3846153846154,103.642694583523,0
per_huruf_hybrid_skeleton_forced_loop_no_sig,15,802,0.7885939036381515,498.4615384615385,103.54802002730997,498.4615384615385,103.54802002730997,0
per_huruf_hybrid_skeleton_forced_loop_no_sig,15,803,0.7895771878072764,498.53846153846155,103.45197997269003,498.53846153846155,103.45197997269003,0
per_huruf_hybrid_skeleton_forced_loop_no_sig,15,804,0.7905604719764012,498.61538461538464,103.35730541647703,498.61538461538464,103.35730541647703,0
per_huruf_hybrid_skeleton_forced_loop_no_sig,15,805,0.7915437561455261,498.6923076923076,103.26672735548475,498.6923076923076,103.26672735548475,0
per_huruf_hybrid_skeleton_forced_loop_no_sig,15,806,0.7925270403146509,498.7692307692307,103.18297678652708,498.7692307692307,103.18297678652708,0
per_huruf_hybrid_skeleton_forced_loop_no_sig,15,807,0.7935103244837759,498.84615384615387,103.10878470641785,498.84615384615387,103.10878470641785,0
per_huruf_hybrid_skeleton_forced_loop_no_sig,15,808,0.7944936086529008,498.9230769230769,103.04688211197087,498.9230769230769,103.04688211197087,0
per_huruf_hybrid_skeleton_forced_loop_no_sig,15,809,0.7954768928220256,499.0,103.0,499.0,103.0,0
per_huruf_hybrid_skeleton_forced_loop_no_sig,15,810,0.7964601769911505,499.07692307692315,102.96722803823397,499.07692307692315,102.96722803823397,0
per_huruf_hybrid_skeleton_forced_loop_no_sig,15,811,0.7974434611602753,499.15384615384613,102.94492489758763,499.15384615384613,102.94492489758763,0
per_huruf_hybrid_skeleton_forced_loop_no_sig,15,812,0.7984267453294003,499.23076923076917,102.93172507965404,499.23076923076917,102.93172507965404,0
per_huruf_hybrid_skeleton_forced_loop_no_sig,15,813,0.7994100294985251,499.30769230769226,102.92626308602638,499.30769230769226,102.92626308602638,0
per_huruf_hybrid_skeleton_forced_loop_no_sig,15,814,0.80039331366765,499.3846153846155,102.92717341829768,499.3846153846155,102.92717341829768,0
per_huruf_hybrid_skeleton_forced_loop_no_sig,15,815,0.8013765978367748,499.4615384615385,102.93309057806098,499.4615384615385,102.93309057806098,0
per_huruf_hybrid_skeleton_forced_loop_no_sig,15,816,0.8023598820058998,499.53846153846155,102.94264906690941,499.53846153846155,102.94264906690941,0
per_huruf_hybrid_skeleton_forced_loop_no_sig,15,817,0.8033431661750247,499.61538461538464,102.95448338643607,499.61538461538464,102.95448338643607,0
per_huruf_hybrid_skeleton_forced_loop_no_sig,15,818,0.8043264503441495,499.6923076923076,102.96722803823394,499.6923076923076,102.96722803823394,0
per_huruf_hybrid_skeleton_forced_loop_no_sig,15,819,0.8053097345132744,499.7692307692307,102.97951752389622,499.7692307692307,102.97951752389622,0
per_huruf_hybrid_skeleton_forced_loop_no_sig,15,820,0.8062930186823992,499.84615384615387,102.98998634501594,499.84615384615387,102.98998634501594,0
per_huruf_hybrid_skeleton_forced_loop_no_sig,15,821,0.8072763028515242,499.9230769230769,102.99726900318616,499.9230769230769,102.99726900318616,0
per_huruf_hybrid_skeleton_forced_loop_no_sig,15,822,0.808259587020649,500.0,103.0,500.0,103.0,0
per_huruf_hybrid_skeleton_forced_loop_no_sig,15,823,0.8092428711897739,500.07692307692315,103.00000000000001,500.07692307692315,103.00000000000001,0
per_huruf_hybrid_skeleton_forced_loop_no_sig,15,824,0.8102261553588987,500.1538461538462,103.00000000000001,500.1538461538462,103.00000000000001,0
per_huruf_hybrid_skeleton_forced_loop_no_sig,15,825,0.8112094395280236,500.2307692307691,102.99999999999999,500.2307692307691,102.99999999999999,0
per_huruf_hybrid_skeleton_forced_loop_no_sig,15,826,0.8121927236971486,500.3076923076922,103.0,500.3076923076922,103.0,0
per_huruf_hybrid_skeleton_forced_loop_no_sig,15,827,0.8131760078662734,500.3846153846155,103.00000000000001,500.3846153846155,103.00000000000001,0
per_huruf_hybrid_skeleton_forced_loop_no_sig,15,828,0.8141592920353983,500.4615384615385,103.0,500.4615384615385,103.0,0
per_huruf_hybrid_skeleton_forced_loop_no_sig,15,829,0.8151425762045231,500.5384615384615,103.0,500.5384615384615,103.0,0
per_huruf_hybrid_skeleton_forced_loop_no_sig,15,830,0.816125860373648,500.61538461538464,103.0,500.61538461538464,103.0,0
per_huruf_hybrid_skeleton_forced_loop_no_sig,15,831,0.817109144542773,500.6923076923076,103.0,500.6923076923076,103.0,0
per_huruf_hybrid_skeleton_forced_loop_no_sig,15,832,0.8180924287118978,500.7692307692307,103.0,500.7692307692307,103.0,0
per_huruf_hybrid_skeleton_forced_loop_no_sig,15,833,0.8190757128810227,500.8461538461539,103.0,500.8461538461539,103.0,0
per_huruf_hybrid_skeleton_forced_loop_no_sig,15,834,0.8200589970501475,500.9230769230769,103.0,500.9230769230769,103.0,0
per_huruf_hybrid_skeleton_forced_loop_no_sig,15,835,0.8210422812192725,501.0,103.0,501.0,103.0,0
per_huruf_hybrid_skeleton_forced_loop_no_sig,15,836,0.8220255653883973,501.0769230769231,103.00273099681385,501.0769230769231,103.00273099681385,0
per_huruf_hybrid_skeleton_forced_loop_no_sig,15,837,0.8230088495575222,501.1538461538462,103.01001365498409,501.1538461538462,103.01001365498409,0
per_huruf_hybrid_skeleton_forced_loop_no_sig,15,838,0.823992133726647,501.2307692307691,103.02048247610375,501.2307692307691,103.02048247610375,0
per_huruf_hybrid_skeleton_forced_loop_no_sig,15,839,0.8249754178957719,501.3076923076923,103.03277196176604,501.3076923076923,103.03277196176604,0
per_huruf_hybrid_skeleton_forced_loop_no_sig,15,840,0.8259587020648969,501.3846153846155,103.04551661356396,501.3846153846155,103.04551661356396,0
per_huruf_hybrid_skeleton_forced_loop_no_sig,15,841,0.8269419862340217,501.46153846153857,103.05735093309059,501.46153846153857,103.05735093309059,0
per_huruf_hybrid_skeleton_forced_loop_no_sig,15,842,0.8279252704031466,501.53846153846155,103.06690942193902,501.53846153846155,103.06690942193902,0
per_huruf_hybrid_skeleton_forced_loop_no_sig,15,843,0.8289085545722714,501.61538461538464,103.07282658170234,501.61538461538464,103.07282658170234,0
per_huruf_hybrid_skeleton_forced_loop_no_sig,15,844,0.8298918387413963,501.69230769230774,103.07373691397359,501.69230769230774,103.07373691397359,0
per_huruf_hybrid_skeleton_forced_loop_no_sig,15,845,0.8308751229105212,501.7692307692307,103.06827492034591,501.7692307692307,103.06827492034591,0
per_huruf_hybrid_skeleton_forced_loop_no_sig,15,846,0.8318584070796461,501.8461538461538,103.05507510241239,501.8461538461538,103.05507510241239,0
per_huruf_hybrid_skeleton_forced_loop_no_sig,15,847,0.8328416912487709,501.9230769230769,103.03277196176604,501.9230769230769,103.03277196176604,0
per_huruf_hybrid_skeleton_forced_loop_no_sig,15,848,0.8338249754178958,502.0,103.0,502.0,103.0,0
per_huruf_hybrid_skeleton_forced_loop_no_sig,15,849,0.8348082595870207,502.07692307692315,102.95311788802915,502.07692307692315,102.95311788802915,0
per_huruf_hybrid_skeleton_forced_loop_no_sig,15,850,0.8357915437561456,502.15384615384613,102.89121529358215,502.15384615384613,102.89121529358215,0
per_huruf_hybrid_skeleton_forced_loop_no_sig,15,851,0.8367748279252705,502.23076923076917,102.8170232134729,502.23076923076917,102.8170232134729,0
per_huruf_hybrid_skeleton_forced_loop_no_sig,15,852,0.8377581120943953,502.3076923076922,102.73327264451522,502.3076923076922,102.73327264451522,0
per_huruf_hybrid_skeleton_forced_loop_no_sig,15,853,0.8387413962635202,502.3846153846154,102.642694583523,502.3846153846154,102.642694583523,0
per_huruf_hybrid_skeleton_forced_loop_no_sig,15,854,0.839724680432645,502.4615384615385,102.54802002730997,502.4615384615385,102.54802002730997,0
per_huruf_hybrid_skeleton_forced_loop_no_sig,15,855,0.84070796460177,502.5384615384616,102.45197997269004,502.5384615384616,102.45197997269004,0
per_huruf_hybrid_skeleton_forced_loop_no_sig,15,856,0.8416912487708949,502.61538461538464,102.35730541647702,502.61538461538464,102.35730541647702,0
per_huruf_hybrid_skeleton_forced_loop_no_sig,15,857,0.8426745329400197,502.6923076923076,102.26672735548476,502.6923076923076,102.26672735548476,0
per_huruf_hybrid_skeleton_forced_loop_no_sig,15,858,0.8436578171091446,502.7692307692307,102.18297678652706,502.7692307692307,102.18297678652706,0
per_huruf_hybrid_skeleton_forced_loop_no_sig,15,859,0.8446411012782695,502.8461538461539,102.10878470641785,502.8461538461539,102.10878470641785,0
per_huruf_hybrid_skeleton_forced_loop_no_sig,15,860,0.8456243854473944,502.9230769230769,102.04688211197086,502.9230769230769,102.04688211197086,0
per_huruf_hybrid_skeleton_forced_loop_no_sig,15,861,0.8466076696165192,503.0,102.0,503.0,102.0,0
per_huruf_hybrid_skeleton_forced_loop_no_sig,15,862,0.8475909537856441,503.0769230769231,101.96995903504781,503.0769230769231,101.96995903504781,0
per_huruf_hybrid_skeleton_forced_loop_no_sig,15,863,0.8485742379547689,503.1538461538462,101.95493855257168,503.1538461538462,101.95493855257168,0
per_huruf_hybrid_skeleton_forced_loop_no_sig,15,864,0.8495575221238939,503.2307692307692,101.95220755575782,503.2307692307692,101.95220755575782,0
per_huruf_hybrid_skeleton_forced_loop_no_sig,15,865,0.8505408062930188,503.30769230769226,101.95903504779243,503.30769230769226,101.95903504779243,0
per_huruf_hybrid_skeleton_forced_loop_no_sig,15,866,0.8515240904621436,503.3846153846155,101.97269003186165,503.3846153846155,101.97269003186165,0
per_huruf_hybrid_skeleton_forced_loop_no_sig,15,867,0.8525073746312685,503.4615384615385,101.99044151115157,503.4615384615385,101.99044151115157,0
per_huruf_hybrid_skeleton_forced_loop_no_sig,15,868,0.8534906588003933,503.53846153846155,102.00955848884843,503.53846153846155,102.00955848884843,0
per_huruf_hybrid_skeleton_forced_loop_no_sig,15,869,0.8544739429695183,503.6153846153846,102.02730996813837,503.6153846153846,102.02730996813837,0
per_huruf_hybrid_skeleton_forced_loop_no_sig,15,870,0.8554572271386431,503.69230769230774,102.04096495220756,503.69230769230774,102.04096495220756,0
per_huruf_hybrid_skeleton_forced_loop_no_sig,15,871,0.856440511307768,503.7692307692307,102.04779244424213,503.7692307692307,102.04779244424213,0
per_huruf_hybrid_skeleton_forced_loop_no_sig,15,872,0.8574237954768928,503.84615384615387,102.04506144742831,503.84615384615387,102.04506144742831,0
per_huruf_hybrid_skeleton_forced_loop_no_sig,15,873,0.8584070796460177,503.9230769230769,102.0300409649522,503.9230769230769,102.0300409649522,0
per_huruf_hybrid_skeleton_forced_loop_no_sig,15,874,0.8593903638151427,504.0,102.0,504.0,102.0,0
per_huruf_hybrid_skeleton_forced_loop_no_sig,15,875,0.8603736479842675,504.0769230769232,101.95584888484296,504.0769230769232,101.95584888484296,0
per_huruf_hybrid_skeleton_forced_loop_no_sig,15,876,0.8613569321533924,504.1538461538462,101.90122894856623,504.1538461538462,101.90122894856623,0
per_huruf_hybrid_skeleton_forced_loop_no_sig,15,877,0.8623402163225172,504.23076923076917,101.83750568957667,504.23076923076917,101.83750568957667,0
per_huruf_hybrid_skeleton_forced_loop_no_sig,15,878,0.8633235004916421,504.30769230769226,101.76604460628128,504.30769230769226,101.76604460628128,0
per_huruf_hybrid_skeleton_forced_loop_no_sig,15,879,0.864306784660767,504.38461538461553,101.68821119708694,504.38461538461553,101.68821119708694,0
per_huruf_hybrid_skeleton_forced_loop_no_sig,15,880,0.8652900688298919,504.4615384615385,101.60537096040055,504.4615384615385,101.60537096040055,0
per_huruf_hybrid_skeleton_forced_loop_no_sig,15,881,0.8662733529990168,504.53846153846155,101.51888939462904,504.53846153846155,101.51888939462904,0
per_huruf_hybrid_skeleton_forced_loop_no_sig,15,882,0.8672566371681416,504.61538461538464,101.43013199817933,504.61538461538464,101.43013199817933,0
per_huruf_hybrid_skeleton_forced_loop_no_sig,15,883,0.8682399213372666,504.6923076923076,101.34046426945835,504.6923076923076,101.34046426945835,0
per_huruf_hybrid_skeleton_forced_loop_no_sig,15,884,0.8692232055063914,504.7692307692307,101.251251706873,504.7692307692307,101.251251706873,0
per_huruf_hybrid_skeleton_forced_loop_no_sig,15,885,0.8702064896755163,504.84615384615387,101.16385980883022,504.84615384615387,101.16385980883022,0
per_huruf_hybrid_skeleton_forced_loop_no_sig,15,886,0.8711897738446411,504.9230769230769,101.07965407373692,504.9230769230769,101.07965407373692,0
per_huruf_hybrid_skeleton_forced_loop_no_sig,15,887,0.872173058013766,505.0,101.0,505.0,101.0,0
per_huruf_hybrid_skeleton_forced_loop_no_sig,15,888,0.873156342182891,505.079654073737,100.91761492944926,505.079654073737,100.91761492944926,0
per_huruf_hybrid_skeleton_forced_loop_no_sig,15,889,0.8741396263520158,505.16385980883024,100.82612653618573,505.16385980883024,100.82612653618573,0
per_huruf_hybrid_skeleton_forced_loop_no_sig,15,890,0.8751229105211407,505.2512517068729,100.7282658170232,505.2512517068729,100.7282658170232,0
per_huruf_hybrid_skeleton_forced_loop_no_sig,15,891,0.8761061946902655,505.3404642694583,100.6267637687756,505.3404642694583,100.6267637687756,0
per_huruf_hybrid_skeleton_forced_loop_no_sig,15,892,0.8770894788593904,505.43013199817943,100.52435138825672,505.43013199817943,100.52435138825672,0
per_huruf_hybrid_skeleton_forced_loop_no_sig,15,893,0.8780727630285153,505.518889394629,100.4237596722804,505.518889394629,100.4237596722804,0
per_huruf_hybrid_skeleton_forced_loop_no_sig,15,894,0.8790560471976402,505.60537096040053,100.32771961766045,505.60537096040053,100.32771961766045,0
per_huruf_hybrid_skeleton_forced_loop_no_sig,15,895,0.880039331366765,505.68821119708696,100.23896222121074,505.68821119708696,100.23896222121074,0
per_huruf_hybrid_skeleton_forced_loop_no_sig,15,896,0.8810226155358899,505.7660446062813,100.16021847974511,505.7660446062813,100.16021847974511,0
per_huruf_hybrid_skeleton_forced_loop_no_sig,15,897,0.8820058997050148,505.8375056895767,100.09421939007737,505.8375056895767,100.09421939007737,0
per_huruf_hybrid_skeleton_forced_loop_no_sig,15,898,0.8829891838741397,505.9012289485662,100.0436959490214,505.9012289485662,100.0436959490214,0
per_huruf_hybrid_skeleton_forced_loop_no_sig,15,899,0.8839724680432646,505.95584888484296,100.01137915339098,505.95584888484296,100.01137915339098,0
per_huruf_hybrid_skeleton_forced_loop_no_sig,15,900,0.8849557522123894,506.0,100.0,506.0,100.0,0
per_huruf_hybrid_skeleton_forced_loop_no_sig,15,901,0.8859390363815143,506.0491579426492,100.00864815657715,506.0491579426492,100.00864815657715,0
per_huruf_hybrid_skeleton_forced_loop_no_sig,15,902,0.8869223205506392,506.1151570323168,100.03368229403733,506.1151570323168,100.03368229403733,0
per_huruf_hybrid_skeleton_forced_loop_no_sig,15,903,0.8879056047197641,506.19116977696854,100.07373691397359,506.19116977696854,100.07373691397359,0
per_huruf_hybrid_skeleton_forced_loop_no_sig,15,904,0.888888888888889,506.27036868456986,100.12744651797905,506.27036868456986,100.12744651797905,0
per_huruf_hybrid_skeleton_forced_loop_no_sig,15,905,0.8898721730580138,506.3459262630861,100.19344560764681,506.3459262630861,100.19344560764681,0
per_huruf_hybrid_skeleton_forced_loop_no_sig,15,906,0.8908554572271387,506.4110150204825,100.27036868456989,506.4110150204825,100.27036868456989,0
per_huruf_hybrid_skeleton_forced_loop_no_sig,15,907,0.8918387413962636,506.4588074647246,100.35685025034138,506.4588074647246,100.35685025034138,0
per_huruf_hybrid_skeleton_forced_loop_no_sig,15,908,0.8928220255653885,506.4824761037779,100.45152480655439,506.4824761037779,100.45152480655439,0
per_huruf_hybrid_skeleton_forced_loop_no_sig,15,909,0.8938053097345133,506.4751934456076,100.553026854802,506.4751934456076,100.553026854802,0
per_huruf_hybrid_skeleton_forced_loop_no_sig,15,910,0.8947885939036382,506.43013199817926,100.65999089667729,506.43013199817926,100.65999089667729,0
per_huruf_hybrid_skeleton_forced_loop_no_sig,15,911,0.895771878072763,506.3404642694584,100.77105143377332,506.3404642694584,100.77105143377332,0
per_huruf_hybrid_skeleton_forced_loop_no_sig,15,912,0.896755162241888,506.1993627674101,100.8848429676832,506.1993627674101,100.8848429676832,0
per_huruf_hybrid_skeleton_forced_loop_no_sig,15,913,0.8977384464110129,506.0,101.0,506.0,101.0,0
per_huruf_hybrid_skeleton_forced_loop_no_sig,15,914,0.8987217305801377,505.7214383249887,101.12380518889397,505.7214383249887,101.12380518889397,0
per_huruf_hybrid_skeleton_forced_loop_no_sig,15,915,0.8997050147492626,505.357305416477,101.26263086026401,505.357305416477,101.26263086026401,0
per_huruf_hybrid_skeleton_forced_loop_no_sig,15,916,0.9006882989183874,504.9226217569412,101.41374601729629,504.9226217569412,101.41374601729629,0
per_huruf_hybrid_skeleton_forced_loop_no_sig,15,917,0.9016715830875124,504.4324078288575,101.57441966317705,504.4324078288575,101.57441966317705,0
per_huruf_hybrid_skeleton_forced_loop_no_sig,15,918,0.9026548672566372,503.901684114702,101.7419208010924,503.901684114702,101.7419208010924,0
per_huruf_hybrid_skeleton_forced_loop_no_sig,15,919,0.9036381514257621,503.34547109695046,101.91351843422851,503.34547109695046,101.91351843422851,0
per_huruf_hybrid_skeleton_forced_loop_no_sig,15,920,0.904621435594887,502.7787892580792,102.08648156577149,502.7787892580792,102.08648156577149,0
per_huruf_hybrid_skeleton_forced_loop_no_sig,15,921,0.9056047197640118,502.2166590805644,102.25807919890761,502.2166590805644,102.25807919890761,0
per_huruf_hybrid_skeleton_forced_loop_no_sig,15,922,0.9065880039331368,501.67410104688213,102.42558033682293,501.67410104688213,102.42558033682293,0
per_huruf_hybrid_skeleton_forced_loop_no_sig,15,923,0.9075712881022616,501.1661356395084,102.58625398270368,501.1661356395084,102.58625398270368,0
per_huruf_hybrid_skeleton_forced_loop_no_sig,15,924,0.9085545722713865,500.70778334091943,102.73736913973602,500.70778334091943,102.73736913973602,0
per_huruf_hybrid_skeleton_forced_loop_no_sig,15,925,0.9095378564405113,500.3140646335913,102.87619481110606,500.3140646335913,102.87619481110606,0
per_huruf_hybrid_skeleton_forced_loop_no_sig,15,926,0.9105211406096363,500.0,103.0,500.0,103.0,0
per_huruf_hybrid_skeleton_forced_loop_no_sig,15,927,0.9115044247787611,499.7974510696405,103.11788802913065,499.7974510696405,103.11788802913065,0
per_huruf_hybrid_skeleton_forced_loop_no_sig,15,928,0.912487708947886,499.71096950386885,103.23896222121076,499.71096950386885,103.23896222121076,0
per_huruf_hybrid_skeleton_forced_loop_no_sig,15,929,0.9134709931170109,499.71461083295395,103.36049157942648,499.71461083295395,103.36049157942648,0
per_huruf_hybrid_skeleton_forced_loop_no_sig,15,930,0.9144542772861357,499.78243058716424,103.47974510696405,499.78243058716424,103.47974510696405,0
per_huruf_hybrid_skeleton_forced_loop_no_sig,15,931,0.9154375614552607,499.88848429676835,103.59399180700956,499.88848429676835,103.59399180700956,0
per_huruf_hybrid_skeleton_forced_loop_no_sig,15,932,0.9164208456243855,500.0068274920347,103.7005006827492,500.0068274920347,103.7005006827492,0
per_huruf_hybrid_skeleton_forced_loop_no_sig,15,933,0.9174041297935104,500.1115157032317,103.79654073736914,500.1115157032317,103.79654073736914,0
per_huruf_hybrid_skeleton_forced_loop_no_sig,15,934,0.9183874139626352,500.17660446062814,103.87938097405555,500.17660446062814,103.87938097405555,0
per_huruf_hybrid_skeleton_forced_loop_no_sig,15,935,0.9193706981317601,500.17614929449246,103.94629039599454,500.17614929449246,103.94629039599454,0
per_huruf_hybrid_skeleton_forced_loop_no_sig,15,936,0.920353982300885,500.0842057350933,103.99453800637232,500.0842057350933,103.99453800637232,0
per_huruf_hybrid_skeleton_forced_loop_no_sig,15,937,0.9213372664700099,499.87482931269915,104.02139280837505,499.87482931269915,104.02139280837505,0
per_huruf_hybrid_skeleton_forced_loop_no_sig,15,938,0.9223205506391348,499.52207555757855,104.02412380518889,499.52207555757855,104.02412380518889,0
per_huruf_hybrid_skeleton_forced_loop_no_sig,15,939,0.9233038348082596,499.0,104.0,499.0,104.0,0
per_huruf_hybrid_skeleton_forced_loop_no_sig,15,940,0.9242871189773845,498.2667273554848,103.93900773782433,498.2667273554848,103.93900773782433,0
per_huruf_hybrid_skeleton_forced_loop_no_sig,15,941,0.9252704031465094,497.32316795630413,103.83750568957669,497.32316795630413,103.83750568957669,0
per_huruf_hybrid_skeleton_forced_loop_no_sig,15,942,0.9262536873156343,496.20755575785154,103.70232134729174,496.20755575785154,103.70232134729174,0
per_huruf_hybrid_skeleton_forced_loop_no_sig,15,943,0.9272369714847591,494.95812471552114,103.54028220300407,494.95812471552114,103.54028220300407,0
per_huruf_hybrid_skeleton_forced_loop_no_sig,15,944,0.928220255653884,493.6131087847064,103.35821574874831,493.6131087847064,103.35821574874831,0
per_huruf_hybrid_skeleton_forced_loop_no_sig,15,945,0.9292035398230089,492.2107419208011,103.16294947655894,492.2107419208011,103.16294947655894,0
per_huruf_hybrid_skeleton_forced_loop_no_sig,15,946,0.9301868239921338,490.78925807919893,102.96131087847063,490.78925807919893,102.96131087847063,0
per_huruf_hybrid_skeleton_forced_loop_no_sig,15,947,0.9311701081612587,489.3868912152936,102.76012744651797,489.3868912152936,102.76012744651797,0
per_huruf_hybrid_skeleton_forced_loop_no_sig,15,948,0.9321533923303835,488.04187528447886,102.56622667273555,488.04187528447886,102.56622667273555,0
per_huruf_hybrid_skeleton_forced_loop_no_sig,15,949,0.9331366764995084,486.79244424214835,102.38643604915794,486.79244424214835,102.38643604915794,0
per_huruf_hybrid_skeleton_forced_loop_no_sig,15,950,0.9341199606686333,485.676832043696,102.22758306781975,485.676832043696,102.22758306781975,0
per_huruf_hybrid_skeleton_forced_loop_no_sig,15,951,0.9351032448377582,484.7332726445153,102.09649522075557,484.7332726445153,102.09649522075557,0
per_huruf_hybrid_skeleton_forced_loop_no_sig,15,952,0.936086529006883,484.0,102.0,484.0,102.0,0
per_huruf_hybrid_skeleton_forced_loop_no_sig,15,953,0.9370698131760079,483.46426945835236,101.93718707328176,483.46426945835236,101.93718707328176,0
per_huruf_hybrid_skeleton_forced_loop_no_sig,15,954,0.9380530973451328,483.0751024123805,101.8998634501593,483.0751024123805,101.8998634501593,0
per_huruf_hybrid_skeleton_forced_loop_no_sig,15,955,0.9390363815142577,482.8133818843877,101.88393263541191,482.8133818843877,101.88393263541191,0
per_huruf_hybrid_skeleton_forced_loop_no_sig,15,956,0.9400196656833826,482.6599908966772,101.88529813381884,482.6599908966772,101.88529813381884,0
per_huruf_hybrid_skeleton_forced_loop_no_sig,15,957,0.9410029498525074,482.5958124715521,101.89986345015933,482.5958124715521,101.89986345015933,0
per_huruf_hybrid_skeleton_forced_loop_no_sig,15,958,0.9419862340216323,482.60172963131544,101.92353208921259,482.60172963131544,101.92353208921259,0
per_huruf_hybrid_skeleton_forced_loop_no_sig,15,959,0.9429695181907571,482.6586253982703,101.95220755575785,482.6586253982703,101.95220755575785,0
per_huruf_hybrid_skeleton_forced_loop_no_sig,15,960,0.9439528023598821,482.74738279472007,101.98179335457442,482.74738279472007,101.98179335457442,0
per_huruf_hybrid_skeleton_forced_loop_no_sig,15,961,0.944936086529007,482.84888484296766,102.00819299044151,482.84888484296766,102.00819299044151,0
per_huruf_hybrid_skeleton_forced_loop_no_sig,15,962,0.9459193706981318,482.94401456531625,102.02730996813835,482.94401456531625,102.02730996813835,0
per_huruf_hybrid_skeleton_forced_loop_no_sig,15,963,0.9469026548672567,483.0136549840692,102.03504779244425,483.0136549840692,102.03504779244425,0
per_huruf_hybrid_skeleton_forced_loop_no_sig,15,964,0.9478859390363815,483.0386891215294,102.02730996813837,483.0386891215294,102.02730996813837,0
per_huruf_hybrid_skeleton_forced_loop_no_sig,15,965,0.9488692232055065,483.0,102.0,483.0,102.0,0
per_huruf_hybrid_skeleton_forced_loop_no_sig,15,966,0.9498525073746313,482.923076923077,101.95584888484296,482.923076923077,101.95584888484296,0
per_huruf_hybrid_skeleton_forced_loop_no_sig,15,967,0.9508357915437562,482.84615384615387,101.90122894856623,482.84615384615387,101.90122894856623,0
per_huruf_hybrid_skeleton_forced_loop_no_sig,15,968,0.951819075712881,482.7692307692307,101.83750568957667,482.7692307692307,101.83750568957667,0
per_huruf_hybrid_skeleton_forced_loop_no_sig,15,969,0.952802359882006,482.6923076923077,101.76604460628128,482.6923076923077,101.76604460628128,0
per_huruf_hybrid_skeleton_forced_loop_no_sig,15,970,0.9537856440511309,482.6153846153847,101.68821119708694,482.6153846153847,101.68821119708694,0
per_huruf_hybrid_skeleton_forced_loop_no_sig,15,971,0.9547689282202557,482.5384615384616,101.60537096040055,482.5384615384616,101.60537096040055,0
per_huruf_hybrid_skeleton_forced_loop_no_sig,15,972,0.9557522123893806,482.46153846153845,101.51888939462904,482.46153846153845,101.51888939462904,0
per_huruf_hybrid_skeleton_forced_loop_no_sig,15,973,0.9567354965585054,482.38461538461536,101.43013199817933,482.38461538461536,101.43013199817933,0
per_huruf_hybrid_skeleton_forced_loop_no_sig,15,974,0.9577187807276304,482.3076923076923,101.34046426945835,482.3076923076923,101.34046426945835,0
per_huruf_hybrid_skeleton_forced_loop_no_sig,15,975,0.9587020648967552,482.23076923076917,101.251251706873,482.23076923076917,101.251251706873,0
per_huruf_hybrid_skeleton_forced_loop_no_sig,15,976,0.9596853490658801,482.1538461538462,101.16385980883022,482.1538461538462,101.16385980883022,0
per_huruf_hybrid_skeleton_forced_loop_no_sig,15,977,0.960668633235005,482.0769230769231,101.07965407373692,482.0769230769231,101.07965407373692,0
per_huruf_hybrid_skeleton_forced_loop_no_sig,15,978,0.9616519174041298,482.0,101.0,482.0,101.0,0
per_huruf_hybrid_skeleton_forced_loop_no_sig,15,979,0.9626352015732548,481.9230769230771,100.93126991351845,481.9230769230771,100.93126991351845,0
per_huruf_hybrid_skeleton_forced_loop_no_sig,15,980,0.9636184857423796,481.84615384615387,100.87619481110607,481.84615384615387,100.87619481110607,0
per_huruf_hybrid_skeleton_forced_loop_no_sig,15,981,0.9646017699115045,481.7692307692307,100.83067819754208,481.7692307692307,100.83067819754208,0
per_huruf_hybrid_skeleton_forced_loop_no_sig,15,982,0.9655850540806293,481.6923076923076,100.79062357760583,481.6923076923076,100.79062357760583,0
per_huruf_hybrid_skeleton_forced_loop_no_sig,15,983,0.9665683382497542,481.61538461538464,100.75193445607647,481.61538461538464,100.75193445607647,0
per_huruf_hybrid_skeleton_forced_loop_no_sig,15,984,0.9675516224188792,481.5384615384616,100.71051433773329,481.5384615384616,100.71051433773329,0
per_huruf_hybrid_skeleton_forced_loop_no_sig,15,985,0.968534906588004,481.46153846153845,100.66226672735549,481.46153846153845,100.66226672735549,0
per_huruf_hybrid_skeleton_forced_loop_no_sig,15,986,0.9695181907571289,481.38461538461536,100.60309512972235,481.38461538461536,100.60309512972235,0
per_huruf_hybrid_skeleton_forced_loop_no_sig,15,987,0.9705014749262537,481.30769230769226,100.52890304961309,481.30769230769226,100.52890304961309,0
per_huruf_hybrid_skeleton_forced_loop_no_sig,15,988,0.9714847590953786,481.23076923076917,100.435593991807,481.23076923076917,100.435593991807,0
per_huruf_hybrid_skeleton_forced_loop_no_sig,15,989,0.9724680432645035,481.1538461538462,100.3190714610833,481.1538461538462,100.3190714610833,0
per_huruf_hybrid_skeleton_forced_loop_no_sig,15,990,0.9734513274336284,481.0769230769231,100.1752389622212,481.0769230769231,100.1752389622212,0
per_huruf_hybrid_skeleton_forced_loop_no_sig,15,991,0.9744346116027532,481.0,100.0,481.0,100.0,0
per_huruf_hybrid_skeleton_forced_loop_no_sig,15,992,0.9754178957718781,480.92307692307696,99.78243058716434,480.92307692307696,99.78243058716434,0
per_huruf_hybrid_skeleton_forced_loop_no_sig,15,993,0.9764011799410031,480.84615384615387,99.51979972690032,480.84615384615387,99.51979972690032,0
per_huruf_hybrid_skeleton_forced_loop_no_sig,15,994,0.9773844641101279,480.7692307692307,99.22030040964951,480.7692307692307,99.22030040964951,0
per_huruf_hybrid_skeleton_forced_loop_no_sig,15,995,0.9783677482792528,480.6923076923077,98.89212562585344,480.6923076923077,98.89212562585344,0
per_huruf_hybrid_skeleton_forced_loop_no_sig,15,996,0.9793510324483776,480.6153846153847,98.5434683659536,480.6153846153847,98.5434683659536,0
per_huruf_hybrid_skeleton_forced_loop_no_sig,15,997,0.9803343166175025,480.53846153846155,98.18252162039146,480.53846153846155,98.18252162039146,0
per_huruf_hybrid_skeleton_forced_loop_no_sig,15,998,0.9813176007866274,480.46153846153845,97.81747837960856,480.46153846153845,97.81747837960856,0
per_huruf_hybrid_skeleton_forced_loop_no_sig,15,999,0.9823008849557523,480.3846153846154,97.45653163404643,480.3846153846154,97.45653163404643,0
per_huruf_hybrid_skeleton_forced_loop_no_sig,15,1000,0.9832841691248771,480.3076923076923,97.10787437414656,480.3076923076923,97.10787437414656,0
per_huruf_hybrid_skeleton_forced_loop_no_sig,15,1001,0.984267453294002,480.23076923076917,96.77969959035048,480.23076923076917,96.77969959035048,0
per_huruf_hybrid_skeleton_forced_loop_no_sig,15,1002,0.9852507374631269,480.15384615384613,96.48020027309968,480.15384615384613,96.48020027309968,0
per_huruf_hybrid_skeleton_forced_loop_no_sig,15,1003,0.9862340216322518,480.07692307692304,96.21756941283567,480.07692307692304,96.21756941283567,0
per_huruf_hybrid_skeleton_forced_loop_no_sig,15,1004,0.9872173058013767,480.0,96.0,480.0,96.0,0
per_huruf_hybrid_skeleton_forced_loop_no_sig,15,1005,0.9882005899705015,479.9203459262631,95.82203004096495,479.9203459262631,95.82203004096495,0
per_huruf_hybrid_skeleton_forced_loop_no_sig,15,1006,0.9891838741396264,479.8361401911698,95.67091488393265,479.8361401911698,95.67091488393265,0
per_huruf_hybrid_skeleton_forced_loop_no_sig,15,1007,0.9901671583087512,479.74874829312694,95.54392353208921,479.74874829312694,95.54392353208921,0
per_huruf_hybrid_skeleton_forced_loop_no_sig,15,1008,0.9911504424778762,479.6595357305416,95.43832498862085,479.6595357305416,95.43832498862085,0
per_huruf_hybrid_skeleton_forced_loop_no_sig,15,1009,0.9921337266470011,479.56986800182074,95.35138825671372,479.56986800182074,95.35138825671372,0
per_huruf_hybrid_skeleton_forced_loop_no_sig,15,1010,0.9931170108161259,479.481110605371,95.28038233955395,479.481110605371,95.28038233955395,0
per_huruf_hybrid_skeleton_forced_loop_no_sig,15,1011,0.9941002949852508,479.39462903959947,95.22257624032773,479.39462903959947,95.22257624032773,0
per_huruf_hybrid_skeleton_forced_loop_no_sig,15,1012,0.9950835791543756,479.3117888029131,95.17523896222123,479.3117888029131,95.17523896222123,0
per_huruf_hybrid_skeleton_forced_loop_no_sig,15,1013,0.9960668633235006,479.2339553937187,95.13563950842057,479.2339553937187,95.13563950842057,0
per_huruf_hybrid_skeleton_forced_loop_no_sig,15,1014,0.9970501474926254,479.16249431042326,95.10104688211196,479.16249431042326,95.10104688211196,0
per_huruf_hybrid_skeleton_forced_loop_no_sig,15,1015,0.9980334316617503,479.0987710514338,95.06873008648157,479.0987710514338,95.06873008648157,0
per_huruf_hybrid_skeleton_forced_loop_no_sig,15,1016,0.9990167158308751,479.044151115157,95.03595812471552,479.044151115157,95.03595812471552,0
per_huruf_hybrid_skeleton_forced_loop_no_sig,15,1017,1.0,479.0,95.0,479.0,95.0,0
