label,huruf,point_index,t,bezier_xx_x,bezier_xx_y,xx_sc_x,xx_sc_y,is_sample_output_bezier_py
per_huruf_hybrid_skeleton_forced_loop_no_sig,8,0,0.0,231.0,69.0,231.0,69.0,0
per_huruf_hybrid_skeleton_forced_loop_no_sig,8,1,0.0004027386226339106,231.04415111515706,69.04688211197087,231.04415111515706,69.04688211197087,0
per_huruf_hybrid_skeleton_forced_loop_no_sig,8,2,0.0008054772452678212,231.0987710514338,69.10878470641785,231.0987710514338,69.10878470641785,0
per_huruf_hybrid_skeleton_forced_loop_no_sig,8,3,0.0012082158679017317,231.16249431042328,69.18297678652706,231.16249431042328,69.18297678652706,0
per_huruf_hybrid_skeleton_forced_loop_no_sig,8,4,0.0016109544905356424,231.23395539371867,69.26672735548475,231.23395539371867,69.26672735548475,0
per_huruf_hybrid_skeleton_forced_loop_no_sig,8,5,0.002013693113169553,231.3117888029131,69.35730541647702,231.3117888029131,69.35730541647702,0
per_huruf_hybrid_skeleton_forced_loop_no_sig,8,6,0.0024164317358034634,231.3946290395995,69.45197997269004,231.3946290395995,69.45197997269004,0
per_huruf_hybrid_skeleton_forced_loop_no_sig,8,7,0.002819170358437374,231.48111060537093,69.54802002730997,231.48111060537093,69.54802002730997,0
per_huruf_hybrid_skeleton_forced_loop_no_sig,8,8,0.003221908981071285,231.56986800182068,69.64269458352298,231.56986800182068,69.64269458352298,0
per_huruf_hybrid_skeleton_forced_loop_no_sig,8,9,0.0036246476037051956,231.65953573054162,69.73327264451524,231.65953573054162,69.73327264451524,0
per_huruf_hybrid_skeleton_forced_loop_no_sig,8,10,0.004027386226339106,231.74874829312697,69.81702321347291,231.74874829312697,69.81702321347291,0
per_huruf_hybrid_skeleton_forced_loop_no_sig,8,11,0.004430124848973017,231.83614019116976,69.89121529358216,231.83614019116976,69.89121529358216,0
per_huruf_hybrid_skeleton_forced_loop_no_sig,8,12,0.004832863471606927,231.92034592626308,69.95311788802913,231.92034592626308,69.95311788802913,0
per_huruf_hybrid_skeleton_forced_loop_no_sig,8,13,0.005235602094240838,232.0,70.0,232.0,70.0,0
per_huruf_hybrid_skeleton_forced_loop_no_sig,8,14,0.005638340716874748,232.07692307692312,70.03277196176606,232.07692307692312,70.03277196176606,0
per_huruf_hybrid_skeleton_forced_loop_no_sig,8,15,0.0060410793395086594,232.1538461538462,70.05507510241237,232.1538461538462,70.05507510241237,0
per_huruf_hybrid_skeleton_forced_loop_no_sig,8,16,0.00644381796214257,232.23076923076917,70.06827492034591,232.23076923076917,70.06827492034591,0
per_huruf_hybrid_skeleton_forced_loop_no_sig,8,17,0.00684655658477648,232.3076923076923,70.07373691397359,232.3076923076923,70.07373691397359,0
per_huruf_hybrid_skeleton_forced_loop_no_sig,8,18,0.007249295207410391,232.38461538461544,70.07282658170232,232.38461538461544,70.07282658170232,0
per_huruf_hybrid_skeleton_forced_loop_no_sig,8,19,0.0076520338300443014,232.46153846153848,70.06690942193902,232.46153846153848,70.06690942193902,0
per_huruf_hybrid_skeleton_forced_loop_no_sig,8,20,0.008054772452678213,232.53846153846152,70.05735093309059,232.53846153846152,70.05735093309059,0
per_huruf_hybrid_skeleton_forced_loop_no_sig,8,21,0.008457511075312122,232.61538461538464,70.04551661356395,232.61538461538464,70.04551661356395,0
per_huruf_hybrid_skeleton_forced_loop_no_sig,8,22,0.008860249697946033,232.69230769230768,70.03277196176604,232.69230769230768,70.03277196176604,0
per_huruf_hybrid_skeleton_forced_loop_no_sig,8,23,0.009262988320579944,232.76923076923075,70.02048247610378,232.76923076923075,70.02048247610378,0
per_huruf_hybrid_skeleton_forced_loop_no_sig,8,24,0.009665726943213854,232.84615384615384,70.01001365498408,232.84615384615384,70.01001365498408,0
per_huruf_hybrid_skeleton_forced_loop_no_sig,8,25,0.010068465565847765,232.9230769230769,70.00273099681384,232.9230769230769,70.00273099681384,0
per_huruf_hybrid_skeleton_forced_loop_no_sig,8,26,0.010471204188481676,233.0,70.0,233.0,70.0,0
per_huruf_hybrid_skeleton_forced_loop_no_sig,8,27,0.010873942811115587,233.0769230769231,70.00000000000001,233.0769230769231,70.00000000000001,0
per_huruf_hybrid_skeleton_forced_loop_no_sig,8,28,0.011276681433749497,233.15384615384622,70.0,233.15384615384622,70.0,0
per_huruf_hybrid_skeleton_forced_loop_no_sig,8,29,0.011679420056383408,233.23076923076923,69.99999999999999,233.23076923076923,69.99999999999999,0
per_huruf_hybrid_skeleton_forced_loop_no_sig,8,30,0.012082158679017319,233.3076923076923,69.99999999999999,233.3076923076923,69.99999999999999,0
per_huruf_hybrid_skeleton_forced_loop_no_sig,8,31,0.012484897301651228,233.38461538461542,70.0,233.38461538461542,70.0,0
per_huruf_hybrid_skeleton_forced_loop_no_sig,8,32,0.01288763592428514,233.4615384615385,70.00000000000001,233.4615384615385,70.00000000000001,0
per_huruf_hybrid_skeleton_forced_loop_no_sig,8,33,0.01329037454691905,233.53846153846152,70.0,233.53846153846152,70.0,0
per_huruf_hybrid_skeleton_forced_loop_no_sig,8,34,0.01369311316955296,233.61538461538458,70.0,233.61538461538458,70.0,0
per_huruf_hybrid_skeleton_forced_loop_no_sig,8,35,0.014095851792186871,233.69230769230768,70.0,233.69230769230768,70.0,0
per_huruf_hybrid_skeleton_forced_loop_no_sig,8,36,0.014498590414820782,233.76923076923072,70.0,233.76923076923072,70.0,0
per_huruf_hybrid_skeleton_forced_loop_no_sig,8,37,0.014901329037454692,233.84615384615384,70.0,233.84615384615384,70.0,0
per_huruf_hybrid_skeleton_forced_loop_no_sig,8,38,0.015304067660088603,233.92307692307693,70.0,233.92307692307693,70.0,0
per_huruf_hybrid_skeleton_forced_loop_no_sig,8,39,0.015706806282722512,234.0,70.0,234.0,70.0,0
per_huruf_hybrid_skeleton_forced_loop_no_sig,8,40,0.016109544905356425,234.07692307692312,69.99726900318618,234.07692307692312,69.99726900318618,1
per_huruf_hybrid_skeleton_forced_loop_no_sig,8,41,0.016512283527990335,234.1538461538462,69.98998634501594,234.1538461538462,69.98998634501594,0
per_huruf_hybrid_skeleton_forced_loop_no_sig,8,42,0.016915022150624244,234.2307692307692,69.9795175238962,234.2307692307692,69.9795175238962,0
per_huruf_hybrid_skeleton_forced_loop_no_sig,8,43,0.017317760773258157,234.30769230769232,69.96722803823394,234.30769230769232,69.96722803823394,0
per_huruf_hybrid_skeleton_forced_loop_no_sig,8,44,0.017720499395892066,234.38461538461542,69.95448338643605,234.38461538461542,69.95448338643605,0
per_huruf_hybrid_skeleton_forced_loop_no_sig,8,45,0.018123238018525976,234.46153846153845,69.94264906690942,234.46153846153845,69.94264906690942,0
per_huruf_hybrid_skeleton_forced_loop_no_sig,8,46,0.01852597664115989,234.53846153846155,69.93309057806098,234.53846153846155,69.93309057806098,0
per_huruf_hybrid_skeleton_forced_loop_no_sig,8,47,0.018928715263793798,234.61538461538464,69.92717341829768,234.61538461538464,69.92717341829768,0
per_huruf_hybrid_skeleton_forced_loop_no_sig,8,48,0.019331453886427707,234.69230769230768,69.9262630860264,234.69230769230768,69.9262630860264,0
per_huruf_hybrid_skeleton_forced_loop_no_sig,8,49,0.01973419250906162,234.76923076923075,69.93172507965406,234.76923076923075,69.93172507965406,0
per_huruf_hybrid_skeleton_forced_loop_no_sig,8,50,0.02013693113169553,234.84615384615384,69.94492489758763,234.84615384615384,69.94492489758763,0
per_huruf_hybrid_skeleton_forced_loop_no_sig,8,51,0.020539669754329443,234.9230769230769,69.96722803823396,234.9230769230769,69.96722803823396,0
per_huruf_hybrid_skeleton_forced_loop_no_sig,8,52,0.020942408376963352,235.0,70.0,235.0,70.0,0
per_huruf_hybrid_skeleton_forced_loop_no_sig,8,53,0.02134514699959726,235.0769230769231,70.04688211197089,235.0769230769231,70.04688211197089,0
per_huruf_hybrid_skeleton_forced_loop_no_sig,8,54,0.021747885622231174,235.15384615384616,70.10878470641785,235.15384615384616,70.10878470641785,0
per_huruf_hybrid_skeleton_forced_loop_no_sig,8,55,0.022150624244865084,235.2307692307692,70.18297678652706,235.2307692307692,70.18297678652706,0
per_huruf_hybrid_skeleton_forced_loop_no_sig,8,56,0.022553362867498993,235.30769230769232,70.26672735548475,235.30769230769232,70.26672735548475,0
per_huruf_hybrid_skeleton_forced_loop_no_sig,8,57,0.022956101490132906,235.3846153846154,70.357305416477,235.3846153846154,70.357305416477,0
per_huruf_hybrid_skeleton_forced_loop_no_sig,8,58,0.023358840112766815,235.46153846153845,70.45197997269003,235.46153846153845,70.45197997269003,0
per_huruf_hybrid_skeleton_forced_loop_no_sig,8,59,0.023761578735400725,235.53846153846155,70.54802002730997,235.53846153846155,70.54802002730997,0
per_huruf_hybrid_skeleton_forced_loop_no_sig,8,60,0.024164317358034638,235.61538461538458,70.64269458352298,235.61538461538458,70.64269458352298,0
per_huruf_hybrid_skeleton_forced_loop_no_sig,8,61,0.024567055980668547,235.69230769230768,70.73327264451524,235.69230769230768,70.73327264451524,1
per_huruf_hybrid_skeleton_forced_loop_no_sig,8,62,0.024969794603302457,235.76923076923075,70.81702321347291,235.76923076923075,70.81702321347291,0
per_huruf_hybrid_skeleton_forced_loop_no_sig,8,63,0.02537253322593637,235.84615384615384,70.89121529358216,235.84615384615384,70.89121529358216,0
per_huruf_hybrid_skeleton_forced_loop_no_sig,8,64,0.02577527184857028,235.9230769230769,70.95311788802913,235.9230769230769,70.95311788802913,0
per_huruf_hybrid_skeleton_forced_loop_no_sig,8,65,0.02617801047120419,236.0,71.0,236.0,71.0,0
per_huruf_hybrid_skeleton_forced_loop_no_sig,8,66,0.0265807490938381,236.07692307692312,71.03277196176606,236.07692307692312,71.03277196176606,0
per_huruf_hybrid_skeleton_forced_loop_no_sig,8,67,0.02698348771647201,236.15384615384616,71.05507510241239,236.15384615384616,71.05507510241239,0
per_huruf_hybrid_skeleton_forced_loop_no_sig,8,68,0.02738622633910592,236.2307692307692,71.06827492034591,236.2307692307692,71.06827492034591,0
per_huruf_hybrid_skeleton_forced_loop_no_sig,8,69,0.027788964961739833,236.3076923076923,71.07373691397359,236.3076923076923,71.07373691397359,0
per_huruf_hybrid_skeleton_forced_loop_no_sig,8,70,0.028191703584373742,236.3846153846154,71.07282658170233,236.3846153846154,71.07282658170233,0
per_huruf_hybrid_skeleton_forced_loop_no_sig,8,71,0.028594442207007652,236.46153846153848,71.06690942193902,236.46153846153848,71.06690942193902,0
per_huruf_hybrid_skeleton_forced_loop_no_sig,8,72,0.028997180829641565,236.53846153846155,71.05735093309058,236.53846153846155,71.05735093309058,0
per_huruf_hybrid_skeleton_forced_loop_no_sig,8,73,0.029399919452275474,236.61538461538464,71.04551661356396,236.61538461538464,71.04551661356396,0
per_huruf_hybrid_skeleton_forced_loop_no_sig,8,74,0.029802658074909383,236.69230769230768,71.03277196176604,236.69230769230768,71.03277196176604,0
per_huruf_hybrid_skeleton_forced_loop_no_sig,8,75,0.030205396697543296,236.76923076923077,71.02048247610378,236.76923076923077,71.02048247610378,0
per_huruf_hybrid_skeleton_forced_loop_no_sig,8,76,0.030608135320177206,236.84615384615384,71.01001365498408,236.84615384615384,71.01001365498408,0
per_huruf_hybrid_skeleton_forced_loop_no_sig,8,77,0.031010873942811115,236.9230769230769,71.00273099681384,236.9230769230769,71.00273099681384,0
per_huruf_hybrid_skeleton_forced_loop_no_sig,8,78,0.031413612565445025,237.0,71.0,237.0,71.0,0
per_huruf_hybrid_skeleton_forced_loop_no_sig,8,79,0.03181635118807894,237.0769230769231,71.00000000000001,237.0769230769231,71.00000000000001,0
per_huruf_hybrid_skeleton_forced_loop_no_sig,8,80,0.03221908981071285,237.15384615384616,71.0,237.15384615384616,71.0,0
per_huruf_hybrid_skeleton_forced_loop_no_sig,8,81,0.03262182843334676,237.2307692307692,70.99999999999999,237.2307692307692,70.99999999999999,1
per_huruf_hybrid_skeleton_forced_loop_no_sig,8,82,0.03302456705598067,237.3076923076923,71.0,237.3076923076923,71.0,0
per_huruf_hybrid_skeleton_forced_loop_no_sig,8,83,0.03342730567861458,237.3846153846154,71.0,237.3846153846154,71.0,0
per_huruf_hybrid_skeleton_forced_loop_no_sig,8,84,0.03383004430124849,237.46153846153845,71.0,237.46153846153845,71.0,0
per_huruf_hybrid_skeleton_forced_loop_no_sig,8,85,0.034232782923882404,237.53846153846155,71.0,237.53846153846155,71.0,0
per_huruf_hybrid_skeleton_forced_loop_no_sig,8,86,0.034635521546516314,237.61538461538458,71.0,237.61538461538458,71.0,0
per_huruf_hybrid_skeleton_forced_loop_no_sig,8,87,0.03503826016915022,237.69230769230768,71.0,237.69230769230768,71.0,0
per_huruf_hybrid_skeleton_forced_loop_no_sig,8,88,0.03544099879178413,237.76923076923077,71.0,237.76923076923077,71.0,0
per_huruf_hybrid_skeleton_forced_loop_no_sig,8,89,0.03584373741441804,237.84615384615384,71.0,237.84615384615384,71.0,0
per_huruf_hybrid_skeleton_forced_loop_no_sig,8,90,0.03624647603705195,237.92307692307693,71.0,237.92307692307693,71.0,0
per_huruf_hybrid_skeleton_forced_loop_no_sig,8,91,0.03664921465968587,238.0,71.0,238.0,71.0,1
per_huruf_hybrid_skeleton_forced_loop_no_sig,8,92,0.03705195328231978,238.07692307692312,71.00000000000001,238.07692307692312,71.00000000000001,0
per_huruf_hybrid_skeleton_forced_loop_no_sig,8,93,0.03745469190495369,238.15384615384616,71.0,238.15384615384616,71.0,0
per_huruf_hybrid_skeleton_forced_loop_no_sig,8,94,0.037857430527587596,238.2307692307692,70.99999999999999,238.2307692307692,70.99999999999999,0
per_huruf_hybrid_skeleton_forced_loop_no_sig,8,95,0.038260169150221505,238.30769230769226,71.0,238.30769230769226,71.0,0
per_huruf_hybrid_skeleton_forced_loop_no_sig,8,96,0.038662907772855415,238.3846153846154,71.0,238.3846153846154,71.0,0
per_huruf_hybrid_skeleton_forced_loop_no_sig,8,97,0.03906564639548933,238.46153846153848,71.0,238.46153846153848,71.0,0
per_huruf_hybrid_skeleton_forced_loop_no_sig,8,98,0.03946838501812324,238.53846153846155,71.0,238.53846153846155,71.0,0
per_huruf_hybrid_skeleton_forced_loop_no_sig,8,99,0.03987112364075715,238.61538461538464,71.0,238.61538461538464,71.0,0
per_huruf_hybrid_skeleton_forced_loop_no_sig,8,100,0.04027386226339106,238.69230769230768,71.0,238.69230769230768,71.0,0
per_huruf_hybrid_skeleton_forced_loop_no_sig,8,101,0.04067660088602497,238.76923076923075,71.0,238.76923076923075,71.0,0
per_huruf_hybrid_skeleton_forced_loop_no_sig,8,102,0.041079339508658885,238.84615384615384,71.0,238.84615384615384,71.0,0
per_huruf_hybrid_skeleton_forced_loop_no_sig,8,103,0.041482078131292795,238.9230769230769,71.0,238.9230769230769,71.0,0
per_huruf_hybrid_skeleton_forced_loop_no_sig,8,104,0.041884816753926704,239.0,71.0,239.0,71.0,0
per_huruf_hybrid_skeleton_forced_loop_no_sig,8,105,0.042287555376560614,239.0769230769231,71.00000000000001,239.0769230769231,71.00000000000001,0
per_huruf_hybrid_skeleton_forced_loop_no_sig,8,106,0.04269029399919452,239.15384615384613,71.0,239.15384615384613,71.0,0
per_huruf_hybrid_skeleton_forced_loop_no_sig,8,107,0.04309303262182843,239.23076923076917,70.99999999999999,239.23076923076917,70.99999999999999,0
per_huruf_hybrid_skeleton_forced_loop_no_sig,8,108,0.04349577124446235,239.3076923076923,71.0,239.3076923076923,71.0,0
per_huruf_hybrid_skeleton_forced_loop_no_sig,8,109,0.04389850986709626,239.3846153846154,71.0,239.3846153846154,71.0,0
per_huruf_hybrid_skeleton_forced_loop_no_sig,8,110,0.04430124848973017,239.46153846153845,71.0,239.46153846153845,71.0,0
per_huruf_hybrid_skeleton_forced_loop_no_sig,8,111,0.04470398711236408,239.53846153846155,71.0,239.53846153846155,71.0,0
per_huruf_hybrid_skeleton_forced_loop_no_sig,8,112,0.045106725734997986,239.6153846153846,71.0,239.6153846153846,71.0,0
per_huruf_hybrid_skeleton_forced_loop_no_sig,8,113,0.045509464357631896,239.6923076923077,71.0,239.6923076923077,71.0,0
per_huruf_hybrid_skeleton_forced_loop_no_sig,8,114,0.04591220298026581,239.76923076923075,71.0,239.76923076923075,71.0,0
per_huruf_hybrid_skeleton_forced_loop_no_sig,8,115,0.04631494160289972,239.84615384615384,71.0,239.84615384615384,71.0,0
per_huruf_hybrid_skeleton_forced_loop_no_sig,8,116,0.04671768022553363,239.9230769230769,71.0,239.9230769230769,71.0,0
per_huruf_hybrid_skeleton_forced_loop_no_sig,8,117,0.04712041884816754,240.0,71.0,240.0,71.0,0
per_huruf_hybrid_skeleton_forced_loop_no_sig,8,118,0.04752315747080145,240.07692307692312,71.00000000000001,240.07692307692312,71.00000000000001,0
per_huruf_hybrid_skeleton_forced_loop_no_sig,8,119,0.04792589609343536,240.15384615384616,71.0,240.15384615384616,71.0,0
per_huruf_hybrid_skeleton_forced_loop_no_sig,8,120,0.048328634716069276,240.2307692307692,70.99999999999999,240.2307692307692,70.99999999999999,0
per_huruf_hybrid_skeleton_forced_loop_no_sig,8,121,0.048731373338703185,240.30769230769226,71.0,240.30769230769226,71.0,0
per_huruf_hybrid_skeleton_forced_loop_no_sig,8,122,0.049134111961337094,240.3846153846154,71.0,240.3846153846154,71.0,1
per_huruf_hybrid_skeleton_forced_loop_no_sig,8,123,0.049536850583971004,240.46153846153848,71.0,240.46153846153848,71.0,0
per_huruf_hybrid_skeleton_forced_loop_no_sig,8,124,0.04993958920660491,240.53846153846155,71.0,240.53846153846155,71.0,0
per_huruf_hybrid_skeleton_forced_loop_no_sig,8,125,0.05034232782923882,240.61538461538464,71.0,240.61538461538464,71.0,0
per_huruf_hybrid_skeleton_forced_loop_no_sig,8,126,0.05074506645187274,240.69230769230768,71.0,240.69230769230768,71.0,0
per_huruf_hybrid_skeleton_forced_loop_no_sig,8,127,0.05114780507450665,240.76923076923077,71.0,240.76923076923077,71.0,0
per_huruf_hybrid_skeleton_forced_loop_no_sig,8,128,0.05155054369714056,240.84615384615387,71.0,240.84615384615387,71.0,0
per_huruf_hybrid_skeleton_forced_loop_no_sig,8,129,0.05195328231977447,240.9230769230769,71.0,240.9230769230769,71.0,0
per_huruf_hybrid_skeleton_forced_loop_no_sig,8,130,0.05235602094240838,241.0,71.0,241.0,71.0,0
per_huruf_hybrid_skeleton_forced_loop_no_sig,8,131,0.05275875956504229,241.0769230769231,71.00000000000001,241.0769230769231,71.00000000000001,0
per_huruf_hybrid_skeleton_forced_loop_no_sig,8,132,0.0531614981876762,241.1538461538462,71.0,241.1538461538462,71.0,0
per_huruf_hybrid_skeleton_forced_loop_no_sig,8,133,0.05356423681031011,241.2307692307692,70.99999999999999,241.2307692307692,70.99999999999999,0
per_huruf_hybrid_skeleton_forced_loop_no_sig,8,134,0.05396697543294402,241.3076923076923,71.0,241.3076923076923,71.0,0
per_huruf_hybrid_skeleton_forced_loop_no_sig,8,135,0.05436971405557793,241.3846153846154,71.0,241.3846153846154,71.0,0
per_huruf_hybrid_skeleton_forced_loop_no_sig,8,136,0.05477245267821184,241.46153846153848,71.0,241.46153846153848,71.0,0
per_huruf_hybrid_skeleton_forced_loop_no_sig,8,137,0.055175191300845756,241.53846153846155,71.0,241.53846153846155,71.0,0
per_huruf_hybrid_skeleton_forced_loop_no_sig,8,138,0.055577929923479666,241.6153846153846,71.0,241.6153846153846,71.0,0
per_huruf_hybrid_skeleton_forced_loop_no_sig,8,139,0.055980668546113575,241.69230769230768,71.0,241.69230769230768,71.0,0
per_huruf_hybrid_skeleton_forced_loop_no_sig,8,140,0.056383407168747485,241.76923076923072,71.0,241.76923076923072,71.0,0
per_huruf_hybrid_skeleton_forced_loop_no_sig,8,141,0.056786145791381394,241.84615384615384,71.0,241.84615384615384,71.0,0
per_huruf_hybrid_skeleton_forced_loop_no_sig,8,142,0.057188884414015304,241.92307692307693,71.0,241.92307692307693,71.0,0
per_huruf_hybrid_skeleton_forced_loop_no_sig,8,143,0.05759162303664922,242.0,71.0,242.0,71.0,0
per_huruf_hybrid_skeleton_forced_loop_no_sig,8,144,0.05799436165928313,242.07692307692312,71.00000000000001,242.07692307692312,71.00000000000001,0
per_huruf_hybrid_skeleton_forced_loop_no_sig,8,145,0.05839710028191704,242.15384615384613,71.0,242.15384615384613,71.0,0
per_huruf_hybrid_skeleton_forced_loop_no_sig,8,146,0.05879983890455095,242.2307692307692,70.99999999999999,242.2307692307692,70.99999999999999,0
per_huruf_hybrid_skeleton_forced_loop_no_sig,8,147,0.05920257752718486,242.3076923076923,71.0,242.3076923076923,71.0,0
per_huruf_hybrid_skeleton_forced_loop_no_sig,8,148,0.05960531614981877,242.38461538461542,71.0,242.38461538461542,71.0,0
per_huruf_hybrid_skeleton_forced_loop_no_sig,8,149,0.06000805477245268,242.4615384615385,71.0,242.4615384615385,71.0,0
per_huruf_hybrid_skeleton_forced_loop_no_sig,8,150,0.06041079339508659,242.53846153846155,71.0,242.53846153846155,71.0,0
per_huruf_hybrid_skeleton_forced_loop_no_sig,8,151,0.0608135320177205,242.61538461538464,71.0,242.61538461538464,71.0,0
per_huruf_hybrid_skeleton_forced_loop_no_sig,8,152,0.06121627064035441,242.69230769230768,71.0,242.69230769230768,71.0,0
per_huruf_hybrid_skeleton_forced_loop_no_sig,8,153,0.06161900926298832,242.76923076923075,71.0,242.76923076923075,71.0,0
per_huruf_hybrid_skeleton_forced_loop_no_sig,8,154,0.06202174788562223,242.84615384615384,71.0,242.84615384615384,71.0,0
per_huruf_hybrid_skeleton_forced_loop_no_sig,8,155,0.06242448650825615,242.9230769230769,71.0,242.9230769230769,71.0,0
per_huruf_hybrid_skeleton_forced_loop_no_sig,8,156,0.06282722513089005,243.0,71.0,243.0,71.0,0
per_huruf_hybrid_skeleton_forced_loop_no_sig,8,157,0.06322996375352397,243.07692307692312,71.00000000000001,243.07692307692312,71.00000000000001,0
per_huruf_hybrid_skeleton_forced_loop_no_sig,8,158,0.06363270237615788,243.15384615384616,71.0,243.15384615384616,71.0,0
per_huruf_hybrid_skeleton_forced_loop_no_sig,8,159,0.06403544099879178,243.2307692307692,70.99999999999999,243.2307692307692,70.99999999999999,0
per_huruf_hybrid_skeleton_forced_loop_no_sig,8,160,0.0644381796214257,243.3076923076923,71.0,243.3076923076923,71.0,0
per_huruf_hybrid_skeleton_forced_loop_no_sig,8,161,0.0648409182440596,243.3846153846154,71.0,243.3846153846154,71.0,0
per_huruf_hybrid_skeleton_forced_loop_no_sig,8,162,0.06524365686669352,243.46153846153848,71.0,243.46153846153848,71.0,0
per_huruf_hybrid_skeleton_forced_loop_no_sig,8,163,0.06564639548932744,243.53846153846155,71.0,243.53846153846155,71.0,0
per_huruf_hybrid_skeleton_forced_loop_no_sig,8,164,0.06604913411196134,243.6153846153846,71.0,243.6153846153846,71.0,0
per_huruf_hybrid_skeleton_forced_loop_no_sig,8,165,0.06645187273459525,243.69230769230768,71.0,243.69230769230768,71.0,0
per_huruf_hybrid_skeleton_forced_loop_no_sig,8,166,0.06685461135722916,243.76923076923075,71.0,243.76923076923075,71.0,0
per_huruf_hybrid_skeleton_forced_loop_no_sig,8,167,0.06725734997986307,243.84615384615387,71.0,243.84615384615387,71.0,0
per_huruf_hybrid_skeleton_forced_loop_no_sig,8,168,0.06766008860249698,243.9230769230769,71.0,243.9230769230769,71.0,0
per_huruf_hybrid_skeleton_forced_loop_no_sig,8,169,0.06806282722513089,244.0,71.0,244.0,71.0,0
per_huruf_hybrid_skeleton_forced_loop_no_sig,8,170,0.06846556584776481,244.07692307692312,71.00000000000001,244.07692307692312,71.00000000000001,0
per_huruf_hybrid_skeleton_forced_loop_no_sig,8,171,0.06886830447039871,244.15384615384616,71.0,244.15384615384616,71.0,0
per_huruf_hybrid_skeleton_forced_loop_no_sig,8,172,0.06927104309303263,244.23076923076917,70.99999999999999,244.23076923076917,70.99999999999999,0
per_huruf_hybrid_skeleton_forced_loop_no_sig,8,173,0.06967378171566653,244.30769230769226,71.0,244.30769230769226,71.0,0
per_huruf_hybrid_skeleton_forced_loop_no_sig,8,174,0.07007652033830045,244.3846153846154,71.0,244.3846153846154,71.0,0
per_huruf_hybrid_skeleton_forced_loop_no_sig,8,175,0.07047925896093436,244.46153846153848,71.0,244.46153846153848,71.0,0
per_huruf_hybrid_skeleton_forced_loop_no_sig,8,176,0.07088199758356827,244.53846153846152,71.0,244.53846153846152,71.0,0
per_huruf_hybrid_skeleton_forced_loop_no_sig,8,177,0.07128473620620218,244.61538461538464,71.0,244.61538461538464,71.0,0
per_huruf_hybrid_skeleton_forced_loop_no_sig,8,178,0.07168747482883608,244.69230769230768,71.0,244.69230769230768,71.0,0
per_huruf_hybrid_skeleton_forced_loop_no_sig,8,179,0.07209021345147,244.76923076923072,71.0,244.76923076923072,71.0,0
per_huruf_hybrid_skeleton_forced_loop_no_sig,8,180,0.0724929520741039,244.84615384615384,71.0,244.84615384615384,71.0,1
per_huruf_hybrid_skeleton_forced_loop_no_sig,8,181,0.07289569069673782,244.9230769230769,71.0,244.9230769230769,71.0,0
per_huruf_hybrid_skeleton_forced_loop_no_sig,8,182,0.07329842931937174,245.0,71.0,245.0,71.0,0
per_huruf_hybrid_skeleton_forced_loop_no_sig,8,183,0.07370116794200564,245.07692307692312,71.00000000000001,245.07692307692312,71.00000000000001,0
per_huruf_hybrid_skeleton_forced_loop_no_sig,8,184,0.07410390656463955,245.15384615384613,71.0,245.15384615384613,71.0,0
per_huruf_hybrid_skeleton_forced_loop_no_sig,8,185,0.07450664518727346,245.2307692307692,70.99999999999999,245.2307692307692,70.99999999999999,0
per_huruf_hybrid_skeleton_forced_loop_no_sig,8,186,0.07490938380990737,245.30769230769226,71.0,245.30769230769226,71.0,0
per_huruf_hybrid_skeleton_forced_loop_no_sig,8,187,0.07531212243254129,245.3846153846154,71.0,245.3846153846154,71.0,0
per_huruf_hybrid_skeleton_forced_loop_no_sig,8,188,0.07571486105517519,245.46153846153848,71.0,245.46153846153848,71.0,0
per_huruf_hybrid_skeleton_forced_loop_no_sig,8,189,0.07611759967780911,245.53846153846155,71.0,245.53846153846155,71.0,0
per_huruf_hybrid_skeleton_forced_loop_no_sig,8,190,0.07652033830044301,245.6153846153846,71.0,245.6153846153846,71.0,0
per_huruf_hybrid_skeleton_forced_loop_no_sig,8,191,0.07692307692307693,245.69230769230768,71.0,245.69230769230768,71.0,0
per_huruf_hybrid_skeleton_forced_loop_no_sig,8,192,0.07732581554571083,245.76923076923077,71.0,245.76923076923077,71.0,0
per_huruf_hybrid_skeleton_forced_loop_no_sig,8,193,0.07772855416834475,245.84615384615384,71.0,245.84615384615384,71.0,0
per_huruf_hybrid_skeleton_forced_loop_no_sig,8,194,0.07813129279097866,245.92307692307693,71.0,245.92307692307693,71.0,0
per_huruf_hybrid_skeleton_forced_loop_no_sig,8,195,0.07853403141361257,246.0,71.0,246.0,71.0,0
per_huruf_hybrid_skeleton_forced_loop_no_sig,8,196,0.07893677003624648,246.07692307692312,71.00000000000001,246.07692307692312,71.00000000000001,0
per_huruf_hybrid_skeleton_forced_loop_no_sig,8,197,0.07933950865888038,246.15384615384616,71.0,246.15384615384616,71.0,0
per_huruf_hybrid_skeleton_forced_loop_no_sig,8,198,0.0797422472815143,246.2307692307692,70.99999999999999,246.2307692307692,70.99999999999999,0
per_huruf_hybrid_skeleton_forced_loop_no_sig,8,199,0.08014498590414822,246.3076923076923,71.0,246.3076923076923,71.0,0
per_huruf_hybrid_skeleton_forced_loop_no_sig,8,200,0.08054772452678212,246.38461538461542,71.0,246.38461538461542,71.0,0
per_huruf_hybrid_skeleton_forced_loop_no_sig,8,201,0.08095046314941604,246.46153846153848,71.0,246.46153846153848,71.0,0
per_huruf_hybrid_skeleton_forced_loop_no_sig,8,202,0.08135320177204994,246.53846153846152,71.0,246.53846153846152,71.0,0
per_huruf_hybrid_skeleton_forced_loop_no_sig,8,203,0.08175594039468385,246.61538461538464,71.0,246.61538461538464,71.0,0
per_huruf_hybrid_skeleton_forced_loop_no_sig,8,204,0.08215867901731777,246.69230769230768,71.0,246.69230769230768,71.0,0
per_huruf_hybrid_skeleton_forced_loop_no_sig,8,205,0.08256141763995167,246.76923076923075,71.0,246.76923076923075,71.0,0
per_huruf_hybrid_skeleton_forced_loop_no_sig,8,206,0.08296415626258559,246.84615384615387,71.0,246.84615384615387,71.0,0
per_huruf_hybrid_skeleton_forced_loop_no_sig,8,207,0.08336689488521949,246.9230769230769,71.0,246.9230769230769,71.0,0
per_huruf_hybrid_skeleton_forced_loop_no_sig,8,208,0.08376963350785341,247.0,71.0,247.0,71.0,0
per_huruf_hybrid_skeleton_forced_loop_no_sig,8,209,0.08417237213048731,247.07692307692312,71.00000000000001,247.07692307692312,71.00000000000001,0
per_huruf_hybrid_skeleton_forced_loop_no_sig,8,210,0.08457511075312123,247.15384615384616,71.0,247.15384615384616,71.0,0
per_huruf_hybrid_skeleton_forced_loop_no_sig,8,211,0.08497784937575514,247.23076923076923,70.99999999999999,247.23076923076923,70.99999999999999,0
per_huruf_hybrid_skeleton_forced_loop_no_sig,8,212,0.08538058799838905,247.3076923076923,71.0,247.3076923076923,71.0,0
per_huruf_hybrid_skeleton_forced_loop_no_sig,8,213,0.08578332662102296,247.38461538461542,71.0,247.38461538461542,71.0,0
per_huruf_hybrid_skeleton_forced_loop_no_sig,8,214,0.08618606524365686,247.4615384615385,71.0,247.4615384615385,71.0,0
per_huruf_hybrid_skeleton_forced_loop_no_sig,8,215,0.08658880386629078,247.53846153846155,71.0,247.53846153846155,71.0,0
per_huruf_hybrid_skeleton_forced_loop_no_sig,8,216,0.0869915424889247,247.6153846153846,71.0,247.6153846153846,71.0,0
per_huruf_hybrid_skeleton_forced_loop_no_sig,8,217,0.0873942811115586,247.69230769230768,71.0,247.69230769230768,71.0,0
per_huruf_hybrid_skeleton_forced_loop_no_sig,8,218,0.08779701973419252,247.76923076923075,71.0,247.76923076923075,71.0,0
per_huruf_hybrid_skeleton_forced_loop_no_sig,8,219,0.08819975835682642,247.84615384615384,71.0,247.84615384615384,71.0,0
per_huruf_hybrid_skeleton_forced_loop_no_sig,8,220,0.08860249697946034,247.9230769230769,71.0,247.9230769230769,71.0,0
per_huruf_hybrid_skeleton_forced_loop_no_sig,8,221,0.08900523560209424,248.0,71.0,248.0,71.0,0
per_huruf_hybrid_skeleton_forced_loop_no_sig,8,222,0.08940797422472815,248.0769230769231,71.00000000000001,248.0769230769231,71.00000000000001,0
per_huruf_hybrid_skeleton_forced_loop_no_sig,8,223,0.08981071284736207,248.15384615384616,71.0,248.15384615384616,71.0,0
per_huruf_hybrid_skeleton_forced_loop_no_sig,8,224,0.09021345146999597,248.2307692307692,70.99999999999999,248.2307692307692,70.99999999999999,0
per_huruf_hybrid_skeleton_forced_loop_no_sig,8,225,0.09061619009262989,248.3076923076923,71.0,248.3076923076923,71.0,0
per_huruf_hybrid_skeleton_forced_loop_no_sig,8,226,0.09101892871526379,248.38461538461542,71.0,248.38461538461542,71.0,0
per_huruf_hybrid_skeleton_forced_loop_no_sig,8,227,0.09142166733789771,248.46153846153848,71.0,248.46153846153848,71.0,0
per_huruf_hybrid_skeleton_forced_loop_no_sig,8,228,0.09182440596053162,248.53846153846155,71.0,248.53846153846155,71.0,0
per_huruf_hybrid_skeleton_forced_loop_no_sig,8,229,0.09222714458316553,248.61538461538464,71.0,248.61538461538464,71.0,0
per_huruf_hybrid_skeleton_forced_loop_no_sig,8,230,0.09262988320579944,248.69230769230768,71.0,248.69230769230768,71.0,0
per_huruf_hybrid_skeleton_forced_loop_no_sig,8,231,0.09303262182843335,248.76923076923072,71.0,248.76923076923072,71.0,0
per_huruf_hybrid_skeleton_forced_loop_no_sig,8,232,0.09343536045106726,248.84615384615384,71.0,248.84615384615384,71.0,0
per_huruf_hybrid_skeleton_forced_loop_no_sig,8,233,0.09383809907370118,248.9230769230769,71.0,248.9230769230769,71.0,0
per_huruf_hybrid_skeleton_forced_loop_no_sig,8,234,0.09424083769633508,249.0,71.0,249.0,71.0,0
per_huruf_hybrid_skeleton_forced_loop_no_sig,8,235,0.094643576318969,249.07692307692312,71.00000000000001,249.07692307692312,71.00000000000001,0
per_huruf_hybrid_skeleton_forced_loop_no_sig,8,236,0.0950463149416029,249.15384615384616,71.0,249.15384615384616,71.0,0
per_huruf_hybrid_skeleton_forced_loop_no_sig,8,237,0.09544905356423682,249.2307692307692,70.99999999999999,249.2307692307692,70.99999999999999,0
per_huruf_hybrid_skeleton_forced_loop_no_sig,8,238,0.09585179218687072,249.3076923076923,71.0,249.3076923076923,71.0,0
per_huruf_hybrid_skeleton_forced_loop_no_sig,8,239,0.09625453080950463,249.38461538461542,71.0,249.38461538461542,71.0,0
per_huruf_hybrid_skeleton_forced_loop_no_sig,8,240,0.09665726943213855,249.46153846153848,71.0,249.46153846153848,71.0,0
per_huruf_hybrid_skeleton_forced_loop_no_sig,8,241,0.09706000805477245,249.53846153846152,71.0,249.53846153846152,71.0,0
per_huruf_hybrid_skeleton_forced_loop_no_sig,8,242,0.09746274667740637,249.6153846153846,71.0,249.6153846153846,71.0,0
per_huruf_hybrid_skeleton_forced_loop_no_sig,8,243,0.09786548530004027,249.69230769230768,71.0,249.69230769230768,71.0,0
per_huruf_hybrid_skeleton_forced_loop_no_sig,8,244,0.09826822392267419,249.76923076923072,71.0,249.76923076923072,71.0,0
per_huruf_hybrid_skeleton_forced_loop_no_sig,8,245,0.0986709625453081,249.84615384615387,71.0,249.84615384615387,71.0,0
per_huruf_hybrid_skeleton_forced_loop_no_sig,8,246,0.09907370116794201,249.9230769230769,71.0,249.9230769230769,71.0,0
per_huruf_hybrid_skeleton_forced_loop_no_sig,8,247,0.09947643979057592,250.0,71.0,250.0,71.0,0
per_huruf_hybrid_skeleton_forced_loop_no_sig,8,248,0.09987917841320983,250.07692307692312,71.00000000000001,250.07692307692312,71.00000000000001,0
per_huruf_hybrid_skeleton_forced_loop_no_sig,8,249,0.10028191703584374,250.1538461538462,71.0,250.1538461538462,71.0,0
per_huruf_hybrid_skeleton_forced_loop_no_sig,8,250,0.10068465565847765,250.2307692307692,70.99999999999999,250.2307692307692,70.99999999999999,0
per_huruf_hybrid_skeleton_forced_loop_no_sig,8,251,0.10108739428111156,250.3076923076923,71.0,250.3076923076923,71.0,0
per_huruf_hybrid_skeleton_forced_loop_no_sig,8,252,0.10149013290374548,250.38461538461544,71.0,250.38461538461544,71.0,0
per_huruf_hybrid_skeleton_forced_loop_no_sig,8,253,0.10189287152637938,250.4615384615385,71.0,250.4615384615385,71.0,0
per_huruf_hybrid_skeleton_forced_loop_no_sig,8,254,0.1022956101490133,250.53846153846152,71.0,250.53846153846152,71.0,0
per_huruf_hybrid_skeleton_forced_loop_no_sig,8,255,0.1026983487716472,250.61538461538464,71.0,250.61538461538464,71.0,0
per_huruf_hybrid_skeleton_forced_loop_no_sig,8,256,0.10310108739428112,250.69230769230768,71.0,250.69230769230768,71.0,0
per_huruf_hybrid_skeleton_forced_loop_no_sig,8,257,0.10350382601691503,250.76923076923075,71.0,250.76923076923075,71.0,0
per_huruf_hybrid_skeleton_forced_loop_no_sig,8,258,0.10390656463954893,250.84615384615384,71.0,250.84615384615384,71.0,0
per_huruf_hybrid_skeleton_forced_loop_no_sig,8,259,0.10430930326218285,250.9230769230769,71.0,250.9230769230769,71.0,0
per_huruf_hybrid_skeleton_forced_loop_no_sig,8,260,0.10471204188481675,251.0,71.0,251.0,71.0,0
per_huruf_hybrid_skeleton_forced_loop_no_sig,8,261,0.10511478050745067,251.0769230769231,71.00000000000001,251.0769230769231,71.00000000000001,0
per_huruf_hybrid_skeleton_forced_loop_no_sig,8,262,0.10551751913008459,251.1538461538462,71.0,251.1538461538462,71.0,0
per_huruf_hybrid_skeleton_forced_loop_no_sig,8,263,0.10592025775271849,251.2307692307692,70.99999999999999,251.2307692307692,70.99999999999999,0
per_huruf_hybrid_skeleton_forced_loop_no_sig,8,264,0.1063229963753524,251.3076923076923,71.0,251.3076923076923,71.0,0
per_huruf_hybrid_skeleton_forced_loop_no_sig,8,265,0.10672573499798631,251.38461538461542,71.0,251.38461538461542,71.0,0
per_huruf_hybrid_skeleton_forced_loop_no_sig,8,266,0.10712847362062022,251.46153846153848,71.0,251.46153846153848,71.0,0
per_huruf_hybrid_skeleton_forced_loop_no_sig,8,267,0.10753121224325413,251.53846153846155,71.0,251.53846153846155,71.0,0
per_huruf_hybrid_skeleton_forced_loop_no_sig,8,268,0.10793395086588804,251.6153846153846,71.0,251.6153846153846,71.0,0
per_huruf_hybrid_skeleton_forced_loop_no_sig,8,269,0.10833668948852196,251.69230769230768,71.0,251.69230769230768,71.0,0
per_huruf_hybrid_skeleton_forced_loop_no_sig,8,270,0.10873942811115586,251.76923076923075,71.0,251.76923076923075,71.0,0
per_huruf_hybrid_skeleton_forced_loop_no_sig,8,271,0.10914216673378978,251.84615384615384,71.0,251.84615384615384,71.0,0
per_huruf_hybrid_skeleton_forced_loop_no_sig,8,272,0.10954490535642368,251.9230769230769,71.0,251.9230769230769,71.0,0
per_huruf_hybrid_skeleton_forced_loop_no_sig,8,273,0.1099476439790576,252.0,71.0,252.0,71.0,0
per_huruf_hybrid_skeleton_forced_loop_no_sig,8,274,0.11035038260169151,252.0769230769231,71.00000000000001,252.0769230769231,71.00000000000001,0
per_huruf_hybrid_skeleton_forced_loop_no_sig,8,275,0.11075312122432542,252.15384615384616,71.0,252.15384615384616,71.0,0
per_huruf_hybrid_skeleton_forced_loop_no_sig,8,276,0.11115585984695933,252.2307692307692,70.99999999999999,252.2307692307692,70.99999999999999,0
per_huruf_hybrid_skeleton_forced_loop_no_sig,8,277,0.11155859846959323,252.3076923076923,71.0,252.3076923076923,71.0,0
per_huruf_hybrid_skeleton_forced_loop_no_sig,8,278,0.11196133709222715,252.38461538461542,71.0,252.38461538461542,71.0,0
per_huruf_hybrid_skeleton_forced_loop_no_sig,8,279,0.11236407571486105,252.46153846153845,71.0,252.46153846153845,71.0,0
per_huruf_hybrid_skeleton_forced_loop_no_sig,8,280,0.11276681433749497,252.53846153846155,71.0,252.53846153846155,71.0,0
per_huruf_hybrid_skeleton_forced_loop_no_sig,8,281,0.11316955296012889,252.61538461538464,71.0,252.61538461538464,71.0,0
per_huruf_hybrid_skeleton_forced_loop_no_sig,8,282,0.11357229158276279,252.69230769230768,71.0,252.69230769230768,71.0,0
per_huruf_hybrid_skeleton_forced_loop_no_sig,8,283,0.1139750302053967,252.76923076923077,71.0,252.76923076923077,71.0,0
per_huruf_hybrid_skeleton_forced_loop_no_sig,8,284,0.11437776882803061,252.84615384615387,71.0,252.84615384615387,71.0,0
per_huruf_hybrid_skeleton_forced_loop_no_sig,8,285,0.11478050745066452,252.9230769230769,71.0,252.9230769230769,71.0,0
per_huruf_hybrid_skeleton_forced_loop_no_sig,8,286,0.11518324607329844,253.0,71.0,253.0,71.0,0
per_huruf_hybrid_skeleton_forced_loop_no_sig,8,287,0.11558598469593234,253.0769230769231,71.00000000000001,253.0769230769231,71.00000000000001,0
per_huruf_hybrid_skeleton_forced_loop_no_sig,8,288,0.11598872331856626,253.1538461538462,71.0,253.1538461538462,71.0,0
per_huruf_hybrid_skeleton_forced_loop_no_sig,8,289,0.11639146194120016,253.2307692307692,70.99999999999999,253.2307692307692,70.99999999999999,0
per_huruf_hybrid_skeleton_forced_loop_no_sig,8,290,0.11679420056383408,253.3076923076923,71.0,253.3076923076923,71.0,0
per_huruf_hybrid_skeleton_forced_loop_no_sig,8,291,0.117196939186468,253.38461538461542,71.0,253.38461538461542,71.0,0
per_huruf_hybrid_skeleton_forced_loop_no_sig,8,292,0.1175996778091019,253.46153846153848,71.0,253.46153846153848,71.0,0
per_huruf_hybrid_skeleton_forced_loop_no_sig,8,293,0.11800241643173581,253.53846153846155,71.0,253.53846153846155,71.0,0
per_huruf_hybrid_skeleton_forced_loop_no_sig,8,294,0.11840515505436972,253.6153846153846,71.0,253.6153846153846,71.0,0
per_huruf_hybrid_skeleton_forced_loop_no_sig,8,295,0.11880789367700363,253.69230769230768,71.0,253.69230769230768,71.0,0
per_huruf_hybrid_skeleton_forced_loop_no_sig,8,296,0.11921063229963753,253.76923076923077,71.0,253.76923076923077,71.0,0
per_huruf_hybrid_skeleton_forced_loop_no_sig,8,297,0.11961337092227145,253.84615384615384,71.0,253.84615384615384,71.0,0
per_huruf_hybrid_skeleton_forced_loop_no_sig,8,298,0.12001610954490537,253.92307692307693,71.0,253.92307692307693,71.0,0
per_huruf_hybrid_skeleton_forced_loop_no_sig,8,299,0.12041884816753927,254.0,71.0,254.0,71.0,0
per_huruf_hybrid_skeleton_forced_loop_no_sig,8,300,0.12082158679017319,254.07692307692312,71.00000000000001,254.07692307692312,71.00000000000001,0
per_huruf_hybrid_skeleton_forced_loop_no_sig,8,301,0.12122432541280709,254.1538461538462,71.0,254.1538461538462,71.0,0
per_huruf_hybrid_skeleton_forced_loop_no_sig,8,302,0.121627064035441,254.2307692307692,70.99999999999999,254.2307692307692,70.99999999999999,0
per_huruf_hybrid_skeleton_forced_loop_no_sig,8,303,0.12202980265807492,254.30769230769226,71.0,254.30769230769226,71.0,0
per_huruf_hybrid_skeleton_forced_loop_no_sig,8,304,0.12243254128070882,254.38461538461542,71.0,254.38461538461542,71.0,0
per_huruf_hybrid_skeleton_forced_loop_no_sig,8,305,0.12283527990334274,254.46153846153845,71.0,254.46153846153845,71.0,0
per_huruf_hybrid_skeleton_forced_loop_no_sig,8,306,0.12323801852597664,254.53846153846155,71.0,254.53846153846155,71.0,0
per_huruf_hybrid_skeleton_forced_loop_no_sig,8,307,0.12364075714861056,254.61538461538464,71.0,254.61538461538464,71.0,0
per_huruf_hybrid_skeleton_forced_loop_no_sig,8,308,0.12404349577124446,254.69230769230768,71.0,254.69230769230768,71.0,0
per_huruf_hybrid_skeleton_forced_loop_no_sig,8,309,0.12444623439387838,254.76923076923075,71.0,254.76923076923075,71.0,0
per_huruf_hybrid_skeleton_forced_loop_no_sig,8,310,0.1248489730165123,254.84615384615384,71.0,254.84615384615384,71.0,0
per_huruf_hybrid_skeleton_forced_loop_no_sig,8,311,0.1252517116391462,254.9230769230769,71.0,254.9230769230769,71.0,0
per_huruf_hybrid_skeleton_forced_loop_no_sig,8,312,0.1256544502617801,255.0,71.0,255.0,71.0,0
per_huruf_hybrid_skeleton_forced_loop_no_sig,8,313,0.12605718888441403,255.07692307692312,71.00000000000001,255.07692307692312,71.00000000000001,0
per_huruf_hybrid_skeleton_forced_loop_no_sig,8,314,0.12645992750704793,255.15384615384616,71.0,255.15384615384616,71.0,0
per_huruf_hybrid_skeleton_forced_loop_no_sig,8,315,0.12686266612968183,255.2307692307692,70.99999999999999,255.2307692307692,70.99999999999999,0
per_huruf_hybrid_skeleton_forced_loop_no_sig,8,316,0.12726540475231576,255.3076923076923,71.0,255.3076923076923,71.0,0
per_huruf_hybrid_skeleton_forced_loop_no_sig,8,317,0.12766814337494967,255.38461538461542,71.0,255.38461538461542,71.0,0
per_huruf_hybrid_skeleton_forced_loop_no_sig,8,318,0.12807088199758357,255.46153846153845,71.0,255.46153846153845,71.0,0
per_huruf_hybrid_skeleton_forced_loop_no_sig,8,319,0.12847362062021747,255.53846153846152,71.0,255.53846153846152,71.0,0
per_huruf_hybrid_skeleton_forced_loop_no_sig,8,320,0.1288763592428514,255.6153846153846,71.0,255.6153846153846,71.0,0
per_huruf_hybrid_skeleton_forced_loop_no_sig,8,321,0.1292790978654853,255.69230769230768,71.0,255.69230769230768,71.0,0
per_huruf_hybrid_skeleton_forced_loop_no_sig,8,322,0.1296818364881192,255.76923076923075,71.0,255.76923076923075,71.0,0
per_huruf_hybrid_skeleton_forced_loop_no_sig,8,323,0.13008457511075314,255.84615384615387,71.0,255.84615384615387,71.0,0
per_huruf_hybrid_skeleton_forced_loop_no_sig,8,324,0.13048731373338704,255.9230769230769,71.0,255.9230769230769,71.0,0
per_huruf_hybrid_skeleton_forced_loop_no_sig,8,325,0.13089005235602094,256.0,71.0,256.0,71.0,0
per_huruf_hybrid_skeleton_forced_loop_no_sig,8,326,0.13129279097865487,256.0769230769231,71.00000000000001,256.0769230769231,71.00000000000001,0
per_huruf_hybrid_skeleton_forced_loop_no_sig,8,327,0.13169552960128877,256.15384615384613,71.0,256.15384615384613,71.0,0
per_huruf_hybrid_skeleton_forced_loop_no_sig,8,328,0.13209826822392268,256.23076923076917,70.99999999999999,256.23076923076917,70.99999999999999,0
per_huruf_hybrid_skeleton_forced_loop_no_sig,8,329,0.13250100684655658,256.30769230769226,71.0,256.30769230769226,71.0,0
per_huruf_hybrid_skeleton_forced_loop_no_sig,8,330,0.1329037454691905,256.3846153846154,71.0,256.3846153846154,71.0,0
per_huruf_hybrid_skeleton_forced_loop_no_sig,8,331,0.1333064840918244,256.46153846153845,71.0,256.46153846153845,71.0,0
per_huruf_hybrid_skeleton_forced_loop_no_sig,8,332,0.13370922271445831,256.53846153846155,71.0,256.53846153846155,71.0,0
per_huruf_hybrid_skeleton_forced_loop_no_sig,8,333,0.13411196133709224,256.61538461538464,71.0,256.61538461538464,71.0,0
per_huruf_hybrid_skeleton_forced_loop_no_sig,8,334,0.13451469995972615,256.6923076923077,71.0,256.6923076923077,71.0,0
per_huruf_hybrid_skeleton_forced_loop_no_sig,8,335,0.13491743858236005,256.7692307692307,71.0,256.7692307692307,71.0,0
per_huruf_hybrid_skeleton_forced_loop_no_sig,8,336,0.13532017720499395,256.84615384615387,71.0,256.84615384615387,71.0,0
per_huruf_hybrid_skeleton_forced_loop_no_sig,8,337,0.13572291582762788,256.9230769230769,71.0,256.9230769230769,71.0,0
per_huruf_hybrid_skeleton_forced_loop_no_sig,8,338,0.13612565445026178,257.0,71.0,257.0,71.0,0
per_huruf_hybrid_skeleton_forced_loop_no_sig,8,339,0.1365283930728957,257.0769230769231,71.00000000000001,257.0769230769231,71.00000000000001,0
per_huruf_hybrid_skeleton_forced_loop_no_sig,8,340,0.13693113169552962,257.1538461538462,71.0,257.1538461538462,71.0,0
per_huruf_hybrid_skeleton_forced_loop_no_sig,8,341,0.13733387031816352,257.23076923076917,70.99999999999999,257.23076923076917,70.99999999999999,0
per_huruf_hybrid_skeleton_forced_loop_no_sig,8,342,0.13773660894079742,257.30769230769226,71.0,257.30769230769226,71.0,0
per_huruf_hybrid_skeleton_forced_loop_no_sig,8,343,0.13813934756343133,257.3846153846154,71.0,257.3846153846154,71.0,0
per_huruf_hybrid_skeleton_forced_loop_no_sig,8,344,0.13854208618606526,257.46153846153845,71.0,257.46153846153845,71.0,0
per_huruf_hybrid_skeleton_forced_loop_no_sig,8,345,0.13894482480869916,257.53846153846155,71.0,257.53846153846155,71.0,0
per_huruf_hybrid_skeleton_forced_loop_no_sig,8,346,0.13934756343133306,257.61538461538464,71.0,257.61538461538464,71.0,0
per_huruf_hybrid_skeleton_forced_loop_no_sig,8,347,0.139750302053967,257.6923076923077,71.0,257.6923076923077,71.0,0
per_huruf_hybrid_skeleton_forced_loop_no_sig,8,348,0.1401530406766009,257.7692307692307,71.0,257.7692307692307,71.0,0
per_huruf_hybrid_skeleton_forced_loop_no_sig,8,349,0.1405557792992348,257.84615384615387,71.0,257.84615384615387,71.0,0
per_huruf_hybrid_skeleton_forced_loop_no_sig,8,350,0.14095851792186873,257.9230769230769,71.0,257.9230769230769,71.0,0
per_huruf_hybrid_skeleton_forced_loop_no_sig,8,351,0.14136125654450263,258.0,71.0,258.0,71.0,0
per_huruf_hybrid_skeleton_forced_loop_no_sig,8,352,0.14176399516713653,258.0769230769231,71.00273099681385,258.0769230769231,71.00273099681385,0
per_huruf_hybrid_skeleton_forced_loop_no_sig,8,353,0.14216673378977043,258.1538461538462,71.01001365498406,258.1538461538462,71.01001365498406,0
per_huruf_hybrid_skeleton_forced_loop_no_sig,8,354,0.14256947241240436,258.23076923076917,71.02048247610377,258.23076923076917,71.02048247610377,0
per_huruf_hybrid_skeleton_forced_loop_no_sig,8,355,0.14297221103503827,258.30769230769226,71.03277196176604,258.30769230769226,71.03277196176604,0
per_huruf_hybrid_skeleton_forced_loop_no_sig,8,356,0.14337494965767217,258.3846153846154,71.04551661356396,258.3846153846154,71.04551661356396,0
per_huruf_hybrid_skeleton_forced_loop_no_sig,8,357,0.1437776882803061,258.4615384615385,71.05735093309059,258.4615384615385,71.05735093309059,0
per_huruf_hybrid_skeleton_forced_loop_no_sig,8,358,0.14418042690294,258.53846153846155,71.06690942193902,258.53846153846155,71.06690942193902,0
per_huruf_hybrid_skeleton_forced_loop_no_sig,8,359,0.1445831655255739,258.61538461538464,71.07282658170233,258.61538461538464,71.07282658170233,0
per_huruf_hybrid_skeleton_forced_loop_no_sig,8,360,0.1449859041482078,258.6923076923077,71.07373691397359,258.6923076923077,71.07373691397359,0
per_huruf_hybrid_skeleton_forced_loop_no_sig,8,361,0.14538864277084174,258.7692307692307,71.06827492034591,258.7692307692307,71.06827492034591,0
per_huruf_hybrid_skeleton_forced_loop_no_sig,8,362,0.14579138139347564,258.84615384615387,71.05507510241239,258.84615384615387,71.05507510241239,0
per_huruf_hybrid_skeleton_forced_loop_no_sig,8,363,0.14619412001610954,258.9230769230769,71.03277196176604,258.9230769230769,71.03277196176604,0
per_huruf_hybrid_skeleton_forced_loop_no_sig,8,364,0.14659685863874347,259.0,71.0,259.0,71.0,0
per_huruf_hybrid_skeleton_forced_loop_no_sig,8,365,0.14699959726137737,259.0769230769231,70.95311788802914,259.0769230769231,70.95311788802914,0
per_huruf_hybrid_skeleton_forced_loop_no_sig,8,366,0.14740233588401128,259.1538461538462,70.89121529358215,259.1538461538462,70.89121529358215,0
per_huruf_hybrid_skeleton_forced_loop_no_sig,8,367,0.1478050745066452,259.2307692307692,70.81702321347291,259.2307692307692,70.81702321347291,0
per_huruf_hybrid_skeleton_forced_loop_no_sig,8,368,0.1482078131292791,259.30769230769226,70.73327264451524,259.30769230769226,70.73327264451524,0
per_huruf_hybrid_skeleton_forced_loop_no_sig,8,369,0.148610551751913,259.3846153846154,70.642694583523,259.3846153846154,70.642694583523,0
per_huruf_hybrid_skeleton_forced_loop_no_sig,8,370,0.14901329037454691,259.4615384615385,70.54802002730997,259.4615384615385,70.54802002730997,0
per_huruf_hybrid_skeleton_forced_loop_no_sig,8,371,0.14941602899718084,259.53846153846155,70.45197997269003,259.53846153846155,70.45197997269003,0
per_huruf_hybrid_skeleton_forced_loop_no_sig,8,372,0.14981876761981475,259.61538461538464,70.35730541647702,259.61538461538464,70.35730541647702,0
per_huruf_hybrid_skeleton_forced_loop_no_sig,8,373,0.15022150624244865,259.6923076923077,70.26672735548475,259.6923076923077,70.26672735548475,0
per_huruf_hybrid_skeleton_forced_loop_no_sig,8,374,0.15062424486508258,259.7692307692307,70.18297678652708,259.7692307692307,70.18297678652708,0
per_huruf_hybrid_skeleton_forced_loop_no_sig,8,375,0.15102698348771648,259.84615384615387,70.10878470641785,259.84615384615387,70.10878470641785,0
per_huruf_hybrid_skeleton_forced_loop_no_sig,8,376,0.15142972211035038,259.9230769230769,70.04688211197087,259.9230769230769,70.04688211197087,0
per_huruf_hybrid_skeleton_forced_loop_no_sig,8,377,0.1518324607329843,260.0,70.0,260.0,70.0,0
per_huruf_hybrid_skeleton_forced_loop_no_sig,8,378,0.15223519935561822,260.0769230769231,69.96722803823397,260.0769230769231,69.96722803823397,0
per_huruf_hybrid_skeleton_forced_loop_no_sig,8,379,0.15263793797825212,260.1538461538462,69.94492489758761,260.1538461538462,69.94492489758761,0
per_huruf_hybrid_skeleton_forced_loop_no_sig,8,380,0.15304067660088602,260.23076923076917,69.93172507965406,260.23076923076917,69.93172507965406,0
per_huruf_hybrid_skeleton_forced_loop_no_sig,8,381,0.15344341522351995,260.30769230769226,69.9262630860264,260.30769230769226,69.9262630860264,0
per_huruf_hybrid_skeleton_forced_loop_no_sig,8,382,0.15384615384615385,260.3846153846154,69.92717341829768,260.3846153846154,69.92717341829768,0
per_huruf_hybrid_skeleton_forced_loop_no_sig,8,383,0.15424889246878776,260.46153846153845,69.933090578061,260.46153846153845,69.933090578061,0
per_huruf_hybrid_skeleton_forced_loop_no_sig,8,384,0.15465163109142166,260.53846153846155,69.94264906690941,260.53846153846155,69.94264906690941,0
per_huruf_hybrid_skeleton_forced_loop_no_sig,8,385,0.1550543697140556,260.61538461538464,69.95448338643605,260.61538461538464,69.95448338643605,0
per_huruf_hybrid_skeleton_forced_loop_no_sig,8,386,0.1554571083366895,260.6923076923077,69.96722803823396,260.6923076923077,69.96722803823396,0
per_huruf_hybrid_skeleton_forced_loop_no_sig,8,387,0.1558598469593234,260.7692307692307,69.97951752389622,260.7692307692307,69.97951752389622,0
per_huruf_hybrid_skeleton_forced_loop_no_sig,8,388,0.15626258558195733,260.84615384615387,69.98998634501594,260.84615384615387,69.98998634501594,0
per_huruf_hybrid_skeleton_forced_loop_no_sig,8,389,0.15666532420459123,260.9230769230769,69.99726900318616,260.9230769230769,69.99726900318616,0
per_huruf_hybrid_skeleton_forced_loop_no_sig,8,390,0.15706806282722513,261.0,70.0,261.0,70.0,0
per_huruf_hybrid_skeleton_forced_loop_no_sig,8,391,0.15747080144985906,261.0769230769231,70.00273099681385,261.0769230769231,70.00273099681385,0
per_huruf_hybrid_skeleton_forced_loop_no_sig,8,392,0.15787354007249296,261.1538461538462,70.01001365498406,261.1538461538462,70.01001365498406,0
per_huruf_hybrid_skeleton_forced_loop_no_sig,8,393,0.15827627869512687,261.23076923076917,70.02048247610377,261.23076923076917,70.02048247610377,0
per_huruf_hybrid_skeleton_forced_loop_no_sig,8,394,0.15867901731776077,261.30769230769226,70.03277196176604,261.30769230769226,70.03277196176604,0
per_huruf_hybrid_skeleton_forced_loop_no_sig,8,395,0.1590817559403947,261.3846153846154,70.04551661356396,261.3846153846154,70.04551661356396,0
per_huruf_hybrid_skeleton_forced_loop_no_sig,8,396,0.1594844945630286,261.4615384615385,70.05735093309059,261.4615384615385,70.05735093309059,0
per_huruf_hybrid_skeleton_forced_loop_no_sig,8,397,0.1598872331856625,261.53846153846155,70.06690942193902,261.53846153846155,70.06690942193902,0
per_huruf_hybrid_skeleton_forced_loop_no_sig,8,398,0.16028997180829643,261.61538461538464,70.07282658170233,261.61538461538464,70.07282658170233,0
per_huruf_hybrid_skeleton_forced_loop_no_sig,8,399,0.16069271043093034,261.6923076923077,70.07373691397359,261.6923076923077,70.07373691397359,0
per_huruf_hybrid_skeleton_forced_loop_no_sig,8,400,0.16109544905356424,261.7692307692308,70.06827492034591,261.7692307692308,70.06827492034591,0
per_huruf_hybrid_skeleton_forced_loop_no_sig,8,401,0.16149818767619814,261.84615384615387,70.05507510241239,261.84615384615387,70.05507510241239,0
per_huruf_hybrid_skeleton_forced_loop_no_sig,8,402,0.16190092629883207,261.9230769230769,70.03277196176604,261.9230769230769,70.03277196176604,0
per_huruf_hybrid_skeleton_forced_loop_no_sig,8,403,0.16230366492146597,262.0,70.0,262.0,70.0,0
per_huruf_hybrid_skeleton_forced_loop_no_sig,8,404,0.16270640354409988,262.0769230769231,69.95311788802915,262.0769230769231,69.95311788802915,0
per_huruf_hybrid_skeleton_forced_loop_no_sig,8,405,0.1631091421667338,262.1538461538462,69.89121529358215,262.1538461538462,69.89121529358215,0
per_huruf_hybrid_skeleton_forced_loop_no_sig,8,406,0.1635118807893677,262.2307692307692,69.81702321347291,262.2307692307692,69.81702321347291,0
per_huruf_hybrid_skeleton_forced_loop_no_sig,8,407,0.1639146194120016,262.30769230769226,69.73327264451524,262.30769230769226,69.73327264451524,0
per_huruf_hybrid_skeleton_forced_loop_no_sig,8,408,0.16431735803463554,262.3846153846154,69.64269458352298,262.3846153846154,69.64269458352298,0
per_huruf_hybrid_skeleton_forced_loop_no_sig,8,409,0.16472009665726944,262.4615384615385,69.54802002730997,262.4615384615385,69.54802002730997,0
per_huruf_hybrid_skeleton_forced_loop_no_sig,8,410,0.16512283527990335,262.53846153846155,69.45197997269003,262.53846153846155,69.45197997269003,0
per_huruf_hybrid_skeleton_forced_loop_no_sig,8,411,0.16552557390253725,262.61538461538464,69.35730541647702,262.61538461538464,69.35730541647702,0
per_huruf_hybrid_skeleton_forced_loop_no_sig,8,412,0.16592831252517118,262.6923076923077,69.26672735548475,262.6923076923077,69.26672735548475,0
per_huruf_hybrid_skeleton_forced_loop_no_sig,8,413,0.16633105114780508,262.7692307692307,69.18297678652708,262.7692307692307,69.18297678652708,0
per_huruf_hybrid_skeleton_forced_loop_no_sig,8,414,0.16673378977043898,262.84615384615387,69.10878470641785,262.84615384615387,69.10878470641785,0
per_huruf_hybrid_skeleton_forced_loop_no_sig,8,415,0.16713652839307291,262.9230769230769,69.04688211197087,262.9230769230769,69.04688211197087,0
per_huruf_hybrid_skeleton_forced_loop_no_sig,8,416,0.16753926701570682,263.0,69.0,263.0,69.0,0
per_huruf_hybrid_skeleton_forced_loop_no_sig,8,417,0.16794200563834072,263.0769230769231,68.96722803823397,263.0769230769231,68.96722803823397,0
per_huruf_hybrid_skeleton_forced_loop_no_sig,8,418,0.16834474426097462,263.1538461538462,68.94492489758763,263.1538461538462,68.94492489758763,0
per_huruf_hybrid_skeleton_forced_loop_no_sig,8,419,0.16874748288360855,263.23076923076917,68.93172507965406,263.23076923076917,68.93172507965406,0
per_huruf_hybrid_skeleton_forced_loop_no_sig,8,420,0.16915022150624245,263.30769230769226,68.92626308602638,263.30769230769226,68.92626308602638,0
per_huruf_hybrid_skeleton_forced_loop_no_sig,8,421,0.16955296012887636,263.3846153846154,68.92717341829768,263.3846153846154,68.92717341829768,0
per_huruf_hybrid_skeleton_forced_loop_no_sig,8,422,0.1699556987515103,263.46153846153845,68.933090578061,263.46153846153845,68.933090578061,0
per_huruf_hybrid_skeleton_forced_loop_no_sig,8,423,0.1703584373741442,263.53846153846155,68.94264906690942,263.53846153846155,68.94264906690942,0
per_huruf_hybrid_skeleton_forced_loop_no_sig,8,424,0.1707611759967781,263.61538461538464,68.95448338643605,263.61538461538464,68.95448338643605,0
per_huruf_hybrid_skeleton_forced_loop_no_sig,8,425,0.17116391461941202,263.6923076923077,68.96722803823396,263.6923076923077,68.96722803823396,0
per_huruf_hybrid_skeleton_forced_loop_no_sig,8,426,0.17156665324204592,263.7692307692307,68.97951752389622,263.7692307692307,68.97951752389622,0
per_huruf_hybrid_skeleton_forced_loop_no_sig,8,427,0.17196939186467983,263.84615384615387,68.98998634501594,263.84615384615387,68.98998634501594,0
per_huruf_hybrid_skeleton_forced_loop_no_sig,8,428,0.17237213048731373,263.9230769230769,68.99726900318616,263.9230769230769,68.99726900318616,0
per_huruf_hybrid_skeleton_forced_loop_no_sig,8,429,0.17277486910994766,264.0,69.0,264.0,69.0,0
per_huruf_hybrid_skeleton_forced_loop_no_sig,8,430,0.17317760773258156,264.0769230769231,69.00000000000001,264.0769230769231,69.00000000000001,0
per_huruf_hybrid_skeleton_forced_loop_no_sig,8,431,0.17358034635521546,264.1538461538462,69.00000000000001,264.1538461538462,69.00000000000001,0
per_huruf_hybrid_skeleton_forced_loop_no_sig,8,432,0.1739830849778494,264.2307692307692,68.99999999999999,264.2307692307692,68.99999999999999,0
per_huruf_hybrid_skeleton_forced_loop_no_sig,8,433,0.1743858236004833,264.3076923076923,68.99999999999999,264.3076923076923,68.99999999999999,0
per_huruf_hybrid_skeleton_forced_loop_no_sig,8,434,0.1747885622231172,264.3846153846154,69.0,264.3846153846154,69.0,0
per_huruf_hybrid_skeleton_forced_loop_no_sig,8,435,0.1751913008457511,264.4615384615385,69.00000000000001,264.4615384615385,69.00000000000001,0
per_huruf_hybrid_skeleton_forced_loop_no_sig,8,436,0.17559403946838503,264.53846153846155,69.0,264.53846153846155,69.0,0
per_huruf_hybrid_skeleton_forced_loop_no_sig,8,437,0.17599677809101893,264.61538461538464,69.0,264.61538461538464,69.0,0
per_huruf_hybrid_skeleton_forced_loop_no_sig,8,438,0.17639951671365284,264.6923076923077,69.0,264.6923076923077,69.0,0
per_huruf_hybrid_skeleton_forced_loop_no_sig,8,439,0.17680225533628677,264.7692307692307,69.0,264.7692307692307,69.0,0
per_huruf_hybrid_skeleton_forced_loop_no_sig,8,440,0.17720499395892067,264.84615384615387,69.0,264.84615384615387,69.0,0
per_huruf_hybrid_skeleton_forced_loop_no_sig,8,441,0.17760773258155457,264.9230769230769,69.0,264.9230769230769,69.0,0
per_huruf_hybrid_skeleton_forced_loop_no_sig,8,442,0.17801047120418848,265.0,69.0,265.0,69.0,0
per_huruf_hybrid_skeleton_forced_loop_no_sig,8,443,0.1784132098268224,265.07692307692315,69.00000000000001,265.07692307692315,69.00000000000001,0
per_huruf_hybrid_skeleton_forced_loop_no_sig,8,444,0.1788159484494563,265.1538461538462,69.00000000000001,265.1538461538462,69.00000000000001,0
per_huruf_hybrid_skeleton_forced_loop_no_sig,8,445,0.1792186870720902,265.23076923076917,68.99999999999999,265.23076923076917,68.99999999999999,0
per_huruf_hybrid_skeleton_forced_loop_no_sig,8,446,0.17962142569472414,265.30769230769226,68.99999999999999,265.30769230769226,68.99999999999999,0
per_huruf_hybrid_skeleton_forced_loop_no_sig,8,447,0.18002416431735804,265.3846153846154,69.0,265.3846153846154,69.0,0
per_huruf_hybrid_skeleton_forced_loop_no_sig,8,448,0.18042690293999195,265.46153846153845,69.00000000000001,265.46153846153845,69.00000000000001,0
per_huruf_hybrid_skeleton_forced_loop_no_sig,8,449,0.18082964156262588,265.53846153846155,69.0,265.53846153846155,69.0,0
per_huruf_hybrid_skeleton_forced_loop_no_sig,8,450,0.18123238018525978,265.61538461538464,69.0,265.61538461538464,69.0,0
per_huruf_hybrid_skeleton_forced_loop_no_sig,8,451,0.18163511880789368,265.6923076923077,69.0,265.6923076923077,69.0,0
per_huruf_hybrid_skeleton_forced_loop_no_sig,8,452,0.18203785743052758,265.7692307692308,69.0,265.7692307692308,69.0,0
per_huruf_hybrid_skeleton_forced_loop_no_sig,8,453,0.1824405960531615,265.84615384615387,69.0,265.84615384615387,69.0,0
per_huruf_hybrid_skeleton_forced_loop_no_sig,8,454,0.18284333467579542,265.9230769230769,69.0,265.9230769230769,69.0,0
per_huruf_hybrid_skeleton_forced_loop_no_sig,8,455,0.18324607329842932,266.0,69.0,266.0,69.0,0
per_huruf_hybrid_skeleton_forced_loop_no_sig,8,456,0.18364881192106325,266.0769230769231,69.00273099681385,266.0769230769231,69.00273099681385,0
per_huruf_hybrid_skeleton_forced_loop_no_sig,8,457,0.18405155054369715,266.15384615384613,69.01001365498408,266.15384615384613,69.01001365498408,0
per_huruf_hybrid_skeleton_forced_loop_no_sig,8,458,0.18445428916633105,266.2307692307692,69.02048247610377,266.2307692307692,69.02048247610377,0
per_huruf_hybrid_skeleton_forced_loop_no_sig,8,459,0.18485702778896496,266.30769230769226,69.03277196176603,266.30769230769226,69.03277196176603,0
per_huruf_hybrid_skeleton_forced_loop_no_sig,8,460,0.1852597664115989,266.3846153846154,69.04551661356396,266.3846153846154,69.04551661356396,0
per_huruf_hybrid_skeleton_forced_loop_no_sig,8,461,0.1856625050342328,266.46153846153845,69.05735093309059,266.46153846153845,69.05735093309059,0
per_huruf_hybrid_skeleton_forced_loop_no_sig,8,462,0.1860652436568667,266.53846153846155,69.066909421939,266.53846153846155,69.066909421939,0
per_huruf_hybrid_skeleton_forced_loop_no_sig,8,463,0.18646798227950062,266.61538461538464,69.07282658170233,266.61538461538464,69.07282658170233,0
per_huruf_hybrid_skeleton_forced_loop_no_sig,8,464,0.18687072090213452,266.69230769230774,69.0737369139736,266.69230769230774,69.0737369139736,0
per_huruf_hybrid_skeleton_forced_loop_no_sig,8,465,0.18727345952476843,266.7692307692307,69.06827492034591,266.7692307692307,69.06827492034591,0
per_huruf_hybrid_skeleton_forced_loop_no_sig,8,466,0.18767619814740236,266.84615384615387,69.05507510241239,266.84615384615387,69.05507510241239,0
per_huruf_hybrid_skeleton_forced_loop_no_sig,8,467,0.18807893677003626,266.9230769230769,69.03277196176604,266.9230769230769,69.03277196176604,0
per_huruf_hybrid_skeleton_forced_loop_no_sig,8,468,0.18848167539267016,267.0,69.0,267.0,69.0,0
per_huruf_hybrid_skeleton_forced_loop_no_sig,8,469,0.18888441401530406,267.0769230769231,68.95311788802913,267.0769230769231,68.95311788802913,0
per_huruf_hybrid_skeleton_forced_loop_no_sig,8,470,0.189287152637938,267.1538461538462,68.89121529358216,267.1538461538462,68.89121529358216,0
per_huruf_hybrid_skeleton_forced_loop_no_sig,8,471,0.1896898912605719,267.2307692307692,68.81702321347291,267.2307692307692,68.81702321347291,0
per_huruf_hybrid_skeleton_forced_loop_no_sig,8,472,0.1900926298832058,267.30769230769226,68.73327264451524,267.30769230769226,68.73327264451524,0
per_huruf_hybrid_skeleton_forced_loop_no_sig,8,473,0.19049536850583973,267.3846153846154,68.642694583523,267.3846153846154,68.642694583523,0
per_huruf_hybrid_skeleton_forced_loop_no_sig,8,474,0.19089810712847363,267.4615384615385,68.54802002730997,267.4615384615385,68.54802002730997,0
per_huruf_hybrid_skeleton_forced_loop_no_sig,8,475,0.19130084575110753,267.53846153846155,68.45197997269003,267.53846153846155,68.45197997269003,0
per_huruf_hybrid_skeleton_forced_loop_no_sig,8,476,0.19170358437374144,267.61538461538464,68.35730541647702,267.61538461538464,68.35730541647702,0
per_huruf_hybrid_skeleton_forced_loop_no_sig,8,477,0.19210632299637537,267.69230769230774,68.26672735548475,267.69230769230774,68.26672735548475,0
per_huruf_hybrid_skeleton_forced_loop_no_sig,8,478,0.19250906161900927,267.7692307692307,68.18297678652708,267.7692307692307,68.18297678652708,0
per_huruf_hybrid_skeleton_forced_loop_no_sig,8,479,0.19291180024164317,267.84615384615387,68.10878470641785,267.84615384615387,68.10878470641785,0
per_huruf_hybrid_skeleton_forced_loop_no_sig,8,480,0.1933145388642771,267.9230769230769,68.04688211197087,267.9230769230769,68.04688211197087,0
per_huruf_hybrid_skeleton_forced_loop_no_sig,8,481,0.193717277486911,268.0,68.0,268.0,68.0,0
per_huruf_hybrid_skeleton_forced_loop_no_sig,8,482,0.1941200161095449,268.07692307692315,67.9699590350478,268.07692307692315,67.9699590350478,0
per_huruf_hybrid_skeleton_forced_loop_no_sig,8,483,0.19452275473217884,268.1538461538462,67.95493855257169,268.1538461538462,67.95493855257169,0
per_huruf_hybrid_skeleton_forced_loop_no_sig,8,484,0.19492549335481274,268.2307692307692,67.95220755575784,268.2307692307692,67.95220755575784,0
per_huruf_hybrid_skeleton_forced_loop_no_sig,8,485,0.19532823197744664,268.30769230769226,67.95903504779244,268.30769230769226,67.95903504779244,0
per_huruf_hybrid_skeleton_forced_loop_no_sig,8,486,0.19573097060008054,268.3846153846154,67.97269003186163,268.3846153846154,67.97269003186163,0
per_huruf_hybrid_skeleton_forced_loop_no_sig,8,487,0.19613370922271448,268.46153846153845,67.99044151115157,268.46153846153845,67.99044151115157,0
per_huruf_hybrid_skeleton_forced_loop_no_sig,8,488,0.19653644784534838,268.53846153846155,68.00955848884843,268.53846153846155,68.00955848884843,0
per_huruf_hybrid_skeleton_forced_loop_no_sig,8,489,0.19693918646798228,268.61538461538464,68.02730996813837,268.61538461538464,68.02730996813837,0
per_huruf_hybrid_skeleton_forced_loop_no_sig,8,490,0.1973419250906162,268.6923076923077,68.04096495220756,268.6923076923077,68.04096495220756,0
per_huruf_hybrid_skeleton_forced_loop_no_sig,8,491,0.1977446637132501,268.7692307692307,68.04779244424215,268.7692307692307,68.04779244424215,0
per_huruf_hybrid_skeleton_forced_loop_no_sig,8,492,0.19814740233588402,268.84615384615387,68.04506144742831,268.84615384615387,68.04506144742831,0
per_huruf_hybrid_skeleton_forced_loop_no_sig,8,493,0.19855014095851792,268.9230769230769,68.0300409649522,268.9230769230769,68.0300409649522,0
per_huruf_hybrid_skeleton_forced_loop_no_sig,8,494,0.19895287958115185,269.0,68.0,269.0,68.0,0
per_huruf_hybrid_skeleton_forced_loop_no_sig,8,495,0.19935561820378575,269.07692307692315,67.95584888484298,269.07692307692315,67.95584888484298,0
per_huruf_hybrid_skeleton_forced_loop_no_sig,8,496,0.19975835682641965,269.1538461538462,67.90122894856623,269.1538461538462,67.90122894856623,0
per_huruf_hybrid_skeleton_forced_loop_no_sig,8,497,0.20016109544905358,269.23076923076917,67.83750568957669,269.23076923076917,67.83750568957669,0
per_huruf_hybrid_skeleton_forced_loop_no_sig,8,498,0.20056383407168749,269.3076923076923,67.76604460628128,269.3076923076923,67.76604460628128,0
per_huruf_hybrid_skeleton_forced_loop_no_sig,8,499,0.2009665726943214,269.3846153846154,67.68821119708694,269.3846153846154,67.68821119708694,0
per_huruf_hybrid_skeleton_forced_loop_no_sig,8,500,0.2013693113169553,269.4615384615385,67.60537096040055,269.4615384615385,67.60537096040055,0
per_huruf_hybrid_skeleton_forced_loop_no_sig,8,501,0.20177204993958922,269.53846153846155,67.51888939462904,269.53846153846155,67.51888939462904,0
per_huruf_hybrid_skeleton_forced_loop_no_sig,8,502,0.20217478856222312,269.61538461538464,67.43013199817933,269.61538461538464,67.43013199817933,0
per_huruf_hybrid_skeleton_forced_loop_no_sig,8,503,0.20257752718485703,269.6923076923077,67.34046426945835,269.6923076923077,67.34046426945835,0
per_huruf_hybrid_skeleton_forced_loop_no_sig,8,504,0.20298026580749096,269.7692307692308,67.251251706873,269.7692307692308,67.251251706873,0
per_huruf_hybrid_skeleton_forced_loop_no_sig,8,505,0.20338300443012486,269.84615384615387,67.16385980883022,269.84615384615387,67.16385980883022,0
per_huruf_hybrid_skeleton_forced_loop_no_sig,8,506,0.20378574305275876,269.9230769230769,67.07965407373692,269.9230769230769,67.07965407373692,0
per_huruf_hybrid_skeleton_forced_loop_no_sig,8,507,0.2041884816753927,270.0,67.0,270.0,67.0,0
per_huruf_hybrid_skeleton_forced_loop_no_sig,8,508,0.2045912202980266,270.0769230769231,66.9203459262631,270.0769230769231,66.9203459262631,0
per_huruf_hybrid_skeleton_forced_loop_no_sig,8,509,0.2049939589206605,270.1538461538462,66.83614019116979,270.1538461538462,66.83614019116979,0
per_huruf_hybrid_skeleton_forced_loop_no_sig,8,510,0.2053966975432944,270.23076923076917,66.748748293127,270.23076923076917,66.748748293127,0
per_huruf_hybrid_skeleton_forced_loop_no_sig,8,511,0.20579943616592833,270.30769230769226,66.65953573054165,270.30769230769226,66.65953573054165,0
per_huruf_hybrid_skeleton_forced_loop_no_sig,8,512,0.20620217478856223,270.3846153846154,66.56986800182068,270.3846153846154,66.56986800182068,0
per_huruf_hybrid_skeleton_forced_loop_no_sig,8,513,0.20660491341119613,270.46153846153845,66.48111060537097,270.46153846153845,66.48111060537097,0
per_huruf_hybrid_skeleton_forced_loop_no_sig,8,514,0.20700765203383006,270.53846153846155,66.39462903959945,270.53846153846155,66.39462903959945,0
per_huruf_hybrid_skeleton_forced_loop_no_sig,8,515,0.20741039065646397,270.61538461538464,66.31178880291307,270.61538461538464,66.31178880291307,0
per_huruf_hybrid_skeleton_forced_loop_no_sig,8,516,0.20781312927909787,270.6923076923077,66.2339553937187,270.6923076923077,66.2339553937187,0
per_huruf_hybrid_skeleton_forced_loop_no_sig,8,517,0.20821586790173177,270.7692307692308,66.1624943104233,270.7692307692308,66.1624943104233,0
per_huruf_hybrid_skeleton_forced_loop_no_sig,8,518,0.2086186065243657,270.84615384615387,66.09877105143377,270.84615384615387,66.09877105143377,0
per_huruf_hybrid_skeleton_forced_loop_no_sig,8,519,0.2090213451469996,270.9230769230769,66.04415111515704,270.9230769230769,66.04415111515704,0
per_huruf_hybrid_skeleton_forced_loop_no_sig,8,520,0.2094240837696335,271.0,66.0,271.0,66.0,0
per_huruf_hybrid_skeleton_forced_loop_no_sig,8,521,0.20982682239226744,271.0769230769231,65.96722803823396,271.0769230769231,65.96722803823396,0
per_huruf_hybrid_skeleton_forced_loop_no_sig,8,522,0.21022956101490134,271.1538461538462,65.94492489758763,271.1538461538462,65.94492489758763,0
per_huruf_hybrid_skeleton_forced_loop_no_sig,8,523,0.21063229963753524,271.2307692307692,65.93172507965407,271.2307692307692,65.93172507965407,0
per_huruf_hybrid_skeleton_forced_loop_no_sig,8,524,0.21103503826016917,271.3076923076923,65.92626308602638,271.3076923076923,65.92626308602638,0
per_huruf_hybrid_skeleton_forced_loop_no_sig,8,525,0.21143777688280307,271.3846153846154,65.92717341829768,271.3846153846154,65.92717341829768,0
per_huruf_hybrid_skeleton_forced_loop_no_sig,8,526,0.21184051550543698,271.4615384615385,65.933090578061,271.4615384615385,65.933090578061,0
per_huruf_hybrid_skeleton_forced_loop_no_sig,8,527,0.21224325412807088,271.53846153846155,65.94264906690942,271.53846153846155,65.94264906690942,0
per_huruf_hybrid_skeleton_forced_loop_no_sig,8,528,0.2126459927507048,271.61538461538464,65.95448338643605,271.61538461538464,65.95448338643605,0
per_huruf_hybrid_skeleton_forced_loop_no_sig,8,529,0.2130487313733387,271.6923076923077,65.96722803823396,271.6923076923077,65.96722803823396,0
per_huruf_hybrid_skeleton_forced_loop_no_sig,8,530,0.21345146999597261,271.7692307692307,65.97951752389622,271.7692307692307,65.97951752389622,0
per_huruf_hybrid_skeleton_forced_loop_no_sig,8,531,0.21385420861860654,271.84615384615387,65.98998634501594,271.84615384615387,65.98998634501594,0
per_huruf_hybrid_skeleton_forced_loop_no_sig,8,532,0.21425694724124045,271.9230769230769,65.99726900318616,271.9230769230769,65.99726900318616,0
per_huruf_hybrid_skeleton_forced_loop_no_sig,8,533,0.21465968586387435,272.0,66.0,272.0,66.0,0
per_huruf_hybrid_skeleton_forced_loop_no_sig,8,534,0.21506242448650825,272.0769230769231,66.00273099681384,272.0769230769231,66.00273099681384,0
per_huruf_hybrid_skeleton_forced_loop_no_sig,8,535,0.21546516310914218,272.1538461538462,66.01001365498408,272.1538461538462,66.01001365498408,0
per_huruf_hybrid_skeleton_forced_loop_no_sig,8,536,0.21586790173177609,272.2307692307692,66.02048247610378,272.2307692307692,66.02048247610378,0
per_huruf_hybrid_skeleton_forced_loop_no_sig,8,537,0.21627064035441,272.30769230769226,66.03277196176603,272.30769230769226,66.03277196176603,0
per_huruf_hybrid_skeleton_forced_loop_no_sig,8,538,0.21667337897704392,272.3846153846154,66.04551661356396,272.3846153846154,66.04551661356396,0
per_huruf_hybrid_skeleton_forced_loop_no_sig,8,539,0.21707611759967782,272.46153846153845,66.05735093309059,272.46153846153845,66.05735093309059,0
per_huruf_hybrid_skeleton_forced_loop_no_sig,8,540,0.21747885622231172,272.53846153846155,66.066909421939,272.53846153846155,66.066909421939,0
per_huruf_hybrid_skeleton_forced_loop_no_sig,8,541,0.21788159484494563,272.6153846153846,66.07282658170233,272.6153846153846,66.07282658170233,0
per_huruf_hybrid_skeleton_forced_loop_no_sig,8,542,0.21828433346757956,272.6923076923077,66.0737369139736,272.6923076923077,66.0737369139736,0
per_huruf_hybrid_skeleton_forced_loop_no_sig,8,543,0.21868707209021346,272.7692307692307,66.06827492034593,272.7692307692307,66.06827492034593,0
per_huruf_hybrid_skeleton_forced_loop_no_sig,8,544,0.21908981071284736,272.84615384615387,66.05507510241239,272.84615384615387,66.05507510241239,0
per_huruf_hybrid_skeleton_forced_loop_no_sig,8,545,0.2194925493354813,272.9230769230769,66.03277196176604,272.9230769230769,66.03277196176604,0
per_huruf_hybrid_skeleton_forced_loop_no_sig,8,546,0.2198952879581152,273.0,66.0,273.0,66.0,0
per_huruf_hybrid_skeleton_forced_loop_no_sig,8,547,0.2202980265807491,273.07692307692315,65.95311788802914,273.07692307692315,65.95311788802914,0
per_huruf_hybrid_skeleton_forced_loop_no_sig,8,548,0.22070076520338303,273.1538461538462,65.89121529358216,273.1538461538462,65.89121529358216,0
per_huruf_hybrid_skeleton_forced_loop_no_sig,8,549,0.22110350382601693,273.2307692307692,65.81702321347292,273.2307692307692,65.81702321347292,0
per_huruf_hybrid_skeleton_forced_loop_no_sig,8,550,0.22150624244865083,273.30769230769226,65.73327264451524,273.30769230769226,65.73327264451524,0
per_huruf_hybrid_skeleton_forced_loop_no_sig,8,551,0.22190898107128473,273.3846153846154,65.642694583523,273.3846153846154,65.642694583523,0
per_huruf_hybrid_skeleton_forced_loop_no_sig,8,552,0.22231171969391866,273.46153846153845,65.54802002730997,273.46153846153845,65.54802002730997,0
per_huruf_hybrid_skeleton_forced_loop_no_sig,8,553,0.22271445831655257,273.53846153846155,65.45197997269003,273.53846153846155,65.45197997269003,0
per_huruf_hybrid_skeleton_forced_loop_no_sig,8,554,0.22311719693918647,273.61538461538464,65.35730541647702,273.61538461538464,65.35730541647702,0
per_huruf_hybrid_skeleton_forced_loop_no_sig,8,555,0.2235199355618204,273.6923076923077,65.26672735548475,273.6923076923077,65.26672735548475,0
per_huruf_hybrid_skeleton_forced_loop_no_sig,8,556,0.2239226741844543,273.7692307692308,65.18297678652708,273.7692307692308,65.18297678652708,0
per_huruf_hybrid_skeleton_forced_loop_no_sig,8,557,0.2243254128070882,273.84615384615387,65.10878470641785,273.84615384615387,65.10878470641785,0
per_huruf_hybrid_skeleton_forced_loop_no_sig,8,558,0.2247281514297221,273.9230769230769,65.04688211197087,273.9230769230769,65.04688211197087,0
per_huruf_hybrid_skeleton_forced_loop_no_sig,8,559,0.22513089005235604,274.0,65.0,274.0,65.0,0
per_huruf_hybrid_skeleton_forced_loop_no_sig,8,560,0.22553362867498994,274.0769230769231,64.96722803823397,274.0769230769231,64.96722803823397,0
per_huruf_hybrid_skeleton_forced_loop_no_sig,8,561,0.22593636729762384,274.1538461538462,64.94492489758761,274.1538461538462,64.94492489758761,0
per_huruf_hybrid_skeleton_forced_loop_no_sig,8,562,0.22633910592025777,274.23076923076917,64.93172507965407,274.23076923076917,64.93172507965407,0
per_huruf_hybrid_skeleton_forced_loop_no_sig,8,563,0.22674184454289167,274.30769230769226,64.9262630860264,274.30769230769226,64.9262630860264,0
per_huruf_hybrid_skeleton_forced_loop_no_sig,8,564,0.22714458316552558,274.3846153846154,64.92717341829768,274.3846153846154,64.92717341829768,0
per_huruf_hybrid_skeleton_forced_loop_no_sig,8,565,0.2275473217881595,274.46153846153845,64.933090578061,274.46153846153845,64.933090578061,0
per_huruf_hybrid_skeleton_forced_loop_no_sig,8,566,0.2279500604107934,274.53846153846155,64.94264906690942,274.53846153846155,64.94264906690942,0
per_huruf_hybrid_skeleton_forced_loop_no_sig,8,567,0.2283527990334273,274.61538461538464,64.95448338643605,274.61538461538464,64.95448338643605,0
per_huruf_hybrid_skeleton_forced_loop_no_sig,8,568,0.22875553765606121,274.6923076923077,64.96722803823396,274.6923076923077,64.96722803823396,0
per_huruf_hybrid_skeleton_forced_loop_no_sig,8,569,0.22915827627869514,274.7692307692307,64.97951752389622,274.7692307692307,64.97951752389622,0
per_huruf_hybrid_skeleton_forced_loop_no_sig,8,570,0.22956101490132905,274.84615384615387,64.98998634501594,274.84615384615387,64.98998634501594,0
per_huruf_hybrid_skeleton_forced_loop_no_sig,8,571,0.22996375352396295,274.9230769230769,64.99726900318616,274.9230769230769,64.99726900318616,0
per_huruf_hybrid_skeleton_forced_loop_no_sig,8,572,0.23036649214659688,275.0,65.0,275.0,65.0,0
per_huruf_hybrid_skeleton_forced_loop_no_sig,8,573,0.23076923076923078,275.0769230769231,65.00273099681385,275.0769230769231,65.00273099681385,0
per_huruf_hybrid_skeleton_forced_loop_no_sig,8,574,0.23117196939186468,275.1538461538462,65.01001365498408,275.1538461538462,65.01001365498408,0
per_huruf_hybrid_skeleton_forced_loop_no_sig,8,575,0.2315747080144986,275.23076923076917,65.02048247610378,275.23076923076917,65.02048247610378,0
per_huruf_hybrid_skeleton_forced_loop_no_sig,8,576,0.23197744663713252,275.30769230769226,65.03277196176604,275.30769230769226,65.03277196176604,0
per_huruf_hybrid_skeleton_forced_loop_no_sig,8,577,0.23238018525976642,275.38461538461536,65.04551661356396,275.38461538461536,65.04551661356396,0
per_huruf_hybrid_skeleton_forced_loop_no_sig,8,578,0.23278292388240032,275.4615384615385,65.05735093309058,275.4615384615385,65.05735093309058,0
per_huruf_hybrid_skeleton_forced_loop_no_sig,8,579,0.23318566250503425,275.53846153846155,65.066909421939,275.53846153846155,65.066909421939,0
per_huruf_hybrid_skeleton_forced_loop_no_sig,8,580,0.23358840112766815,275.61538461538464,65.07282658170233,275.61538461538464,65.07282658170233,0
per_huruf_hybrid_skeleton_forced_loop_no_sig,8,581,0.23399113975030206,275.6923076923077,65.0737369139736,275.6923076923077,65.0737369139736,0
per_huruf_hybrid_skeleton_forced_loop_no_sig,8,582,0.234393878372936,275.7692307692307,65.06827492034591,275.7692307692307,65.06827492034591,0
per_huruf_hybrid_skeleton_forced_loop_no_sig,8,583,0.2347966169955699,275.84615384615387,65.05507510241239,275.84615384615387,65.05507510241239,0
per_huruf_hybrid_skeleton_forced_loop_no_sig,8,584,0.2351993556182038,275.9230769230769,65.03277196176604,275.9230769230769,65.03277196176604,0
per_huruf_hybrid_skeleton_forced_loop_no_sig,8,585,0.2356020942408377,276.0,65.0,276.0,65.0,0
per_huruf_hybrid_skeleton_forced_loop_no_sig,8,586,0.23600483286347163,276.07692307692315,64.95311788802914,276.07692307692315,64.95311788802914,0
per_huruf_hybrid_skeleton_forced_loop_no_sig,8,587,0.23640757148610553,276.15384615384613,64.89121529358216,276.15384615384613,64.89121529358216,0
per_huruf_hybrid_skeleton_forced_loop_no_sig,8,588,0.23681031010873943,276.2307692307692,64.81702321347291,276.2307692307692,64.81702321347291,0
per_huruf_hybrid_skeleton_forced_loop_no_sig,8,589,0.23721304873137336,276.30769230769226,64.73327264451525,276.30769230769226,64.73327264451525,0
per_huruf_hybrid_skeleton_forced_loop_no_sig,8,590,0.23761578735400726,276.3846153846154,64.642694583523,276.3846153846154,64.642694583523,0
per_huruf_hybrid_skeleton_forced_loop_no_sig,8,591,0.23801852597664117,276.4615384615385,64.54802002730997,276.4615384615385,64.54802002730997,0
per_huruf_hybrid_skeleton_forced_loop_no_sig,8,592,0.23842126459927507,276.53846153846155,64.45197997269004,276.53846153846155,64.45197997269004,0
per_huruf_hybrid_skeleton_forced_loop_no_sig,8,593,0.238824003221909,276.61538461538464,64.35730541647702,276.61538461538464,64.35730541647702,0
per_huruf_hybrid_skeleton_forced_loop_no_sig,8,594,0.2392267418445429,276.6923076923077,64.26672735548475,276.6923076923077,64.26672735548475,0
per_huruf_hybrid_skeleton_forced_loop_no_sig,8,595,0.2396294804671768,276.7692307692307,64.18297678652708,276.7692307692307,64.18297678652708,0
per_huruf_hybrid_skeleton_forced_loop_no_sig,8,596,0.24003221908981073,276.84615384615387,64.10878470641785,276.84615384615387,64.10878470641785,0
per_huruf_hybrid_skeleton_forced_loop_no_sig,8,597,0.24043495771244464,276.9230769230769,64.04688211197086,276.9230769230769,64.04688211197086,0
per_huruf_hybrid_skeleton_forced_loop_no_sig,8,598,0.24083769633507854,277.0,64.0,277.0,64.0,0
per_huruf_hybrid_skeleton_forced_loop_no_sig,8,599,0.24124043495771244,277.0769230769231,63.96722803823397,277.0769230769231,63.96722803823397,0
per_huruf_hybrid_skeleton_forced_loop_no_sig,8,600,0.24164317358034637,277.1538461538462,63.94492489758762,277.1538461538462,63.94492489758762,0
per_huruf_hybrid_skeleton_forced_loop_no_sig,8,601,0.24204591220298027,277.23076923076917,63.931725079654065,277.23076923076917,63.931725079654065,0
per_huruf_hybrid_skeleton_forced_loop_no_sig,8,602,0.24244865082561418,277.30769230769226,63.92626308602639,277.30769230769226,63.92626308602639,0
per_huruf_hybrid_skeleton_forced_loop_no_sig,8,603,0.2428513894482481,277.3846153846154,63.92717341829769,277.3846153846154,63.92717341829769,0
per_huruf_hybrid_skeleton_forced_loop_no_sig,8,604,0.243254128070882,277.4615384615385,63.933090578061,277.4615384615385,63.933090578061,0
per_huruf_hybrid_skeleton_forced_loop_no_sig,8,605,0.2436568666935159,277.53846153846155,63.94264906690942,277.53846153846155,63.94264906690942,0
per_huruf_hybrid_skeleton_forced_loop_no_sig,8,606,0.24405960531614984,277.61538461538464,63.954483386436046,277.61538461538464,63.954483386436046,0
per_huruf_hybrid_skeleton_forced_loop_no_sig,8,607,0.24446234393878374,277.6923076923077,63.967228038233955,277.6923076923077,63.967228038233955,0
per_huruf_hybrid_skeleton_forced_loop_no_sig,8,608,0.24486508256141765,277.7692307692308,63.97951752389622,277.7692307692308,63.97951752389622,0
per_huruf_hybrid_skeleton_forced_loop_no_sig,8,609,0.24526782118405155,277.84615384615387,63.989986345015936,277.84615384615387,63.989986345015936,0
per_huruf_hybrid_skeleton_forced_loop_no_sig,8,610,0.24567055980668548,277.9230769230769,63.99726900318616,277.9230769230769,63.99726900318616,0
per_huruf_hybrid_skeleton_forced_loop_no_sig,8,611,0.24607329842931938,278.0,64.0,278.0,64.0,0
per_huruf_hybrid_skeleton_forced_loop_no_sig,8,612,0.24647603705195328,278.07692307692304,64.00273099681385,278.07692307692304,64.00273099681385,0
per_huruf_hybrid_skeleton_forced_loop_no_sig,8,613,0.24687877567458721,278.15384615384613,64.01001365498408,278.15384615384613,64.01001365498408,0
per_huruf_hybrid_skeleton_forced_loop_no_sig,8,614,0.24728151429722112,278.23076923076917,64.02048247610377,278.23076923076917,64.02048247610377,0
per_huruf_hybrid_skeleton_forced_loop_no_sig,8,615,0.24768425291985502,278.30769230769226,64.03277196176604,278.30769230769226,64.03277196176604,0
per_huruf_hybrid_skeleton_forced_loop_no_sig,8,616,0.24808699154248892,278.3846153846154,64.04551661356396,278.3846153846154,64.04551661356396,0
per_huruf_hybrid_skeleton_forced_loop_no_sig,8,617,0.24848973016512285,278.4615384615385,64.05735093309059,278.4615384615385,64.05735093309059,0
per_huruf_hybrid_skeleton_forced_loop_no_sig,8,618,0.24889246878775675,278.53846153846155,64.06690942193902,278.53846153846155,64.06690942193902,0
per_huruf_hybrid_skeleton_forced_loop_no_sig,8,619,0.24929520741039066,278.61538461538464,64.07282658170233,278.61538461538464,64.07282658170233,0
per_huruf_hybrid_skeleton_forced_loop_no_sig,8,620,0.2496979460330246,278.6923076923077,64.07373691397359,278.6923076923077,64.07373691397359,0
per_huruf_hybrid_skeleton_forced_loop_no_sig,8,621,0.2501006846556585,278.7692307692308,64.06827492034591,278.7692307692308,64.06827492034591,0
per_huruf_hybrid_skeleton_forced_loop_no_sig,8,622,0.2505034232782924,278.84615384615387,64.05507510241239,278.84615384615387,64.05507510241239,0
per_huruf_hybrid_skeleton_forced_loop_no_sig,8,623,0.2509061619009263,278.9230769230769,64.03277196176604,278.9230769230769,64.03277196176604,0
per_huruf_hybrid_skeleton_forced_loop_no_sig,8,624,0.2513089005235602,279.0,64.0,279.0,64.0,0
per_huruf_hybrid_skeleton_forced_loop_no_sig,8,625,0.25171163914619415,279.07692307692315,63.953117888029134,279.07692307692315,63.953117888029134,0
per_huruf_hybrid_skeleton_forced_loop_no_sig,8,626,0.25211437776882806,279.15384615384613,63.891215293582164,279.15384615384613,63.891215293582164,0
per_huruf_hybrid_skeleton_forced_loop_no_sig,8,627,0.25251711639146196,279.23076923076917,63.81702321347291,279.23076923076917,63.81702321347291,0
per_huruf_hybrid_skeleton_forced_loop_no_sig,8,628,0.25291985501409586,279.3076923076923,63.733272644515246,279.3076923076923,63.733272644515246,0
per_huruf_hybrid_skeleton_forced_loop_no_sig,8,629,0.25332259363672976,279.3846153846154,63.642694583522996,279.3846153846154,63.642694583522996,0
per_huruf_hybrid_skeleton_forced_loop_no_sig,8,630,0.25372533225936367,279.4615384615385,63.548020027309974,279.4615384615385,63.548020027309974,0
per_huruf_hybrid_skeleton_forced_loop_no_sig,8,631,0.25412807088199757,279.53846153846155,63.45197997269003,279.53846153846155,63.45197997269003,0
per_huruf_hybrid_skeleton_forced_loop_no_sig,8,632,0.25453080950463153,279.61538461538464,63.35730541647701,279.61538461538464,63.35730541647701,0
per_huruf_hybrid_skeleton_forced_loop_no_sig,8,633,0.25493354812726543,279.6923076923077,63.26672735548475,279.6923076923077,63.26672735548475,0
per_huruf_hybrid_skeleton_forced_loop_no_sig,8,634,0.25533628674989933,279.7692307692307,63.18297678652707,279.7692307692307,63.18297678652707,0
per_huruf_hybrid_skeleton_forced_loop_no_sig,8,635,0.25573902537253324,279.84615384615387,63.10878470641784,279.84615384615387,63.10878470641784,0
per_huruf_hybrid_skeleton_forced_loop_no_sig,8,636,0.25614176399516714,279.9230769230769,63.046882111970866,279.9230769230769,63.046882111970866,0
per_huruf_hybrid_skeleton_forced_loop_no_sig,8,637,0.25654450261780104,280.0,63.0,280.0,63.0,0
per_huruf_hybrid_skeleton_forced_loop_no_sig,8,638,0.25694724124043494,280.0769230769231,62.96722803823396,280.0769230769231,62.96722803823396,0
per_huruf_hybrid_skeleton_forced_loop_no_sig,8,639,0.2573499798630689,280.15384615384613,62.944924897587626,280.15384615384613,62.944924897587626,0
per_huruf_hybrid_skeleton_forced_loop_no_sig,8,640,0.2577527184857028,280.23076923076917,62.931725079654065,280.23076923076917,62.931725079654065,0
per_huruf_hybrid_skeleton_forced_loop_no_sig,8,641,0.2581554571083367,280.3076923076923,62.926263086026395,280.3076923076923,62.926263086026395,0
per_huruf_hybrid_skeleton_forced_loop_no_sig,8,642,0.2585581957309706,280.3846153846154,62.927173418297684,280.3846153846154,62.927173418297684,0
per_huruf_hybrid_skeleton_forced_loop_no_sig,8,643,0.2589609343536045,280.46153846153845,62.933090578061,280.46153846153845,62.933090578061,0
per_huruf_hybrid_skeleton_forced_loop_no_sig,8,644,0.2593636729762384,280.53846153846155,62.942649066909425,280.53846153846155,62.942649066909425,0
per_huruf_hybrid_skeleton_forced_loop_no_sig,8,645,0.2597664115988723,280.61538461538464,62.954483386436046,280.61538461538464,62.954483386436046,0
per_huruf_hybrid_skeleton_forced_loop_no_sig,8,646,0.2601691502215063,280.6923076923077,62.967228038233955,280.6923076923077,62.967228038233955,0
per_huruf_hybrid_skeleton_forced_loop_no_sig,8,647,0.2605718888441402,280.7692307692307,62.97951752389621,280.7692307692307,62.97951752389621,0
per_huruf_hybrid_skeleton_forced_loop_no_sig,8,648,0.2609746274667741,280.84615384615387,62.989986345015936,280.84615384615387,62.989986345015936,0
per_huruf_hybrid_skeleton_forced_loop_no_sig,8,649,0.261377366089408,280.9230769230769,62.99726900318616,280.9230769230769,62.99726900318616,0
per_huruf_hybrid_skeleton_forced_loop_no_sig,8,650,0.2617801047120419,281.0,63.0,281.0,63.0,0
per_huruf_hybrid_skeleton_forced_loop_no_sig,8,651,0.2621828433346758,281.07692307692315,63.002730996813845,281.07692307692315,63.002730996813845,0
per_huruf_hybrid_skeleton_forced_loop_no_sig,8,652,0.26258558195730974,281.15384615384613,63.01001365498407,281.15384615384613,63.01001365498407,0
per_huruf_hybrid_skeleton_forced_loop_no_sig,8,653,0.26298832057994365,281.2307692307692,63.020482476103766,281.2307692307692,63.020482476103766,0
per_huruf_hybrid_skeleton_forced_loop_no_sig,8,654,0.26339105920257755,281.30769230769226,63.032771961766045,281.30769230769226,63.032771961766045,0
per_huruf_hybrid_skeleton_forced_loop_no_sig,8,655,0.26379379782521145,281.3846153846154,63.04551661356396,281.3846153846154,63.04551661356396,0
per_huruf_hybrid_skeleton_forced_loop_no_sig,8,656,0.26419653644784535,281.4615384615385,63.057350933090575,281.4615384615385,63.057350933090575,0
per_huruf_hybrid_skeleton_forced_loop_no_sig,8,657,0.26459927507047926,281.53846153846155,63.06690942193901,281.53846153846155,63.06690942193901,0
per_huruf_hybrid_skeleton_forced_loop_no_sig,8,658,0.26500201369311316,281.61538461538464,63.07282658170232,281.61538461538464,63.07282658170232,0
per_huruf_hybrid_skeleton_forced_loop_no_sig,8,659,0.2654047523157471,281.6923076923077,63.073736913973605,281.6923076923077,63.073736913973605,0
per_huruf_hybrid_skeleton_forced_loop_no_sig,8,660,0.265807490938381,281.7692307692307,63.06827492034592,281.7692307692307,63.06827492034592,0
per_huruf_hybrid_skeleton_forced_loop_no_sig,8,661,0.2662102295610149,281.84615384615387,63.05507510241238,281.84615384615387,63.05507510241238,0
per_huruf_hybrid_skeleton_forced_loop_no_sig,8,662,0.2666129681836488,281.9230769230769,63.032771961766045,281.9230769230769,63.032771961766045,0
per_huruf_hybrid_skeleton_forced_loop_no_sig,8,663,0.2670157068062827,282.0,63.0,282.0,63.0,0
per_huruf_hybrid_skeleton_forced_loop_no_sig,8,664,0.26741844542891663,282.07692307692315,62.95311788802914,282.07692307692315,62.95311788802914,0
per_huruf_hybrid_skeleton_forced_loop_no_sig,8,665,0.26782118405155053,282.15384615384613,62.891215293582164,282.15384615384613,62.891215293582164,0
per_huruf_hybrid_skeleton_forced_loop_no_sig,8,666,0.2682239226741845,282.2307692307692,62.817023213472915,282.2307692307692,62.817023213472915,0
per_huruf_hybrid_skeleton_forced_loop_no_sig,8,667,0.2686266612968184,282.30769230769226,62.73327264451524,282.30769230769226,62.73327264451524,0
per_huruf_hybrid_skeleton_forced_loop_no_sig,8,668,0.2690293999194523,282.3846153846154,62.642694583522996,282.3846153846154,62.642694583522996,0
per_huruf_hybrid_skeleton_forced_loop_no_sig,8,669,0.2694321385420862,282.46153846153845,62.548020027309974,282.46153846153845,62.548020027309974,0
per_huruf_hybrid_skeleton_forced_loop_no_sig,8,670,0.2698348771647201,282.53846153846155,62.451979972690026,282.53846153846155,62.451979972690026,0
per_huruf_hybrid_skeleton_forced_loop_no_sig,8,671,0.270237615787354,282.61538461538464,62.35730541647701,282.61538461538464,62.35730541647701,0
per_huruf_hybrid_skeleton_forced_loop_no_sig,8,672,0.2706403544099879,282.6923076923077,62.26672735548475,282.6923076923077,62.26672735548475,0
per_huruf_hybrid_skeleton_forced_loop_no_sig,8,673,0.27104309303262186,282.7692307692308,62.18297678652708,282.7692307692308,62.18297678652708,0
per_huruf_hybrid_skeleton_forced_loop_no_sig,8,674,0.27144583165525576,282.84615384615387,62.10878470641784,282.84615384615387,62.10878470641784,0
per_huruf_hybrid_skeleton_forced_loop_no_sig,8,675,0.27184857027788967,282.9230769230769,62.046882111970866,282.9230769230769,62.046882111970866,0
per_huruf_hybrid_skeleton_forced_loop_no_sig,8,676,0.27225130890052357,283.0,62.0,283.0,62.0,0
per_huruf_hybrid_skeleton_forced_loop_no_sig,8,677,0.2726540475231575,283.0769230769231,61.96995903504781,283.0769230769231,61.96995903504781,0
per_huruf_hybrid_skeleton_forced_loop_no_sig,8,678,0.2730567861457914,283.15384615384613,61.95493855257169,283.15384615384613,61.95493855257169,0
per_huruf_hybrid_skeleton_forced_loop_no_sig,8,679,0.2734595247684253,283.23076923076917,61.95220755575785,283.23076923076917,61.95220755575785,0
per_huruf_hybrid_skeleton_forced_loop_no_sig,8,680,0.27386226339105924,283.30769230769226,61.95903504779244,283.30769230769226,61.95903504779244,0
per_huruf_hybrid_skeleton_forced_loop_no_sig,8,681,0.27426500201369314,283.38461538461536,61.972690031861646,283.38461538461536,61.972690031861646,0
per_huruf_hybrid_skeleton_forced_loop_no_sig,8,682,0.27466774063632704,283.46153846153845,61.99044151115157,283.46153846153845,61.99044151115157,0
per_huruf_hybrid_skeleton_forced_loop_no_sig,8,683,0.27507047925896094,283.53846153846155,62.00955848884843,283.53846153846155,62.00955848884843,0
per_huruf_hybrid_skeleton_forced_loop_no_sig,8,684,0.27547321788159485,283.61538461538464,62.027309968138375,283.61538461538464,62.027309968138375,0
per_huruf_hybrid_skeleton_forced_loop_no_sig,8,685,0.27587595650422875,283.6923076923077,62.04096495220756,283.6923076923077,62.04096495220756,0
per_huruf_hybrid_skeleton_forced_loop_no_sig,8,686,0.27627869512686265,283.7692307692307,62.04779244424214,283.7692307692307,62.04779244424214,0
per_huruf_hybrid_skeleton_forced_loop_no_sig,8,687,0.2766814337494966,283.84615384615387,62.04506144742831,283.84615384615387,62.04506144742831,0
per_huruf_hybrid_skeleton_forced_loop_no_sig,8,688,0.2770841723721305,283.9230769230769,62.03004096495221,283.9230769230769,62.03004096495221,0
per_huruf_hybrid_skeleton_forced_loop_no_sig,8,689,0.2774869109947644,284.0,62.0,284.0,62.0,0
per_huruf_hybrid_skeleton_forced_loop_no_sig,8,690,0.2778896496173983,284.0769230769231,61.95311788802915,284.0769230769231,61.95311788802915,0
per_huruf_hybrid_skeleton_forced_loop_no_sig,8,691,0.2782923882400322,284.15384615384613,61.89121529358216,284.15384615384613,61.89121529358216,0
per_huruf_hybrid_skeleton_forced_loop_no_sig,8,692,0.2786951268626661,284.23076923076917,61.81702321347291,284.23076923076917,61.81702321347291,0
per_huruf_hybrid_skeleton_forced_loop_no_sig,8,693,0.2790978654853001,284.30769230769226,61.733272644515246,284.30769230769226,61.733272644515246,0
per_huruf_hybrid_skeleton_forced_loop_no_sig,8,694,0.279500604107934,284.3846153846154,61.64269458352299,284.3846153846154,61.64269458352299,0
per_huruf_hybrid_skeleton_forced_loop_no_sig,8,695,0.2799033427305679,284.4615384615385,61.548020027309974,284.4615384615385,61.548020027309974,0
per_huruf_hybrid_skeleton_forced_loop_no_sig,8,696,0.2803060813532018,284.53846153846155,61.451979972690026,284.53846153846155,61.451979972690026,0
per_huruf_hybrid_skeleton_forced_loop_no_sig,8,697,0.2807088199758357,284.61538461538464,61.35730541647702,284.61538461538464,61.35730541647702,0
per_huruf_hybrid_skeleton_forced_loop_no_sig,8,698,0.2811115585984696,284.6923076923077,61.26672735548475,284.6923076923077,61.26672735548475,0
per_huruf_hybrid_skeleton_forced_loop_no_sig,8,699,0.2815142972211035,284.7692307692307,61.18297678652707,284.7692307692307,61.18297678652707,0
per_huruf_hybrid_skeleton_forced_loop_no_sig,8,700,0.28191703584373745,284.84615384615387,61.108784706417836,284.84615384615387,61.108784706417836,0
per_huruf_hybrid_skeleton_forced_loop_no_sig,8,701,0.28231977446637135,284.9230769230769,61.046882111970866,284.9230769230769,61.046882111970866,0
per_huruf_hybrid_skeleton_forced_loop_no_sig,8,702,0.28272251308900526,285.0,61.0,285.0,61.0,0
per_huruf_hybrid_skeleton_forced_loop_no_sig,8,703,0.28312525171163916,285.0769230769231,60.96995903504781,285.0769230769231,60.96995903504781,0
per_huruf_hybrid_skeleton_forced_loop_no_sig,8,704,0.28352799033427306,285.15384615384613,60.95493855257169,285.15384615384613,60.95493855257169,0
per_huruf_hybrid_skeleton_forced_loop_no_sig,8,705,0.28393072895690696,285.23076923076917,60.95220755575784,285.23076923076917,60.95220755575784,0
per_huruf_hybrid_skeleton_forced_loop_no_sig,8,706,0.28433346757954087,285.30769230769226,60.95903504779244,285.30769230769226,60.95903504779244,0
per_huruf_hybrid_skeleton_forced_loop_no_sig,8,707,0.2847362062021748,285.3846153846154,60.97269003186164,285.3846153846154,60.97269003186164,0
per_huruf_hybrid_skeleton_forced_loop_no_sig,8,708,0.2851389448248087,285.46153846153845,60.99044151115157,285.46153846153845,60.99044151115157,0
per_huruf_hybrid_skeleton_forced_loop_no_sig,8,709,0.28554168344744263,285.53846153846155,61.00955848884843,285.53846153846155,61.00955848884843,0
per_huruf_hybrid_skeleton_forced_loop_no_sig,8,710,0.28594442207007653,285.61538461538464,61.027309968138375,285.61538461538464,61.027309968138375,0
per_huruf_hybrid_skeleton_forced_loop_no_sig,8,711,0.28634716069271043,285.6923076923077,61.04096495220755,285.6923076923077,61.04096495220755,0
per_huruf_hybrid_skeleton_forced_loop_no_sig,8,712,0.28674989931534434,285.7692307692307,61.04779244424214,285.7692307692307,61.04779244424214,0
per_huruf_hybrid_skeleton_forced_loop_no_sig,8,713,0.28715263793797824,285.84615384615387,61.04506144742831,285.84615384615387,61.04506144742831,0
per_huruf_hybrid_skeleton_forced_loop_no_sig,8,714,0.2875553765606122,285.9230769230769,61.03004096495221,285.9230769230769,61.03004096495221,0
per_huruf_hybrid_skeleton_forced_loop_no_sig,8,715,0.2879581151832461,286.0,61.0,286.0,61.0,0
per_huruf_hybrid_skeleton_forced_loop_no_sig,8,716,0.28836085380588,286.0769230769231,60.95311788802914,286.0769230769231,60.95311788802914,0
per_huruf_hybrid_skeleton_forced_loop_no_sig,8,717,0.2887635924285139,286.1538461538462,60.89121529358216,286.1538461538462,60.89121529358216,0
per_huruf_hybrid_skeleton_forced_loop_no_sig,8,718,0.2891663310511478,286.23076923076917,60.81702321347291,286.23076923076917,60.81702321347291,0
per_huruf_hybrid_skeleton_forced_loop_no_sig,8,719,0.2895690696737817,286.30769230769226,60.733272644515246,286.30769230769226,60.733272644515246,0
per_huruf_hybrid_skeleton_forced_loop_no_sig,8,720,0.2899718082964156,286.3846153846154,60.64269458352299,286.3846153846154,60.64269458352299,0
per_huruf_hybrid_skeleton_forced_loop_no_sig,8,721,0.29037454691904957,286.4615384615385,60.548020027309974,286.4615384615385,60.548020027309974,0
per_huruf_hybrid_skeleton_forced_loop_no_sig,8,722,0.2907772855416835,286.53846153846155,60.45197997269003,286.53846153846155,60.45197997269003,0
per_huruf_hybrid_skeleton_forced_loop_no_sig,8,723,0.2911800241643174,286.61538461538464,60.35730541647701,286.61538461538464,60.35730541647701,0
per_huruf_hybrid_skeleton_forced_loop_no_sig,8,724,0.2915827627869513,286.6923076923077,60.266727355484754,286.6923076923077,60.266727355484754,0
per_huruf_hybrid_skeleton_forced_loop_no_sig,8,725,0.2919855014095852,286.7692307692308,60.18297678652708,286.7692307692308,60.18297678652708,0
per_huruf_hybrid_skeleton_forced_loop_no_sig,8,726,0.2923882400322191,286.84615384615387,60.10878470641784,286.84615384615387,60.10878470641784,0
per_huruf_hybrid_skeleton_forced_loop_no_sig,8,727,0.292790978654853,286.9230769230769,60.046882111970866,286.9230769230769,60.046882111970866,0
per_huruf_hybrid_skeleton_forced_loop_no_sig,8,728,0.29319371727748694,287.0,60.0,287.0,60.0,0
per_huruf_hybrid_skeleton_forced_loop_no_sig,8,729,0.29359645590012085,287.07692307692315,59.9699590350478,287.07692307692315,59.9699590350478,0
per_huruf_hybrid_skeleton_forced_loop_no_sig,8,730,0.29399919452275475,287.1538461538462,59.95493855257169,287.1538461538462,59.95493855257169,0
per_huruf_hybrid_skeleton_forced_loop_no_sig,8,731,0.29440193314538865,287.23076923076917,59.95220755575784,287.23076923076917,59.95220755575784,0
per_huruf_hybrid_skeleton_forced_loop_no_sig,8,732,0.29480467176802255,287.30769230769226,59.95903504779243,287.30769230769226,59.95903504779243,0
per_huruf_hybrid_skeleton_forced_loop_no_sig,8,733,0.29520741039065646,287.3846153846154,59.97269003186164,287.3846153846154,59.97269003186164,0
per_huruf_hybrid_skeleton_forced_loop_no_sig,8,734,0.2956101490132904,287.46153846153845,59.99044151115157,287.46153846153845,59.99044151115157,0
per_huruf_hybrid_skeleton_forced_loop_no_sig,8,735,0.2960128876359243,287.53846153846155,60.009558488848434,287.53846153846155,60.009558488848434,0
per_huruf_hybrid_skeleton_forced_loop_no_sig,8,736,0.2964156262585582,287.61538461538464,60.027309968138375,287.61538461538464,60.027309968138375,0
per_huruf_hybrid_skeleton_forced_loop_no_sig,8,737,0.2968183648811921,287.6923076923077,60.04096495220755,287.6923076923077,60.04096495220755,0
per_huruf_hybrid_skeleton_forced_loop_no_sig,8,738,0.297221103503826,287.7692307692307,60.04779244424214,287.7692307692307,60.04779244424214,0
per_huruf_hybrid_skeleton_forced_loop_no_sig,8,739,0.2976238421264599,287.84615384615387,60.04506144742831,287.84615384615387,60.04506144742831,0
per_huruf_hybrid_skeleton_forced_loop_no_sig,8,740,0.29802658074909383,287.9230769230769,60.03004096495221,287.9230769230769,60.03004096495221,0
per_huruf_hybrid_skeleton_forced_loop_no_sig,8,741,0.2984293193717278,288.0,60.0,288.0,60.0,0
per_huruf_hybrid_skeleton_forced_loop_no_sig,8,742,0.2988320579943617,288.0769230769231,59.95311788802914,288.0769230769231,59.95311788802914,0
per_huruf_hybrid_skeleton_forced_loop_no_sig,8,743,0.2992347966169956,288.1538461538462,59.891215293582164,288.1538461538462,59.891215293582164,0
per_huruf_hybrid_skeleton_forced_loop_no_sig,8,744,0.2996375352396295,288.23076923076917,59.81702321347291,288.23076923076917,59.81702321347291,0
per_huruf_hybrid_skeleton_forced_loop_no_sig,8,745,0.3000402738622634,288.30769230769226,59.733272644515246,288.30769230769226,59.733272644515246,0
per_huruf_hybrid_skeleton_forced_loop_no_sig,8,746,0.3004430124848973,288.3846153846154,59.64269458352299,288.3846153846154,59.64269458352299,0
per_huruf_hybrid_skeleton_forced_loop_no_sig,8,747,0.3008457511075312,288.46153846153845,59.548020027309974,288.46153846153845,59.548020027309974,0
per_huruf_hybrid_skeleton_forced_loop_no_sig,8,748,0.30124848973016516,288.53846153846155,59.45197997269003,288.53846153846155,59.45197997269003,0
per_huruf_hybrid_skeleton_forced_loop_no_sig,8,749,0.30165122835279906,288.61538461538464,59.35730541647702,288.61538461538464,59.35730541647702,0
per_huruf_hybrid_skeleton_forced_loop_no_sig,8,750,0.30205396697543296,288.6923076923077,59.26672735548475,288.6923076923077,59.26672735548475,0
per_huruf_hybrid_skeleton_forced_loop_no_sig,8,751,0.30245670559806687,288.7692307692307,59.18297678652708,288.7692307692307,59.18297678652708,0
per_huruf_hybrid_skeleton_forced_loop_no_sig,8,752,0.30285944422070077,288.8461538461538,59.10878470641784,288.8461538461538,59.10878470641784,0
per_huruf_hybrid_skeleton_forced_loop_no_sig,8,753,0.30326218284333467,288.9230769230769,59.046882111970866,288.9230769230769,59.046882111970866,0
per_huruf_hybrid_skeleton_forced_loop_no_sig,8,754,0.3036649214659686,289.0,59.0,289.0,59.0,0
per_huruf_hybrid_skeleton_forced_loop_no_sig,8,755,0.30406766008860253,289.07692307692315,58.9699590350478,289.07692307692315,58.9699590350478,0
per_huruf_hybrid_skeleton_forced_loop_no_sig,8,756,0.30447039871123643,289.15384615384613,58.95493855257169,289.15384615384613,58.95493855257169,0
per_huruf_hybrid_skeleton_forced_loop_no_sig,8,757,0.30487313733387034,289.23076923076917,58.95220755575785,289.23076923076917,58.95220755575785,0
per_huruf_hybrid_skeleton_forced_loop_no_sig,8,758,0.30527587595650424,289.30769230769226,58.95903504779245,289.30769230769226,58.95903504779245,0
per_huruf_hybrid_skeleton_forced_loop_no_sig,8,759,0.30567861457913814,289.3846153846154,58.97269003186164,289.3846153846154,58.97269003186164,0
per_huruf_hybrid_skeleton_forced_loop_no_sig,8,760,0.30608135320177204,289.46153846153845,58.99044151115157,289.46153846153845,58.99044151115157,0
per_huruf_hybrid_skeleton_forced_loop_no_sig,8,761,0.30648409182440595,289.53846153846155,59.00955848884843,289.53846153846155,59.00955848884843,0
per_huruf_hybrid_skeleton_forced_loop_no_sig,8,762,0.3068868304470399,289.61538461538464,59.02730996813837,289.61538461538464,59.02730996813837,0
per_huruf_hybrid_skeleton_forced_loop_no_sig,8,763,0.3072895690696738,289.6923076923077,59.040964952207545,289.6923076923077,59.040964952207545,0
per_huruf_hybrid_skeleton_forced_loop_no_sig,8,764,0.3076923076923077,289.7692307692307,59.04779244424214,289.7692307692307,59.04779244424214,0
per_huruf_hybrid_skeleton_forced_loop_no_sig,8,765,0.3080950463149416,289.8461538461538,59.04506144742831,289.8461538461538,59.04506144742831,0
per_huruf_hybrid_skeleton_forced_loop_no_sig,8,766,0.3084977849375755,289.9230769230769,59.03004096495221,289.9230769230769,59.03004096495221,0
per_huruf_hybrid_skeleton_forced_loop_no_sig,8,767,0.3089005235602094,290.0,59.0,290.0,59.0,0
per_huruf_hybrid_skeleton_forced_loop_no_sig,8,768,0.3093032621828433,290.0769230769231,58.95311788802914,290.0769230769231,58.95311788802914,0
per_huruf_hybrid_skeleton_forced_loop_no_sig,8,769,0.3097060008054773,290.1538461538462,58.891215293582164,290.1538461538462,58.891215293582164,0
per_huruf_hybrid_skeleton_forced_loop_no_sig,8,770,0.3101087394281112,290.2307692307692,58.817023213472915,290.2307692307692,58.817023213472915,0
per_huruf_hybrid_skeleton_forced_loop_no_sig,8,771,0.3105114780507451,290.30769230769226,58.733272644515246,290.30769230769226,58.733272644515246,0
per_huruf_hybrid_skeleton_forced_loop_no_sig,8,772,0.310914216673379,290.3846153846154,58.64269458352299,290.3846153846154,58.64269458352299,0
per_huruf_hybrid_skeleton_forced_loop_no_sig,8,773,0.3113169552960129,290.46153846153845,58.548020027309974,290.46153846153845,58.548020027309974,0
per_huruf_hybrid_skeleton_forced_loop_no_sig,8,774,0.3117196939186468,290.53846153846155,58.45197997269004,290.53846153846155,58.45197997269004,0
per_huruf_hybrid_skeleton_forced_loop_no_sig,8,775,0.31212243254128075,290.61538461538464,58.35730541647702,290.61538461538464,58.35730541647702,0
per_huruf_hybrid_skeleton_forced_loop_no_sig,8,776,0.31252517116391465,290.6923076923077,58.26672735548475,290.6923076923077,58.26672735548475,0
per_huruf_hybrid_skeleton_forced_loop_no_sig,8,777,0.31292790978654855,290.7692307692307,58.18297678652708,290.7692307692307,58.18297678652708,0
per_huruf_hybrid_skeleton_forced_loop_no_sig,8,778,0.31333064840918246,290.8461538461538,58.108784706417836,290.8461538461538,58.108784706417836,0
per_huruf_hybrid_skeleton_forced_loop_no_sig,8,779,0.31373338703181636,290.9230769230769,58.046882111970866,290.9230769230769,58.046882111970866,0
per_huruf_hybrid_skeleton_forced_loop_no_sig,8,780,0.31413612565445026,291.0,58.0,291.0,58.0,0
per_huruf_hybrid_skeleton_forced_loop_no_sig,8,781,0.31453886427708416,291.0769230769231,57.9699590350478,291.0769230769231,57.9699590350478,0
per_huruf_hybrid_skeleton_forced_loop_no_sig,8,782,0.3149416028997181,291.1538461538462,57.954938552571704,291.1538461538462,57.954938552571704,0
per_huruf_hybrid_skeleton_forced_loop_no_sig,8,783,0.315344341522352,291.23076923076917,57.952207555757845,291.23076923076917,57.952207555757845,0
per_huruf_hybrid_skeleton_forced_loop_no_sig,8,784,0.3157470801449859,291.30769230769226,57.95903504779244,291.30769230769226,57.95903504779244,0
per_huruf_hybrid_skeleton_forced_loop_no_sig,8,785,0.31614981876761983,291.38461538461536,57.97269003186164,291.38461538461536,57.97269003186164,0
per_huruf_hybrid_skeleton_forced_loop_no_sig,8,786,0.31655255739025373,291.46153846153845,57.99044151115158,291.46153846153845,57.99044151115158,0
per_huruf_hybrid_skeleton_forced_loop_no_sig,8,787,0.31695529601288763,291.5384615384615,58.00955848884843,291.5384615384615,58.00955848884843,0
per_huruf_hybrid_skeleton_forced_loop_no_sig,8,788,0.31735803463552154,291.61538461538464,58.02730996813837,291.61538461538464,58.02730996813837,0
per_huruf_hybrid_skeleton_forced_loop_no_sig,8,789,0.3177607732581555,291.6923076923077,58.04096495220755,291.6923076923077,58.04096495220755,0
per_huruf_hybrid_skeleton_forced_loop_no_sig,8,790,0.3181635118807894,291.7692307692307,58.04779244424214,291.7692307692307,58.04779244424214,0
per_huruf_hybrid_skeleton_forced_loop_no_sig,8,791,0.3185662505034233,291.8461538461538,58.04506144742831,291.8461538461538,58.04506144742831,0
per_huruf_hybrid_skeleton_forced_loop_no_sig,8,792,0.3189689891260572,291.9230769230769,58.03004096495221,291.9230769230769,58.03004096495221,0
per_huruf_hybrid_skeleton_forced_loop_no_sig,8,793,0.3193717277486911,292.0,58.0,292.0,58.0,0
per_huruf_hybrid_skeleton_forced_loop_no_sig,8,794,0.319774466371325,292.0769230769231,57.953117888029134,292.0769230769231,57.953117888029134,0
per_huruf_hybrid_skeleton_forced_loop_no_sig,8,795,0.3201772049939589,292.1538461538462,57.891215293582164,292.1538461538462,57.891215293582164,0
per_huruf_hybrid_skeleton_forced_loop_no_sig,8,796,0.32057994361659287,292.23076923076917,57.81702321347291,292.23076923076917,57.81702321347291,0
per_huruf_hybrid_skeleton_forced_loop_no_sig,8,797,0.32098268223922677,292.3076923076923,57.733272644515246,292.3076923076923,57.733272644515246,0
per_huruf_hybrid_skeleton_forced_loop_no_sig,8,798,0.32138542086186067,292.38461538461536,57.64269458352299,292.38461538461536,57.64269458352299,0
per_huruf_hybrid_skeleton_forced_loop_no_sig,8,799,0.3217881594844946,292.4615384615385,57.54802002730998,292.4615384615385,57.54802002730998,0
per_huruf_hybrid_skeleton_forced_loop_no_sig,8,800,0.3221908981071285,292.53846153846155,57.45197997269003,292.53846153846155,57.45197997269003,0
per_huruf_hybrid_skeleton_forced_loop_no_sig,8,801,0.3225936367297624,292.61538461538464,57.35730541647702,292.61538461538464,57.35730541647702,0
per_huruf_hybrid_skeleton_forced_loop_no_sig,8,802,0.3229963753523963,292.6923076923077,57.266727355484754,292.6923076923077,57.266727355484754,0
per_huruf_hybrid_skeleton_forced_loop_no_sig,8,803,0.32339911397503024,292.7692307692307,57.18297678652708,292.7692307692307,57.18297678652708,0
per_huruf_hybrid_skeleton_forced_loop_no_sig,8,804,0.32380185259766414,292.8461538461538,57.108784706417836,292.8461538461538,57.108784706417836,0
per_huruf_hybrid_skeleton_forced_loop_no_sig,8,805,0.32420459122029804,292.9230769230769,57.046882111970866,292.9230769230769,57.046882111970866,0
per_huruf_hybrid_skeleton_forced_loop_no_sig,8,806,0.32460732984293195,293.0,57.0,293.0,57.0,0
per_huruf_hybrid_skeleton_forced_loop_no_sig,8,807,0.32501006846556585,293.07692307692315,56.9699590350478,293.07692307692315,56.9699590350478,0
per_huruf_hybrid_skeleton_forced_loop_no_sig,8,808,0.32541280708819975,293.1538461538462,56.95493855257169,293.1538461538462,56.95493855257169,0
per_huruf_hybrid_skeleton_forced_loop_no_sig,8,809,0.3258155457108337,293.23076923076917,56.95220755575784,293.23076923076917,56.95220755575784,0
per_huruf_hybrid_skeleton_forced_loop_no_sig,8,810,0.3262182843334676,293.30769230769226,56.95903504779244,293.30769230769226,56.95903504779244,0
per_huruf_hybrid_skeleton_forced_loop_no_sig,8,811,0.3266210229561015,293.38461538461536,56.97269003186164,293.38461538461536,56.97269003186164,0
per_huruf_hybrid_skeleton_forced_loop_no_sig,8,812,0.3270237615787354,293.4615384615385,56.99044151115158,293.4615384615385,56.99044151115158,0
per_huruf_hybrid_skeleton_forced_loop_no_sig,8,813,0.3274265002013693,293.53846153846155,57.009558488848434,293.53846153846155,57.009558488848434,0
per_huruf_hybrid_skeleton_forced_loop_no_sig,8,814,0.3278292388240032,293.6153846153846,57.02730996813837,293.6153846153846,57.02730996813837,0
per_huruf_hybrid_skeleton_forced_loop_no_sig,8,815,0.3282319774466371,293.69230769230774,57.04096495220756,293.69230769230774,57.04096495220756,0
per_huruf_hybrid_skeleton_forced_loop_no_sig,8,816,0.3286347160692711,293.7692307692307,57.04779244424214,293.7692307692307,57.04779244424214,0
per_huruf_hybrid_skeleton_forced_loop_no_sig,8,817,0.329037454691905,293.84615384615387,57.04506144742831,293.84615384615387,57.04506144742831,0
per_huruf_hybrid_skeleton_forced_loop_no_sig,8,818,0.3294401933145389,293.9230769230769,57.03004096495221,293.9230769230769,57.03004096495221,0
per_huruf_hybrid_skeleton_forced_loop_no_sig,8,819,0.3298429319371728,294.0,57.0,294.0,57.0,0
per_huruf_hybrid_skeleton_forced_loop_no_sig,8,820,0.3302456705598067,294.0769230769231,56.95311788802914,294.0769230769231,56.95311788802914,0
per_huruf_hybrid_skeleton_forced_loop_no_sig,8,821,0.3306484091824406,294.1538461538462,56.891215293582164,294.1538461538462,56.891215293582164,0
per_huruf_hybrid_skeleton_forced_loop_no_sig,8,822,0.3310511478050745,294.23076923076917,56.81702321347291,294.23076923076917,56.81702321347291,0
per_huruf_hybrid_skeleton_forced_loop_no_sig,8,823,0.33145388642770846,294.3076923076923,56.733272644515246,294.3076923076923,56.733272644515246,0
per_huruf_hybrid_skeleton_forced_loop_no_sig,8,824,0.33185662505034236,294.38461538461536,56.64269458352299,294.38461538461536,56.64269458352299,0
per_huruf_hybrid_skeleton_forced_loop_no_sig,8,825,0.33225936367297626,294.4615384615385,56.548020027309974,294.4615384615385,56.548020027309974,0
per_huruf_hybrid_skeleton_forced_loop_no_sig,8,826,0.33266210229561016,294.53846153846155,56.45197997269003,294.53846153846155,56.45197997269003,0
per_huruf_hybrid_skeleton_forced_loop_no_sig,8,827,0.33306484091824407,294.61538461538464,56.35730541647702,294.61538461538464,56.35730541647702,0
per_huruf_hybrid_skeleton_forced_loop_no_sig,8,828,0.33346757954087797,294.69230769230774,56.26672735548475,294.69230769230774,56.26672735548475,0
per_huruf_hybrid_skeleton_forced_loop_no_sig,8,829,0.33387031816351187,294.7692307692307,56.18297678652708,294.7692307692307,56.18297678652708,0
per_huruf_hybrid_skeleton_forced_loop_no_sig,8,830,0.33427305678614583,294.84615384615387,56.108784706417836,294.84615384615387,56.108784706417836,0
per_huruf_hybrid_skeleton_forced_loop_no_sig,8,831,0.33467579540877973,294.9230769230769,56.046882111970866,294.9230769230769,56.046882111970866,0
per_huruf_hybrid_skeleton_forced_loop_no_sig,8,832,0.33507853403141363,295.0,56.0,295.0,56.0,0
per_huruf_hybrid_skeleton_forced_loop_no_sig,8,833,0.33548127265404754,295.0769230769231,55.9699590350478,295.0769230769231,55.9699590350478,0
per_huruf_hybrid_skeleton_forced_loop_no_sig,8,834,0.33588401127668144,295.15384615384613,55.9549385525717,295.15384615384613,55.9549385525717,0
per_huruf_hybrid_skeleton_forced_loop_no_sig,8,835,0.33628674989931534,295.2307692307692,55.952207555757845,295.2307692307692,55.952207555757845,0
per_huruf_hybrid_skeleton_forced_loop_no_sig,8,836,0.33668948852194924,295.30769230769226,55.95903504779245,295.30769230769226,55.95903504779245,0
per_huruf_hybrid_skeleton_forced_loop_no_sig,8,837,0.3370922271445832,295.3846153846155,55.97269003186164,295.3846153846155,55.97269003186164,0
per_huruf_hybrid_skeleton_forced_loop_no_sig,8,838,0.3374949657672171,295.46153846153845,55.99044151115158,295.46153846153845,55.99044151115158,0
per_huruf_hybrid_skeleton_forced_loop_no_sig,8,839,0.337897704389851,295.53846153846155,56.00955848884843,295.53846153846155,56.00955848884843,0
per_huruf_hybrid_skeleton_forced_loop_no_sig,8,840,0.3383004430124849,295.61538461538464,56.02730996813837,295.61538461538464,56.02730996813837,0
per_huruf_hybrid_skeleton_forced_loop_no_sig,8,841,0.3387031816351188,295.6923076923077,56.04096495220756,295.6923076923077,56.04096495220756,0
per_huruf_hybrid_skeleton_forced_loop_no_sig,8,842,0.3391059202577527,295.7692307692308,56.04779244424214,295.7692307692308,56.04779244424214,0
per_huruf_hybrid_skeleton_forced_loop_no_sig,8,843,0.3395086588803866,295.8461538461538,56.04506144742831,295.8461538461538,56.04506144742831,0
per_huruf_hybrid_skeleton_forced_loop_no_sig,8,844,0.3399113975030206,295.9230769230769,56.03004096495221,295.9230769230769,56.03004096495221,0
per_huruf_hybrid_skeleton_forced_loop_no_sig,8,845,0.3403141361256545,296.0,56.0,296.0,56.0,0
per_huruf_hybrid_skeleton_forced_loop_no_sig,8,846,0.3407168747482884,296.07692307692315,55.95311788802914,296.07692307692315,55.95311788802914,0
per_huruf_hybrid_skeleton_forced_loop_no_sig,8,847,0.3411196133709223,296.1538461538462,55.891215293582164,296.1538461538462,55.891215293582164,0
per_huruf_hybrid_skeleton_forced_loop_no_sig,8,848,0.3415223519935562,296.2307692307691,55.81702321347291,296.2307692307691,55.81702321347291,0
per_huruf_hybrid_skeleton_forced_loop_no_sig,8,849,0.3419250906161901,296.3076923076923,55.73327264451525,296.3076923076923,55.73327264451525,0
per_huruf_hybrid_skeleton_forced_loop_no_sig,8,850,0.34232782923882404,296.3846153846155,55.64269458352299,296.3846153846155,55.64269458352299,0
per_huruf_hybrid_skeleton_forced_loop_no_sig,8,851,0.34273056786145795,296.4615384615385,55.54802002730997,296.4615384615385,55.54802002730997,0
per_huruf_hybrid_skeleton_forced_loop_no_sig,8,852,0.34313330648409185,296.53846153846155,55.45197997269004,296.53846153846155,55.45197997269004,0
per_huruf_hybrid_skeleton_forced_loop_no_sig,8,853,0.34353604510672575,296.61538461538464,55.35730541647702,296.61538461538464,55.35730541647702,0
per_huruf_hybrid_skeleton_forced_loop_no_sig,8,854,0.34393878372935965,296.6923076923077,55.26672735548475,296.6923076923077,55.26672735548475,0
per_huruf_hybrid_skeleton_forced_loop_no_sig,8,855,0.34434152235199356,296.7692307692307,55.18297678652708,296.7692307692307,55.18297678652708,0
per_huruf_hybrid_skeleton_forced_loop_no_sig,8,856,0.34474426097462746,296.84615384615387,55.10878470641785,296.84615384615387,55.10878470641785,0
per_huruf_hybrid_skeleton_forced_loop_no_sig,8,857,0.3451469995972614,296.9230769230769,55.046882111970866,296.9230769230769,55.046882111970866,0
per_huruf_hybrid_skeleton_forced_loop_no_sig,8,858,0.3455497382198953,297.0,55.0,297.0,55.0,0
per_huruf_hybrid_skeleton_forced_loop_no_sig,8,859,0.3459524768425292,297.07692307692315,54.9699590350478,297.07692307692315,54.9699590350478,0
per_huruf_hybrid_skeleton_forced_loop_no_sig,8,860,0.3463552154651631,297.1538461538462,54.9549385525717,297.1538461538462,54.9549385525717,0
per_huruf_hybrid_skeleton_forced_loop_no_sig,8,861,0.346757954087797,297.23076923076917,54.952207555757845,297.23076923076917,54.952207555757845,0
per_huruf_hybrid_skeleton_forced_loop_no_sig,8,862,0.34716069271043093,297.30769230769226,54.95903504779244,297.30769230769226,54.95903504779244,0
per_huruf_hybrid_skeleton_forced_loop_no_sig,8,863,0.34756343133306483,297.3846153846155,54.97269003186164,297.3846153846155,54.97269003186164,0
per_huruf_hybrid_skeleton_forced_loop_no_sig,8,864,0.3479661699556988,297.4615384615385,54.99044151115157,297.4615384615385,54.99044151115157,0
per_huruf_hybrid_skeleton_forced_loop_no_sig,8,865,0.3483689085783327,297.53846153846155,55.009558488848434,297.53846153846155,55.009558488848434,0
per_huruf_hybrid_skeleton_forced_loop_no_sig,8,866,0.3487716472009666,297.61538461538464,55.027309968138375,297.61538461538464,55.027309968138375,0
per_huruf_hybrid_skeleton_forced_loop_no_sig,8,867,0.3491743858236005,297.6923076923077,55.04096495220755,297.6923076923077,55.04096495220755,0
per_huruf_hybrid_skeleton_forced_loop_no_sig,8,868,0.3495771244462344,297.7692307692307,55.04779244424215,297.7692307692307,55.04779244424215,0
per_huruf_hybrid_skeleton_forced_loop_no_sig,8,869,0.3499798630688683,297.84615384615387,55.04506144742832,297.84615384615387,55.04506144742832,0
per_huruf_hybrid_skeleton_forced_loop_no_sig,8,870,0.3503826016915022,297.9230769230769,55.03004096495221,297.9230769230769,55.03004096495221,0
per_huruf_hybrid_skeleton_forced_loop_no_sig,8,871,0.35078534031413616,298.0,55.0,298.0,55.0,0
per_huruf_hybrid_skeleton_forced_loop_no_sig,8,872,0.35118807893677007,298.0769230769231,54.953117888029134,298.0769230769231,54.953117888029134,0
per_huruf_hybrid_skeleton_forced_loop_no_sig,8,873,0.35159081755940397,298.1538461538462,54.891215293582164,298.1538461538462,54.891215293582164,0
per_huruf_hybrid_skeleton_forced_loop_no_sig,8,874,0.35199355618203787,298.23076923076917,54.817023213472915,298.23076923076917,54.817023213472915,0
per_huruf_hybrid_skeleton_forced_loop_no_sig,8,875,0.3523962948046718,298.30769230769226,54.73327264451524,298.30769230769226,54.73327264451524,0
per_huruf_hybrid_skeleton_forced_loop_no_sig,8,876,0.3527990334273057,298.3846153846155,54.642694583523,298.3846153846155,54.642694583523,0
per_huruf_hybrid_skeleton_forced_loop_no_sig,8,877,0.3532017720499396,298.4615384615385,54.54802002730997,298.4615384615385,54.54802002730997,0
per_huruf_hybrid_skeleton_forced_loop_no_sig,8,878,0.35360451067257354,298.53846153846155,54.45197997269003,298.53846153846155,54.45197997269003,0
per_huruf_hybrid_skeleton_forced_loop_no_sig,8,879,0.35400724929520744,298.61538461538464,54.35730541647702,298.61538461538464,54.35730541647702,0
per_huruf_hybrid_skeleton_forced_loop_no_sig,8,880,0.35440998791784134,298.6923076923077,54.266727355484754,298.6923076923077,54.266727355484754,0
per_huruf_hybrid_skeleton_forced_loop_no_sig,8,881,0.35481272654047524,298.7692307692307,54.18297678652708,298.7692307692307,54.18297678652708,0
per_huruf_hybrid_skeleton_forced_loop_no_sig,8,882,0.35521546516310915,298.8461538461538,54.10878470641785,298.8461538461538,54.10878470641785,0
per_huruf_hybrid_skeleton_forced_loop_no_sig,8,883,0.35561820378574305,298.9230769230769,54.046882111970866,298.9230769230769,54.046882111970866,0
per_huruf_hybrid_skeleton_forced_loop_no_sig,8,884,0.35602094240837695,299.0,54.0,299.0,54.0,0
per_huruf_hybrid_skeleton_forced_loop_no_sig,8,885,0.3564236810310109,299.0769230769231,53.9699590350478,299.0769230769231,53.9699590350478,0
per_huruf_hybrid_skeleton_forced_loop_no_sig,8,886,0.3568264196536448,299.15384615384613,53.95493855257169,299.15384615384613,53.95493855257169,0
per_huruf_hybrid_skeleton_forced_loop_no_sig,8,887,0.3572291582762787,299.2307692307692,53.952207555757845,299.2307692307692,53.952207555757845,0
per_huruf_hybrid_skeleton_forced_loop_no_sig,8,888,0.3576318968989126,299.30769230769226,53.95903504779244,299.30769230769226,53.95903504779244,0
per_huruf_hybrid_skeleton_forced_loop_no_sig,8,889,0.3580346355215465,299.3846153846154,53.97269003186164,299.3846153846154,53.97269003186164,0
per_huruf_hybrid_skeleton_forced_loop_no_sig,8,890,0.3584373741441804,299.46153846153845,53.990441511151566,299.46153846153845,53.990441511151566,0
per_huruf_hybrid_skeleton_forced_loop_no_sig,8,891,0.3588401127668144,299.53846153846155,54.009558488848434,299.53846153846155,54.009558488848434,0
per_huruf_hybrid_skeleton_forced_loop_no_sig,8,892,0.3592428513894483,299.61538461538464,54.02730996813837,299.61538461538464,54.02730996813837,0
per_huruf_hybrid_skeleton_forced_loop_no_sig,8,893,0.3596455900120822,299.6923076923077,54.04096495220755,299.6923076923077,54.04096495220755,0
per_huruf_hybrid_skeleton_forced_loop_no_sig,8,894,0.3600483286347161,299.7692307692307,54.04779244424215,299.7692307692307,54.04779244424215,0
per_huruf_hybrid_skeleton_forced_loop_no_sig,8,895,0.36045106725735,299.84615384615387,54.04506144742831,299.84615384615387,54.04506144742831,0
per_huruf_hybrid_skeleton_forced_loop_no_sig,8,896,0.3608538058799839,299.9230769230769,54.03004096495221,299.9230769230769,54.03004096495221,0
per_huruf_hybrid_skeleton_forced_loop_no_sig,8,897,0.3612565445026178,300.0,54.0,300.0,54.0,0
per_huruf_hybrid_skeleton_forced_loop_no_sig,8,898,0.36165928312525175,300.07692307692315,53.95584888484298,300.07692307692315,53.95584888484298,0
per_huruf_hybrid_skeleton_forced_loop_no_sig,8,899,0.36206202174788565,300.1538461538462,53.90122894856623,300.1538461538462,53.90122894856623,0
per_huruf_hybrid_skeleton_forced_loop_no_sig,8,900,0.36246476037051956,300.2307692307692,53.83750568957669,300.2307692307692,53.83750568957669,0
per_huruf_hybrid_skeleton_forced_loop_no_sig,8,901,0.36286749899315346,300.3076923076922,53.766044606281284,300.3076923076922,53.766044606281284,0
per_huruf_hybrid_skeleton_forced_loop_no_sig,8,902,0.36327023761578736,300.3846153846155,53.688211197086936,300.3846153846155,53.688211197086936,0
per_huruf_hybrid_skeleton_forced_loop_no_sig,8,903,0.36367297623842126,300.46153846153845,53.60537096040055,300.46153846153845,53.60537096040055,0
per_huruf_hybrid_skeleton_forced_loop_no_sig,8,904,0.36407571486105517,300.53846153846155,53.51888939462904,300.53846153846155,53.51888939462904,0
per_huruf_hybrid_skeleton_forced_loop_no_sig,8,905,0.3644784534836891,300.61538461538464,53.43013199817934,300.61538461538464,53.43013199817934,0
per_huruf_hybrid_skeleton_forced_loop_no_sig,8,906,0.364881192106323,300.6923076923077,53.34046426945835,300.6923076923077,53.34046426945835,0
per_huruf_hybrid_skeleton_forced_loop_no_sig,8,907,0.36528393072895693,300.7692307692307,53.251251706873006,300.7692307692307,53.251251706873006,0
per_huruf_hybrid_skeleton_forced_loop_no_sig,8,908,0.36568666935159083,300.84615384615387,53.163859808830225,300.84615384615387,53.163859808830225,0
per_huruf_hybrid_skeleton_forced_loop_no_sig,8,909,0.36608940797422473,300.9230769230769,53.07965407373691,300.9230769230769,53.07965407373691,0
per_huruf_hybrid_skeleton_forced_loop_no_sig,8,910,0.36649214659685864,301.0,53.0,301.0,53.0,0
per_huruf_hybrid_skeleton_forced_loop_no_sig,8,911,0.36689488521949254,301.0769230769231,52.920345926263096,301.0769230769231,52.920345926263096,0
per_huruf_hybrid_skeleton_forced_loop_no_sig,8,912,0.3672976238421265,301.15384615384613,52.83614019116978,301.15384615384613,52.83614019116978,0
per_huruf_hybrid_skeleton_forced_loop_no_sig,8,913,0.3677003624647604,301.2307692307692,52.74874829312698,301.2307692307692,52.74874829312698,0
per_huruf_hybrid_skeleton_forced_loop_no_sig,8,914,0.3681031010873943,301.3076923076923,52.65953573054164,301.3076923076923,52.65953573054164,0
per_huruf_hybrid_skeleton_forced_loop_no_sig,8,915,0.3685058397100282,301.3846153846155,52.569868001820666,301.3846153846155,52.569868001820666,0
per_huruf_hybrid_skeleton_forced_loop_no_sig,8,916,0.3689085783326621,301.4615384615385,52.481110605370965,301.4615384615385,52.481110605370965,0
per_huruf_hybrid_skeleton_forced_loop_no_sig,8,917,0.369311316955296,301.53846153846155,52.39462903959945,301.53846153846155,52.39462903959945,0
per_huruf_hybrid_skeleton_forced_loop_no_sig,8,918,0.3697140555779299,301.61538461538464,52.31178880291307,301.61538461538464,52.31178880291307,0
per_huruf_hybrid_skeleton_forced_loop_no_sig,8,919,0.37011679420056387,301.6923076923077,52.2339553937187,301.6923076923077,52.2339553937187,0
per_huruf_hybrid_skeleton_forced_loop_no_sig,8,920,0.3705195328231978,301.7692307692307,52.1624943104233,301.7692307692307,52.1624943104233,0
per_huruf_hybrid_skeleton_forced_loop_no_sig,8,921,0.3709222714458317,301.8461538461538,52.09877105143377,301.8461538461538,52.09877105143377,0
per_huruf_hybrid_skeleton_forced_loop_no_sig,8,922,0.3713250100684656,301.9230769230769,52.04415111515703,301.9230769230769,52.04415111515703,0
per_huruf_hybrid_skeleton_forced_loop_no_sig,8,923,0.3717277486910995,302.0,52.0,302.0,52.0,0
per_huruf_hybrid_skeleton_forced_loop_no_sig,8,924,0.3721304873137334,302.07692307692304,51.9699590350478,302.07692307692304,51.9699590350478,0
per_huruf_hybrid_skeleton_forced_loop_no_sig,8,925,0.3725332259363673,302.15384615384613,51.9549385525717,302.15384615384613,51.9549385525717,0
per_huruf_hybrid_skeleton_forced_loop_no_sig,8,926,0.37293596455900124,302.23076923076917,51.952207555757845,302.23076923076917,51.952207555757845,0
per_huruf_hybrid_skeleton_forced_loop_no_sig,8,927,0.37333870318163515,302.30769230769226,51.95903504779243,302.30769230769226,51.95903504779243,0
per_huruf_hybrid_skeleton_forced_loop_no_sig,8,928,0.37374144180426905,302.3846153846155,51.97269003186163,302.3846153846155,51.97269003186163,0
per_huruf_hybrid_skeleton_forced_loop_no_sig,8,929,0.37414418042690295,302.4615384615385,51.990441511151566,302.4615384615385,51.990441511151566,0
per_huruf_hybrid_skeleton_forced_loop_no_sig,8,930,0.37454691904953685,302.53846153846155,52.00955848884843,302.53846153846155,52.00955848884843,0
per_huruf_hybrid_skeleton_forced_loop_no_sig,8,931,0.37494965767217076,302.61538461538464,52.02730996813837,302.61538461538464,52.02730996813837,0
per_huruf_hybrid_skeleton_forced_loop_no_sig,8,932,0.3753523962948047,302.6923076923077,52.04096495220755,302.6923076923077,52.04096495220755,0
per_huruf_hybrid_skeleton_forced_loop_no_sig,8,933,0.3757551349174386,302.7692307692307,52.04779244424215,302.7692307692307,52.04779244424215,0
per_huruf_hybrid_skeleton_forced_loop_no_sig,8,934,0.3761578735400725,302.84615384615387,52.04506144742831,302.84615384615387,52.04506144742831,0
per_huruf_hybrid_skeleton_forced_loop_no_sig,8,935,0.3765606121627064,302.9230769230769,52.03004096495221,302.9230769230769,52.03004096495221,0
per_huruf_hybrid_skeleton_forced_loop_no_sig,8,936,0.3769633507853403,303.0,52.0,303.0,52.0,0
per_huruf_hybrid_skeleton_forced_loop_no_sig,8,937,0.3773660894079742,303.07692307692315,51.95584888484298,303.07692307692315,51.95584888484298,0
per_huruf_hybrid_skeleton_forced_loop_no_sig,8,938,0.37776882803060813,303.1538461538462,51.90122894856623,303.1538461538462,51.90122894856623,0
per_huruf_hybrid_skeleton_forced_loop_no_sig,8,939,0.3781715666532421,303.23076923076917,51.837505689576695,303.23076923076917,51.837505689576695,0
per_huruf_hybrid_skeleton_forced_loop_no_sig,8,940,0.378574305275876,303.3076923076923,51.766044606281284,303.3076923076923,51.766044606281284,0
per_huruf_hybrid_skeleton_forced_loop_no_sig,8,941,0.3789770438985099,303.3846153846154,51.688211197086936,303.3846153846154,51.688211197086936,0
per_huruf_hybrid_skeleton_forced_loop_no_sig,8,942,0.3793797825211438,303.4615384615385,51.60537096040055,303.4615384615385,51.60537096040055,0
per_huruf_hybrid_skeleton_forced_loop_no_sig,8,943,0.3797825211437777,303.53846153846155,51.518889394629035,303.53846153846155,51.518889394629035,0
per_huruf_hybrid_skeleton_forced_loop_no_sig,8,944,0.3801852597664116,303.61538461538464,51.43013199817934,303.61538461538464,51.43013199817934,0
per_huruf_hybrid_skeleton_forced_loop_no_sig,8,945,0.3805879983890455,303.69230769230774,51.34046426945835,303.69230769230774,51.34046426945835,0
per_huruf_hybrid_skeleton_forced_loop_no_sig,8,946,0.38099073701167946,303.7692307692308,51.251251706873006,303.7692307692308,51.251251706873006,0
per_huruf_hybrid_skeleton_forced_loop_no_sig,8,947,0.38139347563431336,303.84615384615387,51.163859808830225,303.84615384615387,51.163859808830225,0
per_huruf_hybrid_skeleton_forced_loop_no_sig,8,948,0.38179621425694726,303.9230769230769,51.07965407373691,303.9230769230769,51.07965407373691,0
per_huruf_hybrid_skeleton_forced_loop_no_sig,8,949,0.38219895287958117,304.0,51.0,304.0,51.0,0
per_huruf_hybrid_skeleton_forced_loop_no_sig,8,950,0.38260169150221507,304.0769230769231,50.92307692307693,304.0769230769231,50.92307692307693,0
per_huruf_hybrid_skeleton_forced_loop_no_sig,8,951,0.38300443012484897,304.1538461538462,50.84615384615385,304.1538461538462,50.84615384615385,0
per_huruf_hybrid_skeleton_forced_loop_no_sig,8,952,0.3834071687474829,304.2307692307692,50.76923076923076,304.2307692307692,50.76923076923076,0
per_huruf_hybrid_skeleton_forced_loop_no_sig,8,953,0.38380990737011683,304.30769230769226,50.692307692307686,304.30769230769226,50.692307692307686,0
per_huruf_hybrid_skeleton_forced_loop_no_sig,8,954,0.38421264599275073,304.3846153846154,50.61538461538462,304.3846153846154,50.61538461538462,0
per_huruf_hybrid_skeleton_forced_loop_no_sig,8,955,0.38461538461538464,304.46153846153845,50.53846153846155,304.46153846153845,50.53846153846155,0
per_huruf_hybrid_skeleton_forced_loop_no_sig,8,956,0.38501812323801854,304.53846153846155,50.46153846153846,304.53846153846155,50.46153846153846,0
per_huruf_hybrid_skeleton_forced_loop_no_sig,8,957,0.38542086186065244,304.61538461538464,50.38461538461539,304.61538461538464,50.38461538461539,0
per_huruf_hybrid_skeleton_forced_loop_no_sig,8,958,0.38582360048328634,304.6923076923077,50.30769230769231,304.6923076923077,50.30769230769231,0
per_huruf_hybrid_skeleton_forced_loop_no_sig,8,959,0.38622633910592025,304.7692307692307,50.230769230769226,304.7692307692307,50.230769230769226,0
per_huruf_hybrid_skeleton_forced_loop_no_sig,8,960,0.3866290777285542,304.8461538461538,50.15384615384616,304.8461538461538,50.15384615384616,0
per_huruf_hybrid_skeleton_forced_loop_no_sig,8,961,0.3870318163511881,304.9230769230769,50.07692307692307,304.9230769230769,50.07692307692307,0
per_huruf_hybrid_skeleton_forced_loop_no_sig,8,962,0.387434554973822,305.0,50.0,305.0,50.0,0
per_huruf_hybrid_skeleton_forced_loop_no_sig,8,963,0.3878372935964559,305.0769230769231,49.92307692307693,305.0769230769231,49.92307692307693,0
per_huruf_hybrid_skeleton_forced_loop_no_sig,8,964,0.3882400322190898,305.15384615384613,49.846153846153854,305.15384615384613,49.846153846153854,0
per_huruf_hybrid_skeleton_forced_loop_no_sig,8,965,0.3886427708417237,305.23076923076917,49.76923076923076,305.23076923076917,49.76923076923076,0
per_huruf_hybrid_skeleton_forced_loop_no_sig,8,966,0.3890455094643577,305.3076923076923,49.692307692307686,305.3076923076923,49.692307692307686,0
per_huruf_hybrid_skeleton_forced_loop_no_sig,8,967,0.3894482480869916,305.3846153846154,49.61538461538462,305.3846153846154,49.61538461538462,0
per_huruf_hybrid_skeleton_forced_loop_no_sig,8,968,0.3898509867096255,305.46153846153845,49.53846153846155,305.46153846153845,49.53846153846155,0
per_huruf_hybrid_skeleton_forced_loop_no_sig,8,969,0.3902537253322594,305.53846153846155,49.46153846153846,305.53846153846155,49.46153846153846,0
per_huruf_hybrid_skeleton_forced_loop_no_sig,8,970,0.3906564639548933,305.61538461538464,49.38461538461538,305.61538461538464,49.38461538461538,0
per_huruf_hybrid_skeleton_forced_loop_no_sig,8,971,0.3910592025775272,305.6923076923077,49.30769230769231,305.6923076923077,49.30769230769231,0
per_huruf_hybrid_skeleton_forced_loop_no_sig,8,972,0.3914619412001611,305.7692307692307,49.230769230769226,305.7692307692307,49.230769230769226,0
per_huruf_hybrid_skeleton_forced_loop_no_sig,8,973,0.39186467982279505,305.84615384615387,49.15384615384615,305.84615384615387,49.15384615384615,0
per_huruf_hybrid_skeleton_forced_loop_no_sig,8,974,0.39226741844542895,305.9230769230769,49.07692307692307,305.9230769230769,49.07692307692307,0
per_huruf_hybrid_skeleton_forced_loop_no_sig,8,975,0.39267015706806285,306.0,49.0,306.0,49.0,0
per_huruf_hybrid_skeleton_forced_loop_no_sig,8,976,0.39307289569069676,306.0769230769231,48.920345926263096,306.0769230769231,48.920345926263096,0
per_huruf_hybrid_skeleton_forced_loop_no_sig,8,977,0.39347563431333066,306.1538461538462,48.836140191169775,306.1538461538462,48.836140191169775,0
per_huruf_hybrid_skeleton_forced_loop_no_sig,8,978,0.39387837293596456,306.2307692307691,48.74874829312699,306.2307692307691,48.74874829312699,0
per_huruf_hybrid_skeleton_forced_loop_no_sig,8,979,0.39428111155859846,306.30769230769226,48.65953573054164,306.30769230769226,48.65953573054164,0
per_huruf_hybrid_skeleton_forced_loop_no_sig,8,980,0.3946838501812324,306.3846153846155,48.56986800182067,306.3846153846155,48.56986800182067,0
per_huruf_hybrid_skeleton_forced_loop_no_sig,8,981,0.3950865888038663,306.4615384615385,48.48111060537096,306.4615384615385,48.48111060537096,0
per_huruf_hybrid_skeleton_forced_loop_no_sig,8,982,0.3954893274265002,306.53846153846155,48.39462903959945,306.53846153846155,48.39462903959945,0
per_huruf_hybrid_skeleton_forced_loop_no_sig,8,983,0.39589206604913413,306.61538461538464,48.311788802913064,306.61538461538464,48.311788802913064,0
per_huruf_hybrid_skeleton_forced_loop_no_sig,8,984,0.39629480467176803,306.6923076923077,48.23395539371871,306.6923076923077,48.23395539371871,0
per_huruf_hybrid_skeleton_forced_loop_no_sig,8,985,0.39669754329440193,306.7692307692307,48.1624943104233,306.7692307692307,48.1624943104233,0
per_huruf_hybrid_skeleton_forced_loop_no_sig,8,986,0.39710028191703584,306.84615384615387,48.09877105143377,306.84615384615387,48.09877105143377,0
per_huruf_hybrid_skeleton_forced_loop_no_sig,8,987,0.3975030205396698,306.9230769230769,48.04415111515703,306.9230769230769,48.04415111515703,0
per_huruf_hybrid_skeleton_forced_loop_no_sig,8,988,0.3979057591623037,307.0,48.0,307.0,48.0,0
per_huruf_hybrid_skeleton_forced_loop_no_sig,8,989,0.3983084977849376,307.0769230769231,47.96722803823396,307.0769230769231,47.96722803823396,0
per_huruf_hybrid_skeleton_forced_loop_no_sig,8,990,0.3987112364075715,307.15384615384613,47.94492489758762,307.15384615384613,47.94492489758762,0
per_huruf_hybrid_skeleton_forced_loop_no_sig,8,991,0.3991139750302054,307.23076923076917,47.931725079654065,307.23076923076917,47.931725079654065,0
per_huruf_hybrid_skeleton_forced_loop_no_sig,8,992,0.3995167136528393,307.30769230769226,47.9262630860264,307.30769230769226,47.9262630860264,0
per_huruf_hybrid_skeleton_forced_loop_no_sig,8,993,0.3999194522754732,307.3846153846154,47.927173418297684,307.3846153846154,47.927173418297684,0
per_huruf_hybrid_skeleton_forced_loop_no_sig,8,994,0.40032219089810717,307.46153846153845,47.933090578061,307.46153846153845,47.933090578061,0
per_huruf_hybrid_skeleton_forced_loop_no_sig,8,995,0.40072492952074107,307.53846153846155,47.942649066909425,307.53846153846155,47.942649066909425,0
per_huruf_hybrid_skeleton_forced_loop_no_sig,8,996,0.40112766814337497,307.61538461538464,47.95448338643605,307.61538461538464,47.95448338643605,0
per_huruf_hybrid_skeleton_forced_loop_no_sig,8,997,0.4015304067660089,307.6923076923077,47.96722803823395,307.6923076923077,47.96722803823395,0
per_huruf_hybrid_skeleton_forced_loop_no_sig,8,998,0.4019331453886428,307.7692307692307,47.97951752389622,307.7692307692307,47.97951752389622,0
per_huruf_hybrid_skeleton_forced_loop_no_sig,8,999,0.4023358840112767,307.8461538461538,47.989986345015936,307.8461538461538,47.989986345015936,0
per_huruf_hybrid_skeleton_forced_loop_no_sig,8,1000,0.4027386226339106,307.9230769230769,47.99726900318616,307.9230769230769,47.99726900318616,0
per_huruf_hybrid_skeleton_forced_loop_no_sig,8,1001,0.40314136125654454,308.0,48.0,308.0,48.0,0
per_huruf_hybrid_skeleton_forced_loop_no_sig,8,1002,0.40354409987917844,308.07692307692315,48.002730996813845,308.07692307692315,48.002730996813845,0
per_huruf_hybrid_skeleton_forced_loop_no_sig,8,1003,0.40394683850181234,308.15384615384613,48.01001365498407,308.15384615384613,48.01001365498407,0
per_huruf_hybrid_skeleton_forced_loop_no_sig,8,1004,0.40434957712444625,308.2307692307692,48.02048247610377,308.2307692307692,48.02048247610377,0
per_huruf_hybrid_skeleton_forced_loop_no_sig,8,1005,0.40475231574708015,308.30769230769226,48.03277196176604,308.30769230769226,48.03277196176604,0
per_huruf_hybrid_skeleton_forced_loop_no_sig,8,1006,0.40515505436971405,308.3846153846154,48.04551661356396,308.3846153846154,48.04551661356396,0
per_huruf_hybrid_skeleton_forced_loop_no_sig,8,1007,0.405557792992348,308.46153846153845,48.05735093309059,308.46153846153845,48.05735093309059,0
per_huruf_hybrid_skeleton_forced_loop_no_sig,8,1008,0.4059605316149819,308.53846153846155,48.066909421939016,308.53846153846155,48.066909421939016,0
per_huruf_hybrid_skeleton_forced_loop_no_sig,8,1009,0.4063632702376158,308.61538461538464,48.07282658170232,308.61538461538464,48.07282658170232,0
per_huruf_hybrid_skeleton_forced_loop_no_sig,8,1010,0.4067660088602497,308.6923076923077,48.0737369139736,308.6923076923077,48.0737369139736,0
per_huruf_hybrid_skeleton_forced_loop_no_sig,8,1011,0.4071687474828836,308.7692307692307,48.06827492034593,308.7692307692307,48.06827492034593,0
per_huruf_hybrid_skeleton_forced_loop_no_sig,8,1012,0.4075714861055175,308.84615384615387,48.05507510241238,308.84615384615387,48.05507510241238,0
per_huruf_hybrid_skeleton_forced_loop_no_sig,8,1013,0.4079742247281514,308.9230769230769,48.032771961766045,308.9230769230769,48.032771961766045,0
per_huruf_hybrid_skeleton_forced_loop_no_sig,8,1014,0.4083769633507854,309.0,48.0,309.0,48.0,0
per_huruf_hybrid_skeleton_forced_loop_no_sig,8,1015,0.4087797019734193,309.0769230769231,47.95584888484297,309.0769230769231,47.95584888484297,0
per_huruf_hybrid_skeleton_forced_loop_no_sig,8,1016,0.4091824405960532,309.1538461538462,47.90122894856623,309.1538461538462,47.90122894856623,0
per_huruf_hybrid_skeleton_forced_loop_no_sig,8,1017,0.4095851792186871,309.2307692307692,47.837505689576695,309.2307692307692,47.837505689576695,0
per_huruf_hybrid_skeleton_forced_loop_no_sig,8,1018,0.409987917841321,309.30769230769226,47.76604460628129,309.30769230769226,47.76604460628129,0
per_huruf_hybrid_skeleton_forced_loop_no_sig,8,1019,0.4103906564639549,309.3846153846154,47.68821119708694,309.3846153846154,47.68821119708694,0
per_huruf_hybrid_skeleton_forced_loop_no_sig,8,1020,0.4107933950865888,309.4615384615385,47.60537096040055,309.4615384615385,47.60537096040055,0
per_huruf_hybrid_skeleton_forced_loop_no_sig,8,1021,0.41119613370922276,309.53846153846155,47.51888939462904,309.53846153846155,47.51888939462904,0
per_huruf_hybrid_skeleton_forced_loop_no_sig,8,1022,0.41159887233185666,309.61538461538464,47.43013199817934,309.61538461538464,47.43013199817934,0
per_huruf_hybrid_skeleton_forced_loop_no_sig,8,1023,0.41200161095449056,309.6923076923077,47.34046426945835,309.6923076923077,47.34046426945835,0
per_huruf_hybrid_skeleton_forced_loop_no_sig,8,1024,0.41240434957712446,309.7692307692307,47.251251706873006,309.7692307692307,47.251251706873006,0
per_huruf_hybrid_skeleton_forced_loop_no_sig,8,1025,0.41280708819975837,309.84615384615387,47.163859808830225,309.84615384615387,47.163859808830225,0
per_huruf_hybrid_skeleton_forced_loop_no_sig,8,1026,0.41320982682239227,309.9230769230769,47.07965407373691,309.9230769230769,47.07965407373691,0
per_huruf_hybrid_skeleton_forced_loop_no_sig,8,1027,0.41361256544502617,310.0,47.0,310.0,47.0,0
per_huruf_hybrid_skeleton_forced_loop_no_sig,8,1028,0.41401530406766013,310.0769230769231,46.92307692307693,310.0769230769231,46.92307692307693,0
per_huruf_hybrid_skeleton_forced_loop_no_sig,8,1029,0.41441804269029403,310.1538461538462,46.84615384615385,310.1538461538462,46.84615384615385,0
per_huruf_hybrid_skeleton_forced_loop_no_sig,8,1030,0.41482078131292793,310.23076923076917,46.76923076923076,310.23076923076917,46.76923076923076,0
per_huruf_hybrid_skeleton_forced_loop_no_sig,8,1031,0.41522351993556184,310.30769230769226,46.692307692307686,310.30769230769226,46.692307692307686,0
per_huruf_hybrid_skeleton_forced_loop_no_sig,8,1032,0.41562625855819574,310.3846153846154,46.61538461538462,310.3846153846154,46.61538461538462,0
per_huruf_hybrid_skeleton_forced_loop_no_sig,8,1033,0.41602899718082964,310.4615384615385,46.53846153846154,310.4615384615385,46.53846153846154,0
per_huruf_hybrid_skeleton_forced_loop_no_sig,8,1034,0.41643173580346354,310.53846153846155,46.46153846153846,310.53846153846155,46.46153846153846,0
per_huruf_hybrid_skeleton_forced_loop_no_sig,8,1035,0.4168344744260975,310.6153846153846,46.38461538461539,310.6153846153846,46.38461538461539,0
per_huruf_hybrid_skeleton_forced_loop_no_sig,8,1036,0.4172372130487314,310.6923076923077,46.30769230769231,310.6923076923077,46.30769230769231,0
per_huruf_hybrid_skeleton_forced_loop_no_sig,8,1037,0.4176399516713653,310.7692307692307,46.230769230769226,310.7692307692307,46.230769230769226,0
per_huruf_hybrid_skeleton_forced_loop_no_sig,8,1038,0.4180426902939992,310.84615384615387,46.15384615384615,310.84615384615387,46.15384615384615,0
per_huruf_hybrid_skeleton_forced_loop_no_sig,8,1039,0.4184454289166331,310.9230769230769,46.07692307692307,310.9230769230769,46.07692307692307,0
per_huruf_hybrid_skeleton_forced_loop_no_sig,8,1040,0.418848167539267,311.0,46.0,311.0,46.0,0
per_huruf_hybrid_skeleton_forced_loop_no_sig,8,1041,0.4192509061619009,311.07692307692315,45.923076923076934,311.07692307692315,45.923076923076934,0
per_huruf_hybrid_skeleton_forced_loop_no_sig,8,1042,0.4196536447845349,311.15384615384613,45.84615384615385,311.15384615384613,45.84615384615385,0
per_huruf_hybrid_skeleton_forced_loop_no_sig,8,1043,0.4200563834071688,311.23076923076917,45.76923076923077,311.23076923076917,45.76923076923077,0
per_huruf_hybrid_skeleton_forced_loop_no_sig,8,1044,0.4204591220298027,311.3076923076923,45.69230769230768,311.3076923076923,45.69230769230768,0
per_huruf_hybrid_skeleton_forced_loop_no_sig,8,1045,0.4208618606524366,311.3846153846154,45.61538461538462,311.3846153846154,45.61538461538462,0
per_huruf_hybrid_skeleton_forced_loop_no_sig,8,1046,0.4212645992750705,311.4615384615385,45.53846153846154,311.4615384615385,45.53846153846154,0
per_huruf_hybrid_skeleton_forced_loop_no_sig,8,1047,0.4216673378977044,311.53846153846155,45.46153846153847,311.53846153846155,45.46153846153847,0
per_huruf_hybrid_skeleton_forced_loop_no_sig,8,1048,0.42207007652033834,311.61538461538464,45.38461538461539,311.61538461538464,45.38461538461539,0
per_huruf_hybrid_skeleton_forced_loop_no_sig,8,1049,0.42247281514297225,311.6923076923077,45.30769230769231,311.6923076923077,45.30769230769231,0
per_huruf_hybrid_skeleton_forced_loop_no_sig,8,1050,0.42287555376560615,311.7692307692307,45.230769230769226,311.7692307692307,45.230769230769226,0
per_huruf_hybrid_skeleton_forced_loop_no_sig,8,1051,0.42327829238824005,311.84615384615387,45.15384615384615,311.84615384615387,45.15384615384615,0
per_huruf_hybrid_skeleton_forced_loop_no_sig,8,1052,0.42368103101087395,311.9230769230769,45.07692307692307,311.9230769230769,45.07692307692307,0
per_huruf_hybrid_skeleton_forced_loop_no_sig,8,1053,0.42408376963350786,312.0,45.0,312.0,45.0,0
per_huruf_hybrid_skeleton_forced_loop_no_sig,8,1054,0.42448650825614176,312.0769230769231,44.92034592626309,312.0769230769231,44.92034592626309,0
per_huruf_hybrid_skeleton_forced_loop_no_sig,8,1055,0.4248892468787757,312.15384615384613,44.836140191169775,312.15384615384613,44.836140191169775,0
per_huruf_hybrid_skeleton_forced_loop_no_sig,8,1056,0.4252919855014096,312.23076923076917,44.74874829312699,312.23076923076917,44.74874829312699,0
per_huruf_hybrid_skeleton_forced_loop_no_sig,8,1057,0.4256947241240435,312.3076923076923,44.65953573054164,312.3076923076923,44.65953573054164,0
per_huruf_hybrid_skeleton_forced_loop_no_sig,8,1058,0.4260974627466774,312.3846153846155,44.569868001820666,312.3846153846155,44.569868001820666,0
per_huruf_hybrid_skeleton_forced_loop_no_sig,8,1059,0.4265002013693113,312.46153846153845,44.48111060537096,312.46153846153845,44.48111060537096,0
per_huruf_hybrid_skeleton_forced_loop_no_sig,8,1060,0.42690293999194523,312.53846153846155,44.39462903959945,312.53846153846155,44.39462903959945,0
per_huruf_hybrid_skeleton_forced_loop_no_sig,8,1061,0.42730567861457913,312.61538461538464,44.31178880291306,312.61538461538464,44.31178880291306,0
per_huruf_hybrid_skeleton_forced_loop_no_sig,8,1062,0.4277084172372131,312.6923076923077,44.23395539371871,312.6923076923077,44.23395539371871,0
per_huruf_hybrid_skeleton_forced_loop_no_sig,8,1063,0.428111155859847,312.7692307692307,44.1624943104233,312.7692307692307,44.1624943104233,0
per_huruf_hybrid_skeleton_forced_loop_no_sig,8,1064,0.4285138944824809,312.84615384615387,44.09877105143377,312.84615384615387,44.09877105143377,0
per_huruf_hybrid_skeleton_forced_loop_no_sig,8,1065,0.4289166331051148,312.9230769230769,44.04415111515703,312.9230769230769,44.04415111515703,0
per_huruf_hybrid_skeleton_forced_loop_no_sig,8,1066,0.4293193717277487,313.0,44.0,313.0,44.0,0
per_huruf_hybrid_skeleton_forced_loop_no_sig,8,1067,0.4297221103503826,313.0769230769231,43.96995903504779,313.0769230769231,43.96995903504779,0
per_huruf_hybrid_skeleton_forced_loop_no_sig,8,1068,0.4301248489730165,313.1538461538462,43.95493855257169,313.1538461538462,43.95493855257169,0
per_huruf_hybrid_skeleton_forced_loop_no_sig,8,1069,0.43052758759565046,313.23076923076917,43.952207555757845,313.23076923076917,43.952207555757845,0
per_huruf_hybrid_skeleton_forced_loop_no_sig,8,1070,0.43093032621828437,313.30769230769226,43.95903504779245,313.30769230769226,43.95903504779245,0
per_huruf_hybrid_skeleton_forced_loop_no_sig,8,1071,0.43133306484091827,313.3846153846154,43.97269003186163,313.3846153846154,43.97269003186163,0
per_huruf_hybrid_skeleton_forced_loop_no_sig,8,1072,0.43173580346355217,313.46153846153845,43.99044151115157,313.46153846153845,43.99044151115157,0
per_huruf_hybrid_skeleton_forced_loop_no_sig,8,1073,0.4321385420861861,313.53846153846155,44.009558488848434,313.53846153846155,44.009558488848434,0
per_huruf_hybrid_skeleton_forced_loop_no_sig,8,1074,0.43254128070882,313.61538461538464,44.02730996813837,313.61538461538464,44.02730996813837,0
per_huruf_hybrid_skeleton_forced_loop_no_sig,8,1075,0.4329440193314539,313.6923076923077,44.04096495220755,313.6923076923077,44.04096495220755,0
per_huruf_hybrid_skeleton_forced_loop_no_sig,8,1076,0.43334675795408784,313.7692307692307,44.04779244424214,313.7692307692307,44.04779244424214,0
per_huruf_hybrid_skeleton_forced_loop_no_sig,8,1077,0.43374949657672174,313.84615384615387,44.04506144742831,313.84615384615387,44.04506144742831,0
per_huruf_hybrid_skeleton_forced_loop_no_sig,8,1078,0.43415223519935564,313.9230769230769,44.03004096495221,313.9230769230769,44.03004096495221,0
per_huruf_hybrid_skeleton_forced_loop_no_sig,8,1079,0.43455497382198954,314.0,44.0,314.0,44.0,0
per_huruf_hybrid_skeleton_forced_loop_no_sig,8,1080,0.43495771244462345,314.07692307692315,43.95584888484297,314.07692307692315,43.95584888484297,0
per_huruf_hybrid_skeleton_forced_loop_no_sig,8,1081,0.43536045106725735,314.15384615384613,43.90122894856623,314.15384615384613,43.90122894856623,0
per_huruf_hybrid_skeleton_forced_loop_no_sig,8,1082,0.43576318968989125,314.23076923076917,43.83750568957669,314.23076923076917,43.83750568957669,0
per_huruf_hybrid_skeleton_forced_loop_no_sig,8,1083,0.4361659283125252,314.3076923076923,43.76604460628129,314.3076923076923,43.76604460628129,0
per_huruf_hybrid_skeleton_forced_loop_no_sig,8,1084,0.4365686669351591,314.3846153846155,43.688211197086936,314.3846153846155,43.688211197086936,0
per_huruf_hybrid_skeleton_forced_loop_no_sig,8,1085,0.436971405557793,314.4615384615385,43.60537096040055,314.4615384615385,43.60537096040055,0
per_huruf_hybrid_skeleton_forced_loop_no_sig,8,1086,0.4373741441804269,314.53846153846155,43.51888939462904,314.53846153846155,43.51888939462904,0
per_huruf_hybrid_skeleton_forced_loop_no_sig,8,1087,0.4377768828030608,314.61538461538464,43.430131998179334,314.61538461538464,43.430131998179334,0
per_huruf_hybrid_skeleton_forced_loop_no_sig,8,1088,0.4381796214256947,314.6923076923077,43.34046426945835,314.6923076923077,43.34046426945835,0
per_huruf_hybrid_skeleton_forced_loop_no_sig,8,1089,0.4385823600483287,314.7692307692307,43.251251706873006,314.7692307692307,43.251251706873006,0
per_huruf_hybrid_skeleton_forced_loop_no_sig,8,1090,0.4389850986709626,314.84615384615387,43.163859808830225,314.84615384615387,43.163859808830225,0
per_huruf_hybrid_skeleton_forced_loop_no_sig,8,1091,0.4393878372935965,314.9230769230769,43.07965407373691,314.9230769230769,43.07965407373691,0
per_huruf_hybrid_skeleton_forced_loop_no_sig,8,1092,0.4397905759162304,315.0,43.0,315.0,43.0,0
per_huruf_hybrid_skeleton_forced_loop_no_sig,8,1093,0.4401933145388643,315.0769230769231,42.92307692307693,315.0769230769231,42.92307692307693,0
per_huruf_hybrid_skeleton_forced_loop_no_sig,8,1094,0.4405960531614982,315.15384615384613,42.84615384615384,315.15384615384613,42.84615384615384,0
per_huruf_hybrid_skeleton_forced_loop_no_sig,8,1095,0.4409987917841321,315.23076923076917,42.76923076923076,315.23076923076917,42.76923076923076,0
per_huruf_hybrid_skeleton_forced_loop_no_sig,8,1096,0.44140153040676605,315.30769230769226,42.692307692307686,315.30769230769226,42.692307692307686,0
per_huruf_hybrid_skeleton_forced_loop_no_sig,8,1097,0.44180426902939995,315.3846153846154,42.61538461538462,315.3846153846154,42.61538461538462,0
per_huruf_hybrid_skeleton_forced_loop_no_sig,8,1098,0.44220700765203386,315.4615384615385,42.53846153846154,315.4615384615385,42.53846153846154,0
per_huruf_hybrid_skeleton_forced_loop_no_sig,8,1099,0.44260974627466776,315.53846153846155,42.46153846153847,315.53846153846155,42.46153846153847,0
per_huruf_hybrid_skeleton_forced_loop_no_sig,8,1100,0.44301248489730166,315.61538461538464,42.38461538461539,315.61538461538464,42.38461538461539,0
per_huruf_hybrid_skeleton_forced_loop_no_sig,8,1101,0.44341522351993556,315.6923076923077,42.30769230769231,315.6923076923077,42.30769230769231,0
per_huruf_hybrid_skeleton_forced_loop_no_sig,8,1102,0.44381796214256947,315.7692307692307,42.230769230769226,315.7692307692307,42.230769230769226,0
per_huruf_hybrid_skeleton_forced_loop_no_sig,8,1103,0.4442207007652034,315.84615384615387,42.15384615384616,315.84615384615387,42.15384615384616,0
per_huruf_hybrid_skeleton_forced_loop_no_sig,8,1104,0.4446234393878373,315.9230769230769,42.07692307692307,315.9230769230769,42.07692307692307,0
per_huruf_hybrid_skeleton_forced_loop_no_sig,8,1105,0.44502617801047123,316.0,42.0,316.0,42.0,0
per_huruf_hybrid_skeleton_forced_loop_no_sig,8,1106,0.44542891663310513,316.07692307692315,41.92307692307693,316.07692307692315,41.92307692307693,0
per_huruf_hybrid_skeleton_forced_loop_no_sig,8,1107,0.44583165525573903,316.15384615384625,41.84615384615385,316.15384615384625,41.84615384615385,0
per_huruf_hybrid_skeleton_forced_loop_no_sig,8,1108,0.44623439387837294,316.23076923076917,41.76923076923076,316.23076923076917,41.76923076923076,0
per_huruf_hybrid_skeleton_forced_loop_no_sig,8,1109,0.44663713250100684,316.30769230769226,41.69230769230769,316.30769230769226,41.69230769230769,0
per_huruf_hybrid_skeleton_forced_loop_no_sig,8,1110,0.4470398711236408,316.3846153846154,41.61538461538462,316.3846153846154,41.61538461538462,0
per_huruf_hybrid_skeleton_forced_loop_no_sig,8,1111,0.4474426097462747,316.46153846153845,41.53846153846154,316.46153846153845,41.53846153846154,0
per_huruf_hybrid_skeleton_forced_loop_no_sig,8,1112,0.4478453483689086,316.53846153846155,41.46153846153846,316.53846153846155,41.46153846153846,0
per_huruf_hybrid_skeleton_forced_loop_no_sig,8,1113,0.4482480869915425,316.61538461538464,41.38461538461539,316.61538461538464,41.38461538461539,0
per_huruf_hybrid_skeleton_forced_loop_no_sig,8,1114,0.4486508256141764,316.69230769230774,41.30769230769231,316.69230769230774,41.30769230769231,0
per_huruf_hybrid_skeleton_forced_loop_no_sig,8,1115,0.4490535642368103,316.7692307692307,41.230769230769226,316.7692307692307,41.230769230769226,0
per_huruf_hybrid_skeleton_forced_loop_no_sig,8,1116,0.4494563028594442,316.84615384615387,41.15384615384616,316.84615384615387,41.15384615384616,0
per_huruf_hybrid_skeleton_forced_loop_no_sig,8,1117,0.44985904148207817,316.9230769230769,41.07692307692307,316.9230769230769,41.07692307692307,0
per_huruf_hybrid_skeleton_forced_loop_no_sig,8,1118,0.4502617801047121,317.0,41.0,317.0,41.0,0
per_huruf_hybrid_skeleton_forced_loop_no_sig,8,1119,0.450664518727346,317.07692307692315,40.92034592626309,317.07692307692315,40.92034592626309,0
per_huruf_hybrid_skeleton_forced_loop_no_sig,8,1120,0.4510672573499799,317.15384615384613,40.83614019116978,317.15384615384613,40.83614019116978,0
per_huruf_hybrid_skeleton_forced_loop_no_sig,8,1121,0.4514699959726138,317.23076923076917,40.74874829312698,317.23076923076917,40.74874829312698,0
per_huruf_hybrid_skeleton_forced_loop_no_sig,8,1122,0.4518727345952477,317.30769230769226,40.65953573054165,317.30769230769226,40.65953573054165,0
per_huruf_hybrid_skeleton_forced_loop_no_sig,8,1123,0.45227547321788164,317.3846153846154,40.569868001820666,317.3846153846154,40.569868001820666,0
per_huruf_hybrid_skeleton_forced_loop_no_sig,8,1124,0.45267821184051554,317.46153846153845,40.48111060537096,317.46153846153845,40.48111060537096,0
per_huruf_hybrid_skeleton_forced_loop_no_sig,8,1125,0.45308095046314945,317.53846153846155,40.39462903959945,317.53846153846155,40.39462903959945,0
per_huruf_hybrid_skeleton_forced_loop_no_sig,8,1126,0.45348368908578335,317.61538461538464,40.311788802913064,317.61538461538464,40.311788802913064,0
per_huruf_hybrid_skeleton_forced_loop_no_sig,8,1127,0.45388642770841725,317.69230769230774,40.2339553937187,317.69230769230774,40.2339553937187,0
per_huruf_hybrid_skeleton_forced_loop_no_sig,8,1128,0.45428916633105115,317.7692307692307,40.1624943104233,317.7692307692307,40.1624943104233,0
per_huruf_hybrid_skeleton_forced_loop_no_sig,8,1129,0.45469190495368506,317.84615384615387,40.09877105143377,317.84615384615387,40.09877105143377,0
per_huruf_hybrid_skeleton_forced_loop_no_sig,8,1130,0.455094643576319,317.9230769230769,40.044151115157035,317.9230769230769,40.044151115157035,0
per_huruf_hybrid_skeleton_forced_loop_no_sig,8,1131,0.4554973821989529,318.0,40.0,318.0,40.0,0
per_huruf_hybrid_skeleton_forced_loop_no_sig,8,1132,0.4559001208215868,318.0769230769231,39.9699590350478,318.0769230769231,39.9699590350478,0
per_huruf_hybrid_skeleton_forced_loop_no_sig,8,1133,0.4563028594442207,318.1538461538462,39.9549385525717,318.1538461538462,39.9549385525717,0
per_huruf_hybrid_skeleton_forced_loop_no_sig,8,1134,0.4567055980668546,318.2307692307692,39.952207555757845,318.2307692307692,39.952207555757845,0
per_huruf_hybrid_skeleton_forced_loop_no_sig,8,1135,0.4571083366894885,318.30769230769226,39.95903504779245,318.30769230769226,39.95903504779245,0
per_huruf_hybrid_skeleton_forced_loop_no_sig,8,1136,0.45751107531212243,318.3846153846154,39.97269003186164,318.3846153846154,39.97269003186164,0
per_huruf_hybrid_skeleton_forced_loop_no_sig,8,1137,0.4579138139347564,318.4615384615385,39.99044151115157,318.4615384615385,39.99044151115157,0
per_huruf_hybrid_skeleton_forced_loop_no_sig,8,1138,0.4583165525573903,318.53846153846155,40.00955848884843,318.53846153846155,40.00955848884843,0
per_huruf_hybrid_skeleton_forced_loop_no_sig,8,1139,0.4587192911800242,318.61538461538464,40.027309968138375,318.61538461538464,40.027309968138375,0
per_huruf_hybrid_skeleton_forced_loop_no_sig,8,1140,0.4591220298026581,318.6923076923077,40.04096495220755,318.6923076923077,40.04096495220755,0
per_huruf_hybrid_skeleton_forced_loop_no_sig,8,1141,0.459524768425292,318.7692307692307,40.04779244424215,318.7692307692307,40.04779244424215,0
per_huruf_hybrid_skeleton_forced_loop_no_sig,8,1142,0.4599275070479259,318.84615384615387,40.04506144742831,318.84615384615387,40.04506144742831,0
per_huruf_hybrid_skeleton_forced_loop_no_sig,8,1143,0.4603302456705598,318.9230769230769,40.03004096495221,318.9230769230769,40.03004096495221,0
per_huruf_hybrid_skeleton_forced_loop_no_sig,8,1144,0.46073298429319376,319.0,40.0,319.0,40.0,0
per_huruf_hybrid_skeleton_forced_loop_no_sig,8,1145,0.46113572291582766,319.0769230769231,39.95584888484298,319.0769230769231,39.95584888484298,0
per_huruf_hybrid_skeleton_forced_loop_no_sig,8,1146,0.46153846153846156,319.15384615384625,39.90122894856623,319.15384615384625,39.90122894856623,0
per_huruf_hybrid_skeleton_forced_loop_no_sig,8,1147,0.46194120016109547,319.23076923076917,39.837505689576695,319.23076923076917,39.837505689576695,0
per_huruf_hybrid_skeleton_forced_loop_no_sig,8,1148,0.46234393878372937,319.30769230769226,39.76604460628129,319.30769230769226,39.76604460628129,0
per_huruf_hybrid_skeleton_forced_loop_no_sig,8,1149,0.46274667740636327,319.3846153846154,39.68821119708695,319.3846153846154,39.68821119708695,0
per_huruf_hybrid_skeleton_forced_loop_no_sig,8,1150,0.4631494160289972,319.4615384615385,39.60537096040055,319.4615384615385,39.60537096040055,0
per_huruf_hybrid_skeleton_forced_loop_no_sig,8,1151,0.46355215465163113,319.53846153846155,39.51888939462904,319.53846153846155,39.51888939462904,0
per_huruf_hybrid_skeleton_forced_loop_no_sig,8,1152,0.46395489327426503,319.61538461538464,39.43013199817934,319.61538461538464,39.43013199817934,0
per_huruf_hybrid_skeleton_forced_loop_no_sig,8,1153,0.46435763189689894,319.6923076923077,39.34046426945835,319.6923076923077,39.34046426945835,0
per_huruf_hybrid_skeleton_forced_loop_no_sig,8,1154,0.46476037051953284,319.7692307692308,39.251251706873006,319.7692307692308,39.251251706873006,0
per_huruf_hybrid_skeleton_forced_loop_no_sig,8,1155,0.46516310914216674,319.84615384615387,39.163859808830225,319.84615384615387,39.163859808830225,0
per_huruf_hybrid_skeleton_forced_loop_no_sig,8,1156,0.46556584776480064,319.9230769230769,39.07965407373692,319.9230769230769,39.07965407373692,0
per_huruf_hybrid_skeleton_forced_loop_no_sig,8,1157,0.46596858638743455,320.0,39.0,320.0,39.0,0
per_huruf_hybrid_skeleton_forced_loop_no_sig,8,1158,0.4663713250100685,320.0769230769231,38.920345926263096,320.0769230769231,38.920345926263096,0
per_huruf_hybrid_skeleton_forced_loop_no_sig,8,1159,0.4667740636327024,320.1538461538462,38.83614019116978,320.1538461538462,38.83614019116978,0
per_huruf_hybrid_skeleton_forced_loop_no_sig,8,1160,0.4671768022553363,320.23076923076917,38.74874829312699,320.23076923076917,38.74874829312699,0
per_huruf_hybrid_skeleton_forced_loop_no_sig,8,1161,0.4675795408779702,320.30769230769226,38.65953573054164,320.30769230769226,38.65953573054164,0
per_huruf_hybrid_skeleton_forced_loop_no_sig,8,1162,0.4679822795006041,320.3846153846154,38.56986800182067,320.3846153846154,38.56986800182067,0
per_huruf_hybrid_skeleton_forced_loop_no_sig,8,1163,0.468385018123238,320.46153846153845,38.48111060537096,320.46153846153845,38.48111060537096,0
per_huruf_hybrid_skeleton_forced_loop_no_sig,8,1164,0.468787756745872,320.53846153846155,38.394629039599444,320.53846153846155,38.394629039599444,0
per_huruf_hybrid_skeleton_forced_loop_no_sig,8,1165,0.4691904953685059,320.6153846153846,38.31178880291306,320.6153846153846,38.31178880291306,0
per_huruf_hybrid_skeleton_forced_loop_no_sig,8,1166,0.4695932339911398,320.6923076923076,38.23395539371871,320.6923076923076,38.23395539371871,0
per_huruf_hybrid_skeleton_forced_loop_no_sig,8,1167,0.4699959726137737,320.7692307692307,38.1624943104233,320.7692307692307,38.1624943104233,0
per_huruf_hybrid_skeleton_forced_loop_no_sig,8,1168,0.4703987112364076,320.84615384615387,38.09877105143377,320.84615384615387,38.09877105143377,0
per_huruf_hybrid_skeleton_forced_loop_no_sig,8,1169,0.4708014498590415,320.9230769230769,38.044151115157035,320.9230769230769,38.044151115157035,0
per_huruf_hybrid_skeleton_forced_loop_no_sig,8,1170,0.4712041884816754,321.0,38.0,321.0,38.0,0
per_huruf_hybrid_skeleton_forced_loop_no_sig,8,1171,0.47160692710430935,321.0769230769231,37.9699590350478,321.0769230769231,37.9699590350478,0
per_huruf_hybrid_skeleton_forced_loop_no_sig,8,1172,0.47200966572694325,321.1538461538462,37.95493855257169,321.1538461538462,37.95493855257169,0
per_huruf_hybrid_skeleton_forced_loop_no_sig,8,1173,0.47241240434957715,321.23076923076917,37.95220755575785,321.23076923076917,37.95220755575785,0
per_huruf_hybrid_skeleton_forced_loop_no_sig,8,1174,0.47281514297221106,321.3076923076923,37.95903504779245,321.3076923076923,37.95903504779245,0
per_huruf_hybrid_skeleton_forced_loop_no_sig,8,1175,0.47321788159484496,321.3846153846154,37.97269003186164,321.3846153846154,37.97269003186164,0
per_huruf_hybrid_skeleton_forced_loop_no_sig,8,1176,0.47362062021747886,321.4615384615385,37.99044151115157,321.4615384615385,37.99044151115157,0
per_huruf_hybrid_skeleton_forced_loop_no_sig,8,1177,0.47402335884011276,321.53846153846155,38.00955848884843,321.53846153846155,38.00955848884843,0
per_huruf_hybrid_skeleton_forced_loop_no_sig,8,1178,0.4744260974627467,321.61538461538464,38.02730996813837,321.61538461538464,38.02730996813837,0
per_huruf_hybrid_skeleton_forced_loop_no_sig,8,1179,0.4748288360853806,321.69230769230774,38.04096495220756,321.69230769230774,38.04096495220756,0
per_huruf_hybrid_skeleton_forced_loop_no_sig,8,1180,0.4752315747080145,321.7692307692307,38.04779244424215,321.7692307692307,38.04779244424215,0
per_huruf_hybrid_skeleton_forced_loop_no_sig,8,1181,0.47563431333064843,321.84615384615387,38.04506144742831,321.84615384615387,38.04506144742831,0
per_huruf_hybrid_skeleton_forced_loop_no_sig,8,1182,0.47603705195328233,321.9230769230769,38.03004096495221,321.9230769230769,38.03004096495221,0
per_huruf_hybrid_skeleton_forced_loop_no_sig,8,1183,0.47643979057591623,322.0,38.0,322.0,38.0,0
per_huruf_hybrid_skeleton_forced_loop_no_sig,8,1184,0.47684252919855014,322.0769230769231,37.95584888484297,322.0769230769231,37.95584888484297,0
per_huruf_hybrid_skeleton_forced_loop_no_sig,8,1185,0.4772452678211841,322.1538461538462,37.90122894856623,322.1538461538462,37.90122894856623,0
per_huruf_hybrid_skeleton_forced_loop_no_sig,8,1186,0.477648006443818,322.2307692307692,37.837505689576695,322.2307692307692,37.837505689576695,0
per_huruf_hybrid_skeleton_forced_loop_no_sig,8,1187,0.4780507450664519,322.30769230769226,37.76604460628129,322.30769230769226,37.76604460628129,0
per_huruf_hybrid_skeleton_forced_loop_no_sig,8,1188,0.4784534836890858,322.3846153846155,37.68821119708694,322.3846153846155,37.68821119708694,0
per_huruf_hybrid_skeleton_forced_loop_no_sig,8,1189,0.4788562223117197,322.4615384615385,37.60537096040055,322.4615384615385,37.60537096040055,0
per_huruf_hybrid_skeleton_forced_loop_no_sig,8,1190,0.4792589609343536,322.53846153846155,37.51888939462904,322.53846153846155,37.51888939462904,0
per_huruf_hybrid_skeleton_forced_loop_no_sig,8,1191,0.4796616995569875,322.61538461538464,37.430131998179334,322.61538461538464,37.430131998179334,0
per_huruf_hybrid_skeleton_forced_loop_no_sig,8,1192,0.48006443817962147,322.6923076923077,37.34046426945835,322.6923076923077,37.34046426945835,0
per_huruf_hybrid_skeleton_forced_loop_no_sig,8,1193,0.48046717680225537,322.7692307692307,37.251251706873006,322.7692307692307,37.251251706873006,0
per_huruf_hybrid_skeleton_forced_loop_no_sig,8,1194,0.48086991542488927,322.84615384615387,37.163859808830225,322.84615384615387,37.163859808830225,0
per_huruf_hybrid_skeleton_forced_loop_no_sig,8,1195,0.4812726540475232,322.9230769230769,37.07965407373691,322.9230769230769,37.07965407373691,0
per_huruf_hybrid_skeleton_forced_loop_no_sig,8,1196,0.4816753926701571,323.0,37.0,323.0,37.0,0
per_huruf_hybrid_skeleton_forced_loop_no_sig,8,1197,0.482078131292791,323.0769230769231,36.92307692307693,323.0769230769231,36.92307692307693,0
per_huruf_hybrid_skeleton_forced_loop_no_sig,8,1198,0.4824808699154249,323.1538461538462,36.84615384615385,323.1538461538462,36.84615384615385,0
per_huruf_hybrid_skeleton_forced_loop_no_sig,8,1199,0.48288360853805884,323.2307692307691,36.76923076923076,323.2307692307691,36.76923076923076,0
per_huruf_hybrid_skeleton_forced_loop_no_sig,8,1200,0.48328634716069274,323.30769230769226,36.69230769230769,323.30769230769226,36.69230769230769,0
per_huruf_hybrid_skeleton_forced_loop_no_sig,8,1201,0.48368908578332664,323.3846153846154,36.61538461538461,323.3846153846154,36.61538461538461,0
per_huruf_hybrid_skeleton_forced_loop_no_sig,8,1202,0.48409182440596055,323.4615384615385,36.53846153846154,323.4615384615385,36.53846153846154,0
per_huruf_hybrid_skeleton_forced_loop_no_sig,8,1203,0.48449456302859445,323.53846153846155,36.46153846153846,323.53846153846155,36.46153846153846,0
per_huruf_hybrid_skeleton_forced_loop_no_sig,8,1204,0.48489730165122835,323.61538461538464,36.38461538461539,323.61538461538464,36.38461538461539,0
per_huruf_hybrid_skeleton_forced_loop_no_sig,8,1205,0.4853000402738623,323.6923076923077,36.30769230769231,323.6923076923077,36.30769230769231,0
per_huruf_hybrid_skeleton_forced_loop_no_sig,8,1206,0.4857027788964962,323.7692307692307,36.230769230769226,323.7692307692307,36.230769230769226,0
per_huruf_hybrid_skeleton_forced_loop_no_sig,8,1207,0.4861055175191301,323.84615384615387,36.15384615384616,323.84615384615387,36.15384615384616,0
per_huruf_hybrid_skeleton_forced_loop_no_sig,8,1208,0.486508256141764,323.9230769230769,36.07692307692308,323.9230769230769,36.07692307692308,0
per_huruf_hybrid_skeleton_forced_loop_no_sig,8,1209,0.4869109947643979,324.0,36.0,324.0,36.0,0
per_huruf_hybrid_skeleton_forced_loop_no_sig,8,1210,0.4873137333870318,324.07692307692315,35.92307692307693,324.07692307692315,35.92307692307693,0
per_huruf_hybrid_skeleton_forced_loop_no_sig,8,1211,0.4877164720096657,324.15384615384613,35.84615384615384,324.15384615384613,35.84615384615384,0
per_huruf_hybrid_skeleton_forced_loop_no_sig,8,1212,0.4881192106322997,324.23076923076917,35.76923076923076,324.23076923076917,35.76923076923076,0
per_huruf_hybrid_skeleton_forced_loop_no_sig,8,1213,0.4885219492549336,324.3076923076923,35.692307692307686,324.3076923076923,35.692307692307686,0
per_huruf_hybrid_skeleton_forced_loop_no_sig,8,1214,0.4889246878775675,324.3846153846154,35.61538461538461,324.3846153846154,35.61538461538461,0
per_huruf_hybrid_skeleton_forced_loop_no_sig,8,1215,0.4893274265002014,324.46153846153845,35.53846153846155,324.46153846153845,35.53846153846155,0
per_huruf_hybrid_skeleton_forced_loop_no_sig,8,1216,0.4897301651228353,324.53846153846155,35.46153846153847,324.53846153846155,35.46153846153847,0
per_huruf_hybrid_skeleton_forced_loop_no_sig,8,1217,0.4901329037454692,324.6153846153846,35.38461538461539,324.6153846153846,35.38461538461539,0
per_huruf_hybrid_skeleton_forced_loop_no_sig,8,1218,0.4905356423681031,324.6923076923077,35.30769230769231,324.6923076923077,35.30769230769231,0
per_huruf_hybrid_skeleton_forced_loop_no_sig,8,1219,0.49093838099073706,324.7692307692307,35.230769230769226,324.7692307692307,35.230769230769226,0
per_huruf_hybrid_skeleton_forced_loop_no_sig,8,1220,0.49134111961337096,324.84615384615387,35.15384615384616,324.84615384615387,35.15384615384616,0
per_huruf_hybrid_skeleton_forced_loop_no_sig,8,1221,0.49174385823600486,324.9230769230769,35.07692307692307,324.9230769230769,35.07692307692307,0
per_huruf_hybrid_skeleton_forced_loop_no_sig,8,1222,0.49214659685863876,325.0,35.0,325.0,35.0,0
per_huruf_hybrid_skeleton_forced_loop_no_sig,8,1223,0.49254933548127267,325.0769230769231,34.92307692307693,325.0769230769231,34.92307692307693,0
per_huruf_hybrid_skeleton_forced_loop_no_sig,8,1224,0.49295207410390657,325.15384615384613,34.84615384615385,325.15384615384613,34.84615384615385,0
per_huruf_hybrid_skeleton_forced_loop_no_sig,8,1225,0.49335481272654047,325.23076923076917,34.76923076923076,325.23076923076917,34.76923076923076,0
per_huruf_hybrid_skeleton_forced_loop_no_sig,8,1226,0.49375755134917443,325.30769230769226,34.69230769230769,325.30769230769226,34.69230769230769,0
per_huruf_hybrid_skeleton_forced_loop_no_sig,8,1227,0.49416028997180833,325.3846153846154,34.61538461538461,325.3846153846154,34.61538461538461,0
per_huruf_hybrid_skeleton_forced_loop_no_sig,8,1228,0.49456302859444223,325.46153846153845,34.53846153846154,325.46153846153845,34.53846153846154,0
per_huruf_hybrid_skeleton_forced_loop_no_sig,8,1229,0.49496576721707614,325.53846153846155,34.46153846153846,325.53846153846155,34.46153846153846,0
per_huruf_hybrid_skeleton_forced_loop_no_sig,8,1230,0.49536850583971004,325.61538461538464,34.38461538461539,325.61538461538464,34.38461538461539,0
per_huruf_hybrid_skeleton_forced_loop_no_sig,8,1231,0.49577124446234394,325.6923076923077,34.30769230769231,325.6923076923077,34.30769230769231,0
per_huruf_hybrid_skeleton_forced_loop_no_sig,8,1232,0.49617398308497784,325.7692307692307,34.230769230769226,325.7692307692307,34.230769230769226,0
per_huruf_hybrid_skeleton_forced_loop_no_sig,8,1233,0.4965767217076118,325.84615384615387,34.15384615384616,325.84615384615387,34.15384615384616,0
per_huruf_hybrid_skeleton_forced_loop_no_sig,8,1234,0.4969794603302457,325.9230769230769,34.07692307692307,325.9230769230769,34.07692307692307,0
per_huruf_hybrid_skeleton_forced_loop_no_sig,8,1235,0.4973821989528796,326.0,34.0,326.0,34.0,0
per_huruf_hybrid_skeleton_forced_loop_no_sig,8,1236,0.4977849375755135,326.0769230769231,33.92307692307693,326.0769230769231,33.92307692307693,0
per_huruf_hybrid_skeleton_forced_loop_no_sig,8,1237,0.4981876761981474,326.1538461538462,33.846153846153854,326.1538461538462,33.846153846153854,0
per_huruf_hybrid_skeleton_forced_loop_no_sig,8,1238,0.4985904148207813,326.23076923076917,33.76923076923077,326.23076923076917,33.76923076923077,0
per_huruf_hybrid_skeleton_forced_loop_no_sig,8,1239,0.4989931534434152,326.30769230769226,33.69230769230769,326.30769230769226,33.69230769230769,0
per_huruf_hybrid_skeleton_forced_loop_no_sig,8,1240,0.4993958920660492,326.3846153846155,33.61538461538461,326.3846153846155,33.61538461538461,0
per_huruf_hybrid_skeleton_forced_loop_no_sig,8,1241,0.4997986306886831,326.46153846153845,33.53846153846154,326.46153846153845,33.53846153846154,0
per_huruf_hybrid_skeleton_forced_loop_no_sig,8,1242,0.500201369311317,326.5384615384615,33.46153846153846,326.5384615384615,33.46153846153846,0
per_huruf_hybrid_skeleton_forced_loop_no_sig,8,1243,0.5006041079339509,326.61538461538464,33.38461538461539,326.61538461538464,33.38461538461539,0
per_huruf_hybrid_skeleton_forced_loop_no_sig,8,1244,0.5010068465565848,326.6923076923077,33.30769230769231,326.6923076923077,33.30769230769231,0
per_huruf_hybrid_skeleton_forced_loop_no_sig,8,1245,0.5014095851792187,326.7692307692307,33.230769230769226,326.7692307692307,33.230769230769226,0
per_huruf_hybrid_skeleton_forced_loop_no_sig,8,1246,0.5018123238018526,326.84615384615387,33.15384615384615,326.84615384615387,33.15384615384615,0
per_huruf_hybrid_skeleton_forced_loop_no_sig,8,1247,0.5022150624244865,326.9230769230769,33.07692307692308,326.9230769230769,33.07692307692308,0
per_huruf_hybrid_skeleton_forced_loop_no_sig,8,1248,0.5026178010471204,327.0,33.0,327.0,33.0,0
per_huruf_hybrid_skeleton_forced_loop_no_sig,8,1249,0.5030205396697544,327.07692307692315,32.92307692307693,327.07692307692315,32.92307692307693,0
per_huruf_hybrid_skeleton_forced_loop_no_sig,8,1250,0.5034232782923883,327.1538461538462,32.84615384615385,327.1538461538462,32.84615384615385,0
per_huruf_hybrid_skeleton_forced_loop_no_sig,8,1251,0.5038260169150222,327.23076923076917,32.76923076923076,327.23076923076917,32.76923076923076,0
per_huruf_hybrid_skeleton_forced_loop_no_sig,8,1252,0.5042287555376561,327.30769230769226,32.69230769230769,327.30769230769226,32.69230769230769,0
per_huruf_hybrid_skeleton_forced_loop_no_sig,8,1253,0.50463149416029,327.3846153846154,32.61538461538461,327.3846153846154,32.61538461538461,0
per_huruf_hybrid_skeleton_forced_loop_no_sig,8,1254,0.5050342327829239,327.4615384615385,32.53846153846154,327.4615384615385,32.53846153846154,0
per_huruf_hybrid_skeleton_forced_loop_no_sig,8,1255,0.5054369714055578,327.53846153846155,32.46153846153846,327.53846153846155,32.46153846153846,0
per_huruf_hybrid_skeleton_forced_loop_no_sig,8,1256,0.5058397100281917,327.61538461538464,32.38461538461539,327.61538461538464,32.38461538461539,0
per_huruf_hybrid_skeleton_forced_loop_no_sig,8,1257,0.5062424486508257,327.6923076923077,32.30769230769231,327.6923076923077,32.30769230769231,0
per_huruf_hybrid_skeleton_forced_loop_no_sig,8,1258,0.5066451872734595,327.7692307692307,32.230769230769226,327.7692307692307,32.230769230769226,0
per_huruf_hybrid_skeleton_forced_loop_no_sig,8,1259,0.5070479258960935,327.84615384615387,32.15384615384616,327.84615384615387,32.15384615384616,0
per_huruf_hybrid_skeleton_forced_loop_no_sig,8,1260,0.5074506645187273,327.9230769230769,32.07692307692308,327.9230769230769,32.07692307692308,0
per_huruf_hybrid_skeleton_forced_loop_no_sig,8,1261,0.5078534031413613,328.0,32.0,328.0,32.0,0
per_huruf_hybrid_skeleton_forced_loop_no_sig,8,1262,0.5082561417639951,328.0769230769231,31.92034592626309,328.0769230769231,31.92034592626309,0
per_huruf_hybrid_skeleton_forced_loop_no_sig,8,1263,0.5086588803866291,328.15384615384613,31.836140191169775,328.15384615384613,31.836140191169775,0
per_huruf_hybrid_skeleton_forced_loop_no_sig,8,1264,0.5090616190092631,328.23076923076917,31.74874829312699,328.23076923076917,31.74874829312699,0
per_huruf_hybrid_skeleton_forced_loop_no_sig,8,1265,0.5094643576318969,328.3076923076923,31.659535730541645,328.3076923076923,31.659535730541645,0
per_huruf_hybrid_skeleton_forced_loop_no_sig,8,1266,0.5098670962545309,328.3846153846154,31.569868001820666,328.3846153846154,31.569868001820666,0
per_huruf_hybrid_skeleton_forced_loop_no_sig,8,1267,0.5102698348771647,328.4615384615385,31.481110605370965,328.4615384615385,31.481110605370965,0
per_huruf_hybrid_skeleton_forced_loop_no_sig,8,1268,0.5106725734997987,328.53846153846155,31.394629039599455,328.53846153846155,31.394629039599455,0
per_huruf_hybrid_skeleton_forced_loop_no_sig,8,1269,0.5110753121224325,328.61538461538464,31.311788802913064,328.61538461538464,31.311788802913064,0
per_huruf_hybrid_skeleton_forced_loop_no_sig,8,1270,0.5114780507450665,328.6923076923077,31.23395539371871,328.6923076923077,31.23395539371871,0
per_huruf_hybrid_skeleton_forced_loop_no_sig,8,1271,0.5118807893677004,328.7692307692307,31.162494310423302,328.7692307692307,31.162494310423302,0
per_huruf_hybrid_skeleton_forced_loop_no_sig,8,1272,0.5122835279903343,328.84615384615387,31.098771051433772,328.84615384615387,31.098771051433772,0
per_huruf_hybrid_skeleton_forced_loop_no_sig,8,1273,0.5126862666129682,328.9230769230769,31.04415111515703,328.9230769230769,31.04415111515703,0
per_huruf_hybrid_skeleton_forced_loop_no_sig,8,1274,0.5130890052356021,329.0,31.0,329.0,31.0,0
per_huruf_hybrid_skeleton_forced_loop_no_sig,8,1275,0.513491743858236,329.0769230769231,30.969959035047797,329.0769230769231,30.969959035047797,0
per_huruf_hybrid_skeleton_forced_loop_no_sig,8,1276,0.5138944824808699,329.1538461538462,30.95493855257169,329.1538461538462,30.95493855257169,0
per_huruf_hybrid_skeleton_forced_loop_no_sig,8,1277,0.5142972211035038,329.2307692307692,30.952207555757848,329.2307692307692,30.952207555757848,0
per_huruf_hybrid_skeleton_forced_loop_no_sig,8,1278,0.5146999597261378,329.30769230769226,30.95903504779244,329.30769230769226,30.95903504779244,0
per_huruf_hybrid_skeleton_forced_loop_no_sig,8,1279,0.5151026983487716,329.3846153846154,30.97269003186163,329.3846153846154,30.97269003186163,0
per_huruf_hybrid_skeleton_forced_loop_no_sig,8,1280,0.5155054369714056,329.46153846153845,30.990441511151573,329.46153846153845,30.990441511151573,0
per_huruf_hybrid_skeleton_forced_loop_no_sig,8,1281,0.5159081755940395,329.53846153846155,31.00955848884843,329.53846153846155,31.00955848884843,0
per_huruf_hybrid_skeleton_forced_loop_no_sig,8,1282,0.5163109142166734,329.61538461538464,31.027309968138372,329.61538461538464,31.027309968138372,0
per_huruf_hybrid_skeleton_forced_loop_no_sig,8,1283,0.5167136528393073,329.6923076923077,31.040964952207553,329.6923076923077,31.040964952207553,0
per_huruf_hybrid_skeleton_forced_loop_no_sig,8,1284,0.5171163914619412,329.7692307692307,31.047792444242145,329.7692307692307,31.047792444242145,0
per_huruf_hybrid_skeleton_forced_loop_no_sig,8,1285,0.5175191300845752,329.84615384615387,31.04506144742831,329.84615384615387,31.04506144742831,0
per_huruf_hybrid_skeleton_forced_loop_no_sig,8,1286,0.517921868707209,329.9230769230769,31.030040964952207,329.9230769230769,31.030040964952207,0
per_huruf_hybrid_skeleton_forced_loop_no_sig,8,1287,0.518324607329843,330.0,31.0,330.0,31.0,0
per_huruf_hybrid_skeleton_forced_loop_no_sig,8,1288,0.5187273459524768,330.0769230769231,30.955848884842972,330.0769230769231,30.955848884842972,0
per_huruf_hybrid_skeleton_forced_loop_no_sig,8,1289,0.5191300845751108,330.15384615384613,30.901228948566228,330.15384615384613,30.901228948566228,0
per_huruf_hybrid_skeleton_forced_loop_no_sig,8,1290,0.5195328231977446,330.23076923076917,30.83750568957669,330.23076923076917,30.83750568957669,0
per_huruf_hybrid_skeleton_forced_loop_no_sig,8,1291,0.5199355618203786,330.3076923076923,30.766044606281287,330.3076923076923,30.766044606281287,0
per_huruf_hybrid_skeleton_forced_loop_no_sig,8,1292,0.5203383004430125,330.3846153846154,30.688211197086936,330.3846153846154,30.688211197086936,0
per_huruf_hybrid_skeleton_forced_loop_no_sig,8,1293,0.5207410390656464,330.46153846153845,30.60537096040055,330.46153846153845,30.60537096040055,0
per_huruf_hybrid_skeleton_forced_loop_no_sig,8,1294,0.5211437776882804,330.53846153846155,30.51888939462904,330.53846153846155,30.51888939462904,0
per_huruf_hybrid_skeleton_forced_loop_no_sig,8,1295,0.5215465163109142,330.61538461538464,30.430131998179338,330.61538461538464,30.430131998179338,0
per_huruf_hybrid_skeleton_forced_loop_no_sig,8,1296,0.5219492549335482,330.69230769230774,30.34046426945835,330.69230769230774,30.34046426945835,0
per_huruf_hybrid_skeleton_forced_loop_no_sig,8,1297,0.522351993556182,330.7692307692307,30.251251706873006,330.7692307692307,30.251251706873006,0
per_huruf_hybrid_skeleton_forced_loop_no_sig,8,1298,0.522754732178816,330.84615384615387,30.163859808830225,330.84615384615387,30.163859808830225,0
per_huruf_hybrid_skeleton_forced_loop_no_sig,8,1299,0.5231574708014499,330.9230769230769,30.07965407373691,330.9230769230769,30.07965407373691,0
per_huruf_hybrid_skeleton_forced_loop_no_sig,8,1300,0.5235602094240838,331.0,30.0,331.0,30.0,0
per_huruf_hybrid_skeleton_forced_loop_no_sig,8,1301,0.5239629480467177,331.0769230769231,29.923076923076927,331.0769230769231,29.923076923076927,0
per_huruf_hybrid_skeleton_forced_loop_no_sig,8,1302,0.5243656866693516,331.15384615384613,29.84615384615385,331.15384615384613,29.84615384615385,0
per_huruf_hybrid_skeleton_forced_loop_no_sig,8,1303,0.5247684252919855,331.23076923076917,29.76923076923077,331.23076923076917,29.76923076923077,0
per_huruf_hybrid_skeleton_forced_loop_no_sig,8,1304,0.5251711639146195,331.30769230769226,29.69230769230769,331.30769230769226,29.69230769230769,0
per_huruf_hybrid_skeleton_forced_loop_no_sig,8,1305,0.5255739025372533,331.3846153846154,29.61538461538462,331.3846153846154,29.61538461538462,0
per_huruf_hybrid_skeleton_forced_loop_no_sig,8,1306,0.5259766411598873,331.4615384615385,29.53846153846154,331.4615384615385,29.53846153846154,0
per_huruf_hybrid_skeleton_forced_loop_no_sig,8,1307,0.5263793797825211,331.53846153846155,29.461538461538467,331.53846153846155,29.461538461538467,0
per_huruf_hybrid_skeleton_forced_loop_no_sig,8,1308,0.5267821184051551,331.61538461538464,29.384615384615387,331.61538461538464,29.384615384615387,0
per_huruf_hybrid_skeleton_forced_loop_no_sig,8,1309,0.527184857027789,331.6923076923077,29.307692307692307,331.6923076923077,29.307692307692307,0
per_huruf_hybrid_skeleton_forced_loop_no_sig,8,1310,0.5275875956504229,331.7692307692307,29.230769230769226,331.7692307692307,29.230769230769226,0
per_huruf_hybrid_skeleton_forced_loop_no_sig,8,1311,0.5279903342730569,331.84615384615387,29.153846153846153,331.84615384615387,29.153846153846153,0
per_huruf_hybrid_skeleton_forced_loop_no_sig,8,1312,0.5283930728956907,331.9230769230769,29.076923076923073,331.9230769230769,29.076923076923073,0
per_huruf_hybrid_skeleton_forced_loop_no_sig,8,1313,0.5287958115183247,332.0,29.0,332.0,29.0,0
per_huruf_hybrid_skeleton_forced_loop_no_sig,8,1314,0.5291985501409585,332.07692307692315,28.92034592626309,332.07692307692315,28.92034592626309,0
per_huruf_hybrid_skeleton_forced_loop_no_sig,8,1315,0.5296012887635925,332.1538461538462,28.836140191169783,332.1538461538462,28.836140191169783,0
per_huruf_hybrid_skeleton_forced_loop_no_sig,8,1316,0.5300040273862263,332.23076923076917,28.74874829312699,332.23076923076917,28.74874829312699,0
per_huruf_hybrid_skeleton_forced_loop_no_sig,8,1317,0.5304067660088603,332.30769230769226,28.659535730541645,332.30769230769226,28.659535730541645,0
per_huruf_hybrid_skeleton_forced_loop_no_sig,8,1318,0.5308095046314942,332.3846153846154,28.56986800182067,332.3846153846154,28.56986800182067,0
per_huruf_hybrid_skeleton_forced_loop_no_sig,8,1319,0.5312122432541281,332.4615384615385,28.48111060537096,332.4615384615385,28.48111060537096,0
per_huruf_hybrid_skeleton_forced_loop_no_sig,8,1320,0.531614981876762,332.53846153846155,28.39462903959945,332.53846153846155,28.39462903959945,0
per_huruf_hybrid_skeleton_forced_loop_no_sig,8,1321,0.5320177204993959,332.61538461538464,28.311788802913064,332.61538461538464,28.311788802913064,0
per_huruf_hybrid_skeleton_forced_loop_no_sig,8,1322,0.5324204591220298,332.6923076923077,28.23395539371871,332.6923076923077,28.23395539371871,0
per_huruf_hybrid_skeleton_forced_loop_no_sig,8,1323,0.5328231977446637,332.7692307692307,28.162494310423302,332.7692307692307,28.162494310423302,0
per_huruf_hybrid_skeleton_forced_loop_no_sig,8,1324,0.5332259363672976,332.84615384615387,28.098771051433772,332.84615384615387,28.098771051433772,0
per_huruf_hybrid_skeleton_forced_loop_no_sig,8,1325,0.5336286749899316,332.9230769230769,28.04415111515703,332.9230769230769,28.04415111515703,0
per_huruf_hybrid_skeleton_forced_loop_no_sig,8,1326,0.5340314136125655,333.0,28.0,333.0,28.0,0
per_huruf_hybrid_skeleton_forced_loop_no_sig,8,1327,0.5344341522351994,333.07692307692315,27.969959035047793,333.07692307692315,27.969959035047793,0
per_huruf_hybrid_skeleton_forced_loop_no_sig,8,1328,0.5348368908578333,333.1538461538462,27.954938552571694,333.1538461538462,27.954938552571694,0
per_huruf_hybrid_skeleton_forced_loop_no_sig,8,1329,0.5352396294804672,333.23076923076917,27.952207555757848,333.23076923076917,27.952207555757848,0
per_huruf_hybrid_skeleton_forced_loop_no_sig,8,1330,0.5356423681031011,333.30769230769226,27.959035047792444,333.30769230769226,27.959035047792444,0
per_huruf_hybrid_skeleton_forced_loop_no_sig,8,1331,0.536045106725735,333.3846153846154,27.97269003186163,333.3846153846154,27.97269003186163,0
per_huruf_hybrid_skeleton_forced_loop_no_sig,8,1332,0.536447845348369,333.46153846153845,27.990441511151573,333.46153846153845,27.990441511151573,0
per_huruf_hybrid_skeleton_forced_loop_no_sig,8,1333,0.5368505839710028,333.53846153846155,28.009558488848427,333.53846153846155,28.009558488848427,0
per_huruf_hybrid_skeleton_forced_loop_no_sig,8,1334,0.5372533225936368,333.61538461538464,28.02730996813837,333.61538461538464,28.02730996813837,0
per_huruf_hybrid_skeleton_forced_loop_no_sig,8,1335,0.5376560612162706,333.6923076923077,28.040964952207553,333.6923076923077,28.040964952207553,0
per_huruf_hybrid_skeleton_forced_loop_no_sig,8,1336,0.5380587998389046,333.7692307692307,28.047792444242145,333.7692307692307,28.047792444242145,0
per_huruf_hybrid_skeleton_forced_loop_no_sig,8,1337,0.5384615384615384,333.84615384615387,28.04506144742831,333.84615384615387,28.04506144742831,0
per_huruf_hybrid_skeleton_forced_loop_no_sig,8,1338,0.5388642770841724,333.9230769230769,28.030040964952207,333.9230769230769,28.030040964952207,0
per_huruf_hybrid_skeleton_forced_loop_no_sig,8,1339,0.5392670157068064,334.0,28.0,334.0,28.0,0
per_huruf_hybrid_skeleton_forced_loop_no_sig,8,1340,0.5396697543294402,334.07692307692315,27.95584888484297,334.07692307692315,27.95584888484297,0
per_huruf_hybrid_skeleton_forced_loop_no_sig,8,1341,0.5400724929520742,334.15384615384613,27.90122894856623,334.15384615384613,27.90122894856623,0
per_huruf_hybrid_skeleton_forced_loop_no_sig,8,1342,0.540475231574708,334.23076923076917,27.83750568957669,334.23076923076917,27.83750568957669,0
per_huruf_hybrid_skeleton_forced_loop_no_sig,8,1343,0.540877970197342,334.30769230769226,27.76604460628129,334.30769230769226,27.76604460628129,0
per_huruf_hybrid_skeleton_forced_loop_no_sig,8,1344,0.5412807088199758,334.3846153846154,27.68821119708694,334.3846153846154,27.68821119708694,0
per_huruf_hybrid_skeleton_forced_loop_no_sig,8,1345,0.5416834474426098,334.46153846153845,27.605370960400545,334.46153846153845,27.605370960400545,0
per_huruf_hybrid_skeleton_forced_loop_no_sig,8,1346,0.5420861860652437,334.53846153846155,27.51888939462904,334.53846153846155,27.51888939462904,0
per_huruf_hybrid_skeleton_forced_loop_no_sig,8,1347,0.5424889246878776,334.61538461538464,27.430131998179334,334.61538461538464,27.430131998179334,0
per_huruf_hybrid_skeleton_forced_loop_no_sig,8,1348,0.5428916633105115,334.6923076923077,27.340464269458348,334.6923076923077,27.340464269458348,0
per_huruf_hybrid_skeleton_forced_loop_no_sig,8,1349,0.5432944019331454,334.7692307692307,27.251251706873006,334.7692307692307,27.251251706873006,0
per_huruf_hybrid_skeleton_forced_loop_no_sig,8,1350,0.5436971405557793,334.84615384615387,27.163859808830225,334.84615384615387,27.163859808830225,0
per_huruf_hybrid_skeleton_forced_loop_no_sig,8,1351,0.5440998791784132,334.9230769230769,27.07965407373691,334.9230769230769,27.07965407373691,0
per_huruf_hybrid_skeleton_forced_loop_no_sig,8,1352,0.5445026178010471,335.0,27.0,335.0,27.0,0
per_huruf_hybrid_skeleton_forced_loop_no_sig,8,1353,0.5449053564236811,335.07692307692315,26.920345926263092,335.07692307692315,26.920345926263092,0
per_huruf_hybrid_skeleton_forced_loop_no_sig,8,1354,0.545308095046315,335.15384615384613,26.836140191169783,335.15384615384613,26.836140191169783,0
per_huruf_hybrid_skeleton_forced_loop_no_sig,8,1355,0.5457108336689489,335.23076923076917,26.748748293126987,335.23076923076917,26.748748293126987,0
per_huruf_hybrid_skeleton_forced_loop_no_sig,8,1356,0.5461135722915827,335.30769230769226,26.659535730541645,335.30769230769226,26.659535730541645,0
per_huruf_hybrid_skeleton_forced_loop_no_sig,8,1357,0.5465163109142167,335.3846153846154,26.569868001820666,335.3846153846154,26.569868001820666,0
per_huruf_hybrid_skeleton_forced_loop_no_sig,8,1358,0.5469190495368506,335.4615384615385,26.48111060537096,335.4615384615385,26.48111060537096,0
per_huruf_hybrid_skeleton_forced_loop_no_sig,8,1359,0.5473217881594845,335.53846153846155,26.394629039599455,335.53846153846155,26.394629039599455,0
per_huruf_hybrid_skeleton_forced_loop_no_sig,8,1360,0.5477245267821185,335.61538461538464,26.311788802913064,335.61538461538464,26.311788802913064,0
per_huruf_hybrid_skeleton_forced_loop_no_sig,8,1361,0.5481272654047523,335.6923076923077,26.233955393718706,335.6923076923077,26.233955393718706,0
per_huruf_hybrid_skeleton_forced_loop_no_sig,8,1362,0.5485300040273863,335.7692307692307,26.162494310423305,335.7692307692307,26.162494310423305,0
per_huruf_hybrid_skeleton_forced_loop_no_sig,8,1363,0.5489327426500201,335.84615384615387,26.098771051433776,335.84615384615387,26.098771051433776,0
per_huruf_hybrid_skeleton_forced_loop_no_sig,8,1364,0.5493354812726541,335.9230769230769,26.04415111515703,335.9230769230769,26.04415111515703,0
per_huruf_hybrid_skeleton_forced_loop_no_sig,8,1365,0.5497382198952879,336.0,26.0,336.0,26.0,0
per_huruf_hybrid_skeleton_forced_loop_no_sig,8,1366,0.5501409585179219,336.0769230769231,25.969959035047797,336.0769230769231,25.969959035047797,0
per_huruf_hybrid_skeleton_forced_loop_no_sig,8,1367,0.5505436971405558,336.1538461538462,25.95493855257169,336.1538461538462,25.95493855257169,0
per_huruf_hybrid_skeleton_forced_loop_no_sig,8,1368,0.5509464357631897,336.23076923076917,25.952207555757848,336.23076923076917,25.952207555757848,0
per_huruf_hybrid_skeleton_forced_loop_no_sig,8,1369,0.5513491743858236,336.30769230769226,25.959035047792437,336.30769230769226,25.959035047792437,0
per_huruf_hybrid_skeleton_forced_loop_no_sig,8,1370,0.5517519130084575,336.3846153846154,25.97269003186163,336.3846153846154,25.97269003186163,0
per_huruf_hybrid_skeleton_forced_loop_no_sig,8,1371,0.5521546516310915,336.4615384615385,25.99044151115157,336.4615384615385,25.99044151115157,0
per_huruf_hybrid_skeleton_forced_loop_no_sig,8,1372,0.5525573902537253,336.53846153846155,26.00955848884843,336.53846153846155,26.00955848884843,0
per_huruf_hybrid_skeleton_forced_loop_no_sig,8,1373,0.5529601288763593,336.61538461538464,26.027309968138375,336.61538461538464,26.027309968138375,0
per_huruf_hybrid_skeleton_forced_loop_no_sig,8,1374,0.5533628674989932,336.6923076923077,26.040964952207553,336.6923076923077,26.040964952207553,0
per_huruf_hybrid_skeleton_forced_loop_no_sig,8,1375,0.5537656061216271,336.7692307692307,26.04779244424215,336.7692307692307,26.04779244424215,0
per_huruf_hybrid_skeleton_forced_loop_no_sig,8,1376,0.554168344744261,336.84615384615387,26.045061447428314,336.84615384615387,26.045061447428314,0
per_huruf_hybrid_skeleton_forced_loop_no_sig,8,1377,0.5545710833668949,336.9230769230769,26.030040964952207,336.9230769230769,26.030040964952207,0
per_huruf_hybrid_skeleton_forced_loop_no_sig,8,1378,0.5549738219895288,337.0,26.0,337.0,26.0,0
per_huruf_hybrid_skeleton_forced_loop_no_sig,8,1379,0.5553765606121628,337.07692307692304,25.95584888484297,337.07692307692304,25.95584888484297,0
per_huruf_hybrid_skeleton_forced_loop_no_sig,8,1380,0.5557792992347966,337.15384615384613,25.901228948566228,337.15384615384613,25.901228948566228,0
per_huruf_hybrid_skeleton_forced_loop_no_sig,8,1381,0.5561820378574306,337.23076923076917,25.837505689576695,337.23076923076917,25.837505689576695,0
per_huruf_hybrid_skeleton_forced_loop_no_sig,8,1382,0.5565847764800644,337.3076923076923,25.766044606281287,337.3076923076923,25.766044606281287,0
per_huruf_hybrid_skeleton_forced_loop_no_sig,8,1383,0.5569875151026984,337.3846153846154,25.68821119708694,337.3846153846154,25.68821119708694,0
per_huruf_hybrid_skeleton_forced_loop_no_sig,8,1384,0.5573902537253322,337.46153846153845,25.60537096040055,337.46153846153845,25.60537096040055,0
per_huruf_hybrid_skeleton_forced_loop_no_sig,8,1385,0.5577929923479662,337.5384615384615,25.51888939462904,337.5384615384615,25.51888939462904,0
per_huruf_hybrid_skeleton_forced_loop_no_sig,8,1386,0.5581957309706002,337.61538461538464,25.430131998179338,337.61538461538464,25.430131998179338,0
per_huruf_hybrid_skeleton_forced_loop_no_sig,8,1387,0.558598469593234,337.6923076923077,25.34046426945835,337.6923076923077,25.34046426945835,0
per_huruf_hybrid_skeleton_forced_loop_no_sig,8,1388,0.559001208215868,337.7692307692308,25.251251706873006,337.7692307692308,25.251251706873006,0
per_huruf_hybrid_skeleton_forced_loop_no_sig,8,1389,0.5594039468385018,337.84615384615387,25.163859808830225,337.84615384615387,25.163859808830225,0
per_huruf_hybrid_skeleton_forced_loop_no_sig,8,1390,0.5598066854611358,337.9230769230769,25.07965407373691,337.9230769230769,25.07965407373691,0
per_huruf_hybrid_skeleton_forced_loop_no_sig,8,1391,0.5602094240837696,338.0,25.0,338.0,25.0,0
per_huruf_hybrid_skeleton_forced_loop_no_sig,8,1392,0.5606121627064036,338.07692307692315,24.923076923076927,338.07692307692315,24.923076923076927,0
per_huruf_hybrid_skeleton_forced_loop_no_sig,8,1393,0.5610149013290375,338.15384615384613,24.846153846153847,338.15384615384613,24.846153846153847,0
per_huruf_hybrid_skeleton_forced_loop_no_sig,8,1394,0.5614176399516714,338.23076923076917,24.769230769230766,338.23076923076917,24.769230769230766,0
per_huruf_hybrid_skeleton_forced_loop_no_sig,8,1395,0.5618203785743053,338.30769230769226,24.69230769230769,338.30769230769226,24.69230769230769,0
per_huruf_hybrid_skeleton_forced_loop_no_sig,8,1396,0.5622231171969392,338.3846153846154,24.615384615384617,338.3846153846154,24.615384615384617,0
per_huruf_hybrid_skeleton_forced_loop_no_sig,8,1397,0.5626258558195731,338.4615384615385,24.53846153846154,338.4615384615385,24.53846153846154,0
per_huruf_hybrid_skeleton_forced_loop_no_sig,8,1398,0.563028594442207,338.5384615384615,24.46153846153846,338.5384615384615,24.46153846153846,0
per_huruf_hybrid_skeleton_forced_loop_no_sig,8,1399,0.563431333064841,338.61538461538464,24.384615384615387,338.61538461538464,24.384615384615387,0
per_huruf_hybrid_skeleton_forced_loop_no_sig,8,1400,0.5638340716874749,338.6923076923077,24.307692307692307,338.6923076923077,24.307692307692307,0
per_huruf_hybrid_skeleton_forced_loop_no_sig,8,1401,0.5642368103101087,338.7692307692307,24.230769230769226,338.7692307692307,24.230769230769226,0
per_huruf_hybrid_skeleton_forced_loop_no_sig,8,1402,0.5646395489327427,338.84615384615387,24.153846153846153,338.84615384615387,24.153846153846153,0
per_huruf_hybrid_skeleton_forced_loop_no_sig,8,1403,0.5650422875553766,338.9230769230769,24.076923076923073,338.9230769230769,24.076923076923073,0
per_huruf_hybrid_skeleton_forced_loop_no_sig,8,1404,0.5654450261780105,339.0,24.0,339.0,24.0,0
per_huruf_hybrid_skeleton_forced_loop_no_sig,8,1405,0.5658477648006444,339.0769230769231,23.923076923076923,339.0769230769231,23.923076923076923,0
per_huruf_hybrid_skeleton_forced_loop_no_sig,8,1406,0.5662505034232783,339.1538461538462,23.84615384615385,339.1538461538462,23.84615384615385,0
per_huruf_hybrid_skeleton_forced_loop_no_sig,8,1407,0.5666532420459123,339.2307692307692,23.76923076923077,339.2307692307692,23.76923076923077,0
per_huruf_hybrid_skeleton_forced_loop_no_sig,8,1408,0.5670559806685461,339.30769230769226,23.692307692307693,339.30769230769226,23.692307692307693,0
per_huruf_hybrid_skeleton_forced_loop_no_sig,8,1409,0.5674587192911801,339.3846153846154,23.61538461538462,339.3846153846154,23.61538461538462,0
per_huruf_hybrid_skeleton_forced_loop_no_sig,8,1410,0.5678614579138139,339.4615384615385,23.53846153846154,339.4615384615385,23.53846153846154,0
per_huruf_hybrid_skeleton_forced_loop_no_sig,8,1411,0.5682641965364479,339.53846153846155,23.46153846153846,339.53846153846155,23.46153846153846,0
per_huruf_hybrid_skeleton_forced_loop_no_sig,8,1412,0.5686669351590817,339.61538461538464,23.384615384615387,339.61538461538464,23.384615384615387,0
per_huruf_hybrid_skeleton_forced_loop_no_sig,8,1413,0.5690696737817157,339.6923076923077,23.307692307692307,339.6923076923077,23.307692307692307,0
per_huruf_hybrid_skeleton_forced_loop_no_sig,8,1414,0.5694724124043496,339.7692307692307,23.230769230769226,339.7692307692307,23.230769230769226,0
per_huruf_hybrid_skeleton_forced_loop_no_sig,8,1415,0.5698751510269835,339.84615384615387,23.153846153846153,339.84615384615387,23.153846153846153,0
per_huruf_hybrid_skeleton_forced_loop_no_sig,8,1416,0.5702778896496175,339.9230769230769,23.076923076923073,339.9230769230769,23.076923076923073,0
per_huruf_hybrid_skeleton_forced_loop_no_sig,8,1417,0.5706806282722513,340.0,23.0,340.0,23.0,0
per_huruf_hybrid_skeleton_forced_loop_no_sig,8,1418,0.5710833668948853,340.07692307692315,22.92034592626309,340.07692307692315,22.92034592626309,0
per_huruf_hybrid_skeleton_forced_loop_no_sig,8,1419,0.5714861055175191,340.1538461538462,22.83614019116978,340.1538461538462,22.83614019116978,0
per_huruf_hybrid_skeleton_forced_loop_no_sig,8,1420,0.5718888441401531,340.23076923076917,22.748748293126987,340.23076923076917,22.748748293126987,0
per_huruf_hybrid_skeleton_forced_loop_no_sig,8,1421,0.572291582762787,340.30769230769226,22.65953573054165,340.30769230769226,22.65953573054165,0
per_huruf_hybrid_skeleton_forced_loop_no_sig,8,1422,0.5726943213854209,340.3846153846154,22.56986800182067,340.3846153846154,22.56986800182067,0
per_huruf_hybrid_skeleton_forced_loop_no_sig,8,1423,0.5730970600080548,340.4615384615385,22.48111060537096,340.4615384615385,22.48111060537096,0
per_huruf_hybrid_skeleton_forced_loop_no_sig,8,1424,0.5734997986306887,340.5384615384616,22.394629039599455,340.5384615384616,22.394629039599455,0
per_huruf_hybrid_skeleton_forced_loop_no_sig,8,1425,0.5739025372533226,340.61538461538464,22.311788802913064,340.61538461538464,22.311788802913064,0
per_huruf_hybrid_skeleton_forced_loop_no_sig,8,1426,0.5743052758759565,340.6923076923077,22.23395539371871,340.6923076923077,22.23395539371871,0
per_huruf_hybrid_skeleton_forced_loop_no_sig,8,1427,0.5747080144985904,340.7692307692308,22.162494310423302,340.7692307692308,22.162494310423302,0
per_huruf_hybrid_skeleton_forced_loop_no_sig,8,1428,0.5751107531212244,340.84615384615387,22.098771051433772,340.84615384615387,22.098771051433772,0
per_huruf_hybrid_skeleton_forced_loop_no_sig,8,1429,0.5755134917438582,340.9230769230769,22.044151115157028,340.9230769230769,22.044151115157028,0
per_huruf_hybrid_skeleton_forced_loop_no_sig,8,1430,0.5759162303664922,341.0,22.0,341.0,22.0,0
per_huruf_hybrid_skeleton_forced_loop_no_sig,8,1431,0.576318968989126,341.07692307692315,21.969959035047793,341.07692307692315,21.969959035047793,0
per_huruf_hybrid_skeleton_forced_loop_no_sig,8,1432,0.57672170761176,341.15384615384613,21.95493855257169,341.15384615384613,21.95493855257169,0
per_huruf_hybrid_skeleton_forced_loop_no_sig,8,1433,0.5771244462343939,341.23076923076917,21.952207555757845,341.23076923076917,21.952207555757845,0
per_huruf_hybrid_skeleton_forced_loop_no_sig,8,1434,0.5775271848570278,341.30769230769226,21.959035047792444,341.30769230769226,21.959035047792444,0
per_huruf_hybrid_skeleton_forced_loop_no_sig,8,1435,0.5779299234796618,341.3846153846154,21.972690031861628,341.3846153846154,21.972690031861628,0
per_huruf_hybrid_skeleton_forced_loop_no_sig,8,1436,0.5783326621022956,341.46153846153845,21.99044151115157,341.46153846153845,21.99044151115157,0
per_huruf_hybrid_skeleton_forced_loop_no_sig,8,1437,0.5787354007249296,341.53846153846155,22.00955848884843,341.53846153846155,22.00955848884843,0
per_huruf_hybrid_skeleton_forced_loop_no_sig,8,1438,0.5791381393475634,341.6153846153846,22.027309968138372,341.6153846153846,22.027309968138372,0
per_huruf_hybrid_skeleton_forced_loop_no_sig,8,1439,0.5795408779701974,341.6923076923077,22.040964952207556,341.6923076923077,22.040964952207556,0
per_huruf_hybrid_skeleton_forced_loop_no_sig,8,1440,0.5799436165928312,341.7692307692307,22.04779244424215,341.7692307692307,22.04779244424215,0
per_huruf_hybrid_skeleton_forced_loop_no_sig,8,1441,0.5803463552154652,341.84615384615387,22.04506144742831,341.84615384615387,22.04506144742831,0
per_huruf_hybrid_skeleton_forced_loop_no_sig,8,1442,0.5807490938380991,341.9230769230769,22.030040964952207,341.9230769230769,22.030040964952207,0
per_huruf_hybrid_skeleton_forced_loop_no_sig,8,1443,0.581151832460733,342.0,22.0,342.0,22.0,0
per_huruf_hybrid_skeleton_forced_loop_no_sig,8,1444,0.581554571083367,342.07692307692315,21.95584888484297,342.07692307692315,21.95584888484297,0
per_huruf_hybrid_skeleton_forced_loop_no_sig,8,1445,0.5819573097060008,342.1538461538462,21.901228948566228,342.1538461538462,21.901228948566228,0
per_huruf_hybrid_skeleton_forced_loop_no_sig,8,1446,0.5823600483286347,342.23076923076917,21.83750568957669,342.23076923076917,21.83750568957669,0
per_huruf_hybrid_skeleton_forced_loop_no_sig,8,1447,0.5827627869512686,342.30769230769226,21.76604460628129,342.30769230769226,21.76604460628129,0
per_huruf_hybrid_skeleton_forced_loop_no_sig,8,1448,0.5831655255739026,342.3846153846154,21.688211197086936,342.3846153846154,21.688211197086936,0
per_huruf_hybrid_skeleton_forced_loop_no_sig,8,1449,0.5835682641965365,342.46153846153845,21.605370960400545,342.46153846153845,21.605370960400545,0
per_huruf_hybrid_skeleton_forced_loop_no_sig,8,1450,0.5839710028191704,342.53846153846155,21.518889394629042,342.53846153846155,21.518889394629042,0
per_huruf_hybrid_skeleton_forced_loop_no_sig,8,1451,0.5843737414418043,342.61538461538464,21.430131998179334,342.61538461538464,21.430131998179334,0
per_huruf_hybrid_skeleton_forced_loop_no_sig,8,1452,0.5847764800644382,342.69230769230774,21.34046426945835,342.69230769230774,21.34046426945835,0
per_huruf_hybrid_skeleton_forced_loop_no_sig,8,1453,0.5851792186870721,342.7692307692307,21.251251706873006,342.7692307692307,21.251251706873006,0
per_huruf_hybrid_skeleton_forced_loop_no_sig,8,1454,0.585581957309706,342.84615384615387,21.163859808830225,342.84615384615387,21.163859808830225,0
per_huruf_hybrid_skeleton_forced_loop_no_sig,8,1455,0.5859846959323399,342.9230769230769,21.07965407373691,342.9230769230769,21.07965407373691,0
per_huruf_hybrid_skeleton_forced_loop_no_sig,8,1456,0.5863874345549739,343.0,21.0,343.0,21.0,0
per_huruf_hybrid_skeleton_forced_loop_no_sig,8,1457,0.5867901731776077,343.0769230769231,20.92034592626309,343.0769230769231,20.92034592626309,0
per_huruf_hybrid_skeleton_forced_loop_no_sig,8,1458,0.5871929118002417,343.15384615384613,20.836140191169783,343.15384615384613,20.836140191169783,0
per_huruf_hybrid_skeleton_forced_loop_no_sig,8,1459,0.5875956504228755,343.2307692307692,20.748748293126987,343.2307692307692,20.748748293126987,0
per_huruf_hybrid_skeleton_forced_loop_no_sig,8,1460,0.5879983890455095,343.3076923076923,20.65953573054165,343.3076923076923,20.65953573054165,0
per_huruf_hybrid_skeleton_forced_loop_no_sig,8,1461,0.5884011276681435,343.3846153846154,20.56986800182067,343.3846153846154,20.56986800182067,0
per_huruf_hybrid_skeleton_forced_loop_no_sig,8,1462,0.5888038662907773,343.46153846153845,20.48111060537096,343.46153846153845,20.48111060537096,0
per_huruf_hybrid_skeleton_forced_loop_no_sig,8,1463,0.5892066049134113,343.53846153846155,20.39462903959945,343.53846153846155,20.39462903959945,0
per_huruf_hybrid_skeleton_forced_loop_no_sig,8,1464,0.5896093435360451,343.61538461538464,20.311788802913064,343.61538461538464,20.311788802913064,0
per_huruf_hybrid_skeleton_forced_loop_no_sig,8,1465,0.5900120821586791,343.6923076923077,20.23395539371871,343.6923076923077,20.23395539371871,0
per_huruf_hybrid_skeleton_forced_loop_no_sig,8,1466,0.5904148207813129,343.7692307692307,20.162494310423305,343.7692307692307,20.162494310423305,0
per_huruf_hybrid_skeleton_forced_loop_no_sig,8,1467,0.5908175594039469,343.84615384615387,20.098771051433772,343.84615384615387,20.098771051433772,0
per_huruf_hybrid_skeleton_forced_loop_no_sig,8,1468,0.5912202980265808,343.9230769230769,20.04415111515703,343.9230769230769,20.04415111515703,0
per_huruf_hybrid_skeleton_forced_loop_no_sig,8,1469,0.5916230366492147,344.0,20.0,344.0,20.0,0
per_huruf_hybrid_skeleton_forced_loop_no_sig,8,1470,0.5920257752718486,344.0769230769231,19.969959035047797,344.0769230769231,19.969959035047797,0
per_huruf_hybrid_skeleton_forced_loop_no_sig,8,1471,0.5924285138944825,344.15384615384613,19.95493855257169,344.15384615384613,19.95493855257169,0
per_huruf_hybrid_skeleton_forced_loop_no_sig,8,1472,0.5928312525171164,344.2307692307691,19.952207555757848,344.2307692307691,19.952207555757848,0
per_huruf_hybrid_skeleton_forced_loop_no_sig,8,1473,0.5932339911397503,344.30769230769226,19.959035047792444,344.30769230769226,19.959035047792444,0
per_huruf_hybrid_skeleton_forced_loop_no_sig,8,1474,0.5936367297623842,344.3846153846154,19.972690031861635,344.3846153846154,19.972690031861635,0
per_huruf_hybrid_skeleton_forced_loop_no_sig,8,1475,0.5940394683850182,344.4615384615385,19.99044151115157,344.4615384615385,19.99044151115157,0
per_huruf_hybrid_skeleton_forced_loop_no_sig,8,1476,0.594442207007652,344.53846153846155,20.009558488848427,344.53846153846155,20.009558488848427,0
per_huruf_hybrid_skeleton_forced_loop_no_sig,8,1477,0.594844945630286,344.61538461538464,20.027309968138372,344.61538461538464,20.027309968138372,0
per_huruf_hybrid_skeleton_forced_loop_no_sig,8,1478,0.5952476842529199,344.6923076923077,20.040964952207556,344.6923076923077,20.040964952207556,0
per_huruf_hybrid_skeleton_forced_loop_no_sig,8,1479,0.5956504228755538,344.7692307692307,20.04779244424215,344.7692307692307,20.04779244424215,0
per_huruf_hybrid_skeleton_forced_loop_no_sig,8,1480,0.5960531614981877,344.84615384615387,20.04506144742831,344.84615384615387,20.04506144742831,0
per_huruf_hybrid_skeleton_forced_loop_no_sig,8,1481,0.5964559001208216,344.9230769230769,20.030040964952207,344.9230769230769,20.030040964952207,0
per_huruf_hybrid_skeleton_forced_loop_no_sig,8,1482,0.5968586387434556,345.0,20.0,345.0,20.0,0
per_huruf_hybrid_skeleton_forced_loop_no_sig,8,1483,0.5972613773660894,345.0769230769231,19.955848884842975,345.0769230769231,19.955848884842975,0
per_huruf_hybrid_skeleton_forced_loop_no_sig,8,1484,0.5976641159887234,345.1538461538462,19.901228948566228,345.1538461538462,19.901228948566228,0
per_huruf_hybrid_skeleton_forced_loop_no_sig,8,1485,0.5980668546113572,345.23076923076917,19.837505689576695,345.23076923076917,19.837505689576695,0
per_huruf_hybrid_skeleton_forced_loop_no_sig,8,1486,0.5984695932339912,345.30769230769226,19.76604460628129,345.30769230769226,19.76604460628129,0
per_huruf_hybrid_skeleton_forced_loop_no_sig,8,1487,0.598872331856625,345.3846153846154,19.68821119708694,345.3846153846154,19.68821119708694,0
per_huruf_hybrid_skeleton_forced_loop_no_sig,8,1488,0.599275070479259,345.46153846153845,19.605370960400545,345.46153846153845,19.605370960400545,0
per_huruf_hybrid_skeleton_forced_loop_no_sig,8,1489,0.599677809101893,345.53846153846155,19.51888939462904,345.53846153846155,19.51888939462904,0
per_huruf_hybrid_skeleton_forced_loop_no_sig,8,1490,0.6000805477245268,345.6153846153846,19.430131998179334,345.6153846153846,19.430131998179334,0
per_huruf_hybrid_skeleton_forced_loop_no_sig,8,1491,0.6004832863471607,345.6923076923077,19.34046426945835,345.6923076923077,19.34046426945835,0
per_huruf_hybrid_skeleton_forced_loop_no_sig,8,1492,0.6008860249697946,345.7692307692308,19.251251706873006,345.7692307692308,19.251251706873006,0
per_huruf_hybrid_skeleton_forced_loop_no_sig,8,1493,0.6012887635924286,345.84615384615387,19.163859808830225,345.84615384615387,19.163859808830225,0
per_huruf_hybrid_skeleton_forced_loop_no_sig,8,1494,0.6016915022150624,345.9230769230769,19.07965407373691,345.9230769230769,19.07965407373691,0
per_huruf_hybrid_skeleton_forced_loop_no_sig,8,1495,0.6020942408376964,346.0,19.0,346.0,19.0,0
per_huruf_hybrid_skeleton_forced_loop_no_sig,8,1496,0.6024969794603303,346.07692307692315,18.92034592626309,346.07692307692315,18.92034592626309,0
per_huruf_hybrid_skeleton_forced_loop_no_sig,8,1497,0.6028997180829642,346.1538461538462,18.83614019116978,346.1538461538462,18.83614019116978,0
per_huruf_hybrid_skeleton_forced_loop_no_sig,8,1498,0.6033024567055981,346.23076923076917,18.74874829312699,346.23076923076917,18.74874829312699,0
per_huruf_hybrid_skeleton_forced_loop_no_sig,8,1499,0.603705195328232,346.30769230769226,18.65953573054165,346.30769230769226,18.65953573054165,0
per_huruf_hybrid_skeleton_forced_loop_no_sig,8,1500,0.6041079339508659,346.38461538461536,18.569868001820666,346.38461538461536,18.569868001820666,0
per_huruf_hybrid_skeleton_forced_loop_no_sig,8,1501,0.6045106725734998,346.4615384615385,18.48111060537096,346.4615384615385,18.48111060537096,0
per_huruf_hybrid_skeleton_forced_loop_no_sig,8,1502,0.6049134111961337,346.53846153846155,18.394629039599455,346.53846153846155,18.394629039599455,0
per_huruf_hybrid_skeleton_forced_loop_no_sig,8,1503,0.6053161498187677,346.61538461538464,18.311788802913064,346.61538461538464,18.311788802913064,0
per_huruf_hybrid_skeleton_forced_loop_no_sig,8,1504,0.6057188884414015,346.6923076923077,18.233955393718706,346.6923076923077,18.233955393718706,0
per_huruf_hybrid_skeleton_forced_loop_no_sig,8,1505,0.6061216270640355,346.7692307692307,18.162494310423305,346.7692307692307,18.162494310423305,0
per_huruf_hybrid_skeleton_forced_loop_no_sig,8,1506,0.6065243656866693,346.84615384615387,18.098771051433776,346.84615384615387,18.098771051433776,0
per_huruf_hybrid_skeleton_forced_loop_no_sig,8,1507,0.6069271043093033,346.9230769230769,18.04415111515703,346.9230769230769,18.04415111515703,0
per_huruf_hybrid_skeleton_forced_loop_no_sig,8,1508,0.6073298429319371,347.0,18.0,347.0,18.0,0
per_huruf_hybrid_skeleton_forced_loop_no_sig,8,1509,0.6077325815545711,347.0769230769231,17.969959035047793,347.0769230769231,17.969959035047793,0
per_huruf_hybrid_skeleton_forced_loop_no_sig,8,1510,0.6081353201772051,347.1538461538462,17.95493855257169,347.1538461538462,17.95493855257169,0
per_huruf_hybrid_skeleton_forced_loop_no_sig,8,1511,0.6085380587998389,347.23076923076917,17.952207555757848,347.23076923076917,17.952207555757848,0
per_huruf_hybrid_skeleton_forced_loop_no_sig,8,1512,0.6089407974224729,347.30769230769226,17.959035047792444,347.30769230769226,17.959035047792444,0
per_huruf_hybrid_skeleton_forced_loop_no_sig,8,1513,0.6093435360451067,347.3846153846154,17.97269003186163,347.3846153846154,17.97269003186163,0
per_huruf_hybrid_skeleton_forced_loop_no_sig,8,1514,0.6097462746677407,347.46153846153845,17.99044151115157,347.46153846153845,17.99044151115157,0
per_huruf_hybrid_skeleton_forced_loop_no_sig,8,1515,0.6101490132903745,347.53846153846155,18.00955848884843,347.53846153846155,18.00955848884843,0
per_huruf_hybrid_skeleton_forced_loop_no_sig,8,1516,0.6105517519130085,347.61538461538464,18.027309968138372,347.61538461538464,18.027309968138372,0
per_huruf_hybrid_skeleton_forced_loop_no_sig,8,1517,0.6109544905356424,347.6923076923076,18.040964952207556,347.6923076923076,18.040964952207556,0
per_huruf_hybrid_skeleton_forced_loop_no_sig,8,1518,0.6113572291582763,347.7692307692307,18.04779244424215,347.7692307692307,18.04779244424215,0
per_huruf_hybrid_skeleton_forced_loop_no_sig,8,1519,0.6117599677809102,347.84615384615387,18.045061447428314,347.84615384615387,18.045061447428314,0
per_huruf_hybrid_skeleton_forced_loop_no_sig,8,1520,0.6121627064035441,347.9230769230769,18.030040964952207,347.9230769230769,18.030040964952207,0
per_huruf_hybrid_skeleton_forced_loop_no_sig,8,1521,0.612565445026178,348.0,18.0,348.0,18.0,0
per_huruf_hybrid_skeleton_forced_loop_no_sig,8,1522,0.6129681836488119,348.0769230769231,17.95584888484297,348.0769230769231,17.95584888484297,0
per_huruf_hybrid_skeleton_forced_loop_no_sig,8,1523,0.6133709222714459,348.1538461538462,17.901228948566224,348.1538461538462,17.901228948566224,0
per_huruf_hybrid_skeleton_forced_loop_no_sig,8,1524,0.6137736608940798,348.23076923076917,17.83750568957669,348.23076923076917,17.83750568957669,0
per_huruf_hybrid_skeleton_forced_loop_no_sig,8,1525,0.6141763995167137,348.3076923076922,17.76604460628129,348.3076923076922,17.76604460628129,0
per_huruf_hybrid_skeleton_forced_loop_no_sig,8,1526,0.6145791381393476,348.3846153846154,17.688211197086936,348.3846153846154,17.688211197086936,0
per_huruf_hybrid_skeleton_forced_loop_no_sig,8,1527,0.6149818767619815,348.4615384615385,17.60537096040055,348.4615384615385,17.60537096040055,0
per_huruf_hybrid_skeleton_forced_loop_no_sig,8,1528,0.6153846153846154,348.53846153846155,17.51888939462904,348.53846153846155,17.51888939462904,0
per_huruf_hybrid_skeleton_forced_loop_no_sig,8,1529,0.6157873540072493,348.61538461538464,17.430131998179334,348.61538461538464,17.430131998179334,0
per_huruf_hybrid_skeleton_forced_loop_no_sig,8,1530,0.6161900926298832,348.6923076923077,17.34046426945835,348.6923076923077,17.34046426945835,0
per_huruf_hybrid_skeleton_forced_loop_no_sig,8,1531,0.6165928312525172,348.7692307692307,17.251251706873006,348.7692307692307,17.251251706873006,0
per_huruf_hybrid_skeleton_forced_loop_no_sig,8,1532,0.616995569875151,348.84615384615387,17.163859808830225,348.84615384615387,17.163859808830225,0
per_huruf_hybrid_skeleton_forced_loop_no_sig,8,1533,0.617398308497785,348.9230769230769,17.07965407373691,348.9230769230769,17.07965407373691,0
per_huruf_hybrid_skeleton_forced_loop_no_sig,8,1534,0.6178010471204188,349.0,17.0,349.0,17.0,0
per_huruf_hybrid_skeleton_forced_loop_no_sig,8,1535,0.6182037857430528,349.07692307692315,16.923076923076927,349.07692307692315,16.923076923076927,0
per_huruf_hybrid_skeleton_forced_loop_no_sig,8,1536,0.6186065243656866,349.1538461538462,16.846153846153847,349.1538461538462,16.846153846153847,0
per_huruf_hybrid_skeleton_forced_loop_no_sig,8,1537,0.6190092629883206,349.2307692307692,16.769230769230766,349.2307692307692,16.769230769230766,0
per_huruf_hybrid_skeleton_forced_loop_no_sig,8,1538,0.6194120016109546,349.30769230769226,16.69230769230769,349.30769230769226,16.69230769230769,0
per_huruf_hybrid_skeleton_forced_loop_no_sig,8,1539,0.6198147402335884,349.3846153846154,16.615384615384617,349.3846153846154,16.615384615384617,0
per_huruf_hybrid_skeleton_forced_loop_no_sig,8,1540,0.6202174788562224,349.46153846153845,16.53846153846154,349.46153846153845,16.53846153846154,0
per_huruf_hybrid_skeleton_forced_loop_no_sig,8,1541,0.6206202174788562,349.5384615384615,16.461538461538463,349.5384615384615,16.461538461538463,0
per_huruf_hybrid_skeleton_forced_loop_no_sig,8,1542,0.6210229561014902,349.6153846153846,16.384615384615387,349.6153846153846,16.384615384615387,0
per_huruf_hybrid_skeleton_forced_loop_no_sig,8,1543,0.6214256947241241,349.69230769230774,16.307692307692307,349.69230769230774,16.307692307692307,0
per_huruf_hybrid_skeleton_forced_loop_no_sig,8,1544,0.621828433346758,349.7692307692307,16.230769230769226,349.7692307692307,16.230769230769226,0
per_huruf_hybrid_skeleton_forced_loop_no_sig,8,1545,0.6222311719693919,349.84615384615387,16.153846153846153,349.84615384615387,16.153846153846153,0
per_huruf_hybrid_skeleton_forced_loop_no_sig,8,1546,0.6226339105920258,349.9230769230769,16.076923076923077,349.9230769230769,16.076923076923077,0
per_huruf_hybrid_skeleton_forced_loop_no_sig,8,1547,0.6230366492146597,350.0,16.0,350.0,16.0,0
per_huruf_hybrid_skeleton_forced_loop_no_sig,8,1548,0.6234393878372936,350.07692307692315,15.920345926263087,350.07692307692315,15.920345926263087,0
per_huruf_hybrid_skeleton_forced_loop_no_sig,8,1549,0.6238421264599275,350.1538461538462,15.836140191169775,350.1538461538462,15.836140191169775,0
per_huruf_hybrid_skeleton_forced_loop_no_sig,8,1550,0.6242448650825615,350.2307692307692,15.748748293126988,350.2307692307692,15.748748293126988,0
per_huruf_hybrid_skeleton_forced_loop_no_sig,8,1551,0.6246476037051953,350.30769230769226,15.659535730541645,350.30769230769226,15.659535730541645,0
per_huruf_hybrid_skeleton_forced_loop_no_sig,8,1552,0.6250503423278293,350.3846153846154,15.569868001820666,350.3846153846154,15.569868001820666,0
per_huruf_hybrid_skeleton_forced_loop_no_sig,8,1553,0.6254530809504631,350.46153846153845,15.481110605370962,350.46153846153845,15.481110605370962,0
per_huruf_hybrid_skeleton_forced_loop_no_sig,8,1554,0.6258558195730971,350.5384615384615,15.394629039599453,350.5384615384615,15.394629039599453,0
per_huruf_hybrid_skeleton_forced_loop_no_sig,8,1555,0.626258558195731,350.61538461538464,15.311788802913064,350.61538461538464,15.311788802913064,0
per_huruf_hybrid_skeleton_forced_loop_no_sig,8,1556,0.6266612968183649,350.69230769230774,15.233955393718707,350.69230769230774,15.233955393718707,0
per_huruf_hybrid_skeleton_forced_loop_no_sig,8,1557,0.6270640354409989,350.7692307692307,15.162494310423302,350.7692307692307,15.162494310423302,0
per_huruf_hybrid_skeleton_forced_loop_no_sig,8,1558,0.6274667740636327,350.84615384615387,15.098771051433772,350.84615384615387,15.098771051433772,0
per_huruf_hybrid_skeleton_forced_loop_no_sig,8,1559,0.6278695126862667,350.9230769230769,15.044151115157032,350.9230769230769,15.044151115157032,0
per_huruf_hybrid_skeleton_forced_loop_no_sig,8,1560,0.6282722513089005,351.0,15.0,351.0,15.0,0
per_huruf_hybrid_skeleton_forced_loop_no_sig,8,1561,0.6286749899315345,351.0769230769231,14.969959035047793,351.0769230769231,14.969959035047793,0
per_huruf_hybrid_skeleton_forced_loop_no_sig,8,1562,0.6290777285541683,351.1538461538462,14.954938552571688,351.1538461538462,14.954938552571688,0
per_huruf_hybrid_skeleton_forced_loop_no_sig,8,1563,0.6294804671768023,351.23076923076917,14.95220755575785,351.23076923076917,14.95220755575785,0
per_huruf_hybrid_skeleton_forced_loop_no_sig,8,1564,0.6298832057994362,351.30769230769226,14.959035047792442,351.30769230769226,14.959035047792442,0
per_huruf_hybrid_skeleton_forced_loop_no_sig,8,1565,0.6302859444220701,351.3846153846154,14.972690031861632,351.3846153846154,14.972690031861632,0
per_huruf_hybrid_skeleton_forced_loop_no_sig,8,1566,0.630688683044704,351.46153846153845,14.99044151115157,351.46153846153845,14.99044151115157,0
per_huruf_hybrid_skeleton_forced_loop_no_sig,8,1567,0.6310914216673379,351.5384615384615,15.009558488848432,351.5384615384615,15.009558488848432,0
per_huruf_hybrid_skeleton_forced_loop_no_sig,8,1568,0.6314941602899719,351.61538461538464,15.02730996813837,351.61538461538464,15.02730996813837,0
per_huruf_hybrid_skeleton_forced_loop_no_sig,8,1569,0.6318968989126057,351.6923076923077,15.040964952207556,351.6923076923077,15.040964952207556,0
per_huruf_hybrid_skeleton_forced_loop_no_sig,8,1570,0.6322996375352397,351.7692307692307,15.047792444242146,351.7692307692307,15.047792444242146,0
per_huruf_hybrid_skeleton_forced_loop_no_sig,8,1571,0.6327023761578736,351.8461538461538,15.04506144742831,351.8461538461538,15.04506144742831,0
per_huruf_hybrid_skeleton_forced_loop_no_sig,8,1572,0.6331051147805075,351.9230769230769,15.030040964952207,351.9230769230769,15.030040964952207,0
per_huruf_hybrid_skeleton_forced_loop_no_sig,8,1573,0.6335078534031414,352.0,15.0,352.0,15.0,0
per_huruf_hybrid_skeleton_forced_loop_no_sig,8,1574,0.6339105920257753,352.07692307692315,14.953117888029132,352.07692307692315,14.953117888029132,0
per_huruf_hybrid_skeleton_forced_loop_no_sig,8,1575,0.6343133306484092,352.15384615384625,14.891215293582158,352.15384615384625,14.891215293582158,0
per_huruf_hybrid_skeleton_forced_loop_no_sig,8,1576,0.6347160692710431,352.23076923076917,14.817023213472917,352.23076923076917,14.817023213472917,0
per_huruf_hybrid_skeleton_forced_loop_no_sig,8,1577,0.635118807893677,352.30769230769226,14.733272644515246,352.30769230769226,14.733272644515246,0
per_huruf_hybrid_skeleton_forced_loop_no_sig,8,1578,0.635521546516311,352.3846153846154,14.642694583522989,352.3846153846154,14.642694583522989,0
per_huruf_hybrid_skeleton_forced_loop_no_sig,8,1579,0.6359242851389448,352.4615384615385,14.548020027309969,352.4615384615385,14.548020027309969,0
per_huruf_hybrid_skeleton_forced_loop_no_sig,8,1580,0.6363270237615788,352.53846153846155,14.451979972690033,352.53846153846155,14.451979972690033,0
per_huruf_hybrid_skeleton_forced_loop_no_sig,8,1581,0.6367297623842126,352.61538461538464,14.357305416477015,352.61538461538464,14.357305416477015,0
per_huruf_hybrid_skeleton_forced_loop_no_sig,8,1582,0.6371325010068466,352.6923076923077,14.26672735548475,352.6923076923077,14.26672735548475,0
per_huruf_hybrid_skeleton_forced_loop_no_sig,8,1583,0.6375352396294804,352.7692307692307,14.18297678652708,352.7692307692307,14.18297678652708,0
per_huruf_hybrid_skeleton_forced_loop_no_sig,8,1584,0.6379379782521144,352.8461538461538,14.108784706417842,352.8461538461538,14.108784706417842,0
per_huruf_hybrid_skeleton_forced_loop_no_sig,8,1585,0.6383407168747484,352.9230769230769,14.046882111970868,352.9230769230769,14.046882111970868,0
per_huruf_hybrid_skeleton_forced_loop_no_sig,8,1586,0.6387434554973822,353.0,14.0,353.0,14.0,0
per_huruf_hybrid_skeleton_forced_loop_no_sig,8,1587,0.6391461941200162,353.0769230769231,13.969959035047793,353.0769230769231,13.969959035047793,0
per_huruf_hybrid_skeleton_forced_loop_no_sig,8,1588,0.63954893274265,353.1538461538462,13.95493855257169,353.1538461538462,13.95493855257169,0
per_huruf_hybrid_skeleton_forced_loop_no_sig,8,1589,0.639951671365284,353.2307692307692,13.95220755575785,353.2307692307692,13.95220755575785,0
per_huruf_hybrid_skeleton_forced_loop_no_sig,8,1590,0.6403544099879178,353.30769230769226,13.959035047792442,353.30769230769226,13.959035047792442,0
per_huruf_hybrid_skeleton_forced_loop_no_sig,8,1591,0.6407571486105518,353.3846153846154,13.972690031861632,353.3846153846154,13.972690031861632,0
per_huruf_hybrid_skeleton_forced_loop_no_sig,8,1592,0.6411598872331857,353.4615384615385,13.990441511151571,353.4615384615385,13.990441511151571,0
per_huruf_hybrid_skeleton_forced_loop_no_sig,8,1593,0.6415626258558196,353.53846153846155,14.00955848884843,353.53846153846155,14.00955848884843,0
per_huruf_hybrid_skeleton_forced_loop_no_sig,8,1594,0.6419653644784535,353.61538461538464,14.027309968138372,353.61538461538464,14.027309968138372,0
per_huruf_hybrid_skeleton_forced_loop_no_sig,8,1595,0.6423681031010874,353.6923076923077,14.040964952207556,353.6923076923077,14.040964952207556,0
per_huruf_hybrid_skeleton_forced_loop_no_sig,8,1596,0.6427708417237213,353.7692307692308,14.047792444242146,353.7692307692308,14.047792444242146,0
per_huruf_hybrid_skeleton_forced_loop_no_sig,8,1597,0.6431735803463552,353.8461538461538,14.04506144742831,353.8461538461538,14.04506144742831,0
per_huruf_hybrid_skeleton_forced_loop_no_sig,8,1598,0.6435763189689891,353.9230769230769,14.030040964952207,353.9230769230769,14.030040964952207,0
per_huruf_hybrid_skeleton_forced_loop_no_sig,8,1599,0.6439790575916231,354.0,14.0,354.0,14.0,0
per_huruf_hybrid_skeleton_forced_loop_no_sig,8,1600,0.644381796214257,354.0769230769231,13.95584888484297,354.0769230769231,13.95584888484297,0
per_huruf_hybrid_skeleton_forced_loop_no_sig,8,1601,0.6447845348368909,354.1538461538462,13.901228948566228,354.1538461538462,13.901228948566228,0
per_huruf_hybrid_skeleton_forced_loop_no_sig,8,1602,0.6451872734595248,354.2307692307692,13.837505689576695,354.2307692307692,13.837505689576695,0
per_huruf_hybrid_skeleton_forced_loop_no_sig,8,1603,0.6455900120821587,354.30769230769226,13.766044606281291,354.30769230769226,13.766044606281291,0
per_huruf_hybrid_skeleton_forced_loop_no_sig,8,1604,0.6459927507047926,354.3846153846154,13.688211197086938,354.3846153846154,13.688211197086938,0
per_huruf_hybrid_skeleton_forced_loop_no_sig,8,1605,0.6463954893274265,354.4615384615385,13.605370960400547,354.4615384615385,13.605370960400547,0
per_huruf_hybrid_skeleton_forced_loop_no_sig,8,1606,0.6467982279500605,354.53846153846155,13.51888939462904,354.53846153846155,13.51888939462904,0
per_huruf_hybrid_skeleton_forced_loop_no_sig,8,1607,0.6472009665726943,354.61538461538464,13.430131998179338,354.61538461538464,13.430131998179338,0
per_huruf_hybrid_skeleton_forced_loop_no_sig,8,1608,0.6476037051953283,354.6923076923077,13.340464269458352,354.6923076923077,13.340464269458352,0
per_huruf_hybrid_skeleton_forced_loop_no_sig,8,1609,0.6480064438179621,354.7692307692307,13.251251706873006,354.7692307692307,13.251251706873006,0
per_huruf_hybrid_skeleton_forced_loop_no_sig,8,1610,0.6484091824405961,354.8461538461538,13.163859808830225,354.8461538461538,13.163859808830225,0
per_huruf_hybrid_skeleton_forced_loop_no_sig,8,1611,0.6488119210632299,354.9230769230769,13.079654073736913,354.9230769230769,13.079654073736913,0
per_huruf_hybrid_skeleton_forced_loop_no_sig,8,1612,0.6492146596858639,355.0,13.0,355.0,13.0,0
per_huruf_hybrid_skeleton_forced_loop_no_sig,8,1613,0.6496173983084979,355.07692307692315,12.920345926263087,355.07692307692315,12.920345926263087,0
per_huruf_hybrid_skeleton_forced_loop_no_sig,8,1614,0.6500201369311317,355.1538461538462,12.836140191169777,355.1538461538462,12.836140191169777,0
per_huruf_hybrid_skeleton_forced_loop_no_sig,8,1615,0.6504228755537657,355.2307692307691,12.748748293126988,355.2307692307691,12.748748293126988,0
per_huruf_hybrid_skeleton_forced_loop_no_sig,8,1616,0.6508256141763995,355.30769230769226,12.659535730541647,355.30769230769226,12.659535730541647,0
per_huruf_hybrid_skeleton_forced_loop_no_sig,8,1617,0.6512283527990335,355.3846153846154,12.569868001820666,355.3846153846154,12.569868001820666,0
per_huruf_hybrid_skeleton_forced_loop_no_sig,8,1618,0.6516310914216674,355.4615384615385,12.481110605370962,355.4615384615385,12.481110605370962,0
per_huruf_hybrid_skeleton_forced_loop_no_sig,8,1619,0.6520338300443013,355.53846153846155,12.394629039599455,355.53846153846155,12.394629039599455,0
per_huruf_hybrid_skeleton_forced_loop_no_sig,8,1620,0.6524365686669352,355.61538461538464,12.311788802913064,355.61538461538464,12.311788802913064,0
per_huruf_hybrid_skeleton_forced_loop_no_sig,8,1621,0.6528393072895691,355.6923076923077,12.233955393718706,355.6923076923077,12.233955393718706,0
per_huruf_hybrid_skeleton_forced_loop_no_sig,8,1622,0.653242045912203,355.7692307692307,12.162494310423302,355.7692307692307,12.162494310423302,0
per_huruf_hybrid_skeleton_forced_loop_no_sig,8,1623,0.6536447845348369,355.8461538461538,12.098771051433774,355.8461538461538,12.098771051433774,0
per_huruf_hybrid_skeleton_forced_loop_no_sig,8,1624,0.6540475231574708,355.9230769230769,12.044151115157032,355.9230769230769,12.044151115157032,0
per_huruf_hybrid_skeleton_forced_loop_no_sig,8,1625,0.6544502617801048,356.0,12.0,356.0,12.0,0
per_huruf_hybrid_skeleton_forced_loop_no_sig,8,1626,0.6548530004027386,356.0769230769231,11.969959035047793,356.0769230769231,11.969959035047793,0
per_huruf_hybrid_skeleton_forced_loop_no_sig,8,1627,0.6552557390253726,356.1538461538462,11.95493855257169,356.1538461538462,11.95493855257169,0
per_huruf_hybrid_skeleton_forced_loop_no_sig,8,1628,0.6556584776480064,356.23076923076917,11.95220755575785,356.23076923076917,11.95220755575785,0
per_huruf_hybrid_skeleton_forced_loop_no_sig,8,1629,0.6560612162706404,356.3076923076923,11.959035047792446,356.3076923076923,11.959035047792446,0
per_huruf_hybrid_skeleton_forced_loop_no_sig,8,1630,0.6564639548932742,356.3846153846154,11.972690031861632,356.3846153846154,11.972690031861632,0
per_huruf_hybrid_skeleton_forced_loop_no_sig,8,1631,0.6568666935159082,356.4615384615385,11.99044151115157,356.4615384615385,11.99044151115157,0
per_huruf_hybrid_skeleton_forced_loop_no_sig,8,1632,0.6572694321385422,356.53846153846155,12.00955848884843,356.53846153846155,12.00955848884843,0
per_huruf_hybrid_skeleton_forced_loop_no_sig,8,1633,0.657672170761176,356.61538461538464,12.027309968138372,356.61538461538464,12.027309968138372,0
per_huruf_hybrid_skeleton_forced_loop_no_sig,8,1634,0.65807490938381,356.6923076923077,12.040964952207554,356.6923076923077,12.040964952207554,0
per_huruf_hybrid_skeleton_forced_loop_no_sig,8,1635,0.6584776480064438,356.7692307692307,12.047792444242148,356.7692307692307,12.047792444242148,0
per_huruf_hybrid_skeleton_forced_loop_no_sig,8,1636,0.6588803866290778,356.8461538461538,12.045061447428312,356.8461538461538,12.045061447428312,0
per_huruf_hybrid_skeleton_forced_loop_no_sig,8,1637,0.6592831252517116,356.9230769230769,12.030040964952207,356.9230769230769,12.030040964952207,0
per_huruf_hybrid_skeleton_forced_loop_no_sig,8,1638,0.6596858638743456,357.0,12.0,357.0,12.0,0
per_huruf_hybrid_skeleton_forced_loop_no_sig,8,1639,0.6600886024969795,357.07692307692315,11.95311788802913,357.07692307692315,11.95311788802913,0
per_huruf_hybrid_skeleton_forced_loop_no_sig,8,1640,0.6604913411196134,357.1538461538462,11.891215293582158,357.1538461538462,11.891215293582158,0
per_huruf_hybrid_skeleton_forced_loop_no_sig,8,1641,0.6608940797422473,357.23076923076917,11.817023213472917,357.23076923076917,11.817023213472917,0
per_huruf_hybrid_skeleton_forced_loop_no_sig,8,1642,0.6612968183648812,357.3076923076922,11.733272644515248,357.3076923076922,11.733272644515248,0
per_huruf_hybrid_skeleton_forced_loop_no_sig,8,1643,0.6616995569875151,357.3846153846154,11.642694583522987,357.3846153846154,11.642694583522987,0
per_huruf_hybrid_skeleton_forced_loop_no_sig,8,1644,0.662102295610149,357.4615384615385,11.548020027309967,357.4615384615385,11.548020027309967,0
per_huruf_hybrid_skeleton_forced_loop_no_sig,8,1645,0.662505034232783,357.53846153846155,11.451979972690031,357.53846153846155,11.451979972690031,0
per_huruf_hybrid_skeleton_forced_loop_no_sig,8,1646,0.6629077728554169,357.61538461538464,11.357305416477013,357.61538461538464,11.357305416477013,0
per_huruf_hybrid_skeleton_forced_loop_no_sig,8,1647,0.6633105114780508,357.6923076923077,11.26672735548475,357.6923076923077,11.26672735548475,0
per_huruf_hybrid_skeleton_forced_loop_no_sig,8,1648,0.6637132501006847,357.7692307692307,11.182976786527082,357.7692307692307,11.182976786527082,0
per_huruf_hybrid_skeleton_forced_loop_no_sig,8,1649,0.6641159887233186,357.8461538461538,11.108784706417842,357.8461538461538,11.108784706417842,0
per_huruf_hybrid_skeleton_forced_loop_no_sig,8,1650,0.6645187273459525,357.9230769230769,11.046882111970868,357.9230769230769,11.046882111970868,0
per_huruf_hybrid_skeleton_forced_loop_no_sig,8,1651,0.6649214659685864,358.0,11.0,358.0,11.0,0
per_huruf_hybrid_skeleton_forced_loop_no_sig,8,1652,0.6653242045912203,358.0769230769231,10.969959035047792,358.0769230769231,10.969959035047792,0
per_huruf_hybrid_skeleton_forced_loop_no_sig,8,1653,0.6657269432138543,358.1538461538462,10.954938552571688,358.1538461538462,10.954938552571688,0
per_huruf_hybrid_skeleton_forced_loop_no_sig,8,1654,0.6661296818364881,358.2307692307692,10.95220755575785,358.2307692307692,10.95220755575785,0
per_huruf_hybrid_skeleton_forced_loop_no_sig,8,1655,0.6665324204591221,358.30769230769226,10.959035047792446,358.30769230769226,10.959035047792446,0
per_huruf_hybrid_skeleton_forced_loop_no_sig,8,1656,0.6669351590817559,358.3846153846154,10.97269003186163,358.3846153846154,10.97269003186163,0
per_huruf_hybrid_skeleton_forced_loop_no_sig,8,1657,0.6673378977043899,358.4615384615385,10.99044151115157,358.4615384615385,10.99044151115157,0
per_huruf_hybrid_skeleton_forced_loop_no_sig,8,1658,0.6677406363270237,358.53846153846155,11.009558488848429,358.53846153846155,11.009558488848429,0
per_huruf_hybrid_skeleton_forced_loop_no_sig,8,1659,0.6681433749496577,358.61538461538464,11.02730996813837,358.61538461538464,11.02730996813837,0
per_huruf_hybrid_skeleton_forced_loop_no_sig,8,1660,0.6685461135722917,358.6923076923077,11.040964952207556,358.6923076923077,11.040964952207556,0
per_huruf_hybrid_skeleton_forced_loop_no_sig,8,1661,0.6689488521949255,358.7692307692307,11.047792444242148,358.7692307692307,11.047792444242148,0
per_huruf_hybrid_skeleton_forced_loop_no_sig,8,1662,0.6693515908175595,358.8461538461538,11.04506144742831,358.8461538461538,11.04506144742831,0
per_huruf_hybrid_skeleton_forced_loop_no_sig,8,1663,0.6697543294401933,358.9230769230769,11.030040964952207,358.9230769230769,11.030040964952207,0
per_huruf_hybrid_skeleton_forced_loop_no_sig,8,1664,0.6701570680628273,359.0,11.0,359.0,11.0,0
per_huruf_hybrid_skeleton_forced_loop_no_sig,8,1665,0.6705598066854611,359.07692307692315,10.95311788802913,359.07692307692315,10.95311788802913,0
per_huruf_hybrid_skeleton_forced_loop_no_sig,8,1666,0.6709625453080951,359.1538461538462,10.891215293582158,359.1538461538462,10.891215293582158,0
per_huruf_hybrid_skeleton_forced_loop_no_sig,8,1667,0.671365283930729,359.23076923076917,10.817023213472917,359.23076923076917,10.817023213472917,0
per_huruf_hybrid_skeleton_forced_loop_no_sig,8,1668,0.6717680225533629,359.30769230769226,10.733272644515248,359.30769230769226,10.733272644515248,0
per_huruf_hybrid_skeleton_forced_loop_no_sig,8,1669,0.6721707611759968,359.3846153846154,10.642694583522987,359.3846153846154,10.642694583522987,0
per_huruf_hybrid_skeleton_forced_loop_no_sig,8,1670,0.6725734997986307,359.46153846153845,10.548020027309969,359.46153846153845,10.548020027309969,0
per_huruf_hybrid_skeleton_forced_loop_no_sig,8,1671,0.6729762384212646,359.53846153846155,10.45197997269003,359.53846153846155,10.45197997269003,0
per_huruf_hybrid_skeleton_forced_loop_no_sig,8,1672,0.6733789770438985,359.61538461538464,10.357305416477015,359.61538461538464,10.357305416477015,0
per_huruf_hybrid_skeleton_forced_loop_no_sig,8,1673,0.6737817156665324,359.6923076923077,10.26672735548475,359.6923076923077,10.26672735548475,0
per_huruf_hybrid_skeleton_forced_loop_no_sig,8,1674,0.6741844542891664,359.7692307692307,10.182976786527082,359.7692307692307,10.182976786527082,0
per_huruf_hybrid_skeleton_forced_loop_no_sig,8,1675,0.6745871929118002,359.8461538461538,10.108784706417843,359.8461538461538,10.108784706417843,0
per_huruf_hybrid_skeleton_forced_loop_no_sig,8,1676,0.6749899315344342,359.9230769230769,10.04688211197087,359.9230769230769,10.04688211197087,0
per_huruf_hybrid_skeleton_forced_loop_no_sig,8,1677,0.675392670157068,360.0,10.0,360.0,10.0,0
per_huruf_hybrid_skeleton_forced_loop_no_sig,8,1678,0.675795408779702,360.0769230769231,9.967228038233957,360.0769230769231,9.967228038233957,0
per_huruf_hybrid_skeleton_forced_loop_no_sig,8,1679,0.6761981474023359,360.1538461538462,9.94492489758762,360.1538461538462,9.94492489758762,0
per_huruf_hybrid_skeleton_forced_loop_no_sig,8,1680,0.6766008860249698,360.23076923076917,9.931725079654074,360.23076923076917,9.931725079654074,0
per_huruf_hybrid_skeleton_forced_loop_no_sig,8,1681,0.6770036246476038,360.3076923076923,9.926263086026399,360.3076923076923,9.926263086026399,0
per_huruf_hybrid_skeleton_forced_loop_no_sig,8,1682,0.6774063632702376,360.3846153846154,9.927173418297679,360.3846153846154,9.927173418297679,0
per_huruf_hybrid_skeleton_forced_loop_no_sig,8,1683,0.6778091018928716,360.46153846153845,9.933090578060993,360.46153846153845,9.933090578060993,0
per_huruf_hybrid_skeleton_forced_loop_no_sig,8,1684,0.6782118405155054,360.5384615384615,9.942649066909421,360.5384615384615,9.942649066909421,0
per_huruf_hybrid_skeleton_forced_loop_no_sig,8,1685,0.6786145791381394,360.61538461538464,9.95448338643605,360.61538461538464,9.95448338643605,0
per_huruf_hybrid_skeleton_forced_loop_no_sig,8,1686,0.6790173177607732,360.6923076923077,9.967228038233955,360.6923076923077,9.967228038233955,0
per_huruf_hybrid_skeleton_forced_loop_no_sig,8,1687,0.6794200563834072,360.7692307692307,9.979517523896222,360.7692307692307,9.979517523896222,0
per_huruf_hybrid_skeleton_forced_loop_no_sig,8,1688,0.6798227950060411,360.8461538461538,9.98998634501593,360.8461538461538,9.98998634501593,0
per_huruf_hybrid_skeleton_forced_loop_no_sig,8,1689,0.680225533628675,360.9230769230769,9.997269003186164,360.9230769230769,9.997269003186164,0
per_huruf_hybrid_skeleton_forced_loop_no_sig,8,1690,0.680628272251309,361.0,10.0,361.0,10.0,0
per_huruf_hybrid_skeleton_forced_loop_no_sig,8,1691,0.6810310108739428,361.0769230769231,10.000000000000002,361.0769230769231,10.000000000000002,0
per_huruf_hybrid_skeleton_forced_loop_no_sig,8,1692,0.6814337494965768,361.15384615384613,10.0,361.15384615384613,10.0,0
per_huruf_hybrid_skeleton_forced_loop_no_sig,8,1693,0.6818364881192106,361.23076923076917,9.999999999999998,361.23076923076917,9.999999999999998,0
per_huruf_hybrid_skeleton_forced_loop_no_sig,8,1694,0.6822392267418446,361.30769230769226,10.0,361.30769230769226,10.0,0
per_huruf_hybrid_skeleton_forced_loop_no_sig,8,1695,0.6826419653644785,361.3846153846155,10.000000000000002,361.3846153846155,10.000000000000002,0
per_huruf_hybrid_skeleton_forced_loop_no_sig,8,1696,0.6830447039871124,361.4615384615385,10.000000000000002,361.4615384615385,10.000000000000002,0
per_huruf_hybrid_skeleton_forced_loop_no_sig,8,1697,0.6834474426097463,361.5384615384615,10.0,361.5384615384615,10.0,0
per_huruf_hybrid_skeleton_forced_loop_no_sig,8,1698,0.6838501812323802,361.61538461538464,10.0,361.61538461538464,10.0,0
per_huruf_hybrid_skeleton_forced_loop_no_sig,8,1699,0.6842529198550141,361.6923076923077,10.0,361.6923076923077,10.0,0
per_huruf_hybrid_skeleton_forced_loop_no_sig,8,1700,0.6846556584776481,361.7692307692307,10.0,361.7692307692307,10.0,0
per_huruf_hybrid_skeleton_forced_loop_no_sig,8,1701,0.6850583971002819,361.84615384615387,10.0,361.84615384615387,10.0,0
per_huruf_hybrid_skeleton_forced_loop_no_sig,8,1702,0.6854611357229159,361.9230769230769,10.0,361.9230769230769,10.0,0
per_huruf_hybrid_skeleton_forced_loop_no_sig,8,1703,0.6858638743455497,362.0,10.0,362.0,10.0,0
per_huruf_hybrid_skeleton_forced_loop_no_sig,8,1704,0.6862666129681837,362.07692307692315,10.000000000000002,362.07692307692315,10.000000000000002,0
per_huruf_hybrid_skeleton_forced_loop_no_sig,8,1705,0.6866693515908175,362.1538461538462,10.0,362.1538461538462,10.0,0
per_huruf_hybrid_skeleton_forced_loop_no_sig,8,1706,0.6870720902134515,362.23076923076917,9.999999999999998,362.23076923076917,9.999999999999998,0
per_huruf_hybrid_skeleton_forced_loop_no_sig,8,1707,0.6874748288360855,362.30769230769226,10.0,362.30769230769226,10.0,0
per_huruf_hybrid_skeleton_forced_loop_no_sig,8,1708,0.6878775674587193,362.38461538461536,10.000000000000002,362.38461538461536,10.000000000000002,0
per_huruf_hybrid_skeleton_forced_loop_no_sig,8,1709,0.6882803060813533,362.4615384615385,10.000000000000002,362.4615384615385,10.000000000000002,0
per_huruf_hybrid_skeleton_forced_loop_no_sig,8,1710,0.6886830447039871,362.53846153846155,10.0,362.53846153846155,10.0,0
per_huruf_hybrid_skeleton_forced_loop_no_sig,8,1711,0.6890857833266211,362.6153846153846,10.0,362.6153846153846,10.0,0
per_huruf_hybrid_skeleton_forced_loop_no_sig,8,1712,0.6894885219492549,362.6923076923077,10.0,362.6923076923077,10.0,0
per_huruf_hybrid_skeleton_forced_loop_no_sig,8,1713,0.6898912605718889,362.7692307692307,10.0,362.7692307692307,10.0,0
per_huruf_hybrid_skeleton_forced_loop_no_sig,8,1714,0.6902939991945228,362.84615384615387,10.0,362.84615384615387,10.0,0
per_huruf_hybrid_skeleton_forced_loop_no_sig,8,1715,0.6906967378171567,362.9230769230769,10.0,362.9230769230769,10.0,0
per_huruf_hybrid_skeleton_forced_loop_no_sig,8,1716,0.6910994764397906,363.0,10.0,363.0,10.0,0
per_huruf_hybrid_skeleton_forced_loop_no_sig,8,1717,0.6915022150624245,363.07692307692315,10.000000000000002,363.07692307692315,10.000000000000002,0
per_huruf_hybrid_skeleton_forced_loop_no_sig,8,1718,0.6919049536850584,363.1538461538462,10.0,363.1538461538462,10.0,0
per_huruf_hybrid_skeleton_forced_loop_no_sig,8,1719,0.6923076923076923,363.2307692307692,9.999999999999998,363.2307692307692,9.999999999999998,0
per_huruf_hybrid_skeleton_forced_loop_no_sig,8,1720,0.6927104309303262,363.30769230769226,10.0,363.30769230769226,10.0,0
per_huruf_hybrid_skeleton_forced_loop_no_sig,8,1721,0.6931131695529602,363.3846153846155,10.000000000000002,363.3846153846155,10.000000000000002,0
per_huruf_hybrid_skeleton_forced_loop_no_sig,8,1722,0.693515908175594,363.4615384615385,10.000000000000002,363.4615384615385,10.000000000000002,0
per_huruf_hybrid_skeleton_forced_loop_no_sig,8,1723,0.693918646798228,363.53846153846155,10.0,363.53846153846155,10.0,0
per_huruf_hybrid_skeleton_forced_loop_no_sig,8,1724,0.6943213854208619,363.61538461538464,10.0,363.61538461538464,10.0,0
per_huruf_hybrid_skeleton_forced_loop_no_sig,8,1725,0.6947241240434958,363.6923076923077,10.0,363.6923076923077,10.0,0
per_huruf_hybrid_skeleton_forced_loop_no_sig,8,1726,0.6951268626661297,363.7692307692307,10.0,363.7692307692307,10.0,0
per_huruf_hybrid_skeleton_forced_loop_no_sig,8,1727,0.6955296012887636,363.8461538461538,10.0,363.8461538461538,10.0,0
per_huruf_hybrid_skeleton_forced_loop_no_sig,8,1728,0.6959323399113976,363.9230769230769,10.0,363.9230769230769,10.0,0
per_huruf_hybrid_skeleton_forced_loop_no_sig,8,1729,0.6963350785340314,364.0,10.0,364.0,10.0,0
per_huruf_hybrid_skeleton_forced_loop_no_sig,8,1730,0.6967378171566654,364.0769230769231,10.002730996813838,364.0769230769231,10.002730996813838,0
per_huruf_hybrid_skeleton_forced_loop_no_sig,8,1731,0.6971405557792992,364.15384615384613,10.01001365498407,364.15384615384613,10.01001365498407,0
per_huruf_hybrid_skeleton_forced_loop_no_sig,8,1732,0.6975432944019332,364.23076923076917,10.020482476103775,364.23076923076917,10.020482476103775,0
per_huruf_hybrid_skeleton_forced_loop_no_sig,8,1733,0.697946033024567,364.30769230769226,10.032771961766043,364.30769230769226,10.032771961766043,0
per_huruf_hybrid_skeleton_forced_loop_no_sig,8,1734,0.698348771647201,364.3846153846155,10.04551661356395,364.3846153846155,10.04551661356395,0
per_huruf_hybrid_skeleton_forced_loop_no_sig,8,1735,0.698751510269835,364.46153846153845,10.057350933090579,364.46153846153845,10.057350933090579,0
per_huruf_hybrid_skeleton_forced_loop_no_sig,8,1736,0.6991542488924688,364.5384615384616,10.066909421939005,364.5384615384616,10.066909421939005,0
per_huruf_hybrid_skeleton_forced_loop_no_sig,8,1737,0.6995569875151028,364.61538461538464,10.072826581702321,364.61538461538464,10.072826581702321,0
per_huruf_hybrid_skeleton_forced_loop_no_sig,8,1738,0.6999597261377366,364.6923076923077,10.073736913973601,364.6923076923077,10.073736913973601,0
per_huruf_hybrid_skeleton_forced_loop_no_sig,8,1739,0.7003624647603706,364.7692307692307,10.068274920345925,364.7692307692307,10.068274920345925,0
per_huruf_hybrid_skeleton_forced_loop_no_sig,8,1740,0.7007652033830044,364.8461538461538,10.055075102412381,364.8461538461538,10.055075102412381,0
per_huruf_hybrid_skeleton_forced_loop_no_sig,8,1741,0.7011679420056384,364.9230769230769,10.032771961766045,364.9230769230769,10.032771961766045,0
per_huruf_hybrid_skeleton_forced_loop_no_sig,8,1742,0.7015706806282723,365.0,10.0,365.0,10.0,0
per_huruf_hybrid_skeleton_forced_loop_no_sig,8,1743,0.7019734192509062,365.0769230769231,9.953117888029134,365.0769230769231,9.953117888029134,0
per_huruf_hybrid_skeleton_forced_loop_no_sig,8,1744,0.7023761578735401,365.1538461538462,9.891215293582158,365.1538461538462,9.891215293582158,0
per_huruf_hybrid_skeleton_forced_loop_no_sig,8,1745,0.702778896496174,365.2307692307691,9.817023213472917,365.2307692307691,9.817023213472917,0
per_huruf_hybrid_skeleton_forced_loop_no_sig,8,1746,0.7031816351188079,365.30769230769226,9.733272644515248,365.30769230769226,9.733272644515248,0
per_huruf_hybrid_skeleton_forced_loop_no_sig,8,1747,0.7035843737414418,365.3846153846155,9.642694583522985,365.3846153846155,9.642694583522985,0
per_huruf_hybrid_skeleton_forced_loop_no_sig,8,1748,0.7039871123640757,365.4615384615385,9.548020027309969,365.4615384615385,9.548020027309969,0
per_huruf_hybrid_skeleton_forced_loop_no_sig,8,1749,0.7043898509867097,365.53846153846155,9.451979972690031,365.53846153846155,9.451979972690031,0
per_huruf_hybrid_skeleton_forced_loop_no_sig,8,1750,0.7047925896093435,365.61538461538464,9.357305416477015,365.61538461538464,9.357305416477015,0
per_huruf_hybrid_skeleton_forced_loop_no_sig,8,1751,0.7051953282319775,365.6923076923077,9.26672735548475,365.6923076923077,9.26672735548475,0
per_huruf_hybrid_skeleton_forced_loop_no_sig,8,1752,0.7055980668546113,365.7692307692307,9.182976786527082,365.7692307692307,9.182976786527082,0
per_huruf_hybrid_skeleton_forced_loop_no_sig,8,1753,0.7060008054772453,365.84615384615387,9.108784706417843,365.84615384615387,9.108784706417843,0
per_huruf_hybrid_skeleton_forced_loop_no_sig,8,1754,0.7064035440998792,365.9230769230769,9.046882111970868,365.9230769230769,9.046882111970868,0
per_huruf_hybrid_skeleton_forced_loop_no_sig,8,1755,0.7068062827225131,366.0,9.0,366.0,9.0,0
per_huruf_hybrid_skeleton_forced_loop_no_sig,8,1756,0.7072090213451471,366.07692307692315,8.967228038233957,366.07692307692315,8.967228038233957,0
per_huruf_hybrid_skeleton_forced_loop_no_sig,8,1757,0.7076117599677809,366.15384615384613,8.94492489758762,366.15384615384613,8.94492489758762,0
per_huruf_hybrid_skeleton_forced_loop_no_sig,8,1758,0.7080144985904149,366.23076923076917,8.931725079654072,366.23076923076917,8.931725079654072,0
per_huruf_hybrid_skeleton_forced_loop_no_sig,8,1759,0.7084172372130487,366.3076923076922,8.9262630860264,366.3076923076922,8.9262630860264,0
per_huruf_hybrid_skeleton_forced_loop_no_sig,8,1760,0.7088199758356827,366.3846153846154,8.92717341829768,366.3846153846154,8.92717341829768,0
per_huruf_hybrid_skeleton_forced_loop_no_sig,8,1761,0.7092227144583165,366.4615384615385,8.933090578060993,366.4615384615385,8.933090578060993,0
per_huruf_hybrid_skeleton_forced_loop_no_sig,8,1762,0.7096254530809505,366.53846153846155,8.942649066909421,366.53846153846155,8.942649066909421,0
per_huruf_hybrid_skeleton_forced_loop_no_sig,8,1763,0.7100281917035844,366.6153846153846,8.95448338643605,366.6153846153846,8.95448338643605,0
per_huruf_hybrid_skeleton_forced_loop_no_sig,8,1764,0.7104309303262183,366.6923076923077,8.967228038233955,366.6923076923077,8.967228038233955,0
per_huruf_hybrid_skeleton_forced_loop_no_sig,8,1765,0.7108336689488522,366.7692307692307,8.979517523896222,366.7692307692307,8.979517523896222,0
per_huruf_hybrid_skeleton_forced_loop_no_sig,8,1766,0.7112364075714861,366.8461538461538,8.989986345015932,366.8461538461538,8.989986345015932,0
per_huruf_hybrid_skeleton_forced_loop_no_sig,8,1767,0.71163914619412,366.9230769230769,8.997269003186162,366.9230769230769,8.997269003186162,0
per_huruf_hybrid_skeleton_forced_loop_no_sig,8,1768,0.7120418848167539,367.0,9.0,367.0,9.0,0
per_huruf_hybrid_skeleton_forced_loop_no_sig,8,1769,0.7124446234393879,367.0796540737369,8.997269003186164,367.0796540737369,8.997269003186164,0
per_huruf_hybrid_skeleton_forced_loop_no_sig,8,1770,0.7128473620620218,367.1638598088302,8.98998634501593,367.1638598088302,8.98998634501593,0
per_huruf_hybrid_skeleton_forced_loop_no_sig,8,1771,0.7132501006846557,367.251251706873,8.97951752389622,367.251251706873,8.97951752389622,0
per_huruf_hybrid_skeleton_forced_loop_no_sig,8,1772,0.7136528393072896,367.34046426945827,8.967228038233955,367.34046426945827,8.967228038233955,0
per_huruf_hybrid_skeleton_forced_loop_no_sig,8,1773,0.7140555779299235,367.4301319981794,8.95448338643605,367.4301319981794,8.95448338643605,0
per_huruf_hybrid_skeleton_forced_loop_no_sig,8,1774,0.7144583165525574,367.518889394629,8.942649066909423,367.518889394629,8.942649066909423,0
per_huruf_hybrid_skeleton_forced_loop_no_sig,8,1775,0.7148610551751914,367.60537096040053,8.933090578060993,367.60537096040053,8.933090578060993,0
per_huruf_hybrid_skeleton_forced_loop_no_sig,8,1776,0.7152637937978252,367.68821119708696,8.927173418297679,367.68821119708696,8.927173418297679,0
per_huruf_hybrid_skeleton_forced_loop_no_sig,8,1777,0.7156665324204592,367.7660446062813,8.926263086026399,367.7660446062813,8.926263086026399,0
per_huruf_hybrid_skeleton_forced_loop_no_sig,8,1778,0.716069271043093,367.8375056895767,8.931725079654074,367.8375056895767,8.931725079654074,0
per_huruf_hybrid_skeleton_forced_loop_no_sig,8,1779,0.716472009665727,367.9012289485662,8.94492489758762,367.9012289485662,8.94492489758762,0
per_huruf_hybrid_skeleton_forced_loop_no_sig,8,1780,0.7168747482883608,367.9558488848429,8.967228038233955,367.9558488848429,8.967228038233955,0
per_huruf_hybrid_skeleton_forced_loop_no_sig,8,1781,0.7172774869109948,368.0,9.0,368.0,9.0,0
per_huruf_hybrid_skeleton_forced_loop_no_sig,8,1782,0.7176802255336288,368.03277196176606,9.044151115157034,368.03277196176606,9.044151115157034,0
per_huruf_hybrid_skeleton_forced_loop_no_sig,8,1783,0.7180829641562626,368.0550751024124,9.098771051433774,368.0550751024124,9.098771051433774,0
per_huruf_hybrid_skeleton_forced_loop_no_sig,8,1784,0.7184857027788966,368.0682749203459,9.162494310423302,368.0682749203459,9.162494310423302,0
per_huruf_hybrid_skeleton_forced_loop_no_sig,8,1785,0.7188884414015304,368.07373691397356,9.233955393718707,368.07373691397356,9.233955393718707,0
per_huruf_hybrid_skeleton_forced_loop_no_sig,8,1786,0.7192911800241644,368.0728265817024,9.311788802913064,368.0728265817024,9.311788802913064,0
per_huruf_hybrid_skeleton_forced_loop_no_sig,8,1787,0.7196939186467982,368.06690942193904,9.394629039599455,368.06690942193904,9.394629039599455,0
per_huruf_hybrid_skeleton_forced_loop_no_sig,8,1788,0.7200966572694322,368.05735093309056,9.48111060537096,368.05735093309056,9.48111060537096,0
per_huruf_hybrid_skeleton_forced_loop_no_sig,8,1789,0.7204993958920661,368.04551661356396,9.569868001820664,368.04551661356396,9.569868001820664,0
per_huruf_hybrid_skeleton_forced_loop_no_sig,8,1790,0.7209021345147,368.032771961766,9.659535730541648,368.032771961766,9.659535730541648,0
per_huruf_hybrid_skeleton_forced_loop_no_sig,8,1791,0.7213048731373339,368.0204824761038,9.74874829312699,368.0204824761038,9.74874829312699,0
per_huruf_hybrid_skeleton_forced_loop_no_sig,8,1792,0.7217076117599678,368.01001365498405,9.836140191169777,368.01001365498405,9.836140191169777,0
per_huruf_hybrid_skeleton_forced_loop_no_sig,8,1793,0.7221103503826017,368.0027309968138,9.920345926263085,368.0027309968138,9.920345926263085,0
per_huruf_hybrid_skeleton_forced_loop_no_sig,8,1794,0.7225130890052356,368.0,10.0,368.0,10.0,0
per_huruf_hybrid_skeleton_forced_loop_no_sig,8,1795,0.7229158276278695,368.00000000000006,10.076923076923077,368.00000000000006,10.076923076923077,0
per_huruf_hybrid_skeleton_forced_loop_no_sig,8,1796,0.7233185662505035,368.0,10.153846153846155,368.0,10.153846153846155,0
per_huruf_hybrid_skeleton_forced_loop_no_sig,8,1797,0.7237213048731373,367.99999999999994,10.230769230769228,367.99999999999994,10.230769230769228,0
per_huruf_hybrid_skeleton_forced_loop_no_sig,8,1798,0.7241240434957713,368.0,10.307692307692308,368.0,10.307692307692308,0
per_huruf_hybrid_skeleton_forced_loop_no_sig,8,1799,0.7245267821184052,368.00000000000006,10.384615384615385,368.00000000000006,10.384615384615385,0
per_huruf_hybrid_skeleton_forced_loop_no_sig,8,1800,0.7249295207410391,368.0,10.461538461538462,368.0,10.461538461538462,0
per_huruf_hybrid_skeleton_forced_loop_no_sig,8,1801,0.725332259363673,368.0,10.538461538461538,368.0,10.538461538461538,0
per_huruf_hybrid_skeleton_forced_loop_no_sig,8,1802,0.7257349979863069,368.00000000000006,10.615384615384615,368.00000000000006,10.615384615384615,0
per_huruf_hybrid_skeleton_forced_loop_no_sig,8,1803,0.7261377366089409,368.0,10.692307692307692,368.0,10.692307692307692,0
per_huruf_hybrid_skeleton_forced_loop_no_sig,8,1804,0.7265404752315747,368.0,10.769230769230768,368.0,10.769230769230768,0
per_huruf_hybrid_skeleton_forced_loop_no_sig,8,1805,0.7269432138542087,368.0,10.846153846153847,368.0,10.846153846153847,0
per_huruf_hybrid_skeleton_forced_loop_no_sig,8,1806,0.7273459524768425,368.0,10.923076923076922,368.0,10.923076923076922,0
per_huruf_hybrid_skeleton_forced_loop_no_sig,8,1807,0.7277486910994765,368.0,11.0,368.0,11.0,0
per_huruf_hybrid_skeleton_forced_loop_no_sig,8,1808,0.7281514297221103,368.00000000000006,11.076923076923078,368.00000000000006,11.076923076923078,0
per_huruf_hybrid_skeleton_forced_loop_no_sig,8,1809,0.7285541683447443,368.0,11.153846153846155,368.0,11.153846153846155,0
per_huruf_hybrid_skeleton_forced_loop_no_sig,8,1810,0.7289569069673782,367.99999999999994,11.230769230769228,367.99999999999994,11.230769230769228,0
per_huruf_hybrid_skeleton_forced_loop_no_sig,8,1811,0.7293596455900121,368.0,11.307692307692307,368.0,11.307692307692307,0
per_huruf_hybrid_skeleton_forced_loop_no_sig,8,1812,0.729762384212646,368.00000000000006,11.384615384615385,368.00000000000006,11.384615384615385,0
per_huruf_hybrid_skeleton_forced_loop_no_sig,8,1813,0.7301651228352799,368.0,11.461538461538463,368.0,11.461538461538463,0
per_huruf_hybrid_skeleton_forced_loop_no_sig,8,1814,0.7305678614579139,368.0,11.53846153846154,368.0,11.53846153846154,0
per_huruf_hybrid_skeleton_forced_loop_no_sig,8,1815,0.7309706000805477,368.00000000000006,11.615384615384617,368.00000000000006,11.615384615384617,0
per_huruf_hybrid_skeleton_forced_loop_no_sig,8,1816,0.7313733387031817,368.0,11.692307692307692,368.0,11.692307692307692,0
per_huruf_hybrid_skeleton_forced_loop_no_sig,8,1817,0.7317760773258156,368.0,11.769230769230766,368.0,11.769230769230766,0
per_huruf_hybrid_skeleton_forced_loop_no_sig,8,1818,0.7321788159484495,368.0,11.846153846153847,368.0,11.846153846153847,0
per_huruf_hybrid_skeleton_forced_loop_no_sig,8,1819,0.7325815545710834,368.0,11.923076923076922,368.0,11.923076923076922,0
per_huruf_hybrid_skeleton_forced_loop_no_sig,8,1820,0.7329842931937173,368.0,12.0,368.0,12.0,0
per_huruf_hybrid_skeleton_forced_loop_no_sig,8,1821,0.7333870318163512,368.00000000000006,12.076923076923078,368.00000000000006,12.076923076923078,0
per_huruf_hybrid_skeleton_forced_loop_no_sig,8,1822,0.7337897704389851,368.0,12.153846153846155,368.0,12.153846153846155,0
per_huruf_hybrid_skeleton_forced_loop_no_sig,8,1823,0.734192509061619,367.99999999999994,12.23076923076923,367.99999999999994,12.23076923076923,0
per_huruf_hybrid_skeleton_forced_loop_no_sig,8,1824,0.734595247684253,368.0,12.307692307692307,368.0,12.307692307692307,0
per_huruf_hybrid_skeleton_forced_loop_no_sig,8,1825,0.7349979863068868,368.00000000000006,12.384615384615385,368.00000000000006,12.384615384615385,0
per_huruf_hybrid_skeleton_forced_loop_no_sig,8,1826,0.7354007249295208,368.0,12.461538461538462,368.0,12.461538461538462,0
per_huruf_hybrid_skeleton_forced_loop_no_sig,8,1827,0.7358034635521546,368.0,12.53846153846154,368.0,12.53846153846154,0
per_huruf_hybrid_skeleton_forced_loop_no_sig,8,1828,0.7362062021747886,368.00000000000006,12.615384615384617,368.00000000000006,12.615384615384617,0
per_huruf_hybrid_skeleton_forced_loop_no_sig,8,1829,0.7366089407974225,368.0,12.69230769230769,368.0,12.69230769230769,0
per_huruf_hybrid_skeleton_forced_loop_no_sig,8,1830,0.7370116794200564,368.0,12.769230769230768,368.0,12.769230769230768,0
per_huruf_hybrid_skeleton_forced_loop_no_sig,8,1831,0.7374144180426904,368.0,12.846153846153847,368.0,12.846153846153847,0
per_huruf_hybrid_skeleton_forced_loop_no_sig,8,1832,0.7378171566653242,368.0,12.923076923076922,368.0,12.923076923076922,0
per_huruf_hybrid_skeleton_forced_loop_no_sig,8,1833,0.7382198952879582,368.0,13.0,368.0,13.0,0
per_huruf_hybrid_skeleton_forced_loop_no_sig,8,1834,0.738622633910592,368.0027309968139,13.076923076923078,368.0027309968139,13.076923076923078,0
per_huruf_hybrid_skeleton_forced_loop_no_sig,8,1835,0.739025372533226,368.01001365498405,13.153846153846157,368.01001365498405,13.153846153846157,0
per_huruf_hybrid_skeleton_forced_loop_no_sig,8,1836,0.7394281111558598,368.0204824761037,13.230769230769228,368.0204824761037,13.230769230769228,0
per_huruf_hybrid_skeleton_forced_loop_no_sig,8,1837,0.7398308497784938,368.03277196176606,13.307692307692307,368.03277196176606,13.307692307692307,0
per_huruf_hybrid_skeleton_forced_loop_no_sig,8,1838,0.7402335884011277,368.045516613564,13.384615384615387,368.045516613564,13.384615384615387,0
per_huruf_hybrid_skeleton_forced_loop_no_sig,8,1839,0.7406363270237616,368.0573509330906,13.461538461538462,368.0573509330906,13.461538461538462,0
per_huruf_hybrid_skeleton_forced_loop_no_sig,8,1840,0.7410390656463955,368.06690942193904,13.538461538461538,368.06690942193904,13.538461538461538,0
per_huruf_hybrid_skeleton_forced_loop_no_sig,8,1841,0.7414418042690294,368.0728265817024,13.615384615384617,368.0728265817024,13.615384615384617,0
per_huruf_hybrid_skeleton_forced_loop_no_sig,8,1842,0.7418445428916633,368.07373691397356,13.69230769230769,368.07373691397356,13.69230769230769,0
per_huruf_hybrid_skeleton_forced_loop_no_sig,8,1843,0.7422472815142972,368.06827492034586,13.769230769230768,368.06827492034586,13.769230769230768,0
per_huruf_hybrid_skeleton_forced_loop_no_sig,8,1844,0.7426500201369312,368.0550751024124,13.846153846153845,368.0550751024124,13.846153846153845,0
per_huruf_hybrid_skeleton_forced_loop_no_sig,8,1845,0.7430527587595651,368.032771961766,13.923076923076923,368.032771961766,13.923076923076923,0
per_huruf_hybrid_skeleton_forced_loop_no_sig,8,1846,0.743455497382199,368.0,14.0,368.0,14.0,0
per_huruf_hybrid_skeleton_forced_loop_no_sig,8,1847,0.7438582360048329,367.95311788802917,14.076923076923078,367.95311788802917,14.076923076923078,0
per_huruf_hybrid_skeleton_forced_loop_no_sig,8,1848,0.7442609746274668,367.89121529358215,14.153846153846155,367.89121529358215,14.153846153846155,0
per_huruf_hybrid_skeleton_forced_loop_no_sig,8,1849,0.7446637132501007,367.8170232134729,14.23076923076923,367.8170232134729,14.23076923076923,0
per_huruf_hybrid_skeleton_forced_loop_no_sig,8,1850,0.7450664518727346,367.7332726445151,14.307692307692307,367.7332726445151,14.307692307692307,0
per_huruf_hybrid_skeleton_forced_loop_no_sig,8,1851,0.7454691904953685,367.64269458352305,14.384615384615387,367.64269458352305,14.384615384615387,0
per_huruf_hybrid_skeleton_forced_loop_no_sig,8,1852,0.7458719291180025,367.54802002731003,14.461538461538462,367.54802002731003,14.461538461538462,0
per_huruf_hybrid_skeleton_forced_loop_no_sig,8,1853,0.7462746677406363,367.45197997268997,14.538461538461538,367.45197997268997,14.538461538461538,0
per_huruf_hybrid_skeleton_forced_loop_no_sig,8,1854,0.7466774063632703,367.357305416477,14.615384615384617,367.357305416477,14.615384615384617,0
per_huruf_hybrid_skeleton_forced_loop_no_sig,8,1855,0.7470801449859041,367.2667273554847,14.692307692307692,367.2667273554847,14.692307692307692,0
per_huruf_hybrid_skeleton_forced_loop_no_sig,8,1856,0.7474828836085381,367.1829767865271,14.769230769230766,367.1829767865271,14.769230769230766,0
per_huruf_hybrid_skeleton_forced_loop_no_sig,8,1857,0.747885622231172,367.10878470641785,14.846153846153847,367.10878470641785,14.846153846153847,0
per_huruf_hybrid_skeleton_forced_loop_no_sig,8,1858,0.7482883608538059,367.04688211197083,14.923076923076922,367.04688211197083,14.923076923076922,0
per_huruf_hybrid_skeleton_forced_loop_no_sig,8,1859,0.7486910994764399,367.0,15.0,367.0,15.0,0
per_huruf_hybrid_skeleton_forced_loop_no_sig,8,1860,0.7490938380990737,366.967228038234,15.07692307692308,366.967228038234,15.07692307692308,0
per_huruf_hybrid_skeleton_forced_loop_no_sig,8,1861,0.7494965767217077,366.9449248975876,15.153846153846155,366.9449248975876,15.153846153846155,0
per_huruf_hybrid_skeleton_forced_loop_no_sig,8,1862,0.7498993153443415,366.93172507965403,15.230769230769228,366.93172507965403,15.230769230769228,0
per_huruf_hybrid_skeleton_forced_loop_no_sig,8,1863,0.7503020539669755,366.9262630860263,15.307692307692307,366.9262630860263,15.307692307692307,0
per_huruf_hybrid_skeleton_forced_loop_no_sig,8,1864,0.7507047925896094,366.92717341829774,15.384615384615387,366.92717341829774,15.384615384615387,0
per_huruf_hybrid_skeleton_forced_loop_no_sig,8,1865,0.7511075312122433,366.933090578061,15.461538461538463,366.933090578061,15.461538461538463,0
per_huruf_hybrid_skeleton_forced_loop_no_sig,8,1866,0.7515102698348772,366.9426490669094,15.538461538461538,366.9426490669094,15.538461538461538,0
per_huruf_hybrid_skeleton_forced_loop_no_sig,8,1867,0.7519130084575111,366.95448338643604,15.615384615384615,366.95448338643604,15.615384615384615,0
per_huruf_hybrid_skeleton_forced_loop_no_sig,8,1868,0.752315747080145,366.96722803823394,15.692307692307692,366.96722803823394,15.692307692307692,0
per_huruf_hybrid_skeleton_forced_loop_no_sig,8,1869,0.7527184857027789,366.9795175238962,15.769230769230768,366.9795175238962,15.769230769230768,0
per_huruf_hybrid_skeleton_forced_loop_no_sig,8,1870,0.7531212243254128,366.98998634501595,15.846153846153847,366.98998634501595,15.846153846153847,0
per_huruf_hybrid_skeleton_forced_loop_no_sig,8,1871,0.7535239629480468,366.99726900318615,15.923076923076923,366.99726900318615,15.923076923076923,0
per_huruf_hybrid_skeleton_forced_loop_no_sig,8,1872,0.7539267015706806,367.0,16.0,367.0,16.0,0
per_huruf_hybrid_skeleton_forced_loop_no_sig,8,1873,0.7543294401933146,367.00273099681385,16.076923076923077,367.00273099681385,16.076923076923077,0
per_huruf_hybrid_skeleton_forced_loop_no_sig,8,1874,0.7547321788159485,367.01001365498405,16.153846153846153,367.01001365498405,16.153846153846153,0
per_huruf_hybrid_skeleton_forced_loop_no_sig,8,1875,0.7551349174385824,367.0204824761038,16.23076923076923,367.0204824761038,16.23076923076923,0
per_huruf_hybrid_skeleton_forced_loop_no_sig,8,1876,0.7555376560612163,367.03277196176595,16.307692307692307,367.03277196176595,16.307692307692307,0
per_huruf_hybrid_skeleton_forced_loop_no_sig,8,1877,0.7559403946838502,367.045516613564,16.384615384615387,367.045516613564,16.384615384615387,0
per_huruf_hybrid_skeleton_forced_loop_no_sig,8,1878,0.7563431333064842,367.0573509330906,16.461538461538463,367.0573509330906,16.461538461538463,0
per_huruf_hybrid_skeleton_forced_loop_no_sig,8,1879,0.756745871929118,367.066909421939,16.53846153846154,367.066909421939,16.53846153846154,0
per_huruf_hybrid_skeleton_forced_loop_no_sig,8,1880,0.757148610551752,367.0728265817024,16.615384615384617,367.0728265817024,16.615384615384617,0
per_huruf_hybrid_skeleton_forced_loop_no_sig,8,1881,0.7575513491743858,367.07373691397356,16.692307692307693,367.07373691397356,16.692307692307693,0
per_huruf_hybrid_skeleton_forced_loop_no_sig,8,1882,0.7579540877970198,367.0682749203459,16.769230769230766,367.0682749203459,16.769230769230766,0
per_huruf_hybrid_skeleton_forced_loop_no_sig,8,1883,0.7583568264196536,367.0550751024124,16.846153846153847,367.0550751024124,16.846153846153847,0
per_huruf_hybrid_skeleton_forced_loop_no_sig,8,1884,0.7587595650422876,367.032771961766,16.923076923076923,367.032771961766,16.923076923076923,0
per_huruf_hybrid_skeleton_forced_loop_no_sig,8,1885,0.7591623036649215,367.0,17.0,367.0,17.0,0
per_huruf_hybrid_skeleton_forced_loop_no_sig,8,1886,0.7595650422875554,366.95584888484296,17.07692307692308,366.95584888484296,17.07692307692308,0
per_huruf_hybrid_skeleton_forced_loop_no_sig,8,1887,0.7599677809101893,366.9012289485662,17.153846153846153,366.9012289485662,17.153846153846153,0
per_huruf_hybrid_skeleton_forced_loop_no_sig,8,1888,0.7603705195328232,366.83750568957663,17.230769230769226,366.83750568957663,17.230769230769226,0
per_huruf_hybrid_skeleton_forced_loop_no_sig,8,1889,0.7607732581554572,366.76604460628124,17.307692307692307,366.76604460628124,17.307692307692307,0
per_huruf_hybrid_skeleton_forced_loop_no_sig,8,1890,0.761175996778091,366.688211197087,17.384615384615387,366.688211197087,17.384615384615387,0
per_huruf_hybrid_skeleton_forced_loop_no_sig,8,1891,0.761578735400725,366.6053709604006,17.461538461538463,366.6053709604006,17.461538461538463,0
per_huruf_hybrid_skeleton_forced_loop_no_sig,8,1892,0.7619814740233589,366.518889394629,17.53846153846154,366.518889394629,17.53846153846154,0
per_huruf_hybrid_skeleton_forced_loop_no_sig,8,1893,0.7623842126459928,366.4301319981794,17.615384615384617,366.4301319981794,17.615384615384617,0
per_huruf_hybrid_skeleton_forced_loop_no_sig,8,1894,0.7627869512686267,366.3404642694583,17.692307692307693,366.3404642694583,17.692307692307693,0
per_huruf_hybrid_skeleton_forced_loop_no_sig,8,1895,0.7631896898912606,366.25125170687295,17.769230769230766,366.25125170687295,17.769230769230766,0
per_huruf_hybrid_skeleton_forced_loop_no_sig,8,1896,0.7635924285138945,366.16385980883024,17.846153846153847,366.16385980883024,17.846153846153847,0
per_huruf_hybrid_skeleton_forced_loop_no_sig,8,1897,0.7639951671365284,366.07965407373695,17.923076923076923,366.07965407373695,17.923076923076923,0
per_huruf_hybrid_skeleton_forced_loop_no_sig,8,1898,0.7643979057591623,366.0,18.0,366.0,18.0,0
per_huruf_hybrid_skeleton_forced_loop_no_sig,8,1899,0.7648006443817963,365.92034592626317,18.07692307692308,365.92034592626317,18.07692307692308,0
per_huruf_hybrid_skeleton_forced_loop_no_sig,8,1900,0.7652033830044301,365.83614019116976,18.153846153846153,365.83614019116976,18.153846153846153,0
per_huruf_hybrid_skeleton_forced_loop_no_sig,8,1901,0.7656061216270641,365.74874829312694,18.23076923076923,365.74874829312694,18.23076923076923,0
per_huruf_hybrid_skeleton_forced_loop_no_sig,8,1902,0.7660088602496979,365.6595357305416,18.307692307692307,365.6595357305416,18.307692307692307,0
per_huruf_hybrid_skeleton_forced_loop_no_sig,8,1903,0.7664115988723319,365.56986800182074,18.38461538461539,365.56986800182074,18.38461538461539,0
per_huruf_hybrid_skeleton_forced_loop_no_sig,8,1904,0.7668143374949657,365.481110605371,18.461538461538463,365.481110605371,18.461538461538463,0
per_huruf_hybrid_skeleton_forced_loop_no_sig,8,1905,0.7672170761175997,365.39462903959947,18.538461538461537,365.39462903959947,18.538461538461537,0
per_huruf_hybrid_skeleton_forced_loop_no_sig,8,1906,0.7676198147402337,365.31178880291304,18.615384615384613,365.31178880291304,18.615384615384613,0
per_huruf_hybrid_skeleton_forced_loop_no_sig,8,1907,0.7680225533628675,365.2339553937187,18.692307692307693,365.2339553937187,18.692307692307693,0
per_huruf_hybrid_skeleton_forced_loop_no_sig,8,1908,0.7684252919855015,365.1624943104233,18.769230769230766,365.1624943104233,18.769230769230766,0
per_huruf_hybrid_skeleton_forced_loop_no_sig,8,1909,0.7688280306081353,365.0987710514338,18.846153846153847,365.0987710514338,18.846153846153847,0
per_huruf_hybrid_skeleton_forced_loop_no_sig,8,1910,0.7692307692307693,365.04415111515704,18.923076923076923,365.04415111515704,18.923076923076923,0
per_huruf_hybrid_skeleton_forced_loop_no_sig,8,1911,0.7696335078534031,365.0,19.0,365.0,19.0,0
per_huruf_hybrid_skeleton_forced_loop_no_sig,8,1912,0.7700362464760371,364.967228038234,19.07692307692308,364.967228038234,19.07692307692308,0
per_huruf_hybrid_skeleton_forced_loop_no_sig,8,1913,0.770438985098671,364.9449248975876,19.153846153846157,364.9449248975876,19.153846153846157,0
per_huruf_hybrid_skeleton_forced_loop_no_sig,8,1914,0.7708417237213049,364.931725079654,19.230769230769226,364.931725079654,19.230769230769226,0
per_huruf_hybrid_skeleton_forced_loop_no_sig,8,1915,0.7712444623439388,364.9262630860263,19.307692307692307,364.9262630860263,19.307692307692307,0
per_huruf_hybrid_skeleton_forced_loop_no_sig,8,1916,0.7716472009665727,364.9271734182977,19.384615384615387,364.9271734182977,19.384615384615387,0
per_huruf_hybrid_skeleton_forced_loop_no_sig,8,1917,0.7720499395892066,364.93309057806107,19.461538461538463,364.93309057806107,19.461538461538463,0
per_huruf_hybrid_skeleton_forced_loop_no_sig,8,1918,0.7724526782118405,364.94264906690944,19.53846153846154,364.94264906690944,19.53846153846154,0
per_huruf_hybrid_skeleton_forced_loop_no_sig,8,1919,0.7728554168344745,364.9544833864361,19.615384615384617,364.9544833864361,19.615384615384617,0
per_huruf_hybrid_skeleton_forced_loop_no_sig,8,1920,0.7732581554571084,364.96722803823394,19.692307692307693,364.96722803823394,19.692307692307693,0
per_huruf_hybrid_skeleton_forced_loop_no_sig,8,1921,0.7736608940797423,364.97951752389616,19.76923076923077,364.97951752389616,19.76923076923077,0
per_huruf_hybrid_skeleton_forced_loop_no_sig,8,1922,0.7740636327023762,364.98998634501595,19.846153846153847,364.98998634501595,19.846153846153847,0
per_huruf_hybrid_skeleton_forced_loop_no_sig,8,1923,0.7744663713250101,364.99726900318615,19.923076923076923,364.99726900318615,19.923076923076923,0
per_huruf_hybrid_skeleton_forced_loop_no_sig,8,1924,0.774869109947644,365.0,20.0,365.0,20.0,0
per_huruf_hybrid_skeleton_forced_loop_no_sig,8,1925,0.7752718485702779,365.0027309968139,20.07692307692308,365.0027309968139,20.07692307692308,0
per_huruf_hybrid_skeleton_forced_loop_no_sig,8,1926,0.7756745871929118,365.01001365498405,20.153846153846153,365.01001365498405,20.153846153846153,0
per_huruf_hybrid_skeleton_forced_loop_no_sig,8,1927,0.7760773258155458,365.02048247610367,20.23076923076923,365.02048247610367,20.23076923076923,0
per_huruf_hybrid_skeleton_forced_loop_no_sig,8,1928,0.7764800644381796,365.032771961766,20.307692307692307,365.032771961766,20.307692307692307,0
per_huruf_hybrid_skeleton_forced_loop_no_sig,8,1929,0.7768828030608136,365.045516613564,20.384615384615383,365.045516613564,20.384615384615383,0
per_huruf_hybrid_skeleton_forced_loop_no_sig,8,1930,0.7772855416834474,365.05735093309056,20.461538461538463,365.05735093309056,20.461538461538463,0
per_huruf_hybrid_skeleton_forced_loop_no_sig,8,1931,0.7776882803060814,365.066909421939,20.53846153846154,365.066909421939,20.53846153846154,0
per_huruf_hybrid_skeleton_forced_loop_no_sig,8,1932,0.7780910189287154,365.0728265817023,20.615384615384617,365.0728265817023,20.615384615384617,0
per_huruf_hybrid_skeleton_forced_loop_no_sig,8,1933,0.7784937575513492,365.07373691397356,20.692307692307693,365.07373691397356,20.692307692307693,0
per_huruf_hybrid_skeleton_forced_loop_no_sig,8,1934,0.7788964961739832,365.0682749203459,20.769230769230766,365.0682749203459,20.769230769230766,0
per_huruf_hybrid_skeleton_forced_loop_no_sig,8,1935,0.779299234796617,365.0550751024124,20.846153846153847,365.0550751024124,20.846153846153847,0
per_huruf_hybrid_skeleton_forced_loop_no_sig,8,1936,0.779701973419251,365.03277196176606,20.92307692307692,365.03277196176606,20.92307692307692,0
per_huruf_hybrid_skeleton_forced_loop_no_sig,8,1937,0.7801047120418848,365.0,21.0,365.0,21.0,0
per_huruf_hybrid_skeleton_forced_loop_no_sig,8,1938,0.7805074506645188,364.9667728720984,21.10969503868912,364.9667728720984,21.10969503868912,0
per_huruf_hybrid_skeleton_forced_loop_no_sig,8,1939,0.7809101892871527,364.9412835685025,21.27401001365498,364.9412835685025,21.27401001365498,0
per_huruf_hybrid_skeleton_forced_loop_no_sig,8,1940,0.7813129279097866,364.91943559399175,21.476558944014563,364.91943559399175,21.476558944014563,0
per_huruf_hybrid_skeleton_forced_loop_no_sig,8,1941,0.7817156665324205,364.8971324533454,21.700955848884842,364.8971324533454,21.700955848884842,0
per_huruf_hybrid_skeleton_forced_loop_no_sig,8,1942,0.7821184051550544,364.8702776513428,21.930814747382794,364.8702776513428,21.930814747382794,0
per_huruf_hybrid_skeleton_forced_loop_no_sig,8,1943,0.7825211437776883,364.8347746927629,22.149749658625396,364.8347746927629,22.149749658625396,0
per_huruf_hybrid_skeleton_forced_loop_no_sig,8,1944,0.7829238824003222,364.7865270823851,22.34137460172963,364.7865270823851,22.34137460172963,0
per_huruf_hybrid_skeleton_forced_loop_no_sig,8,1945,0.7833266210229561,364.72143832498864,22.489303595812473,364.72143832498864,22.489303595812473,0
per_huruf_hybrid_skeleton_forced_loop_no_sig,8,1946,0.7837293596455901,364.63541192535274,22.5771506599909,364.63541192535274,22.5771506599909,0
per_huruf_hybrid_skeleton_forced_loop_no_sig,8,1947,0.7841320982682239,364.52435138825666,22.588529813381882,364.52435138825666,22.588529813381882,0
per_huruf_hybrid_skeleton_forced_loop_no_sig,8,1948,0.7845348368908579,364.38416021847974,22.507055075102414,364.38416021847974,22.507055075102414,0
per_huruf_hybrid_skeleton_forced_loop_no_sig,8,1949,0.7849375755134917,364.21074192080107,22.316340464269455,364.21074192080107,22.316340464269455,0
per_huruf_hybrid_skeleton_forced_loop_no_sig,8,1950,0.7853403141361257,364.0,22.0,364.0,22.0,0
per_huruf_hybrid_skeleton_forced_loop_no_sig,8,1951,0.7857430527587596,363.73554847519347,21.514337733272647,363.73554847519347,21.514337733272647,0
per_huruf_hybrid_skeleton_forced_loop_no_sig,8,1952,0.7861457913813935,363.41101502048247,20.848429676832048,363.41101502048247,20.848429676832048,0
per_huruf_hybrid_skeleton_forced_loop_no_sig,8,1953,0.7865485300040275,363.0373236231224,20.03504779244424,363.0373236231224,20.03504779244424,0
per_huruf_hybrid_skeleton_forced_loop_no_sig,8,1954,0.7869512686266613,362.6253982703687,19.10696404187528,362.6253982703687,19.10696404187528,0
per_huruf_hybrid_skeleton_forced_loop_no_sig,8,1955,0.7873540072492953,362.18616294947657,18.09695038689122,362.18616294947657,18.09695038689122,0
per_huruf_hybrid_skeleton_forced_loop_no_sig,8,1956,0.7877567458719291,361.73054164770144,17.037778789258077,361.73054164770144,17.037778789258077,0
per_huruf_hybrid_skeleton_forced_loop_no_sig,8,1957,0.7881594844945631,361.2694583522986,15.962221210741918,361.2694583522986,15.962221210741918,0
per_huruf_hybrid_skeleton_forced_loop_no_sig,8,1958,0.7885622231171969,360.81383705052343,14.903049613108784,360.81383705052343,14.903049613108784,0
per_huruf_hybrid_skeleton_forced_loop_no_sig,8,1959,0.7889649617398309,360.3746017296313,13.893035958124715,360.3746017296313,13.893035958124715,0
per_huruf_hybrid_skeleton_forced_loop_no_sig,8,1960,0.7893677003624648,359.96267637687754,12.964952207555754,359.96267637687754,12.964952207555754,0
per_huruf_hybrid_skeleton_forced_loop_no_sig,8,1961,0.7897704389850987,359.5889849795175,12.151570323167954,359.5889849795175,12.151570323167954,0
per_huruf_hybrid_skeleton_forced_loop_no_sig,8,1962,0.7901731776077326,359.26445152480653,11.485662266727354,359.26445152480653,11.485662266727354,0
per_huruf_hybrid_skeleton_forced_loop_no_sig,8,1963,0.7905759162303665,359.0,11.0,359.0,11.0,0
per_huruf_hybrid_skeleton_forced_loop_no_sig,8,1964,0.7909786548530005,358.7919890760128,10.686390532544381,358.7919890760128,10.686390532544381,0
per_huruf_hybrid_skeleton_forced_loop_no_sig,8,1965,0.7913813934756343,358.6258534365043,10.502958579881657,358.6258534365043,10.502958579881657,0
per_huruf_hybrid_skeleton_forced_loop_no_sig,8,1966,0.7917841320982683,358.496131087847,10.431952662721892,358.496131087847,10.431952662721892,0
per_huruf_hybrid_skeleton_forced_loop_no_sig,8,1967,0.7921868707209022,358.39736003641326,10.455621301775148,358.39736003641326,10.455621301775148,0
per_huruf_hybrid_skeleton_forced_loop_no_sig,8,1968,0.7925896093435361,358.3240782885753,10.55621301775148,358.3240782885753,10.55621301775148,0
per_huruf_hybrid_skeleton_forced_loop_no_sig,8,1969,0.79299234796617,358.27082385070554,10.715976331360949,358.27082385070554,10.715976331360949,0
per_huruf_hybrid_skeleton_forced_loop_no_sig,8,1970,0.7933950865888039,358.2321347291761,10.91715976331361,358.2321347291761,10.91715976331361,0
per_huruf_hybrid_skeleton_forced_loop_no_sig,8,1971,0.7937978252114378,358.2025489303596,11.142011834319527,358.2025489303596,11.142011834319527,0
per_huruf_hybrid_skeleton_forced_loop_no_sig,8,1972,0.7942005638340717,358.17660446062814,11.372781065088757,358.17660446062814,11.372781065088757,0
per_huruf_hybrid_skeleton_forced_loop_no_sig,8,1973,0.7946033024567056,358.14883932635405,11.591715976331361,358.14883932635405,11.591715976331361,0
per_huruf_hybrid_skeleton_forced_loop_no_sig,8,1974,0.7950060410793396,358.1137915339099,11.781065088757398,358.1137915339099,11.781065088757398,0
per_huruf_hybrid_skeleton_forced_loop_no_sig,8,1975,0.7954087797019734,358.06599908966774,11.923076923076923,358.06599908966774,11.923076923076923,0
per_huruf_hybrid_skeleton_forced_loop_no_sig,8,1976,0.7958115183246074,358.0,12.0,358.0,12.0,0
per_huruf_hybrid_skeleton_forced_loop_no_sig,8,1977,0.7962142569472412,357.923076923077,12.03004096495221,357.923076923077,12.03004096495221,0
per_huruf_hybrid_skeleton_forced_loop_no_sig,8,1978,0.7966169955698752,357.84615384615387,12.04506144742831,357.84615384615387,12.04506144742831,0
per_huruf_hybrid_skeleton_forced_loop_no_sig,8,1979,0.797019734192509,357.7692307692307,12.047792444242146,357.7692307692307,12.047792444242146,0
per_huruf_hybrid_skeleton_forced_loop_no_sig,8,1980,0.797422472815143,357.6923076923077,12.040964952207554,357.6923076923077,12.040964952207554,0
per_huruf_hybrid_skeleton_forced_loop_no_sig,8,1981,0.797825211437777,357.61538461538464,12.027309968138372,357.61538461538464,12.027309968138372,0
per_huruf_hybrid_skeleton_forced_loop_no_sig,8,1982,0.7982279500604108,357.53846153846155,12.00955848884843,357.53846153846155,12.00955848884843,0
per_huruf_hybrid_skeleton_forced_loop_no_sig,8,1983,0.7986306886830448,357.46153846153845,11.99044151115157,357.46153846153845,11.99044151115157,0
per_huruf_hybrid_skeleton_forced_loop_no_sig,8,1984,0.7990334273056786,357.38461538461536,11.97269003186163,357.38461538461536,11.97269003186163,0
per_huruf_hybrid_skeleton_forced_loop_no_sig,8,1985,0.7994361659283126,357.30769230769226,11.959035047792444,357.30769230769226,11.959035047792444,0
per_huruf_hybrid_skeleton_forced_loop_no_sig,8,1986,0.7998389045509464,357.23076923076917,11.952207555757852,357.23076923076917,11.952207555757852,0
per_huruf_hybrid_skeleton_forced_loop_no_sig,8,1987,0.8002416431735804,357.15384615384613,11.95493855257169,357.15384615384613,11.95493855257169,0
per_huruf_hybrid_skeleton_forced_loop_no_sig,8,1988,0.8006443817962143,357.0769230769231,11.969959035047792,357.0769230769231,11.969959035047792,0
per_huruf_hybrid_skeleton_forced_loop_no_sig,8,1989,0.8010471204188482,357.0,12.0,357.0,12.0,0
per_huruf_hybrid_skeleton_forced_loop_no_sig,8,1990,0.8014498590414821,356.923076923077,12.044151115157034,356.923076923077,12.044151115157034,0
per_huruf_hybrid_skeleton_forced_loop_no_sig,8,1991,0.801852597664116,356.8461538461539,12.098771051433774,356.8461538461539,12.098771051433774,0
per_huruf_hybrid_skeleton_forced_loop_no_sig,8,1992,0.8022553362867499,356.76923076923066,12.162494310423302,356.76923076923066,12.162494310423302,0
per_huruf_hybrid_skeleton_forced_loop_no_sig,8,1993,0.8026580749093838,356.6923076923077,12.233955393718706,356.6923076923077,12.233955393718706,0
per_huruf_hybrid_skeleton_forced_loop_no_sig,8,1994,0.8030608135320177,356.61538461538464,12.311788802913064,356.61538461538464,12.311788802913064,0
per_huruf_hybrid_skeleton_forced_loop_no_sig,8,1995,0.8034635521546517,356.53846153846155,12.394629039599453,356.53846153846155,12.394629039599453,0
per_huruf_hybrid_skeleton_forced_loop_no_sig,8,1996,0.8038662907772856,356.46153846153845,12.481110605370962,356.46153846153845,12.481110605370962,0
per_huruf_hybrid_skeleton_forced_loop_no_sig,8,1997,0.8042690293999195,356.38461538461536,12.569868001820666,356.38461538461536,12.569868001820666,0
per_huruf_hybrid_skeleton_forced_loop_no_sig,8,1998,0.8046717680225534,356.30769230769226,12.659535730541647,356.30769230769226,12.659535730541647,0
per_huruf_hybrid_skeleton_forced_loop_no_sig,8,1999,0.8050745066451873,356.23076923076917,12.74874829312699,356.23076923076917,12.74874829312699,0
per_huruf_hybrid_skeleton_forced_loop_no_sig,8,2000,0.8054772452678212,356.1538461538462,12.836140191169777,356.1538461538462,12.836140191169777,0
per_huruf_hybrid_skeleton_forced_loop_no_sig,8,2001,0.8058799838904551,356.0769230769231,12.920345926263085,356.0769230769231,12.920345926263085,0
per_huruf_hybrid_skeleton_forced_loop_no_sig,8,2002,0.8062827225130891,356.0,13.0,356.0,13.0,0
per_huruf_hybrid_skeleton_forced_loop_no_sig,8,2003,0.8066854611357229,355.92307692307696,13.079654073736917,355.92307692307696,13.079654073736917,0
per_huruf_hybrid_skeleton_forced_loop_no_sig,8,2004,0.8070881997583569,355.84615384615387,13.163859808830226,355.84615384615387,13.163859808830226,0
per_huruf_hybrid_skeleton_forced_loop_no_sig,8,2005,0.8074909383809907,355.7692307692307,13.251251706873006,355.7692307692307,13.251251706873006,0
per_huruf_hybrid_skeleton_forced_loop_no_sig,8,2006,0.8078936770036247,355.6923076923076,13.340464269458352,355.6923076923076,13.340464269458352,0
per_huruf_hybrid_skeleton_forced_loop_no_sig,8,2007,0.8082964156262585,355.61538461538464,13.430131998179338,355.61538461538464,13.430131998179338,0
per_huruf_hybrid_skeleton_forced_loop_no_sig,8,2008,0.8086991542488925,355.53846153846155,13.51888939462904,355.53846153846155,13.51888939462904,0
per_huruf_hybrid_skeleton_forced_loop_no_sig,8,2009,0.8091018928715265,355.46153846153845,13.605370960400545,355.46153846153845,13.605370960400545,0
per_huruf_hybrid_skeleton_forced_loop_no_sig,8,2010,0.8095046314941603,355.3846153846154,13.688211197086938,355.3846153846154,13.688211197086938,0
per_huruf_hybrid_skeleton_forced_loop_no_sig,8,2011,0.8099073701167943,355.30769230769226,13.766044606281291,355.30769230769226,13.766044606281291,0
per_huruf_hybrid_skeleton_forced_loop_no_sig,8,2012,0.8103101087394281,355.23076923076917,13.837505689576695,355.23076923076917,13.837505689576695,0
per_huruf_hybrid_skeleton_forced_loop_no_sig,8,2013,0.8107128473620621,355.15384615384613,13.901228948566226,355.15384615384613,13.901228948566226,0
per_huruf_hybrid_skeleton_forced_loop_no_sig,8,2014,0.811115585984696,355.0769230769231,13.955848884842968,355.0769230769231,13.955848884842968,0
per_huruf_hybrid_skeleton_forced_loop_no_sig,8,2015,0.8115183246073299,355.0,14.0,355.0,14.0,0
per_huruf_hybrid_skeleton_forced_loop_no_sig,8,2016,0.8119210632299638,354.92307692307696,14.03004096495221,354.92307692307696,14.03004096495221,0
per_huruf_hybrid_skeleton_forced_loop_no_sig,8,2017,0.8123238018525977,354.84615384615387,14.045061447428312,354.84615384615387,14.045061447428312,0
per_huruf_hybrid_skeleton_forced_loop_no_sig,8,2018,0.8127265404752316,354.7692307692307,14.047792444242146,354.7692307692307,14.047792444242146,0
per_huruf_hybrid_skeleton_forced_loop_no_sig,8,2019,0.8131292790978655,354.6923076923077,14.040964952207554,354.6923076923077,14.040964952207554,0
per_huruf_hybrid_skeleton_forced_loop_no_sig,8,2020,0.8135320177204994,354.61538461538464,14.027309968138372,354.61538461538464,14.027309968138372,0
per_huruf_hybrid_skeleton_forced_loop_no_sig,8,2021,0.8139347563431334,354.5384615384616,14.009558488848432,354.5384615384616,14.009558488848432,0
per_huruf_hybrid_skeleton_forced_loop_no_sig,8,2022,0.8143374949657672,354.4615384615385,13.99044151115157,354.4615384615385,13.99044151115157,0
per_huruf_hybrid_skeleton_forced_loop_no_sig,8,2023,0.8147402335884012,354.38461538461536,13.97269003186163,354.38461538461536,13.97269003186163,0
per_huruf_hybrid_skeleton_forced_loop_no_sig,8,2024,0.815142972211035,354.3076923076923,13.959035047792444,354.3076923076923,13.959035047792444,0
per_huruf_hybrid_skeleton_forced_loop_no_sig,8,2025,0.815545710833669,354.2307692307692,13.95220755575785,354.2307692307692,13.95220755575785,0
per_huruf_hybrid_skeleton_forced_loop_no_sig,8,2026,0.8159484494563028,354.15384615384613,13.954938552571688,354.15384615384613,13.954938552571688,0
per_huruf_hybrid_skeleton_forced_loop_no_sig,8,2027,0.8163511880789368,354.0769230769231,13.969959035047792,354.0769230769231,13.969959035047792,0
per_huruf_hybrid_skeleton_forced_loop_no_sig,8,2028,0.8167539267015708,354.0,14.0,354.0,14.0,0
per_huruf_hybrid_skeleton_forced_loop_no_sig,8,2029,0.8171566653242046,353.923076923077,14.04688211197087,353.923076923077,14.04688211197087,0
per_huruf_hybrid_skeleton_forced_loop_no_sig,8,2030,0.8175594039468386,353.8461538461539,14.108784706417843,353.8461538461539,14.108784706417843,0
per_huruf_hybrid_skeleton_forced_loop_no_sig,8,2031,0.8179621425694724,353.7692307692307,14.182976786527082,353.7692307692307,14.182976786527082,0
per_huruf_hybrid_skeleton_forced_loop_no_sig,8,2032,0.8183648811921064,353.6923076923077,14.26672735548475,353.6923076923077,14.26672735548475,0
per_huruf_hybrid_skeleton_forced_loop_no_sig,8,2033,0.8187676198147402,353.61538461538464,14.357305416477015,353.61538461538464,14.357305416477015,0
per_huruf_hybrid_skeleton_forced_loop_no_sig,8,2034,0.8191703584373742,353.5384615384616,14.451979972690033,353.5384615384616,14.451979972690033,0
per_huruf_hybrid_skeleton_forced_loop_no_sig,8,2035,0.8195730970600081,353.46153846153845,14.548020027309969,353.46153846153845,14.548020027309969,0
per_huruf_hybrid_skeleton_forced_loop_no_sig,8,2036,0.819975835682642,353.3846153846154,14.642694583522987,353.3846153846154,14.642694583522987,0
per_huruf_hybrid_skeleton_forced_loop_no_sig,8,2037,0.8203785743052759,353.3076923076923,14.733272644515248,353.3076923076923,14.733272644515248,0
per_huruf_hybrid_skeleton_forced_loop_no_sig,8,2038,0.8207813129279098,353.23076923076917,14.817023213472917,353.23076923076917,14.817023213472917,0
per_huruf_hybrid_skeleton_forced_loop_no_sig,8,2039,0.8211840515505437,353.1538461538462,14.891215293582157,353.1538461538462,14.891215293582157,0
per_huruf_hybrid_skeleton_forced_loop_no_sig,8,2040,0.8215867901731776,353.07692307692304,14.95311788802913,353.07692307692304,14.95311788802913,0
per_huruf_hybrid_skeleton_forced_loop_no_sig,8,2041,0.8219895287958116,353.0,15.0,353.0,15.0,0
per_huruf_hybrid_skeleton_forced_loop_no_sig,8,2042,0.8223922674184455,352.92307692307696,15.030040964952208,352.92307692307696,15.030040964952208,0
per_huruf_hybrid_skeleton_forced_loop_no_sig,8,2043,0.8227950060410794,352.84615384615387,15.045061447428312,352.84615384615387,15.045061447428312,0
per_huruf_hybrid_skeleton_forced_loop_no_sig,8,2044,0.8231977446637133,352.7692307692307,15.047792444242145,352.7692307692307,15.047792444242145,0
per_huruf_hybrid_skeleton_forced_loop_no_sig,8,2045,0.8236004832863472,352.6923076923077,15.040964952207556,352.6923076923077,15.040964952207556,0
per_huruf_hybrid_skeleton_forced_loop_no_sig,8,2046,0.8240032219089811,352.61538461538464,15.027309968138372,352.61538461538464,15.027309968138372,0
per_huruf_hybrid_skeleton_forced_loop_no_sig,8,2047,0.824405960531615,352.53846153846155,15.00955848884843,352.53846153846155,15.00955848884843,0
per_huruf_hybrid_skeleton_forced_loop_no_sig,8,2048,0.8248086991542489,352.46153846153845,14.990441511151571,352.46153846153845,14.990441511151571,0
per_huruf_hybrid_skeleton_forced_loop_no_sig,8,2049,0.8252114377768829,352.38461538461536,14.97269003186163,352.38461538461536,14.97269003186163,0
per_huruf_hybrid_skeleton_forced_loop_no_sig,8,2050,0.8256141763995167,352.3076923076923,14.959035047792444,352.3076923076923,14.959035047792444,0
per_huruf_hybrid_skeleton_forced_loop_no_sig,8,2051,0.8260169150221507,352.23076923076917,14.95220755575785,352.23076923076917,14.95220755575785,0
per_huruf_hybrid_skeleton_forced_loop_no_sig,8,2052,0.8264196536447845,352.15384615384613,14.954938552571688,352.15384615384613,14.954938552571688,0
per_huruf_hybrid_skeleton_forced_loop_no_sig,8,2053,0.8268223922674185,352.07692307692304,14.969959035047792,352.07692307692304,14.969959035047792,0
per_huruf_hybrid_skeleton_forced_loop_no_sig,8,2054,0.8272251308900523,352.0,15.0,352.0,15.0,0
per_huruf_hybrid_skeleton_forced_loop_no_sig,8,2055,0.8276278695126863,351.9367319071461,15.035958124715524,351.9367319071461,15.035958124715524,0
per_huruf_hybrid_skeleton_forced_loop_no_sig,8,2056,0.8280306081353203,351.89622212107423,15.068730086481565,351.89622212107423,15.068730086481565,0
per_huruf_hybrid_skeleton_forced_loop_no_sig,8,2057,0.8284333467579541,351.8716431497497,15.101046882111968,351.8716431497497,15.101046882111968,0
per_huruf_hybrid_skeleton_forced_loop_no_sig,8,2058,0.8288360853805881,351.85616750113786,15.135639508420573,351.85616750113786,15.135639508420573,0
per_huruf_hybrid_skeleton_forced_loop_no_sig,8,2059,0.8292388240032219,351.8429676832044,15.175238962221213,351.8429676832044,15.175238962221213,0
per_huruf_hybrid_skeleton_forced_loop_no_sig,8,2060,0.8296415626258559,351.82521620391447,15.222576240327722,351.82521620391447,15.222576240327722,0
per_huruf_hybrid_skeleton_forced_loop_no_sig,8,2061,0.8300443012484897,351.7960855712335,15.280382339553936,351.7960855712335,15.280382339553936,0
per_huruf_hybrid_skeleton_forced_loop_no_sig,8,2062,0.8304470398711237,351.74874829312705,15.3513882567137,351.74874829312705,15.3513882567137,0
per_huruf_hybrid_skeleton_forced_loop_no_sig,8,2063,0.8308497784937576,351.6763768775603,15.438324988620845,351.6763768775603,15.438324988620845,0
per_huruf_hybrid_skeleton_forced_loop_no_sig,8,2064,0.8312525171163915,351.57214383249885,15.543923532089211,351.57214383249885,15.543923532089211,0
per_huruf_hybrid_skeleton_forced_loop_no_sig,8,2065,0.8316552557390254,351.4292216659081,15.670914883932635,351.4292216659081,15.670914883932635,0
per_huruf_hybrid_skeleton_forced_loop_no_sig,8,2066,0.8320579943616593,351.2407828857533,15.82203004096495,351.2407828857533,15.82203004096495,0
per_huruf_hybrid_skeleton_forced_loop_no_sig,8,2067,0.8324607329842932,351.0,16.0,351.0,16.0,0
per_huruf_hybrid_skeleton_forced_loop_no_sig,8,2068,0.8328634716069271,350.6886663632226,16.217569412835687,350.6886663632226,16.217569412835687,0
per_huruf_hybrid_skeleton_forced_loop_no_sig,8,2069,0.833266210229561,350.3022303140646,16.480200273099683,350.3022303140646,16.480200273099683,0
per_huruf_hybrid_skeleton_forced_loop_no_sig,8,2070,0.833668948852195,349.8543468365953,16.77969959035047,349.8543468365953,16.77969959035047,0
per_huruf_hybrid_skeleton_forced_loop_no_sig,8,2071,0.8340716874748288,349.35867091488393,17.10787437414656,349.35867091488393,17.10787437414656,0
per_huruf_hybrid_skeleton_forced_loop_no_sig,8,2072,0.8344744260974628,348.82885753299956,17.45653163404643,348.82885753299956,17.45653163404643,0
per_huruf_hybrid_skeleton_forced_loop_no_sig,8,2073,0.8348771647200967,348.2785616750114,17.81747837960856,348.2785616750114,17.81747837960856,0
per_huruf_hybrid_skeleton_forced_loop_no_sig,8,2074,0.8352799033427306,347.72143832498864,18.18252162039144,347.72143832498864,18.18252162039144,0
per_huruf_hybrid_skeleton_forced_loop_no_sig,8,2075,0.8356826419653645,347.1711424670005,18.543468365953576,347.1711424670005,18.543468365953576,0
per_huruf_hybrid_skeleton_forced_loop_no_sig,8,2076,0.8360853805879984,346.641329085116,18.89212562585344,346.641329085116,18.89212562585344,0
per_huruf_hybrid_skeleton_forced_loop_no_sig,8,2077,0.8364881192106324,346.14565316340463,19.22030040964952,346.14565316340463,19.22030040964952,0
per_huruf_hybrid_skeleton_forced_loop_no_sig,8,2078,0.8368908578332662,345.6977696859354,19.51979972690032,345.6977696859354,19.51979972690032,0
per_huruf_hybrid_skeleton_forced_loop_no_sig,8,2079,0.8372935964559002,345.3113336367774,19.782430587164313,345.3113336367774,19.782430587164313,0
per_huruf_hybrid_skeleton_forced_loop_no_sig,8,2080,0.837696335078534,345.0,20.0,345.0,20.0,0
per_huruf_hybrid_skeleton_forced_loop_no_sig,8,2081,0.838099073701168,344.7619481110605,20.175238962221215,344.7619481110605,20.175238962221215,0
per_huruf_hybrid_skeleton_forced_loop_no_sig,8,2082,0.8385018123238018,344.58079198907603,20.319071461083293,344.58079198907603,20.319071461083293,0
per_huruf_hybrid_skeleton_forced_loop_no_sig,8,2083,0.8389045509464358,344.44833864360487,20.435593991807007,344.44833864360487,20.435593991807007,0
per_huruf_hybrid_skeleton_forced_loop_no_sig,8,2084,0.8393072895690697,344.3563950842057,20.528903049613106,344.3563950842057,20.528903049613106,0
per_huruf_hybrid_skeleton_forced_loop_no_sig,8,2085,0.8397100281917036,344.29676832043697,20.60309512972235,344.29676832043697,20.60309512972235,0
per_huruf_hybrid_skeleton_forced_loop_no_sig,8,2086,0.8401127668143376,344.2612653618571,20.662266727355487,344.2612653618571,20.662266727355487,0
per_huruf_hybrid_skeleton_forced_loop_no_sig,8,2087,0.8405155054369714,344.2416932180246,20.710514337733272,344.2416932180246,20.710514337733272,0
per_huruf_hybrid_skeleton_forced_loop_no_sig,8,2088,0.8409182440596054,344.2298588984979,20.75193445607647,344.2298588984979,20.75193445607647,0
per_huruf_hybrid_skeleton_forced_loop_no_sig,8,2089,0.8413209826822393,344.2175694128357,20.790623577605828,344.2175694128357,20.790623577605828,0
per_huruf_hybrid_skeleton_forced_loop_no_sig,8,2090,0.8417237213048732,344.19663177059624,20.8306781975421,344.19663177059624,20.8306781975421,0
per_huruf_hybrid_skeleton_forced_loop_no_sig,8,2091,0.8421264599275071,344.1588529813382,20.876194811106053,344.1588529813382,20.876194811106053,0
per_huruf_hybrid_skeleton_forced_loop_no_sig,8,2092,0.842529198550141,344.0960400546199,20.931269913518435,344.0960400546199,20.931269913518435,0
per_huruf_hybrid_skeleton_forced_loop_no_sig,8,2093,0.8429319371727749,344.0,21.0,344.0,21.0,0
per_huruf_hybrid_skeleton_forced_loop_no_sig,8,2094,0.8433346757954088,343.87619481110613,21.076923076923077,343.87619481110613,21.076923076923077,0
per_huruf_hybrid_skeleton_forced_loop_no_sig,8,2095,0.8437374144180427,343.737369139736,21.15384615384615,343.737369139736,21.15384615384615,0
per_huruf_hybrid_skeleton_forced_loop_no_sig,8,2096,0.8441401530406767,343.5862539827036,21.230769230769226,343.5862539827036,21.230769230769226,0
per_huruf_hybrid_skeleton_forced_loop_no_sig,8,2097,0.8445428916633105,343.4255803368229,21.307692307692307,343.4255803368229,21.307692307692307,0
per_huruf_hybrid_skeleton_forced_loop_no_sig,8,2098,0.8449456302859445,343.25807919890764,21.384615384615383,343.25807919890764,21.384615384615383,0
per_huruf_hybrid_skeleton_forced_loop_no_sig,8,2099,0.8453483689085783,343.0864815657716,21.46153846153846,343.0864815657716,21.46153846153846,0
per_huruf_hybrid_skeleton_forced_loop_no_sig,8,2100,0.8457511075312123,342.9135184342285,21.538461538461537,342.9135184342285,21.538461538461537,0
per_huruf_hybrid_skeleton_forced_loop_no_sig,8,2101,0.8461538461538461,342.74192080109236,21.615384615384613,342.74192080109236,21.615384615384613,0
per_huruf_hybrid_skeleton_forced_loop_no_sig,8,2102,0.8465565847764801,342.574419663177,21.692307692307693,342.574419663177,21.692307692307693,0
per_huruf_hybrid_skeleton_forced_loop_no_sig,8,2103,0.8469593233991141,342.41374601729626,21.769230769230766,342.41374601729626,21.769230769230766,0
per_huruf_hybrid_skeleton_forced_loop_no_sig,8,2104,0.8473620620217479,342.26263086026404,21.846153846153847,342.26263086026404,21.846153846153847,0
per_huruf_hybrid_skeleton_forced_loop_no_sig,8,2105,0.8477648006443819,342.1238051888939,21.92307692307692,342.1238051888939,21.92307692307692,0
per_huruf_hybrid_skeleton_forced_loop_no_sig,8,2106,0.8481675392670157,342.0,22.0,342.0,22.0,0
per_huruf_hybrid_skeleton_forced_loop_no_sig,8,2107,0.8485702778896497,341.8903049613109,22.07692307692308,341.8903049613109,22.07692307692308,0
per_huruf_hybrid_skeleton_forced_loop_no_sig,8,2108,0.8489730165122835,341.79107874374154,22.153846153846153,341.79107874374154,22.153846153846153,0
per_huruf_hybrid_skeleton_forced_loop_no_sig,8,2109,0.8493757551349175,341.7009558488848,22.230769230769226,341.7009558488848,22.230769230769226,0
per_huruf_hybrid_skeleton_forced_loop_no_sig,8,2110,0.8497784937575514,341.61857077833406,22.307692307692307,341.61857077833406,22.307692307692307,0
per_huruf_hybrid_skeleton_forced_loop_no_sig,8,2111,0.8501812323801853,341.5425580336823,22.384615384615387,341.5425580336823,22.384615384615387,0
per_huruf_hybrid_skeleton_forced_loop_no_sig,8,2112,0.8505839710028192,341.47155211652256,22.46153846153846,341.47155211652256,22.46153846153846,0
per_huruf_hybrid_skeleton_forced_loop_no_sig,8,2113,0.8509867096254531,341.4041875284479,22.538461538461537,341.4041875284479,22.538461538461537,0
per_huruf_hybrid_skeleton_forced_loop_no_sig,8,2114,0.851389448248087,341.33909877105145,22.615384615384617,341.33909877105145,22.615384615384617,0
per_huruf_hybrid_skeleton_forced_loop_no_sig,8,2115,0.8517921868707209,341.2749203459262,22.692307692307693,341.2749203459262,22.692307692307693,0
per_huruf_hybrid_skeleton_forced_loop_no_sig,8,2116,0.8521949254933548,341.2102867546654,22.769230769230766,341.2102867546654,22.769230769230766,0
per_huruf_hybrid_skeleton_forced_loop_no_sig,8,2117,0.8525976641159888,341.1438324988621,22.846153846153847,341.1438324988621,22.846153846153847,0
per_huruf_hybrid_skeleton_forced_loop_no_sig,8,2118,0.8530004027386227,341.07419208010924,22.92307692307692,341.07419208010924,22.92307692307692,0
per_huruf_hybrid_skeleton_forced_loop_no_sig,8,2119,0.8534031413612566,341.0,23.0,341.0,23.0,0
per_huruf_hybrid_skeleton_forced_loop_no_sig,8,2120,0.8538058799838905,340.923076923077,23.07692307692308,340.923076923077,23.07692307692308,0
per_huruf_hybrid_skeleton_forced_loop_no_sig,8,2121,0.8542086186065244,340.8461538461539,23.153846153846153,340.8461538461539,23.153846153846153,0
per_huruf_hybrid_skeleton_forced_loop_no_sig,8,2122,0.8546113572291583,340.7692307692307,23.23076923076923,340.7692307692307,23.23076923076923,0
per_huruf_hybrid_skeleton_forced_loop_no_sig,8,2123,0.8550140958517922,340.69230769230774,23.307692307692307,340.69230769230774,23.307692307692307,0
per_huruf_hybrid_skeleton_forced_loop_no_sig,8,2124,0.8554168344744262,340.61538461538464,23.384615384615387,340.61538461538464,23.384615384615387,0
per_huruf_hybrid_skeleton_forced_loop_no_sig,8,2125,0.85581957309706,340.53846153846155,23.461538461538463,340.53846153846155,23.461538461538463,0
per_huruf_hybrid_skeleton_forced_loop_no_sig,8,2126,0.856222311719694,340.46153846153845,23.53846153846154,340.46153846153845,23.53846153846154,0
per_huruf_hybrid_skeleton_forced_loop_no_sig,8,2127,0.8566250503423278,340.38461538461536,23.615384615384617,340.38461538461536,23.615384615384617,0
per_huruf_hybrid_skeleton_forced_loop_no_sig,8,2128,0.8570277889649618,340.30769230769226,23.692307692307693,340.30769230769226,23.692307692307693,0
per_huruf_hybrid_skeleton_forced_loop_no_sig,8,2129,0.8574305275875956,340.23076923076917,23.769230769230766,340.23076923076917,23.769230769230766,0
per_huruf_hybrid_skeleton_forced_loop_no_sig,8,2130,0.8578332662102296,340.1538461538462,23.846153846153847,340.1538461538462,23.846153846153847,0
per_huruf_hybrid_skeleton_forced_loop_no_sig,8,2131,0.8582360048328636,340.0769230769231,23.92307692307692,340.0769230769231,23.92307692307692,0
per_huruf_hybrid_skeleton_forced_loop_no_sig,8,2132,0.8586387434554974,340.0,24.0,340.0,24.0,0
per_huruf_hybrid_skeleton_forced_loop_no_sig,8,2133,0.8590414820781314,339.923076923077,24.07692307692308,339.923076923077,24.07692307692308,0
per_huruf_hybrid_skeleton_forced_loop_no_sig,8,2134,0.8594442207007652,339.84615384615387,24.153846153846153,339.84615384615387,24.153846153846153,0
per_huruf_hybrid_skeleton_forced_loop_no_sig,8,2135,0.8598469593233992,339.7692307692307,24.230769230769226,339.7692307692307,24.230769230769226,0
per_huruf_hybrid_skeleton_forced_loop_no_sig,8,2136,0.860249697946033,339.6923076923077,24.307692307692303,339.6923076923077,24.307692307692303,0
per_huruf_hybrid_skeleton_forced_loop_no_sig,8,2137,0.860652436568667,339.61538461538464,24.384615384615387,339.61538461538464,24.384615384615387,0
per_huruf_hybrid_skeleton_forced_loop_no_sig,8,2138,0.8610551751913009,339.53846153846155,24.461538461538467,339.53846153846155,24.461538461538467,0
per_huruf_hybrid_skeleton_forced_loop_no_sig,8,2139,0.8614579138139348,339.4615384615385,24.53846153846154,339.4615384615385,24.53846153846154,0
per_huruf_hybrid_skeleton_forced_loop_no_sig,8,2140,0.8618606524365687,339.38461538461536,24.615384615384617,339.38461538461536,24.615384615384617,0
per_huruf_hybrid_skeleton_forced_loop_no_sig,8,2141,0.8622633910592026,339.30769230769226,24.692307692307693,339.30769230769226,24.692307692307693,0
per_huruf_hybrid_skeleton_forced_loop_no_sig,8,2142,0.8626661296818365,339.23076923076917,24.769230769230766,339.23076923076917,24.769230769230766,0
per_huruf_hybrid_skeleton_forced_loop_no_sig,8,2143,0.8630688683044704,339.1538461538462,24.846153846153847,339.1538461538462,24.846153846153847,0
per_huruf_hybrid_skeleton_forced_loop_no_sig,8,2144,0.8634716069271043,339.0769230769231,24.92307692307692,339.0769230769231,24.92307692307692,0
per_huruf_hybrid_skeleton_forced_loop_no_sig,8,2145,0.8638743455497383,339.0,25.0,339.0,25.0,0
per_huruf_hybrid_skeleton_forced_loop_no_sig,8,2146,0.8642770841723721,338.9230769230769,25.079654073736915,338.9230769230769,25.079654073736915,0
per_huruf_hybrid_skeleton_forced_loop_no_sig,8,2147,0.8646798227950061,338.8461538461538,25.163859808830228,338.8461538461538,25.163859808830228,0
per_huruf_hybrid_skeleton_forced_loop_no_sig,8,2148,0.86508256141764,338.7692307692307,25.251251706873006,338.7692307692307,25.251251706873006,0
per_huruf_hybrid_skeleton_forced_loop_no_sig,8,2149,0.8654853000402739,338.6923076923077,25.340464269458348,338.6923076923077,25.340464269458348,0
per_huruf_hybrid_skeleton_forced_loop_no_sig,8,2150,0.8658880386629078,338.61538461538464,25.430131998179338,338.61538461538464,25.430131998179338,0
per_huruf_hybrid_skeleton_forced_loop_no_sig,8,2151,0.8662907772855417,338.53846153846155,25.51888939462904,338.53846153846155,25.51888939462904,0
per_huruf_hybrid_skeleton_forced_loop_no_sig,8,2152,0.8666935159081757,338.4615384615384,25.605370960400545,338.4615384615384,25.605370960400545,0
per_huruf_hybrid_skeleton_forced_loop_no_sig,8,2153,0.8670962545308095,338.3846153846154,25.688211197086936,338.3846153846154,25.688211197086936,0
per_huruf_hybrid_skeleton_forced_loop_no_sig,8,2154,0.8674989931534435,338.30769230769226,25.76604460628129,338.30769230769226,25.76604460628129,0
per_huruf_hybrid_skeleton_forced_loop_no_sig,8,2155,0.8679017317760773,338.23076923076917,25.837505689576695,338.23076923076917,25.837505689576695,0
per_huruf_hybrid_skeleton_forced_loop_no_sig,8,2156,0.8683044703987113,338.1538461538462,25.901228948566228,338.1538461538462,25.901228948566228,0
per_huruf_hybrid_skeleton_forced_loop_no_sig,8,2157,0.8687072090213451,338.07692307692304,25.955848884842965,338.07692307692304,25.955848884842965,0
per_huruf_hybrid_skeleton_forced_loop_no_sig,8,2158,0.8691099476439791,338.0,26.0,338.0,26.0,0
per_huruf_hybrid_skeleton_forced_loop_no_sig,8,2159,0.869512686266613,337.92307692307696,26.03004096495221,337.92307692307696,26.03004096495221,0
per_huruf_hybrid_skeleton_forced_loop_no_sig,8,2160,0.8699154248892469,337.84615384615387,26.045061447428314,337.84615384615387,26.045061447428314,0
per_huruf_hybrid_skeleton_forced_loop_no_sig,8,2161,0.8703181635118808,337.7692307692308,26.04779244424214,337.7692307692308,26.04779244424214,0
per_huruf_hybrid_skeleton_forced_loop_no_sig,8,2162,0.8707209021345147,337.6923076923077,26.04096495220755,337.6923076923077,26.04096495220755,0
per_huruf_hybrid_skeleton_forced_loop_no_sig,8,2163,0.8711236407571487,337.61538461538464,26.027309968138372,337.61538461538464,26.027309968138372,0
per_huruf_hybrid_skeleton_forced_loop_no_sig,8,2164,0.8715263793797825,337.53846153846155,26.00955848884843,337.53846153846155,26.00955848884843,0
per_huruf_hybrid_skeleton_forced_loop_no_sig,8,2165,0.8719291180024165,337.46153846153845,25.990441511151573,337.46153846153845,25.990441511151573,0
per_huruf_hybrid_skeleton_forced_loop_no_sig,8,2166,0.8723318566250504,337.38461538461536,25.97269003186163,337.38461538461536,25.97269003186163,0
per_huruf_hybrid_skeleton_forced_loop_no_sig,8,2167,0.8727345952476843,337.3076923076923,25.95903504779244,337.3076923076923,25.95903504779244,0
per_huruf_hybrid_skeleton_forced_loop_no_sig,8,2168,0.8731373338703182,337.23076923076917,25.95220755575785,337.23076923076917,25.95220755575785,0
per_huruf_hybrid_skeleton_forced_loop_no_sig,8,2169,0.8735400724929521,337.1538461538462,25.95493855257169,337.1538461538462,25.95493855257169,0
per_huruf_hybrid_skeleton_forced_loop_no_sig,8,2170,0.873942811115586,337.07692307692304,25.96995903504779,337.07692307692304,25.96995903504779,0
per_huruf_hybrid_skeleton_forced_loop_no_sig,8,2171,0.87434554973822,337.0,26.0,337.0,26.0,0
per_huruf_hybrid_skeleton_forced_loop_no_sig,8,2172,0.8747482883608538,336.923076923077,26.044151115157035,336.923076923077,26.044151115157035,0
per_huruf_hybrid_skeleton_forced_loop_no_sig,8,2173,0.8751510269834878,336.8461538461538,26.098771051433776,336.8461538461538,26.098771051433776,0
per_huruf_hybrid_skeleton_forced_loop_no_sig,8,2174,0.8755537656061216,336.7692307692307,26.162494310423302,336.7692307692307,26.162494310423302,0
per_huruf_hybrid_skeleton_forced_loop_no_sig,8,2175,0.8759565042287556,336.6923076923076,26.233955393718702,336.6923076923076,26.233955393718702,0
per_huruf_hybrid_skeleton_forced_loop_no_sig,8,2176,0.8763592428513894,336.61538461538464,26.311788802913068,336.61538461538464,26.311788802913068,0
per_huruf_hybrid_skeleton_forced_loop_no_sig,8,2177,0.8767619814740234,336.5384615384616,26.394629039599455,336.5384615384616,26.394629039599455,0
per_huruf_hybrid_skeleton_forced_loop_no_sig,8,2178,0.8771647200966574,336.46153846153845,26.48111060537096,336.46153846153845,26.48111060537096,0
per_huruf_hybrid_skeleton_forced_loop_no_sig,8,2179,0.8775674587192912,336.38461538461536,26.569868001820666,336.38461538461536,26.569868001820666,0
per_huruf_hybrid_skeleton_forced_loop_no_sig,8,2180,0.8779701973419252,336.30769230769226,26.65953573054165,336.30769230769226,26.65953573054165,0
per_huruf_hybrid_skeleton_forced_loop_no_sig,8,2181,0.878372935964559,336.23076923076917,26.74874829312699,336.23076923076917,26.74874829312699,0
per_huruf_hybrid_skeleton_forced_loop_no_sig,8,2182,0.878775674587193,336.1538461538462,26.83614019116978,336.1538461538462,26.83614019116978,0
per_huruf_hybrid_skeleton_forced_loop_no_sig,8,2183,0.8791784132098268,336.07692307692304,26.920345926263085,336.07692307692304,26.920345926263085,0
per_huruf_hybrid_skeleton_forced_loop_no_sig,8,2184,0.8795811518324608,336.0,27.0,336.0,27.0,0
per_huruf_hybrid_skeleton_forced_loop_no_sig,8,2185,0.8799838904550947,335.92307692307696,27.079654073736915,335.92307692307696,27.079654073736915,0
per_huruf_hybrid_skeleton_forced_loop_no_sig,8,2186,0.8803866290777286,335.84615384615387,27.163859808830225,335.84615384615387,27.163859808830225,0
per_huruf_hybrid_skeleton_forced_loop_no_sig,8,2187,0.8807893677003625,335.76923076923066,27.251251706873003,335.76923076923066,27.251251706873003,0
per_huruf_hybrid_skeleton_forced_loop_no_sig,8,2188,0.8811921063229964,335.6923076923076,27.340464269458348,335.6923076923076,27.340464269458348,0
per_huruf_hybrid_skeleton_forced_loop_no_sig,8,2189,0.8815948449456303,335.61538461538464,27.430131998179338,335.61538461538464,27.430131998179338,0
per_huruf_hybrid_skeleton_forced_loop_no_sig,8,2190,0.8819975835682642,335.53846153846155,27.51888939462904,335.53846153846155,27.51888939462904,0
per_huruf_hybrid_skeleton_forced_loop_no_sig,8,2191,0.8824003221908981,335.46153846153845,27.605370960400542,335.46153846153845,27.605370960400542,0
per_huruf_hybrid_skeleton_forced_loop_no_sig,8,2192,0.8828030608135321,335.38461538461536,27.688211197086936,335.38461538461536,27.688211197086936,0
per_huruf_hybrid_skeleton_forced_loop_no_sig,8,2193,0.883205799436166,335.30769230769226,27.76604460628129,335.30769230769226,27.76604460628129,0
per_huruf_hybrid_skeleton_forced_loop_no_sig,8,2194,0.8836085380587999,335.23076923076917,27.837505689576695,335.23076923076917,27.837505689576695,0
per_huruf_hybrid_skeleton_forced_loop_no_sig,8,2195,0.8840112766814338,335.1538461538462,27.901228948566224,335.1538461538462,27.901228948566224,0
per_huruf_hybrid_skeleton_forced_loop_no_sig,8,2196,0.8844140153040677,335.07692307692304,27.955848884842965,335.07692307692304,27.955848884842965,0
per_huruf_hybrid_skeleton_forced_loop_no_sig,8,2197,0.8848167539267016,335.0,28.0,335.0,28.0,0
per_huruf_hybrid_skeleton_forced_loop_no_sig,8,2198,0.8852194925493355,334.9230769230769,28.03004096495221,334.9230769230769,28.03004096495221,0
per_huruf_hybrid_skeleton_forced_loop_no_sig,8,2199,0.8856222311719695,334.84615384615387,28.045061447428317,334.84615384615387,28.045061447428317,0
per_huruf_hybrid_skeleton_forced_loop_no_sig,8,2200,0.8860249697946033,334.7692307692308,28.047792444242145,334.7692307692308,28.047792444242145,0
per_huruf_hybrid_skeleton_forced_loop_no_sig,8,2201,0.8864277084172373,334.6923076923077,28.040964952207556,334.6923076923077,28.040964952207556,0
per_huruf_hybrid_skeleton_forced_loop_no_sig,8,2202,0.8868304470398711,334.61538461538464,28.027309968138372,334.61538461538464,28.027309968138372,0
per_huruf_hybrid_skeleton_forced_loop_no_sig,8,2203,0.8872331856625051,334.53846153846155,28.00955848884843,334.53846153846155,28.00955848884843,0
per_huruf_hybrid_skeleton_forced_loop_no_sig,8,2204,0.8876359242851389,334.46153846153845,27.99044151115157,334.46153846153845,27.99044151115157,0
per_huruf_hybrid_skeleton_forced_loop_no_sig,8,2205,0.8880386629077729,334.3846153846154,27.97269003186163,334.3846153846154,27.97269003186163,0
per_huruf_hybrid_skeleton_forced_loop_no_sig,8,2206,0.8884414015304068,334.30769230769226,27.95903504779244,334.30769230769226,27.95903504779244,0
per_huruf_hybrid_skeleton_forced_loop_no_sig,8,2207,0.8888441401530407,334.23076923076917,27.952207555757848,334.23076923076917,27.952207555757848,0
per_huruf_hybrid_skeleton_forced_loop_no_sig,8,2208,0.8892468787756747,334.1538461538462,27.954938552571686,334.1538461538462,27.954938552571686,0
per_huruf_hybrid_skeleton_forced_loop_no_sig,8,2209,0.8896496173983085,334.0769230769231,27.969959035047793,334.0769230769231,27.969959035047793,0
per_huruf_hybrid_skeleton_forced_loop_no_sig,8,2210,0.8900523560209425,334.0,28.0,334.0,28.0,0
per_huruf_hybrid_skeleton_forced_loop_no_sig,8,2211,0.8904550946435763,333.92307692307696,28.044151115157035,333.92307692307696,28.044151115157035,0
per_huruf_hybrid_skeleton_forced_loop_no_sig,8,2212,0.8908578332662103,333.84615384615387,28.09877105143378,333.84615384615387,28.09877105143378,0
per_huruf_hybrid_skeleton_forced_loop_no_sig,8,2213,0.8912605718888442,333.7692307692307,28.162494310423302,333.7692307692307,28.162494310423302,0
per_huruf_hybrid_skeleton_forced_loop_no_sig,8,2214,0.8916633105114781,333.6923076923076,28.233955393718706,333.6923076923076,28.233955393718706,0
per_huruf_hybrid_skeleton_forced_loop_no_sig,8,2215,0.892066049134112,333.61538461538464,28.311788802913064,333.61538461538464,28.311788802913064,0
per_huruf_hybrid_skeleton_forced_loop_no_sig,8,2216,0.8924687877567459,333.53846153846155,28.394629039599458,333.53846153846155,28.394629039599458,0
per_huruf_hybrid_skeleton_forced_loop_no_sig,8,2217,0.8928715263793798,333.46153846153845,28.481110605370965,333.46153846153845,28.481110605370965,0
per_huruf_hybrid_skeleton_forced_loop_no_sig,8,2218,0.8932742650020137,333.38461538461536,28.569868001820666,333.38461538461536,28.569868001820666,0
per_huruf_hybrid_skeleton_forced_loop_no_sig,8,2219,0.8936770036246476,333.30769230769226,28.65953573054165,333.30769230769226,28.65953573054165,0
per_huruf_hybrid_skeleton_forced_loop_no_sig,8,2220,0.8940797422472816,333.23076923076917,28.748748293126987,333.23076923076917,28.748748293126987,0
per_huruf_hybrid_skeleton_forced_loop_no_sig,8,2221,0.8944824808699154,333.1538461538462,28.836140191169775,333.1538461538462,28.836140191169775,0
per_huruf_hybrid_skeleton_forced_loop_no_sig,8,2222,0.8948852194925494,333.0769230769231,28.920345926263085,333.0769230769231,28.920345926263085,0
per_huruf_hybrid_skeleton_forced_loop_no_sig,8,2223,0.8952879581151832,333.0,29.0,333.0,29.0,0
per_huruf_hybrid_skeleton_forced_loop_no_sig,8,2224,0.8956906967378172,332.9476558944016,29.05780609922622,332.9476558944016,29.05780609922622,0
per_huruf_hybrid_skeleton_forced_loop_no_sig,8,2225,0.896093435360451,332.93627674101043,29.083750568957672,332.93627674101043,29.083750568957672,0
per_huruf_hybrid_skeleton_forced_loop_no_sig,8,2226,0.896496173983085,332.95357305416474,29.087391898042778,332.95357305416474,29.087391898042778,0
per_huruf_hybrid_skeleton_forced_loop_no_sig,8,2227,0.896898912605719,332.9872553482021,29.078288575329992,332.9872553482021,29.078288575329992,0
per_huruf_hybrid_skeleton_forced_loop_no_sig,8,2228,0.8973016512283528,333.02503413746024,29.06599908966773,333.02503413746024,29.06599908966773,0
per_huruf_hybrid_skeleton_forced_loop_no_sig,8,2229,0.8977043898509868,333.05461993627677,29.060081929904417,333.05461993627677,29.060081929904417,0
per_huruf_hybrid_skeleton_forced_loop_no_sig,8,2230,0.8981071284736206,333.0637232589895,29.070095584888485,333.0637232589895,29.070095584888485,0
per_huruf_hybrid_skeleton_forced_loop_no_sig,8,2231,0.8985098670962546,333.04005461993626,29.105598543468368,333.04005461993626,29.105598543468368,0
per_huruf_hybrid_skeleton_forced_loop_no_sig,8,2232,0.8989126057188884,332.9713245334547,29.17614929449249,332.9713245334547,29.17614929449249,0
per_huruf_hybrid_skeleton_forced_loop_no_sig,8,2233,0.8993153443415224,332.8452435138825,29.291306326809284,332.8452435138825,29.291306326809284,0
per_huruf_hybrid_skeleton_forced_loop_no_sig,8,2234,0.8997180829641563,332.64952207555757,29.460628129267185,332.64952207555757,29.460628129267185,0
per_huruf_hybrid_skeleton_forced_loop_no_sig,8,2235,0.9001208215867902,332.37187073281746,29.69367319071461,332.37187073281746,29.69367319071461,0
per_huruf_hybrid_skeleton_forced_loop_no_sig,8,2236,0.9005235602094241,332.0,30.0,332.0,30.0,0
per_huruf_hybrid_skeleton_forced_loop_no_sig,8,2237,0.900926298832058,331.5011379153392,30.405097860719163,331.5011379153392,30.405097860719163,0
per_huruf_hybrid_skeleton_forced_loop_no_sig,8,2238,0.901329037454692,330.86709148839327,30.91533909877105,330.86709148839327,30.91533909877105,0
per_huruf_hybrid_skeleton_forced_loop_no_sig,8,2239,0.9017317760773258,330.122439690487,31.511606736458805,330.122439690487,31.511606736458805,0
per_huruf_hybrid_skeleton_forced_loop_no_sig,8,2240,0.9021345146999598,329.29176149294494,32.17478379608557,329.29176149294494,32.17478379608557,0
per_huruf_hybrid_skeleton_forced_loop_no_sig,8,2241,0.9025372533225937,328.39963586709155,32.88575329995449,328.39963586709155,32.88575329995449,0
per_huruf_hybrid_skeleton_forced_loop_no_sig,8,2242,0.9029399919452276,327.47064178425126,33.625398270368684,327.47064178425126,33.625398270368684,0
per_huruf_hybrid_skeleton_forced_loop_no_sig,8,2243,0.9033427305678615,326.52935821574874,34.374601729631316,326.52935821574874,34.374601729631316,0
per_huruf_hybrid_skeleton_forced_loop_no_sig,8,2244,0.9037454691904954,325.6003641329085,35.11424670004551,325.6003641329085,35.11424670004551,0
per_huruf_hybrid_skeleton_forced_loop_no_sig,8,2245,0.9041482078131293,324.70823850705506,35.82521620391443,324.70823850705506,35.82521620391443,0
per_huruf_hybrid_skeleton_forced_loop_no_sig,8,2246,0.9045509464357633,323.87756030951294,36.48839326354119,323.87756030951294,36.48839326354119,0
per_huruf_hybrid_skeleton_forced_loop_no_sig,8,2247,0.9049536850583971,323.13290851160673,37.08466090122895,323.13290851160673,37.08466090122895,0
per_huruf_hybrid_skeleton_forced_loop_no_sig,8,2248,0.9053564236810311,322.4988620846609,37.59490213928083,322.4988620846609,37.59490213928083,0
per_huruf_hybrid_skeleton_forced_loop_no_sig,8,2249,0.9057591623036649,322.0,38.0,322.0,38.0,0
per_huruf_hybrid_skeleton_forced_loop_no_sig,8,2250,0.9061619009262989,321.62812926718254,38.3063268092854,321.62812926718254,38.3063268092854,0
per_huruf_hybrid_skeleton_forced_loop_no_sig,8,2251,0.9065646395489327,321.35047792444243,38.53937187073282,321.35047792444243,38.53937187073282,0
per_huruf_hybrid_skeleton_forced_loop_no_sig,8,2252,0.9069673781715667,321.1547564861174,38.70869367319071,321.1547564861174,38.70869367319071,0
per_huruf_hybrid_skeleton_forced_loop_no_sig,8,2253,0.9073701167942007,321.0286754665453,38.8238507055075,321.0286754665453,38.8238507055075,0
per_huruf_hybrid_skeleton_forced_loop_no_sig,8,2254,0.9077728554168345,320.9599453800638,38.89440145653164,320.9599453800638,38.89440145653164,0
per_huruf_hybrid_skeleton_forced_loop_no_sig,8,2255,0.9081755940394685,320.9362767410105,38.929904415111515,320.9362767410105,38.929904415111515,0
per_huruf_hybrid_skeleton_forced_loop_no_sig,8,2256,0.9085783326621023,320.94538006372323,38.93991807009559,320.94538006372323,38.93991807009559,0
per_huruf_hybrid_skeleton_forced_loop_no_sig,8,2257,0.9089810712847363,320.9749658625398,38.93400091033227,320.9749658625398,38.93400091033227,0
per_huruf_hybrid_skeleton_forced_loop_no_sig,8,2258,0.9093838099073701,321.0127446517979,38.92171142467,321.0127446517979,38.92171142467,0
per_huruf_hybrid_skeleton_forced_loop_no_sig,8,2259,0.9097865485300041,321.04642694583515,38.91260810195721,321.04642694583515,38.91260810195721,0
per_huruf_hybrid_skeleton_forced_loop_no_sig,8,2260,0.910189287152638,321.0637232589895,38.91624943104233,321.0637232589895,38.91624943104233,0
per_huruf_hybrid_skeleton_forced_loop_no_sig,8,2261,0.9105920257752719,321.05234410559854,38.94219390077378,321.05234410559854,38.94219390077378,0
per_huruf_hybrid_skeleton_forced_loop_no_sig,8,2262,0.9109947643979058,321.0,39.0,321.0,39.0,0
per_huruf_hybrid_skeleton_forced_loop_no_sig,8,2263,0.9113975030205397,320.92307692307696,39.07965407373692,320.92307692307696,39.07965407373692,0
per_huruf_hybrid_skeleton_forced_loop_no_sig,8,2264,0.9118002416431736,320.84615384615387,39.16385980883023,320.84615384615387,39.16385980883023,0
per_huruf_hybrid_skeleton_forced_loop_no_sig,8,2265,0.9122029802658075,320.7692307692308,39.251251706873,320.7692307692308,39.251251706873,0
per_huruf_hybrid_skeleton_forced_loop_no_sig,8,2266,0.9126057188884414,320.6923076923077,39.34046426945835,320.6923076923077,39.34046426945835,0
per_huruf_hybrid_skeleton_forced_loop_no_sig,8,2267,0.9130084575110754,320.61538461538464,39.43013199817934,320.61538461538464,39.43013199817934,0
per_huruf_hybrid_skeleton_forced_loop_no_sig,8,2268,0.9134111961337092,320.53846153846155,39.51888939462904,320.53846153846155,39.51888939462904,0
per_huruf_hybrid_skeleton_forced_loop_no_sig,8,2269,0.9138139347563432,320.46153846153845,39.60537096040055,320.46153846153845,39.60537096040055,0
per_huruf_hybrid_skeleton_forced_loop_no_sig,8,2270,0.914216673378977,320.3846153846154,39.68821119708694,320.3846153846154,39.68821119708694,0
per_huruf_hybrid_skeleton_forced_loop_no_sig,8,2271,0.914619412001611,320.30769230769226,39.76604460628129,320.30769230769226,39.76604460628129,0
per_huruf_hybrid_skeleton_forced_loop_no_sig,8,2272,0.9150221506242449,320.2307692307692,39.837505689576695,320.2307692307692,39.837505689576695,0
per_huruf_hybrid_skeleton_forced_loop_no_sig,8,2273,0.9154248892468788,320.1538461538462,39.90122894856623,320.1538461538462,39.90122894856623,0
per_huruf_hybrid_skeleton_forced_loop_no_sig,8,2274,0.9158276278695128,320.0769230769231,39.955848884842965,320.0769230769231,39.955848884842965,0
per_huruf_hybrid_skeleton_forced_loop_no_sig,8,2275,0.9162303664921466,320.0,40.0,320.0,40.0,0
per_huruf_hybrid_skeleton_forced_loop_no_sig,8,2276,0.9166331051147806,319.92307692307696,40.03004096495221,319.92307692307696,40.03004096495221,0
per_huruf_hybrid_skeleton_forced_loop_no_sig,8,2277,0.9170358437374144,319.84615384615387,40.04506144742832,319.84615384615387,40.04506144742832,0
per_huruf_hybrid_skeleton_forced_loop_no_sig,8,2278,0.9174385823600484,319.7692307692308,40.04779244424214,319.7692307692308,40.04779244424214,0
per_huruf_hybrid_skeleton_forced_loop_no_sig,8,2279,0.9178413209826822,319.6923076923077,40.04096495220755,319.6923076923077,40.04096495220755,0
per_huruf_hybrid_skeleton_forced_loop_no_sig,8,2280,0.9182440596053162,319.61538461538464,40.027309968138375,319.61538461538464,40.027309968138375,0
per_huruf_hybrid_skeleton_forced_loop_no_sig,8,2281,0.9186467982279501,319.5384615384616,40.009558488848434,319.5384615384616,40.009558488848434,0
per_huruf_hybrid_skeleton_forced_loop_no_sig,8,2282,0.919049536850584,319.4615384615385,39.99044151115157,319.4615384615385,39.99044151115157,0
per_huruf_hybrid_skeleton_forced_loop_no_sig,8,2283,0.919452275473218,319.38461538461536,39.97269003186163,319.38461538461536,39.97269003186163,0
per_huruf_hybrid_skeleton_forced_loop_no_sig,8,2284,0.9198550140958518,319.30769230769226,39.95903504779244,319.30769230769226,39.95903504779244,0
per_huruf_hybrid_skeleton_forced_loop_no_sig,8,2285,0.9202577527184858,319.23076923076917,39.95220755575785,319.23076923076917,39.95220755575785,0
per_huruf_hybrid_skeleton_forced_loop_no_sig,8,2286,0.9206604913411196,319.1538461538462,39.95493855257169,319.1538461538462,39.95493855257169,0
per_huruf_hybrid_skeleton_forced_loop_no_sig,8,2287,0.9210632299637536,319.0769230769231,39.96995903504779,319.0769230769231,39.96995903504779,0
per_huruf_hybrid_skeleton_forced_loop_no_sig,8,2288,0.9214659685863875,319.0,40.0,319.0,40.0,0
per_huruf_hybrid_skeleton_forced_loop_no_sig,8,2289,0.9218687072090214,318.923076923077,40.044151115157035,318.923076923077,40.044151115157035,0
per_huruf_hybrid_skeleton_forced_loop_no_sig,8,2290,0.9222714458316553,318.8461538461539,40.09877105143377,318.8461538461539,40.09877105143377,0
per_huruf_hybrid_skeleton_forced_loop_no_sig,8,2291,0.9226741844542892,318.7692307692307,40.1624943104233,318.7692307692307,40.1624943104233,0
per_huruf_hybrid_skeleton_forced_loop_no_sig,8,2292,0.9230769230769231,318.6923076923077,40.2339553937187,318.6923076923077,40.2339553937187,0
per_huruf_hybrid_skeleton_forced_loop_no_sig,8,2293,0.923479661699557,318.61538461538464,40.311788802913064,318.61538461538464,40.311788802913064,0
per_huruf_hybrid_skeleton_forced_loop_no_sig,8,2294,0.9238824003221909,318.53846153846155,40.39462903959946,318.53846153846155,40.39462903959946,0
per_huruf_hybrid_skeleton_forced_loop_no_sig,8,2295,0.9242851389448249,318.46153846153845,40.48111060537095,318.46153846153845,40.48111060537095,0
per_huruf_hybrid_skeleton_forced_loop_no_sig,8,2296,0.9246878775674587,318.3846153846154,40.569868001820666,318.3846153846154,40.569868001820666,0
per_huruf_hybrid_skeleton_forced_loop_no_sig,8,2297,0.9250906161900927,318.30769230769226,40.65953573054165,318.30769230769226,40.65953573054165,0
per_huruf_hybrid_skeleton_forced_loop_no_sig,8,2298,0.9254933548127265,318.23076923076917,40.74874829312698,318.23076923076917,40.74874829312698,0
per_huruf_hybrid_skeleton_forced_loop_no_sig,8,2299,0.9258960934353605,318.15384615384613,40.836140191169775,318.15384615384613,40.836140191169775,0
per_huruf_hybrid_skeleton_forced_loop_no_sig,8,2300,0.9262988320579943,318.07692307692304,40.92034592626308,318.07692307692304,40.92034592626308,0
per_huruf_hybrid_skeleton_forced_loop_no_sig,8,2301,0.9267015706806283,318.0,41.0,318.0,41.0,0
per_huruf_hybrid_skeleton_forced_loop_no_sig,8,2302,0.9271043093032623,317.9230769230769,41.07692307692308,317.9230769230769,41.07692307692308,0
per_huruf_hybrid_skeleton_forced_loop_no_sig,8,2303,0.9275070479258961,317.8461538461539,41.15384615384615,317.8461538461539,41.15384615384615,0
per_huruf_hybrid_skeleton_forced_loop_no_sig,8,2304,0.9279097865485301,317.7692307692307,41.23076923076923,317.7692307692307,41.23076923076923,0
per_huruf_hybrid_skeleton_forced_loop_no_sig,8,2305,0.9283125251711639,317.6923076923077,41.30769230769231,317.6923076923077,41.30769230769231,0
per_huruf_hybrid_skeleton_forced_loop_no_sig,8,2306,0.9287152637937979,317.61538461538464,41.38461538461539,317.61538461538464,41.38461538461539,0
per_huruf_hybrid_skeleton_forced_loop_no_sig,8,2307,0.9291180024164317,317.53846153846155,41.46153846153847,317.53846153846155,41.46153846153847,0
per_huruf_hybrid_skeleton_forced_loop_no_sig,8,2308,0.9295207410390657,317.46153846153845,41.53846153846154,317.46153846153845,41.53846153846154,0
per_huruf_hybrid_skeleton_forced_loop_no_sig,8,2309,0.9299234796616996,317.3846153846154,41.61538461538461,317.3846153846154,41.61538461538461,0
per_huruf_hybrid_skeleton_forced_loop_no_sig,8,2310,0.9303262182843335,317.30769230769226,41.69230769230769,317.30769230769226,41.69230769230769,0
per_huruf_hybrid_skeleton_forced_loop_no_sig,8,2311,0.9307289569069674,317.23076923076917,41.76923076923076,317.23076923076917,41.76923076923076,0
per_huruf_hybrid_skeleton_forced_loop_no_sig,8,2312,0.9311316955296013,317.1538461538462,41.84615384615385,317.1538461538462,41.84615384615385,0
per_huruf_hybrid_skeleton_forced_loop_no_sig,8,2313,0.9315344341522352,317.0769230769231,41.92307692307692,317.0769230769231,41.92307692307692,0
per_huruf_hybrid_skeleton_forced_loop_no_sig,8,2314,0.9319371727748691,317.0,42.0,317.0,42.0,0
per_huruf_hybrid_skeleton_forced_loop_no_sig,8,2315,0.932339911397503,316.9421939007738,42.06599908966773,316.9421939007738,42.06599908966773,0
per_huruf_hybrid_skeleton_forced_loop_no_sig,8,2316,0.932742650020137,316.91624943104233,42.11379153390988,316.91624943104233,42.11379153390988,0
per_huruf_hybrid_skeleton_forced_loop_no_sig,8,2317,0.9331453886427709,316.9126081019572,42.14883932635411,316.9126081019572,42.14883932635411,0
per_huruf_hybrid_skeleton_forced_loop_no_sig,8,2318,0.9335481272654048,316.92171142467,42.17660446062813,316.92171142467,42.17660446062813,0
per_huruf_hybrid_skeleton_forced_loop_no_sig,8,2319,0.9339508658880387,316.9340009103323,42.20254893035958,316.9340009103323,42.20254893035958,0
per_huruf_hybrid_skeleton_forced_loop_no_sig,8,2320,0.9343536045106726,316.9399180700956,42.23213472917615,316.9399180700956,42.23213472917615,0
per_huruf_hybrid_skeleton_forced_loop_no_sig,8,2321,0.9347563431333065,316.9299044151115,42.27082385070551,316.9299044151115,42.27082385070551,0
per_huruf_hybrid_skeleton_forced_loop_no_sig,8,2322,0.9351590817559404,316.8944014565317,42.32407828857533,316.8944014565317,42.32407828857533,0
per_huruf_hybrid_skeleton_forced_loop_no_sig,8,2323,0.9355618203785744,316.8238507055075,42.39736003641329,316.8238507055075,42.39736003641329,0
per_huruf_hybrid_skeleton_forced_loop_no_sig,8,2324,0.9359645590012082,316.70869367319074,42.49613108784706,316.70869367319074,42.49613108784706,0
per_huruf_hybrid_skeleton_forced_loop_no_sig,8,2325,0.9363672976238422,316.5393718707328,42.62585343650433,316.5393718707328,42.62585343650433,0
per_huruf_hybrid_skeleton_forced_loop_no_sig,8,2326,0.936770036246476,316.3063268092854,42.79198907601274,316.3063268092854,42.79198907601274,0
per_huruf_hybrid_skeleton_forced_loop_no_sig,8,2327,0.93717277486911,316.0,43.0,316.0,43.0,0
per_huruf_hybrid_skeleton_forced_loop_no_sig,8,2328,0.937575513491744,315.59490213928086,43.26445152480656,315.59490213928086,43.26445152480656,0
per_huruf_hybrid_skeleton_forced_loop_no_sig,8,2329,0.9379782521143778,315.084660901229,43.58898497951753,315.084660901229,43.58898497951753,0
per_huruf_hybrid_skeleton_forced_loop_no_sig,8,2330,0.9383809907370118,314.4883932635412,43.96267637687755,314.4883932635412,43.96267637687755,0
per_huruf_hybrid_skeleton_forced_loop_no_sig,8,2331,0.9387837293596456,313.8252162039144,44.374601729631316,313.8252162039144,44.374601729631316,0
per_huruf_hybrid_skeleton_forced_loop_no_sig,8,2332,0.9391864679822796,313.11424670004556,44.813837050523446,313.11424670004556,44.813837050523446,0
per_huruf_hybrid_skeleton_forced_loop_no_sig,8,2333,0.9395892066049134,312.3746017296313,45.2694583522986,312.3746017296313,45.2694583522986,0
per_huruf_hybrid_skeleton_forced_loop_no_sig,8,2334,0.9399919452275474,311.6253982703687,45.730541647701415,311.6253982703687,45.730541647701415,0
per_huruf_hybrid_skeleton_forced_loop_no_sig,8,2335,0.9403946838501813,310.8857532999545,46.18616294947656,310.8857532999545,46.18616294947656,0
per_huruf_hybrid_skeleton_forced_loop_no_sig,8,2336,0.9407974224728152,310.17478379608553,46.625398270368684,310.17478379608553,46.625398270368684,0
per_huruf_hybrid_skeleton_forced_loop_no_sig,8,2337,0.9412001610954491,309.5116067364588,47.03732362312243,309.5116067364588,47.03732362312243,0
per_huruf_hybrid_skeleton_forced_loop_no_sig,8,2338,0.941602899718083,308.915339098771,47.41101502048248,308.915339098771,47.41101502048248,0
per_huruf_hybrid_skeleton_forced_loop_no_sig,8,2339,0.9420056383407169,308.40509786071914,47.73554847519344,308.40509786071914,47.73554847519344,0
per_huruf_hybrid_skeleton_forced_loop_no_sig,8,2340,0.9424083769633508,308.0,48.0,308.0,48.0,0
per_huruf_hybrid_skeleton_forced_loop_no_sig,8,2341,0.9428111155859847,307.69367319071466,48.20801092398726,307.69367319071466,48.20801092398726,0
per_huruf_hybrid_skeleton_forced_loop_no_sig,8,2342,0.9432138542086187,307.4606281292672,48.37414656349568,307.4606281292672,48.37414656349568,0
per_huruf_hybrid_skeleton_forced_loop_no_sig,8,2343,0.9436165928312525,307.2913063268092,48.503868912152925,307.2913063268092,48.503868912152925,0
per_huruf_hybrid_skeleton_forced_loop_no_sig,8,2344,0.9440193314538865,307.17614929449246,48.60263996358671,307.17614929449246,48.60263996358671,0
per_huruf_hybrid_skeleton_forced_loop_no_sig,8,2345,0.9444220700765203,307.10559854346843,48.67592171142467,307.10559854346843,48.67592171142467,0
per_huruf_hybrid_skeleton_forced_loop_no_sig,8,2346,0.9448248086991543,307.0700955848885,48.7291761492945,307.0700955848885,48.7291761492945,0
per_huruf_hybrid_skeleton_forced_loop_no_sig,8,2347,0.9452275473217882,307.0600819299044,48.76786527082385,307.0600819299044,48.76786527082385,0
per_huruf_hybrid_skeleton_forced_loop_no_sig,8,2348,0.9456302859444221,307.06599908966774,48.797451069640424,307.06599908966774,48.797451069640424,0
per_huruf_hybrid_skeleton_forced_loop_no_sig,8,2349,0.9460330245670561,307.07828857532996,48.82339553937187,307.07828857532996,48.82339553937187,0
per_huruf_hybrid_skeleton_forced_loop_no_sig,8,2350,0.9464357631896899,307.0873918980427,48.85116067364588,307.0873918980427,48.85116067364588,0
per_huruf_hybrid_skeleton_forced_loop_no_sig,8,2351,0.9468385018123239,307.08375056895767,48.886208466090125,307.08375056895767,48.886208466090125,0
per_huruf_hybrid_skeleton_forced_loop_no_sig,8,2352,0.9472412404349577,307.0578060992262,48.934000910332266,307.0578060992262,48.934000910332266,0
per_huruf_hybrid_skeleton_forced_loop_no_sig,8,2353,0.9476439790575917,307.0,49.0,307.0,49.0,0
per_huruf_hybrid_skeleton_forced_loop_no_sig,8,2354,0.9480467176802255,306.92307692307696,49.07692307692308,306.92307692307696,49.07692307692308,0
per_huruf_hybrid_skeleton_forced_loop_no_sig,8,2355,0.9484494563028595,306.8461538461538,49.15384615384615,306.8461538461538,49.15384615384615,0
per_huruf_hybrid_skeleton_forced_loop_no_sig,8,2356,0.9488521949254934,306.7692307692307,49.230769230769226,306.7692307692307,49.230769230769226,0
per_huruf_hybrid_skeleton_forced_loop_no_sig,8,2357,0.9492549335481273,306.6923076923077,49.3076923076923,306.6923076923077,49.3076923076923,0
per_huruf_hybrid_skeleton_forced_loop_no_sig,8,2358,0.9496576721707612,306.6153846153847,49.38461538461539,306.6153846153847,49.38461538461539,0
per_huruf_hybrid_skeleton_forced_loop_no_sig,8,2359,0.9500604107933951,306.53846153846155,49.46153846153847,306.53846153846155,49.46153846153847,0
per_huruf_hybrid_skeleton_forced_loop_no_sig,8,2360,0.950463149416029,306.46153846153845,49.53846153846154,306.46153846153845,49.53846153846154,0
per_huruf_hybrid_skeleton_forced_loop_no_sig,8,2361,0.9508658880386629,306.38461538461536,49.61538461538462,306.38461538461536,49.61538461538462,0
per_huruf_hybrid_skeleton_forced_loop_no_sig,8,2362,0.9512686266612969,306.30769230769226,49.69230769230769,306.30769230769226,49.69230769230769,0
per_huruf_hybrid_skeleton_forced_loop_no_sig,8,2363,0.9516713652839308,306.23076923076917,49.76923076923076,306.23076923076917,49.76923076923076,0
per_huruf_hybrid_skeleton_forced_loop_no_sig,8,2364,0.9520741039065647,306.15384615384613,49.84615384615385,306.15384615384613,49.84615384615385,0
per_huruf_hybrid_skeleton_forced_loop_no_sig,8,2365,0.9524768425291986,306.07692307692304,49.92307692307692,306.07692307692304,49.92307692307692,0
per_huruf_hybrid_skeleton_forced_loop_no_sig,8,2366,0.9528795811518325,306.0,50.0,306.0,50.0,0
per_huruf_hybrid_skeleton_forced_loop_no_sig,8,2367,0.9532823197744664,305.96131087847067,50.05780609922622,305.96131087847067,50.05780609922622,0
per_huruf_hybrid_skeleton_forced_loop_no_sig,8,2368,0.9536850583971003,305.98634501593085,50.083750568957676,305.98634501593085,50.083750568957676,0
per_huruf_hybrid_skeleton_forced_loop_no_sig,8,2369,0.9540877970197342,306.05598543468363,50.08739189804278,306.05598543468363,50.08739189804278,0
per_huruf_hybrid_skeleton_forced_loop_no_sig,8,2370,0.9544905356423682,306.1511151570323,50.078288575329985,306.1511151570323,50.078288575329985,0
per_huruf_hybrid_skeleton_forced_loop_no_sig,8,2371,0.954893274265002,306.25261720528,50.065999089667734,306.25261720528,50.065999089667734,0
per_huruf_hybrid_skeleton_forced_loop_no_sig,8,2372,0.955296012887636,306.3413746017296,50.06008192990443,306.3413746017296,50.06008192990443,0
per_huruf_hybrid_skeleton_forced_loop_no_sig,8,2373,0.9556987515102698,306.39827036868456,50.070095584888485,306.39827036868456,50.070095584888485,0
per_huruf_hybrid_skeleton_forced_loop_no_sig,8,2374,0.9561014901329038,306.4041875284479,50.10559854346837,306.4041875284479,50.10559854346837,0
per_huruf_hybrid_skeleton_forced_loop_no_sig,8,2375,0.9565042287555376,306.3400091033227,50.17614929449249,306.3400091033227,50.17614929449249,0
per_huruf_hybrid_skeleton_forced_loop_no_sig,8,2376,0.9569069673781716,306.1866181156122,50.29130632680928,306.1866181156122,50.29130632680928,0
per_huruf_hybrid_skeleton_forced_loop_no_sig,8,2377,0.9573097060008056,305.9248975876195,50.460628129267185,305.9248975876195,50.460628129267185,0
per_huruf_hybrid_skeleton_forced_loop_no_sig,8,2378,0.9577124446234394,305.5357305416477,50.693673190714605,305.5357305416477,50.693673190714605,0
per_huruf_hybrid_skeleton_forced_loop_no_sig,8,2379,0.9581151832460734,305.0,51.0,305.0,51.0,0
per_huruf_hybrid_skeleton_forced_loop_no_sig,8,2380,0.9585179218687072,304.2667273554848,51.40509786071917,304.2667273554848,51.40509786071917,0
per_huruf_hybrid_skeleton_forced_loop_no_sig,8,2381,0.9589206604913412,303.3231679563041,51.91533909877106,303.3231679563041,51.91533909877106,0
per_huruf_hybrid_skeleton_forced_loop_no_sig,8,2382,0.959323399113975,302.20755575785154,52.5116067364588,302.20755575785154,52.5116067364588,0
per_huruf_hybrid_skeleton_forced_loop_no_sig,8,2383,0.959726137736609,300.9581247155212,53.17478379608557,300.9581247155212,53.17478379608557,0
per_huruf_hybrid_skeleton_forced_loop_no_sig,8,2384,0.9601288763592429,299.6131087847064,53.88575329995448,299.6131087847064,53.88575329995448,0
per_huruf_hybrid_skeleton_forced_loop_no_sig,8,2385,0.9605316149818768,298.2107419208011,54.62539827036869,298.2107419208011,54.62539827036869,0
per_huruf_hybrid_skeleton_forced_loop_no_sig,8,2386,0.9609343536045107,296.78925807919893,55.374601729631316,296.78925807919893,55.374601729631316,0
per_huruf_hybrid_skeleton_forced_loop_no_sig,8,2387,0.9613370922271446,295.3868912152936,56.11424670004551,295.3868912152936,56.11424670004551,0
per_huruf_hybrid_skeleton_forced_loop_no_sig,8,2388,0.9617398308497785,294.0418752844788,56.82521620391442,294.0418752844788,56.82521620391442,0
per_huruf_hybrid_skeleton_forced_loop_no_sig,8,2389,0.9621425694724124,292.79244424214835,57.488393263541184,292.79244424214835,57.488393263541184,0
per_huruf_hybrid_skeleton_forced_loop_no_sig,8,2390,0.9625453080950463,291.676832043696,58.08466090122894,291.676832043696,58.08466090122894,0
per_huruf_hybrid_skeleton_forced_loop_no_sig,8,2391,0.9629480467176803,290.73327264451524,58.59490213928083,290.73327264451524,58.59490213928083,0
per_huruf_hybrid_skeleton_forced_loop_no_sig,8,2392,0.9633507853403142,290.0,59.0,290.0,59.0,0
per_huruf_hybrid_skeleton_forced_loop_no_sig,8,2393,0.9637535239629481,289.48338643604916,59.30086481565772,289.48338643604916,59.30086481565772,0
per_huruf_hybrid_skeleton_forced_loop_no_sig,8,2394,0.964156262585582,289.14519799726895,59.51934456076468,289.14519799726895,59.51934456076468,0
per_huruf_hybrid_skeleton_forced_loop_no_sig,8,2395,0.9645590012082159,288.9567592171142,59.66772872098315,288.9567592171142,59.66772872098315,0
per_huruf_hybrid_skeleton_forced_loop_no_sig,8,2396,0.9649617398308498,288.88939462903954,59.75830678197542,288.88939462903954,59.75830678197542,0
per_huruf_hybrid_skeleton_forced_loop_no_sig,8,2397,0.9653644784534837,288.9144287664997,59.80336822940374,288.9144287664997,59.80336822940374,0
per_huruf_hybrid_skeleton_forced_loop_no_sig,8,2398,0.9657672170761177,289.0031861629495,59.81520254893036,289.0031861629495,59.81520254893036,0
per_huruf_hybrid_skeleton_forced_loop_no_sig,8,2399,0.9661699556987515,289.1269913518434,59.806099226217576,289.1269913518434,59.806099226217576,0
per_huruf_hybrid_skeleton_forced_loop_no_sig,8,2400,0.9665726943213855,289.25716886663633,59.788347746927634,289.25716886663633,59.788347746927634,0
per_huruf_hybrid_skeleton_forced_loop_no_sig,8,2401,0.9669754329440193,289.3650432407829,59.774237596722806,289.3650432407829,59.774237596722806,0
per_huruf_hybrid_skeleton_forced_loop_no_sig,8,2402,0.9673781715666533,289.4219390077378,59.776058261265355,289.4219390077378,59.776058261265355,0
per_huruf_hybrid_skeleton_forced_loop_no_sig,8,2403,0.9677809101892872,289.39918070095587,59.80609922621757,289.39918070095587,59.80609922621757,0
per_huruf_hybrid_skeleton_forced_loop_no_sig,8,2404,0.9681836488119211,289.2680928538917,59.87664997724169,289.2680928538917,59.87664997724169,0
per_huruf_hybrid_skeleton_forced_loop_no_sig,8,2405,0.968586387434555,289.0,60.0,289.0,60.0,0
per_huruf_hybrid_skeleton_forced_loop_no_sig,8,2406,0.9689891260571889,288.59490213928086,60.17068730086482,288.59490213928086,60.17068730086482,0
per_huruf_hybrid_skeleton_forced_loop_no_sig,8,2407,0.9693918646798229,288.084660901229,60.37141556668184,288.084660901229,60.37141556668184,0
per_huruf_hybrid_skeleton_forced_loop_no_sig,8,2408,0.9697946033024567,287.4883932635411,60.59672280382339,287.4883932635411,60.59672280382339,0
per_huruf_hybrid_skeleton_forced_loop_no_sig,8,2409,0.9701973419250907,286.8252162039144,60.841147018661815,286.8252162039144,60.841147018661815,0
per_huruf_hybrid_skeleton_forced_loop_no_sig,8,2410,0.9706000805477246,286.11424670004556,61.099226217569424,286.11424670004556,61.099226217569424,0
per_huruf_hybrid_skeleton_forced_loop_no_sig,8,2411,0.9710028191703585,285.37460172963137,61.36549840691853,285.37460172963137,61.36549840691853,0
per_huruf_hybrid_skeleton_forced_loop_no_sig,8,2412,0.9714055577929924,284.6253982703687,61.63450159308148,284.6253982703687,61.63450159308148,0
per_huruf_hybrid_skeleton_forced_loop_no_sig,8,2413,0.9718082964156263,283.88575329995444,61.90077378243058,283.88575329995444,61.90077378243058,0
per_huruf_hybrid_skeleton_forced_loop_no_sig,8,2414,0.9722110350382602,283.17478379608553,62.158852981338185,283.17478379608553,62.158852981338185,0
per_huruf_hybrid_skeleton_forced_loop_no_sig,8,2415,0.9726137736608941,282.5116067364588,62.403277196176596,282.5116067364588,62.403277196176596,0
per_huruf_hybrid_skeleton_forced_loop_no_sig,8,2416,0.973016512283528,281.915339098771,62.62858443331816,281.915339098771,62.62858443331816,0
per_huruf_hybrid_skeleton_forced_loop_no_sig,8,2417,0.973419250906162,281.40509786071914,62.82931269913519,281.40509786071914,62.82931269913519,0
per_huruf_hybrid_skeleton_forced_loop_no_sig,8,2418,0.9738219895287958,281.0,63.0,281.0,63.0,0
per_huruf_hybrid_skeleton_forced_loop_no_sig,8,2419,0.9742247281514298,280.7045971779701,63.14246700045518,280.7045971779701,63.14246700045518,0
per_huruf_hybrid_skeleton_forced_loop_no_sig,8,2420,0.9746274667740636,280.50068274920346,63.263996358670916,280.50068274920346,63.263996358670916,0
per_huruf_hybrid_skeleton_forced_loop_no_sig,8,2421,0.9750302053966976,280.3732362312244,63.367319071461075,280.3732362312244,63.367319071461075,0
per_huruf_hybrid_skeleton_forced_loop_no_sig,8,2422,0.9754329440193314,280.30723714155664,63.455166135639494,280.30723714155664,63.455166135639494,0
per_huruf_hybrid_skeleton_forced_loop_no_sig,8,2423,0.9758356826419654,280.28766499772416,63.53026854802003,280.28766499772416,63.53026854802003,0
per_huruf_hybrid_skeleton_forced_loop_no_sig,8,2424,0.9762384212645994,280.2994993172508,63.59535730541648,280.2994993172508,63.59535730541648,0
per_huruf_hybrid_skeleton_forced_loop_no_sig,8,2425,0.9766411598872332,280.3277196176605,63.65316340464269,280.3277196176605,63.65316340464269,0
per_huruf_hybrid_skeleton_forced_loop_no_sig,8,2426,0.9770438985098672,280.35730541647706,63.706417842512515,280.35730541647706,63.706417842512515,0
per_huruf_hybrid_skeleton_forced_loop_no_sig,8,2427,0.977446637132501,280.3732362312244,63.757851615839776,280.3732362312244,63.757851615839776,0
per_huruf_hybrid_skeleton_forced_loop_no_sig,8,2428,0.977849375755135,280.3604915794265,63.81019572143832,280.3604915794265,63.81019572143832,0
per_huruf_hybrid_skeleton_forced_loop_no_sig,8,2429,0.9782521143777688,280.30405097860717,63.86618115612198,280.30405097860717,63.86618115612198,0
per_huruf_hybrid_skeleton_forced_loop_no_sig,8,2430,0.9786548530004028,280.18889394629036,63.928538916704596,280.18889394629036,63.928538916704596,0
per_huruf_hybrid_skeleton_forced_loop_no_sig,8,2431,0.9790575916230367,280.0,64.0,280.0,64.0,0
per_huruf_hybrid_skeleton_forced_loop_no_sig,8,2432,0.9794603302456706,279.73554847519347,64.07692307692308,279.73554847519347,64.07692307692308,0
per_huruf_hybrid_skeleton_forced_loop_no_sig,8,2433,0.9798630688683045,279.41101502048247,64.15384615384616,279.41101502048247,64.15384615384616,0
per_huruf_hybrid_skeleton_forced_loop_no_sig,8,2434,0.9802658074909384,279.0373236231224,64.23076923076923,279.0373236231224,64.23076923076923,0
per_huruf_hybrid_skeleton_forced_loop_no_sig,8,2435,0.9806685461135723,278.6253982703687,64.30769230769229,278.6253982703687,64.30769230769229,0
per_huruf_hybrid_skeleton_forced_loop_no_sig,8,2436,0.9810712847362062,278.18616294947657,64.38461538461539,278.18616294947657,64.38461538461539,0
per_huruf_hybrid_skeleton_forced_loop_no_sig,8,2437,0.9814740233588402,277.73054164770144,64.46153846153847,277.73054164770144,64.46153846153847,0
per_huruf_hybrid_skeleton_forced_loop_no_sig,8,2438,0.9818767619814741,277.26945835229856,64.53846153846153,277.26945835229856,64.53846153846153,0
per_huruf_hybrid_skeleton_forced_loop_no_sig,8,2439,0.982279500604108,276.8138370505235,64.61538461538463,276.8138370505235,64.61538461538463,0
per_huruf_hybrid_skeleton_forced_loop_no_sig,8,2440,0.9826822392267419,276.3746017296313,64.6923076923077,276.3746017296313,64.6923076923077,0
per_huruf_hybrid_skeleton_forced_loop_no_sig,8,2441,0.9830849778493758,275.96267637687754,64.76923076923077,275.96267637687754,64.76923076923077,0
per_huruf_hybrid_skeleton_forced_loop_no_sig,8,2442,0.9834877164720097,275.58898497951753,64.84615384615385,275.58898497951753,64.84615384615385,0
per_huruf_hybrid_skeleton_forced_loop_no_sig,8,2443,0.9838904550946436,275.26445152480653,64.92307692307692,275.26445152480653,64.92307692307692,0
per_huruf_hybrid_skeleton_forced_loop_no_sig,8,2444,0.9842931937172775,275.0,65.0,275.0,65.0,0
per_huruf_hybrid_skeleton_forced_loop_no_sig,8,2445,0.9846959323399115,274.79472007282664,65.07965407373692,274.79472007282664,65.07965407373692,0
per_huruf_hybrid_skeleton_forced_loop_no_sig,8,2446,0.9850986709625453,274.6358670914885,65.16385980883024,274.6358670914885,65.16385980883024,0
per_huruf_hybrid_skeleton_forced_loop_no_sig,8,2447,0.9855014095851793,274.51661356395084,65.25125170687299,274.51661356395084,65.25125170687299,0
per_huruf_hybrid_skeleton_forced_loop_no_sig,8,2448,0.9859041482078131,274.43013199817926,65.34046426945835,274.43013199817926,65.34046426945835,0
per_huruf_hybrid_skeleton_forced_loop_no_sig,8,2449,0.9863068868304471,274.36959490213934,65.43013199817933,274.36959490213934,65.43013199817933,0
per_huruf_hybrid_skeleton_forced_loop_no_sig,8,2450,0.9867096254530809,274.3281747837961,65.51888939462904,274.3281747837961,65.51888939462904,0
per_huruf_hybrid_skeleton_forced_loop_no_sig,8,2451,0.9871123640757149,274.29904415111514,65.60537096040053,274.29904415111514,65.60537096040053,0
per_huruf_hybrid_skeleton_forced_loop_no_sig,8,2452,0.9875151026983489,274.27537551206194,65.68821119708694,274.27537551206194,65.68821119708694,0
per_huruf_hybrid_skeleton_forced_loop_no_sig,8,2453,0.9879178413209827,274.2503413746017,65.76604460628128,274.2503413746017,65.76604460628128,0
per_huruf_hybrid_skeleton_forced_loop_no_sig,8,2454,0.9883205799436167,274.2171142467,65.83750568957669,274.2171142467,65.83750568957669,0
per_huruf_hybrid_skeleton_forced_loop_no_sig,8,2455,0.9887233185662505,274.16886663632226,65.90122894856623,274.16886663632226,65.90122894856623,0
per_huruf_hybrid_skeleton_forced_loop_no_sig,8,2456,0.9891260571888845,274.09877105143374,65.95584888484296,274.09877105143374,65.95584888484296,0
per_huruf_hybrid_skeleton_forced_loop_no_sig,8,2457,0.9895287958115183,274.0,66.0,274.0,66.0,0
per_huruf_hybrid_skeleton_forced_loop_no_sig,8,2458,0.9899315344341523,273.876194811106,66.0300409649522,273.876194811106,66.0300409649522,0
per_huruf_hybrid_skeleton_forced_loop_no_sig,8,2459,0.9903342730567862,273.737369139736,66.04506144742832,273.737369139736,66.04506144742832,0
per_huruf_hybrid_skeleton_forced_loop_no_sig,8,2460,0.9907370116794201,273.5862539827036,66.04779244424215,273.5862539827036,66.04779244424215,0
per_huruf_hybrid_skeleton_forced_loop_no_sig,8,2461,0.991139750302054,273.4255803368229,66.04096495220756,273.4255803368229,66.04096495220756,0
per_huruf_hybrid_skeleton_forced_loop_no_sig,8,2462,0.9915424889246879,273.25807919890764,66.02730996813838,273.25807919890764,66.02730996813838,0
per_huruf_hybrid_skeleton_forced_loop_no_sig,8,2463,0.9919452275473218,273.0864815657715,66.00955848884844,273.0864815657715,66.00955848884844,0
per_huruf_hybrid_skeleton_forced_loop_no_sig,8,2464,0.9923479661699557,272.9135184342285,65.99044151115157,272.9135184342285,65.99044151115157,0
per_huruf_hybrid_skeleton_forced_loop_no_sig,8,2465,0.9927507047925896,272.7419208010924,65.97269003186163,272.7419208010924,65.97269003186163,0
per_huruf_hybrid_skeleton_forced_loop_no_sig,8,2466,0.9931534434152236,272.574419663177,65.95903504779244,272.574419663177,65.95903504779244,0
per_huruf_hybrid_skeleton_forced_loop_no_sig,8,2467,0.9935561820378574,272.41374601729626,65.95220755575784,272.41374601729626,65.95220755575784,0
per_huruf_hybrid_skeleton_forced_loop_no_sig,8,2468,0.9939589206604914,272.26263086026404,65.95493855257169,272.26263086026404,65.95493855257169,0
per_huruf_hybrid_skeleton_forced_loop_no_sig,8,2469,0.9943616592831253,272.1238051888939,65.9699590350478,272.1238051888939,65.9699590350478,0
per_huruf_hybrid_skeleton_forced_loop_no_sig,8,2470,0.9947643979057592,272.0,66.0,272.0,66.0,0
per_huruf_hybrid_skeleton_forced_loop_no_sig,8,2471,0.9951671365283931,271.8875739644971,66.04688211197087,271.8875739644971,66.04688211197087,0
per_huruf_hybrid_skeleton_forced_loop_no_sig,8,2472,0.995569875151027,271.78106508875743,66.10878470641785,271.78106508875743,66.10878470641785,0
per_huruf_hybrid_skeleton_forced_loop_no_sig,8,2473,0.995972613773661,271.680473372781,66.18297678652708,271.680473372781,66.18297678652708,0
per_huruf_hybrid_skeleton_forced_loop_no_sig,8,2474,0.9963753523962948,271.585798816568,66.26672735548475,271.585798816568,66.26672735548475,0
per_huruf_hybrid_skeleton_forced_loop_no_sig,8,2475,0.9967780910189288,271.49704142011836,66.35730541647702,271.49704142011836,66.35730541647702,0
per_huruf_hybrid_skeleton_forced_loop_no_sig,8,2476,0.9971808296415626,271.41420118343194,66.45197997269004,271.41420118343194,66.45197997269004,0
per_huruf_hybrid_skeleton_forced_loop_no_sig,8,2477,0.9975835682641966,271.3372781065089,66.54802002730997,271.3372781065089,66.54802002730997,0
per_huruf_hybrid_skeleton_forced_loop_no_sig,8,2478,0.9979863068868304,271.26627218934914,66.64269458352298,271.26627218934914,66.64269458352298,0
per_huruf_hybrid_skeleton_forced_loop_no_sig,8,2479,0.9983890455094644,271.20118343195264,66.73327264451524,271.20118343195264,66.73327264451524,0
per_huruf_hybrid_skeleton_forced_loop_no_sig,8,2480,0.9987917841320983,271.14201183431953,66.81702321347291,271.14201183431953,66.81702321347291,0
per_huruf_hybrid_skeleton_forced_loop_no_sig,8,2481,0.9991945227547322,271.08875739644975,66.89121529358216,271.08875739644975,66.89121529358216,0
per_huruf_hybrid_skeleton_forced_loop_no_sig,8,2482,0.9995972613773662,271.0414201183432,66.95311788802913,271.0414201183432,66.95311788802913,0
per_huruf_hybrid_skeleton_forced_loop_no_sig,8,2483,1.0,271.0,67.0,271.0,67.0,0
