label,huruf,point_index,t,bezier_xx_x,bezier_xx_y,xx_sc_x,xx_sc_y,is_sample_output_bezier_py
per_huruf_hybrid_skeleton_forced_loop_no_sig,5,0,0.0,160.0,78.0,160.0,78.0,0
per_huruf_hybrid_skeleton_forced_loop_no_sig,5,1,0.00018556318426424197,160.0468821119709,77.8903049613109,160.0468821119709,77.8903049613109,0
per_huruf_hybrid_skeleton_forced_loop_no_sig,5,2,0.00037112636852848393,160.10878470641785,77.79107874374148,160.10878470641785,77.79107874374148,0
per_huruf_hybrid_skeleton_forced_loop_no_sig,5,3,0.0005566895527927258,160.18297678652704,77.70095584888483,160.18297678652704,77.70095584888483,0
per_huruf_hybrid_skeleton_forced_loop_no_sig,5,4,0.0007422527370569679,160.26672735548476,77.61857077833407,160.26672735548476,77.61857077833407,0
per_huruf_hybrid_skeleton_forced_loop_no_sig,5,5,0.0009278159213212099,160.35730541647703,77.5425580336823,160.35730541647703,77.5425580336823,0
per_huruf_hybrid_skeleton_forced_loop_no_sig,5,6,0.0011133791055854517,160.45197997269003,77.47155211652253,160.45197997269003,77.47155211652253,0
per_huruf_hybrid_skeleton_forced_loop_no_sig,5,7,0.0012989422898496937,160.54802002730997,77.40418752844788,160.54802002730997,77.40418752844788,0
per_huruf_hybrid_skeleton_forced_loop_no_sig,5,8,0.0014845054741139357,160.642694583523,77.33909877105143,160.642694583523,77.33909877105143,0
per_huruf_hybrid_skeleton_forced_loop_no_sig,5,9,0.0016700686583781777,160.73327264451524,77.27492034592626,160.73327264451524,77.27492034592626,0
per_huruf_hybrid_skeleton_forced_loop_no_sig,5,10,0.0018556318426424198,160.8170232134729,77.21028675466545,160.8170232134729,77.21028675466545,0
per_huruf_hybrid_skeleton_forced_loop_no_sig,5,11,0.0020411950269066618,160.89121529358215,77.14383249886208,160.89121529358215,77.14383249886208,0
per_huruf_hybrid_skeleton_forced_loop_no_sig,5,12,0.0022267582111709034,160.9531178880291,77.07419208010924,160.9531178880291,77.07419208010924,0
per_huruf_hybrid_skeleton_forced_loop_no_sig,5,13,0.0024123213954351454,161.0,77.0,161.0,77.0,0
per_huruf_hybrid_skeleton_forced_loop_no_sig,5,14,0.0025978845796993874,161.03277196176606,76.92307692307695,161.03277196176606,76.92307692307695,0
per_huruf_hybrid_skeleton_forced_loop_no_sig,5,15,0.0027834477639636294,161.05507510241236,76.84615384615385,161.05507510241236,76.84615384615385,0
per_huruf_hybrid_skeleton_forced_loop_no_sig,5,16,0.0029690109482278714,161.0682749203459,76.76923076923077,161.0682749203459,76.76923076923077,0
per_huruf_hybrid_skeleton_forced_loop_no_sig,5,17,0.0031545741324921135,161.0737369139736,76.6923076923077,161.0737369139736,76.6923076923077,0
per_huruf_hybrid_skeleton_forced_loop_no_sig,5,18,0.0033401373167563555,161.07282658170234,76.61538461538463,161.07282658170234,76.61538461538463,0
per_huruf_hybrid_skeleton_forced_loop_no_sig,5,19,0.0035257005010205975,161.06690942193902,76.53846153846155,161.06690942193902,76.53846153846155,0
per_huruf_hybrid_skeleton_forced_loop_no_sig,5,20,0.0037112636852848395,161.05735093309056,76.46153846153845,161.05735093309056,76.46153846153845,0
per_huruf_hybrid_skeleton_forced_loop_no_sig,5,21,0.003896826869549081,161.04551661356396,76.38461538461539,161.04551661356396,76.38461538461539,0
per_huruf_hybrid_skeleton_forced_loop_no_sig,5,22,0.0040823900538133236,161.03277196176603,76.3076923076923,161.03277196176603,76.3076923076923,0
per_huruf_hybrid_skeleton_forced_loop_no_sig,5,23,0.004267953238077565,161.02048247610375,76.23076923076923,161.02048247610375,76.23076923076923,0
per_huruf_hybrid_skeleton_forced_loop_no_sig,5,24,0.004453516422341807,161.01001365498408,76.15384615384615,161.01001365498408,76.15384615384615,0
per_huruf_hybrid_skeleton_forced_loop_no_sig,5,25,0.004639079606606049,161.00273099681382,76.07692307692307,161.00273099681382,76.07692307692307,0
per_huruf_hybrid_skeleton_forced_loop_no_sig,5,26,0.004824642790870291,161.0,76.0,161.0,76.0,0
per_huruf_hybrid_skeleton_forced_loop_no_sig,5,27,0.005010205975134533,160.99726900318618,75.92307692307693,160.99726900318618,75.92307692307693,0
per_huruf_hybrid_skeleton_forced_loop_no_sig,5,28,0.005195769159398775,160.98998634501595,75.84615384615384,160.98998634501595,75.84615384615384,0
per_huruf_hybrid_skeleton_forced_loop_no_sig,5,29,0.005381332343663017,160.9795175238962,75.76923076923076,160.9795175238962,75.76923076923076,0
per_huruf_hybrid_skeleton_forced_loop_no_sig,5,30,0.005566895527927259,160.96722803823394,75.6923076923077,160.96722803823394,75.6923076923077,0
per_huruf_hybrid_skeleton_forced_loop_no_sig,5,31,0.005752458712191501,160.95448338643607,75.61538461538463,160.95448338643607,75.61538461538463,0
per_huruf_hybrid_skeleton_forced_loop_no_sig,5,32,0.005938021896455743,160.94264906690944,75.53846153846155,160.94264906690944,75.53846153846155,0
per_huruf_hybrid_skeleton_forced_loop_no_sig,5,33,0.0061235850807199845,160.93309057806098,75.46153846153845,160.93309057806098,75.46153846153845,0
per_huruf_hybrid_skeleton_forced_loop_no_sig,5,34,0.006309148264984227,160.92717341829768,75.38461538461539,160.92717341829768,75.38461538461539,0
per_huruf_hybrid_skeleton_forced_loop_no_sig,5,35,0.0064947114492484685,160.92626308602638,75.3076923076923,160.92626308602638,75.3076923076923,0
per_huruf_hybrid_skeleton_forced_loop_no_sig,5,36,0.006680274633512711,160.93172507965406,75.23076923076923,160.93172507965406,75.23076923076923,0
per_huruf_hybrid_skeleton_forced_loop_no_sig,5,37,0.0068658378177769526,160.9449248975876,75.15384615384616,160.9449248975876,75.15384615384616,0
per_huruf_hybrid_skeleton_forced_loop_no_sig,5,38,0.007051401002041195,160.96722803823394,75.07692307692307,160.96722803823394,75.07692307692307,0
per_huruf_hybrid_skeleton_forced_loop_no_sig,5,39,0.007236964186305437,161.0,75.0,161.0,75.0,0
per_huruf_hybrid_skeleton_forced_loop_no_sig,5,40,0.007422527370569679,161.04415111515704,74.9203459262631,161.04415111515704,74.9203459262631,1
per_huruf_hybrid_skeleton_forced_loop_no_sig,5,41,0.007608090554833921,161.09877105143377,74.83614019116978,161.09877105143377,74.83614019116978,0
per_huruf_hybrid_skeleton_forced_loop_no_sig,5,42,0.007793653739098162,161.16249431042328,74.74874829312698,161.16249431042328,74.74874829312698,0
per_huruf_hybrid_skeleton_forced_loop_no_sig,5,43,0.007979216923362405,161.23395539371867,74.65953573054165,161.23395539371867,74.65953573054165,0
per_huruf_hybrid_skeleton_forced_loop_no_sig,5,44,0.008164780107626647,161.31178880291307,74.56986800182068,161.31178880291307,74.56986800182068,0
per_huruf_hybrid_skeleton_forced_loop_no_sig,5,45,0.008350343291890888,161.39462903959947,74.48111060537097,161.39462903959947,74.48111060537097,0
per_huruf_hybrid_skeleton_forced_loop_no_sig,5,46,0.00853590647615513,161.481110605371,74.39462903959947,161.481110605371,74.39462903959947,0
per_huruf_hybrid_skeleton_forced_loop_no_sig,5,47,0.008721469660419373,161.56986800182065,74.31178880291307,161.56986800182065,74.31178880291307,0
per_huruf_hybrid_skeleton_forced_loop_no_sig,5,48,0.008907032844683613,161.65953573054162,74.2339553937187,161.65953573054162,74.2339553937187,0
per_huruf_hybrid_skeleton_forced_loop_no_sig,5,49,0.009092596028947856,161.74874829312697,74.1624943104233,161.74874829312697,74.1624943104233,0
per_huruf_hybrid_skeleton_forced_loop_no_sig,5,50,0.009278159213212098,161.83614019116976,74.09877105143377,161.83614019116976,74.09877105143377,0
per_huruf_hybrid_skeleton_forced_loop_no_sig,5,51,0.00946372239747634,161.92034592626308,74.04415111515704,161.92034592626308,74.04415111515704,0
per_huruf_hybrid_skeleton_forced_loop_no_sig,5,52,0.009649285581740582,162.0,74.0,162.0,74.0,0
per_huruf_hybrid_skeleton_forced_loop_no_sig,5,53,0.009834848766004824,162.0769230769231,73.96722803823396,162.0769230769231,73.96722803823396,0
per_huruf_hybrid_skeleton_forced_loop_no_sig,5,54,0.010020411950269066,162.15384615384613,73.94492489758761,162.15384615384613,73.94492489758761,0
per_huruf_hybrid_skeleton_forced_loop_no_sig,5,55,0.010205975134533309,162.23076923076923,73.93172507965407,162.23076923076923,73.93172507965407,0
per_huruf_hybrid_skeleton_forced_loop_no_sig,5,56,0.01039153831879755,162.3076923076923,73.92626308602638,162.3076923076923,73.92626308602638,0
per_huruf_hybrid_skeleton_forced_loop_no_sig,5,57,0.010577101503061792,162.3846153846154,73.92717341829768,162.3846153846154,73.92717341829768,0
per_huruf_hybrid_skeleton_forced_loop_no_sig,5,58,0.010762664687326035,162.46153846153845,73.93309057806098,162.46153846153845,73.93309057806098,0
per_huruf_hybrid_skeleton_forced_loop_no_sig,5,59,0.010948227871590275,162.53846153846155,73.94264906690942,162.53846153846155,73.94264906690942,0
per_huruf_hybrid_skeleton_forced_loop_no_sig,5,60,0.011133791055854518,162.6153846153846,73.95448338643605,162.6153846153846,73.95448338643605,0
per_huruf_hybrid_skeleton_forced_loop_no_sig,5,61,0.01131935424011876,162.69230769230768,73.96722803823394,162.69230769230768,73.96722803823394,1
per_huruf_hybrid_skeleton_forced_loop_no_sig,5,62,0.011504917424383003,162.76923076923077,73.97951752389622,162.76923076923077,73.97951752389622,0
per_huruf_hybrid_skeleton_forced_loop_no_sig,5,63,0.011690480608647243,162.84615384615387,73.98998634501594,162.84615384615387,73.98998634501594,0
per_huruf_hybrid_skeleton_forced_loop_no_sig,5,64,0.011876043792911486,162.92307692307693,73.99726900318616,162.92307692307693,73.99726900318616,0
per_huruf_hybrid_skeleton_forced_loop_no_sig,5,65,0.012061606977175728,163.0,74.0,163.0,74.0,0
per_huruf_hybrid_skeleton_forced_loop_no_sig,5,66,0.012247170161439969,163.07692307692312,74.0,163.07692307692312,74.0,0
per_huruf_hybrid_skeleton_forced_loop_no_sig,5,67,0.012432733345704211,163.15384615384616,73.99999999999999,163.15384615384616,73.99999999999999,0
per_huruf_hybrid_skeleton_forced_loop_no_sig,5,68,0.012618296529968454,163.23076923076923,74.0,163.23076923076923,74.0,0
per_huruf_hybrid_skeleton_forced_loop_no_sig,5,69,0.012803859714232696,163.30769230769226,74.0,163.30769230769226,74.0,0
per_huruf_hybrid_skeleton_forced_loop_no_sig,5,70,0.012989422898496937,163.3846153846154,74.0,163.3846153846154,74.0,0
per_huruf_hybrid_skeleton_forced_loop_no_sig,5,71,0.01317498608276118,163.46153846153848,74.0,163.46153846153848,74.0,0
per_huruf_hybrid_skeleton_forced_loop_no_sig,5,72,0.013360549267025422,163.53846153846152,74.0,163.53846153846152,74.0,0
per_huruf_hybrid_skeleton_forced_loop_no_sig,5,73,0.013546112451289663,163.61538461538464,74.0,163.61538461538464,74.0,0
per_huruf_hybrid_skeleton_forced_loop_no_sig,5,74,0.013731675635553905,163.69230769230768,74.0,163.69230769230768,74.0,0
per_huruf_hybrid_skeleton_forced_loop_no_sig,5,75,0.013917238819818148,163.76923076923075,74.0,163.76923076923075,74.0,0
per_huruf_hybrid_skeleton_forced_loop_no_sig,5,76,0.01410280200408239,163.84615384615387,74.0,163.84615384615387,74.0,0
per_huruf_hybrid_skeleton_forced_loop_no_sig,5,77,0.01428836518834663,163.9230769230769,74.0,163.9230769230769,74.0,0
per_huruf_hybrid_skeleton_forced_loop_no_sig,5,78,0.014473928372610873,164.0,74.0,164.0,74.0,0
per_huruf_hybrid_skeleton_forced_loop_no_sig,5,79,0.014659491556875116,164.0769230769231,74.0,164.0769230769231,74.0,0
per_huruf_hybrid_skeleton_forced_loop_no_sig,5,80,0.014845054741139358,164.15384615384616,73.99999999999999,164.15384615384616,73.99999999999999,0
per_huruf_hybrid_skeleton_forced_loop_no_sig,5,81,0.015030617925403599,164.23076923076923,74.0,164.23076923076923,74.0,1
per_huruf_hybrid_skeleton_forced_loop_no_sig,5,82,0.015216181109667841,164.3076923076923,74.0,164.3076923076923,74.0,0
per_huruf_hybrid_skeleton_forced_loop_no_sig,5,83,0.015401744293932084,164.38461538461542,74.0,164.38461538461542,74.0,0
per_huruf_hybrid_skeleton_forced_loop_no_sig,5,84,0.015587307478196324,164.46153846153845,74.0,164.46153846153845,74.0,0
per_huruf_hybrid_skeleton_forced_loop_no_sig,5,85,0.015772870662460567,164.53846153846155,74.0,164.53846153846155,74.0,0
per_huruf_hybrid_skeleton_forced_loop_no_sig,5,86,0.01595843384672481,164.61538461538464,74.0,164.61538461538464,74.0,0
per_huruf_hybrid_skeleton_forced_loop_no_sig,5,87,0.016143997030989052,164.69230769230768,74.0,164.69230769230768,74.0,0
per_huruf_hybrid_skeleton_forced_loop_no_sig,5,88,0.016329560215253294,164.76923076923075,74.0,164.76923076923075,74.0,0
per_huruf_hybrid_skeleton_forced_loop_no_sig,5,89,0.016515123399517533,164.84615384615387,74.0,164.84615384615387,74.0,0
per_huruf_hybrid_skeleton_forced_loop_no_sig,5,90,0.016700686583781776,164.9230769230769,74.0,164.9230769230769,74.0,0
per_huruf_hybrid_skeleton_forced_loop_no_sig,5,91,0.016886249768046018,165.0,74.0,165.0,74.0,1
per_huruf_hybrid_skeleton_forced_loop_no_sig,5,92,0.01707181295231026,165.07692307692312,74.0,165.07692307692312,74.0,0
per_huruf_hybrid_skeleton_forced_loop_no_sig,5,93,0.017257376136574503,165.15384615384613,73.99999999999999,165.15384615384613,73.99999999999999,0
per_huruf_hybrid_skeleton_forced_loop_no_sig,5,94,0.017442939320838746,165.23076923076923,74.0,165.23076923076923,74.0,0
per_huruf_hybrid_skeleton_forced_loop_no_sig,5,95,0.017628502505102988,165.3076923076923,74.0,165.3076923076923,74.0,0
per_huruf_hybrid_skeleton_forced_loop_no_sig,5,96,0.017814065689367227,165.3846153846154,74.0,165.3846153846154,74.0,0
per_huruf_hybrid_skeleton_forced_loop_no_sig,5,97,0.01799962887363147,165.46153846153848,74.0,165.46153846153848,74.0,0
per_huruf_hybrid_skeleton_forced_loop_no_sig,5,98,0.018185192057895712,165.53846153846155,74.0,165.53846153846155,74.0,0
per_huruf_hybrid_skeleton_forced_loop_no_sig,5,99,0.018370755242159954,165.6153846153846,74.0,165.6153846153846,74.0,0
per_huruf_hybrid_skeleton_forced_loop_no_sig,5,100,0.018556318426424197,165.69230769230768,74.0,165.69230769230768,74.0,0
per_huruf_hybrid_skeleton_forced_loop_no_sig,5,101,0.01874188161068844,165.76923076923075,74.0,165.76923076923075,74.0,0
per_huruf_hybrid_skeleton_forced_loop_no_sig,5,102,0.01892744479495268,165.84615384615387,74.0,165.84615384615387,74.0,0
per_huruf_hybrid_skeleton_forced_loop_no_sig,5,103,0.019113007979216924,165.9230769230769,74.0,165.9230769230769,74.0,0
per_huruf_hybrid_skeleton_forced_loop_no_sig,5,104,0.019298571163481163,166.0,74.0,166.0,74.0,0
per_huruf_hybrid_skeleton_forced_loop_no_sig,5,105,0.019484134347745406,166.0769230769231,73.99726900318616,166.0769230769231,73.99726900318616,0
per_huruf_hybrid_skeleton_forced_loop_no_sig,5,106,0.019669697532009648,166.15384615384616,73.98998634501592,166.15384615384616,73.98998634501592,0
per_huruf_hybrid_skeleton_forced_loop_no_sig,5,107,0.01985526071627389,166.2307692307692,73.97951752389622,166.2307692307692,73.97951752389622,0
per_huruf_hybrid_skeleton_forced_loop_no_sig,5,108,0.020040823900538133,166.3076923076923,73.96722803823394,166.3076923076923,73.96722803823394,0
per_huruf_hybrid_skeleton_forced_loop_no_sig,5,109,0.020226387084802375,166.38461538461542,73.95448338643607,166.38461538461542,73.95448338643607,0
per_huruf_hybrid_skeleton_forced_loop_no_sig,5,110,0.020411950269066618,166.46153846153848,73.94264906690942,166.46153846153848,73.94264906690942,0
per_huruf_hybrid_skeleton_forced_loop_no_sig,5,111,0.020597513453330857,166.53846153846155,73.933090578061,166.53846153846155,73.933090578061,0
per_huruf_hybrid_skeleton_forced_loop_no_sig,5,112,0.0207830766375951,166.6153846153846,73.92717341829768,166.6153846153846,73.92717341829768,0
per_huruf_hybrid_skeleton_forced_loop_no_sig,5,113,0.02096863982185934,166.69230769230768,73.92626308602641,166.69230769230768,73.92626308602641,0
per_huruf_hybrid_skeleton_forced_loop_no_sig,5,114,0.021154203006123584,166.76923076923077,73.93172507965406,166.76923076923077,73.93172507965406,0
per_huruf_hybrid_skeleton_forced_loop_no_sig,5,115,0.021339766190387827,166.84615384615387,73.94492489758761,166.84615384615387,73.94492489758761,0
per_huruf_hybrid_skeleton_forced_loop_no_sig,5,116,0.02152532937465207,166.92307692307693,73.96722803823396,166.92307692307693,73.96722803823396,0
per_huruf_hybrid_skeleton_forced_loop_no_sig,5,117,0.02171089255891631,167.0,74.0,167.0,74.0,0
per_huruf_hybrid_skeleton_forced_loop_no_sig,5,118,0.02189645574318055,167.07692307692312,74.04415111515704,167.07692307692312,74.04415111515704,0
per_huruf_hybrid_skeleton_forced_loop_no_sig,5,119,0.022082018927444793,167.15384615384613,74.09877105143377,167.15384615384613,74.09877105143377,0
per_huruf_hybrid_skeleton_forced_loop_no_sig,5,120,0.022267582111709035,167.23076923076923,74.1624943104233,167.23076923076923,74.1624943104233,0
per_huruf_hybrid_skeleton_forced_loop_no_sig,5,121,0.022453145295973278,167.3076923076923,74.2339553937187,167.3076923076923,74.2339553937187,0
per_huruf_hybrid_skeleton_forced_loop_no_sig,5,122,0.02263870848023752,167.3846153846154,74.31178880291309,167.3846153846154,74.31178880291309,1
per_huruf_hybrid_skeleton_forced_loop_no_sig,5,123,0.022824271664501763,167.46153846153848,74.39462903959947,167.46153846153848,74.39462903959947,0
per_huruf_hybrid_skeleton_forced_loop_no_sig,5,124,0.023009834848766005,167.53846153846155,74.48111060537096,167.53846153846155,74.48111060537096,0
per_huruf_hybrid_skeleton_forced_loop_no_sig,5,125,0.023195398033030244,167.6153846153846,74.56986800182068,167.6153846153846,74.56986800182068,0
per_huruf_hybrid_skeleton_forced_loop_no_sig,5,126,0.023380961217294487,167.69230769230768,74.65953573054165,167.69230769230768,74.65953573054165,0
per_huruf_hybrid_skeleton_forced_loop_no_sig,5,127,0.02356652440155873,167.76923076923075,74.748748293127,167.76923076923075,74.748748293127,0
per_huruf_hybrid_skeleton_forced_loop_no_sig,5,128,0.02375208758582297,167.84615384615387,74.83614019116978,167.84615384615387,74.83614019116978,0
per_huruf_hybrid_skeleton_forced_loop_no_sig,5,129,0.023937650770087214,167.9230769230769,74.92034592626308,167.9230769230769,74.92034592626308,0
per_huruf_hybrid_skeleton_forced_loop_no_sig,5,130,0.024123213954351456,168.0,75.0,168.0,75.0,0
per_huruf_hybrid_skeleton_forced_loop_no_sig,5,131,0.0243087771386157,168.0769230769231,75.07965407373692,168.0769230769231,75.07965407373692,0
per_huruf_hybrid_skeleton_forced_loop_no_sig,5,132,0.024494340322879938,168.15384615384613,75.16385980883022,168.15384615384613,75.16385980883022,0
per_huruf_hybrid_skeleton_forced_loop_no_sig,5,133,0.02467990350714418,168.2307692307692,75.251251706873,168.2307692307692,75.251251706873,0
per_huruf_hybrid_skeleton_forced_loop_no_sig,5,134,0.024865466691408423,168.3076923076923,75.34046426945835,168.3076923076923,75.34046426945835,0
per_huruf_hybrid_skeleton_forced_loop_no_sig,5,135,0.025051029875672665,168.3846153846154,75.43013199817935,168.3846153846154,75.43013199817935,0
per_huruf_hybrid_skeleton_forced_loop_no_sig,5,136,0.025236593059936908,168.46153846153848,75.51888939462903,168.46153846153848,75.51888939462903,0
per_huruf_hybrid_skeleton_forced_loop_no_sig,5,137,0.02542215624420115,168.53846153846152,75.60537096040053,168.53846153846152,75.60537096040053,0
per_huruf_hybrid_skeleton_forced_loop_no_sig,5,138,0.025607719428465393,168.6153846153846,75.68821119708693,168.6153846153846,75.68821119708693,0
per_huruf_hybrid_skeleton_forced_loop_no_sig,5,139,0.02579328261272963,168.69230769230768,75.76604460628128,168.69230769230768,75.76604460628128,0
per_huruf_hybrid_skeleton_forced_loop_no_sig,5,140,0.025978845796993874,168.76923076923075,75.83750568957669,168.76923076923075,75.83750568957669,0
per_huruf_hybrid_skeleton_forced_loop_no_sig,5,141,0.026164408981258117,168.84615384615387,75.90122894856623,168.84615384615387,75.90122894856623,0
per_huruf_hybrid_skeleton_forced_loop_no_sig,5,142,0.02634997216552236,168.9230769230769,75.95584888484296,168.9230769230769,75.95584888484296,0
per_huruf_hybrid_skeleton_forced_loop_no_sig,5,143,0.0265355353497866,169.0,76.0,169.0,76.0,0
per_huruf_hybrid_skeleton_forced_loop_no_sig,5,144,0.026721098534050844,169.0769230769231,76.03004096495222,169.0769230769231,76.03004096495222,0
per_huruf_hybrid_skeleton_forced_loop_no_sig,5,145,0.026906661718315086,169.1538461538462,76.04506144742832,169.1538461538462,76.04506144742832,0
per_huruf_hybrid_skeleton_forced_loop_no_sig,5,146,0.027092224902579325,169.2307692307692,76.04779244424213,169.2307692307692,76.04779244424213,0
per_huruf_hybrid_skeleton_forced_loop_no_sig,5,147,0.027277788086843568,169.30769230769232,76.04096495220756,169.30769230769232,76.04096495220756,0
per_huruf_hybrid_skeleton_forced_loop_no_sig,5,148,0.02746335127110781,169.3846153846154,76.02730996813838,169.3846153846154,76.02730996813838,0
per_huruf_hybrid_skeleton_forced_loop_no_sig,5,149,0.027648914455372053,169.4615384615385,76.00955848884844,169.4615384615385,76.00955848884844,0
per_huruf_hybrid_skeleton_forced_loop_no_sig,5,150,0.027834477639636295,169.53846153846152,75.99044151115156,169.53846153846152,75.99044151115156,0
per_huruf_hybrid_skeleton_forced_loop_no_sig,5,151,0.028020040823900538,169.6153846153846,75.97269003186163,169.6153846153846,75.97269003186163,0
per_huruf_hybrid_skeleton_forced_loop_no_sig,5,152,0.02820560400816478,169.69230769230768,75.95903504779244,169.69230769230768,75.95903504779244,0
per_huruf_hybrid_skeleton_forced_loop_no_sig,5,153,0.02839116719242902,169.76923076923075,75.95220755575784,169.76923076923075,75.95220755575784,0
per_huruf_hybrid_skeleton_forced_loop_no_sig,5,154,0.02857673037669326,169.84615384615387,75.95493855257169,169.84615384615387,75.95493855257169,0
per_huruf_hybrid_skeleton_forced_loop_no_sig,5,155,0.028762293560957504,169.9230769230769,75.9699590350478,169.9230769230769,75.9699590350478,0
per_huruf_hybrid_skeleton_forced_loop_no_sig,5,156,0.028947856745221746,170.0,76.0,170.0,76.0,0
per_huruf_hybrid_skeleton_forced_loop_no_sig,5,157,0.02913341992948599,170.07692307692312,76.04688211197089,170.07692307692312,76.04688211197089,0
per_huruf_hybrid_skeleton_forced_loop_no_sig,5,158,0.02931898311375023,170.15384615384616,76.10878470641785,170.15384615384616,76.10878470641785,0
per_huruf_hybrid_skeleton_forced_loop_no_sig,5,159,0.029504546298014474,170.23076923076923,76.18297678652706,170.23076923076923,76.18297678652706,0
per_huruf_hybrid_skeleton_forced_loop_no_sig,5,160,0.029690109482278716,170.3076923076923,76.26672735548475,170.3076923076923,76.26672735548475,0
per_huruf_hybrid_skeleton_forced_loop_no_sig,5,161,0.029875672666542955,170.3846153846154,76.35730541647702,170.3846153846154,76.35730541647702,0
per_huruf_hybrid_skeleton_forced_loop_no_sig,5,162,0.030061235850807198,170.46153846153848,76.45197997269004,170.46153846153848,76.45197997269004,0
per_huruf_hybrid_skeleton_forced_loop_no_sig,5,163,0.03024679903507144,170.53846153846155,76.54802002730997,170.53846153846155,76.54802002730997,0
per_huruf_hybrid_skeleton_forced_loop_no_sig,5,164,0.030432362219335683,170.6153846153846,76.642694583523,170.6153846153846,76.642694583523,0
per_huruf_hybrid_skeleton_forced_loop_no_sig,5,165,0.030617925403599925,170.69230769230768,76.73327264451524,170.69230769230768,76.73327264451524,0
per_huruf_hybrid_skeleton_forced_loop_no_sig,5,166,0.030803488587864167,170.76923076923077,76.81702321347291,170.76923076923077,76.81702321347291,0
per_huruf_hybrid_skeleton_forced_loop_no_sig,5,167,0.03098905177212841,170.84615384615387,76.89121529358215,170.84615384615387,76.89121529358215,0
per_huruf_hybrid_skeleton_forced_loop_no_sig,5,168,0.03117461495639265,170.92307692307693,76.95311788802913,170.92307692307693,76.95311788802913,0
per_huruf_hybrid_skeleton_forced_loop_no_sig,5,169,0.03136017814065689,171.0,77.0,171.0,77.0,0
per_huruf_hybrid_skeleton_forced_loop_no_sig,5,170,0.031545741324921134,171.0769230769231,77.03277196176606,171.0769230769231,77.03277196176606,0
per_huruf_hybrid_skeleton_forced_loop_no_sig,5,171,0.031731304509185376,171.1538461538462,77.05507510241239,171.1538461538462,77.05507510241239,0
per_huruf_hybrid_skeleton_forced_loop_no_sig,5,172,0.03191686769344962,171.2307692307692,77.06827492034591,171.2307692307692,77.06827492034591,0
per_huruf_hybrid_skeleton_forced_loop_no_sig,5,173,0.03210243087771386,171.3076923076923,77.07373691397359,171.3076923076923,77.07373691397359,0
per_huruf_hybrid_skeleton_forced_loop_no_sig,5,174,0.032287994061978104,171.38461538461542,77.07282658170233,171.38461538461542,77.07282658170233,0
per_huruf_hybrid_skeleton_forced_loop_no_sig,5,175,0.032473557246242346,171.46153846153845,77.06690942193902,171.46153846153845,77.06690942193902,0
per_huruf_hybrid_skeleton_forced_loop_no_sig,5,176,0.03265912043050659,171.53846153846155,77.05735093309059,171.53846153846155,77.05735093309059,0
per_huruf_hybrid_skeleton_forced_loop_no_sig,5,177,0.03284468361477083,171.6153846153846,77.04551661356396,171.6153846153846,77.04551661356396,0
per_huruf_hybrid_skeleton_forced_loop_no_sig,5,178,0.033030246799035066,171.69230769230768,77.03277196176603,171.69230769230768,77.03277196176603,0
per_huruf_hybrid_skeleton_forced_loop_no_sig,5,179,0.03321580998329931,171.76923076923075,77.02048247610378,171.76923076923075,77.02048247610378,0
per_huruf_hybrid_skeleton_forced_loop_no_sig,5,180,0.03340137316756355,171.84615384615387,77.01001365498408,171.84615384615387,77.01001365498408,1
per_huruf_hybrid_skeleton_forced_loop_no_sig,5,181,0.033586936351827794,171.9230769230769,77.00273099681384,171.9230769230769,77.00273099681384,0
per_huruf_hybrid_skeleton_forced_loop_no_sig,5,182,0.033772499536092036,172.0,77.0,172.0,77.0,0
per_huruf_hybrid_skeleton_forced_loop_no_sig,5,183,0.03395806272035628,172.0769230769231,77.00000000000001,172.0769230769231,77.00000000000001,0
per_huruf_hybrid_skeleton_forced_loop_no_sig,5,184,0.03414362590462052,172.1538461538462,77.00000000000001,172.1538461538462,77.00000000000001,0
per_huruf_hybrid_skeleton_forced_loop_no_sig,5,185,0.034329189088884764,172.23076923076923,76.99999999999999,172.23076923076923,76.99999999999999,0
per_huruf_hybrid_skeleton_forced_loop_no_sig,5,186,0.034514752273149006,172.3076923076923,76.99999999999999,172.3076923076923,76.99999999999999,0
per_huruf_hybrid_skeleton_forced_loop_no_sig,5,187,0.03470031545741325,172.38461538461542,77.00000000000001,172.38461538461542,77.00000000000001,0
per_huruf_hybrid_skeleton_forced_loop_no_sig,5,188,0.03488587864167749,172.46153846153848,77.0,172.46153846153848,77.0,0
per_huruf_hybrid_skeleton_forced_loop_no_sig,5,189,0.035071441825941733,172.53846153846155,77.00000000000001,172.53846153846155,77.00000000000001,0
per_huruf_hybrid_skeleton_forced_loop_no_sig,5,190,0.035257005010205976,172.6153846153846,77.0,172.6153846153846,77.0,0
per_huruf_hybrid_skeleton_forced_loop_no_sig,5,191,0.03544256819447022,172.69230769230768,77.0,172.69230769230768,77.0,0
per_huruf_hybrid_skeleton_forced_loop_no_sig,5,192,0.035628131378734454,172.76923076923075,77.0,172.76923076923075,77.0,0
per_huruf_hybrid_skeleton_forced_loop_no_sig,5,193,0.035813694562998696,172.84615384615387,77.0,172.84615384615387,77.0,0
per_huruf_hybrid_skeleton_forced_loop_no_sig,5,194,0.03599925774726294,172.9230769230769,77.0,172.9230769230769,77.0,0
per_huruf_hybrid_skeleton_forced_loop_no_sig,5,195,0.03618482093152718,173.0,77.0,173.0,77.0,0
per_huruf_hybrid_skeleton_forced_loop_no_sig,5,196,0.036370384115791424,173.0769230769231,77.00000000000001,173.0769230769231,77.00000000000001,0
per_huruf_hybrid_skeleton_forced_loop_no_sig,5,197,0.036555947300055666,173.1538461538462,77.00000000000001,173.1538461538462,77.00000000000001,0
per_huruf_hybrid_skeleton_forced_loop_no_sig,5,198,0.03674151048431991,173.2307692307692,76.99999999999999,173.2307692307692,76.99999999999999,0
per_huruf_hybrid_skeleton_forced_loop_no_sig,5,199,0.03692707366858415,173.3076923076923,76.99999999999999,173.3076923076923,76.99999999999999,0
per_huruf_hybrid_skeleton_forced_loop_no_sig,5,200,0.037112636852848394,173.3846153846154,77.00000000000001,173.3846153846154,77.00000000000001,0
per_huruf_hybrid_skeleton_forced_loop_no_sig,5,201,0.037298200037112636,173.4615384615385,77.0,173.4615384615385,77.0,0
per_huruf_hybrid_skeleton_forced_loop_no_sig,5,202,0.03748376322137688,173.53846153846155,77.00000000000001,173.53846153846155,77.00000000000001,0
per_huruf_hybrid_skeleton_forced_loop_no_sig,5,203,0.03766932640564112,173.6153846153846,77.0,173.6153846153846,77.0,0
per_huruf_hybrid_skeleton_forced_loop_no_sig,5,204,0.03785488958990536,173.69230769230768,77.0,173.69230769230768,77.0,0
per_huruf_hybrid_skeleton_forced_loop_no_sig,5,205,0.038040452774169606,173.76923076923075,77.0,173.76923076923075,77.0,0
per_huruf_hybrid_skeleton_forced_loop_no_sig,5,206,0.03822601595843385,173.84615384615387,77.0,173.84615384615387,77.0,0
per_huruf_hybrid_skeleton_forced_loop_no_sig,5,207,0.038411579142698084,173.9230769230769,77.0,173.9230769230769,77.0,0
per_huruf_hybrid_skeleton_forced_loop_no_sig,5,208,0.038597142326962326,174.0,77.0,174.0,77.0,0
per_huruf_hybrid_skeleton_forced_loop_no_sig,5,209,0.03878270551122657,174.0769230769231,77.00000000000001,174.0769230769231,77.00000000000001,0
per_huruf_hybrid_skeleton_forced_loop_no_sig,5,210,0.03896826869549081,174.1538461538462,77.00000000000001,174.1538461538462,77.00000000000001,0
per_huruf_hybrid_skeleton_forced_loop_no_sig,5,211,0.039153831879755054,174.2307692307692,76.99999999999999,174.2307692307692,76.99999999999999,0
per_huruf_hybrid_skeleton_forced_loop_no_sig,5,212,0.039339395064019296,174.3076923076923,76.99999999999999,174.3076923076923,76.99999999999999,0
per_huruf_hybrid_skeleton_forced_loop_no_sig,5,213,0.03952495824828354,174.3846153846154,77.00000000000001,174.3846153846154,77.00000000000001,0
per_huruf_hybrid_skeleton_forced_loop_no_sig,5,214,0.03971052143254778,174.46153846153848,77.0,174.46153846153848,77.0,0
per_huruf_hybrid_skeleton_forced_loop_no_sig,5,215,0.03989608461681202,174.53846153846152,77.00000000000001,174.53846153846152,77.00000000000001,0
per_huruf_hybrid_skeleton_forced_loop_no_sig,5,216,0.040081647801076266,174.6153846153846,77.0,174.6153846153846,77.0,0
per_huruf_hybrid_skeleton_forced_loop_no_sig,5,217,0.04026721098534051,174.69230769230768,77.0,174.69230769230768,77.0,0
per_huruf_hybrid_skeleton_forced_loop_no_sig,5,218,0.04045277416960475,174.76923076923077,77.0,174.76923076923077,77.0,0
per_huruf_hybrid_skeleton_forced_loop_no_sig,5,219,0.04063833735386899,174.84615384615387,77.0,174.84615384615387,77.0,0
per_huruf_hybrid_skeleton_forced_loop_no_sig,5,220,0.040823900538133236,174.92307692307693,77.0,174.92307692307693,77.0,0
per_huruf_hybrid_skeleton_forced_loop_no_sig,5,221,0.04100946372239747,175.0,77.0,175.0,77.0,0
per_huruf_hybrid_skeleton_forced_loop_no_sig,5,222,0.041195026906661714,175.0769230769231,77.00000000000001,175.0769230769231,77.00000000000001,0
per_huruf_hybrid_skeleton_forced_loop_no_sig,5,223,0.041380590090925956,175.15384615384616,77.00000000000001,175.15384615384616,77.00000000000001,0
per_huruf_hybrid_skeleton_forced_loop_no_sig,5,224,0.0415661532751902,175.2307692307692,76.99999999999999,175.2307692307692,76.99999999999999,0
per_huruf_hybrid_skeleton_forced_loop_no_sig,5,225,0.04175171645945444,175.3076923076923,76.99999999999999,175.3076923076923,76.99999999999999,0
per_huruf_hybrid_skeleton_forced_loop_no_sig,5,226,0.04193727964371868,175.3846153846154,77.00000000000001,175.3846153846154,77.00000000000001,0
per_huruf_hybrid_skeleton_forced_loop_no_sig,5,227,0.042122842827982926,175.46153846153845,77.0,175.46153846153845,77.0,0
per_huruf_hybrid_skeleton_forced_loop_no_sig,5,228,0.04230840601224717,175.53846153846155,77.00000000000001,175.53846153846155,77.00000000000001,0
per_huruf_hybrid_skeleton_forced_loop_no_sig,5,229,0.04249396919651141,175.6153846153846,77.0,175.6153846153846,77.0,0
per_huruf_hybrid_skeleton_forced_loop_no_sig,5,230,0.04267953238077565,175.69230769230768,77.0,175.69230769230768,77.0,0
per_huruf_hybrid_skeleton_forced_loop_no_sig,5,231,0.042865095565039896,175.76923076923075,77.0,175.76923076923075,77.0,0
per_huruf_hybrid_skeleton_forced_loop_no_sig,5,232,0.04305065874930414,175.84615384615384,77.0,175.84615384615384,77.0,0
per_huruf_hybrid_skeleton_forced_loop_no_sig,5,233,0.04323622193356838,175.9230769230769,77.0,175.9230769230769,77.0,0
per_huruf_hybrid_skeleton_forced_loop_no_sig,5,234,0.04342178511783262,176.0,77.0,176.0,77.0,0
per_huruf_hybrid_skeleton_forced_loop_no_sig,5,235,0.04360734830209686,176.0769230769231,77.00000000000001,176.0769230769231,77.00000000000001,0
per_huruf_hybrid_skeleton_forced_loop_no_sig,5,236,0.0437929114863611,176.1538461538462,77.00000000000001,176.1538461538462,77.00000000000001,0
per_huruf_hybrid_skeleton_forced_loop_no_sig,5,237,0.043978474670625343,176.23076923076923,76.99999999999999,176.23076923076923,76.99999999999999,0
per_huruf_hybrid_skeleton_forced_loop_no_sig,5,238,0.044164037854889586,176.30769230769232,76.99999999999999,176.30769230769232,76.99999999999999,0
per_huruf_hybrid_skeleton_forced_loop_no_sig,5,239,0.04434960103915383,176.3846153846154,77.00000000000001,176.3846153846154,77.00000000000001,0
per_huruf_hybrid_skeleton_forced_loop_no_sig,5,240,0.04453516422341807,176.46153846153848,77.0,176.46153846153848,77.0,0
per_huruf_hybrid_skeleton_forced_loop_no_sig,5,241,0.04472072740768231,176.53846153846155,77.00000000000001,176.53846153846155,77.00000000000001,0
per_huruf_hybrid_skeleton_forced_loop_no_sig,5,242,0.044906290591946556,176.61538461538464,77.0,176.61538461538464,77.0,0
per_huruf_hybrid_skeleton_forced_loop_no_sig,5,243,0.0450918537762108,176.69230769230768,77.0,176.69230769230768,77.0,0
per_huruf_hybrid_skeleton_forced_loop_no_sig,5,244,0.04527741696047504,176.76923076923075,77.0,176.76923076923075,77.0,0
per_huruf_hybrid_skeleton_forced_loop_no_sig,5,245,0.04546298014473928,176.84615384615384,77.0,176.84615384615384,77.0,0
per_huruf_hybrid_skeleton_forced_loop_no_sig,5,246,0.045648543329003526,176.9230769230769,77.0,176.9230769230769,77.0,0
per_huruf_hybrid_skeleton_forced_loop_no_sig,5,247,0.04583410651326777,177.0,77.0,177.0,77.0,0
per_huruf_hybrid_skeleton_forced_loop_no_sig,5,248,0.04601966969753201,177.07692307692312,76.99726900318618,177.07692307692312,76.99726900318618,0
per_huruf_hybrid_skeleton_forced_loop_no_sig,5,249,0.046205232881796246,177.1538461538462,76.98998634501595,177.1538461538462,76.98998634501595,0
per_huruf_hybrid_skeleton_forced_loop_no_sig,5,250,0.04639079606606049,177.2307692307692,76.9795175238962,177.2307692307692,76.9795175238962,0
per_huruf_hybrid_skeleton_forced_loop_no_sig,5,251,0.04657635925032473,177.3076923076923,76.96722803823394,177.3076923076923,76.96722803823394,0
per_huruf_hybrid_skeleton_forced_loop_no_sig,5,252,0.04676192243458897,177.3846153846154,76.95448338643605,177.3846153846154,76.95448338643605,0
per_huruf_hybrid_skeleton_forced_loop_no_sig,5,253,0.046947485618853216,177.46153846153848,76.94264906690942,177.46153846153848,76.94264906690942,0
per_huruf_hybrid_skeleton_forced_loop_no_sig,5,254,0.04713304880311746,177.53846153846155,76.933090578061,177.53846153846155,76.933090578061,0
per_huruf_hybrid_skeleton_forced_loop_no_sig,5,255,0.0473186119873817,177.61538461538464,76.92717341829768,177.61538461538464,76.92717341829768,0
per_huruf_hybrid_skeleton_forced_loop_no_sig,5,256,0.04750417517164594,177.69230769230768,76.9262630860264,177.69230769230768,76.9262630860264,0
per_huruf_hybrid_skeleton_forced_loop_no_sig,5,257,0.047689738355910186,177.76923076923075,76.93172507965406,177.76923076923075,76.93172507965406,0
per_huruf_hybrid_skeleton_forced_loop_no_sig,5,258,0.04787530154017443,177.84615384615384,76.94492489758761,177.84615384615384,76.94492489758761,0
per_huruf_hybrid_skeleton_forced_loop_no_sig,5,259,0.04806086472443867,177.9230769230769,76.96722803823396,177.9230769230769,76.96722803823396,0
per_huruf_hybrid_skeleton_forced_loop_no_sig,5,260,0.04824642790870291,178.0,77.0,178.0,77.0,0
per_huruf_hybrid_skeleton_forced_loop_no_sig,5,261,0.048431991092967155,178.0769230769231,77.04415111515704,178.0769230769231,77.04415111515704,0
per_huruf_hybrid_skeleton_forced_loop_no_sig,5,262,0.0486175542772314,178.15384615384616,77.09877105143377,178.15384615384616,77.09877105143377,0
per_huruf_hybrid_skeleton_forced_loop_no_sig,5,263,0.04880311746149564,178.2307692307692,77.1624943104233,178.2307692307692,77.1624943104233,0
per_huruf_hybrid_skeleton_forced_loop_no_sig,5,264,0.048988680645759876,178.3076923076923,77.2339553937187,178.3076923076923,77.2339553937187,0
per_huruf_hybrid_skeleton_forced_loop_no_sig,5,265,0.04917424383002412,178.3846153846154,77.31178880291309,178.3846153846154,77.31178880291309,0
per_huruf_hybrid_skeleton_forced_loop_no_sig,5,266,0.04935980701428836,178.46153846153848,77.39462903959947,178.46153846153848,77.39462903959947,0
per_huruf_hybrid_skeleton_forced_loop_no_sig,5,267,0.0495453701985526,178.53846153846155,77.48111060537097,178.53846153846155,77.48111060537097,0
per_huruf_hybrid_skeleton_forced_loop_no_sig,5,268,0.049730933382816846,178.61538461538464,77.56986800182067,178.61538461538464,77.56986800182067,0
per_huruf_hybrid_skeleton_forced_loop_no_sig,5,269,0.04991649656708109,178.69230769230768,77.65953573054165,178.69230769230768,77.65953573054165,0
per_huruf_hybrid_skeleton_forced_loop_no_sig,5,270,0.05010205975134533,178.76923076923077,77.748748293127,178.76923076923077,77.748748293127,0
per_huruf_hybrid_skeleton_forced_loop_no_sig,5,271,0.05028762293560957,178.84615384615384,77.83614019116979,178.84615384615384,77.83614019116979,0
per_huruf_hybrid_skeleton_forced_loop_no_sig,5,272,0.050473186119873815,178.92307692307693,77.92034592626308,178.92307692307693,77.92034592626308,0
per_huruf_hybrid_skeleton_forced_loop_no_sig,5,273,0.05065874930413806,179.0,78.0,179.0,78.0,0
per_huruf_hybrid_skeleton_forced_loop_no_sig,5,274,0.0508443124884023,179.07692307692312,78.07965407373693,179.07692307692312,78.07965407373693,0
per_huruf_hybrid_skeleton_forced_loop_no_sig,5,275,0.05102987567266654,179.1538461538462,78.16385980883022,179.1538461538462,78.16385980883022,0
per_huruf_hybrid_skeleton_forced_loop_no_sig,5,276,0.051215438856930785,179.23076923076923,78.25125170687298,179.23076923076923,78.25125170687298,0
per_huruf_hybrid_skeleton_forced_loop_no_sig,5,277,0.05140100204119503,179.3076923076923,78.34046426945835,179.3076923076923,78.34046426945835,0
per_huruf_hybrid_skeleton_forced_loop_no_sig,5,278,0.05158656522545926,179.3846153846154,78.43013199817933,179.3846153846154,78.43013199817933,0
per_huruf_hybrid_skeleton_forced_loop_no_sig,5,279,0.051772128409723506,179.46153846153845,78.51888939462904,179.46153846153845,78.51888939462904,0
per_huruf_hybrid_skeleton_forced_loop_no_sig,5,280,0.05195769159398775,179.53846153846155,78.60537096040053,179.53846153846155,78.60537096040053,0
per_huruf_hybrid_skeleton_forced_loop_no_sig,5,281,0.05214325477825199,179.61538461538464,78.68821119708693,179.61538461538464,78.68821119708693,0
per_huruf_hybrid_skeleton_forced_loop_no_sig,5,282,0.05232881796251623,179.69230769230768,78.76604460628128,179.69230769230768,78.76604460628128,0
per_huruf_hybrid_skeleton_forced_loop_no_sig,5,283,0.052514381146780476,179.76923076923075,78.83750568957669,179.76923076923075,78.83750568957669,0
per_huruf_hybrid_skeleton_forced_loop_no_sig,5,284,0.05269994433104472,179.84615384615384,78.90122894856623,179.84615384615384,78.90122894856623,0
per_huruf_hybrid_skeleton_forced_loop_no_sig,5,285,0.05288550751530896,179.9230769230769,78.95584888484296,179.9230769230769,78.95584888484296,0
per_huruf_hybrid_skeleton_forced_loop_no_sig,5,286,0.0530710706995732,180.0,79.0,180.0,79.0,0
per_huruf_hybrid_skeleton_forced_loop_no_sig,5,287,0.053256633883837445,180.0769230769231,79.03004096495222,180.0769230769231,79.03004096495222,0
per_huruf_hybrid_skeleton_forced_loop_no_sig,5,288,0.05344219706810169,180.15384615384616,79.04506144742832,180.15384615384616,79.04506144742832,0
per_huruf_hybrid_skeleton_forced_loop_no_sig,5,289,0.05362776025236593,180.2307692307692,79.04779244424213,180.2307692307692,79.04779244424213,0
per_huruf_hybrid_skeleton_forced_loop_no_sig,5,290,0.05381332343663017,180.3076923076923,79.04096495220755,180.3076923076923,79.04096495220755,0
per_huruf_hybrid_skeleton_forced_loop_no_sig,5,291,0.053998886620894415,180.38461538461542,79.0273099681384,180.38461538461542,79.0273099681384,0
per_huruf_hybrid_skeleton_forced_loop_no_sig,5,292,0.05418444980515865,180.46153846153848,79.00955848884843,180.46153846153848,79.00955848884843,0
per_huruf_hybrid_skeleton_forced_loop_no_sig,5,293,0.05437001298942289,180.53846153846152,78.99044151115156,180.53846153846152,78.99044151115156,0
per_huruf_hybrid_skeleton_forced_loop_no_sig,5,294,0.054555576173687136,180.61538461538464,78.97269003186163,180.61538461538464,78.97269003186163,0
per_huruf_hybrid_skeleton_forced_loop_no_sig,5,295,0.05474113935795138,180.69230769230768,78.95903504779244,180.69230769230768,78.95903504779244,0
per_huruf_hybrid_skeleton_forced_loop_no_sig,5,296,0.05492670254221562,180.76923076923077,78.95220755575784,180.76923076923077,78.95220755575784,0
per_huruf_hybrid_skeleton_forced_loop_no_sig,5,297,0.05511226572647986,180.84615384615384,78.95493855257169,180.84615384615384,78.95493855257169,0
per_huruf_hybrid_skeleton_forced_loop_no_sig,5,298,0.055297828910744105,180.9230769230769,78.9699590350478,180.9230769230769,78.9699590350478,0
per_huruf_hybrid_skeleton_forced_loop_no_sig,5,299,0.05548339209500835,181.0,79.0,181.0,79.0,0
per_huruf_hybrid_skeleton_forced_loop_no_sig,5,300,0.05566895527927259,181.07965407373695,79.04415111515704,181.07965407373695,79.04415111515704,0
per_huruf_hybrid_skeleton_forced_loop_no_sig,5,301,0.05585451846353683,181.16385980883024,79.0987710514338,181.16385980883024,79.0987710514338,0
per_huruf_hybrid_skeleton_forced_loop_no_sig,5,302,0.056040081647801075,181.25125170687303,79.1624943104233,181.25125170687303,79.1624943104233,0
per_huruf_hybrid_skeleton_forced_loop_no_sig,5,303,0.05622564483206532,181.34046426945835,79.2339553937187,181.34046426945835,79.2339553937187,0
per_huruf_hybrid_skeleton_forced_loop_no_sig,5,304,0.05641120801632956,181.43013199817938,79.31178880291309,181.43013199817938,79.31178880291309,0
per_huruf_hybrid_skeleton_forced_loop_no_sig,5,305,0.0565967712005938,181.51888939462904,79.39462903959947,181.51888939462904,79.39462903959947,0
per_huruf_hybrid_skeleton_forced_loop_no_sig,5,306,0.05678233438485804,181.60537096040056,79.48111060537096,181.60537096040056,79.48111060537096,0
per_huruf_hybrid_skeleton_forced_loop_no_sig,5,307,0.05696789756912228,181.68821119708696,79.56986800182068,181.68821119708696,79.56986800182068,0
per_huruf_hybrid_skeleton_forced_loop_no_sig,5,308,0.05715346075338652,181.7660446062813,79.65953573054165,181.7660446062813,79.65953573054165,0
per_huruf_hybrid_skeleton_forced_loop_no_sig,5,309,0.057339023937650765,181.8375056895767,79.748748293127,181.8375056895767,79.748748293127,0
per_huruf_hybrid_skeleton_forced_loop_no_sig,5,310,0.05752458712191501,181.90122894856623,79.83614019116978,181.90122894856623,79.83614019116978,0
per_huruf_hybrid_skeleton_forced_loop_no_sig,5,311,0.05771015030617925,181.95584888484296,79.92034592626308,181.95584888484296,79.92034592626308,0
per_huruf_hybrid_skeleton_forced_loop_no_sig,5,312,0.05789571349044349,182.0,80.0,182.0,80.0,0
per_huruf_hybrid_skeleton_forced_loop_no_sig,5,313,0.058081276674707735,182.0327719617661,80.07692307692308,182.0327719617661,80.07692307692308,0
per_huruf_hybrid_skeleton_forced_loop_no_sig,5,314,0.05826683985897198,182.0550751024124,80.15384615384616,182.0550751024124,80.15384615384616,0
per_huruf_hybrid_skeleton_forced_loop_no_sig,5,315,0.05845240304323622,182.0682749203459,80.23076923076921,182.0682749203459,80.23076923076921,0
per_huruf_hybrid_skeleton_forced_loop_no_sig,5,316,0.05863796622750046,182.07373691397356,80.30769230769229,182.07373691397356,80.30769230769229,0
per_huruf_hybrid_skeleton_forced_loop_no_sig,5,317,0.058823529411764705,182.07282658170232,80.3846153846154,182.07282658170232,80.3846153846154,0
per_huruf_hybrid_skeleton_forced_loop_no_sig,5,318,0.05900909259602895,182.06690942193902,80.46153846153848,182.06690942193902,80.46153846153848,0
per_huruf_hybrid_skeleton_forced_loop_no_sig,5,319,0.05919465578029319,182.0573509330906,80.53846153846153,182.0573509330906,80.53846153846153,0
per_huruf_hybrid_skeleton_forced_loop_no_sig,5,320,0.05938021896455743,182.04551661356396,80.61538461538463,182.04551661356396,80.61538461538463,0
per_huruf_hybrid_skeleton_forced_loop_no_sig,5,321,0.05956578214882167,182.03277196176603,80.6923076923077,182.03277196176603,80.6923076923077,0
per_huruf_hybrid_skeleton_forced_loop_no_sig,5,322,0.05975134533308591,182.02048247610375,80.76923076923076,182.02048247610375,80.76923076923076,0
per_huruf_hybrid_skeleton_forced_loop_no_sig,5,323,0.05993690851735015,182.01001365498405,80.84615384615385,182.01001365498405,80.84615384615385,0
per_huruf_hybrid_skeleton_forced_loop_no_sig,5,324,0.060122471701614395,182.00273099681385,80.92307692307692,182.00273099681385,80.92307692307692,0
per_huruf_hybrid_skeleton_forced_loop_no_sig,5,325,0.06030803488587864,182.0,81.0,182.0,81.0,0
per_huruf_hybrid_skeleton_forced_loop_no_sig,5,326,0.06049359807014288,182.00000000000003,81.0769230769231,182.00000000000003,81.0769230769231,0
per_huruf_hybrid_skeleton_forced_loop_no_sig,5,327,0.06067916125440712,182.00000000000003,81.15384615384616,182.00000000000003,81.15384615384616,0
per_huruf_hybrid_skeleton_forced_loop_no_sig,5,328,0.060864724438671365,182.0,81.23076923076923,182.0,81.23076923076923,0
per_huruf_hybrid_skeleton_forced_loop_no_sig,5,329,0.06105028762293561,181.99999999999997,81.30769230769229,181.99999999999997,81.30769230769229,0
per_huruf_hybrid_skeleton_forced_loop_no_sig,5,330,0.06123585080719985,182.0,81.38461538461539,182.0,81.38461538461539,0
per_huruf_hybrid_skeleton_forced_loop_no_sig,5,331,0.06142141399146409,182.00000000000003,81.46153846153847,182.00000000000003,81.46153846153847,0
per_huruf_hybrid_skeleton_forced_loop_no_sig,5,332,0.061606977175728335,182.0,81.53846153846153,182.0,81.53846153846153,0
per_huruf_hybrid_skeleton_forced_loop_no_sig,5,333,0.06179254035999258,182.0,81.61538461538461,182.0,81.61538461538461,0
per_huruf_hybrid_skeleton_forced_loop_no_sig,5,334,0.06197810354425682,181.99999999999997,81.6923076923077,181.99999999999997,81.6923076923077,0
per_huruf_hybrid_skeleton_forced_loop_no_sig,5,335,0.062163666728521055,181.99999999999997,81.76923076923076,181.99999999999997,81.76923076923076,0
per_huruf_hybrid_skeleton_forced_loop_no_sig,5,336,0.0623492299127853,182.0,81.84615384615385,182.0,81.84615384615385,0
per_huruf_hybrid_skeleton_forced_loop_no_sig,5,337,0.06253479309704954,182.0,81.92307692307692,182.0,81.92307692307692,0
per_huruf_hybrid_skeleton_forced_loop_no_sig,5,338,0.06272035628131378,182.0,82.0,182.0,82.0,0
per_huruf_hybrid_skeleton_forced_loop_no_sig,5,339,0.06290591946557803,182.00000000000003,82.0769230769231,182.00000000000003,82.0769230769231,0
per_huruf_hybrid_skeleton_forced_loop_no_sig,5,340,0.06309148264984227,182.00000000000003,82.15384615384615,182.00000000000003,82.15384615384615,0
per_huruf_hybrid_skeleton_forced_loop_no_sig,5,341,0.06327704583410651,182.0,82.23076923076923,182.0,82.23076923076923,0
per_huruf_hybrid_skeleton_forced_loop_no_sig,5,342,0.06346260901837075,181.99999999999997,82.30769230769229,181.99999999999997,82.30769230769229,0
per_huruf_hybrid_skeleton_forced_loop_no_sig,5,343,0.063648172202635,182.0,82.3846153846154,182.0,82.3846153846154,0
per_huruf_hybrid_skeleton_forced_loop_no_sig,5,344,0.06383373538689924,182.00000000000003,82.46153846153847,182.00000000000003,82.46153846153847,0
per_huruf_hybrid_skeleton_forced_loop_no_sig,5,345,0.06401929857116348,182.0,82.53846153846155,182.0,82.53846153846155,0
per_huruf_hybrid_skeleton_forced_loop_no_sig,5,346,0.06420486175542772,182.0,82.61538461538461,182.0,82.61538461538461,0
per_huruf_hybrid_skeleton_forced_loop_no_sig,5,347,0.06439042493969196,181.99999999999997,82.6923076923077,181.99999999999997,82.6923076923077,0
per_huruf_hybrid_skeleton_forced_loop_no_sig,5,348,0.06457598812395621,181.99999999999997,82.76923076923076,181.99999999999997,82.76923076923076,0
per_huruf_hybrid_skeleton_forced_loop_no_sig,5,349,0.06476155130822045,182.0,82.84615384615384,182.0,82.84615384615384,0
per_huruf_hybrid_skeleton_forced_loop_no_sig,5,350,0.06494711449248469,182.0,82.92307692307692,182.0,82.92307692307692,0
per_huruf_hybrid_skeleton_forced_loop_no_sig,5,351,0.06513267767674893,182.0,83.0,182.0,83.0,0
per_huruf_hybrid_skeleton_forced_loop_no_sig,5,352,0.06531824086101318,182.00273099681385,83.0769230769231,182.00273099681385,83.0769230769231,0
per_huruf_hybrid_skeleton_forced_loop_no_sig,5,353,0.06550380404527742,182.01001365498408,83.15384615384615,182.01001365498408,83.15384615384615,0
per_huruf_hybrid_skeleton_forced_loop_no_sig,5,354,0.06568936722954166,182.02048247610375,83.23076923076921,182.02048247610375,83.23076923076921,0
per_huruf_hybrid_skeleton_forced_loop_no_sig,5,355,0.0658749304138059,182.03277196176603,83.3076923076923,182.03277196176603,83.3076923076923,0
per_huruf_hybrid_skeleton_forced_loop_no_sig,5,356,0.06606049359807013,182.04551661356396,83.3846153846154,182.04551661356396,83.3846153846154,0
per_huruf_hybrid_skeleton_forced_loop_no_sig,5,357,0.06624605678233438,182.0573509330906,83.46153846153847,182.0573509330906,83.46153846153847,0
per_huruf_hybrid_skeleton_forced_loop_no_sig,5,358,0.06643161996659862,182.06690942193902,83.53846153846155,182.06690942193902,83.53846153846155,0
per_huruf_hybrid_skeleton_forced_loop_no_sig,5,359,0.06661718315086286,182.07282658170232,83.61538461538461,182.07282658170232,83.61538461538461,0
per_huruf_hybrid_skeleton_forced_loop_no_sig,5,360,0.0668027463351271,182.0737369139736,83.6923076923077,182.0737369139736,83.6923076923077,0
per_huruf_hybrid_skeleton_forced_loop_no_sig,5,361,0.06698830951939135,182.0682749203459,83.76923076923076,182.0682749203459,83.76923076923076,0
per_huruf_hybrid_skeleton_forced_loop_no_sig,5,362,0.06717387270365559,182.0550751024124,83.84615384615384,182.0550751024124,83.84615384615384,0
per_huruf_hybrid_skeleton_forced_loop_no_sig,5,363,0.06735943588791983,182.03277196176606,83.92307692307692,182.03277196176606,83.92307692307692,0
per_huruf_hybrid_skeleton_forced_loop_no_sig,5,364,0.06754499907218407,182.0,84.0,182.0,84.0,0
per_huruf_hybrid_skeleton_forced_loop_no_sig,5,365,0.06773056225644832,181.955848884843,84.07692307692308,181.955848884843,84.07692307692308,0
per_huruf_hybrid_skeleton_forced_loop_no_sig,5,366,0.06791612544071256,181.90122894856623,84.15384615384616,181.90122894856623,84.15384615384616,0
per_huruf_hybrid_skeleton_forced_loop_no_sig,5,367,0.0681016886249768,181.83750568957666,84.23076923076921,181.83750568957666,84.23076923076921,0
per_huruf_hybrid_skeleton_forced_loop_no_sig,5,368,0.06828725180924104,181.76604460628127,84.3076923076923,181.76604460628127,84.3076923076923,0
per_huruf_hybrid_skeleton_forced_loop_no_sig,5,369,0.06847281499350528,181.68821119708696,84.3846153846154,181.68821119708696,84.3846153846154,0
per_huruf_hybrid_skeleton_forced_loop_no_sig,5,370,0.06865837817776953,181.60537096040056,84.46153846153847,181.60537096040056,84.46153846153847,0
per_huruf_hybrid_skeleton_forced_loop_no_sig,5,371,0.06884394136203377,181.51888939462904,84.53846153846153,181.51888939462904,84.53846153846153,0
per_huruf_hybrid_skeleton_forced_loop_no_sig,5,372,0.06902950454629801,181.43013199817938,84.61538461538461,181.43013199817938,84.61538461538461,0
per_huruf_hybrid_skeleton_forced_loop_no_sig,5,373,0.06921506773056225,181.34046426945835,84.69230769230768,181.34046426945835,84.69230769230768,0
per_huruf_hybrid_skeleton_forced_loop_no_sig,5,374,0.0694006309148265,181.251251706873,84.76923076923076,181.251251706873,84.76923076923076,0
per_huruf_hybrid_skeleton_forced_loop_no_sig,5,375,0.06958619409909074,181.16385980883024,84.84615384615385,181.16385980883024,84.84615384615385,0
per_huruf_hybrid_skeleton_forced_loop_no_sig,5,376,0.06977175728335498,181.0796540737369,84.92307692307692,181.0796540737369,84.92307692307692,0
per_huruf_hybrid_skeleton_forced_loop_no_sig,5,377,0.06995732046761922,181.0,85.0,181.0,85.0,0
per_huruf_hybrid_skeleton_forced_loop_no_sig,5,378,0.07014288365188347,180.92307692307696,85.07965407373692,180.92307692307696,85.07965407373692,0
per_huruf_hybrid_skeleton_forced_loop_no_sig,5,379,0.07032844683614771,180.84615384615387,85.16385980883022,180.84615384615387,85.16385980883022,0
per_huruf_hybrid_skeleton_forced_loop_no_sig,5,380,0.07051401002041195,180.76923076923077,85.25125170687299,180.76923076923077,85.25125170687299,0
per_huruf_hybrid_skeleton_forced_loop_no_sig,5,381,0.0706995732046762,180.69230769230768,85.34046426945834,180.69230769230768,85.34046426945834,0
per_huruf_hybrid_skeleton_forced_loop_no_sig,5,382,0.07088513638894044,180.6153846153846,85.43013199817933,180.6153846153846,85.43013199817933,0
per_huruf_hybrid_skeleton_forced_loop_no_sig,5,383,0.07107069957320468,180.53846153846155,85.51888939462904,180.53846153846155,85.51888939462904,0
per_huruf_hybrid_skeleton_forced_loop_no_sig,5,384,0.07125626275746891,180.46153846153848,85.60537096040053,180.46153846153848,85.60537096040053,0
per_huruf_hybrid_skeleton_forced_loop_no_sig,5,385,0.07144182594173315,180.38461538461536,85.68821119708693,180.38461538461536,85.68821119708693,0
per_huruf_hybrid_skeleton_forced_loop_no_sig,5,386,0.07162738912599739,180.30769230769232,85.7660446062813,180.30769230769232,85.7660446062813,0
per_huruf_hybrid_skeleton_forced_loop_no_sig,5,387,0.07181295231026164,180.23076923076923,85.83750568957669,180.23076923076923,85.83750568957669,0
per_huruf_hybrid_skeleton_forced_loop_no_sig,5,388,0.07199851549452588,180.15384615384616,85.90122894856623,180.15384615384616,85.90122894856623,0
per_huruf_hybrid_skeleton_forced_loop_no_sig,5,389,0.07218407867879012,180.07692307692307,85.95584888484296,180.07692307692307,85.95584888484296,0
per_huruf_hybrid_skeleton_forced_loop_no_sig,5,390,0.07236964186305436,180.0,86.0,180.0,86.0,0
per_huruf_hybrid_skeleton_forced_loop_no_sig,5,391,0.0725552050473186,179.92307692307693,86.0300409649522,179.92307692307693,86.0300409649522,0
per_huruf_hybrid_skeleton_forced_loop_no_sig,5,392,0.07274076823158285,179.84615384615387,86.04506144742832,179.84615384615387,86.04506144742832,0
per_huruf_hybrid_skeleton_forced_loop_no_sig,5,393,0.07292633141584709,179.76923076923075,86.04779244424215,179.76923076923075,86.04779244424215,0
per_huruf_hybrid_skeleton_forced_loop_no_sig,5,394,0.07311189460011133,179.69230769230765,86.04096495220755,179.69230769230765,86.04096495220755,0
per_huruf_hybrid_skeleton_forced_loop_no_sig,5,395,0.07329745778437557,179.6153846153846,86.02730996813838,179.6153846153846,86.02730996813838,0
per_huruf_hybrid_skeleton_forced_loop_no_sig,5,396,0.07348302096863982,179.53846153846155,86.00955848884843,179.53846153846155,86.00955848884843,0
per_huruf_hybrid_skeleton_forced_loop_no_sig,5,397,0.07366858415290406,179.46153846153845,85.99044151115157,179.46153846153845,85.99044151115157,0
per_huruf_hybrid_skeleton_forced_loop_no_sig,5,398,0.0738541473371683,179.38461538461542,85.97269003186163,179.38461538461542,85.97269003186163,0
per_huruf_hybrid_skeleton_forced_loop_no_sig,5,399,0.07403971052143254,179.3076923076923,85.95903504779244,179.3076923076923,85.95903504779244,0
per_huruf_hybrid_skeleton_forced_loop_no_sig,5,400,0.07422527370569679,179.23076923076923,85.95220755575784,179.23076923076923,85.95220755575784,0
per_huruf_hybrid_skeleton_forced_loop_no_sig,5,401,0.07441083688996103,179.15384615384616,85.95493855257169,179.15384615384616,85.95493855257169,0
per_huruf_hybrid_skeleton_forced_loop_no_sig,5,402,0.07459640007422527,179.0769230769231,85.96995903504778,179.0769230769231,85.96995903504778,0
per_huruf_hybrid_skeleton_forced_loop_no_sig,5,403,0.07478196325848951,179.0,86.0,179.0,86.0,0
per_huruf_hybrid_skeleton_forced_loop_no_sig,5,404,0.07496752644275376,178.92307692307696,86.04688211197087,178.92307692307696,86.04688211197087,0
per_huruf_hybrid_skeleton_forced_loop_no_sig,5,405,0.075153089627018,178.84615384615387,86.10878470641785,178.84615384615387,86.10878470641785,0
per_huruf_hybrid_skeleton_forced_loop_no_sig,5,406,0.07533865281128224,178.76923076923075,86.18297678652708,178.76923076923075,86.18297678652708,0
per_huruf_hybrid_skeleton_forced_loop_no_sig,5,407,0.07552421599554648,178.6923076923077,86.26672735548475,178.6923076923077,86.26672735548475,0
per_huruf_hybrid_skeleton_forced_loop_no_sig,5,408,0.07570977917981073,178.6153846153846,86.35730541647702,178.6153846153846,86.35730541647702,0
per_huruf_hybrid_skeleton_forced_loop_no_sig,5,409,0.07589534236407497,178.53846153846152,86.45197997269003,178.53846153846152,86.45197997269003,0
per_huruf_hybrid_skeleton_forced_loop_no_sig,5,410,0.07608090554833921,178.46153846153845,86.54802002730997,178.46153846153845,86.54802002730997,0
per_huruf_hybrid_skeleton_forced_loop_no_sig,5,411,0.07626646873260345,178.38461538461536,86.64269458352298,178.38461538461536,86.64269458352298,0
per_huruf_hybrid_skeleton_forced_loop_no_sig,5,412,0.0764520319168677,178.30769230769232,86.73327264451524,178.30769230769232,86.73327264451524,0
per_huruf_hybrid_skeleton_forced_loop_no_sig,5,413,0.07663759510113193,178.23076923076923,86.81702321347291,178.23076923076923,86.81702321347291,0
per_huruf_hybrid_skeleton_forced_loop_no_sig,5,414,0.07682315828539617,178.15384615384613,86.89121529358215,178.15384615384613,86.89121529358215,0
per_huruf_hybrid_skeleton_forced_loop_no_sig,5,415,0.07700872146966041,178.0769230769231,86.95311788802913,178.0769230769231,86.95311788802913,0
per_huruf_hybrid_skeleton_forced_loop_no_sig,5,416,0.07719428465392465,178.0,87.0,178.0,87.0,0
per_huruf_hybrid_skeleton_forced_loop_no_sig,5,417,0.0773798478381889,177.92307692307696,87.03277196176606,177.92307692307696,87.03277196176606,0
per_huruf_hybrid_skeleton_forced_loop_no_sig,5,418,0.07756541102245314,177.84615384615387,87.05507510241239,177.84615384615387,87.05507510241239,0
per_huruf_hybrid_skeleton_forced_loop_no_sig,5,419,0.07775097420671738,177.76923076923072,87.06827492034591,177.76923076923072,87.06827492034591,0
per_huruf_hybrid_skeleton_forced_loop_no_sig,5,420,0.07793653739098162,177.6923076923077,87.07373691397359,177.6923076923077,87.07373691397359,0
per_huruf_hybrid_skeleton_forced_loop_no_sig,5,421,0.07812210057524586,177.6153846153846,87.07282658170233,177.6153846153846,87.07282658170233,0
per_huruf_hybrid_skeleton_forced_loop_no_sig,5,422,0.07830766375951011,177.53846153846155,87.06690942193902,177.53846153846155,87.06690942193902,0
per_huruf_hybrid_skeleton_forced_loop_no_sig,5,423,0.07849322694377435,177.46153846153848,87.05735093309059,177.46153846153848,87.05735093309059,0
per_huruf_hybrid_skeleton_forced_loop_no_sig,5,424,0.07867879012803859,177.38461538461542,87.04551661356396,177.38461538461542,87.04551661356396,0
per_huruf_hybrid_skeleton_forced_loop_no_sig,5,425,0.07886435331230283,177.3076923076923,87.03277196176603,177.3076923076923,87.03277196176603,0
per_huruf_hybrid_skeleton_forced_loop_no_sig,5,426,0.07904991649656708,177.23076923076923,87.02048247610377,177.23076923076923,87.02048247610377,0
per_huruf_hybrid_skeleton_forced_loop_no_sig,5,427,0.07923547968083132,177.15384615384616,87.01001365498408,177.15384615384616,87.01001365498408,0
per_huruf_hybrid_skeleton_forced_loop_no_sig,5,428,0.07942104286509556,177.07692307692307,87.00273099681384,177.07692307692307,87.00273099681384,0
per_huruf_hybrid_skeleton_forced_loop_no_sig,5,429,0.0796066060493598,177.0,87.0,177.0,87.0,0
per_huruf_hybrid_skeleton_forced_loop_no_sig,5,430,0.07979216923362405,176.92307692307693,87.00000000000001,176.92307692307693,87.00000000000001,0
per_huruf_hybrid_skeleton_forced_loop_no_sig,5,431,0.07997773241788829,176.84615384615387,87.0,176.84615384615387,87.0,0
per_huruf_hybrid_skeleton_forced_loop_no_sig,5,432,0.08016329560215253,176.76923076923075,86.99999999999999,176.76923076923075,86.99999999999999,0
per_huruf_hybrid_skeleton_forced_loop_no_sig,5,433,0.08034885878641677,176.69230769230768,87.0,176.69230769230768,87.0,0
per_huruf_hybrid_skeleton_forced_loop_no_sig,5,434,0.08053442197068102,176.61538461538464,87.00000000000001,176.61538461538464,87.00000000000001,0
per_huruf_hybrid_skeleton_forced_loop_no_sig,5,435,0.08071998515494526,176.53846153846155,87.0,176.53846153846155,87.0,0
per_huruf_hybrid_skeleton_forced_loop_no_sig,5,436,0.0809055483392095,176.46153846153848,87.0,176.46153846153848,87.0,0
per_huruf_hybrid_skeleton_forced_loop_no_sig,5,437,0.08109111152347374,176.38461538461536,87.0,176.38461538461536,87.0,0
per_huruf_hybrid_skeleton_forced_loop_no_sig,5,438,0.08127667470773799,176.30769230769232,87.0,176.30769230769232,87.0,0
per_huruf_hybrid_skeleton_forced_loop_no_sig,5,439,0.08146223789200223,176.23076923076923,86.99999999999999,176.23076923076923,86.99999999999999,0
per_huruf_hybrid_skeleton_forced_loop_no_sig,5,440,0.08164780107626647,176.15384615384616,87.0,176.15384615384616,87.0,0
per_huruf_hybrid_skeleton_forced_loop_no_sig,5,441,0.0818333642605307,176.07692307692307,87.0,176.07692307692307,87.0,0
per_huruf_hybrid_skeleton_forced_loop_no_sig,5,442,0.08201892744479494,176.0,87.0,176.0,87.0,0
per_huruf_hybrid_skeleton_forced_loop_no_sig,5,443,0.08220449062905918,175.92307692307693,87.00000000000001,175.92307692307693,87.00000000000001,0
per_huruf_hybrid_skeleton_forced_loop_no_sig,5,444,0.08239005381332343,175.84615384615387,87.0,175.84615384615387,87.0,0
per_huruf_hybrid_skeleton_forced_loop_no_sig,5,445,0.08257561699758767,175.76923076923075,86.99999999999999,175.76923076923075,86.99999999999999,0
per_huruf_hybrid_skeleton_forced_loop_no_sig,5,446,0.08276118018185191,175.69230769230768,87.0,175.69230769230768,87.0,0
per_huruf_hybrid_skeleton_forced_loop_no_sig,5,447,0.08294674336611615,175.6153846153846,87.00000000000001,175.6153846153846,87.00000000000001,0
per_huruf_hybrid_skeleton_forced_loop_no_sig,5,448,0.0831323065503804,175.53846153846155,87.0,175.53846153846155,87.0,0
per_huruf_hybrid_skeleton_forced_loop_no_sig,5,449,0.08331786973464464,175.46153846153845,87.0,175.46153846153845,87.0,0
per_huruf_hybrid_skeleton_forced_loop_no_sig,5,450,0.08350343291890888,175.3846153846154,87.0,175.3846153846154,87.0,0
per_huruf_hybrid_skeleton_forced_loop_no_sig,5,451,0.08368899610317312,175.30769230769232,87.0,175.30769230769232,87.0,0
per_huruf_hybrid_skeleton_forced_loop_no_sig,5,452,0.08387455928743737,175.23076923076923,86.99999999999999,175.23076923076923,86.99999999999999,0
per_huruf_hybrid_skeleton_forced_loop_no_sig,5,453,0.08406012247170161,175.15384615384616,87.0,175.15384615384616,87.0,0
per_huruf_hybrid_skeleton_forced_loop_no_sig,5,454,0.08424568565596585,175.0769230769231,87.0,175.0769230769231,87.0,0
per_huruf_hybrid_skeleton_forced_loop_no_sig,5,455,0.0844312488402301,175.0,87.0,175.0,87.0,0
per_huruf_hybrid_skeleton_forced_loop_no_sig,5,456,0.08461681202449434,174.92307692307696,87.00000000000001,174.92307692307696,87.00000000000001,0
per_huruf_hybrid_skeleton_forced_loop_no_sig,5,457,0.08480237520875858,174.84615384615387,87.0,174.84615384615387,87.0,0
per_huruf_hybrid_skeleton_forced_loop_no_sig,5,458,0.08498793839302282,174.76923076923075,86.99999999999999,174.76923076923075,86.99999999999999,0
per_huruf_hybrid_skeleton_forced_loop_no_sig,5,459,0.08517350157728706,174.69230769230768,87.0,174.69230769230768,87.0,0
per_huruf_hybrid_skeleton_forced_loop_no_sig,5,460,0.0853590647615513,174.6153846153846,87.00000000000001,174.6153846153846,87.00000000000001,0
per_huruf_hybrid_skeleton_forced_loop_no_sig,5,461,0.08554462794581555,174.53846153846155,87.0,174.53846153846155,87.0,0
per_huruf_hybrid_skeleton_forced_loop_no_sig,5,462,0.08573019113007979,174.46153846153845,87.0,174.46153846153845,87.0,0
per_huruf_hybrid_skeleton_forced_loop_no_sig,5,463,0.08591575431434403,174.3846153846154,87.0,174.3846153846154,87.0,0
per_huruf_hybrid_skeleton_forced_loop_no_sig,5,464,0.08610131749860828,174.30769230769232,87.0,174.30769230769232,87.0,0
per_huruf_hybrid_skeleton_forced_loop_no_sig,5,465,0.08628688068287252,174.2307692307692,86.99999999999999,174.2307692307692,86.99999999999999,0
per_huruf_hybrid_skeleton_forced_loop_no_sig,5,466,0.08647244386713676,174.1538461538462,87.0,174.1538461538462,87.0,0
per_huruf_hybrid_skeleton_forced_loop_no_sig,5,467,0.086658007051401,174.07692307692307,87.0,174.07692307692307,87.0,0
per_huruf_hybrid_skeleton_forced_loop_no_sig,5,468,0.08684357023566525,174.0,87.0,174.0,87.0,0
per_huruf_hybrid_skeleton_forced_loop_no_sig,5,469,0.08702913341992949,173.92307692307696,87.00000000000001,173.92307692307696,87.00000000000001,0
per_huruf_hybrid_skeleton_forced_loop_no_sig,5,470,0.08721469660419372,173.84615384615387,87.0,173.84615384615387,87.0,0
per_huruf_hybrid_skeleton_forced_loop_no_sig,5,471,0.08740025978845796,173.76923076923075,86.99999999999999,173.76923076923075,86.99999999999999,0
per_huruf_hybrid_skeleton_forced_loop_no_sig,5,472,0.0875858229727222,173.69230769230765,87.0,173.69230769230765,87.0,0
per_huruf_hybrid_skeleton_forced_loop_no_sig,5,473,0.08777138615698644,173.6153846153846,87.00000000000001,173.6153846153846,87.00000000000001,0
per_huruf_hybrid_skeleton_forced_loop_no_sig,5,474,0.08795694934125069,173.53846153846155,87.0,173.53846153846155,87.0,0
per_huruf_hybrid_skeleton_forced_loop_no_sig,5,475,0.08814251252551493,173.46153846153845,87.0,173.46153846153845,87.0,0
per_huruf_hybrid_skeleton_forced_loop_no_sig,5,476,0.08832807570977917,173.3846153846154,87.0,173.3846153846154,87.0,0
per_huruf_hybrid_skeleton_forced_loop_no_sig,5,477,0.08851363889404341,173.30769230769232,87.0,173.30769230769232,87.0,0
per_huruf_hybrid_skeleton_forced_loop_no_sig,5,478,0.08869920207830766,173.23076923076923,86.99999999999999,173.23076923076923,86.99999999999999,0
per_huruf_hybrid_skeleton_forced_loop_no_sig,5,479,0.0888847652625719,173.15384615384616,87.0,173.15384615384616,87.0,0
per_huruf_hybrid_skeleton_forced_loop_no_sig,5,480,0.08907032844683614,173.07692307692307,87.0,173.07692307692307,87.0,0
per_huruf_hybrid_skeleton_forced_loop_no_sig,5,481,0.08925589163110038,173.0,87.0,173.0,87.0,0
per_huruf_hybrid_skeleton_forced_loop_no_sig,5,482,0.08944145481536463,172.92307692307693,87.00000000000001,172.92307692307693,87.00000000000001,0
per_huruf_hybrid_skeleton_forced_loop_no_sig,5,483,0.08962701799962887,172.84615384615384,87.0,172.84615384615384,87.0,0
per_huruf_hybrid_skeleton_forced_loop_no_sig,5,484,0.08981258118389311,172.76923076923072,86.99999999999999,172.76923076923072,86.99999999999999,0
per_huruf_hybrid_skeleton_forced_loop_no_sig,5,485,0.08999814436815735,172.69230769230765,87.0,172.69230769230765,87.0,0
per_huruf_hybrid_skeleton_forced_loop_no_sig,5,486,0.0901837075524216,172.61538461538464,87.00000000000001,172.61538461538464,87.00000000000001,0
per_huruf_hybrid_skeleton_forced_loop_no_sig,5,487,0.09036927073668584,172.53846153846155,87.0,172.53846153846155,87.0,0
per_huruf_hybrid_skeleton_forced_loop_no_sig,5,488,0.09055483392095008,172.46153846153845,87.0,172.46153846153845,87.0,0
per_huruf_hybrid_skeleton_forced_loop_no_sig,5,489,0.09074039710521432,172.3846153846154,87.0,172.3846153846154,87.0,0
per_huruf_hybrid_skeleton_forced_loop_no_sig,5,490,0.09092596028947857,172.30769230769232,87.0,172.30769230769232,87.0,0
per_huruf_hybrid_skeleton_forced_loop_no_sig,5,491,0.09111152347374281,172.23076923076923,86.99999999999999,172.23076923076923,86.99999999999999,0
per_huruf_hybrid_skeleton_forced_loop_no_sig,5,492,0.09129708665800705,172.15384615384616,87.0,172.15384615384616,87.0,0
per_huruf_hybrid_skeleton_forced_loop_no_sig,5,493,0.0914826498422713,172.07692307692307,87.0,172.07692307692307,87.0,0
per_huruf_hybrid_skeleton_forced_loop_no_sig,5,494,0.09166821302653554,172.0,87.0,172.0,87.0,0
per_huruf_hybrid_skeleton_forced_loop_no_sig,5,495,0.09185377621079978,171.92307692307693,87.00000000000001,171.92307692307693,87.00000000000001,0
per_huruf_hybrid_skeleton_forced_loop_no_sig,5,496,0.09203933939506402,171.84615384615384,87.0,171.84615384615384,87.0,0
per_huruf_hybrid_skeleton_forced_loop_no_sig,5,497,0.09222490257932826,171.76923076923077,86.99999999999999,171.76923076923077,86.99999999999999,0
per_huruf_hybrid_skeleton_forced_loop_no_sig,5,498,0.09241046576359249,171.69230769230765,87.0,171.69230769230765,87.0,0
per_huruf_hybrid_skeleton_forced_loop_no_sig,5,499,0.09259602894785673,171.61538461538464,87.00000000000001,171.61538461538464,87.00000000000001,0
per_huruf_hybrid_skeleton_forced_loop_no_sig,5,500,0.09278159213212098,171.53846153846155,87.0,171.53846153846155,87.0,0
per_huruf_hybrid_skeleton_forced_loop_no_sig,5,501,0.09296715531638522,171.46153846153848,87.0,171.46153846153848,87.0,0
per_huruf_hybrid_skeleton_forced_loop_no_sig,5,502,0.09315271850064946,171.3846153846154,87.0,171.3846153846154,87.0,0
per_huruf_hybrid_skeleton_forced_loop_no_sig,5,503,0.0933382816849137,171.3076923076923,87.0,171.3076923076923,87.0,0
per_huruf_hybrid_skeleton_forced_loop_no_sig,5,504,0.09352384486917795,171.23076923076923,86.99999999999999,171.23076923076923,86.99999999999999,0
per_huruf_hybrid_skeleton_forced_loop_no_sig,5,505,0.09370940805344219,171.1538461538462,87.0,171.1538461538462,87.0,0
per_huruf_hybrid_skeleton_forced_loop_no_sig,5,506,0.09389497123770643,171.0769230769231,87.0,171.0769230769231,87.0,0
per_huruf_hybrid_skeleton_forced_loop_no_sig,5,507,0.09408053442197067,171.0,87.0,171.0,87.0,0
per_huruf_hybrid_skeleton_forced_loop_no_sig,5,508,0.09426609760623492,170.92307692307696,87.00000000000001,170.92307692307696,87.00000000000001,0
per_huruf_hybrid_skeleton_forced_loop_no_sig,5,509,0.09445166079049916,170.84615384615387,87.0,170.84615384615387,87.0,0
per_huruf_hybrid_skeleton_forced_loop_no_sig,5,510,0.0946372239747634,170.76923076923072,86.99999999999999,170.76923076923072,86.99999999999999,0
per_huruf_hybrid_skeleton_forced_loop_no_sig,5,511,0.09482278715902764,170.69230769230768,87.0,170.69230769230768,87.0,0
per_huruf_hybrid_skeleton_forced_loop_no_sig,5,512,0.09500835034329189,170.6153846153846,87.00000000000001,170.6153846153846,87.00000000000001,0
per_huruf_hybrid_skeleton_forced_loop_no_sig,5,513,0.09519391352755613,170.53846153846155,87.0,170.53846153846155,87.0,0
per_huruf_hybrid_skeleton_forced_loop_no_sig,5,514,0.09537947671182037,170.46153846153848,87.0,170.46153846153848,87.0,0
per_huruf_hybrid_skeleton_forced_loop_no_sig,5,515,0.09556503989608461,170.3846153846154,87.0,170.3846153846154,87.0,0
per_huruf_hybrid_skeleton_forced_loop_no_sig,5,516,0.09575060308034886,170.30769230769232,87.0,170.30769230769232,87.0,0
per_huruf_hybrid_skeleton_forced_loop_no_sig,5,517,0.0959361662646131,170.23076923076923,86.99999999999999,170.23076923076923,86.99999999999999,0
per_huruf_hybrid_skeleton_forced_loop_no_sig,5,518,0.09612172944887734,170.15384615384616,87.0,170.15384615384616,87.0,0
per_huruf_hybrid_skeleton_forced_loop_no_sig,5,519,0.09630729263314158,170.07692307692307,87.0,170.07692307692307,87.0,0
per_huruf_hybrid_skeleton_forced_loop_no_sig,5,520,0.09649285581740583,170.0,87.0,170.0,87.0,0
per_huruf_hybrid_skeleton_forced_loop_no_sig,5,521,0.09667841900167007,169.92307692307693,87.00000000000001,169.92307692307693,87.00000000000001,0
per_huruf_hybrid_skeleton_forced_loop_no_sig,5,522,0.09686398218593431,169.84615384615384,87.0,169.84615384615384,87.0,0
per_huruf_hybrid_skeleton_forced_loop_no_sig,5,523,0.09704954537019855,169.76923076923075,86.99999999999999,169.76923076923075,86.99999999999999,0
per_huruf_hybrid_skeleton_forced_loop_no_sig,5,524,0.0972351085544628,169.69230769230768,87.0,169.69230769230768,87.0,0
per_huruf_hybrid_skeleton_forced_loop_no_sig,5,525,0.09742067173872704,169.6153846153846,87.00000000000001,169.6153846153846,87.00000000000001,0
per_huruf_hybrid_skeleton_forced_loop_no_sig,5,526,0.09760623492299128,169.53846153846155,87.0,169.53846153846155,87.0,0
per_huruf_hybrid_skeleton_forced_loop_no_sig,5,527,0.09779179810725551,169.46153846153845,87.0,169.46153846153845,87.0,0
per_huruf_hybrid_skeleton_forced_loop_no_sig,5,528,0.09797736129151975,169.3846153846154,87.0,169.3846153846154,87.0,0
per_huruf_hybrid_skeleton_forced_loop_no_sig,5,529,0.098162924475784,169.3076923076923,87.0,169.3076923076923,87.0,0
per_huruf_hybrid_skeleton_forced_loop_no_sig,5,530,0.09834848766004824,169.23076923076923,86.99999999999999,169.23076923076923,86.99999999999999,0
per_huruf_hybrid_skeleton_forced_loop_no_sig,5,531,0.09853405084431248,169.15384615384616,87.0,169.15384615384616,87.0,0
per_huruf_hybrid_skeleton_forced_loop_no_sig,5,532,0.09871961402857672,169.07692307692307,87.0,169.07692307692307,87.0,0
per_huruf_hybrid_skeleton_forced_loop_no_sig,5,533,0.09890517721284096,169.0,87.0,169.0,87.0,0
per_huruf_hybrid_skeleton_forced_loop_no_sig,5,534,0.0990907403971052,168.92307692307693,87.00273099681385,168.92307692307693,87.00273099681385,0
per_huruf_hybrid_skeleton_forced_loop_no_sig,5,535,0.09927630358136945,168.84615384615384,87.01001365498408,168.84615384615384,87.01001365498408,0
per_huruf_hybrid_skeleton_forced_loop_no_sig,5,536,0.09946186676563369,168.76923076923075,87.02048247610377,168.76923076923075,87.02048247610377,0
per_huruf_hybrid_skeleton_forced_loop_no_sig,5,537,0.09964742994989793,168.69230769230768,87.03277196176604,168.69230769230768,87.03277196176604,0
per_huruf_hybrid_skeleton_forced_loop_no_sig,5,538,0.09983299313416218,168.61538461538464,87.04551661356396,168.61538461538464,87.04551661356396,0
per_huruf_hybrid_skeleton_forced_loop_no_sig,5,539,0.10001855631842642,168.53846153846155,87.05735093309059,168.53846153846155,87.05735093309059,0
per_huruf_hybrid_skeleton_forced_loop_no_sig,5,540,0.10020411950269066,168.46153846153848,87.06690942193902,168.46153846153848,87.06690942193902,0
per_huruf_hybrid_skeleton_forced_loop_no_sig,5,541,0.1003896826869549,168.3846153846154,87.07282658170232,168.3846153846154,87.07282658170232,0
per_huruf_hybrid_skeleton_forced_loop_no_sig,5,542,0.10057524587121915,168.3076923076923,87.07373691397359,168.3076923076923,87.07373691397359,0
per_huruf_hybrid_skeleton_forced_loop_no_sig,5,543,0.10076080905548339,168.23076923076923,87.06827492034591,168.23076923076923,87.06827492034591,0
per_huruf_hybrid_skeleton_forced_loop_no_sig,5,544,0.10094637223974763,168.1538461538462,87.05507510241239,168.1538461538462,87.05507510241239,0
per_huruf_hybrid_skeleton_forced_loop_no_sig,5,545,0.10113193542401187,168.07692307692307,87.03277196176604,168.07692307692307,87.03277196176604,0
per_huruf_hybrid_skeleton_forced_loop_no_sig,5,546,0.10131749860827612,168.0,87.0,168.0,87.0,0
per_huruf_hybrid_skeleton_forced_loop_no_sig,5,547,0.10150306179254036,167.92307692307693,86.95311788802914,167.92307692307693,86.95311788802914,0
per_huruf_hybrid_skeleton_forced_loop_no_sig,5,548,0.1016886249768046,167.84615384615387,86.89121529358216,167.84615384615387,86.89121529358216,0
per_huruf_hybrid_skeleton_forced_loop_no_sig,5,549,0.10187418816106884,167.76923076923075,86.81702321347291,167.76923076923075,86.81702321347291,0
per_huruf_hybrid_skeleton_forced_loop_no_sig,5,550,0.10205975134533309,167.69230769230768,86.73327264451522,167.69230769230768,86.73327264451522,0
per_huruf_hybrid_skeleton_forced_loop_no_sig,5,551,0.10224531452959733,167.6153846153846,86.642694583523,167.6153846153846,86.642694583523,0
per_huruf_hybrid_skeleton_forced_loop_no_sig,5,552,0.10243087771386157,167.53846153846155,86.54802002730997,167.53846153846155,86.54802002730997,0
per_huruf_hybrid_skeleton_forced_loop_no_sig,5,553,0.10261644089812581,167.46153846153845,86.45197997269003,167.46153846153845,86.45197997269003,0
per_huruf_hybrid_skeleton_forced_loop_no_sig,5,554,0.10280200408239006,167.3846153846154,86.35730541647702,167.3846153846154,86.35730541647702,0
per_huruf_hybrid_skeleton_forced_loop_no_sig,5,555,0.10298756726665428,167.30769230769232,86.26672735548476,167.30769230769232,86.26672735548476,0
per_huruf_hybrid_skeleton_forced_loop_no_sig,5,556,0.10317313045091853,167.23076923076923,86.18297678652706,167.23076923076923,86.18297678652706,0
per_huruf_hybrid_skeleton_forced_loop_no_sig,5,557,0.10335869363518277,167.15384615384616,86.10878470641785,167.15384615384616,86.10878470641785,0
per_huruf_hybrid_skeleton_forced_loop_no_sig,5,558,0.10354425681944701,167.0769230769231,86.04688211197086,167.0769230769231,86.04688211197086,0
per_huruf_hybrid_skeleton_forced_loop_no_sig,5,559,0.10372982000371125,167.0,86.0,167.0,86.0,0
per_huruf_hybrid_skeleton_forced_loop_no_sig,5,560,0.1039153831879755,166.923076923077,85.96722803823396,166.923076923077,85.96722803823396,0
per_huruf_hybrid_skeleton_forced_loop_no_sig,5,561,0.10410094637223974,166.84615384615384,85.94492489758763,166.84615384615384,85.94492489758763,0
per_huruf_hybrid_skeleton_forced_loop_no_sig,5,562,0.10428650955650398,166.76923076923075,85.93172507965407,166.76923076923075,85.93172507965407,0
per_huruf_hybrid_skeleton_forced_loop_no_sig,5,563,0.10447207274076822,166.69230769230768,85.92626308602638,166.69230769230768,85.92626308602638,0
per_huruf_hybrid_skeleton_forced_loop_no_sig,5,564,0.10465763592503247,166.61538461538464,85.92717341829768,166.61538461538464,85.92717341829768,0
per_huruf_hybrid_skeleton_forced_loop_no_sig,5,565,0.10484319910929671,166.53846153846155,85.93309057806098,166.53846153846155,85.93309057806098,0
per_huruf_hybrid_skeleton_forced_loop_no_sig,5,566,0.10502876229356095,166.46153846153845,85.94264906690941,166.46153846153845,85.94264906690941,0
per_huruf_hybrid_skeleton_forced_loop_no_sig,5,567,0.1052143254778252,166.38461538461542,85.95448338643605,166.38461538461542,85.95448338643605,0
per_huruf_hybrid_skeleton_forced_loop_no_sig,5,568,0.10539988866208944,166.30769230769232,85.96722803823394,166.30769230769232,85.96722803823394,0
per_huruf_hybrid_skeleton_forced_loop_no_sig,5,569,0.10558545184635368,166.23076923076923,85.97951752389622,166.23076923076923,85.97951752389622,0
per_huruf_hybrid_skeleton_forced_loop_no_sig,5,570,0.10577101503061792,166.15384615384616,85.98998634501594,166.15384615384616,85.98998634501594,0
per_huruf_hybrid_skeleton_forced_loop_no_sig,5,571,0.10595657821488216,166.07692307692307,85.99726900318616,166.07692307692307,85.99726900318616,0
per_huruf_hybrid_skeleton_forced_loop_no_sig,5,572,0.1061421413991464,166.0,86.0,166.0,86.0,0
per_huruf_hybrid_skeleton_forced_loop_no_sig,5,573,0.10632770458341065,165.92307692307693,86.00273099681384,165.92307692307693,86.00273099681384,0
per_huruf_hybrid_skeleton_forced_loop_no_sig,5,574,0.10651326776767489,165.84615384615387,86.01001365498406,165.84615384615387,86.01001365498406,0
per_huruf_hybrid_skeleton_forced_loop_no_sig,5,575,0.10669883095193913,165.76923076923072,86.02048247610375,165.76923076923072,86.02048247610375,0
per_huruf_hybrid_skeleton_forced_loop_no_sig,5,576,0.10688439413620338,165.6923076923077,86.03277196176604,165.6923076923077,86.03277196176604,0
per_huruf_hybrid_skeleton_forced_loop_no_sig,5,577,0.10706995732046762,165.6153846153846,86.04551661356396,165.6153846153846,86.04551661356396,0
per_huruf_hybrid_skeleton_forced_loop_no_sig,5,578,0.10725552050473186,165.53846153846155,86.05735093309059,165.53846153846155,86.05735093309059,0
per_huruf_hybrid_skeleton_forced_loop_no_sig,5,579,0.1074410836889961,165.46153846153848,86.06690942193902,165.46153846153848,86.06690942193902,0
per_huruf_hybrid_skeleton_forced_loop_no_sig,5,580,0.10762664687326035,165.3846153846154,86.07282658170232,165.3846153846154,86.07282658170232,0
per_huruf_hybrid_skeleton_forced_loop_no_sig,5,581,0.10781221005752459,165.30769230769232,86.07373691397359,165.30769230769232,86.07373691397359,0
per_huruf_hybrid_skeleton_forced_loop_no_sig,5,582,0.10799777324178883,165.23076923076923,86.06827492034591,165.23076923076923,86.06827492034591,0
per_huruf_hybrid_skeleton_forced_loop_no_sig,5,583,0.10818333642605307,165.15384615384616,86.05507510241239,165.15384615384616,86.05507510241239,0
per_huruf_hybrid_skeleton_forced_loop_no_sig,5,584,0.1083688996103173,165.07692307692307,86.03277196176603,165.07692307692307,86.03277196176603,0
per_huruf_hybrid_skeleton_forced_loop_no_sig,5,585,0.10855446279458154,165.0,86.0,165.0,86.0,0
per_huruf_hybrid_skeleton_forced_loop_no_sig,5,586,0.10874002597884579,164.92307692307696,85.95584888484296,164.92307692307696,85.95584888484296,0
per_huruf_hybrid_skeleton_forced_loop_no_sig,5,587,0.10892558916311003,164.84615384615387,85.90122894856624,164.84615384615387,85.90122894856624,0
per_huruf_hybrid_skeleton_forced_loop_no_sig,5,588,0.10911115234737427,164.76923076923077,85.83750568957669,164.76923076923077,85.83750568957669,0
per_huruf_hybrid_skeleton_forced_loop_no_sig,5,589,0.10929671553163851,164.69230769230768,85.76604460628128,164.69230769230768,85.76604460628128,0
per_huruf_hybrid_skeleton_forced_loop_no_sig,5,590,0.10948227871590276,164.61538461538464,85.68821119708694,164.61538461538464,85.68821119708694,0
per_huruf_hybrid_skeleton_forced_loop_no_sig,5,591,0.109667841900167,164.53846153846155,85.60537096040055,164.53846153846155,85.60537096040055,0
per_huruf_hybrid_skeleton_forced_loop_no_sig,5,592,0.10985340508443124,164.46153846153848,85.51888939462903,164.46153846153848,85.51888939462903,0
per_huruf_hybrid_skeleton_forced_loop_no_sig,5,593,0.11003896826869548,164.38461538461542,85.43013199817933,164.38461538461542,85.43013199817933,0
per_huruf_hybrid_skeleton_forced_loop_no_sig,5,594,0.11022453145295973,164.3076923076923,85.34046426945834,164.3076923076923,85.34046426945834,0
per_huruf_hybrid_skeleton_forced_loop_no_sig,5,595,0.11041009463722397,164.23076923076923,85.251251706873,164.23076923076923,85.251251706873,0
per_huruf_hybrid_skeleton_forced_loop_no_sig,5,596,0.11059565782148821,164.15384615384616,85.16385980883022,164.15384615384616,85.16385980883022,0
per_huruf_hybrid_skeleton_forced_loop_no_sig,5,597,0.11078122100575245,164.07692307692307,85.07965407373692,164.07692307692307,85.07965407373692,0
per_huruf_hybrid_skeleton_forced_loop_no_sig,5,598,0.1109667841900167,164.0,85.0,164.0,85.0,0
per_huruf_hybrid_skeleton_forced_loop_no_sig,5,599,0.11115234737428094,163.92307692307693,84.92307692307693,163.92307692307693,84.92307692307693,0
per_huruf_hybrid_skeleton_forced_loop_no_sig,5,600,0.11133791055854518,163.84615384615384,84.84615384615384,163.84615384615384,84.84615384615384,0
per_huruf_hybrid_skeleton_forced_loop_no_sig,5,601,0.11152347374280942,163.76923076923075,84.76923076923076,163.76923076923075,84.76923076923076,0
per_huruf_hybrid_skeleton_forced_loop_no_sig,5,602,0.11170903692707367,163.69230769230765,84.6923076923077,163.69230769230765,84.6923076923077,0
per_huruf_hybrid_skeleton_forced_loop_no_sig,5,603,0.11189460011133791,163.61538461538464,84.61538461538463,163.61538461538464,84.61538461538463,0
per_huruf_hybrid_skeleton_forced_loop_no_sig,5,604,0.11208016329560215,163.53846153846155,84.53846153846156,163.53846153846155,84.53846153846156,0
per_huruf_hybrid_skeleton_forced_loop_no_sig,5,605,0.11226572647986639,163.46153846153845,84.46153846153847,163.46153846153845,84.46153846153847,0
per_huruf_hybrid_skeleton_forced_loop_no_sig,5,606,0.11245128966413064,163.3846153846154,84.38461538461539,163.3846153846154,84.38461538461539,0
per_huruf_hybrid_skeleton_forced_loop_no_sig,5,607,0.11263685284839488,163.30769230769232,84.3076923076923,163.30769230769232,84.3076923076923,0
per_huruf_hybrid_skeleton_forced_loop_no_sig,5,608,0.11282241603265912,163.23076923076923,84.23076923076923,163.23076923076923,84.23076923076923,0
per_huruf_hybrid_skeleton_forced_loop_no_sig,5,609,0.11300797921692336,163.15384615384616,84.15384615384616,163.15384615384616,84.15384615384616,0
per_huruf_hybrid_skeleton_forced_loop_no_sig,5,610,0.1131935424011876,163.0769230769231,84.07692307692307,163.0769230769231,84.07692307692307,0
per_huruf_hybrid_skeleton_forced_loop_no_sig,5,611,0.11337910558545185,163.0,84.0,163.0,84.0,0
per_huruf_hybrid_skeleton_forced_loop_no_sig,5,612,0.11356466876971608,162.92307692307696,83.92307692307692,162.92307692307696,83.92307692307692,0
per_huruf_hybrid_skeleton_forced_loop_no_sig,5,613,0.11375023195398032,162.84615384615387,83.84615384615384,162.84615384615387,83.84615384615384,0
per_huruf_hybrid_skeleton_forced_loop_no_sig,5,614,0.11393579513824456,162.76923076923075,83.76923076923077,162.76923076923075,83.76923076923077,0
per_huruf_hybrid_skeleton_forced_loop_no_sig,5,615,0.1141213583225088,162.69230769230768,83.69230769230768,162.69230769230768,83.69230769230768,0
per_huruf_hybrid_skeleton_forced_loop_no_sig,5,616,0.11430692150677305,162.61538461538464,83.61538461538463,162.61538461538464,83.61538461538463,0
per_huruf_hybrid_skeleton_forced_loop_no_sig,5,617,0.11449248469103729,162.53846153846155,83.53846153846155,162.53846153846155,83.53846153846155,0
per_huruf_hybrid_skeleton_forced_loop_no_sig,5,618,0.11467804787530153,162.46153846153845,83.46153846153845,162.46153846153845,83.46153846153845,0
per_huruf_hybrid_skeleton_forced_loop_no_sig,5,619,0.11486361105956577,162.3846153846154,83.38461538461539,162.3846153846154,83.38461538461539,0
per_huruf_hybrid_skeleton_forced_loop_no_sig,5,620,0.11504917424383002,162.30769230769232,83.3076923076923,162.30769230769232,83.3076923076923,0
per_huruf_hybrid_skeleton_forced_loop_no_sig,5,621,0.11523473742809426,162.23076923076923,83.23076923076923,162.23076923076923,83.23076923076923,0
per_huruf_hybrid_skeleton_forced_loop_no_sig,5,622,0.1154203006123585,162.15384615384616,83.15384615384616,162.15384615384616,83.15384615384616,0
per_huruf_hybrid_skeleton_forced_loop_no_sig,5,623,0.11560586379662274,162.0769230769231,83.07692307692308,162.0769230769231,83.07692307692308,0
per_huruf_hybrid_skeleton_forced_loop_no_sig,5,624,0.11579142698088699,162.0,83.0,162.0,83.0,0
per_huruf_hybrid_skeleton_forced_loop_no_sig,5,625,0.11597699016515123,161.9203459262631,82.92307692307695,161.9203459262631,82.92307692307695,0
per_huruf_hybrid_skeleton_forced_loop_no_sig,5,626,0.11616255334941547,161.8361401911698,82.84615384615385,161.8361401911698,82.84615384615385,0
per_huruf_hybrid_skeleton_forced_loop_no_sig,5,627,0.11634811653367971,161.74874829312697,82.76923076923077,161.74874829312697,82.76923076923077,0
per_huruf_hybrid_skeleton_forced_loop_no_sig,5,628,0.11653367971794396,161.65953573054165,82.69230769230768,161.65953573054165,82.69230769230768,0
per_huruf_hybrid_skeleton_forced_loop_no_sig,5,629,0.1167192429022082,161.56986800182068,82.61538461538463,161.56986800182068,82.61538461538463,0
per_huruf_hybrid_skeleton_forced_loop_no_sig,5,630,0.11690480608647244,161.48111060537096,82.53846153846155,161.48111060537096,82.53846153846155,0
per_huruf_hybrid_skeleton_forced_loop_no_sig,5,631,0.11709036927073668,161.39462903959944,82.46153846153847,161.39462903959944,82.46153846153847,0
per_huruf_hybrid_skeleton_forced_loop_no_sig,5,632,0.11727593245500093,161.31178880291307,82.38461538461539,161.31178880291307,82.38461538461539,0
per_huruf_hybrid_skeleton_forced_loop_no_sig,5,633,0.11746149563926517,161.2339553937187,82.3076923076923,161.2339553937187,82.3076923076923,0
per_huruf_hybrid_skeleton_forced_loop_no_sig,5,634,0.11764705882352941,161.16249431042328,82.23076923076923,161.16249431042328,82.23076923076923,0
per_huruf_hybrid_skeleton_forced_loop_no_sig,5,635,0.11783262200779365,161.09877105143377,82.15384615384616,161.09877105143377,82.15384615384616,0
per_huruf_hybrid_skeleton_forced_loop_no_sig,5,636,0.1180181851920579,161.04415111515704,82.07692307692307,161.04415111515704,82.07692307692307,0
per_huruf_hybrid_skeleton_forced_loop_no_sig,5,637,0.11820374837632214,161.0,82.0,161.0,82.0,0
per_huruf_hybrid_skeleton_forced_loop_no_sig,5,638,0.11838931156058638,160.9699590350478,81.92307692307692,160.9699590350478,81.92307692307692,0
per_huruf_hybrid_skeleton_forced_loop_no_sig,5,639,0.11857487474485062,160.9549385525717,81.84615384615385,160.9549385525717,81.84615384615385,0
per_huruf_hybrid_skeleton_forced_loop_no_sig,5,640,0.11876043792911486,160.95220755575784,81.76923076923075,160.95220755575784,81.76923076923075,0
per_huruf_hybrid_skeleton_forced_loop_no_sig,5,641,0.1189460011133791,160.95903504779244,81.69230769230768,160.95903504779244,81.69230769230768,0
per_huruf_hybrid_skeleton_forced_loop_no_sig,5,642,0.11913156429764334,160.97269003186167,81.61538461538463,160.97269003186167,81.61538461538463,0
per_huruf_hybrid_skeleton_forced_loop_no_sig,5,643,0.11931712748190758,160.99044151115157,81.53846153846155,160.99044151115157,81.53846153846155,0
per_huruf_hybrid_skeleton_forced_loop_no_sig,5,644,0.11950269066617182,161.00955848884843,81.46153846153845,161.00955848884843,81.46153846153845,0
per_huruf_hybrid_skeleton_forced_loop_no_sig,5,645,0.11968825385043606,161.02730996813838,81.38461538461539,161.02730996813838,81.38461538461539,0
per_huruf_hybrid_skeleton_forced_loop_no_sig,5,646,0.1198738170347003,161.04096495220756,81.3076923076923,161.04096495220756,81.3076923076923,0
per_huruf_hybrid_skeleton_forced_loop_no_sig,5,647,0.12005938021896455,161.04779244424213,81.23076923076923,161.04779244424213,81.23076923076923,0
per_huruf_hybrid_skeleton_forced_loop_no_sig,5,648,0.12024494340322879,161.0450614474283,81.15384615384616,161.0450614474283,81.15384615384616,0
per_huruf_hybrid_skeleton_forced_loop_no_sig,5,649,0.12043050658749303,161.0300409649522,81.07692307692308,161.0300409649522,81.07692307692308,0
per_huruf_hybrid_skeleton_forced_loop_no_sig,5,650,0.12061606977175728,161.0,81.0,161.0,81.0,0
per_huruf_hybrid_skeleton_forced_loop_no_sig,5,651,0.12080163295602152,160.95311788802914,80.92580791989077,160.95311788802914,80.92580791989077,0
per_huruf_hybrid_skeleton_forced_loop_no_sig,5,652,0.12098719614028576,160.89121529358218,80.85616750113792,160.89121529358218,80.85616750113792,0
per_huruf_hybrid_skeleton_forced_loop_no_sig,5,653,0.12117275932455,160.81702321347288,80.78971324533453,160.81702321347288,80.78971324533453,0
per_huruf_hybrid_skeleton_forced_loop_no_sig,5,654,0.12135832250881425,160.73327264451524,80.72507965407374,160.73327264451524,80.72507965407374,0
per_huruf_hybrid_skeleton_forced_loop_no_sig,5,655,0.12154388569307849,160.64269458352302,80.66090122894857,160.64269458352302,80.66090122894857,0
per_huruf_hybrid_skeleton_forced_loop_no_sig,5,656,0.12172944887734273,160.54802002730997,80.59581247155212,160.54802002730997,80.59581247155212,0
per_huruf_hybrid_skeleton_forced_loop_no_sig,5,657,0.12191501206160697,160.45197997269003,80.52844788347747,160.45197997269003,80.52844788347747,0
per_huruf_hybrid_skeleton_forced_loop_no_sig,5,658,0.12210057524587122,160.357305416477,80.45744196631772,160.357305416477,80.45744196631772,0
per_huruf_hybrid_skeleton_forced_loop_no_sig,5,659,0.12228613843013546,160.26672735548476,80.38142922166591,160.26672735548476,80.38142922166591,0
per_huruf_hybrid_skeleton_forced_loop_no_sig,5,660,0.1224717016143997,160.1829767865271,80.29904415111514,160.1829767865271,80.29904415111514,0
per_huruf_hybrid_skeleton_forced_loop_no_sig,5,661,0.12265726479866394,160.10878470641785,80.20892125625853,160.10878470641785,80.20892125625853,0
per_huruf_hybrid_skeleton_forced_loop_no_sig,5,662,0.12284282798292818,160.04688211197086,80.10969503868913,160.04688211197086,80.10969503868913,0
per_huruf_hybrid_skeleton_forced_loop_no_sig,5,663,0.12302839116719243,160.0,80.0,160.0,80.0,0
per_huruf_hybrid_skeleton_forced_loop_no_sig,5,664,0.12321395435145667,159.96449704142015,79.87619481110606,159.96449704142015,79.87619481110606,0
per_huruf_hybrid_skeleton_forced_loop_no_sig,5,665,0.12339951753572091,159.9349112426036,79.737369139736,159.9349112426036,79.737369139736,0
per_huruf_hybrid_skeleton_forced_loop_no_sig,5,666,0.12358508071998515,159.91124260355028,79.58625398270368,159.91124260355028,79.58625398270368,0
per_huruf_hybrid_skeleton_forced_loop_no_sig,5,667,0.1237706439042494,159.89349112426035,79.42558033682293,159.89349112426035,79.42558033682293,0
per_huruf_hybrid_skeleton_forced_loop_no_sig,5,668,0.12395620708851364,159.88165680473375,79.25807919890761,159.88165680473375,79.25807919890761,0
per_huruf_hybrid_skeleton_forced_loop_no_sig,5,669,0.12414177027277787,159.87573964497042,79.0864815657715,159.87573964497042,79.0864815657715,0
per_huruf_hybrid_skeleton_forced_loop_no_sig,5,670,0.12432733345704211,159.8757396449704,78.9135184342285,159.8757396449704,78.9135184342285,0
per_huruf_hybrid_skeleton_forced_loop_no_sig,5,671,0.12451289664130635,159.88165680473375,78.7419208010924,159.88165680473375,78.7419208010924,0
per_huruf_hybrid_skeleton_forced_loop_no_sig,5,672,0.1246984598255706,159.89349112426035,78.57441966317705,159.89349112426035,78.57441966317705,0
per_huruf_hybrid_skeleton_forced_loop_no_sig,5,673,0.12488402300983484,159.9112426035503,78.41374601729632,159.9112426035503,78.41374601729632,0
per_huruf_hybrid_skeleton_forced_loop_no_sig,5,674,0.12506958619409908,159.93491124260356,78.262630860264,159.93491124260356,78.262630860264,0
per_huruf_hybrid_skeleton_forced_loop_no_sig,5,675,0.12525514937836332,159.96449704142012,78.12380518889394,159.96449704142012,78.12380518889394,0
per_huruf_hybrid_skeleton_forced_loop_no_sig,5,676,0.12544071256262757,160.0,78.0,160.0,78.0,0
per_huruf_hybrid_skeleton_forced_loop_no_sig,5,677,0.1256262757468918,160.0,78.0,160.0,78.0,0
per_huruf_hybrid_skeleton_forced_loop_no_sig,5,678,0.12581183893115605,160.0,69.0,160.0,69.0,0
per_huruf_hybrid_skeleton_forced_loop_no_sig,5,679,0.1259974021154203,160.0468821119709,68.89030496131089,160.0468821119709,68.89030496131089,0
per_huruf_hybrid_skeleton_forced_loop_no_sig,5,680,0.12618296529968454,160.10878470641785,68.79107874374147,160.10878470641785,68.79107874374147,0
per_huruf_hybrid_skeleton_forced_loop_no_sig,5,681,0.12636852848394878,160.18297678652704,68.70095584888483,160.18297678652704,68.70095584888483,0
per_huruf_hybrid_skeleton_forced_loop_no_sig,5,682,0.12655409166821302,160.26672735548476,68.61857077833409,160.26672735548476,68.61857077833409,0
per_huruf_hybrid_skeleton_forced_loop_no_sig,5,683,0.12673965485247726,160.35730541647703,68.5425580336823,160.35730541647703,68.5425580336823,0
per_huruf_hybrid_skeleton_forced_loop_no_sig,5,684,0.1269252180367415,160.45197997269003,68.47155211652253,160.45197997269003,68.47155211652253,0
per_huruf_hybrid_skeleton_forced_loop_no_sig,5,685,0.12711078122100575,160.54802002730997,68.40418752844788,160.54802002730997,68.40418752844788,0
per_huruf_hybrid_skeleton_forced_loop_no_sig,5,686,0.12729634440527,160.642694583523,68.33909877105144,160.642694583523,68.33909877105144,0
per_huruf_hybrid_skeleton_forced_loop_no_sig,5,687,0.12748190758953423,160.73327264451524,68.27492034592626,160.73327264451524,68.27492034592626,0
per_huruf_hybrid_skeleton_forced_loop_no_sig,5,688,0.12766747077379847,160.8170232134729,68.21028675466545,160.8170232134729,68.21028675466545,0
per_huruf_hybrid_skeleton_forced_loop_no_sig,5,689,0.12785303395806272,160.89121529358215,68.14383249886208,160.89121529358215,68.14383249886208,0
per_huruf_hybrid_skeleton_forced_loop_no_sig,5,690,0.12803859714232696,160.9531178880291,68.07419208010924,160.9531178880291,68.07419208010924,0
per_huruf_hybrid_skeleton_forced_loop_no_sig,5,691,0.1282241603265912,161.0,68.0,161.0,68.0,0
per_huruf_hybrid_skeleton_forced_loop_no_sig,5,692,0.12840972351085544,161.03277196176606,67.92307692307693,161.03277196176606,67.92307692307693,0
per_huruf_hybrid_skeleton_forced_loop_no_sig,5,693,0.1285952866951197,161.05507510241236,67.84615384615385,161.05507510241236,67.84615384615385,0
per_huruf_hybrid_skeleton_forced_loop_no_sig,5,694,0.12878084987938393,161.0682749203459,67.76923076923076,161.0682749203459,67.76923076923076,0
per_huruf_hybrid_skeleton_forced_loop_no_sig,5,695,0.12896641306364817,161.0737369139736,67.69230769230768,161.0737369139736,67.69230769230768,0
per_huruf_hybrid_skeleton_forced_loop_no_sig,5,696,0.12915197624791241,161.07282658170234,67.61538461538463,161.07282658170234,67.61538461538463,0
per_huruf_hybrid_skeleton_forced_loop_no_sig,5,697,0.12933753943217666,161.06690942193902,67.53846153846155,161.06690942193902,67.53846153846155,0
per_huruf_hybrid_skeleton_forced_loop_no_sig,5,698,0.1295231026164409,161.05735093309056,67.46153846153845,161.05735093309056,67.46153846153845,0
per_huruf_hybrid_skeleton_forced_loop_no_sig,5,699,0.12970866580070514,161.04551661356396,67.38461538461539,161.04551661356396,67.38461538461539,0
per_huruf_hybrid_skeleton_forced_loop_no_sig,5,700,0.12989422898496938,161.03277196176603,67.3076923076923,161.03277196176603,67.3076923076923,0
per_huruf_hybrid_skeleton_forced_loop_no_sig,5,701,0.13007979216923363,161.02048247610375,67.23076923076923,161.02048247610375,67.23076923076923,0
per_huruf_hybrid_skeleton_forced_loop_no_sig,5,702,0.13026535535349787,161.01001365498408,67.15384615384616,161.01001365498408,67.15384615384616,0
per_huruf_hybrid_skeleton_forced_loop_no_sig,5,703,0.1304509185377621,161.00273099681382,67.07692307692308,161.00273099681382,67.07692307692308,0
per_huruf_hybrid_skeleton_forced_loop_no_sig,5,704,0.13063648172202635,161.0,67.0,161.0,67.0,0
per_huruf_hybrid_skeleton_forced_loop_no_sig,5,705,0.1308220449062906,161.00000000000003,66.92307692307693,161.00000000000003,66.92307692307693,0
per_huruf_hybrid_skeleton_forced_loop_no_sig,5,706,0.13100760809055484,161.0,66.84615384615385,161.0,66.84615384615385,0
per_huruf_hybrid_skeleton_forced_loop_no_sig,5,707,0.13119317127481908,160.99999999999997,66.76923076923076,160.99999999999997,66.76923076923076,0
per_huruf_hybrid_skeleton_forced_loop_no_sig,5,708,0.13137873445908332,161.0,66.69230769230768,161.0,66.69230769230768,0
per_huruf_hybrid_skeleton_forced_loop_no_sig,5,709,0.13156429764334757,161.00000000000003,66.61538461538463,161.00000000000003,66.61538461538463,0
per_huruf_hybrid_skeleton_forced_loop_no_sig,5,710,0.1317498608276118,161.0,66.53846153846155,161.0,66.53846153846155,0
per_huruf_hybrid_skeleton_forced_loop_no_sig,5,711,0.13193542401187605,161.0,66.46153846153847,161.0,66.46153846153847,0
per_huruf_hybrid_skeleton_forced_loop_no_sig,5,712,0.13212098719614027,161.0,66.38461538461539,161.0,66.38461538461539,0
per_huruf_hybrid_skeleton_forced_loop_no_sig,5,713,0.1323065503804045,161.0,66.3076923076923,161.0,66.3076923076923,0
per_huruf_hybrid_skeleton_forced_loop_no_sig,5,714,0.13249211356466875,160.99999999999997,66.23076923076923,160.99999999999997,66.23076923076923,0
per_huruf_hybrid_skeleton_forced_loop_no_sig,5,715,0.132677676748933,161.0,66.15384615384616,161.0,66.15384615384616,0
per_huruf_hybrid_skeleton_forced_loop_no_sig,5,716,0.13286323993319724,161.0,66.07692307692308,161.0,66.07692307692308,0
per_huruf_hybrid_skeleton_forced_loop_no_sig,5,717,0.13304880311746148,161.0,66.0,161.0,66.0,0
per_huruf_hybrid_skeleton_forced_loop_no_sig,5,718,0.13323436630172572,160.99726900318618,65.92307692307693,160.99726900318618,65.92307692307693,0
per_huruf_hybrid_skeleton_forced_loop_no_sig,5,719,0.13341992948598996,160.98998634501595,65.84615384615385,160.98998634501595,65.84615384615385,0
per_huruf_hybrid_skeleton_forced_loop_no_sig,5,720,0.1336054926702542,160.9795175238962,65.76923076923077,160.9795175238962,65.76923076923077,0
per_huruf_hybrid_skeleton_forced_loop_no_sig,5,721,0.13379105585451845,160.96722803823394,65.6923076923077,160.96722803823394,65.6923076923077,0
per_huruf_hybrid_skeleton_forced_loop_no_sig,5,722,0.1339766190387827,160.95448338643607,65.61538461538461,160.95448338643607,65.61538461538461,0
per_huruf_hybrid_skeleton_forced_loop_no_sig,5,723,0.13416218222304693,160.94264906690944,65.53846153846153,160.94264906690944,65.53846153846153,0
per_huruf_hybrid_skeleton_forced_loop_no_sig,5,724,0.13434774540731118,160.93309057806098,65.46153846153847,160.93309057806098,65.46153846153847,0
per_huruf_hybrid_skeleton_forced_loop_no_sig,5,725,0.13453330859157542,160.92717341829768,65.38461538461539,160.92717341829768,65.38461538461539,0
per_huruf_hybrid_skeleton_forced_loop_no_sig,5,726,0.13471887177583966,160.92626308602638,65.3076923076923,160.92626308602638,65.3076923076923,0
per_huruf_hybrid_skeleton_forced_loop_no_sig,5,727,0.1349044349601039,160.93172507965406,65.23076923076923,160.93172507965406,65.23076923076923,0
per_huruf_hybrid_skeleton_forced_loop_no_sig,5,728,0.13508999814436815,160.9449248975876,65.15384615384616,160.9449248975876,65.15384615384616,0
per_huruf_hybrid_skeleton_forced_loop_no_sig,5,729,0.1352755613286324,160.96722803823394,65.07692307692307,160.96722803823394,65.07692307692307,0
per_huruf_hybrid_skeleton_forced_loop_no_sig,5,730,0.13546112451289663,161.0,65.0,161.0,65.0,0
per_huruf_hybrid_skeleton_forced_loop_no_sig,5,731,0.13564668769716087,161.04415111515704,64.92307692307693,161.04415111515704,64.92307692307693,0
per_huruf_hybrid_skeleton_forced_loop_no_sig,5,732,0.13583225088142512,161.09877105143377,64.84615384615385,161.09877105143377,64.84615384615385,0
per_huruf_hybrid_skeleton_forced_loop_no_sig,5,733,0.13601781406568936,161.16249431042328,64.76923076923076,161.16249431042328,64.76923076923076,0
per_huruf_hybrid_skeleton_forced_loop_no_sig,5,734,0.1362033772499536,161.23395539371867,64.6923076923077,161.23395539371867,64.6923076923077,0
per_huruf_hybrid_skeleton_forced_loop_no_sig,5,735,0.13638894043421784,161.31178880291307,64.61538461538463,161.31178880291307,64.61538461538463,0
per_huruf_hybrid_skeleton_forced_loop_no_sig,5,736,0.13657450361848208,161.39462903959947,64.53846153846155,161.39462903959947,64.53846153846155,0
per_huruf_hybrid_skeleton_forced_loop_no_sig,5,737,0.13676006680274633,161.481110605371,64.46153846153847,161.481110605371,64.46153846153847,0
per_huruf_hybrid_skeleton_forced_loop_no_sig,5,738,0.13694562998701057,161.56986800182065,64.38461538461539,161.56986800182065,64.38461538461539,0
per_huruf_hybrid_skeleton_forced_loop_no_sig,5,739,0.1371311931712748,161.65953573054162,64.3076923076923,161.65953573054162,64.3076923076923,0
per_huruf_hybrid_skeleton_forced_loop_no_sig,5,740,0.13731675635553905,161.74874829312697,64.23076923076923,161.74874829312697,64.23076923076923,0
per_huruf_hybrid_skeleton_forced_loop_no_sig,5,741,0.1375023195398033,161.83614019116976,64.15384615384616,161.83614019116976,64.15384615384616,0
per_huruf_hybrid_skeleton_forced_loop_no_sig,5,742,0.13768788272406754,161.92034592626308,64.07692307692307,161.92034592626308,64.07692307692307,0
per_huruf_hybrid_skeleton_forced_loop_no_sig,5,743,0.13787344590833178,162.0,64.0,162.0,64.0,0
per_huruf_hybrid_skeleton_forced_loop_no_sig,5,744,0.13805900909259602,162.0769230769231,63.92307692307693,162.0769230769231,63.92307692307693,0
per_huruf_hybrid_skeleton_forced_loop_no_sig,5,745,0.13824457227686027,162.15384615384613,63.846153846153854,162.15384615384613,63.846153846153854,0
per_huruf_hybrid_skeleton_forced_loop_no_sig,5,746,0.1384301354611245,162.23076923076923,63.76923076923076,162.23076923076923,63.76923076923076,0
per_huruf_hybrid_skeleton_forced_loop_no_sig,5,747,0.13861569864538875,162.3076923076923,63.69230769230769,162.3076923076923,63.69230769230769,0
per_huruf_hybrid_skeleton_forced_loop_no_sig,5,748,0.138801261829653,162.3846153846154,63.61538461538463,162.3846153846154,63.61538461538463,0
per_huruf_hybrid_skeleton_forced_loop_no_sig,5,749,0.13898682501391724,162.46153846153845,63.53846153846155,162.46153846153845,63.53846153846155,0
per_huruf_hybrid_skeleton_forced_loop_no_sig,5,750,0.13917238819818148,162.53846153846155,63.46153846153847,162.53846153846155,63.46153846153847,0
per_huruf_hybrid_skeleton_forced_loop_no_sig,5,751,0.13935795138244572,162.6153846153846,63.38461538461539,162.6153846153846,63.38461538461539,0
per_huruf_hybrid_skeleton_forced_loop_no_sig,5,752,0.13954351456670996,162.69230769230768,63.30769230769231,162.69230769230768,63.30769230769231,0
per_huruf_hybrid_skeleton_forced_loop_no_sig,5,753,0.1397290777509742,162.76923076923077,63.230769230769226,162.76923076923077,63.230769230769226,0
per_huruf_hybrid_skeleton_forced_loop_no_sig,5,754,0.13991464093523845,162.84615384615387,63.15384615384615,162.84615384615387,63.15384615384615,0
per_huruf_hybrid_skeleton_forced_loop_no_sig,5,755,0.1401002041195027,162.92307692307693,63.07692307692307,162.92307692307693,63.07692307692307,0
per_huruf_hybrid_skeleton_forced_loop_no_sig,5,756,0.14028576730376693,163.0,63.0,163.0,63.0,0
per_huruf_hybrid_skeleton_forced_loop_no_sig,5,757,0.14047133048803118,163.07692307692312,62.920345926263096,163.07692307692312,62.920345926263096,0
per_huruf_hybrid_skeleton_forced_loop_no_sig,5,758,0.14065689367229542,163.15384615384616,62.836140191169775,163.15384615384616,62.836140191169775,0
per_huruf_hybrid_skeleton_forced_loop_no_sig,5,759,0.14084245685655966,163.23076923076923,62.74874829312699,163.23076923076923,62.74874829312699,0
per_huruf_hybrid_skeleton_forced_loop_no_sig,5,760,0.1410280200408239,163.30769230769226,62.659535730541634,163.30769230769226,62.659535730541634,0
per_huruf_hybrid_skeleton_forced_loop_no_sig,5,761,0.14121358322508815,163.3846153846154,62.56986800182068,163.3846153846154,62.56986800182068,0
per_huruf_hybrid_skeleton_forced_loop_no_sig,5,762,0.1413991464093524,163.46153846153848,62.48111060537096,163.46153846153848,62.48111060537096,0
per_huruf_hybrid_skeleton_forced_loop_no_sig,5,763,0.14158470959361663,163.53846153846152,62.39462903959945,163.53846153846152,62.39462903959945,0
per_huruf_hybrid_skeleton_forced_loop_no_sig,5,764,0.14177027277788087,163.61538461538464,62.311788802913064,163.61538461538464,62.311788802913064,0
per_huruf_hybrid_skeleton_forced_loop_no_sig,5,765,0.14195583596214512,163.69230769230768,62.2339553937187,163.69230769230768,62.2339553937187,0
per_huruf_hybrid_skeleton_forced_loop_no_sig,5,766,0.14214139914640936,163.76923076923075,62.1624943104233,163.76923076923075,62.1624943104233,0
per_huruf_hybrid_skeleton_forced_loop_no_sig,5,767,0.1423269623306736,163.84615384615387,62.09877105143377,163.84615384615387,62.09877105143377,0
per_huruf_hybrid_skeleton_forced_loop_no_sig,5,768,0.14251252551493782,163.9230769230769,62.04415111515703,163.9230769230769,62.04415111515703,0
per_huruf_hybrid_skeleton_forced_loop_no_sig,5,769,0.14269808869920206,164.0,62.0,164.0,62.0,0
per_huruf_hybrid_skeleton_forced_loop_no_sig,5,770,0.1428836518834663,164.0769230769231,61.96995903504781,164.0769230769231,61.96995903504781,0
per_huruf_hybrid_skeleton_forced_loop_no_sig,5,771,0.14306921506773054,164.15384615384616,61.95493855257169,164.15384615384616,61.95493855257169,0
per_huruf_hybrid_skeleton_forced_loop_no_sig,5,772,0.14325477825199479,164.23076923076923,61.95220755575785,164.23076923076923,61.95220755575785,0
per_huruf_hybrid_skeleton_forced_loop_no_sig,5,773,0.14344034143625903,164.3076923076923,61.95903504779244,164.3076923076923,61.95903504779244,0
per_huruf_hybrid_skeleton_forced_loop_no_sig,5,774,0.14362590462052327,164.38461538461542,61.972690031861646,164.38461538461542,61.972690031861646,0
per_huruf_hybrid_skeleton_forced_loop_no_sig,5,775,0.1438114678047875,164.46153846153845,61.99044151115157,164.46153846153845,61.99044151115157,0
per_huruf_hybrid_skeleton_forced_loop_no_sig,5,776,0.14399703098905176,164.53846153846155,62.00955848884843,164.53846153846155,62.00955848884843,0
per_huruf_hybrid_skeleton_forced_loop_no_sig,5,777,0.144182594173316,164.61538461538464,62.027309968138375,164.61538461538464,62.027309968138375,0
per_huruf_hybrid_skeleton_forced_loop_no_sig,5,778,0.14436815735758024,164.69230769230768,62.04096495220756,164.69230769230768,62.04096495220756,0
per_huruf_hybrid_skeleton_forced_loop_no_sig,5,779,0.14455372054184448,164.76923076923075,62.04779244424214,164.76923076923075,62.04779244424214,0
per_huruf_hybrid_skeleton_forced_loop_no_sig,5,780,0.14473928372610873,164.84615384615387,62.04506144742831,164.84615384615387,62.04506144742831,0
per_huruf_hybrid_skeleton_forced_loop_no_sig,5,781,0.14492484691037297,164.9230769230769,62.03004096495221,164.9230769230769,62.03004096495221,0
per_huruf_hybrid_skeleton_forced_loop_no_sig,5,782,0.1451104100946372,165.0,62.0,165.0,62.0,0
per_huruf_hybrid_skeleton_forced_loop_no_sig,5,783,0.14529597327890145,165.07692307692312,61.95311788802915,165.07692307692312,61.95311788802915,0
per_huruf_hybrid_skeleton_forced_loop_no_sig,5,784,0.1454815364631657,165.15384615384613,61.89121529358216,165.15384615384613,61.89121529358216,0
per_huruf_hybrid_skeleton_forced_loop_no_sig,5,785,0.14566709964742994,165.23076923076923,61.81702321347291,165.23076923076923,61.81702321347291,0
per_huruf_hybrid_skeleton_forced_loop_no_sig,5,786,0.14585266283169418,165.3076923076923,61.733272644515246,165.3076923076923,61.733272644515246,0
per_huruf_hybrid_skeleton_forced_loop_no_sig,5,787,0.14603822601595842,165.3846153846154,61.64269458352299,165.3846153846154,61.64269458352299,0
per_huruf_hybrid_skeleton_forced_loop_no_sig,5,788,0.14622378920022266,165.46153846153848,61.548020027309974,165.46153846153848,61.548020027309974,0
per_huruf_hybrid_skeleton_forced_loop_no_sig,5,789,0.1464093523844869,165.53846153846155,61.451979972690026,165.53846153846155,61.451979972690026,0
per_huruf_hybrid_skeleton_forced_loop_no_sig,5,790,0.14659491556875115,165.6153846153846,61.35730541647702,165.6153846153846,61.35730541647702,0
per_huruf_hybrid_skeleton_forced_loop_no_sig,5,791,0.1467804787530154,165.69230769230768,61.26672735548475,165.69230769230768,61.26672735548475,0
per_huruf_hybrid_skeleton_forced_loop_no_sig,5,792,0.14696604193727963,165.76923076923075,61.18297678652707,165.76923076923075,61.18297678652707,0
per_huruf_hybrid_skeleton_forced_loop_no_sig,5,793,0.14715160512154388,165.84615384615387,61.108784706417836,165.84615384615387,61.108784706417836,0
per_huruf_hybrid_skeleton_forced_loop_no_sig,5,794,0.14733716830580812,165.9230769230769,61.046882111970866,165.9230769230769,61.046882111970866,0
per_huruf_hybrid_skeleton_forced_loop_no_sig,5,795,0.14752273149007236,166.0,61.0,166.0,61.0,0
per_huruf_hybrid_skeleton_forced_loop_no_sig,5,796,0.1477082946743366,166.0769230769231,60.96722803823397,166.0769230769231,60.96722803823397,0
per_huruf_hybrid_skeleton_forced_loop_no_sig,5,797,0.14789385785860085,166.15384615384616,60.944924897587626,166.15384615384616,60.944924897587626,0
per_huruf_hybrid_skeleton_forced_loop_no_sig,5,798,0.1480794210428651,166.2307692307692,60.931725079654065,166.2307692307692,60.931725079654065,0
per_huruf_hybrid_skeleton_forced_loop_no_sig,5,799,0.14826498422712933,166.3076923076923,60.926263086026395,166.3076923076923,60.926263086026395,0
per_huruf_hybrid_skeleton_forced_loop_no_sig,5,800,0.14845054741139357,166.38461538461542,60.927173418297684,166.38461538461542,60.927173418297684,0
per_huruf_hybrid_skeleton_forced_loop_no_sig,5,801,0.14863611059565782,166.46153846153848,60.933090578061,166.46153846153848,60.933090578061,0
per_huruf_hybrid_skeleton_forced_loop_no_sig,5,802,0.14882167377992206,166.53846153846155,60.942649066909425,166.53846153846155,60.942649066909425,0
per_huruf_hybrid_skeleton_forced_loop_no_sig,5,803,0.1490072369641863,166.6153846153846,60.954483386436046,166.6153846153846,60.954483386436046,0
per_huruf_hybrid_skeleton_forced_loop_no_sig,5,804,0.14919280014845054,166.69230769230768,60.96722803823395,166.69230769230768,60.96722803823395,0
per_huruf_hybrid_skeleton_forced_loop_no_sig,5,805,0.1493783633327148,166.76923076923077,60.97951752389621,166.76923076923077,60.97951752389621,0
per_huruf_hybrid_skeleton_forced_loop_no_sig,5,806,0.14956392651697903,166.84615384615387,60.989986345015936,166.84615384615387,60.989986345015936,0
per_huruf_hybrid_skeleton_forced_loop_no_sig,5,807,0.14974948970124327,166.92307692307693,60.99726900318616,166.92307692307693,60.99726900318616,0
per_huruf_hybrid_skeleton_forced_loop_no_sig,5,808,0.1499350528855075,167.0,61.0,167.0,61.0,0
per_huruf_hybrid_skeleton_forced_loop_no_sig,5,809,0.15012061606977176,167.07692307692312,60.997269003186176,167.07692307692312,60.997269003186176,0
per_huruf_hybrid_skeleton_forced_loop_no_sig,5,810,0.150306179254036,167.15384615384613,60.989986345015936,167.15384615384613,60.989986345015936,0
per_huruf_hybrid_skeleton_forced_loop_no_sig,5,811,0.15049174243830024,167.23076923076923,60.97951752389621,167.23076923076923,60.97951752389621,0
per_huruf_hybrid_skeleton_forced_loop_no_sig,5,812,0.15067730562256448,167.3076923076923,60.96722803823395,167.3076923076923,60.96722803823395,0
per_huruf_hybrid_skeleton_forced_loop_no_sig,5,813,0.15086286880682873,167.3846153846154,60.954483386436046,167.3846153846154,60.954483386436046,0
per_huruf_hybrid_skeleton_forced_loop_no_sig,5,814,0.15104843199109297,167.46153846153848,60.942649066909425,167.46153846153848,60.942649066909425,0
per_huruf_hybrid_skeleton_forced_loop_no_sig,5,815,0.1512339951753572,167.53846153846155,60.933090578061,167.53846153846155,60.933090578061,0
per_huruf_hybrid_skeleton_forced_loop_no_sig,5,816,0.15141955835962145,167.6153846153846,60.92717341829768,167.6153846153846,60.92717341829768,0
per_huruf_hybrid_skeleton_forced_loop_no_sig,5,817,0.1516051215438857,167.69230769230768,60.926263086026395,167.69230769230768,60.926263086026395,0
per_huruf_hybrid_skeleton_forced_loop_no_sig,5,818,0.15179068472814994,167.76923076923075,60.931725079654065,167.76923076923075,60.931725079654065,0
per_huruf_hybrid_skeleton_forced_loop_no_sig,5,819,0.15197624791241418,167.84615384615387,60.94492489758762,167.84615384615387,60.94492489758762,0
per_huruf_hybrid_skeleton_forced_loop_no_sig,5,820,0.15216181109667842,167.9230769230769,60.967228038233955,167.9230769230769,60.967228038233955,0
per_huruf_hybrid_skeleton_forced_loop_no_sig,5,821,0.15234737428094267,168.0,61.0,168.0,61.0,0
per_huruf_hybrid_skeleton_forced_loop_no_sig,5,822,0.1525329374652069,168.07965407373692,61.04415111515704,168.07965407373692,61.04415111515704,0
per_huruf_hybrid_skeleton_forced_loop_no_sig,5,823,0.15271850064947115,168.1638598088302,61.098771051433765,168.1638598088302,61.098771051433765,0
per_huruf_hybrid_skeleton_forced_loop_no_sig,5,824,0.1529040638337354,168.25125170687298,61.1624943104233,168.25125170687298,61.1624943104233,0
per_huruf_hybrid_skeleton_forced_loop_no_sig,5,825,0.1530896270179996,168.34046426945835,61.2339553937187,168.34046426945835,61.2339553937187,0
per_huruf_hybrid_skeleton_forced_loop_no_sig,5,826,0.15327519020226385,168.43013199817935,61.31178880291307,168.43013199817935,61.31178880291307,0
per_huruf_hybrid_skeleton_forced_loop_no_sig,5,827,0.1534607533865281,168.51888939462904,61.39462903959946,168.51888939462904,61.39462903959946,0
per_huruf_hybrid_skeleton_forced_loop_no_sig,5,828,0.15364631657079234,168.60537096040053,61.48111060537096,168.60537096040053,61.48111060537096,0
per_huruf_hybrid_skeleton_forced_loop_no_sig,5,829,0.15383187975505658,168.68821119708696,61.56986800182066,168.68821119708696,61.56986800182066,0
per_huruf_hybrid_skeleton_forced_loop_no_sig,5,830,0.15401744293932082,168.7660446062813,61.65953573054165,168.7660446062813,61.65953573054165,0
per_huruf_hybrid_skeleton_forced_loop_no_sig,5,831,0.15420300612358506,168.8375056895767,61.74874829312698,168.8375056895767,61.74874829312698,0
per_huruf_hybrid_skeleton_forced_loop_no_sig,5,832,0.1543885693078493,168.90122894856626,61.836140191169775,168.90122894856626,61.836140191169775,0
per_huruf_hybrid_skeleton_forced_loop_no_sig,5,833,0.15457413249211355,168.95584888484296,61.92034592626308,168.95584888484296,61.92034592626308,0
per_huruf_hybrid_skeleton_forced_loop_no_sig,5,834,0.1547596956763778,169.0,62.0,169.0,62.0,0
per_huruf_hybrid_skeleton_forced_loop_no_sig,5,835,0.15494525886064203,169.0300409649522,62.07692307692309,169.0300409649522,62.07692307692309,0
per_huruf_hybrid_skeleton_forced_loop_no_sig,5,836,0.15513082204490627,169.0450614474283,62.15384615384616,169.0450614474283,62.15384615384616,0
per_huruf_hybrid_skeleton_forced_loop_no_sig,5,837,0.15531638522917052,169.0477924442421,62.23076923076922,169.0477924442421,62.23076923076922,0
per_huruf_hybrid_skeleton_forced_loop_no_sig,5,838,0.15550194841343476,169.04096495220756,62.30769230769231,169.04096495220756,62.30769230769231,0
per_huruf_hybrid_skeleton_forced_loop_no_sig,5,839,0.155687511597699,169.02730996813838,62.384615384615394,169.02730996813838,62.384615384615394,0
per_huruf_hybrid_skeleton_forced_loop_no_sig,5,840,0.15587307478196324,169.00955848884846,62.46153846153847,169.00955848884846,62.46153846153847,0
per_huruf_hybrid_skeleton_forced_loop_no_sig,5,841,0.1560586379662275,168.99044151115154,62.53846153846154,168.99044151115154,62.53846153846154,0
per_huruf_hybrid_skeleton_forced_loop_no_sig,5,842,0.15624420115049173,168.97269003186165,62.61538461538462,168.97269003186165,62.61538461538462,0
per_huruf_hybrid_skeleton_forced_loop_no_sig,5,843,0.15642976433475597,168.95903504779244,62.69230769230769,168.95903504779244,62.69230769230769,0
per_huruf_hybrid_skeleton_forced_loop_no_sig,5,844,0.15661532751902021,168.95220755575784,62.76923076923077,168.95220755575784,62.76923076923077,0
per_huruf_hybrid_skeleton_forced_loop_no_sig,5,845,0.15680089070328446,168.95493855257172,62.84615384615385,168.95493855257172,62.84615384615385,0
per_huruf_hybrid_skeleton_forced_loop_no_sig,5,846,0.1569864538875487,168.9699590350478,62.92307692307692,168.9699590350478,62.92307692307692,0
per_huruf_hybrid_skeleton_forced_loop_no_sig,5,847,0.15717201707181294,169.0,63.0,169.0,63.0,0
per_huruf_hybrid_skeleton_forced_loop_no_sig,5,848,0.15735758025607718,169.0468821119709,63.07692307692309,169.0468821119709,63.07692307692309,0
per_huruf_hybrid_skeleton_forced_loop_no_sig,5,849,0.15754314344034143,169.10878470641785,63.15384615384615,169.10878470641785,63.15384615384615,0
per_huruf_hybrid_skeleton_forced_loop_no_sig,5,850,0.15772870662460567,169.18297678652706,63.23076923076922,169.18297678652706,63.23076923076922,0
per_huruf_hybrid_skeleton_forced_loop_no_sig,5,851,0.1579142698088699,169.26672735548476,63.3076923076923,169.26672735548476,63.3076923076923,0
per_huruf_hybrid_skeleton_forced_loop_no_sig,5,852,0.15809983299313415,169.35730541647703,63.384615384615394,169.35730541647703,63.384615384615394,0
per_huruf_hybrid_skeleton_forced_loop_no_sig,5,853,0.1582853961773984,169.45197997269008,63.46153846153847,169.45197997269008,63.46153846153847,0
per_huruf_hybrid_skeleton_forced_loop_no_sig,5,854,0.15847095936166264,169.54802002730997,63.53846153846154,169.54802002730997,63.53846153846154,0
per_huruf_hybrid_skeleton_forced_loop_no_sig,5,855,0.15865652254592688,169.642694583523,63.61538461538462,169.642694583523,63.61538461538462,0
per_huruf_hybrid_skeleton_forced_loop_no_sig,5,856,0.15884208573019112,169.73327264451524,63.69230769230769,169.73327264451524,63.69230769230769,0
per_huruf_hybrid_skeleton_forced_loop_no_sig,5,857,0.15902764891445537,169.8170232134729,63.76923076923076,169.8170232134729,63.76923076923076,0
per_huruf_hybrid_skeleton_forced_loop_no_sig,5,858,0.1592132120987196,169.89121529358218,63.84615384615385,169.89121529358218,63.84615384615385,0
per_huruf_hybrid_skeleton_forced_loop_no_sig,5,859,0.15939877528298385,169.9531178880291,63.92307692307692,169.9531178880291,63.92307692307692,0
per_huruf_hybrid_skeleton_forced_loop_no_sig,5,860,0.1595843384672481,170.0,64.0,170.0,64.0,0
per_huruf_hybrid_skeleton_forced_loop_no_sig,5,861,0.15976990165151234,170.0355029585799,64.07692307692308,170.0355029585799,64.07692307692308,0
per_huruf_hybrid_skeleton_forced_loop_no_sig,5,862,0.15995546483577658,170.0650887573965,64.15384615384616,170.0650887573965,64.15384615384616,0
per_huruf_hybrid_skeleton_forced_loop_no_sig,5,863,0.16014102802004082,170.08875739644967,64.23076923076923,170.08875739644967,64.23076923076923,0
per_huruf_hybrid_skeleton_forced_loop_no_sig,5,864,0.16032659120430506,170.10650887573962,64.30769230769229,170.10650887573962,64.30769230769229,0
per_huruf_hybrid_skeleton_forced_loop_no_sig,5,865,0.1605121543885693,170.11834319526628,64.38461538461539,170.11834319526628,64.38461538461539,0
per_huruf_hybrid_skeleton_forced_loop_no_sig,5,866,0.16069771757283355,170.1242603550296,64.46153846153847,170.1242603550296,64.46153846153847,0
per_huruf_hybrid_skeleton_forced_loop_no_sig,5,867,0.1608832807570978,170.12426035502958,64.53846153846153,170.12426035502958,64.53846153846153,0
per_huruf_hybrid_skeleton_forced_loop_no_sig,5,868,0.16106884394136203,170.11834319526628,64.61538461538463,170.11834319526628,64.61538461538463,0
per_huruf_hybrid_skeleton_forced_loop_no_sig,5,869,0.16125440712562628,170.10650887573962,64.6923076923077,170.10650887573962,64.6923076923077,0
per_huruf_hybrid_skeleton_forced_loop_no_sig,5,870,0.16143997030989052,170.0887573964497,64.76923076923077,170.0887573964497,64.76923076923077,0
per_huruf_hybrid_skeleton_forced_loop_no_sig,5,871,0.16162553349415476,170.06508875739644,64.84615384615385,170.06508875739644,64.84615384615385,0
per_huruf_hybrid_skeleton_forced_loop_no_sig,5,872,0.161811096678419,170.03550295857988,64.92307692307692,170.03550295857988,64.92307692307692,0
per_huruf_hybrid_skeleton_forced_loop_no_sig,5,873,0.16199665986268325,170.0,65.0,170.0,65.0,0
per_huruf_hybrid_skeleton_forced_loop_no_sig,5,874,0.1621822230469475,169.95311788802914,65.07692307692308,169.95311788802914,65.07692307692308,0
per_huruf_hybrid_skeleton_forced_loop_no_sig,5,875,0.16236778623121173,169.89121529358215,65.15384615384616,169.89121529358215,65.15384615384616,0
per_huruf_hybrid_skeleton_forced_loop_no_sig,5,876,0.16255334941547597,169.81702321347288,65.23076923076923,169.81702321347288,65.23076923076923,0
per_huruf_hybrid_skeleton_forced_loop_no_sig,5,877,0.16273891259974022,169.73327264451527,65.3076923076923,169.73327264451527,65.3076923076923,0
per_huruf_hybrid_skeleton_forced_loop_no_sig,5,878,0.16292447578400446,169.64269458352302,65.38461538461539,169.64269458352302,65.38461538461539,0
per_huruf_hybrid_skeleton_forced_loop_no_sig,5,879,0.1631100389682687,169.54802002730997,65.46153846153847,169.54802002730997,65.46153846153847,0
per_huruf_hybrid_skeleton_forced_loop_no_sig,5,880,0.16329560215253294,169.45197997269003,65.53846153846153,169.45197997269003,65.53846153846153,0
per_huruf_hybrid_skeleton_forced_loop_no_sig,5,881,0.16348116533679719,169.35730541647703,65.61538461538461,169.35730541647703,65.61538461538461,0
per_huruf_hybrid_skeleton_forced_loop_no_sig,5,882,0.1636667285210614,169.26672735548473,65.6923076923077,169.26672735548473,65.6923076923077,0
per_huruf_hybrid_skeleton_forced_loop_no_sig,5,883,0.16385229170532564,169.18297678652706,65.76923076923077,169.18297678652706,65.76923076923077,0
per_huruf_hybrid_skeleton_forced_loop_no_sig,5,884,0.16403785488958988,169.10878470641785,65.84615384615384,169.10878470641785,65.84615384615384,0
per_huruf_hybrid_skeleton_forced_loop_no_sig,5,885,0.16422341807385413,169.04688211197086,65.92307692307692,169.04688211197086,65.92307692307692,0
per_huruf_hybrid_skeleton_forced_loop_no_sig,5,886,0.16440898125811837,169.0,66.0,169.0,66.0,0
per_huruf_hybrid_skeleton_forced_loop_no_sig,5,887,0.1645945444423826,168.96722803823397,66.07692307692308,168.96722803823397,66.07692307692308,0
per_huruf_hybrid_skeleton_forced_loop_no_sig,5,888,0.16478010762664685,168.94492489758764,66.15384615384616,168.94492489758764,66.15384615384616,0
per_huruf_hybrid_skeleton_forced_loop_no_sig,5,889,0.1649656708109111,168.93172507965406,66.23076923076923,168.93172507965406,66.23076923076923,0
per_huruf_hybrid_skeleton_forced_loop_no_sig,5,890,0.16515123399517534,168.9262630860264,66.30769230769229,168.9262630860264,66.30769230769229,0
per_huruf_hybrid_skeleton_forced_loop_no_sig,5,891,0.16533679717943958,168.9271734182977,66.3846153846154,168.9271734182977,66.3846153846154,0
per_huruf_hybrid_skeleton_forced_loop_no_sig,5,892,0.16552236036370382,168.93309057806098,66.46153846153847,168.93309057806098,66.46153846153847,0
per_huruf_hybrid_skeleton_forced_loop_no_sig,5,893,0.16570792354796807,168.9426490669094,66.53846153846155,168.9426490669094,66.53846153846155,0
per_huruf_hybrid_skeleton_forced_loop_no_sig,5,894,0.1658934867322323,168.95448338643607,66.61538461538463,168.95448338643607,66.61538461538463,0
per_huruf_hybrid_skeleton_forced_loop_no_sig,5,895,0.16607904991649655,168.96722803823397,66.6923076923077,168.96722803823397,66.6923076923077,0
per_huruf_hybrid_skeleton_forced_loop_no_sig,5,896,0.1662646131007608,168.97951752389622,66.76923076923077,168.97951752389622,66.76923076923077,0
per_huruf_hybrid_skeleton_forced_loop_no_sig,5,897,0.16645017628502504,168.98998634501595,66.84615384615385,168.98998634501595,66.84615384615385,0
per_huruf_hybrid_skeleton_forced_loop_no_sig,5,898,0.16663573946928928,168.99726900318615,66.92307692307692,168.99726900318615,66.92307692307692,0
per_huruf_hybrid_skeleton_forced_loop_no_sig,5,899,0.16682130265355352,169.0,67.0,169.0,67.0,0
per_huruf_hybrid_skeleton_forced_loop_no_sig,5,900,0.16700686583781776,169.00000000000003,67.07692307692308,169.00000000000003,67.07692307692308,0
per_huruf_hybrid_skeleton_forced_loop_no_sig,5,901,0.167192429022082,169.0,67.15384615384616,169.0,67.15384615384616,0
per_huruf_hybrid_skeleton_forced_loop_no_sig,5,902,0.16737799220634625,168.99999999999997,67.23076923076923,168.99999999999997,67.23076923076923,0
per_huruf_hybrid_skeleton_forced_loop_no_sig,5,903,0.1675635553906105,169.0,67.3076923076923,169.0,67.3076923076923,0
per_huruf_hybrid_skeleton_forced_loop_no_sig,5,904,0.16774911857487473,169.00000000000003,67.38461538461539,169.00000000000003,67.38461538461539,0
per_huruf_hybrid_skeleton_forced_loop_no_sig,5,905,0.16793468175913898,169.0,67.46153846153847,169.0,67.46153846153847,0
per_huruf_hybrid_skeleton_forced_loop_no_sig,5,906,0.16812024494340322,168.99999999999997,67.53846153846153,168.99999999999997,67.53846153846153,0
per_huruf_hybrid_skeleton_forced_loop_no_sig,5,907,0.16830580812766746,169.0,67.61538461538461,169.0,67.61538461538461,0
per_huruf_hybrid_skeleton_forced_loop_no_sig,5,908,0.1684913713119317,169.0,67.69230769230768,169.0,67.69230769230768,0
per_huruf_hybrid_skeleton_forced_loop_no_sig,5,909,0.16867693449619595,169.0,67.76923076923076,169.0,67.76923076923076,0
per_huruf_hybrid_skeleton_forced_loop_no_sig,5,910,0.1688624976804602,169.0,67.84615384615385,169.0,67.84615384615385,0
per_huruf_hybrid_skeleton_forced_loop_no_sig,5,911,0.16904806086472443,169.0,67.92307692307692,169.0,67.92307692307692,0
per_huruf_hybrid_skeleton_forced_loop_no_sig,5,912,0.16923362404898867,169.0,68.0,169.0,68.0,0
per_huruf_hybrid_skeleton_forced_loop_no_sig,5,913,0.16941918723325292,169.00273099681385,68.0769230769231,169.00273099681385,68.0769230769231,0
per_huruf_hybrid_skeleton_forced_loop_no_sig,5,914,0.16960475041751716,169.01001365498405,68.15384615384616,169.01001365498405,68.15384615384616,0
per_huruf_hybrid_skeleton_forced_loop_no_sig,5,915,0.1697903136017814,169.02048247610375,68.23076923076921,169.02048247610375,68.23076923076921,0
per_huruf_hybrid_skeleton_forced_loop_no_sig,5,916,0.16997587678604564,169.03277196176603,68.30769230769229,169.03277196176603,68.30769230769229,0
per_huruf_hybrid_skeleton_forced_loop_no_sig,5,917,0.17016143997030989,169.04551661356396,68.38461538461539,169.04551661356396,68.38461538461539,0
per_huruf_hybrid_skeleton_forced_loop_no_sig,5,918,0.17034700315457413,169.0573509330906,68.46153846153847,169.0573509330906,68.46153846153847,0
per_huruf_hybrid_skeleton_forced_loop_no_sig,5,919,0.17053256633883837,169.066909421939,68.53846153846153,169.066909421939,68.53846153846153,0
per_huruf_hybrid_skeleton_forced_loop_no_sig,5,920,0.1707181295231026,169.07282658170232,68.61538461538461,169.07282658170232,68.61538461538461,0
per_huruf_hybrid_skeleton_forced_loop_no_sig,5,921,0.17090369270736686,169.0737369139736,68.6923076923077,169.0737369139736,68.6923076923077,0
per_huruf_hybrid_skeleton_forced_loop_no_sig,5,922,0.1710892558916311,169.0682749203459,68.76923076923077,169.0682749203459,68.76923076923077,0
per_huruf_hybrid_skeleton_forced_loop_no_sig,5,923,0.17127481907589534,169.0550751024124,68.84615384615385,169.0550751024124,68.84615384615385,0
per_huruf_hybrid_skeleton_forced_loop_no_sig,5,924,0.17146038226015958,169.03277196176603,68.92307692307692,169.03277196176603,68.92307692307692,0
per_huruf_hybrid_skeleton_forced_loop_no_sig,5,925,0.17164594544442383,169.0,69.0,169.0,69.0,0
per_huruf_hybrid_skeleton_forced_loop_no_sig,5,926,0.17183150862868807,168.955848884843,69.07692307692308,168.955848884843,69.07692307692308,0
per_huruf_hybrid_skeleton_forced_loop_no_sig,5,927,0.1720170718129523,168.90122894856623,69.15384615384615,168.90122894856623,69.15384615384615,0
per_huruf_hybrid_skeleton_forced_loop_no_sig,5,928,0.17220263499721655,168.8375056895767,69.23076923076921,168.8375056895767,69.23076923076921,0
per_huruf_hybrid_skeleton_forced_loop_no_sig,5,929,0.1723881981814808,168.7660446062813,69.30769230769229,168.7660446062813,69.30769230769229,0
per_huruf_hybrid_skeleton_forced_loop_no_sig,5,930,0.17257376136574504,168.68821119708696,69.38461538461539,168.68821119708696,69.38461538461539,0
per_huruf_hybrid_skeleton_forced_loop_no_sig,5,931,0.17275932455000928,168.60537096040056,69.46153846153847,168.60537096040056,69.46153846153847,0
per_huruf_hybrid_skeleton_forced_loop_no_sig,5,932,0.17294488773427352,168.51888939462907,69.53846153846155,168.51888939462907,69.53846153846155,0
per_huruf_hybrid_skeleton_forced_loop_no_sig,5,933,0.17313045091853776,168.43013199817935,69.61538461538461,168.43013199817935,69.61538461538461,0
per_huruf_hybrid_skeleton_forced_loop_no_sig,5,934,0.173316014102802,168.34046426945835,69.6923076923077,168.34046426945835,69.6923076923077,0
per_huruf_hybrid_skeleton_forced_loop_no_sig,5,935,0.17350157728706625,168.251251706873,69.76923076923077,168.251251706873,69.76923076923077,0
per_huruf_hybrid_skeleton_forced_loop_no_sig,5,936,0.1736871404713305,168.16385980883024,69.84615384615385,168.16385980883024,69.84615384615385,0
per_huruf_hybrid_skeleton_forced_loop_no_sig,5,937,0.17387270365559473,168.0796540737369,69.92307692307692,168.0796540737369,69.92307692307692,0
per_huruf_hybrid_skeleton_forced_loop_no_sig,5,938,0.17405826683985898,168.0,70.0,168.0,70.0,0
per_huruf_hybrid_skeleton_forced_loop_no_sig,5,939,0.1742438300241232,167.9203459262631,70.0769230769231,167.9203459262631,70.0769230769231,0
per_huruf_hybrid_skeleton_forced_loop_no_sig,5,940,0.17442939320838743,167.8361401911698,70.15384615384615,167.8361401911698,70.15384615384615,0
per_huruf_hybrid_skeleton_forced_loop_no_sig,5,941,0.17461495639265168,167.74874829312697,70.23076923076921,167.74874829312697,70.23076923076921,0
per_huruf_hybrid_skeleton_forced_loop_no_sig,5,942,0.17480051957691592,167.65953573054165,70.3076923076923,167.65953573054165,70.3076923076923,0
per_huruf_hybrid_skeleton_forced_loop_no_sig,5,943,0.17498608276118016,167.56986800182068,70.38461538461539,167.56986800182068,70.38461538461539,0
per_huruf_hybrid_skeleton_forced_loop_no_sig,5,944,0.1751716459454444,167.48111060537096,70.46153846153848,167.48111060537096,70.46153846153848,0
per_huruf_hybrid_skeleton_forced_loop_no_sig,5,945,0.17535720912970865,167.39462903959944,70.53846153846155,167.39462903959944,70.53846153846155,0
per_huruf_hybrid_skeleton_forced_loop_no_sig,5,946,0.1755427723139729,167.31178880291307,70.61538461538461,167.31178880291307,70.61538461538461,0
per_huruf_hybrid_skeleton_forced_loop_no_sig,5,947,0.17572833549823713,167.2339553937187,70.6923076923077,167.2339553937187,70.6923076923077,0
per_huruf_hybrid_skeleton_forced_loop_no_sig,5,948,0.17591389868250137,167.16249431042326,70.76923076923077,167.16249431042326,70.76923076923077,0
per_huruf_hybrid_skeleton_forced_loop_no_sig,5,949,0.17609946186676562,167.09877105143377,70.84615384615385,167.09877105143377,70.84615384615385,0
per_huruf_hybrid_skeleton_forced_loop_no_sig,5,950,0.17628502505102986,167.04415111515704,70.92307692307692,167.04415111515704,70.92307692307692,0
per_huruf_hybrid_skeleton_forced_loop_no_sig,5,951,0.1764705882352941,167.0,71.0,167.0,71.0,0
per_huruf_hybrid_skeleton_forced_loop_no_sig,5,952,0.17665615141955834,166.96722803823397,71.07692307692308,166.96722803823397,71.07692307692308,0
per_huruf_hybrid_skeleton_forced_loop_no_sig,5,953,0.1768417146038226,166.94492489758764,71.15384615384616,166.94492489758764,71.15384615384616,0
per_huruf_hybrid_skeleton_forced_loop_no_sig,5,954,0.17702727778808683,166.93172507965406,71.23076923076921,166.93172507965406,71.23076923076921,0
per_huruf_hybrid_skeleton_forced_loop_no_sig,5,955,0.17721284097235107,166.92626308602638,71.3076923076923,166.92626308602638,71.3076923076923,0
per_huruf_hybrid_skeleton_forced_loop_no_sig,5,956,0.1773984041566153,166.9271734182977,71.38461538461539,166.9271734182977,71.38461538461539,0
per_huruf_hybrid_skeleton_forced_loop_no_sig,5,957,0.17758396734087956,166.933090578061,71.46153846153847,166.933090578061,71.46153846153847,0
per_huruf_hybrid_skeleton_forced_loop_no_sig,5,958,0.1777695305251438,166.9426490669094,71.53846153846153,166.9426490669094,71.53846153846153,0
per_huruf_hybrid_skeleton_forced_loop_no_sig,5,959,0.17795509370940804,166.95448338643607,71.61538461538461,166.95448338643607,71.61538461538461,0
per_huruf_hybrid_skeleton_forced_loop_no_sig,5,960,0.17814065689367228,166.96722803823394,71.6923076923077,166.96722803823394,71.6923076923077,0
per_huruf_hybrid_skeleton_forced_loop_no_sig,5,961,0.17832622007793653,166.97951752389622,71.76923076923077,166.97951752389622,71.76923076923077,0
per_huruf_hybrid_skeleton_forced_loop_no_sig,5,962,0.17851178326220077,166.98998634501595,71.84615384615385,166.98998634501595,71.84615384615385,0
per_huruf_hybrid_skeleton_forced_loop_no_sig,5,963,0.178697346446465,166.99726900318618,71.92307692307692,166.99726900318618,71.92307692307692,0
per_huruf_hybrid_skeleton_forced_loop_no_sig,5,964,0.17888290963072925,167.0,72.0,167.0,72.0,0
per_huruf_hybrid_skeleton_forced_loop_no_sig,5,965,0.1790684728149935,167.00273099681385,72.07692307692308,167.00273099681385,72.07692307692308,0
per_huruf_hybrid_skeleton_forced_loop_no_sig,5,966,0.17925403599925774,167.01001365498408,72.15384615384616,167.01001365498408,72.15384615384616,0
per_huruf_hybrid_skeleton_forced_loop_no_sig,5,967,0.17943959918352198,167.02048247610375,72.23076923076923,167.02048247610375,72.23076923076923,0
per_huruf_hybrid_skeleton_forced_loop_no_sig,5,968,0.17962516236778622,167.03277196176603,72.30769230769229,167.03277196176603,72.30769230769229,0
per_huruf_hybrid_skeleton_forced_loop_no_sig,5,969,0.17981072555205047,167.04551661356396,72.38461538461539,167.04551661356396,72.38461538461539,0
per_huruf_hybrid_skeleton_forced_loop_no_sig,5,970,0.1799962887363147,167.0573509330906,72.46153846153845,167.0573509330906,72.46153846153845,0
per_huruf_hybrid_skeleton_forced_loop_no_sig,5,971,0.18018185192057895,167.066909421939,72.53846153846153,167.066909421939,72.53846153846153,0
per_huruf_hybrid_skeleton_forced_loop_no_sig,5,972,0.1803674151048432,167.07282658170232,72.61538461538461,167.07282658170232,72.61538461538461,0
per_huruf_hybrid_skeleton_forced_loop_no_sig,5,973,0.18055297828910744,167.0737369139736,72.69230769230768,167.0737369139736,72.69230769230768,0
per_huruf_hybrid_skeleton_forced_loop_no_sig,5,974,0.18073854147337168,167.0682749203459,72.76923076923077,167.0682749203459,72.76923076923077,0
per_huruf_hybrid_skeleton_forced_loop_no_sig,5,975,0.18092410465763592,167.0550751024124,72.84615384615384,167.0550751024124,72.84615384615384,0
per_huruf_hybrid_skeleton_forced_loop_no_sig,5,976,0.18110966784190016,167.03277196176606,72.92307692307692,167.03277196176606,72.92307692307692,0
per_huruf_hybrid_skeleton_forced_loop_no_sig,5,977,0.1812952310261644,167.0,73.0,167.0,73.0,0
per_huruf_hybrid_skeleton_forced_loop_no_sig,5,978,0.18148079421042865,166.95584888484302,73.07965407373692,166.95584888484302,73.07965407373692,0
per_huruf_hybrid_skeleton_forced_loop_no_sig,5,979,0.1816663573946929,166.90122894856623,73.16385980883021,166.90122894856623,73.16385980883021,0
per_huruf_hybrid_skeleton_forced_loop_no_sig,5,980,0.18185192057895713,166.8375056895767,73.251251706873,166.8375056895767,73.251251706873,0
per_huruf_hybrid_skeleton_forced_loop_no_sig,5,981,0.18203748376322137,166.76604460628127,73.34046426945834,166.76604460628127,73.34046426945834,0
per_huruf_hybrid_skeleton_forced_loop_no_sig,5,982,0.18222304694748562,166.68821119708696,73.43013199817935,166.68821119708696,73.43013199817935,0
per_huruf_hybrid_skeleton_forced_loop_no_sig,5,983,0.18240861013174986,166.60537096040056,73.51888939462903,166.60537096040056,73.51888939462903,0
per_huruf_hybrid_skeleton_forced_loop_no_sig,5,984,0.1825941733160141,166.518889394629,73.60537096040055,166.518889394629,73.60537096040055,0
per_huruf_hybrid_skeleton_forced_loop_no_sig,5,985,0.18277973650027834,166.43013199817935,73.68821119708693,166.43013199817935,73.68821119708693,0
per_huruf_hybrid_skeleton_forced_loop_no_sig,5,986,0.1829652996845426,166.34046426945835,73.7660446062813,166.34046426945835,73.7660446062813,0
per_huruf_hybrid_skeleton_forced_loop_no_sig,5,987,0.18315086286880683,166.251251706873,73.83750568957669,166.251251706873,73.83750568957669,0
per_huruf_hybrid_skeleton_forced_loop_no_sig,5,988,0.18333642605307107,166.16385980883024,73.90122894856623,166.16385980883024,73.90122894856623,0
per_huruf_hybrid_skeleton_forced_loop_no_sig,5,989,0.18352198923733531,166.07965407373692,73.95584888484296,166.07965407373692,73.95584888484296,0
per_huruf_hybrid_skeleton_forced_loop_no_sig,5,990,0.18370755242159956,166.0,74.0,166.0,74.0,0
per_huruf_hybrid_skeleton_forced_loop_no_sig,5,991,0.1838931156058638,165.92307692307693,74.03277196176604,165.92307692307693,74.03277196176604,0
per_huruf_hybrid_skeleton_forced_loop_no_sig,5,992,0.18407867879012804,165.84615384615387,74.05507510241237,165.84615384615387,74.05507510241237,0
per_huruf_hybrid_skeleton_forced_loop_no_sig,5,993,0.18426424197439228,165.76923076923072,74.06827492034593,165.76923076923072,74.06827492034593,0
per_huruf_hybrid_skeleton_forced_loop_no_sig,5,994,0.18444980515865653,165.6923076923077,74.07373691397359,165.6923076923077,74.07373691397359,0
per_huruf_hybrid_skeleton_forced_loop_no_sig,5,995,0.18463536834292077,165.6153846153846,74.07282658170232,165.6153846153846,74.07282658170232,0
per_huruf_hybrid_skeleton_forced_loop_no_sig,5,996,0.18482093152718498,165.53846153846155,74.06690942193902,165.53846153846155,74.06690942193902,0
per_huruf_hybrid_skeleton_forced_loop_no_sig,5,997,0.18500649471144923,165.46153846153848,74.05735093309058,165.46153846153848,74.05735093309058,0
per_huruf_hybrid_skeleton_forced_loop_no_sig,5,998,0.18519205789571347,165.3846153846154,74.04551661356396,165.3846153846154,74.04551661356396,0
per_huruf_hybrid_skeleton_forced_loop_no_sig,5,999,0.1853776210799777,165.30769230769232,74.03277196176603,165.30769230769232,74.03277196176603,0
per_huruf_hybrid_skeleton_forced_loop_no_sig,5,1000,0.18556318426424195,165.23076923076923,74.02048247610378,165.23076923076923,74.02048247610378,0
per_huruf_hybrid_skeleton_forced_loop_no_sig,5,1001,0.1857487474485062,165.15384615384616,74.01001365498408,165.15384615384616,74.01001365498408,0
per_huruf_hybrid_skeleton_forced_loop_no_sig,5,1002,0.18593431063277044,165.07692307692307,74.00273099681384,165.07692307692307,74.00273099681384,0
per_huruf_hybrid_skeleton_forced_loop_no_sig,5,1003,0.18611987381703468,165.0,74.0,165.0,74.0,0
per_huruf_hybrid_skeleton_forced_loop_no_sig,5,1004,0.18630543700129892,164.92307692307696,74.0,164.92307692307696,74.0,0
per_huruf_hybrid_skeleton_forced_loop_no_sig,5,1005,0.18649100018556317,164.84615384615387,73.99999999999999,164.84615384615387,73.99999999999999,0
per_huruf_hybrid_skeleton_forced_loop_no_sig,5,1006,0.1866765633698274,164.76923076923077,74.0,164.76923076923077,74.0,0
per_huruf_hybrid_skeleton_forced_loop_no_sig,5,1007,0.18686212655409165,164.69230769230768,74.0,164.69230769230768,74.0,0
per_huruf_hybrid_skeleton_forced_loop_no_sig,5,1008,0.1870476897383559,164.61538461538464,74.0,164.61538461538464,74.0,0
per_huruf_hybrid_skeleton_forced_loop_no_sig,5,1009,0.18723325292262014,164.53846153846155,74.0,164.53846153846155,74.0,0
per_huruf_hybrid_skeleton_forced_loop_no_sig,5,1010,0.18741881610688438,164.46153846153848,74.0,164.46153846153848,74.0,0
per_huruf_hybrid_skeleton_forced_loop_no_sig,5,1011,0.18760437929114862,164.38461538461542,74.0,164.38461538461542,74.0,0
per_huruf_hybrid_skeleton_forced_loop_no_sig,5,1012,0.18778994247541286,164.3076923076923,74.0,164.3076923076923,74.0,0
per_huruf_hybrid_skeleton_forced_loop_no_sig,5,1013,0.1879755056596771,164.23076923076923,74.0,164.23076923076923,74.0,0
per_huruf_hybrid_skeleton_forced_loop_no_sig,5,1014,0.18816106884394135,164.15384615384616,74.0,164.15384615384616,74.0,0
per_huruf_hybrid_skeleton_forced_loop_no_sig,5,1015,0.1883466320282056,164.07692307692307,74.0,164.07692307692307,74.0,0
per_huruf_hybrid_skeleton_forced_loop_no_sig,5,1016,0.18853219521246983,164.0,74.0,164.0,74.0,0
per_huruf_hybrid_skeleton_forced_loop_no_sig,5,1017,0.18871775839673408,163.92307692307693,74.0,163.92307692307693,74.0,0
per_huruf_hybrid_skeleton_forced_loop_no_sig,5,1018,0.18890332158099832,163.84615384615384,73.99999999999999,163.84615384615384,73.99999999999999,0
per_huruf_hybrid_skeleton_forced_loop_no_sig,5,1019,0.18908888476526256,163.76923076923075,74.0,163.76923076923075,74.0,0
per_huruf_hybrid_skeleton_forced_loop_no_sig,5,1020,0.1892744479495268,163.69230769230765,74.0,163.69230769230765,74.0,0
per_huruf_hybrid_skeleton_forced_loop_no_sig,5,1021,0.18946001113379105,163.61538461538464,74.0,163.61538461538464,74.0,0
per_huruf_hybrid_skeleton_forced_loop_no_sig,5,1022,0.1896455743180553,163.53846153846155,74.0,163.53846153846155,74.0,0
per_huruf_hybrid_skeleton_forced_loop_no_sig,5,1023,0.18983113750231953,163.46153846153845,74.0,163.46153846153845,74.0,0
per_huruf_hybrid_skeleton_forced_loop_no_sig,5,1024,0.19001670068658377,163.3846153846154,74.0,163.3846153846154,74.0,0
per_huruf_hybrid_skeleton_forced_loop_no_sig,5,1025,0.19020226387084802,163.30769230769232,74.0,163.30769230769232,74.0,0
per_huruf_hybrid_skeleton_forced_loop_no_sig,5,1026,0.19038782705511226,163.23076923076923,74.0,163.23076923076923,74.0,0
per_huruf_hybrid_skeleton_forced_loop_no_sig,5,1027,0.1905733902393765,163.15384615384616,74.0,163.15384615384616,74.0,0
per_huruf_hybrid_skeleton_forced_loop_no_sig,5,1028,0.19075895342364074,163.0769230769231,74.0,163.0769230769231,74.0,0
per_huruf_hybrid_skeleton_forced_loop_no_sig,5,1029,0.19094451660790498,163.0,74.0,163.0,74.0,0
per_huruf_hybrid_skeleton_forced_loop_no_sig,5,1030,0.19113007979216923,162.92307692307696,74.0,162.92307692307696,74.0,0
per_huruf_hybrid_skeleton_forced_loop_no_sig,5,1031,0.19131564297643347,162.84615384615387,73.99999999999999,162.84615384615387,73.99999999999999,0
per_huruf_hybrid_skeleton_forced_loop_no_sig,5,1032,0.1915012061606977,162.76923076923075,74.0,162.76923076923075,74.0,0
per_huruf_hybrid_skeleton_forced_loop_no_sig,5,1033,0.19168676934496195,162.69230769230768,74.0,162.69230769230768,74.0,0
per_huruf_hybrid_skeleton_forced_loop_no_sig,5,1034,0.1918723325292262,162.61538461538464,74.0,162.61538461538464,74.0,0
per_huruf_hybrid_skeleton_forced_loop_no_sig,5,1035,0.19205789571349044,162.53846153846155,74.0,162.53846153846155,74.0,0
per_huruf_hybrid_skeleton_forced_loop_no_sig,5,1036,0.19224345889775468,162.46153846153845,74.0,162.46153846153845,74.0,0
per_huruf_hybrid_skeleton_forced_loop_no_sig,5,1037,0.19242902208201892,162.3846153846154,74.0,162.3846153846154,74.0,0
per_huruf_hybrid_skeleton_forced_loop_no_sig,5,1038,0.19261458526628317,162.30769230769232,74.0,162.30769230769232,74.0,0
per_huruf_hybrid_skeleton_forced_loop_no_sig,5,1039,0.1928001484505474,162.23076923076923,74.0,162.23076923076923,74.0,0
per_huruf_hybrid_skeleton_forced_loop_no_sig,5,1040,0.19298571163481165,162.15384615384616,74.0,162.15384615384616,74.0,0
per_huruf_hybrid_skeleton_forced_loop_no_sig,5,1041,0.1931712748190759,162.0769230769231,74.0,162.0769230769231,74.0,0
per_huruf_hybrid_skeleton_forced_loop_no_sig,5,1042,0.19335683800334014,162.0,74.0,162.0,74.0,0
per_huruf_hybrid_skeleton_forced_loop_no_sig,5,1043,0.19354240118760438,161.92307692307696,74.00273099681384,161.92307692307696,74.00273099681384,0
per_huruf_hybrid_skeleton_forced_loop_no_sig,5,1044,0.19372796437186862,161.84615384615387,74.01001365498406,161.84615384615387,74.01001365498406,0
per_huruf_hybrid_skeleton_forced_loop_no_sig,5,1045,0.19391352755613286,161.76923076923075,74.02048247610377,161.76923076923075,74.02048247610377,0
per_huruf_hybrid_skeleton_forced_loop_no_sig,5,1046,0.1940990907403971,161.6923076923077,74.03277196176603,161.6923076923077,74.03277196176603,0
per_huruf_hybrid_skeleton_forced_loop_no_sig,5,1047,0.19428465392466135,161.6153846153846,74.04551661356396,161.6153846153846,74.04551661356396,0
per_huruf_hybrid_skeleton_forced_loop_no_sig,5,1048,0.1944702171089256,161.53846153846152,74.05735093309059,161.53846153846152,74.05735093309059,0
per_huruf_hybrid_skeleton_forced_loop_no_sig,5,1049,0.19465578029318983,161.46153846153845,74.06690942193902,161.46153846153845,74.06690942193902,0
per_huruf_hybrid_skeleton_forced_loop_no_sig,5,1050,0.19484134347745408,161.3846153846154,74.07282658170233,161.3846153846154,74.07282658170233,0
per_huruf_hybrid_skeleton_forced_loop_no_sig,5,1051,0.19502690666171832,161.30769230769232,74.07373691397359,161.30769230769232,74.07373691397359,0
per_huruf_hybrid_skeleton_forced_loop_no_sig,5,1052,0.19521246984598256,161.23076923076923,74.06827492034591,161.23076923076923,74.06827492034591,0
per_huruf_hybrid_skeleton_forced_loop_no_sig,5,1053,0.19539803303024678,161.15384615384616,74.05507510241239,161.15384615384616,74.05507510241239,0
per_huruf_hybrid_skeleton_forced_loop_no_sig,5,1054,0.19558359621451102,161.07692307692307,74.03277196176604,161.07692307692307,74.03277196176604,0
per_huruf_hybrid_skeleton_forced_loop_no_sig,5,1055,0.19576915939877526,161.0,74.0,161.0,74.0,0
per_huruf_hybrid_skeleton_forced_loop_no_sig,5,1056,0.1959547225830395,160.9203459262631,73.95584888484298,160.9203459262631,73.95584888484298,0
per_huruf_hybrid_skeleton_forced_loop_no_sig,5,1057,0.19614028576730375,160.8361401911698,73.90122894856623,160.8361401911698,73.90122894856623,0
per_huruf_hybrid_skeleton_forced_loop_no_sig,5,1058,0.196325848951568,160.74874829312697,73.83750568957669,160.74874829312697,73.83750568957669,0
per_huruf_hybrid_skeleton_forced_loop_no_sig,5,1059,0.19651141213583223,160.65953573054165,73.76604460628127,160.65953573054165,73.76604460628127,0
per_huruf_hybrid_skeleton_forced_loop_no_sig,5,1060,0.19669697532009647,160.56986800182068,73.68821119708693,160.56986800182068,73.68821119708693,0
per_huruf_hybrid_skeleton_forced_loop_no_sig,5,1061,0.19688253850436072,160.48111060537096,73.60537096040053,160.48111060537096,73.60537096040053,0
per_huruf_hybrid_skeleton_forced_loop_no_sig,5,1062,0.19706810168862496,160.39462903959947,73.51888939462903,160.39462903959947,73.51888939462903,0
per_huruf_hybrid_skeleton_forced_loop_no_sig,5,1063,0.1972536648728892,160.31178880291307,73.43013199817933,160.31178880291307,73.43013199817933,0
per_huruf_hybrid_skeleton_forced_loop_no_sig,5,1064,0.19743922805715344,160.2339553937187,73.34046426945835,160.2339553937187,73.34046426945835,0
per_huruf_hybrid_skeleton_forced_loop_no_sig,5,1065,0.19762479124141769,160.1624943104233,73.251251706873,160.1624943104233,73.251251706873,0
per_huruf_hybrid_skeleton_forced_loop_no_sig,5,1066,0.19781035442568193,160.09877105143377,73.16385980883022,160.09877105143377,73.16385980883022,0
per_huruf_hybrid_skeleton_forced_loop_no_sig,5,1067,0.19799591760994617,160.04415111515704,73.07965407373692,160.04415111515704,73.07965407373692,0
per_huruf_hybrid_skeleton_forced_loop_no_sig,5,1068,0.1981814807942104,160.0,73.0,160.0,73.0,0
per_huruf_hybrid_skeleton_forced_loop_no_sig,5,1069,0.19836704397847466,159.96722803823397,72.92307692307693,159.96722803823397,72.92307692307693,0
per_huruf_hybrid_skeleton_forced_loop_no_sig,5,1070,0.1985526071627389,159.94492489758764,72.84615384615385,159.94492489758764,72.84615384615385,0
per_huruf_hybrid_skeleton_forced_loop_no_sig,5,1071,0.19873817034700314,159.93172507965406,72.76923076923076,159.93172507965406,72.76923076923076,0
per_huruf_hybrid_skeleton_forced_loop_no_sig,5,1072,0.19892373353126738,159.9262630860264,72.6923076923077,159.9262630860264,72.6923076923077,0
per_huruf_hybrid_skeleton_forced_loop_no_sig,5,1073,0.19910929671553163,159.9271734182977,72.61538461538461,159.9271734182977,72.61538461538461,0
per_huruf_hybrid_skeleton_forced_loop_no_sig,5,1074,0.19929485989979587,159.933090578061,72.53846153846153,159.933090578061,72.53846153846153,0
per_huruf_hybrid_skeleton_forced_loop_no_sig,5,1075,0.1994804230840601,159.94264906690944,72.46153846153845,159.94264906690944,72.46153846153845,0
per_huruf_hybrid_skeleton_forced_loop_no_sig,5,1076,0.19966598626832435,159.95448338643607,72.38461538461539,159.95448338643607,72.38461538461539,0
per_huruf_hybrid_skeleton_forced_loop_no_sig,5,1077,0.1998515494525886,159.96722803823394,72.3076923076923,159.96722803823394,72.3076923076923,0
per_huruf_hybrid_skeleton_forced_loop_no_sig,5,1078,0.20003711263685284,159.97951752389622,72.23076923076923,159.97951752389622,72.23076923076923,0
per_huruf_hybrid_skeleton_forced_loop_no_sig,5,1079,0.20022267582111708,159.98998634501595,72.15384615384616,159.98998634501595,72.15384615384616,0
per_huruf_hybrid_skeleton_forced_loop_no_sig,5,1080,0.20040823900538132,159.99726900318615,72.07692307692307,159.99726900318615,72.07692307692307,0
per_huruf_hybrid_skeleton_forced_loop_no_sig,5,1081,0.20059380218964556,160.0,72.0,160.0,72.0,0
per_huruf_hybrid_skeleton_forced_loop_no_sig,5,1082,0.2007793653739098,160.00000000000003,71.92580791989079,160.00000000000003,71.92580791989079,0
per_huruf_hybrid_skeleton_forced_loop_no_sig,5,1083,0.20096492855817405,160.0,71.85616750113792,160.0,71.85616750113792,0
per_huruf_hybrid_skeleton_forced_loop_no_sig,5,1084,0.2011504917424383,159.99999999999997,71.78971324533454,159.99999999999997,71.78971324533454,0
per_huruf_hybrid_skeleton_forced_loop_no_sig,5,1085,0.20133605492670253,160.0,71.72507965407374,160.0,71.72507965407374,0
per_huruf_hybrid_skeleton_forced_loop_no_sig,5,1086,0.20152161811096678,160.00000000000003,71.66090122894857,160.00000000000003,71.66090122894857,0
per_huruf_hybrid_skeleton_forced_loop_no_sig,5,1087,0.20170718129523102,160.00000000000003,71.59581247155211,160.00000000000003,71.59581247155211,0
per_huruf_hybrid_skeleton_forced_loop_no_sig,5,1088,0.20189274447949526,160.0,71.52844788347747,160.0,71.52844788347747,0
per_huruf_hybrid_skeleton_forced_loop_no_sig,5,1089,0.2020783076637595,160.0,71.4574419663177,160.0,71.4574419663177,0
per_huruf_hybrid_skeleton_forced_loop_no_sig,5,1090,0.20226387084802375,160.0,71.38142922166591,160.0,71.38142922166591,0
per_huruf_hybrid_skeleton_forced_loop_no_sig,5,1091,0.202449434032288,160.0,71.29904415111515,160.0,71.29904415111515,0
per_huruf_hybrid_skeleton_forced_loop_no_sig,5,1092,0.20263499721655223,160.0,71.20892125625855,160.0,71.20892125625855,0
per_huruf_hybrid_skeleton_forced_loop_no_sig,5,1093,0.20282056040081647,160.0,71.10969503868913,160.0,71.10969503868913,0
per_huruf_hybrid_skeleton_forced_loop_no_sig,5,1094,0.20300612358508072,160.0,71.0,160.0,71.0,0
per_huruf_hybrid_skeleton_forced_loop_no_sig,5,1095,0.20319168676934496,159.9972690031862,70.87619481110607,159.9972690031862,70.87619481110607,0
per_huruf_hybrid_skeleton_forced_loop_no_sig,5,1096,0.2033772499536092,159.98998634501595,70.737369139736,159.98998634501595,70.737369139736,0
per_huruf_hybrid_skeleton_forced_loop_no_sig,5,1097,0.20356281313787344,159.9795175238962,70.58625398270367,159.9795175238962,70.58625398270367,0
per_huruf_hybrid_skeleton_forced_loop_no_sig,5,1098,0.2037483763221377,159.96722803823394,70.42558033682293,159.96722803823394,70.42558033682293,0
per_huruf_hybrid_skeleton_forced_loop_no_sig,5,1099,0.20393393950640193,159.95448338643607,70.25807919890761,159.95448338643607,70.25807919890761,0
per_huruf_hybrid_skeleton_forced_loop_no_sig,5,1100,0.20411950269066617,159.94264906690944,70.08648156577152,159.94264906690944,70.08648156577152,0
per_huruf_hybrid_skeleton_forced_loop_no_sig,5,1101,0.2043050658749304,159.933090578061,69.9135184342285,159.933090578061,69.9135184342285,0
per_huruf_hybrid_skeleton_forced_loop_no_sig,5,1102,0.20449062905919466,159.92717341829768,69.7419208010924,159.92717341829768,69.7419208010924,0
per_huruf_hybrid_skeleton_forced_loop_no_sig,5,1103,0.2046761922434589,159.92626308602638,69.57441966317705,159.92626308602638,69.57441966317705,0
per_huruf_hybrid_skeleton_forced_loop_no_sig,5,1104,0.20486175542772314,159.9317250796541,69.41374601729632,159.9317250796541,69.41374601729632,0
per_huruf_hybrid_skeleton_forced_loop_no_sig,5,1105,0.20504731861198738,159.9449248975876,69.262630860264,159.9449248975876,69.262630860264,0
per_huruf_hybrid_skeleton_forced_loop_no_sig,5,1106,0.20523288179625163,159.96722803823394,69.12380518889394,159.96722803823394,69.12380518889394,0
per_huruf_hybrid_skeleton_forced_loop_no_sig,5,1107,0.20541844498051587,160.0,69.0,160.0,69.0,0
per_huruf_hybrid_skeleton_forced_loop_no_sig,5,1108,0.2056040081647801,160.0,69.0,160.0,69.0,0
per_huruf_hybrid_skeleton_forced_loop_no_sig,5,1109,0.20578957134904435,106.0,71.0,106.0,71.0,0
per_huruf_hybrid_skeleton_forced_loop_no_sig,5,1110,0.20597513453330857,106.00000000000001,71.04415111515704,106.00000000000001,71.04415111515704,0
per_huruf_hybrid_skeleton_forced_loop_no_sig,5,1111,0.2061606977175728,106.00000000000001,71.09877105143377,106.00000000000001,71.09877105143377,0
per_huruf_hybrid_skeleton_forced_loop_no_sig,5,1112,0.20634626090183705,105.99999999999997,71.16249431042328,105.99999999999997,71.16249431042328,0
per_huruf_hybrid_skeleton_forced_loop_no_sig,5,1113,0.2065318240861013,105.99999999999997,71.2339553937187,105.99999999999997,71.2339553937187,0
per_huruf_hybrid_skeleton_forced_loop_no_sig,5,1114,0.20671738727036554,106.0,71.31178880291307,106.0,71.31178880291307,0
per_huruf_hybrid_skeleton_forced_loop_no_sig,5,1115,0.20690295045462978,106.00000000000001,71.39462903959945,106.00000000000001,71.39462903959945,0
per_huruf_hybrid_skeleton_forced_loop_no_sig,5,1116,0.20708851363889402,106.0,71.48111060537096,106.0,71.48111060537096,0
per_huruf_hybrid_skeleton_forced_loop_no_sig,5,1117,0.20727407682315827,106.0,71.56986800182067,106.0,71.56986800182067,0
per_huruf_hybrid_skeleton_forced_loop_no_sig,5,1118,0.2074596400074225,106.0,71.65953573054165,106.0,71.65953573054165,0
per_huruf_hybrid_skeleton_forced_loop_no_sig,5,1119,0.20764520319168675,106.0,71.748748293127,106.0,71.748748293127,0
per_huruf_hybrid_skeleton_forced_loop_no_sig,5,1120,0.207830766375951,106.0,71.83614019116979,106.0,71.83614019116979,0
per_huruf_hybrid_skeleton_forced_loop_no_sig,5,1121,0.20801632956021524,106.0,71.92034592626308,106.0,71.92034592626308,0
per_huruf_hybrid_skeleton_forced_loop_no_sig,5,1122,0.20820189274447948,106.0,72.0,106.0,72.0,0
per_huruf_hybrid_skeleton_forced_loop_no_sig,5,1123,0.20838745592874372,106.00273099681385,72.07965407373692,106.00273099681385,72.07965407373692,0
per_huruf_hybrid_skeleton_forced_loop_no_sig,5,1124,0.20857301911300796,106.01001365498408,72.16385980883022,106.01001365498408,72.16385980883022,0
per_huruf_hybrid_skeleton_forced_loop_no_sig,5,1125,0.2087585822972722,106.02048247610375,72.251251706873,106.02048247610375,72.251251706873,0
per_huruf_hybrid_skeleton_forced_loop_no_sig,5,1126,0.20894414548153645,106.03277196176603,72.34046426945832,106.03277196176603,72.34046426945832,0
per_huruf_hybrid_skeleton_forced_loop_no_sig,5,1127,0.2091297086658007,106.04551661356396,72.43013199817933,106.04551661356396,72.43013199817933,0
per_huruf_hybrid_skeleton_forced_loop_no_sig,5,1128,0.20931527185006493,106.05735093309059,72.51888939462903,106.05735093309059,72.51888939462903,0
per_huruf_hybrid_skeleton_forced_loop_no_sig,5,1129,0.20950083503432917,106.06690942193899,72.60537096040053,106.06690942193899,72.60537096040053,0
per_huruf_hybrid_skeleton_forced_loop_no_sig,5,1130,0.20968639821859342,106.07282658170233,72.68821119708693,106.07282658170233,72.68821119708693,0
per_huruf_hybrid_skeleton_forced_loop_no_sig,5,1131,0.20987196140285766,106.07373691397359,72.7660446062813,106.07373691397359,72.7660446062813,0
per_huruf_hybrid_skeleton_forced_loop_no_sig,5,1132,0.2100575245871219,106.06827492034591,72.83750568957669,106.06827492034591,72.83750568957669,0
per_huruf_hybrid_skeleton_forced_loop_no_sig,5,1133,0.21024308777138614,106.05507510241239,72.90122894856623,106.05507510241239,72.90122894856623,0
per_huruf_hybrid_skeleton_forced_loop_no_sig,5,1134,0.2104286509556504,106.03277196176603,72.95584888484296,106.03277196176603,72.95584888484296,0
per_huruf_hybrid_skeleton_forced_loop_no_sig,5,1135,0.21061421413991463,106.0,73.0,106.0,73.0,0
per_huruf_hybrid_skeleton_forced_loop_no_sig,5,1136,0.21079977732417887,105.95311788802914,73.03004096495222,105.95311788802914,73.03004096495222,0
per_huruf_hybrid_skeleton_forced_loop_no_sig,5,1137,0.21098534050844311,105.89121529358216,73.04506144742832,105.89121529358216,73.04506144742832,0
per_huruf_hybrid_skeleton_forced_loop_no_sig,5,1138,0.21117090369270736,105.81702321347291,73.04779244424213,105.81702321347291,73.04779244424213,0
per_huruf_hybrid_skeleton_forced_loop_no_sig,5,1139,0.2113564668769716,105.73327264451525,73.04096495220755,105.73327264451525,73.04096495220755,0
per_huruf_hybrid_skeleton_forced_loop_no_sig,5,1140,0.21154203006123584,105.642694583523,73.02730996813838,105.642694583523,73.02730996813838,0
per_huruf_hybrid_skeleton_forced_loop_no_sig,5,1141,0.21172759324550008,105.54802002730997,73.00955848884843,105.54802002730997,73.00955848884843,0
per_huruf_hybrid_skeleton_forced_loop_no_sig,5,1142,0.21191315642976433,105.45197997269003,72.99044151115157,105.45197997269003,72.99044151115157,0
per_huruf_hybrid_skeleton_forced_loop_no_sig,5,1143,0.21209871961402857,105.35730541647703,72.97269003186163,105.35730541647703,72.97269003186163,0
per_huruf_hybrid_skeleton_forced_loop_no_sig,5,1144,0.2122842827982928,105.26672735548476,72.95903504779244,105.26672735548476,72.95903504779244,0
per_huruf_hybrid_skeleton_forced_loop_no_sig,5,1145,0.21246984598255705,105.18297678652708,72.95220755575784,105.18297678652708,72.95220755575784,0
per_huruf_hybrid_skeleton_forced_loop_no_sig,5,1146,0.2126554091668213,105.10878470641785,72.95493855257169,105.10878470641785,72.95493855257169,0
per_huruf_hybrid_skeleton_forced_loop_no_sig,5,1147,0.21284097235108554,105.04688211197087,72.9699590350478,105.04688211197087,72.9699590350478,0
per_huruf_hybrid_skeleton_forced_loop_no_sig,5,1148,0.21302653553534978,105.0,73.0,105.0,73.0,0
per_huruf_hybrid_skeleton_forced_loop_no_sig,5,1149,0.21321209871961402,104.96722803823397,73.04415111515704,104.96722803823397,73.04415111515704,0
per_huruf_hybrid_skeleton_forced_loop_no_sig,5,1150,0.21339766190387827,104.94492489758763,73.09877105143379,104.94492489758763,73.09877105143379,0
per_huruf_hybrid_skeleton_forced_loop_no_sig,5,1151,0.2135832250881425,104.93172507965406,73.1624943104233,104.93172507965406,73.1624943104233,0
per_huruf_hybrid_skeleton_forced_loop_no_sig,5,1152,0.21376878827240675,104.9262630860264,73.2339553937187,104.9262630860264,73.2339553937187,0
per_huruf_hybrid_skeleton_forced_loop_no_sig,5,1153,0.213954351456671,104.92717341829768,73.31178880291307,104.92717341829768,73.31178880291307,0
per_huruf_hybrid_skeleton_forced_loop_no_sig,5,1154,0.21413991464093524,104.93309057806098,73.39462903959945,104.93309057806098,73.39462903959945,0
per_huruf_hybrid_skeleton_forced_loop_no_sig,5,1155,0.21432547782519948,104.94264906690942,73.48111060537097,104.94264906690942,73.48111060537097,0
per_huruf_hybrid_skeleton_forced_loop_no_sig,5,1156,0.21451104100946372,104.95448338643604,73.56986800182067,104.95448338643604,73.56986800182067,0
per_huruf_hybrid_skeleton_forced_loop_no_sig,5,1157,0.21469660419372796,104.96722803823394,73.65953573054165,104.96722803823394,73.65953573054165,0
per_huruf_hybrid_skeleton_forced_loop_no_sig,5,1158,0.2148821673779922,104.97951752389622,73.748748293127,104.97951752389622,73.748748293127,0
per_huruf_hybrid_skeleton_forced_loop_no_sig,5,1159,0.21506773056225645,104.98998634501592,73.83614019116978,104.98998634501592,73.83614019116978,0
per_huruf_hybrid_skeleton_forced_loop_no_sig,5,1160,0.2152532937465207,104.99726900318616,73.92034592626308,104.99726900318616,73.92034592626308,0
per_huruf_hybrid_skeleton_forced_loop_no_sig,5,1161,0.21543885693078493,105.0,74.0,105.0,74.0,0
per_huruf_hybrid_skeleton_forced_loop_no_sig,5,1162,0.21562442011504918,105.00273099681385,74.07692307692308,105.00273099681385,74.07692307692308,0
per_huruf_hybrid_skeleton_forced_loop_no_sig,5,1163,0.21580998329931342,105.01001365498408,74.15384615384615,105.01001365498408,74.15384615384615,0
per_huruf_hybrid_skeleton_forced_loop_no_sig,5,1164,0.21599554648357766,105.02048247610375,74.23076923076923,105.02048247610375,74.23076923076923,0
per_huruf_hybrid_skeleton_forced_loop_no_sig,5,1165,0.2161811096678419,105.03277196176604,74.30769230769229,105.03277196176604,74.30769230769229,0
per_huruf_hybrid_skeleton_forced_loop_no_sig,5,1166,0.21636667285210615,105.04551661356396,74.3846153846154,105.04551661356396,74.3846153846154,0
per_huruf_hybrid_skeleton_forced_loop_no_sig,5,1167,0.21655223603637036,105.05735093309059,74.46153846153847,105.05735093309059,74.46153846153847,0
per_huruf_hybrid_skeleton_forced_loop_no_sig,5,1168,0.2167377992206346,105.066909421939,74.53846153846153,105.066909421939,74.53846153846153,0
per_huruf_hybrid_skeleton_forced_loop_no_sig,5,1169,0.21692336240489885,105.07282658170232,74.61538461538461,105.07282658170232,74.61538461538461,0
per_huruf_hybrid_skeleton_forced_loop_no_sig,5,1170,0.2171089255891631,105.07373691397359,74.6923076923077,105.07373691397359,74.6923076923077,0
per_huruf_hybrid_skeleton_forced_loop_no_sig,5,1171,0.21729448877342733,105.06827492034591,74.76923076923077,105.06827492034591,74.76923076923077,0
per_huruf_hybrid_skeleton_forced_loop_no_sig,5,1172,0.21748005195769157,105.05507510241239,74.84615384615384,105.05507510241239,74.84615384615384,0
per_huruf_hybrid_skeleton_forced_loop_no_sig,5,1173,0.21766561514195581,105.03277196176604,74.92307692307692,105.03277196176604,74.92307692307692,0
per_huruf_hybrid_skeleton_forced_loop_no_sig,5,1174,0.21785117832622006,105.0,75.0,105.0,75.0,0
per_huruf_hybrid_skeleton_forced_loop_no_sig,5,1175,0.2180367415104843,104.955848884843,75.07692307692308,104.955848884843,75.07692307692308,0
per_huruf_hybrid_skeleton_forced_loop_no_sig,5,1176,0.21822230469474854,104.90122894856624,75.15384615384616,104.90122894856624,75.15384615384616,0
per_huruf_hybrid_skeleton_forced_loop_no_sig,5,1177,0.21840786787901278,104.83750568957667,75.23076923076923,104.83750568957667,75.23076923076923,0
per_huruf_hybrid_skeleton_forced_loop_no_sig,5,1178,0.21859343106327703,104.76604460628128,75.3076923076923,104.76604460628128,75.3076923076923,0
per_huruf_hybrid_skeleton_forced_loop_no_sig,5,1179,0.21877899424754127,104.68821119708693,75.3846153846154,104.68821119708693,75.3846153846154,0
per_huruf_hybrid_skeleton_forced_loop_no_sig,5,1180,0.2189645574318055,104.60537096040055,75.46153846153847,104.60537096040055,75.46153846153847,0
per_huruf_hybrid_skeleton_forced_loop_no_sig,5,1181,0.21915012061606975,104.51888939462904,75.53846153846153,104.51888939462904,75.53846153846153,0
per_huruf_hybrid_skeleton_forced_loop_no_sig,5,1182,0.219335683800334,104.43013199817935,75.61538461538461,104.43013199817935,75.61538461538461,0
per_huruf_hybrid_skeleton_forced_loop_no_sig,5,1183,0.21952124698459824,104.34046426945834,75.6923076923077,104.34046426945834,75.6923076923077,0
per_huruf_hybrid_skeleton_forced_loop_no_sig,5,1184,0.21970681016886248,104.251251706873,75.76923076923077,104.251251706873,75.76923076923077,0
per_huruf_hybrid_skeleton_forced_loop_no_sig,5,1185,0.21989237335312672,104.16385980883022,75.84615384615384,104.16385980883022,75.84615384615384,0
per_huruf_hybrid_skeleton_forced_loop_no_sig,5,1186,0.22007793653739097,104.0796540737369,75.92307692307692,104.0796540737369,75.92307692307692,0
per_huruf_hybrid_skeleton_forced_loop_no_sig,5,1187,0.2202634997216552,104.0,76.0,104.0,76.0,0
per_huruf_hybrid_skeleton_forced_loop_no_sig,5,1188,0.22044906290591945,103.9203459262631,76.0769230769231,103.9203459262631,76.0769230769231,0
per_huruf_hybrid_skeleton_forced_loop_no_sig,5,1189,0.2206346260901837,103.8361401911698,76.15384615384616,103.8361401911698,76.15384615384616,0
per_huruf_hybrid_skeleton_forced_loop_no_sig,5,1190,0.22082018927444794,103.74874829312698,76.23076923076921,103.74874829312698,76.23076923076921,0
per_huruf_hybrid_skeleton_forced_loop_no_sig,5,1191,0.22100575245871218,103.65953573054163,76.30769230769229,103.65953573054163,76.30769230769229,0
per_huruf_hybrid_skeleton_forced_loop_no_sig,5,1192,0.22119131564297642,103.56986800182067,76.3846153846154,103.56986800182067,76.3846153846154,0
per_huruf_hybrid_skeleton_forced_loop_no_sig,5,1193,0.22137687882724066,103.48111060537096,76.46153846153847,103.48111060537096,76.46153846153847,0
per_huruf_hybrid_skeleton_forced_loop_no_sig,5,1194,0.2215624420115049,103.39462903959944,76.53846153846155,103.39462903959944,76.53846153846155,0
per_huruf_hybrid_skeleton_forced_loop_no_sig,5,1195,0.22174800519576915,103.31178880291307,76.61538461538461,103.31178880291307,76.61538461538461,0
per_huruf_hybrid_skeleton_forced_loop_no_sig,5,1196,0.2219335683800334,103.2339553937187,76.6923076923077,103.2339553937187,76.6923076923077,0
per_huruf_hybrid_skeleton_forced_loop_no_sig,5,1197,0.22211913156429763,103.1624943104233,76.76923076923077,103.1624943104233,76.76923076923077,0
per_huruf_hybrid_skeleton_forced_loop_no_sig,5,1198,0.22230469474856188,103.09877105143379,76.84615384615384,103.09877105143379,76.84615384615384,0
per_huruf_hybrid_skeleton_forced_loop_no_sig,5,1199,0.22249025793282612,103.04415111515704,76.92307692307692,103.04415111515704,76.92307692307692,0
per_huruf_hybrid_skeleton_forced_loop_no_sig,5,1200,0.22267582111709036,103.0,77.0,103.0,77.0,0
per_huruf_hybrid_skeleton_forced_loop_no_sig,5,1201,0.2228613843013546,102.96722803823397,77.07692307692308,102.96722803823397,77.07692307692308,0
per_huruf_hybrid_skeleton_forced_loop_no_sig,5,1202,0.22304694748561885,102.94492489758763,77.15384615384616,102.94492489758763,77.15384615384616,0
per_huruf_hybrid_skeleton_forced_loop_no_sig,5,1203,0.2232325106698831,102.93172507965404,77.23076923076923,102.93172507965404,77.23076923076923,0
per_huruf_hybrid_skeleton_forced_loop_no_sig,5,1204,0.22341807385414733,102.92626308602638,77.30769230769229,102.92626308602638,77.30769230769229,0
per_huruf_hybrid_skeleton_forced_loop_no_sig,5,1205,0.22360363703841157,102.92717341829768,77.3846153846154,102.92717341829768,77.3846153846154,0
per_huruf_hybrid_skeleton_forced_loop_no_sig,5,1206,0.22378920022267582,102.93309057806098,77.46153846153847,102.93309057806098,77.46153846153847,0
per_huruf_hybrid_skeleton_forced_loop_no_sig,5,1207,0.22397476340694006,102.94264906690941,77.53846153846155,102.94264906690941,77.53846153846155,0
per_huruf_hybrid_skeleton_forced_loop_no_sig,5,1208,0.2241603265912043,102.95448338643607,77.61538461538461,102.95448338643607,77.61538461538461,0
per_huruf_hybrid_skeleton_forced_loop_no_sig,5,1209,0.22434588977546854,102.96722803823394,77.6923076923077,102.96722803823394,77.6923076923077,0
per_huruf_hybrid_skeleton_forced_loop_no_sig,5,1210,0.22453145295973279,102.97951752389622,77.76923076923077,102.97951752389622,77.76923076923077,0
per_huruf_hybrid_skeleton_forced_loop_no_sig,5,1211,0.22471701614399703,102.98998634501594,77.84615384615385,102.98998634501594,77.84615384615385,0
per_huruf_hybrid_skeleton_forced_loop_no_sig,5,1212,0.22490257932826127,102.99726900318616,77.92307692307692,102.99726900318616,77.92307692307692,0
per_huruf_hybrid_skeleton_forced_loop_no_sig,5,1213,0.2250881425125255,103.0,78.0,103.0,78.0,0
per_huruf_hybrid_skeleton_forced_loop_no_sig,5,1214,0.22527370569678976,103.00000000000001,78.0769230769231,103.00000000000001,78.0769230769231,0
per_huruf_hybrid_skeleton_forced_loop_no_sig,5,1215,0.225459268881054,103.00000000000001,78.15384615384615,103.00000000000001,78.15384615384615,0
per_huruf_hybrid_skeleton_forced_loop_no_sig,5,1216,0.22564483206531824,102.99999999999999,78.23076923076921,102.99999999999999,78.23076923076921,0
per_huruf_hybrid_skeleton_forced_loop_no_sig,5,1217,0.22583039524958248,103.0,78.3076923076923,103.0,78.3076923076923,0
per_huruf_hybrid_skeleton_forced_loop_no_sig,5,1218,0.22601595843384673,103.00000000000001,78.3846153846154,103.00000000000001,78.3846153846154,0
per_huruf_hybrid_skeleton_forced_loop_no_sig,5,1219,0.22620152161811097,103.0,78.46153846153847,103.0,78.46153846153847,0
per_huruf_hybrid_skeleton_forced_loop_no_sig,5,1220,0.2263870848023752,103.0,78.53846153846153,103.0,78.53846153846153,0
per_huruf_hybrid_skeleton_forced_loop_no_sig,5,1221,0.22657264798663945,103.0,78.61538461538461,103.0,78.61538461538461,0
per_huruf_hybrid_skeleton_forced_loop_no_sig,5,1222,0.2267582111709037,103.0,78.6923076923077,103.0,78.6923076923077,0
per_huruf_hybrid_skeleton_forced_loop_no_sig,5,1223,0.22694377435516794,103.0,78.76923076923077,103.0,78.76923076923077,0
per_huruf_hybrid_skeleton_forced_loop_no_sig,5,1224,0.22712933753943215,103.0,78.84615384615384,103.0,78.84615384615384,0
per_huruf_hybrid_skeleton_forced_loop_no_sig,5,1225,0.2273149007236964,103.0,78.92307692307692,103.0,78.92307692307692,0
per_huruf_hybrid_skeleton_forced_loop_no_sig,5,1226,0.22750046390796064,103.0,79.0,103.0,79.0,0
per_huruf_hybrid_skeleton_forced_loop_no_sig,5,1227,0.22768602709222488,103.00273099681385,79.07692307692308,103.00273099681385,79.07692307692308,0
per_huruf_hybrid_skeleton_forced_loop_no_sig,5,1228,0.22787159027648912,103.01001365498409,79.15384615384617,103.01001365498409,79.15384615384617,0
per_huruf_hybrid_skeleton_forced_loop_no_sig,5,1229,0.22805715346075336,103.02048247610375,79.23076923076921,103.02048247610375,79.23076923076921,0
per_huruf_hybrid_skeleton_forced_loop_no_sig,5,1230,0.2282427166450176,103.03277196176604,79.3076923076923,103.03277196176604,79.3076923076923,0
per_huruf_hybrid_skeleton_forced_loop_no_sig,5,1231,0.22842827982928185,103.04551661356396,79.3846153846154,103.04551661356396,79.3846153846154,0
per_huruf_hybrid_skeleton_forced_loop_no_sig,5,1232,0.2286138430135461,103.05735093309059,79.46153846153847,103.05735093309059,79.46153846153847,0
per_huruf_hybrid_skeleton_forced_loop_no_sig,5,1233,0.22879940619781033,103.06690942193902,79.53846153846155,103.06690942193902,79.53846153846155,0
per_huruf_hybrid_skeleton_forced_loop_no_sig,5,1234,0.22898496938207458,103.07282658170234,79.61538461538463,103.07282658170234,79.61538461538463,0
per_huruf_hybrid_skeleton_forced_loop_no_sig,5,1235,0.22917053256633882,103.07373691397359,79.69230769230768,103.07373691397359,79.69230769230768,0
per_huruf_hybrid_skeleton_forced_loop_no_sig,5,1236,0.22935609575060306,103.06827492034591,79.76923076923077,103.06827492034591,79.76923076923077,0
per_huruf_hybrid_skeleton_forced_loop_no_sig,5,1237,0.2295416589348673,103.05507510241239,79.84615384615384,103.05507510241239,79.84615384615384,0
per_huruf_hybrid_skeleton_forced_loop_no_sig,5,1238,0.22972722211913155,103.03277196176604,79.92307692307692,103.03277196176604,79.92307692307692,0
per_huruf_hybrid_skeleton_forced_loop_no_sig,5,1239,0.2299127853033958,103.0,80.0,103.0,80.0,0
per_huruf_hybrid_skeleton_forced_loop_no_sig,5,1240,0.23009834848766003,102.955848884843,80.07692307692308,102.955848884843,80.07692307692308,0
per_huruf_hybrid_skeleton_forced_loop_no_sig,5,1241,0.23028391167192427,102.90122894856623,80.15384615384616,102.90122894856623,80.15384615384616,0
per_huruf_hybrid_skeleton_forced_loop_no_sig,5,1242,0.23046947485618852,102.83750568957667,80.23076923076921,102.83750568957667,80.23076923076921,0
per_huruf_hybrid_skeleton_forced_loop_no_sig,5,1243,0.23065503804045276,102.76604460628127,80.30769230769229,102.76604460628127,80.30769230769229,0
per_huruf_hybrid_skeleton_forced_loop_no_sig,5,1244,0.230840601224717,102.68821119708693,80.3846153846154,102.68821119708693,80.3846153846154,0
per_huruf_hybrid_skeleton_forced_loop_no_sig,5,1245,0.23102616440898124,102.60537096040053,80.46153846153848,102.60537096040053,80.46153846153848,0
per_huruf_hybrid_skeleton_forced_loop_no_sig,5,1246,0.2312117275932455,102.51888939462903,80.53846153846153,102.51888939462903,80.53846153846153,0
per_huruf_hybrid_skeleton_forced_loop_no_sig,5,1247,0.23139729077750973,102.43013199817933,80.61538461538463,102.43013199817933,80.61538461538463,0
per_huruf_hybrid_skeleton_forced_loop_no_sig,5,1248,0.23158285396177397,102.34046426945835,80.6923076923077,102.34046426945835,80.6923076923077,0
per_huruf_hybrid_skeleton_forced_loop_no_sig,5,1249,0.2317684171460382,102.251251706873,80.76923076923076,102.251251706873,80.76923076923076,0
per_huruf_hybrid_skeleton_forced_loop_no_sig,5,1250,0.23195398033030246,102.16385980883022,80.84615384615385,102.16385980883022,80.84615384615385,0
per_huruf_hybrid_skeleton_forced_loop_no_sig,5,1251,0.2321395435145667,102.0796540737369,80.92307692307692,102.0796540737369,80.92307692307692,0
per_huruf_hybrid_skeleton_forced_loop_no_sig,5,1252,0.23232510669883094,102.0,81.0,102.0,81.0,0
per_huruf_hybrid_skeleton_forced_loop_no_sig,5,1253,0.23251066988309518,101.92034592626308,81.0769230769231,101.92034592626308,81.0769230769231,0
per_huruf_hybrid_skeleton_forced_loop_no_sig,5,1254,0.23269623306735943,101.83614019116978,81.15384615384616,101.83614019116978,81.15384615384616,0
per_huruf_hybrid_skeleton_forced_loop_no_sig,5,1255,0.23288179625162367,101.74874829312698,81.23076923076923,101.74874829312698,81.23076923076923,0
per_huruf_hybrid_skeleton_forced_loop_no_sig,5,1256,0.2330673594358879,101.65953573054165,81.30769230769229,101.65953573054165,81.30769230769229,0
per_huruf_hybrid_skeleton_forced_loop_no_sig,5,1257,0.23325292262015215,101.56986800182068,81.38461538461539,101.56986800182068,81.38461538461539,0
per_huruf_hybrid_skeleton_forced_loop_no_sig,5,1258,0.2334384858044164,101.48111060537097,81.46153846153847,101.48111060537097,81.46153846153847,0
per_huruf_hybrid_skeleton_forced_loop_no_sig,5,1259,0.23362404898868064,101.39462903959947,81.53846153846153,101.39462903959947,81.53846153846153,0
per_huruf_hybrid_skeleton_forced_loop_no_sig,5,1260,0.23380961217294488,101.31178880291306,81.61538461538461,101.31178880291306,81.61538461538461,0
per_huruf_hybrid_skeleton_forced_loop_no_sig,5,1261,0.23399517535720912,101.2339553937187,81.6923076923077,101.2339553937187,81.6923076923077,0
per_huruf_hybrid_skeleton_forced_loop_no_sig,5,1262,0.23418073854147337,101.1624943104233,81.76923076923076,101.1624943104233,81.76923076923076,0
per_huruf_hybrid_skeleton_forced_loop_no_sig,5,1263,0.2343663017257376,101.09877105143377,81.84615384615385,101.09877105143377,81.84615384615385,0
per_huruf_hybrid_skeleton_forced_loop_no_sig,5,1264,0.23455186491000185,101.04415111515704,81.92307692307692,101.04415111515704,81.92307692307692,0
per_huruf_hybrid_skeleton_forced_loop_no_sig,5,1265,0.2347374280942661,101.0,82.0,101.0,82.0,0
per_huruf_hybrid_skeleton_forced_loop_no_sig,5,1266,0.23492299127853034,100.96722803823396,82.0769230769231,100.96722803823396,82.0769230769231,0
per_huruf_hybrid_skeleton_forced_loop_no_sig,5,1267,0.23510855446279458,100.94492489758763,82.15384615384615,100.94492489758763,82.15384615384615,0
per_huruf_hybrid_skeleton_forced_loop_no_sig,5,1268,0.23529411764705882,100.93172507965406,82.23076923076923,100.93172507965406,82.23076923076923,0
per_huruf_hybrid_skeleton_forced_loop_no_sig,5,1269,0.23547968083132306,100.9262630860264,82.30769230769229,100.9262630860264,82.30769230769229,0
per_huruf_hybrid_skeleton_forced_loop_no_sig,5,1270,0.2356652440155873,100.92717341829768,82.3846153846154,100.92717341829768,82.3846153846154,0
per_huruf_hybrid_skeleton_forced_loop_no_sig,5,1271,0.23585080719985155,100.933090578061,82.46153846153847,100.933090578061,82.46153846153847,0
per_huruf_hybrid_skeleton_forced_loop_no_sig,5,1272,0.2360363703841158,100.94264906690941,82.53846153846155,100.94264906690941,82.53846153846155,0
per_huruf_hybrid_skeleton_forced_loop_no_sig,5,1273,0.23622193356838003,100.95448338643605,82.61538461538461,100.95448338643605,82.61538461538461,0
per_huruf_hybrid_skeleton_forced_loop_no_sig,5,1274,0.23640749675264427,100.96722803823396,82.6923076923077,100.96722803823396,82.6923076923077,0
per_huruf_hybrid_skeleton_forced_loop_no_sig,5,1275,0.23659305993690852,100.97951752389622,82.76923076923076,100.97951752389622,82.76923076923076,0
per_huruf_hybrid_skeleton_forced_loop_no_sig,5,1276,0.23677862312117276,100.98998634501594,82.84615384615384,100.98998634501594,82.84615384615384,0
per_huruf_hybrid_skeleton_forced_loop_no_sig,5,1277,0.236964186305437,100.99726900318616,82.92307692307692,100.99726900318616,82.92307692307692,0
per_huruf_hybrid_skeleton_forced_loop_no_sig,5,1278,0.23714974948970124,101.0,83.0,101.0,83.0,0
per_huruf_hybrid_skeleton_forced_loop_no_sig,5,1279,0.2373353126739655,101.0,83.0769230769231,101.0,83.0769230769231,0
per_huruf_hybrid_skeleton_forced_loop_no_sig,5,1280,0.23752087585822973,101.0,83.15384615384615,101.0,83.15384615384615,0
per_huruf_hybrid_skeleton_forced_loop_no_sig,5,1281,0.23770643904249394,100.99999999999999,83.23076923076921,100.99999999999999,83.23076923076921,0
per_huruf_hybrid_skeleton_forced_loop_no_sig,5,1282,0.2378920022267582,101.0,83.3076923076923,101.0,83.3076923076923,0
per_huruf_hybrid_skeleton_forced_loop_no_sig,5,1283,0.23807756541102243,101.00000000000001,83.3846153846154,101.00000000000001,83.3846153846154,0
per_huruf_hybrid_skeleton_forced_loop_no_sig,5,1284,0.23826312859528667,101.00000000000001,83.46153846153847,101.00000000000001,83.46153846153847,0
per_huruf_hybrid_skeleton_forced_loop_no_sig,5,1285,0.23844869177955091,101.0,83.53846153846155,101.0,83.53846153846155,0
per_huruf_hybrid_skeleton_forced_loop_no_sig,5,1286,0.23863425496381516,100.99999999999999,83.61538461538461,100.99999999999999,83.61538461538461,0
per_huruf_hybrid_skeleton_forced_loop_no_sig,5,1287,0.2388198181480794,101.0,83.6923076923077,101.0,83.6923076923077,0
per_huruf_hybrid_skeleton_forced_loop_no_sig,5,1288,0.23900538133234364,101.0,83.76923076923076,101.0,83.76923076923076,0
per_huruf_hybrid_skeleton_forced_loop_no_sig,5,1289,0.23919094451660788,101.0,83.84615384615384,101.0,83.84615384615384,0
per_huruf_hybrid_skeleton_forced_loop_no_sig,5,1290,0.23937650770087213,101.0,83.92307692307692,101.0,83.92307692307692,0
per_huruf_hybrid_skeleton_forced_loop_no_sig,5,1291,0.23956207088513637,101.0,84.0,101.0,84.0,0
per_huruf_hybrid_skeleton_forced_loop_no_sig,5,1292,0.2397476340694006,101.0,84.07692307692308,101.0,84.07692307692308,0
per_huruf_hybrid_skeleton_forced_loop_no_sig,5,1293,0.23993319725366485,101.0,84.15384615384616,101.0,84.15384615384616,0
per_huruf_hybrid_skeleton_forced_loop_no_sig,5,1294,0.2401187604379291,100.99999999999999,84.23076923076921,100.99999999999999,84.23076923076921,0
per_huruf_hybrid_skeleton_forced_loop_no_sig,5,1295,0.24030432362219334,101.0,84.3076923076923,101.0,84.3076923076923,0
per_huruf_hybrid_skeleton_forced_loop_no_sig,5,1296,0.24048988680645758,101.00000000000001,84.3846153846154,101.00000000000001,84.3846153846154,0
per_huruf_hybrid_skeleton_forced_loop_no_sig,5,1297,0.24067544999072182,101.00000000000001,84.46153846153847,101.00000000000001,84.46153846153847,0
per_huruf_hybrid_skeleton_forced_loop_no_sig,5,1298,0.24086101317498607,101.0,84.53846153846153,101.0,84.53846153846153,0
per_huruf_hybrid_skeleton_forced_loop_no_sig,5,1299,0.2410465763592503,100.99999999999999,84.61538461538461,100.99999999999999,84.61538461538461,0
per_huruf_hybrid_skeleton_forced_loop_no_sig,5,1300,0.24123213954351455,101.0,84.69230769230768,101.0,84.69230769230768,0
per_huruf_hybrid_skeleton_forced_loop_no_sig,5,1301,0.2414177027277788,101.0,84.76923076923076,101.0,84.76923076923076,0
per_huruf_hybrid_skeleton_forced_loop_no_sig,5,1302,0.24160326591204304,101.0,84.84615384615385,101.0,84.84615384615385,0
per_huruf_hybrid_skeleton_forced_loop_no_sig,5,1303,0.24178882909630728,101.0,84.92307692307692,101.0,84.92307692307692,0
per_huruf_hybrid_skeleton_forced_loop_no_sig,5,1304,0.24197439228057152,101.0,85.0,101.0,85.0,0
per_huruf_hybrid_skeleton_forced_loop_no_sig,5,1305,0.24215995546483576,101.0,85.07692307692308,101.0,85.07692307692308,0
per_huruf_hybrid_skeleton_forced_loop_no_sig,5,1306,0.2423455186491,101.0,85.15384615384615,101.0,85.15384615384615,0
per_huruf_hybrid_skeleton_forced_loop_no_sig,5,1307,0.24253108183336425,100.99999999999999,85.23076923076921,100.99999999999999,85.23076923076921,0
per_huruf_hybrid_skeleton_forced_loop_no_sig,5,1308,0.2427166450176285,101.0,85.30769230769229,101.0,85.30769230769229,0
per_huruf_hybrid_skeleton_forced_loop_no_sig,5,1309,0.24290220820189273,101.00000000000001,85.38461538461539,101.00000000000001,85.38461538461539,0
per_huruf_hybrid_skeleton_forced_loop_no_sig,5,1310,0.24308777138615698,101.00000000000001,85.46153846153845,101.00000000000001,85.46153846153845,0
per_huruf_hybrid_skeleton_forced_loop_no_sig,5,1311,0.24327333457042122,101.0,85.53846153846153,101.0,85.53846153846153,0
per_huruf_hybrid_skeleton_forced_loop_no_sig,5,1312,0.24345889775468546,100.99999999999999,85.61538461538461,100.99999999999999,85.61538461538461,0
per_huruf_hybrid_skeleton_forced_loop_no_sig,5,1313,0.2436444609389497,101.0,85.6923076923077,101.0,85.6923076923077,0
per_huruf_hybrid_skeleton_forced_loop_no_sig,5,1314,0.24383002412321395,101.0,85.76923076923076,101.0,85.76923076923076,0
per_huruf_hybrid_skeleton_forced_loop_no_sig,5,1315,0.2440155873074782,101.0,85.84615384615385,101.0,85.84615384615385,0
per_huruf_hybrid_skeleton_forced_loop_no_sig,5,1316,0.24420115049174243,101.0,85.92307692307692,101.0,85.92307692307692,0
per_huruf_hybrid_skeleton_forced_loop_no_sig,5,1317,0.24438671367600667,101.0,86.0,101.0,86.0,0
per_huruf_hybrid_skeleton_forced_loop_no_sig,5,1318,0.24457227686027092,101.00273099681384,86.07692307692308,101.00273099681384,86.07692307692308,0
per_huruf_hybrid_skeleton_forced_loop_no_sig,5,1319,0.24475784004453516,101.01001365498406,86.15384615384615,101.01001365498406,86.15384615384615,0
per_huruf_hybrid_skeleton_forced_loop_no_sig,5,1320,0.2449434032287994,101.02048247610377,86.23076923076921,101.02048247610377,86.23076923076921,0
per_huruf_hybrid_skeleton_forced_loop_no_sig,5,1321,0.24512896641306364,101.03277196176604,86.30769230769229,101.03277196176604,86.30769230769229,0
per_huruf_hybrid_skeleton_forced_loop_no_sig,5,1322,0.24531452959732788,101.04551661356396,86.3846153846154,101.04551661356396,86.3846153846154,0
per_huruf_hybrid_skeleton_forced_loop_no_sig,5,1323,0.24550009278159213,101.05735093309059,86.46153846153845,101.05735093309059,86.46153846153845,0
per_huruf_hybrid_skeleton_forced_loop_no_sig,5,1324,0.24568565596585637,101.06690942193902,86.53846153846155,101.06690942193902,86.53846153846155,0
per_huruf_hybrid_skeleton_forced_loop_no_sig,5,1325,0.2458712191501206,101.07282658170232,86.61538461538461,101.07282658170232,86.61538461538461,0
per_huruf_hybrid_skeleton_forced_loop_no_sig,5,1326,0.24605678233438485,101.0737369139736,86.69230769230768,101.0737369139736,86.69230769230768,0
per_huruf_hybrid_skeleton_forced_loop_no_sig,5,1327,0.2462423455186491,101.06827492034591,86.76923076923076,101.06827492034591,86.76923076923076,0
per_huruf_hybrid_skeleton_forced_loop_no_sig,5,1328,0.24642790870291334,101.05507510241239,86.84615384615385,101.05507510241239,86.84615384615385,0
per_huruf_hybrid_skeleton_forced_loop_no_sig,5,1329,0.24661347188717758,101.03277196176604,86.92307692307693,101.03277196176604,86.92307692307693,0
per_huruf_hybrid_skeleton_forced_loop_no_sig,5,1330,0.24679903507144182,101.0,87.0,101.0,87.0,0
per_huruf_hybrid_skeleton_forced_loop_no_sig,5,1331,0.24698459825570607,100.95311788802914,87.07692307692308,100.95311788802914,87.07692307692308,0
per_huruf_hybrid_skeleton_forced_loop_no_sig,5,1332,0.2471701614399703,100.89121529358216,87.15384615384616,100.89121529358216,87.15384615384616,0
per_huruf_hybrid_skeleton_forced_loop_no_sig,5,1333,0.24735572462423455,100.81702321347291,87.23076923076921,100.81702321347291,87.23076923076921,0
per_huruf_hybrid_skeleton_forced_loop_no_sig,5,1334,0.2475412878084988,100.73327264451524,87.3076923076923,100.73327264451524,87.3076923076923,0
per_huruf_hybrid_skeleton_forced_loop_no_sig,5,1335,0.24772685099276304,100.642694583523,87.38461538461539,100.642694583523,87.38461538461539,0
per_huruf_hybrid_skeleton_forced_loop_no_sig,5,1336,0.24791241417702728,100.54802002730997,87.46153846153845,100.54802002730997,87.46153846153845,0
per_huruf_hybrid_skeleton_forced_loop_no_sig,5,1337,0.2480979773612915,100.45197997269004,87.53846153846153,100.45197997269004,87.53846153846153,0
per_huruf_hybrid_skeleton_forced_loop_no_sig,5,1338,0.24828354054555574,100.35730541647702,87.61538461538461,100.35730541647702,87.61538461538461,0
per_huruf_hybrid_skeleton_forced_loop_no_sig,5,1339,0.24846910372981998,100.26672735548476,87.6923076923077,100.26672735548476,87.6923076923077,0
per_huruf_hybrid_skeleton_forced_loop_no_sig,5,1340,0.24865466691408422,100.18297678652706,87.76923076923077,100.18297678652706,87.76923076923077,0
per_huruf_hybrid_skeleton_forced_loop_no_sig,5,1341,0.24884023009834846,100.10878470641785,87.84615384615384,100.10878470641785,87.84615384615384,0
per_huruf_hybrid_skeleton_forced_loop_no_sig,5,1342,0.2490257932826127,100.04688211197086,87.92307692307692,100.04688211197086,87.92307692307692,0
per_huruf_hybrid_skeleton_forced_loop_no_sig,5,1343,0.24921135646687695,100.0,88.0,100.0,88.0,0
per_huruf_hybrid_skeleton_forced_loop_no_sig,5,1344,0.2493969196511412,99.96722803823397,88.0769230769231,99.96722803823397,88.0769230769231,0
per_huruf_hybrid_skeleton_forced_loop_no_sig,5,1345,0.24958248283540543,99.94492489758763,88.15384615384617,99.94492489758763,88.15384615384617,0
per_huruf_hybrid_skeleton_forced_loop_no_sig,5,1346,0.24976804601966968,99.93172507965407,88.23076923076921,99.93172507965407,88.23076923076921,0
per_huruf_hybrid_skeleton_forced_loop_no_sig,5,1347,0.24995360920393392,99.9262630860264,88.3076923076923,99.9262630860264,88.3076923076923,0
per_huruf_hybrid_skeleton_forced_loop_no_sig,5,1348,0.25013917238819816,99.92717341829768,88.3846153846154,99.92717341829768,88.3846153846154,0
per_huruf_hybrid_skeleton_forced_loop_no_sig,5,1349,0.25032473557246243,99.93309057806101,88.46153846153847,99.93309057806101,88.46153846153847,0
per_huruf_hybrid_skeleton_forced_loop_no_sig,5,1350,0.25051029875672665,99.94264906690942,88.53846153846153,99.94264906690942,88.53846153846153,0
per_huruf_hybrid_skeleton_forced_loop_no_sig,5,1351,0.2506958619409909,99.95448338643605,88.61538461538461,99.95448338643605,88.61538461538461,0
per_huruf_hybrid_skeleton_forced_loop_no_sig,5,1352,0.25088142512525513,99.96722803823394,88.6923076923077,99.96722803823394,88.6923076923077,0
per_huruf_hybrid_skeleton_forced_loop_no_sig,5,1353,0.2510669883095194,99.97951752389622,88.76923076923076,99.97951752389622,88.76923076923076,0
per_huruf_hybrid_skeleton_forced_loop_no_sig,5,1354,0.2512525514937836,99.98998634501594,88.84615384615384,99.98998634501594,88.84615384615384,0
per_huruf_hybrid_skeleton_forced_loop_no_sig,5,1355,0.2514381146780479,99.99726900318615,88.92307692307692,99.99726900318615,88.92307692307692,0
per_huruf_hybrid_skeleton_forced_loop_no_sig,5,1356,0.2516236778623121,100.0,89.0,100.0,89.0,0
per_huruf_hybrid_skeleton_forced_loop_no_sig,5,1357,0.25180924104657637,100.0,89.0769230769231,100.0,89.0769230769231,0
per_huruf_hybrid_skeleton_forced_loop_no_sig,5,1358,0.2519948042308406,100.00000000000001,89.15384615384616,100.00000000000001,89.15384615384616,0
per_huruf_hybrid_skeleton_forced_loop_no_sig,5,1359,0.25218036741510486,99.99999999999999,89.23076923076923,99.99999999999999,89.23076923076923,0
per_huruf_hybrid_skeleton_forced_loop_no_sig,5,1360,0.25236593059936907,99.99999999999999,89.30769230769229,99.99999999999999,89.30769230769229,0
per_huruf_hybrid_skeleton_forced_loop_no_sig,5,1361,0.25255149378363334,100.00000000000001,89.38461538461539,100.00000000000001,89.38461538461539,0
per_huruf_hybrid_skeleton_forced_loop_no_sig,5,1362,0.25273705696789756,100.00000000000001,89.46153846153845,100.00000000000001,89.46153846153845,0
per_huruf_hybrid_skeleton_forced_loop_no_sig,5,1363,0.2529226201521618,100.0,89.53846153846155,100.0,89.53846153846155,0
per_huruf_hybrid_skeleton_forced_loop_no_sig,5,1364,0.25310818333642604,100.0,89.61538461538461,100.0,89.61538461538461,0
per_huruf_hybrid_skeleton_forced_loop_no_sig,5,1365,0.2532937465206903,100.0,89.69230769230768,100.0,89.69230769230768,0
per_huruf_hybrid_skeleton_forced_loop_no_sig,5,1366,0.2534793097049545,100.0,89.76923076923077,100.0,89.76923076923077,0
per_huruf_hybrid_skeleton_forced_loop_no_sig,5,1367,0.25366487288921874,100.0,89.84615384615384,100.0,89.84615384615384,0
per_huruf_hybrid_skeleton_forced_loop_no_sig,5,1368,0.253850436073483,100.0,89.92307692307692,100.0,89.92307692307692,0
per_huruf_hybrid_skeleton_forced_loop_no_sig,5,1369,0.2540359992577472,100.0,90.0,100.0,90.0,0
per_huruf_hybrid_skeleton_forced_loop_no_sig,5,1370,0.2542215624420115,100.0,90.0769230769231,100.0,90.0769230769231,0
per_huruf_hybrid_skeleton_forced_loop_no_sig,5,1371,0.2544071256262757,100.00000000000001,90.15384615384616,100.00000000000001,90.15384615384616,0
per_huruf_hybrid_skeleton_forced_loop_no_sig,5,1372,0.25459268881054,99.99999999999999,90.23076923076923,99.99999999999999,90.23076923076923,0
per_huruf_hybrid_skeleton_forced_loop_no_sig,5,1373,0.2547782519948042,99.99999999999999,90.30769230769229,99.99999999999999,90.30769230769229,0
per_huruf_hybrid_skeleton_forced_loop_no_sig,5,1374,0.25496381517906846,100.00000000000001,90.38461538461539,100.00000000000001,90.38461538461539,0
per_huruf_hybrid_skeleton_forced_loop_no_sig,5,1375,0.2551493783633327,100.00000000000001,90.46153846153847,100.00000000000001,90.46153846153847,0
per_huruf_hybrid_skeleton_forced_loop_no_sig,5,1376,0.25533494154759695,100.0,90.53846153846153,100.0,90.53846153846153,0
per_huruf_hybrid_skeleton_forced_loop_no_sig,5,1377,0.25552050473186116,100.0,90.61538461538461,100.0,90.61538461538461,0
per_huruf_hybrid_skeleton_forced_loop_no_sig,5,1378,0.25570606791612543,100.0,90.6923076923077,100.0,90.6923076923077,0
per_huruf_hybrid_skeleton_forced_loop_no_sig,5,1379,0.25589163110038965,100.0,90.76923076923076,100.0,90.76923076923076,0
per_huruf_hybrid_skeleton_forced_loop_no_sig,5,1380,0.2560771942846539,100.0,90.84615384615384,100.0,90.84615384615384,0
per_huruf_hybrid_skeleton_forced_loop_no_sig,5,1381,0.25626275746891813,100.0,90.92307692307692,100.0,90.92307692307692,0
per_huruf_hybrid_skeleton_forced_loop_no_sig,5,1382,0.2564483206531824,100.0,91.0,100.0,91.0,0
per_huruf_hybrid_skeleton_forced_loop_no_sig,5,1383,0.2566338838374466,99.99726900318616,91.07692307692308,99.99726900318616,91.07692307692308,0
per_huruf_hybrid_skeleton_forced_loop_no_sig,5,1384,0.2568194470217109,99.98998634501594,91.15384615384615,99.98998634501594,91.15384615384615,0
per_huruf_hybrid_skeleton_forced_loop_no_sig,5,1385,0.2570050102059751,99.9795175238962,91.23076923076921,99.9795175238962,91.23076923076921,0
per_huruf_hybrid_skeleton_forced_loop_no_sig,5,1386,0.2571905733902394,99.96722803823394,91.30769230769229,99.96722803823394,91.30769230769229,0
per_huruf_hybrid_skeleton_forced_loop_no_sig,5,1387,0.2573761365745036,99.95448338643607,91.3846153846154,99.95448338643607,91.3846153846154,0
per_huruf_hybrid_skeleton_forced_loop_no_sig,5,1388,0.25756169975876786,99.94264906690944,91.46153846153845,99.94264906690944,91.46153846153845,0
per_huruf_hybrid_skeleton_forced_loop_no_sig,5,1389,0.2577472629430321,99.933090578061,91.53846153846153,99.933090578061,91.53846153846153,0
per_huruf_hybrid_skeleton_forced_loop_no_sig,5,1390,0.25793282612729634,99.92717341829767,91.61538461538463,99.92717341829767,91.61538461538463,0
per_huruf_hybrid_skeleton_forced_loop_no_sig,5,1391,0.25811838931156056,99.92626308602638,91.69230769230768,99.92626308602638,91.69230769230768,0
per_huruf_hybrid_skeleton_forced_loop_no_sig,5,1392,0.25830395249582483,99.93172507965406,91.76923076923076,99.93172507965406,91.76923076923076,0
per_huruf_hybrid_skeleton_forced_loop_no_sig,5,1393,0.25848951568008904,99.94492489758761,91.84615384615384,99.94492489758761,91.84615384615384,0
per_huruf_hybrid_skeleton_forced_loop_no_sig,5,1394,0.2586750788643533,99.96722803823394,91.92307692307692,99.96722803823394,91.92307692307692,0
per_huruf_hybrid_skeleton_forced_loop_no_sig,5,1395,0.25886064204861753,100.0,92.0,100.0,92.0,0
per_huruf_hybrid_skeleton_forced_loop_no_sig,5,1396,0.2590462052328818,100.04415111515705,92.0769230769231,100.04415111515705,92.0769230769231,0
per_huruf_hybrid_skeleton_forced_loop_no_sig,5,1397,0.259231768417146,100.09877105143379,92.15384615384615,100.09877105143379,92.15384615384615,0
per_huruf_hybrid_skeleton_forced_loop_no_sig,5,1398,0.2594173316014103,100.1624943104233,92.23076923076921,100.1624943104233,92.23076923076921,0
per_huruf_hybrid_skeleton_forced_loop_no_sig,5,1399,0.2596028947856745,100.2339553937187,92.3076923076923,100.2339553937187,92.3076923076923,0
per_huruf_hybrid_skeleton_forced_loop_no_sig,5,1400,0.25978845796993877,100.31178880291307,92.3846153846154,100.31178880291307,92.3846153846154,0
per_huruf_hybrid_skeleton_forced_loop_no_sig,5,1401,0.259974021154203,100.39462903959948,92.46153846153847,100.39462903959948,92.46153846153847,0
per_huruf_hybrid_skeleton_forced_loop_no_sig,5,1402,0.26015958433846725,100.48111060537096,92.53846153846155,100.48111060537096,92.53846153846155,0
per_huruf_hybrid_skeleton_forced_loop_no_sig,5,1403,0.26034514752273147,100.56986800182067,92.61538461538463,100.56986800182067,92.61538461538463,0
per_huruf_hybrid_skeleton_forced_loop_no_sig,5,1404,0.26053071070699574,100.65953573054165,92.69230769230768,100.65953573054165,92.69230769230768,0
per_huruf_hybrid_skeleton_forced_loop_no_sig,5,1405,0.26071627389125995,100.748748293127,92.76923076923076,100.748748293127,92.76923076923076,0
per_huruf_hybrid_skeleton_forced_loop_no_sig,5,1406,0.2609018370755242,100.83614019116979,92.84615384615384,100.83614019116979,92.84615384615384,0
per_huruf_hybrid_skeleton_forced_loop_no_sig,5,1407,0.26108740025978844,100.92034592626308,92.92307692307692,100.92034592626308,92.92307692307692,0
per_huruf_hybrid_skeleton_forced_loop_no_sig,5,1408,0.2612729634440527,101.0,93.0,101.0,93.0,0
per_huruf_hybrid_skeleton_forced_loop_no_sig,5,1409,0.2614585266283169,101.07965407373693,93.07692307692308,101.07965407373693,93.07692307692308,0
per_huruf_hybrid_skeleton_forced_loop_no_sig,5,1410,0.2616440898125812,101.16385980883024,93.15384615384616,101.16385980883024,93.15384615384616,0
per_huruf_hybrid_skeleton_forced_loop_no_sig,5,1411,0.2618296529968454,101.25125170687299,93.23076923076921,101.25125170687299,93.23076923076921,0
per_huruf_hybrid_skeleton_forced_loop_no_sig,5,1412,0.2620152161811097,101.34046426945834,93.30769230769229,101.34046426945834,93.30769230769229,0
per_huruf_hybrid_skeleton_forced_loop_no_sig,5,1413,0.2622007793653739,101.43013199817935,93.3846153846154,101.43013199817935,93.3846153846154,0
per_huruf_hybrid_skeleton_forced_loop_no_sig,5,1414,0.26238634254963816,101.51888939462904,93.46153846153847,101.51888939462904,93.46153846153847,0
per_huruf_hybrid_skeleton_forced_loop_no_sig,5,1415,0.2625719057339024,101.60537096040053,93.53846153846153,101.60537096040053,93.53846153846153,0
per_huruf_hybrid_skeleton_forced_loop_no_sig,5,1416,0.26275746891816665,101.68821119708693,93.61538461538463,101.68821119708693,93.61538461538463,0
per_huruf_hybrid_skeleton_forced_loop_no_sig,5,1417,0.26294303210243086,101.76604460628128,93.6923076923077,101.76604460628128,93.6923076923077,0
per_huruf_hybrid_skeleton_forced_loop_no_sig,5,1418,0.26312859528669513,101.83750568957669,93.76923076923076,101.83750568957669,93.76923076923076,0
per_huruf_hybrid_skeleton_forced_loop_no_sig,5,1419,0.26331415847095935,101.90122894856623,93.84615384615384,101.90122894856623,93.84615384615384,0
per_huruf_hybrid_skeleton_forced_loop_no_sig,5,1420,0.2634997216552236,101.95584888484296,93.92307692307692,101.95584888484296,93.92307692307692,0
per_huruf_hybrid_skeleton_forced_loop_no_sig,5,1421,0.26368528483948783,102.0,94.0,102.0,94.0,0
per_huruf_hybrid_skeleton_forced_loop_no_sig,5,1422,0.2638708480237521,102.03004096495222,94.07692307692308,102.03004096495222,94.07692307692308,0
per_huruf_hybrid_skeleton_forced_loop_no_sig,5,1423,0.2640564112080163,102.04506144742831,94.15384615384615,102.04506144742831,94.15384615384615,0
per_huruf_hybrid_skeleton_forced_loop_no_sig,5,1424,0.26424197439228053,102.04779244424212,94.23076923076923,102.04779244424212,94.23076923076923,0
per_huruf_hybrid_skeleton_forced_loop_no_sig,5,1425,0.2644275375765448,102.04096495220755,94.30769230769229,102.04096495220755,94.30769230769229,0
per_huruf_hybrid_skeleton_forced_loop_no_sig,5,1426,0.264613100760809,102.02730996813838,94.38461538461539,102.02730996813838,94.38461538461539,0
per_huruf_hybrid_skeleton_forced_loop_no_sig,5,1427,0.2647986639450733,102.00955848884846,94.46153846153847,102.00955848884846,94.46153846153847,0
per_huruf_hybrid_skeleton_forced_loop_no_sig,5,1428,0.2649842271293375,101.99044151115156,94.53846153846153,101.99044151115156,94.53846153846153,0
per_huruf_hybrid_skeleton_forced_loop_no_sig,5,1429,0.26516979031360177,101.97269003186163,94.61538461538461,101.97269003186163,94.61538461538461,0
per_huruf_hybrid_skeleton_forced_loop_no_sig,5,1430,0.265355353497866,101.95903504779244,94.6923076923077,101.95903504779244,94.6923076923077,0
per_huruf_hybrid_skeleton_forced_loop_no_sig,5,1431,0.26554091668213026,101.95220755575784,94.76923076923076,101.95220755575784,94.76923076923076,0
per_huruf_hybrid_skeleton_forced_loop_no_sig,5,1432,0.26572647986639447,101.95493855257169,94.84615384615385,101.95493855257169,94.84615384615385,0
per_huruf_hybrid_skeleton_forced_loop_no_sig,5,1433,0.26591204305065874,101.9699590350478,94.92307692307692,101.9699590350478,94.92307692307692,0
per_huruf_hybrid_skeleton_forced_loop_no_sig,5,1434,0.26609760623492296,102.0,95.0,102.0,95.0,0
per_huruf_hybrid_skeleton_forced_loop_no_sig,5,1435,0.2662831694191872,102.04415111515705,95.07965407373693,102.04415111515705,95.07965407373693,0
per_huruf_hybrid_skeleton_forced_loop_no_sig,5,1436,0.26646873260345144,102.09877105143377,95.16385980883022,102.09877105143377,95.16385980883022,0
per_huruf_hybrid_skeleton_forced_loop_no_sig,5,1437,0.2666542957877157,102.16249431042328,95.25125170687299,102.16249431042328,95.25125170687299,0
per_huruf_hybrid_skeleton_forced_loop_no_sig,5,1438,0.2668398589719799,102.2339553937187,95.34046426945834,102.2339553937187,95.34046426945834,0
per_huruf_hybrid_skeleton_forced_loop_no_sig,5,1439,0.2670254221562442,102.31178880291307,95.43013199817935,102.31178880291307,95.43013199817935,0
per_huruf_hybrid_skeleton_forced_loop_no_sig,5,1440,0.2672109853405084,102.39462903959947,95.51888939462904,102.39462903959947,95.51888939462904,0
per_huruf_hybrid_skeleton_forced_loop_no_sig,5,1441,0.2673965485247727,102.48111060537096,95.60537096040053,102.48111060537096,95.60537096040053,0
per_huruf_hybrid_skeleton_forced_loop_no_sig,5,1442,0.2675821117090369,102.56986800182068,95.68821119708694,102.56986800182068,95.68821119708694,0
per_huruf_hybrid_skeleton_forced_loop_no_sig,5,1443,0.26776767489330117,102.65953573054165,95.76604460628128,102.65953573054165,95.76604460628128,0
per_huruf_hybrid_skeleton_forced_loop_no_sig,5,1444,0.2679532380775654,102.74874829312698,95.83750568957669,102.74874829312698,95.83750568957669,0
per_huruf_hybrid_skeleton_forced_loop_no_sig,5,1445,0.26813880126182965,102.83614019116979,95.90122894856623,102.83614019116979,95.90122894856623,0
per_huruf_hybrid_skeleton_forced_loop_no_sig,5,1446,0.26832436444609387,102.92034592626308,95.95584888484296,102.92034592626308,95.95584888484296,0
per_huruf_hybrid_skeleton_forced_loop_no_sig,5,1447,0.26850992763035814,103.0,96.0,103.0,96.0,0
per_huruf_hybrid_skeleton_forced_loop_no_sig,5,1448,0.26869549081462235,103.0769230769231,96.03004096495222,103.0769230769231,96.03004096495222,0
per_huruf_hybrid_skeleton_forced_loop_no_sig,5,1449,0.2688810539988866,103.15384615384616,96.04506144742831,103.15384615384616,96.04506144742831,0
per_huruf_hybrid_skeleton_forced_loop_no_sig,5,1450,0.26906661718315084,103.23076923076921,96.04779244424212,103.23076923076921,96.04779244424212,0
per_huruf_hybrid_skeleton_forced_loop_no_sig,5,1451,0.2692521803674151,103.30769230769229,96.04096495220755,103.30769230769229,96.04096495220755,0
per_huruf_hybrid_skeleton_forced_loop_no_sig,5,1452,0.2694377435516793,103.3846153846154,96.02730996813838,103.3846153846154,96.02730996813838,0
per_huruf_hybrid_skeleton_forced_loop_no_sig,5,1453,0.2696233067359436,103.46153846153847,96.00955848884843,103.46153846153847,96.00955848884843,0
per_huruf_hybrid_skeleton_forced_loop_no_sig,5,1454,0.2698088699202078,103.53846153846155,95.99044151115157,103.53846153846155,95.99044151115157,0
per_huruf_hybrid_skeleton_forced_loop_no_sig,5,1455,0.2699944331044721,103.61538461538461,95.97269003186163,103.61538461538461,95.97269003186163,0
per_huruf_hybrid_skeleton_forced_loop_no_sig,5,1456,0.2701799962887363,103.69230769230768,95.95903504779244,103.69230769230768,95.95903504779244,0
per_huruf_hybrid_skeleton_forced_loop_no_sig,5,1457,0.27036555947300056,103.76923076923077,95.95220755575784,103.76923076923077,95.95220755575784,0
per_huruf_hybrid_skeleton_forced_loop_no_sig,5,1458,0.2705511226572648,103.84615384615385,95.95493855257169,103.84615384615385,95.95493855257169,0
per_huruf_hybrid_skeleton_forced_loop_no_sig,5,1459,0.27073668584152905,103.92307692307692,95.9699590350478,103.92307692307692,95.9699590350478,0
per_huruf_hybrid_skeleton_forced_loop_no_sig,5,1460,0.27092224902579326,104.0,96.0,104.0,96.0,0
per_huruf_hybrid_skeleton_forced_loop_no_sig,5,1461,0.27110781221005753,104.0769230769231,96.04688211197089,104.0769230769231,96.04688211197089,0
per_huruf_hybrid_skeleton_forced_loop_no_sig,5,1462,0.27129337539432175,104.15384615384616,96.10878470641784,104.15384615384616,96.10878470641784,0
per_huruf_hybrid_skeleton_forced_loop_no_sig,5,1463,0.271478938578586,104.2307692307692,96.18297678652706,104.2307692307692,96.18297678652706,0
per_huruf_hybrid_skeleton_forced_loop_no_sig,5,1464,0.27166450176285023,104.3076923076923,96.26672735548475,104.3076923076923,96.26672735548475,0
per_huruf_hybrid_skeleton_forced_loop_no_sig,5,1465,0.2718500649471145,104.38461538461539,96.35730541647703,104.38461538461539,96.35730541647703,0
per_huruf_hybrid_skeleton_forced_loop_no_sig,5,1466,0.2720356281313787,104.46153846153845,96.45197997269004,104.46153846153845,96.45197997269004,0
per_huruf_hybrid_skeleton_forced_loop_no_sig,5,1467,0.272221191315643,104.53846153846153,96.54802002730996,104.53846153846153,96.54802002730996,0
per_huruf_hybrid_skeleton_forced_loop_no_sig,5,1468,0.2724067544999072,104.61538461538461,96.64269458352298,104.61538461538461,96.64269458352298,0
per_huruf_hybrid_skeleton_forced_loop_no_sig,5,1469,0.27259231768417147,104.69230769230768,96.73327264451524,104.69230769230768,96.73327264451524,0
per_huruf_hybrid_skeleton_forced_loop_no_sig,5,1470,0.2727778808684357,104.76923076923076,96.81702321347291,104.76923076923076,96.81702321347291,0
per_huruf_hybrid_skeleton_forced_loop_no_sig,5,1471,0.27296344405269996,104.84615384615384,96.89121529358215,104.84615384615384,96.89121529358215,0
per_huruf_hybrid_skeleton_forced_loop_no_sig,5,1472,0.27314900723696417,104.92307692307693,96.95311788802914,104.92307692307693,96.95311788802914,0
per_huruf_hybrid_skeleton_forced_loop_no_sig,5,1473,0.27333457042122844,105.0,97.0,105.0,97.0,0
per_huruf_hybrid_skeleton_forced_loop_no_sig,5,1474,0.27352013360549265,105.0769230769231,97.03277196176606,105.0769230769231,97.03277196176606,0
per_huruf_hybrid_skeleton_forced_loop_no_sig,5,1475,0.2737056967897569,105.15384615384616,97.05507510241239,105.15384615384616,97.05507510241239,0
per_huruf_hybrid_skeleton_forced_loop_no_sig,5,1476,0.27389125997402114,105.2307692307692,97.06827492034591,105.2307692307692,97.06827492034591,0
per_huruf_hybrid_skeleton_forced_loop_no_sig,5,1477,0.2740768231582854,105.30769230769229,97.0737369139736,105.30769230769229,97.0737369139736,0
per_huruf_hybrid_skeleton_forced_loop_no_sig,5,1478,0.2742623863425496,105.38461538461539,97.07282658170233,105.38461538461539,97.07282658170233,0
per_huruf_hybrid_skeleton_forced_loop_no_sig,5,1479,0.2744479495268139,105.46153846153847,97.06690942193903,105.46153846153847,97.06690942193903,0
per_huruf_hybrid_skeleton_forced_loop_no_sig,5,1480,0.2746335127110781,105.53846153846155,97.05735093309058,105.53846153846155,97.05735093309058,0
per_huruf_hybrid_skeleton_forced_loop_no_sig,5,1481,0.2748190758953423,105.61538461538463,97.04551661356395,105.61538461538463,97.04551661356395,0
per_huruf_hybrid_skeleton_forced_loop_no_sig,5,1482,0.2750046390796066,105.69230769230768,97.03277196176604,105.69230769230768,97.03277196176604,0
per_huruf_hybrid_skeleton_forced_loop_no_sig,5,1483,0.2751902022638708,105.76923076923077,97.02048247610377,105.76923076923077,97.02048247610377,0
per_huruf_hybrid_skeleton_forced_loop_no_sig,5,1484,0.2753757654481351,105.84615384615385,97.01001365498408,105.84615384615385,97.01001365498408,0
per_huruf_hybrid_skeleton_forced_loop_no_sig,5,1485,0.2755613286323993,105.92307692307692,97.00273099681384,105.92307692307692,97.00273099681384,0
per_huruf_hybrid_skeleton_forced_loop_no_sig,5,1486,0.27574689181666356,106.0,97.0,106.0,97.0,0
per_huruf_hybrid_skeleton_forced_loop_no_sig,5,1487,0.2759324550009278,106.0769230769231,97.00000000000001,106.0769230769231,97.00000000000001,0
per_huruf_hybrid_skeleton_forced_loop_no_sig,5,1488,0.27611801818519205,106.15384615384616,97.0,106.15384615384616,97.0,0
per_huruf_hybrid_skeleton_forced_loop_no_sig,5,1489,0.27630358136945626,106.23076923076923,97.0,106.23076923076923,97.0,0
per_huruf_hybrid_skeleton_forced_loop_no_sig,5,1490,0.27648914455372053,106.30769230769229,96.99999999999999,106.30769230769229,96.99999999999999,0
per_huruf_hybrid_skeleton_forced_loop_no_sig,5,1491,0.27667470773798475,106.38461538461539,97.00000000000001,106.38461538461539,97.00000000000001,0
per_huruf_hybrid_skeleton_forced_loop_no_sig,5,1492,0.276860270922249,106.46153846153847,97.00000000000001,106.46153846153847,97.00000000000001,0
per_huruf_hybrid_skeleton_forced_loop_no_sig,5,1493,0.27704583410651323,106.53846153846155,97.0,106.53846153846155,97.0,0
per_huruf_hybrid_skeleton_forced_loop_no_sig,5,1494,0.2772313972907775,106.61538461538463,97.0,106.61538461538463,97.0,0
per_huruf_hybrid_skeleton_forced_loop_no_sig,5,1495,0.2774169604750417,106.69230769230768,96.99999999999999,106.69230769230768,96.99999999999999,0
per_huruf_hybrid_skeleton_forced_loop_no_sig,5,1496,0.277602523659306,106.76923076923076,97.0,106.76923076923076,97.0,0
per_huruf_hybrid_skeleton_forced_loop_no_sig,5,1497,0.2777880868435702,106.84615384615385,97.0,106.84615384615385,97.0,0
per_huruf_hybrid_skeleton_forced_loop_no_sig,5,1498,0.2779736500278345,106.92307692307693,97.0,106.92307692307693,97.0,0
per_huruf_hybrid_skeleton_forced_loop_no_sig,5,1499,0.2781592132120987,107.0,97.0,107.0,97.0,0
per_huruf_hybrid_skeleton_forced_loop_no_sig,5,1500,0.27834477639636296,107.07692307692308,97.00000000000001,107.07692307692308,97.00000000000001,0
per_huruf_hybrid_skeleton_forced_loop_no_sig,5,1501,0.2785303395806272,107.15384615384616,97.0,107.15384615384616,97.0,0
per_huruf_hybrid_skeleton_forced_loop_no_sig,5,1502,0.27871590276489144,107.23076923076923,97.0,107.23076923076923,97.0,0
per_huruf_hybrid_skeleton_forced_loop_no_sig,5,1503,0.27890146594915566,107.30769230769229,96.99999999999999,107.30769230769229,96.99999999999999,0
per_huruf_hybrid_skeleton_forced_loop_no_sig,5,1504,0.27908702913341993,107.3846153846154,97.00000000000001,107.3846153846154,97.00000000000001,0
per_huruf_hybrid_skeleton_forced_loop_no_sig,5,1505,0.27927259231768414,107.46153846153847,97.00000000000001,107.46153846153847,97.00000000000001,0
per_huruf_hybrid_skeleton_forced_loop_no_sig,5,1506,0.2794581555019484,107.53846153846153,97.0,107.53846153846153,97.0,0
per_huruf_hybrid_skeleton_forced_loop_no_sig,5,1507,0.27964371868621263,107.61538461538461,97.0,107.61538461538461,97.0,0
per_huruf_hybrid_skeleton_forced_loop_no_sig,5,1508,0.2798292818704769,107.6923076923077,96.99999999999999,107.6923076923077,96.99999999999999,0
per_huruf_hybrid_skeleton_forced_loop_no_sig,5,1509,0.2800148450547411,107.76923076923077,97.0,107.76923076923077,97.0,0
per_huruf_hybrid_skeleton_forced_loop_no_sig,5,1510,0.2802004082390054,107.84615384615385,97.0,107.84615384615385,97.0,0
per_huruf_hybrid_skeleton_forced_loop_no_sig,5,1511,0.2803859714232696,107.92307692307692,97.0,107.92307692307692,97.0,0
per_huruf_hybrid_skeleton_forced_loop_no_sig,5,1512,0.28057153460753387,108.0,97.0,108.0,97.0,0
per_huruf_hybrid_skeleton_forced_loop_no_sig,5,1513,0.2807570977917981,108.07692307692311,97.00000000000001,108.07692307692311,97.00000000000001,0
per_huruf_hybrid_skeleton_forced_loop_no_sig,5,1514,0.28094266097606235,108.15384615384616,97.0,108.15384615384616,97.0,0
per_huruf_hybrid_skeleton_forced_loop_no_sig,5,1515,0.28112822416032657,108.23076923076923,97.0,108.23076923076923,97.0,0
per_huruf_hybrid_skeleton_forced_loop_no_sig,5,1516,0.28131378734459084,108.30769230769229,96.99999999999999,108.30769230769229,96.99999999999999,0
per_huruf_hybrid_skeleton_forced_loop_no_sig,5,1517,0.28149935052885505,108.3846153846154,97.00000000000001,108.3846153846154,97.00000000000001,0
per_huruf_hybrid_skeleton_forced_loop_no_sig,5,1518,0.2816849137131193,108.46153846153848,97.00000000000001,108.46153846153848,97.00000000000001,0
per_huruf_hybrid_skeleton_forced_loop_no_sig,5,1519,0.28187047689738354,108.53846153846155,97.0,108.53846153846155,97.0,0
per_huruf_hybrid_skeleton_forced_loop_no_sig,5,1520,0.2820560400816478,108.61538461538461,97.0,108.61538461538461,97.0,0
per_huruf_hybrid_skeleton_forced_loop_no_sig,5,1521,0.282241603265912,108.6923076923077,96.99999999999999,108.6923076923077,96.99999999999999,0
per_huruf_hybrid_skeleton_forced_loop_no_sig,5,1522,0.2824271664501763,108.76923076923076,97.0,108.76923076923076,97.0,0
per_huruf_hybrid_skeleton_forced_loop_no_sig,5,1523,0.2826127296344405,108.84615384615385,97.0,108.84615384615385,97.0,0
per_huruf_hybrid_skeleton_forced_loop_no_sig,5,1524,0.2827982928187048,108.92307692307693,97.0,108.92307692307693,97.0,0
per_huruf_hybrid_skeleton_forced_loop_no_sig,5,1525,0.282983856002969,109.0,97.0,109.0,97.0,0
per_huruf_hybrid_skeleton_forced_loop_no_sig,5,1526,0.28316941918723326,109.0769230769231,97.00000000000001,109.0769230769231,97.00000000000001,0
per_huruf_hybrid_skeleton_forced_loop_no_sig,5,1527,0.2833549823714975,109.15384615384615,97.0,109.15384615384615,97.0,0
per_huruf_hybrid_skeleton_forced_loop_no_sig,5,1528,0.28354054555576175,109.23076923076921,97.0,109.23076923076921,97.0,0
per_huruf_hybrid_skeleton_forced_loop_no_sig,5,1529,0.28372610874002596,109.30769230769229,96.99999999999999,109.30769230769229,96.99999999999999,0
per_huruf_hybrid_skeleton_forced_loop_no_sig,5,1530,0.28391167192429023,109.3846153846154,97.00000000000001,109.3846153846154,97.00000000000001,0
per_huruf_hybrid_skeleton_forced_loop_no_sig,5,1531,0.28409723510855445,109.46153846153847,97.00000000000001,109.46153846153847,97.00000000000001,0
per_huruf_hybrid_skeleton_forced_loop_no_sig,5,1532,0.2842827982928187,109.53846153846155,97.0,109.53846153846155,97.0,0
per_huruf_hybrid_skeleton_forced_loop_no_sig,5,1533,0.28446836147708293,109.61538461538461,97.0,109.61538461538461,97.0,0
per_huruf_hybrid_skeleton_forced_loop_no_sig,5,1534,0.2846539246613472,109.6923076923077,96.99999999999999,109.6923076923077,96.99999999999999,0
per_huruf_hybrid_skeleton_forced_loop_no_sig,5,1535,0.2848394878456114,109.76923076923077,97.0,109.76923076923077,97.0,0
per_huruf_hybrid_skeleton_forced_loop_no_sig,5,1536,0.28502505102987563,109.84615384615387,97.0,109.84615384615387,97.0,0
per_huruf_hybrid_skeleton_forced_loop_no_sig,5,1537,0.2852106142141399,109.92307692307692,97.0,109.92307692307692,97.0,0
per_huruf_hybrid_skeleton_forced_loop_no_sig,5,1538,0.2853961773984041,110.0,97.0,110.0,97.0,0
per_huruf_hybrid_skeleton_forced_loop_no_sig,5,1539,0.2855817405826684,110.0769230769231,97.00000000000001,110.0769230769231,97.00000000000001,0
per_huruf_hybrid_skeleton_forced_loop_no_sig,5,1540,0.2857673037669326,110.15384615384615,97.0,110.15384615384615,97.0,0
per_huruf_hybrid_skeleton_forced_loop_no_sig,5,1541,0.28595286695119687,110.23076923076921,97.0,110.23076923076921,97.0,0
per_huruf_hybrid_skeleton_forced_loop_no_sig,5,1542,0.2861384301354611,110.30769230769229,96.99999999999999,110.30769230769229,96.99999999999999,0
per_huruf_hybrid_skeleton_forced_loop_no_sig,5,1543,0.28632399331972536,110.3846153846154,97.00000000000001,110.3846153846154,97.00000000000001,0
per_huruf_hybrid_skeleton_forced_loop_no_sig,5,1544,0.28650955650398957,110.46153846153847,97.00000000000001,110.46153846153847,97.00000000000001,0
per_huruf_hybrid_skeleton_forced_loop_no_sig,5,1545,0.28669511968825384,110.53846153846153,97.0,110.53846153846153,97.0,0
per_huruf_hybrid_skeleton_forced_loop_no_sig,5,1546,0.28688068287251806,110.61538461538461,97.0,110.61538461538461,97.0,0
per_huruf_hybrid_skeleton_forced_loop_no_sig,5,1547,0.2870662460567823,110.69230769230768,96.99999999999999,110.69230769230768,96.99999999999999,0
per_huruf_hybrid_skeleton_forced_loop_no_sig,5,1548,0.28725180924104654,110.76923076923076,97.0,110.76923076923076,97.0,0
per_huruf_hybrid_skeleton_forced_loop_no_sig,5,1549,0.2874373724253108,110.84615384615385,97.0,110.84615384615385,97.0,0
per_huruf_hybrid_skeleton_forced_loop_no_sig,5,1550,0.287622935609575,110.92307692307693,97.0,110.92307692307693,97.0,0
per_huruf_hybrid_skeleton_forced_loop_no_sig,5,1551,0.2878084987938393,111.0,97.0,111.0,97.0,0
per_huruf_hybrid_skeleton_forced_loop_no_sig,5,1552,0.2879940619781035,111.0769230769231,97.00000000000001,111.0769230769231,97.00000000000001,0
per_huruf_hybrid_skeleton_forced_loop_no_sig,5,1553,0.2881796251623678,111.15384615384617,97.0,111.15384615384617,97.0,0
per_huruf_hybrid_skeleton_forced_loop_no_sig,5,1554,0.288365188346632,111.2307692307692,97.0,111.2307692307692,97.0,0
per_huruf_hybrid_skeleton_forced_loop_no_sig,5,1555,0.28855075153089627,111.3076923076923,96.99999999999999,111.3076923076923,96.99999999999999,0
per_huruf_hybrid_skeleton_forced_loop_no_sig,5,1556,0.2887363147151605,111.3846153846154,97.00000000000001,111.3846153846154,97.00000000000001,0
per_huruf_hybrid_skeleton_forced_loop_no_sig,5,1557,0.28892187789942475,111.46153846153847,97.00000000000001,111.46153846153847,97.00000000000001,0
per_huruf_hybrid_skeleton_forced_loop_no_sig,5,1558,0.28910744108368897,111.53846153846153,97.0,111.53846153846153,97.0,0
per_huruf_hybrid_skeleton_forced_loop_no_sig,5,1559,0.28929300426795324,111.61538461538461,97.0,111.61538461538461,97.0,0
per_huruf_hybrid_skeleton_forced_loop_no_sig,5,1560,0.28947856745221745,111.69230769230768,96.99999999999999,111.69230769230768,96.99999999999999,0
per_huruf_hybrid_skeleton_forced_loop_no_sig,5,1561,0.2896641306364817,111.76923076923076,97.0,111.76923076923076,97.0,0
per_huruf_hybrid_skeleton_forced_loop_no_sig,5,1562,0.28984969382074594,111.84615384615384,97.0,111.84615384615384,97.0,0
per_huruf_hybrid_skeleton_forced_loop_no_sig,5,1563,0.2900352570050102,111.92307692307692,97.0,111.92307692307692,97.0,0
per_huruf_hybrid_skeleton_forced_loop_no_sig,5,1564,0.2902208201892744,112.0,97.0,112.0,97.0,0
per_huruf_hybrid_skeleton_forced_loop_no_sig,5,1565,0.2904063833735387,112.07692307692308,97.00000000000001,112.07692307692308,97.00000000000001,0
per_huruf_hybrid_skeleton_forced_loop_no_sig,5,1566,0.2905919465578029,112.15384615384616,97.0,112.15384615384616,97.0,0
per_huruf_hybrid_skeleton_forced_loop_no_sig,5,1567,0.2907775097420672,112.2307692307692,97.0,112.2307692307692,97.0,0
per_huruf_hybrid_skeleton_forced_loop_no_sig,5,1568,0.2909630729263314,112.3076923076923,96.99999999999999,112.3076923076923,96.99999999999999,0
per_huruf_hybrid_skeleton_forced_loop_no_sig,5,1569,0.29114863611059566,112.3846153846154,97.00000000000001,112.3846153846154,97.00000000000001,0
per_huruf_hybrid_skeleton_forced_loop_no_sig,5,1570,0.2913341992948599,112.46153846153848,97.00000000000001,112.46153846153848,97.00000000000001,0
per_huruf_hybrid_skeleton_forced_loop_no_sig,5,1571,0.29151976247912414,112.53846153846155,97.0,112.53846153846155,97.0,0
per_huruf_hybrid_skeleton_forced_loop_no_sig,5,1572,0.29170532566338836,112.61538461538461,97.0,112.61538461538461,97.0,0
per_huruf_hybrid_skeleton_forced_loop_no_sig,5,1573,0.29189088884765263,112.69230769230768,96.99999999999999,112.69230769230768,96.99999999999999,0
per_huruf_hybrid_skeleton_forced_loop_no_sig,5,1574,0.29207645203191684,112.76923076923075,97.0,112.76923076923075,97.0,0
per_huruf_hybrid_skeleton_forced_loop_no_sig,5,1575,0.2922620152161811,112.84615384615384,97.0,112.84615384615384,97.0,0
per_huruf_hybrid_skeleton_forced_loop_no_sig,5,1576,0.29244757840044533,112.92307692307693,97.0,112.92307692307693,97.0,0
per_huruf_hybrid_skeleton_forced_loop_no_sig,5,1577,0.2926331415847096,113.0,97.0,113.0,97.0,0
per_huruf_hybrid_skeleton_forced_loop_no_sig,5,1578,0.2928187047689738,113.0769230769231,97.00273099681385,113.0769230769231,97.00273099681385,0
per_huruf_hybrid_skeleton_forced_loop_no_sig,5,1579,0.2930042679532381,113.15384615384616,97.01001365498408,113.15384615384616,97.01001365498408,0
per_huruf_hybrid_skeleton_forced_loop_no_sig,5,1580,0.2931898311375023,113.23076923076921,97.02048247610377,113.23076923076921,97.02048247610377,0
per_huruf_hybrid_skeleton_forced_loop_no_sig,5,1581,0.29337539432176657,113.3076923076923,97.03277196176604,113.3076923076923,97.03277196176604,0
per_huruf_hybrid_skeleton_forced_loop_no_sig,5,1582,0.2935609575060308,113.3846153846154,97.04551661356396,113.3846153846154,97.04551661356396,0
per_huruf_hybrid_skeleton_forced_loop_no_sig,5,1583,0.29374652069029505,113.46153846153848,97.05735093309059,113.46153846153848,97.05735093309059,0
per_huruf_hybrid_skeleton_forced_loop_no_sig,5,1584,0.29393208387455927,113.53846153846153,97.06690942193902,113.53846153846153,97.06690942193902,0
per_huruf_hybrid_skeleton_forced_loop_no_sig,5,1585,0.29411764705882354,113.61538461538461,97.07282658170233,113.61538461538461,97.07282658170233,0
per_huruf_hybrid_skeleton_forced_loop_no_sig,5,1586,0.29430321024308775,113.6923076923077,97.0737369139736,113.6923076923077,97.0737369139736,0
per_huruf_hybrid_skeleton_forced_loop_no_sig,5,1587,0.294488773427352,113.76923076923075,97.06827492034591,113.76923076923075,97.06827492034591,0
per_huruf_hybrid_skeleton_forced_loop_no_sig,5,1588,0.29467433661161624,113.84615384615384,97.05507510241239,113.84615384615384,97.05507510241239,0
per_huruf_hybrid_skeleton_forced_loop_no_sig,5,1589,0.2948598997958805,113.92307692307692,97.03277196176604,113.92307692307692,97.03277196176604,0
per_huruf_hybrid_skeleton_forced_loop_no_sig,5,1590,0.2950454629801447,114.0,97.0,114.0,97.0,0
per_huruf_hybrid_skeleton_forced_loop_no_sig,5,1591,0.295231026164409,114.0769230769231,96.95311788802915,114.0769230769231,96.95311788802915,0
per_huruf_hybrid_skeleton_forced_loop_no_sig,5,1592,0.2954165893486732,114.15384615384616,96.89121529358216,114.15384615384616,96.89121529358216,0
per_huruf_hybrid_skeleton_forced_loop_no_sig,5,1593,0.2956021525329374,114.23076923076921,96.8170232134729,114.23076923076921,96.8170232134729,0
per_huruf_hybrid_skeleton_forced_loop_no_sig,5,1594,0.2957877157172017,114.30769230769229,96.73327264451524,114.30769230769229,96.73327264451524,0
per_huruf_hybrid_skeleton_forced_loop_no_sig,5,1595,0.2959732789014659,114.3846153846154,96.642694583523,114.3846153846154,96.642694583523,0
per_huruf_hybrid_skeleton_forced_loop_no_sig,5,1596,0.2961588420857302,114.46153846153848,96.54802002730997,114.46153846153848,96.54802002730997,0
per_huruf_hybrid_skeleton_forced_loop_no_sig,5,1597,0.2963444052699944,114.53846153846153,96.45197997269005,114.53846153846153,96.45197997269005,0
per_huruf_hybrid_skeleton_forced_loop_no_sig,5,1598,0.29652996845425866,114.61538461538461,96.35730541647702,114.61538461538461,96.35730541647702,0
per_huruf_hybrid_skeleton_forced_loop_no_sig,5,1599,0.2967155316385229,114.6923076923077,96.26672735548475,114.6923076923077,96.26672735548475,0
per_huruf_hybrid_skeleton_forced_loop_no_sig,5,1600,0.29690109482278715,114.76923076923076,96.18297678652708,114.76923076923076,96.18297678652708,0
per_huruf_hybrid_skeleton_forced_loop_no_sig,5,1601,0.29708665800705136,114.84615384615384,96.10878470641785,114.84615384615384,96.10878470641785,0
per_huruf_hybrid_skeleton_forced_loop_no_sig,5,1602,0.29727222119131563,114.92307692307692,96.04688211197086,114.92307692307692,96.04688211197086,0
per_huruf_hybrid_skeleton_forced_loop_no_sig,5,1603,0.29745778437557985,115.0,96.0,115.0,96.0,0
per_huruf_hybrid_skeleton_forced_loop_no_sig,5,1604,0.2976433475598441,115.07692307692311,95.96995903504781,115.07692307692311,95.96995903504781,0
per_huruf_hybrid_skeleton_forced_loop_no_sig,5,1605,0.29782891074410833,115.15384615384616,95.9549385525717,115.15384615384616,95.9549385525717,0
per_huruf_hybrid_skeleton_forced_loop_no_sig,5,1606,0.2980144739283726,115.23076923076923,95.95220755575782,115.23076923076923,95.95220755575782,0
per_huruf_hybrid_skeleton_forced_loop_no_sig,5,1607,0.2982000371126368,115.30769230769229,95.95903504779244,115.30769230769229,95.95903504779244,0
per_huruf_hybrid_skeleton_forced_loop_no_sig,5,1608,0.2983856002969011,115.3846153846154,95.97269003186165,115.3846153846154,95.97269003186165,0
per_huruf_hybrid_skeleton_forced_loop_no_sig,5,1609,0.2985711634811653,115.46153846153847,95.99044151115157,115.46153846153847,95.99044151115157,0
per_huruf_hybrid_skeleton_forced_loop_no_sig,5,1610,0.2987567266654296,115.53846153846155,96.00955848884843,115.53846153846155,96.00955848884843,0
per_huruf_hybrid_skeleton_forced_loop_no_sig,5,1611,0.2989422898496938,115.61538461538461,96.02730996813838,115.61538461538461,96.02730996813838,0
per_huruf_hybrid_skeleton_forced_loop_no_sig,5,1612,0.29912785303395806,115.69230769230768,96.04096495220755,115.69230769230768,96.04096495220755,0
per_huruf_hybrid_skeleton_forced_loop_no_sig,5,1613,0.2993134162182223,115.76923076923075,96.04779244424213,115.76923076923075,96.04779244424213,0
per_huruf_hybrid_skeleton_forced_loop_no_sig,5,1614,0.29949897940248654,115.84615384615384,96.04506144742831,115.84615384615384,96.04506144742831,0
per_huruf_hybrid_skeleton_forced_loop_no_sig,5,1615,0.29968454258675076,115.92307692307692,96.0300409649522,115.92307692307692,96.0300409649522,0
per_huruf_hybrid_skeleton_forced_loop_no_sig,5,1616,0.299870105771015,116.0,96.0,116.0,96.0,0
per_huruf_hybrid_skeleton_forced_loop_no_sig,5,1617,0.30005566895527924,116.07692307692308,95.95311788802913,116.07692307692308,95.95311788802913,0
per_huruf_hybrid_skeleton_forced_loop_no_sig,5,1618,0.3002412321395435,116.15384615384617,95.89121529358218,116.15384615384617,95.89121529358218,0
per_huruf_hybrid_skeleton_forced_loop_no_sig,5,1619,0.3004267953238077,116.23076923076923,95.8170232134729,116.23076923076923,95.8170232134729,0
per_huruf_hybrid_skeleton_forced_loop_no_sig,5,1620,0.300612358508072,116.3076923076923,95.73327264451524,116.3076923076923,95.73327264451524,0
per_huruf_hybrid_skeleton_forced_loop_no_sig,5,1621,0.3007979216923362,116.3846153846154,95.642694583523,116.3846153846154,95.642694583523,0
per_huruf_hybrid_skeleton_forced_loop_no_sig,5,1622,0.3009834848766005,116.46153846153848,95.54802002730997,116.46153846153848,95.54802002730997,0
per_huruf_hybrid_skeleton_forced_loop_no_sig,5,1623,0.3011690480608647,116.53846153846153,95.45197997269003,116.53846153846153,95.45197997269003,0
per_huruf_hybrid_skeleton_forced_loop_no_sig,5,1624,0.30135461124512897,116.61538461538461,95.35730541647702,116.61538461538461,95.35730541647702,0
per_huruf_hybrid_skeleton_forced_loop_no_sig,5,1625,0.3015401744293932,116.69230769230768,95.26672735548475,116.69230769230768,95.26672735548475,0
per_huruf_hybrid_skeleton_forced_loop_no_sig,5,1626,0.30172573761365745,116.76923076923076,95.18297678652708,116.76923076923076,95.18297678652708,0
per_huruf_hybrid_skeleton_forced_loop_no_sig,5,1627,0.30191130079792167,116.84615384615384,95.10878470641785,116.84615384615384,95.10878470641785,0
per_huruf_hybrid_skeleton_forced_loop_no_sig,5,1628,0.30209686398218594,116.92307692307692,95.04688211197087,116.92307692307692,95.04688211197087,0
per_huruf_hybrid_skeleton_forced_loop_no_sig,5,1629,0.30228242716645015,117.0,95.0,117.0,95.0,0
per_huruf_hybrid_skeleton_forced_loop_no_sig,5,1630,0.3024679903507144,117.0769230769231,94.96722803823396,117.0769230769231,94.96722803823396,0
per_huruf_hybrid_skeleton_forced_loop_no_sig,5,1631,0.30265355353497864,117.15384615384616,94.94492489758763,117.15384615384616,94.94492489758763,0
per_huruf_hybrid_skeleton_forced_loop_no_sig,5,1632,0.3028391167192429,117.23076923076921,94.93172507965406,117.23076923076921,94.93172507965406,0
per_huruf_hybrid_skeleton_forced_loop_no_sig,5,1633,0.3030246799035071,117.3076923076923,94.9262630860264,117.3076923076923,94.9262630860264,0
per_huruf_hybrid_skeleton_forced_loop_no_sig,5,1634,0.3032102430877714,117.3846153846154,94.9271734182977,117.3846153846154,94.9271734182977,0
per_huruf_hybrid_skeleton_forced_loop_no_sig,5,1635,0.3033958062720356,117.46153846153848,94.933090578061,117.46153846153848,94.933090578061,0
per_huruf_hybrid_skeleton_forced_loop_no_sig,5,1636,0.3035813694562999,117.53846153846155,94.94264906690942,117.53846153846155,94.94264906690942,0
per_huruf_hybrid_skeleton_forced_loop_no_sig,5,1637,0.3037669326405641,117.61538461538461,94.95448338643605,117.61538461538461,94.95448338643605,0
per_huruf_hybrid_skeleton_forced_loop_no_sig,5,1638,0.30395249582482836,117.69230769230768,94.96722803823396,117.69230769230768,94.96722803823396,0
per_huruf_hybrid_skeleton_forced_loop_no_sig,5,1639,0.3041380590090926,117.76923076923076,94.97951752389622,117.76923076923076,94.97951752389622,0
per_huruf_hybrid_skeleton_forced_loop_no_sig,5,1640,0.30432362219335685,117.84615384615384,94.98998634501594,117.84615384615384,94.98998634501594,0
per_huruf_hybrid_skeleton_forced_loop_no_sig,5,1641,0.30450918537762106,117.92307692307692,94.99726900318616,117.92307692307692,94.99726900318616,0
per_huruf_hybrid_skeleton_forced_loop_no_sig,5,1642,0.30469474856188533,118.0,95.0,118.0,95.0,0
per_huruf_hybrid_skeleton_forced_loop_no_sig,5,1643,0.30488031174614955,118.07692307692308,95.00273099681384,118.07692307692308,95.00273099681384,0
per_huruf_hybrid_skeleton_forced_loop_no_sig,5,1644,0.3050658749304138,118.15384615384616,95.01001365498408,118.15384615384616,95.01001365498408,0
per_huruf_hybrid_skeleton_forced_loop_no_sig,5,1645,0.30525143811467803,118.23076923076921,95.02048247610377,118.23076923076921,95.02048247610377,0
per_huruf_hybrid_skeleton_forced_loop_no_sig,5,1646,0.3054370012989423,118.30769230769229,95.03277196176603,118.30769230769229,95.03277196176603,0
per_huruf_hybrid_skeleton_forced_loop_no_sig,5,1647,0.3056225644832065,118.38461538461539,95.04551661356396,118.38461538461539,95.04551661356396,0
per_huruf_hybrid_skeleton_forced_loop_no_sig,5,1648,0.3058081276674708,118.46153846153848,95.05735093309059,118.46153846153848,95.05735093309059,0
per_huruf_hybrid_skeleton_forced_loop_no_sig,5,1649,0.305993690851735,118.53846153846155,95.06690942193902,118.53846153846155,95.06690942193902,0
per_huruf_hybrid_skeleton_forced_loop_no_sig,5,1650,0.3061792540359992,118.61538461538461,95.07282658170233,118.61538461538461,95.07282658170233,0
per_huruf_hybrid_skeleton_forced_loop_no_sig,5,1651,0.3063648172202635,118.69230769230768,95.0737369139736,118.69230769230768,95.0737369139736,0
per_huruf_hybrid_skeleton_forced_loop_no_sig,5,1652,0.3065503804045277,118.76923076923077,95.06827492034591,118.76923076923077,95.06827492034591,0
per_huruf_hybrid_skeleton_forced_loop_no_sig,5,1653,0.30673594358879197,118.84615384615384,95.05507510241239,118.84615384615384,95.05507510241239,0
per_huruf_hybrid_skeleton_forced_loop_no_sig,5,1654,0.3069215067730562,118.92307692307693,95.03277196176604,118.92307692307693,95.03277196176604,0
per_huruf_hybrid_skeleton_forced_loop_no_sig,5,1655,0.30710706995732046,119.0,95.0,119.0,95.0,0
per_huruf_hybrid_skeleton_forced_loop_no_sig,5,1656,0.30729263314158467,119.0769230769231,94.95584888484298,119.0769230769231,94.95584888484298,0
per_huruf_hybrid_skeleton_forced_loop_no_sig,5,1657,0.30747819632584894,119.15384615384615,94.90122894856624,119.15384615384615,94.90122894856624,0
per_huruf_hybrid_skeleton_forced_loop_no_sig,5,1658,0.30766375951011316,119.23076923076921,94.83750568957669,119.23076923076921,94.83750568957669,0
per_huruf_hybrid_skeleton_forced_loop_no_sig,5,1659,0.3078493226943774,119.30769230769229,94.76604460628128,119.30769230769229,94.76604460628128,0
per_huruf_hybrid_skeleton_forced_loop_no_sig,5,1660,0.30803488587864164,119.38461538461537,94.68821119708696,119.38461538461537,94.68821119708696,0
per_huruf_hybrid_skeleton_forced_loop_no_sig,5,1661,0.3082204490629059,119.46153846153848,94.60537096040055,119.46153846153848,94.60537096040055,0
per_huruf_hybrid_skeleton_forced_loop_no_sig,5,1662,0.3084060122471701,119.53846153846155,94.51888939462904,119.53846153846155,94.51888939462904,0
per_huruf_hybrid_skeleton_forced_loop_no_sig,5,1663,0.3085915754314344,119.61538461538463,94.43013199817933,119.61538461538463,94.43013199817933,0
per_huruf_hybrid_skeleton_forced_loop_no_sig,5,1664,0.3087771386156986,119.6923076923077,94.34046426945835,119.6923076923077,94.34046426945835,0
per_huruf_hybrid_skeleton_forced_loop_no_sig,5,1665,0.3089627017999629,119.76923076923076,94.251251706873,119.76923076923076,94.251251706873,0
per_huruf_hybrid_skeleton_forced_loop_no_sig,5,1666,0.3091482649842271,119.84615384615384,94.16385980883022,119.84615384615384,94.16385980883022,0
per_huruf_hybrid_skeleton_forced_loop_no_sig,5,1667,0.30933382816849136,119.92307692307692,94.0796540737369,119.92307692307692,94.0796540737369,0
per_huruf_hybrid_skeleton_forced_loop_no_sig,5,1668,0.3095193913527556,120.0,94.0,120.0,94.0,0
per_huruf_hybrid_skeleton_forced_loop_no_sig,5,1669,0.30970495453701985,120.07692307692308,93.92307692307692,120.07692307692308,93.92307692307692,0
per_huruf_hybrid_skeleton_forced_loop_no_sig,5,1670,0.30989051772128406,120.15384615384616,93.84615384615385,120.15384615384616,93.84615384615385,0
per_huruf_hybrid_skeleton_forced_loop_no_sig,5,1671,0.31007608090554833,120.23076923076921,93.76923076923075,120.23076923076921,93.76923076923075,0
per_huruf_hybrid_skeleton_forced_loop_no_sig,5,1672,0.31026164408981255,120.3076923076923,93.6923076923077,120.3076923076923,93.6923076923077,0
per_huruf_hybrid_skeleton_forced_loop_no_sig,5,1673,0.3104472072740768,120.38461538461539,93.61538461538463,120.38461538461539,93.61538461538463,0
per_huruf_hybrid_skeleton_forced_loop_no_sig,5,1674,0.31063277045834103,120.46153846153847,93.53846153846153,120.46153846153847,93.53846153846153,0
per_huruf_hybrid_skeleton_forced_loop_no_sig,5,1675,0.3108183336426053,120.53846153846153,93.46153846153845,120.53846153846153,93.46153846153845,0
per_huruf_hybrid_skeleton_forced_loop_no_sig,5,1676,0.3110038968268695,120.61538461538463,93.3846153846154,120.61538461538463,93.3846153846154,0
per_huruf_hybrid_skeleton_forced_loop_no_sig,5,1677,0.3111894600111338,120.6923076923077,93.30769230769229,120.6923076923077,93.30769230769229,0
per_huruf_hybrid_skeleton_forced_loop_no_sig,5,1678,0.311375023195398,120.76923076923075,93.23076923076923,120.76923076923075,93.23076923076923,0
per_huruf_hybrid_skeleton_forced_loop_no_sig,5,1679,0.3115605863796623,120.84615384615384,93.15384615384616,120.84615384615384,93.15384615384616,0
per_huruf_hybrid_skeleton_forced_loop_no_sig,5,1680,0.3117461495639265,120.92307692307693,93.07692307692307,120.92307692307693,93.07692307692307,0
per_huruf_hybrid_skeleton_forced_loop_no_sig,5,1681,0.31193171274819076,121.0,93.0,121.0,93.0,0
per_huruf_hybrid_skeleton_forced_loop_no_sig,5,1682,0.312117275932455,121.07692307692311,92.92307692307695,121.07692307692311,92.92307692307695,0
per_huruf_hybrid_skeleton_forced_loop_no_sig,5,1683,0.31230283911671924,121.15384615384616,92.84615384615384,121.15384615384616,92.84615384615384,0
per_huruf_hybrid_skeleton_forced_loop_no_sig,5,1684,0.31248840230098346,121.23076923076921,92.76923076923076,121.23076923076921,92.76923076923076,0
per_huruf_hybrid_skeleton_forced_loop_no_sig,5,1685,0.31267396548524773,121.3076923076923,92.69230769230768,121.3076923076923,92.69230769230768,0
per_huruf_hybrid_skeleton_forced_loop_no_sig,5,1686,0.31285952866951194,121.3846153846154,92.61538461538464,121.3846153846154,92.61538461538464,0
per_huruf_hybrid_skeleton_forced_loop_no_sig,5,1687,0.3130450918537762,121.46153846153847,92.53846153846153,121.46153846153847,92.53846153846153,0
per_huruf_hybrid_skeleton_forced_loop_no_sig,5,1688,0.31323065503804043,121.53846153846155,92.46153846153845,121.53846153846155,92.46153846153845,0
per_huruf_hybrid_skeleton_forced_loop_no_sig,5,1689,0.3134162182223047,121.61538461538463,92.3846153846154,121.61538461538463,92.3846153846154,0
per_huruf_hybrid_skeleton_forced_loop_no_sig,5,1690,0.3136017814065689,121.6923076923077,92.30769230769229,121.6923076923077,92.30769230769229,0
per_huruf_hybrid_skeleton_forced_loop_no_sig,5,1691,0.3137873445908332,121.76923076923076,92.23076923076923,121.76923076923076,92.23076923076923,0
per_huruf_hybrid_skeleton_forced_loop_no_sig,5,1692,0.3139729077750974,121.84615384615384,92.15384615384616,121.84615384615384,92.15384615384616,0
per_huruf_hybrid_skeleton_forced_loop_no_sig,5,1693,0.31415847095936167,121.92307692307692,92.07692307692307,121.92307692307692,92.07692307692307,0
per_huruf_hybrid_skeleton_forced_loop_no_sig,5,1694,0.3143440341436259,122.0,92.0,122.0,92.0,0
per_huruf_hybrid_skeleton_forced_loop_no_sig,5,1695,0.31452959732789015,122.0769230769231,91.92307692307693,122.0769230769231,91.92307692307693,0
per_huruf_hybrid_skeleton_forced_loop_no_sig,5,1696,0.31471516051215437,122.15384615384615,91.84615384615385,122.15384615384615,91.84615384615385,0
per_huruf_hybrid_skeleton_forced_loop_no_sig,5,1697,0.31490072369641864,122.2307692307692,91.76923076923076,122.2307692307692,91.76923076923076,0
per_huruf_hybrid_skeleton_forced_loop_no_sig,5,1698,0.31508628688068285,122.30769230769229,91.69230769230768,122.30769230769229,91.69230769230768,0
per_huruf_hybrid_skeleton_forced_loop_no_sig,5,1699,0.3152718500649471,122.38461538461539,91.61538461538461,122.38461538461539,91.61538461538461,0
per_huruf_hybrid_skeleton_forced_loop_no_sig,5,1700,0.31545741324921134,122.46153846153847,91.53846153846153,122.46153846153847,91.53846153846153,0
per_huruf_hybrid_skeleton_forced_loop_no_sig,5,1701,0.3156429764334756,122.53846153846153,91.46153846153847,122.53846153846153,91.46153846153847,0
per_huruf_hybrid_skeleton_forced_loop_no_sig,5,1702,0.3158285396177398,122.61538461538463,91.38461538461539,122.61538461538463,91.38461538461539,0
per_huruf_hybrid_skeleton_forced_loop_no_sig,5,1703,0.3160141028020041,122.69230769230768,91.3076923076923,122.69230769230768,91.3076923076923,0
per_huruf_hybrid_skeleton_forced_loop_no_sig,5,1704,0.3161996659862683,122.76923076923077,91.23076923076923,122.76923076923077,91.23076923076923,0
per_huruf_hybrid_skeleton_forced_loop_no_sig,5,1705,0.3163852291705326,122.84615384615385,91.15384615384616,122.84615384615385,91.15384615384616,0
per_huruf_hybrid_skeleton_forced_loop_no_sig,5,1706,0.3165707923547968,122.92307692307693,91.07692307692308,122.92307692307693,91.07692307692308,0
per_huruf_hybrid_skeleton_forced_loop_no_sig,5,1707,0.316756355539061,123.0,91.0,123.0,91.0,0
per_huruf_hybrid_skeleton_forced_loop_no_sig,5,1708,0.3169419187233253,123.0769230769231,90.92307692307695,123.0769230769231,90.92307692307695,0
per_huruf_hybrid_skeleton_forced_loop_no_sig,5,1709,0.3171274819075895,123.15384615384616,90.84615384615385,123.15384615384616,90.84615384615385,0
per_huruf_hybrid_skeleton_forced_loop_no_sig,5,1710,0.31731304509185376,123.23076923076921,90.76923076923077,123.23076923076921,90.76923076923077,0
per_huruf_hybrid_skeleton_forced_loop_no_sig,5,1711,0.317498608276118,123.30769230769229,90.69230769230768,123.30769230769229,90.69230769230768,0
per_huruf_hybrid_skeleton_forced_loop_no_sig,5,1712,0.31768417146038225,123.38461538461539,90.61538461538461,123.38461538461539,90.61538461538461,0
per_huruf_hybrid_skeleton_forced_loop_no_sig,5,1713,0.31786973464464646,123.46153846153848,90.53846153846155,123.46153846153848,90.53846153846155,0
per_huruf_hybrid_skeleton_forced_loop_no_sig,5,1714,0.31805529782891073,123.53846153846155,90.46153846153847,123.53846153846155,90.46153846153847,0
per_huruf_hybrid_skeleton_forced_loop_no_sig,5,1715,0.31824086101317495,123.61538461538463,90.38461538461539,123.61538461538463,90.38461538461539,0
per_huruf_hybrid_skeleton_forced_loop_no_sig,5,1716,0.3184264241974392,123.69230769230771,90.30769230769229,123.69230769230771,90.30769230769229,0
per_huruf_hybrid_skeleton_forced_loop_no_sig,5,1717,0.31861198738170343,123.76923076923076,90.23076923076923,123.76923076923076,90.23076923076923,0
per_huruf_hybrid_skeleton_forced_loop_no_sig,5,1718,0.3187975505659677,123.84615384615384,90.15384615384616,123.84615384615384,90.15384615384616,0
per_huruf_hybrid_skeleton_forced_loop_no_sig,5,1719,0.3189831137502319,123.92307692307692,90.07692307692307,123.92307692307692,90.07692307692307,0
per_huruf_hybrid_skeleton_forced_loop_no_sig,5,1720,0.3191686769344962,124.0,90.0,124.0,90.0,0
per_huruf_hybrid_skeleton_forced_loop_no_sig,5,1721,0.3193542401187604,124.0769230769231,89.92307692307693,124.0769230769231,89.92307692307693,0
per_huruf_hybrid_skeleton_forced_loop_no_sig,5,1722,0.31953980330302467,124.15384615384615,89.84615384615385,124.15384615384615,89.84615384615385,0
per_huruf_hybrid_skeleton_forced_loop_no_sig,5,1723,0.3197253664872889,124.2307692307692,89.76923076923076,124.2307692307692,89.76923076923076,0
per_huruf_hybrid_skeleton_forced_loop_no_sig,5,1724,0.31991092967155316,124.30769230769229,89.6923076923077,124.30769230769229,89.6923076923077,0
per_huruf_hybrid_skeleton_forced_loop_no_sig,5,1725,0.32009649285581737,124.3846153846154,89.61538461538463,124.3846153846154,89.61538461538463,0
per_huruf_hybrid_skeleton_forced_loop_no_sig,5,1726,0.32028205604008164,124.46153846153847,89.53846153846153,124.46153846153847,89.53846153846153,0
per_huruf_hybrid_skeleton_forced_loop_no_sig,5,1727,0.32046761922434586,124.53846153846153,89.46153846153845,124.53846153846153,89.46153846153845,0
per_huruf_hybrid_skeleton_forced_loop_no_sig,5,1728,0.3206531824086101,124.61538461538463,89.38461538461539,124.61538461538463,89.38461538461539,0
per_huruf_hybrid_skeleton_forced_loop_no_sig,5,1729,0.32083874559287434,124.69230769230768,89.3076923076923,124.69230769230768,89.3076923076923,0
per_huruf_hybrid_skeleton_forced_loop_no_sig,5,1730,0.3210243087771386,124.76923076923075,89.23076923076923,124.76923076923075,89.23076923076923,0
per_huruf_hybrid_skeleton_forced_loop_no_sig,5,1731,0.3212098719614028,124.84615384615384,89.15384615384616,124.84615384615384,89.15384615384616,0
per_huruf_hybrid_skeleton_forced_loop_no_sig,5,1732,0.3213954351456671,124.92307692307693,89.07692307692308,124.92307692307693,89.07692307692308,0
per_huruf_hybrid_skeleton_forced_loop_no_sig,5,1733,0.3215809983299313,125.0,89.0,125.0,89.0,0
per_huruf_hybrid_skeleton_forced_loop_no_sig,5,1734,0.3217665615141956,125.07965407373693,88.92307692307693,125.07965407373693,88.92307692307693,0
per_huruf_hybrid_skeleton_forced_loop_no_sig,5,1735,0.3219521246984598,125.16385980883022,88.84615384615385,125.16385980883022,88.84615384615385,0
per_huruf_hybrid_skeleton_forced_loop_no_sig,5,1736,0.32213768788272407,125.25125170687299,88.76923076923076,125.25125170687299,88.76923076923076,0
per_huruf_hybrid_skeleton_forced_loop_no_sig,5,1737,0.3223232510669883,125.34046426945834,88.6923076923077,125.34046426945834,88.6923076923077,0
per_huruf_hybrid_skeleton_forced_loop_no_sig,5,1738,0.32250881425125255,125.43013199817935,88.61538461538463,125.43013199817935,88.61538461538463,0
per_huruf_hybrid_skeleton_forced_loop_no_sig,5,1739,0.32269437743551677,125.51888939462904,88.53846153846155,125.51888939462904,88.53846153846155,0
per_huruf_hybrid_skeleton_forced_loop_no_sig,5,1740,0.32287994061978104,125.60537096040055,88.46153846153847,125.60537096040055,88.46153846153847,0
per_huruf_hybrid_skeleton_forced_loop_no_sig,5,1741,0.32306550380404525,125.68821119708694,88.38461538461539,125.68821119708694,88.38461538461539,0
per_huruf_hybrid_skeleton_forced_loop_no_sig,5,1742,0.3232510669883095,125.76604460628127,88.3076923076923,125.76604460628127,88.3076923076923,0
per_huruf_hybrid_skeleton_forced_loop_no_sig,5,1743,0.32343663017257374,125.83750568957667,88.23076923076923,125.83750568957667,88.23076923076923,0
per_huruf_hybrid_skeleton_forced_loop_no_sig,5,1744,0.323622193356838,125.90122894856623,88.15384615384616,125.90122894856623,88.15384615384616,0
per_huruf_hybrid_skeleton_forced_loop_no_sig,5,1745,0.3238077565411022,125.95584888484296,88.07692307692307,125.95584888484296,88.07692307692307,0
per_huruf_hybrid_skeleton_forced_loop_no_sig,5,1746,0.3239933197253665,126.0,88.0,126.0,88.0,0
per_huruf_hybrid_skeleton_forced_loop_no_sig,5,1747,0.3241788829096307,126.03004096495222,87.92307692307692,126.03004096495222,87.92307692307692,0
per_huruf_hybrid_skeleton_forced_loop_no_sig,5,1748,0.324364446093895,126.04506144742832,87.84615384615385,126.04506144742832,87.84615384615385,0
per_huruf_hybrid_skeleton_forced_loop_no_sig,5,1749,0.3245500092781592,126.04779244424215,87.76923076923076,126.04779244424215,87.76923076923076,0
per_huruf_hybrid_skeleton_forced_loop_no_sig,5,1750,0.32473557246242346,126.04096495220755,87.6923076923077,126.04096495220755,87.6923076923077,0
per_huruf_hybrid_skeleton_forced_loop_no_sig,5,1751,0.3249211356466877,126.02730996813838,87.61538461538461,126.02730996813838,87.61538461538461,0
per_huruf_hybrid_skeleton_forced_loop_no_sig,5,1752,0.32510669883095195,126.00955848884844,87.53846153846155,126.00955848884844,87.53846153846155,0
per_huruf_hybrid_skeleton_forced_loop_no_sig,5,1753,0.32529226201521616,125.99044151115159,87.46153846153847,125.99044151115159,87.46153846153847,0
per_huruf_hybrid_skeleton_forced_loop_no_sig,5,1754,0.32547782519948043,125.97269003186163,87.38461538461539,125.97269003186163,87.38461538461539,0
per_huruf_hybrid_skeleton_forced_loop_no_sig,5,1755,0.32566338838374465,125.95903504779244,87.30769230769229,125.95903504779244,87.30769230769229,0
per_huruf_hybrid_skeleton_forced_loop_no_sig,5,1756,0.3258489515680089,125.95220755575784,87.23076923076923,125.95220755575784,87.23076923076923,0
per_huruf_hybrid_skeleton_forced_loop_no_sig,5,1757,0.32603451475227313,125.95493855257169,87.15384615384616,125.95493855257169,87.15384615384616,0
per_huruf_hybrid_skeleton_forced_loop_no_sig,5,1758,0.3262200779365374,125.9699590350478,87.07692307692308,125.9699590350478,87.07692307692308,0
per_huruf_hybrid_skeleton_forced_loop_no_sig,5,1759,0.3264056411208016,126.0,87.0,126.0,87.0,0
per_huruf_hybrid_skeleton_forced_loop_no_sig,5,1760,0.3265912043050659,126.04688211197087,86.92307692307693,126.04688211197087,86.92307692307693,0
per_huruf_hybrid_skeleton_forced_loop_no_sig,5,1761,0.3267767674893301,126.10878470641785,86.84615384615385,126.10878470641785,86.84615384615385,0
per_huruf_hybrid_skeleton_forced_loop_no_sig,5,1762,0.32696233067359437,126.18297678652708,86.76923076923075,126.18297678652708,86.76923076923075,0
per_huruf_hybrid_skeleton_forced_loop_no_sig,5,1763,0.3271478938578586,126.26672735548472,86.69230769230768,126.26672735548472,86.69230769230768,0
per_huruf_hybrid_skeleton_forced_loop_no_sig,5,1764,0.3273334570421228,126.35730541647703,86.61538461538463,126.35730541647703,86.61538461538463,0
per_huruf_hybrid_skeleton_forced_loop_no_sig,5,1765,0.32751902022638707,126.45197997269004,86.53846153846155,126.45197997269004,86.53846153846155,0
per_huruf_hybrid_skeleton_forced_loop_no_sig,5,1766,0.3277045834106513,126.54802002730997,86.46153846153845,126.54802002730997,86.46153846153845,0
per_huruf_hybrid_skeleton_forced_loop_no_sig,5,1767,0.32789014659491555,126.64269458352298,86.38461538461539,126.64269458352298,86.38461538461539,0
per_huruf_hybrid_skeleton_forced_loop_no_sig,5,1768,0.32807570977917977,126.73327264451524,86.3076923076923,126.73327264451524,86.3076923076923,0
per_huruf_hybrid_skeleton_forced_loop_no_sig,5,1769,0.32826127296344404,126.81702321347291,86.23076923076923,126.81702321347291,86.23076923076923,0
per_huruf_hybrid_skeleton_forced_loop_no_sig,5,1770,0.32844683614770825,126.89121529358215,86.15384615384616,126.89121529358215,86.15384615384616,0
per_huruf_hybrid_skeleton_forced_loop_no_sig,5,1771,0.3286323993319725,126.95311788802913,86.07692307692307,126.95311788802913,86.07692307692307,0
per_huruf_hybrid_skeleton_forced_loop_no_sig,5,1772,0.32881796251623674,127.0,86.0,127.0,86.0,0
per_huruf_hybrid_skeleton_forced_loop_no_sig,5,1773,0.329003525700501,127.03277196176606,85.92307692307692,127.03277196176606,85.92307692307692,0
per_huruf_hybrid_skeleton_forced_loop_no_sig,5,1774,0.3291890888847652,127.05507510241239,85.84615384615387,127.05507510241239,85.84615384615387,0
per_huruf_hybrid_skeleton_forced_loop_no_sig,5,1775,0.3293746520690295,127.06827492034593,85.76923076923075,127.06827492034593,85.76923076923075,0
per_huruf_hybrid_skeleton_forced_loop_no_sig,5,1776,0.3295602152532937,127.07373691397359,85.6923076923077,127.07373691397359,85.6923076923077,0
per_huruf_hybrid_skeleton_forced_loop_no_sig,5,1777,0.329745778437558,127.07282658170234,85.61538461538463,127.07282658170234,85.61538461538463,0
per_huruf_hybrid_skeleton_forced_loop_no_sig,5,1778,0.3299313416218222,127.066909421939,85.53846153846155,127.066909421939,85.53846153846155,0
per_huruf_hybrid_skeleton_forced_loop_no_sig,5,1779,0.33011690480608646,127.05735093309059,85.46153846153847,127.05735093309059,85.46153846153847,0
per_huruf_hybrid_skeleton_forced_loop_no_sig,5,1780,0.3303024679903507,127.04551661356395,85.38461538461539,127.04551661356395,85.38461538461539,0
per_huruf_hybrid_skeleton_forced_loop_no_sig,5,1781,0.33048803117461495,127.03277196176604,85.30769230769229,127.03277196176604,85.30769230769229,0
per_huruf_hybrid_skeleton_forced_loop_no_sig,5,1782,0.33067359435887916,127.02048247610378,85.23076923076923,127.02048247610378,85.23076923076923,0
per_huruf_hybrid_skeleton_forced_loop_no_sig,5,1783,0.33085915754314343,127.01001365498408,85.15384615384616,127.01001365498408,85.15384615384616,0
per_huruf_hybrid_skeleton_forced_loop_no_sig,5,1784,0.33104472072740765,127.00273099681384,85.07692307692308,127.00273099681384,85.07692307692308,0
per_huruf_hybrid_skeleton_forced_loop_no_sig,5,1785,0.3312302839116719,127.0,85.0,127.0,85.0,0
per_huruf_hybrid_skeleton_forced_loop_no_sig,5,1786,0.33141584709593613,127.00000000000001,84.92307692307693,127.00000000000001,84.92307692307693,0
per_huruf_hybrid_skeleton_forced_loop_no_sig,5,1787,0.3316014102802004,127.00000000000001,84.84615384615384,127.00000000000001,84.84615384615384,0
per_huruf_hybrid_skeleton_forced_loop_no_sig,5,1788,0.3317869734644646,126.99999999999999,84.76923076923076,126.99999999999999,84.76923076923076,0
per_huruf_hybrid_skeleton_forced_loop_no_sig,5,1789,0.3319725366487289,126.99999999999999,84.6923076923077,126.99999999999999,84.6923076923077,0
per_huruf_hybrid_skeleton_forced_loop_no_sig,5,1790,0.3321580998329931,127.00000000000003,84.61538461538463,127.00000000000003,84.61538461538463,0
per_huruf_hybrid_skeleton_forced_loop_no_sig,5,1791,0.3323436630172574,127.00000000000001,84.53846153846156,127.00000000000001,84.53846153846156,0
per_huruf_hybrid_skeleton_forced_loop_no_sig,5,1792,0.3325292262015216,127.0,84.46153846153847,127.0,84.46153846153847,0
per_huruf_hybrid_skeleton_forced_loop_no_sig,5,1793,0.33271478938578586,127.0,84.38461538461539,127.0,84.38461538461539,0
per_huruf_hybrid_skeleton_forced_loop_no_sig,5,1794,0.3329003525700501,127.0,84.3076923076923,127.0,84.3076923076923,0
per_huruf_hybrid_skeleton_forced_loop_no_sig,5,1795,0.33308591575431434,127.0,84.23076923076923,127.0,84.23076923076923,0
per_huruf_hybrid_skeleton_forced_loop_no_sig,5,1796,0.33327147893857856,127.0,84.15384615384616,127.0,84.15384615384616,0
per_huruf_hybrid_skeleton_forced_loop_no_sig,5,1797,0.33345704212284283,127.0,84.07692307692307,127.0,84.07692307692307,0
per_huruf_hybrid_skeleton_forced_loop_no_sig,5,1798,0.33364260530710704,127.0,84.0,127.0,84.0,0
per_huruf_hybrid_skeleton_forced_loop_no_sig,5,1799,0.3338281684913713,127.00000000000001,83.92307692307692,127.00000000000001,83.92307692307692,0
per_huruf_hybrid_skeleton_forced_loop_no_sig,5,1800,0.33401373167563553,127.00000000000001,83.84615384615384,127.00000000000001,83.84615384615384,0
per_huruf_hybrid_skeleton_forced_loop_no_sig,5,1801,0.3341992948598998,126.99999999999999,83.76923076923077,126.99999999999999,83.76923076923077,0
per_huruf_hybrid_skeleton_forced_loop_no_sig,5,1802,0.334384858044164,126.99999999999999,83.69230769230768,126.99999999999999,83.69230769230768,0
per_huruf_hybrid_skeleton_forced_loop_no_sig,5,1803,0.3345704212284283,127.00000000000003,83.61538461538463,127.00000000000003,83.61538461538463,0
per_huruf_hybrid_skeleton_forced_loop_no_sig,5,1804,0.3347559844126925,127.00000000000001,83.53846153846155,127.00000000000001,83.53846153846155,0
per_huruf_hybrid_skeleton_forced_loop_no_sig,5,1805,0.33494154759695677,127.0,83.46153846153845,127.0,83.46153846153845,0
per_huruf_hybrid_skeleton_forced_loop_no_sig,5,1806,0.335127110781221,127.0,83.38461538461539,127.0,83.38461538461539,0
per_huruf_hybrid_skeleton_forced_loop_no_sig,5,1807,0.33531267396548525,127.0,83.3076923076923,127.0,83.3076923076923,0
per_huruf_hybrid_skeleton_forced_loop_no_sig,5,1808,0.33549823714974947,127.0,83.23076923076923,127.0,83.23076923076923,0
per_huruf_hybrid_skeleton_forced_loop_no_sig,5,1809,0.33568380033401374,127.0,83.15384615384616,127.0,83.15384615384616,0
per_huruf_hybrid_skeleton_forced_loop_no_sig,5,1810,0.33586936351827795,127.0,83.07692307692308,127.0,83.07692307692308,0
per_huruf_hybrid_skeleton_forced_loop_no_sig,5,1811,0.3360549267025422,127.0,83.0,127.0,83.0,0
per_huruf_hybrid_skeleton_forced_loop_no_sig,5,1812,0.33624048988680644,126.99726900318618,82.92307692307695,126.99726900318618,82.92307692307695,0
per_huruf_hybrid_skeleton_forced_loop_no_sig,5,1813,0.3364260530710707,126.98998634501595,82.84615384615385,126.98998634501595,82.84615384615385,0
per_huruf_hybrid_skeleton_forced_loop_no_sig,5,1814,0.3366116162553349,126.9795175238962,82.76923076923077,126.9795175238962,82.76923076923077,0
per_huruf_hybrid_skeleton_forced_loop_no_sig,5,1815,0.3367971794395992,126.96722803823393,82.69230769230768,126.96722803823393,82.69230769230768,0
per_huruf_hybrid_skeleton_forced_loop_no_sig,5,1816,0.3369827426238634,126.95448338643607,82.61538461538463,126.95448338643607,82.61538461538463,0
per_huruf_hybrid_skeleton_forced_loop_no_sig,5,1817,0.3371683058081277,126.94264906690942,82.53846153846155,126.94264906690942,82.53846153846155,0
per_huruf_hybrid_skeleton_forced_loop_no_sig,5,1818,0.3373538689923919,126.93309057806098,82.46153846153847,126.93309057806098,82.46153846153847,0
per_huruf_hybrid_skeleton_forced_loop_no_sig,5,1819,0.33753943217665616,126.92717341829767,82.38461538461539,126.92717341829767,82.38461538461539,0
per_huruf_hybrid_skeleton_forced_loop_no_sig,5,1820,0.3377249953609204,126.9262630860264,82.3076923076923,126.9262630860264,82.3076923076923,0
per_huruf_hybrid_skeleton_forced_loop_no_sig,5,1821,0.3379105585451846,126.93172507965406,82.23076923076923,126.93172507965406,82.23076923076923,0
per_huruf_hybrid_skeleton_forced_loop_no_sig,5,1822,0.33809612172944886,126.94492489758761,82.15384615384616,126.94492489758761,82.15384615384616,0
per_huruf_hybrid_skeleton_forced_loop_no_sig,5,1823,0.3382816849137131,126.96722803823396,82.07692307692307,126.96722803823396,82.07692307692307,0
per_huruf_hybrid_skeleton_forced_loop_no_sig,5,1824,0.33846724809797735,127.0,82.0,127.0,82.0,0
per_huruf_hybrid_skeleton_forced_loop_no_sig,5,1825,0.33865281128224156,127.0468821119709,81.92307692307692,127.0468821119709,81.92307692307692,0
per_huruf_hybrid_skeleton_forced_loop_no_sig,5,1826,0.33883837446650583,127.10878470641785,81.84615384615385,127.10878470641785,81.84615384615385,0
per_huruf_hybrid_skeleton_forced_loop_no_sig,5,1827,0.33902393765077005,127.18297678652708,81.76923076923075,127.18297678652708,81.76923076923075,0
per_huruf_hybrid_skeleton_forced_loop_no_sig,5,1828,0.3392095008350343,127.26672735548475,81.69230769230768,127.26672735548475,81.69230769230768,0
per_huruf_hybrid_skeleton_forced_loop_no_sig,5,1829,0.33939506401929853,127.35730541647703,81.61538461538463,127.35730541647703,81.61538461538463,0
per_huruf_hybrid_skeleton_forced_loop_no_sig,5,1830,0.3395806272035628,127.45197997269003,81.53846153846155,127.45197997269003,81.53846153846155,0
per_huruf_hybrid_skeleton_forced_loop_no_sig,5,1831,0.339766190387827,127.54802002730996,81.46153846153845,127.54802002730996,81.46153846153845,0
per_huruf_hybrid_skeleton_forced_loop_no_sig,5,1832,0.3399517535720913,127.64269458352298,81.38461538461539,127.64269458352298,81.38461538461539,0
per_huruf_hybrid_skeleton_forced_loop_no_sig,5,1833,0.3401373167563555,127.73327264451524,81.3076923076923,127.73327264451524,81.3076923076923,0
per_huruf_hybrid_skeleton_forced_loop_no_sig,5,1834,0.34032287994061977,127.81702321347291,81.23076923076923,127.81702321347291,81.23076923076923,0
per_huruf_hybrid_skeleton_forced_loop_no_sig,5,1835,0.340508443124884,127.89121529358216,81.15384615384616,127.89121529358216,81.15384615384616,0
per_huruf_hybrid_skeleton_forced_loop_no_sig,5,1836,0.34069400630914826,127.95311788802913,81.07692307692308,127.95311788802913,81.07692307692308,0
per_huruf_hybrid_skeleton_forced_loop_no_sig,5,1837,0.34087956949341247,128.0,81.0,128.0,81.0,0
per_huruf_hybrid_skeleton_forced_loop_no_sig,5,1838,0.34106513267767674,128.0355029585799,80.92307692307693,128.0355029585799,80.92307692307693,0
per_huruf_hybrid_skeleton_forced_loop_no_sig,5,1839,0.34125069586194096,128.06508875739647,80.84615384615385,128.06508875739647,80.84615384615385,0
per_huruf_hybrid_skeleton_forced_loop_no_sig,5,1840,0.3414362590462052,128.08875739644967,80.76923076923075,128.08875739644967,80.76923076923075,0
per_huruf_hybrid_skeleton_forced_loop_no_sig,5,1841,0.34162182223046944,128.10650887573962,80.6923076923077,128.10650887573962,80.6923076923077,0
per_huruf_hybrid_skeleton_forced_loop_no_sig,5,1842,0.3418073854147337,128.11834319526628,80.61538461538463,128.11834319526628,80.61538461538463,0
per_huruf_hybrid_skeleton_forced_loop_no_sig,5,1843,0.3419929485989979,128.12426035502958,80.53846153846155,128.12426035502958,80.53846153846155,0
per_huruf_hybrid_skeleton_forced_loop_no_sig,5,1844,0.3421785117832622,128.12426035502958,80.46153846153845,128.12426035502958,80.46153846153845,0
per_huruf_hybrid_skeleton_forced_loop_no_sig,5,1845,0.3423640749675264,128.11834319526628,80.38461538461539,128.11834319526628,80.38461538461539,0
per_huruf_hybrid_skeleton_forced_loop_no_sig,5,1846,0.3425496381517907,128.10650887573962,80.30769230769229,128.10650887573962,80.30769230769229,0
per_huruf_hybrid_skeleton_forced_loop_no_sig,5,1847,0.3427352013360549,128.0887573964497,80.23076923076923,128.0887573964497,80.23076923076923,0
per_huruf_hybrid_skeleton_forced_loop_no_sig,5,1848,0.34292076452031917,128.06508875739644,80.15384615384616,128.06508875739644,80.15384615384616,0
per_huruf_hybrid_skeleton_forced_loop_no_sig,5,1849,0.3431063277045834,128.03550295857988,80.07692307692308,128.03550295857988,80.07692307692308,0
per_huruf_hybrid_skeleton_forced_loop_no_sig,5,1850,0.34329189088884765,128.0,80.0,128.0,80.0,0
per_huruf_hybrid_skeleton_forced_loop_no_sig,5,1851,0.34347745407311187,127.95311788802914,79.92307692307695,127.95311788802914,79.92307692307695,0
per_huruf_hybrid_skeleton_forced_loop_no_sig,5,1852,0.34366301725737614,127.89121529358216,79.84615384615385,127.89121529358216,79.84615384615385,0
per_huruf_hybrid_skeleton_forced_loop_no_sig,5,1853,0.34384858044164035,127.81702321347291,79.76923076923076,127.81702321347291,79.76923076923076,0
per_huruf_hybrid_skeleton_forced_loop_no_sig,5,1854,0.3440341436259046,127.73327264451524,79.6923076923077,127.73327264451524,79.6923076923077,0
per_huruf_hybrid_skeleton_forced_loop_no_sig,5,1855,0.34421970681016884,127.64269458352301,79.61538461538463,127.64269458352301,79.61538461538463,0
per_huruf_hybrid_skeleton_forced_loop_no_sig,5,1856,0.3444052699944331,127.54802002730997,79.53846153846155,127.54802002730997,79.53846153846155,0
per_huruf_hybrid_skeleton_forced_loop_no_sig,5,1857,0.3445908331786973,127.45197997269003,79.46153846153847,127.45197997269003,79.46153846153847,0
per_huruf_hybrid_skeleton_forced_loop_no_sig,5,1858,0.3447763963629616,127.35730541647702,79.38461538461539,127.35730541647702,79.38461538461539,0
per_huruf_hybrid_skeleton_forced_loop_no_sig,5,1859,0.3449619595472258,127.26672735548475,79.3076923076923,127.26672735548475,79.3076923076923,0
per_huruf_hybrid_skeleton_forced_loop_no_sig,5,1860,0.3451475227314901,127.18297678652706,79.23076923076923,127.18297678652706,79.23076923076923,0
per_huruf_hybrid_skeleton_forced_loop_no_sig,5,1861,0.3453330859157543,127.10878470641785,79.15384615384616,127.10878470641785,79.15384615384616,0
per_huruf_hybrid_skeleton_forced_loop_no_sig,5,1862,0.34551864910001856,127.04688211197087,79.07692307692308,127.04688211197087,79.07692307692308,0
per_huruf_hybrid_skeleton_forced_loop_no_sig,5,1863,0.3457042122842828,127.0,79.0,127.0,79.0,0
per_huruf_hybrid_skeleton_forced_loop_no_sig,5,1864,0.34588977546854704,126.96449704142013,78.92307692307693,126.96449704142013,78.92307692307693,0
per_huruf_hybrid_skeleton_forced_loop_no_sig,5,1865,0.34607533865281126,126.93491124260356,78.84615384615385,126.93491124260356,78.84615384615385,0
per_huruf_hybrid_skeleton_forced_loop_no_sig,5,1866,0.34626090183707553,126.91124260355029,78.76923076923076,126.91124260355029,78.76923076923076,0
per_huruf_hybrid_skeleton_forced_loop_no_sig,5,1867,0.34644646502133974,126.89349112426034,78.69230769230768,126.89349112426034,78.69230769230768,0
per_huruf_hybrid_skeleton_forced_loop_no_sig,5,1868,0.346632028205604,126.88165680473374,78.61538461538463,126.88165680473374,78.61538461538463,0
per_huruf_hybrid_skeleton_forced_loop_no_sig,5,1869,0.34681759138986823,126.87573964497044,78.53846153846155,126.87573964497044,78.53846153846155,0
per_huruf_hybrid_skeleton_forced_loop_no_sig,5,1870,0.3470031545741325,126.87573964497042,78.46153846153845,126.87573964497042,78.46153846153845,0
per_huruf_hybrid_skeleton_forced_loop_no_sig,5,1871,0.3471887177583967,126.88165680473372,78.38461538461539,126.88165680473372,78.38461538461539,0
per_huruf_hybrid_skeleton_forced_loop_no_sig,5,1872,0.347374280942661,126.89349112426035,78.30769230769229,126.89349112426035,78.30769230769229,0
per_huruf_hybrid_skeleton_forced_loop_no_sig,5,1873,0.3475598441269252,126.91124260355028,78.23076923076923,126.91124260355028,78.23076923076923,0
per_huruf_hybrid_skeleton_forced_loop_no_sig,5,1874,0.34774540731118947,126.93491124260355,78.15384615384616,126.93491124260355,78.15384615384616,0
per_huruf_hybrid_skeleton_forced_loop_no_sig,5,1875,0.3479309704954537,126.96449704142012,78.07692307692308,126.96449704142012,78.07692307692308,0
per_huruf_hybrid_skeleton_forced_loop_no_sig,5,1876,0.34811653367971795,127.0,78.0,127.0,78.0,0
per_huruf_hybrid_skeleton_forced_loop_no_sig,5,1877,0.34830209686398217,127.04415111515706,77.92307692307695,127.04415111515706,77.92307692307695,0
per_huruf_hybrid_skeleton_forced_loop_no_sig,5,1878,0.3484876600482464,127.09877105143379,77.84615384615385,127.09877105143379,77.84615384615385,0
per_huruf_hybrid_skeleton_forced_loop_no_sig,5,1879,0.34867322323251065,127.1624943104233,77.76923076923076,127.1624943104233,77.76923076923076,0
per_huruf_hybrid_skeleton_forced_loop_no_sig,5,1880,0.34885878641677487,127.23395539371869,77.69230769230768,127.23395539371869,77.69230769230768,0
per_huruf_hybrid_skeleton_forced_loop_no_sig,5,1881,0.34904434960103914,127.31178880291307,77.61538461538463,127.31178880291307,77.61538461538463,0
per_huruf_hybrid_skeleton_forced_loop_no_sig,5,1882,0.34922991278530335,127.39462903959947,77.53846153846155,127.39462903959947,77.53846153846155,0
per_huruf_hybrid_skeleton_forced_loop_no_sig,5,1883,0.3494154759695676,127.48111060537097,77.46153846153847,127.48111060537097,77.46153846153847,0
per_huruf_hybrid_skeleton_forced_loop_no_sig,5,1884,0.34960103915383184,127.56986800182067,77.38461538461539,127.56986800182067,77.38461538461539,0
per_huruf_hybrid_skeleton_forced_loop_no_sig,5,1885,0.3497866023380961,127.65953573054165,77.3076923076923,127.65953573054165,77.3076923076923,0
per_huruf_hybrid_skeleton_forced_loop_no_sig,5,1886,0.3499721655223603,127.74874829312698,77.23076923076923,127.74874829312698,77.23076923076923,0
per_huruf_hybrid_skeleton_forced_loop_no_sig,5,1887,0.3501577287066246,127.83614019116978,77.15384615384616,127.83614019116978,77.15384615384616,0
per_huruf_hybrid_skeleton_forced_loop_no_sig,5,1888,0.3503432918908888,127.92034592626308,77.07692307692307,127.92034592626308,77.07692307692307,0
per_huruf_hybrid_skeleton_forced_loop_no_sig,5,1889,0.3505288550751531,128.0,77.0,128.0,77.0,0
per_huruf_hybrid_skeleton_forced_loop_no_sig,5,1890,0.3507144182594173,128.0769230769231,76.92034592626311,128.0769230769231,76.92034592626311,0
per_huruf_hybrid_skeleton_forced_loop_no_sig,5,1891,0.35089998144368156,128.15384615384616,76.83614019116979,128.15384615384616,76.83614019116979,0
per_huruf_hybrid_skeleton_forced_loop_no_sig,5,1892,0.3510855446279458,128.23076923076923,76.748748293127,128.23076923076923,76.748748293127,0
per_huruf_hybrid_skeleton_forced_loop_no_sig,5,1893,0.35127110781221005,128.3076923076923,76.65953573054165,128.3076923076923,76.65953573054165,0
per_huruf_hybrid_skeleton_forced_loop_no_sig,5,1894,0.35145667099647426,128.3846153846154,76.56986800182068,128.3846153846154,76.56986800182068,0
per_huruf_hybrid_skeleton_forced_loop_no_sig,5,1895,0.35164223418073853,128.46153846153845,76.48111060537097,128.46153846153845,76.48111060537097,0
per_huruf_hybrid_skeleton_forced_loop_no_sig,5,1896,0.35182779736500275,128.53846153846152,76.39462903959945,128.53846153846152,76.39462903959945,0
per_huruf_hybrid_skeleton_forced_loop_no_sig,5,1897,0.352013360549267,128.6153846153846,76.31178880291307,128.6153846153846,76.31178880291307,0
per_huruf_hybrid_skeleton_forced_loop_no_sig,5,1898,0.35219892373353123,128.69230769230768,76.2339553937187,128.69230769230768,76.2339553937187,0
per_huruf_hybrid_skeleton_forced_loop_no_sig,5,1899,0.3523844869177955,128.76923076923075,76.16249431042331,128.76923076923075,76.16249431042331,0
per_huruf_hybrid_skeleton_forced_loop_no_sig,5,1900,0.3525700501020597,128.84615384615384,76.09877105143377,128.84615384615384,76.09877105143377,0
per_huruf_hybrid_skeleton_forced_loop_no_sig,5,1901,0.352755613286324,128.9230769230769,76.04415111515704,128.9230769230769,76.04415111515704,0
per_huruf_hybrid_skeleton_forced_loop_no_sig,5,1902,0.3529411764705882,129.0,76.0,129.0,76.0,0
per_huruf_hybrid_skeleton_forced_loop_no_sig,5,1903,0.3531267396548525,129.0769230769231,75.96722803823397,129.0769230769231,75.96722803823397,0
per_huruf_hybrid_skeleton_forced_loop_no_sig,5,1904,0.3533123028391167,129.15384615384616,75.94492489758763,129.15384615384616,75.94492489758763,0
per_huruf_hybrid_skeleton_forced_loop_no_sig,5,1905,0.35349786602338096,129.23076923076923,75.93172507965406,129.23076923076923,75.93172507965406,0
per_huruf_hybrid_skeleton_forced_loop_no_sig,5,1906,0.3536834292076452,129.3076923076923,75.9262630860264,129.3076923076923,75.9262630860264,0
per_huruf_hybrid_skeleton_forced_loop_no_sig,5,1907,0.35386899239190944,129.38461538461542,75.9271734182977,129.38461538461542,75.9271734182977,0
per_huruf_hybrid_skeleton_forced_loop_no_sig,5,1908,0.35405455557617366,129.46153846153848,75.933090578061,129.46153846153848,75.933090578061,0
per_huruf_hybrid_skeleton_forced_loop_no_sig,5,1909,0.3542401187604379,129.53846153846155,75.94264906690942,129.53846153846155,75.94264906690942,0
per_huruf_hybrid_skeleton_forced_loop_no_sig,5,1910,0.35442568194470214,129.6153846153846,75.95448338643604,129.6153846153846,75.95448338643604,0
per_huruf_hybrid_skeleton_forced_loop_no_sig,5,1911,0.3546112451289664,129.69230769230768,75.96722803823396,129.69230769230768,75.96722803823396,0
per_huruf_hybrid_skeleton_forced_loop_no_sig,5,1912,0.3547968083132306,129.76923076923077,75.97951752389622,129.76923076923077,75.97951752389622,0
per_huruf_hybrid_skeleton_forced_loop_no_sig,5,1913,0.3549823714974949,129.84615384615387,75.98998634501592,129.84615384615387,75.98998634501592,0
per_huruf_hybrid_skeleton_forced_loop_no_sig,5,1914,0.3551679346817591,129.9230769230769,75.99726900318616,129.9230769230769,75.99726900318616,0
per_huruf_hybrid_skeleton_forced_loop_no_sig,5,1915,0.3553534978660234,130.0,76.0,130.0,76.0,0
per_huruf_hybrid_skeleton_forced_loop_no_sig,5,1916,0.3555390610502876,130.0769230769231,76.00273099681385,130.0769230769231,76.00273099681385,0
per_huruf_hybrid_skeleton_forced_loop_no_sig,5,1917,0.35572462423455187,130.15384615384616,76.01001365498408,130.15384615384616,76.01001365498408,0
per_huruf_hybrid_skeleton_forced_loop_no_sig,5,1918,0.3559101874188161,130.23076923076923,76.02048247610378,130.23076923076923,76.02048247610378,0
per_huruf_hybrid_skeleton_forced_loop_no_sig,5,1919,0.35609575060308035,130.3076923076923,76.03277196176604,130.3076923076923,76.03277196176604,0
per_huruf_hybrid_skeleton_forced_loop_no_sig,5,1920,0.35628131378734457,130.3846153846154,76.04551661356396,130.3846153846154,76.04551661356396,0
per_huruf_hybrid_skeleton_forced_loop_no_sig,5,1921,0.35646687697160884,130.46153846153845,76.05735093309059,130.46153846153845,76.05735093309059,0
per_huruf_hybrid_skeleton_forced_loop_no_sig,5,1922,0.35665244015587305,130.53846153846155,76.066909421939,130.53846153846155,76.066909421939,0
per_huruf_hybrid_skeleton_forced_loop_no_sig,5,1923,0.3568380033401373,130.6153846153846,76.07282658170232,130.6153846153846,76.07282658170232,0
per_huruf_hybrid_skeleton_forced_loop_no_sig,5,1924,0.35702356652440154,130.69230769230768,76.0737369139736,130.69230769230768,76.0737369139736,0
per_huruf_hybrid_skeleton_forced_loop_no_sig,5,1925,0.3572091297086658,130.76923076923075,76.06827492034593,130.76923076923075,76.06827492034593,0
per_huruf_hybrid_skeleton_forced_loop_no_sig,5,1926,0.35739469289293,130.84615384615384,76.05507510241239,130.84615384615384,76.05507510241239,0
per_huruf_hybrid_skeleton_forced_loop_no_sig,5,1927,0.3575802560771943,130.9230769230769,76.03277196176604,130.9230769230769,76.03277196176604,0
per_huruf_hybrid_skeleton_forced_loop_no_sig,5,1928,0.3577658192614585,131.0,76.0,131.0,76.0,0
per_huruf_hybrid_skeleton_forced_loop_no_sig,5,1929,0.3579513824457228,131.07692307692307,75.95311788802914,131.07692307692307,75.95311788802914,0
per_huruf_hybrid_skeleton_forced_loop_no_sig,5,1930,0.358136945629987,131.1538461538462,75.89121529358215,131.1538461538462,75.89121529358215,0
per_huruf_hybrid_skeleton_forced_loop_no_sig,5,1931,0.35832250881425126,131.23076923076923,75.81702321347291,131.23076923076923,75.81702321347291,0
per_huruf_hybrid_skeleton_forced_loop_no_sig,5,1932,0.3585080719985155,131.30769230769232,75.73327264451524,131.30769230769232,75.73327264451524,0
per_huruf_hybrid_skeleton_forced_loop_no_sig,5,1933,0.35869363518277975,131.3846153846154,75.642694583523,131.3846153846154,75.642694583523,0
per_huruf_hybrid_skeleton_forced_loop_no_sig,5,1934,0.35887919836704396,131.46153846153848,75.54802002730997,131.46153846153848,75.54802002730997,0
per_huruf_hybrid_skeleton_forced_loop_no_sig,5,1935,0.3590647615513082,131.53846153846155,75.45197997269003,131.53846153846155,75.45197997269003,0
per_huruf_hybrid_skeleton_forced_loop_no_sig,5,1936,0.35925032473557245,131.6153846153846,75.35730541647703,131.6153846153846,75.35730541647703,0
per_huruf_hybrid_skeleton_forced_loop_no_sig,5,1937,0.35943588791983666,131.69230769230768,75.26672735548475,131.69230769230768,75.26672735548475,0
per_huruf_hybrid_skeleton_forced_loop_no_sig,5,1938,0.35962145110410093,131.76923076923077,75.18297678652708,131.76923076923077,75.18297678652708,0
per_huruf_hybrid_skeleton_forced_loop_no_sig,5,1939,0.35980701428836515,131.84615384615384,75.10878470641785,131.84615384615384,75.10878470641785,0
per_huruf_hybrid_skeleton_forced_loop_no_sig,5,1940,0.3599925774726294,131.9230769230769,75.04688211197086,131.9230769230769,75.04688211197086,0
per_huruf_hybrid_skeleton_forced_loop_no_sig,5,1941,0.36017814065689363,132.0,75.0,132.0,75.0,0
per_huruf_hybrid_skeleton_forced_loop_no_sig,5,1942,0.3603637038411579,132.0769230769231,74.96722803823397,132.0769230769231,74.96722803823397,0
per_huruf_hybrid_skeleton_forced_loop_no_sig,5,1943,0.3605492670254221,132.15384615384616,74.94492489758763,132.15384615384616,74.94492489758763,0
per_huruf_hybrid_skeleton_forced_loop_no_sig,5,1944,0.3607348302096864,132.2307692307692,74.93172507965407,132.2307692307692,74.93172507965407,0
per_huruf_hybrid_skeleton_forced_loop_no_sig,5,1945,0.3609203933939506,132.3076923076923,74.92626308602638,132.3076923076923,74.92626308602638,0
per_huruf_hybrid_skeleton_forced_loop_no_sig,5,1946,0.36110595657821487,132.38461538461542,74.9271734182977,132.38461538461542,74.9271734182977,0
per_huruf_hybrid_skeleton_forced_loop_no_sig,5,1947,0.3612915197624791,132.46153846153845,74.93309057806098,132.46153846153845,74.93309057806098,0
per_huruf_hybrid_skeleton_forced_loop_no_sig,5,1948,0.36147708294674336,132.53846153846155,74.94264906690942,132.53846153846155,74.94264906690942,0
per_huruf_hybrid_skeleton_forced_loop_no_sig,5,1949,0.36166264613100757,132.6153846153846,74.95448338643604,132.6153846153846,74.95448338643604,0
per_huruf_hybrid_skeleton_forced_loop_no_sig,5,1950,0.36184820931527184,132.69230769230768,74.96722803823396,132.69230769230768,74.96722803823396,0
per_huruf_hybrid_skeleton_forced_loop_no_sig,5,1951,0.36203377249953606,132.76923076923075,74.97951752389622,132.76923076923075,74.97951752389622,0
per_huruf_hybrid_skeleton_forced_loop_no_sig,5,1952,0.3622193356838003,132.84615384615387,74.98998634501592,132.84615384615387,74.98998634501592,0
per_huruf_hybrid_skeleton_forced_loop_no_sig,5,1953,0.36240489886806454,132.9230769230769,74.99726900318616,132.9230769230769,74.99726900318616,0
per_huruf_hybrid_skeleton_forced_loop_no_sig,5,1954,0.3625904620523288,133.0,75.0,133.0,75.0,0
per_huruf_hybrid_skeleton_forced_loop_no_sig,5,1955,0.362776025236593,133.0769230769231,75.00000000000001,133.0769230769231,75.00000000000001,0
per_huruf_hybrid_skeleton_forced_loop_no_sig,5,1956,0.3629615884208573,133.15384615384616,75.0,133.15384615384616,75.0,0
per_huruf_hybrid_skeleton_forced_loop_no_sig,5,1957,0.3631471516051215,133.2307692307692,75.0,133.2307692307692,75.0,0
per_huruf_hybrid_skeleton_forced_loop_no_sig,5,1958,0.3633327147893858,133.3076923076923,74.99999999999999,133.3076923076923,74.99999999999999,0
per_huruf_hybrid_skeleton_forced_loop_no_sig,5,1959,0.36351827797365,133.38461538461542,75.00000000000001,133.38461538461542,75.00000000000001,0
per_huruf_hybrid_skeleton_forced_loop_no_sig,5,1960,0.36370384115791426,133.46153846153848,75.0,133.46153846153848,75.0,0
per_huruf_hybrid_skeleton_forced_loop_no_sig,5,1961,0.3638894043421785,133.53846153846155,75.0,133.53846153846155,75.0,0
per_huruf_hybrid_skeleton_forced_loop_no_sig,5,1962,0.36407496752644275,133.6153846153846,75.0,133.6153846153846,75.0,0
per_huruf_hybrid_skeleton_forced_loop_no_sig,5,1963,0.36426053071070696,133.69230769230768,75.0,133.69230769230768,75.0,0
per_huruf_hybrid_skeleton_forced_loop_no_sig,5,1964,0.36444609389497123,133.76923076923077,75.0,133.76923076923077,75.0,0
per_huruf_hybrid_skeleton_forced_loop_no_sig,5,1965,0.36463165707923545,133.84615384615384,75.0,133.84615384615384,75.0,0
per_huruf_hybrid_skeleton_forced_loop_no_sig,5,1966,0.3648172202634997,133.9230769230769,75.0,133.9230769230769,75.0,0
per_huruf_hybrid_skeleton_forced_loop_no_sig,5,1967,0.36500278344776393,134.0,75.0,134.0,75.0,0
per_huruf_hybrid_skeleton_forced_loop_no_sig,5,1968,0.3651883466320282,134.07692307692312,75.00000000000001,134.07692307692312,75.00000000000001,0
per_huruf_hybrid_skeleton_forced_loop_no_sig,5,1969,0.3653739098162924,134.15384615384616,75.0,134.15384615384616,75.0,0
per_huruf_hybrid_skeleton_forced_loop_no_sig,5,1970,0.3655594730005567,134.2307692307692,75.0,134.2307692307692,75.0,0
per_huruf_hybrid_skeleton_forced_loop_no_sig,5,1971,0.3657450361848209,134.3076923076923,74.99999999999999,134.3076923076923,74.99999999999999,0
per_huruf_hybrid_skeleton_forced_loop_no_sig,5,1972,0.3659305993690852,134.38461538461542,75.00000000000001,134.38461538461542,75.00000000000001,0
per_huruf_hybrid_skeleton_forced_loop_no_sig,5,1973,0.3661161625533494,134.46153846153845,75.0,134.46153846153845,75.0,0
per_huruf_hybrid_skeleton_forced_loop_no_sig,5,1974,0.36630172573761366,134.53846153846155,75.0,134.53846153846155,75.0,0
per_huruf_hybrid_skeleton_forced_loop_no_sig,5,1975,0.3664872889218779,134.6153846153846,75.0,134.6153846153846,75.0,0
per_huruf_hybrid_skeleton_forced_loop_no_sig,5,1976,0.36667285210614214,134.69230769230768,75.0,134.69230769230768,75.0,0
per_huruf_hybrid_skeleton_forced_loop_no_sig,5,1977,0.36685841529040636,134.76923076923075,75.0,134.76923076923075,75.0,0
per_huruf_hybrid_skeleton_forced_loop_no_sig,5,1978,0.36704397847467063,134.84615384615384,75.0,134.84615384615384,75.0,0
per_huruf_hybrid_skeleton_forced_loop_no_sig,5,1979,0.36722954165893484,134.9230769230769,75.0,134.9230769230769,75.0,0
per_huruf_hybrid_skeleton_forced_loop_no_sig,5,1980,0.3674151048431991,135.0,75.0,135.0,75.0,0
per_huruf_hybrid_skeleton_forced_loop_no_sig,5,1981,0.36760066802746333,135.07692307692307,75.00273099681385,135.07692307692307,75.00273099681385,0
per_huruf_hybrid_skeleton_forced_loop_no_sig,5,1982,0.3677862312117276,135.15384615384616,75.01001365498406,135.15384615384616,75.01001365498406,0
per_huruf_hybrid_skeleton_forced_loop_no_sig,5,1983,0.3679717943959918,135.23076923076923,75.02048247610378,135.23076923076923,75.02048247610378,0
per_huruf_hybrid_skeleton_forced_loop_no_sig,5,1984,0.3681573575802561,135.3076923076923,75.03277196176603,135.3076923076923,75.03277196176603,0
per_huruf_hybrid_skeleton_forced_loop_no_sig,5,1985,0.3683429207645203,135.38461538461542,75.04551661356396,135.38461538461542,75.04551661356396,0
per_huruf_hybrid_skeleton_forced_loop_no_sig,5,1986,0.36852848394878457,135.46153846153848,75.05735093309059,135.46153846153848,75.05735093309059,0
per_huruf_hybrid_skeleton_forced_loop_no_sig,5,1987,0.3687140471330488,135.53846153846155,75.06690942193902,135.53846153846155,75.06690942193902,0
per_huruf_hybrid_skeleton_forced_loop_no_sig,5,1988,0.36889961031731305,135.6153846153846,75.07282658170233,135.6153846153846,75.07282658170233,0
per_huruf_hybrid_skeleton_forced_loop_no_sig,5,1989,0.36908517350157727,135.69230769230768,75.0737369139736,135.69230769230768,75.0737369139736,0
per_huruf_hybrid_skeleton_forced_loop_no_sig,5,1990,0.36927073668584154,135.76923076923077,75.06827492034591,135.76923076923077,75.06827492034591,0
per_huruf_hybrid_skeleton_forced_loop_no_sig,5,1991,0.36945629987010575,135.84615384615387,75.05507510241239,135.84615384615387,75.05507510241239,0
per_huruf_hybrid_skeleton_forced_loop_no_sig,5,1992,0.36964186305436997,135.9230769230769,75.03277196176604,135.9230769230769,75.03277196176604,0
per_huruf_hybrid_skeleton_forced_loop_no_sig,5,1993,0.36982742623863424,136.0,75.0,136.0,75.0,0
per_huruf_hybrid_skeleton_forced_loop_no_sig,5,1994,0.37001298942289845,136.0769230769231,74.95311788802914,136.0769230769231,74.95311788802914,0
per_huruf_hybrid_skeleton_forced_loop_no_sig,5,1995,0.3701985526071627,136.15384615384616,74.89121529358216,136.15384615384616,74.89121529358216,0
per_huruf_hybrid_skeleton_forced_loop_no_sig,5,1996,0.37038411579142694,136.23076923076923,74.81702321347292,136.23076923076923,74.81702321347292,0
per_huruf_hybrid_skeleton_forced_loop_no_sig,5,1997,0.3705696789756912,136.30769230769232,74.73327264451524,136.30769230769232,74.73327264451524,0
per_huruf_hybrid_skeleton_forced_loop_no_sig,5,1998,0.3707552421599554,136.38461538461542,74.642694583523,136.38461538461542,74.642694583523,0
per_huruf_hybrid_skeleton_forced_loop_no_sig,5,1999,0.3709408053442197,136.46153846153848,74.54802002730997,136.46153846153848,74.54802002730997,0
per_huruf_hybrid_skeleton_forced_loop_no_sig,5,2000,0.3711263685284839,136.53846153846155,74.45197997269004,136.53846153846155,74.45197997269004,0
per_huruf_hybrid_skeleton_forced_loop_no_sig,5,2001,0.3713119317127482,136.6153846153846,74.35730541647702,136.6153846153846,74.35730541647702,0
per_huruf_hybrid_skeleton_forced_loop_no_sig,5,2002,0.3714974948970124,136.69230769230768,74.26672735548476,136.69230769230768,74.26672735548476,0
per_huruf_hybrid_skeleton_forced_loop_no_sig,5,2003,0.37168305808127666,136.76923076923075,74.18297678652708,136.76923076923075,74.18297678652708,0
per_huruf_hybrid_skeleton_forced_loop_no_sig,5,2004,0.3718686212655409,136.84615384615387,74.10878470641785,136.84615384615387,74.10878470641785,0
per_huruf_hybrid_skeleton_forced_loop_no_sig,5,2005,0.37205418444980515,136.9230769230769,74.04688211197087,136.9230769230769,74.04688211197087,0
per_huruf_hybrid_skeleton_forced_loop_no_sig,5,2006,0.37223974763406936,137.0,74.0,137.0,74.0,0
per_huruf_hybrid_skeleton_forced_loop_no_sig,5,2007,0.37242531081833363,137.0769230769231,73.9699590350478,137.0769230769231,73.9699590350478,0
per_huruf_hybrid_skeleton_forced_loop_no_sig,5,2008,0.37261087400259785,137.15384615384616,73.95493855257169,137.15384615384616,73.95493855257169,0
per_huruf_hybrid_skeleton_forced_loop_no_sig,5,2009,0.3727964371868621,137.23076923076923,73.95220755575785,137.23076923076923,73.95220755575785,0
per_huruf_hybrid_skeleton_forced_loop_no_sig,5,2010,0.37298200037112633,137.3076923076923,73.95903504779244,137.3076923076923,73.95903504779244,0
per_huruf_hybrid_skeleton_forced_loop_no_sig,5,2011,0.3731675635553906,137.38461538461542,73.97269003186165,137.38461538461542,73.97269003186165,0
per_huruf_hybrid_skeleton_forced_loop_no_sig,5,2012,0.3733531267396548,137.46153846153848,73.99044151115157,137.46153846153848,73.99044151115157,0
per_huruf_hybrid_skeleton_forced_loop_no_sig,5,2013,0.3735386899239191,137.53846153846155,74.00955848884843,137.53846153846155,74.00955848884843,0
per_huruf_hybrid_skeleton_forced_loop_no_sig,5,2014,0.3737242531081833,137.6153846153846,74.02730996813837,137.6153846153846,74.02730996813837,0
per_huruf_hybrid_skeleton_forced_loop_no_sig,5,2015,0.37390981629244757,137.69230769230768,74.04096495220756,137.69230769230768,74.04096495220756,0
per_huruf_hybrid_skeleton_forced_loop_no_sig,5,2016,0.3740953794767118,137.76923076923077,74.04779244424215,137.76923076923077,74.04779244424215,0
per_huruf_hybrid_skeleton_forced_loop_no_sig,5,2017,0.37428094266097606,137.84615384615387,74.04506144742831,137.84615384615387,74.04506144742831,0
per_huruf_hybrid_skeleton_forced_loop_no_sig,5,2018,0.37446650584524027,137.9230769230769,74.0300409649522,137.9230769230769,74.0300409649522,0
per_huruf_hybrid_skeleton_forced_loop_no_sig,5,2019,0.37465206902950454,138.0,74.0,138.0,74.0,0
per_huruf_hybrid_skeleton_forced_loop_no_sig,5,2020,0.37483763221376876,138.07965407373692,73.95584888484298,138.07965407373692,73.95584888484298,0
per_huruf_hybrid_skeleton_forced_loop_no_sig,5,2021,0.375023195398033,138.16385980883024,73.90122894856623,138.16385980883024,73.90122894856623,0
per_huruf_hybrid_skeleton_forced_loop_no_sig,5,2022,0.37520875858229724,138.251251706873,73.83750568957669,138.251251706873,73.83750568957669,0
per_huruf_hybrid_skeleton_forced_loop_no_sig,5,2023,0.3753943217665615,138.34046426945835,73.76604460628127,138.34046426945835,73.76604460628127,0
per_huruf_hybrid_skeleton_forced_loop_no_sig,5,2024,0.3755798849508257,138.43013199817935,73.68821119708693,138.43013199817935,73.68821119708693,0
per_huruf_hybrid_skeleton_forced_loop_no_sig,5,2025,0.37576544813509,138.51888939462907,73.60537096040053,138.51888939462907,73.60537096040053,0
per_huruf_hybrid_skeleton_forced_loop_no_sig,5,2026,0.3759510113193542,138.60537096040056,73.51888939462903,138.60537096040056,73.51888939462903,0
per_huruf_hybrid_skeleton_forced_loop_no_sig,5,2027,0.3761365745036185,138.68821119708696,73.43013199817933,138.68821119708696,73.43013199817933,0
per_huruf_hybrid_skeleton_forced_loop_no_sig,5,2028,0.3763221376878827,138.7660446062813,73.34046426945835,138.7660446062813,73.34046426945835,0
per_huruf_hybrid_skeleton_forced_loop_no_sig,5,2029,0.37650770087214697,138.8375056895767,73.251251706873,138.8375056895767,73.251251706873,0
per_huruf_hybrid_skeleton_forced_loop_no_sig,5,2030,0.3766932640564112,138.90122894856626,73.16385980883022,138.90122894856626,73.16385980883022,0
per_huruf_hybrid_skeleton_forced_loop_no_sig,5,2031,0.37687882724067545,138.95584888484296,73.07965407373692,138.95584888484296,73.07965407373692,0
per_huruf_hybrid_skeleton_forced_loop_no_sig,5,2032,0.37706439042493967,139.0,73.0,139.0,73.0,0
per_huruf_hybrid_skeleton_forced_loop_no_sig,5,2033,0.37724995360920394,139.03277196176606,72.92307692307693,139.03277196176606,72.92307692307693,0
per_huruf_hybrid_skeleton_forced_loop_no_sig,5,2034,0.37743551679346815,139.0550751024124,72.84615384615385,139.0550751024124,72.84615384615385,0
per_huruf_hybrid_skeleton_forced_loop_no_sig,5,2035,0.3776210799777324,139.0682749203459,72.76923076923076,139.0682749203459,72.76923076923076,0
per_huruf_hybrid_skeleton_forced_loop_no_sig,5,2036,0.37780664316199664,139.07373691397356,72.6923076923077,139.07373691397356,72.6923076923077,0
per_huruf_hybrid_skeleton_forced_loop_no_sig,5,2037,0.3779922063462609,139.07282658170234,72.61538461538461,139.07282658170234,72.61538461538461,0
per_huruf_hybrid_skeleton_forced_loop_no_sig,5,2038,0.3781777695305251,139.06690942193902,72.53846153846153,139.06690942193902,72.53846153846153,0
per_huruf_hybrid_skeleton_forced_loop_no_sig,5,2039,0.3783633327147894,139.0573509330906,72.46153846153845,139.0573509330906,72.46153846153845,0
per_huruf_hybrid_skeleton_forced_loop_no_sig,5,2040,0.3785488958990536,139.04551661356396,72.38461538461539,139.04551661356396,72.38461538461539,0
per_huruf_hybrid_skeleton_forced_loop_no_sig,5,2041,0.3787344590833179,139.03277196176603,72.3076923076923,139.03277196176603,72.3076923076923,0
per_huruf_hybrid_skeleton_forced_loop_no_sig,5,2042,0.3789200222675821,139.02048247610378,72.23076923076923,139.02048247610378,72.23076923076923,0
per_huruf_hybrid_skeleton_forced_loop_no_sig,5,2043,0.37910558545184636,139.01001365498408,72.15384615384616,139.01001365498408,72.15384615384616,0
per_huruf_hybrid_skeleton_forced_loop_no_sig,5,2044,0.3792911486361106,139.00273099681382,72.07692307692307,139.00273099681382,72.07692307692307,0
per_huruf_hybrid_skeleton_forced_loop_no_sig,5,2045,0.37947671182037485,139.0,72.0,139.0,72.0,0
per_huruf_hybrid_skeleton_forced_loop_no_sig,5,2046,0.37966227500463906,139.00000000000003,71.92307692307695,139.00000000000003,71.92307692307695,0
per_huruf_hybrid_skeleton_forced_loop_no_sig,5,2047,0.37984783818890333,139.0,71.84615384615385,139.0,71.84615384615385,0
per_huruf_hybrid_skeleton_forced_loop_no_sig,5,2048,0.38003340137316755,138.99999999999997,71.76923076923076,138.99999999999997,71.76923076923076,0
per_huruf_hybrid_skeleton_forced_loop_no_sig,5,2049,0.38021896455743176,138.99999999999997,71.6923076923077,138.99999999999997,71.6923076923077,0
per_huruf_hybrid_skeleton_forced_loop_no_sig,5,2050,0.38040452774169603,139.0,71.61538461538461,139.0,71.61538461538461,0
per_huruf_hybrid_skeleton_forced_loop_no_sig,5,2051,0.38059009092596024,139.0,71.53846153846155,139.0,71.53846153846155,0
per_huruf_hybrid_skeleton_forced_loop_no_sig,5,2052,0.3807756541102245,139.0,71.46153846153847,139.0,71.46153846153847,0
per_huruf_hybrid_skeleton_forced_loop_no_sig,5,2053,0.38096121729448873,139.0,71.38461538461539,139.0,71.38461538461539,0
per_huruf_hybrid_skeleton_forced_loop_no_sig,5,2054,0.381146780478753,139.0,71.3076923076923,139.0,71.3076923076923,0
per_huruf_hybrid_skeleton_forced_loop_no_sig,5,2055,0.3813323436630172,139.0,71.23076923076923,139.0,71.23076923076923,0
per_huruf_hybrid_skeleton_forced_loop_no_sig,5,2056,0.3815179068472815,139.0,71.15384615384616,139.0,71.15384615384616,0
per_huruf_hybrid_skeleton_forced_loop_no_sig,5,2057,0.3817034700315457,139.0,71.07692307692308,139.0,71.07692307692308,0
per_huruf_hybrid_skeleton_forced_loop_no_sig,5,2058,0.38188903321580997,139.0,71.0,139.0,71.0,0
per_huruf_hybrid_skeleton_forced_loop_no_sig,5,2059,0.3820745964000742,139.00000000000003,70.92307692307693,139.00000000000003,70.92307692307693,0
per_huruf_hybrid_skeleton_forced_loop_no_sig,5,2060,0.38226015958433845,139.0,70.84615384615385,139.0,70.84615384615385,0
per_huruf_hybrid_skeleton_forced_loop_no_sig,5,2061,0.38244572276860267,138.99999999999997,70.76923076923076,138.99999999999997,70.76923076923076,0
per_huruf_hybrid_skeleton_forced_loop_no_sig,5,2062,0.38263128595286694,138.99999999999997,70.69230769230768,138.99999999999997,70.69230769230768,0
per_huruf_hybrid_skeleton_forced_loop_no_sig,5,2063,0.38281684913713115,139.0,70.61538461538463,139.0,70.61538461538463,0
per_huruf_hybrid_skeleton_forced_loop_no_sig,5,2064,0.3830024123213954,139.0,70.53846153846155,139.0,70.53846153846155,0
per_huruf_hybrid_skeleton_forced_loop_no_sig,5,2065,0.38318797550565964,139.0,70.46153846153845,139.0,70.46153846153845,0
per_huruf_hybrid_skeleton_forced_loop_no_sig,5,2066,0.3833735386899239,139.0,70.38461538461539,139.0,70.38461538461539,0
per_huruf_hybrid_skeleton_forced_loop_no_sig,5,2067,0.3835591018741881,139.0,70.3076923076923,139.0,70.3076923076923,0
per_huruf_hybrid_skeleton_forced_loop_no_sig,5,2068,0.3837446650584524,139.0,70.23076923076923,139.0,70.23076923076923,0
per_huruf_hybrid_skeleton_forced_loop_no_sig,5,2069,0.3839302282427166,139.0,70.15384615384616,139.0,70.15384615384616,0
per_huruf_hybrid_skeleton_forced_loop_no_sig,5,2070,0.3841157914269809,139.0,70.07692307692308,139.0,70.07692307692308,0
per_huruf_hybrid_skeleton_forced_loop_no_sig,5,2071,0.3843013546112451,139.0,70.0,139.0,70.0,0
per_huruf_hybrid_skeleton_forced_loop_no_sig,5,2072,0.38448691779550936,139.00000000000003,69.92307692307695,139.00000000000003,69.92307692307695,0
per_huruf_hybrid_skeleton_forced_loop_no_sig,5,2073,0.3846724809797736,139.0,69.84615384615384,139.0,69.84615384615384,0
per_huruf_hybrid_skeleton_forced_loop_no_sig,5,2074,0.38485804416403785,138.99999999999997,69.76923076923076,138.99999999999997,69.76923076923076,0
per_huruf_hybrid_skeleton_forced_loop_no_sig,5,2075,0.38504360734830206,138.99999999999997,69.69230769230768,138.99999999999997,69.69230769230768,0
per_huruf_hybrid_skeleton_forced_loop_no_sig,5,2076,0.38522917053256633,139.0,69.61538461538461,139.0,69.61538461538461,0
per_huruf_hybrid_skeleton_forced_loop_no_sig,5,2077,0.38541473371683055,139.0,69.53846153846155,139.0,69.53846153846155,0
per_huruf_hybrid_skeleton_forced_loop_no_sig,5,2078,0.3856002969010948,139.0,69.46153846153847,139.0,69.46153846153847,0
per_huruf_hybrid_skeleton_forced_loop_no_sig,5,2079,0.38578586008535903,139.0,69.38461538461539,139.0,69.38461538461539,0
per_huruf_hybrid_skeleton_forced_loop_no_sig,5,2080,0.3859714232696233,139.0,69.3076923076923,139.0,69.3076923076923,0
per_huruf_hybrid_skeleton_forced_loop_no_sig,5,2081,0.3861569864538875,139.0,69.23076923076923,139.0,69.23076923076923,0
per_huruf_hybrid_skeleton_forced_loop_no_sig,5,2082,0.3863425496381518,139.0,69.15384615384616,139.0,69.15384615384616,0
per_huruf_hybrid_skeleton_forced_loop_no_sig,5,2083,0.386528112822416,139.0,69.07692307692308,139.0,69.07692307692308,0
per_huruf_hybrid_skeleton_forced_loop_no_sig,5,2084,0.3867136760066803,139.0,69.0,139.0,69.0,0
per_huruf_hybrid_skeleton_forced_loop_no_sig,5,2085,0.3868992391909445,139.00000000000003,68.92307692307692,139.00000000000003,68.92307692307692,0
per_huruf_hybrid_skeleton_forced_loop_no_sig,5,2086,0.38708480237520876,139.0,68.84615384615385,139.0,68.84615384615385,0
per_huruf_hybrid_skeleton_forced_loop_no_sig,5,2087,0.387270365559473,138.99999999999997,68.76923076923076,138.99999999999997,68.76923076923076,0
per_huruf_hybrid_skeleton_forced_loop_no_sig,5,2088,0.38745592874373724,138.99999999999997,68.6923076923077,138.99999999999997,68.6923076923077,0
per_huruf_hybrid_skeleton_forced_loop_no_sig,5,2089,0.38764149192800146,139.0,68.61538461538463,139.0,68.61538461538463,0
per_huruf_hybrid_skeleton_forced_loop_no_sig,5,2090,0.38782705511226573,139.0,68.53846153846155,139.0,68.53846153846155,0
per_huruf_hybrid_skeleton_forced_loop_no_sig,5,2091,0.38801261829652994,139.0,68.46153846153847,139.0,68.46153846153847,0
per_huruf_hybrid_skeleton_forced_loop_no_sig,5,2092,0.3881981814807942,139.0,68.38461538461539,139.0,68.38461538461539,0
per_huruf_hybrid_skeleton_forced_loop_no_sig,5,2093,0.38838374466505843,139.0,68.30769230769229,139.0,68.30769230769229,0
per_huruf_hybrid_skeleton_forced_loop_no_sig,5,2094,0.3885693078493227,139.0,68.23076923076923,139.0,68.23076923076923,0
per_huruf_hybrid_skeleton_forced_loop_no_sig,5,2095,0.3887548710335869,139.0,68.15384615384616,139.0,68.15384615384616,0
per_huruf_hybrid_skeleton_forced_loop_no_sig,5,2096,0.3889404342178512,139.0,68.07692307692308,139.0,68.07692307692308,0
per_huruf_hybrid_skeleton_forced_loop_no_sig,5,2097,0.3891259974021154,139.0,68.0,139.0,68.0,0
per_huruf_hybrid_skeleton_forced_loop_no_sig,5,2098,0.38931156058637967,139.00000000000003,67.92307692307693,139.00000000000003,67.92307692307693,0
per_huruf_hybrid_skeleton_forced_loop_no_sig,5,2099,0.3894971237706439,139.0,67.84615384615385,139.0,67.84615384615385,0
per_huruf_hybrid_skeleton_forced_loop_no_sig,5,2100,0.38968268695490815,138.99999999999997,67.76923076923076,138.99999999999997,67.76923076923076,0
per_huruf_hybrid_skeleton_forced_loop_no_sig,5,2101,0.38986825013917237,138.99999999999997,67.69230769230768,138.99999999999997,67.69230769230768,0
per_huruf_hybrid_skeleton_forced_loop_no_sig,5,2102,0.39005381332343664,139.0,67.61538461538463,139.0,67.61538461538463,0
per_huruf_hybrid_skeleton_forced_loop_no_sig,5,2103,0.39023937650770085,139.0,67.53846153846155,139.0,67.53846153846155,0
per_huruf_hybrid_skeleton_forced_loop_no_sig,5,2104,0.3904249396919651,139.0,67.46153846153845,139.0,67.46153846153845,0
per_huruf_hybrid_skeleton_forced_loop_no_sig,5,2105,0.39061050287622934,139.0,67.38461538461539,139.0,67.38461538461539,0
per_huruf_hybrid_skeleton_forced_loop_no_sig,5,2106,0.39079606606049355,139.0,67.3076923076923,139.0,67.3076923076923,0
per_huruf_hybrid_skeleton_forced_loop_no_sig,5,2107,0.3909816292447578,139.0,67.23076923076923,139.0,67.23076923076923,0
per_huruf_hybrid_skeleton_forced_loop_no_sig,5,2108,0.39116719242902204,139.0,67.15384615384616,139.0,67.15384615384616,0
per_huruf_hybrid_skeleton_forced_loop_no_sig,5,2109,0.3913527556132863,139.0,67.07692307692308,139.0,67.07692307692308,0
per_huruf_hybrid_skeleton_forced_loop_no_sig,5,2110,0.3915383187975505,139.0,67.0,139.0,67.0,0
per_huruf_hybrid_skeleton_forced_loop_no_sig,5,2111,0.3917238819818148,139.00000000000003,66.92307692307693,139.00000000000003,66.92307692307693,0
per_huruf_hybrid_skeleton_forced_loop_no_sig,5,2112,0.391909445166079,139.0,66.84615384615385,139.0,66.84615384615385,0
per_huruf_hybrid_skeleton_forced_loop_no_sig,5,2113,0.3920950083503433,138.99999999999997,66.76923076923076,138.99999999999997,66.76923076923076,0
per_huruf_hybrid_skeleton_forced_loop_no_sig,5,2114,0.3922805715346075,138.99999999999997,66.69230769230768,138.99999999999997,66.69230769230768,0
per_huruf_hybrid_skeleton_forced_loop_no_sig,5,2115,0.39246613471887176,139.0,66.61538461538463,139.0,66.61538461538463,0
per_huruf_hybrid_skeleton_forced_loop_no_sig,5,2116,0.392651697903136,139.0,66.53846153846155,139.0,66.53846153846155,0
per_huruf_hybrid_skeleton_forced_loop_no_sig,5,2117,0.39283726108740025,139.0,66.46153846153847,139.0,66.46153846153847,0
per_huruf_hybrid_skeleton_forced_loop_no_sig,5,2118,0.39302282427166446,139.0,66.38461538461539,139.0,66.38461538461539,0
per_huruf_hybrid_skeleton_forced_loop_no_sig,5,2119,0.39320838745592873,139.0,66.3076923076923,139.0,66.3076923076923,0
per_huruf_hybrid_skeleton_forced_loop_no_sig,5,2120,0.39339395064019295,139.0,66.23076923076923,139.0,66.23076923076923,0
per_huruf_hybrid_skeleton_forced_loop_no_sig,5,2121,0.3935795138244572,139.0,66.15384615384616,139.0,66.15384615384616,0
per_huruf_hybrid_skeleton_forced_loop_no_sig,5,2122,0.39376507700872143,139.0,66.07692307692308,139.0,66.07692307692308,0
per_huruf_hybrid_skeleton_forced_loop_no_sig,5,2123,0.3939506401929857,139.0,66.0,139.0,66.0,0
per_huruf_hybrid_skeleton_forced_loop_no_sig,5,2124,0.3941362033772499,139.00000000000003,65.92307692307693,139.00000000000003,65.92307692307693,0
per_huruf_hybrid_skeleton_forced_loop_no_sig,5,2125,0.3943217665615142,139.0,65.84615384615385,139.0,65.84615384615385,0
per_huruf_hybrid_skeleton_forced_loop_no_sig,5,2126,0.3945073297457784,138.99999999999997,65.76923076923077,138.99999999999997,65.76923076923077,0
per_huruf_hybrid_skeleton_forced_loop_no_sig,5,2127,0.39469289293004267,138.99999999999997,65.6923076923077,138.99999999999997,65.6923076923077,0
per_huruf_hybrid_skeleton_forced_loop_no_sig,5,2128,0.3948784561143069,139.0,65.61538461538461,139.0,65.61538461538461,0
per_huruf_hybrid_skeleton_forced_loop_no_sig,5,2129,0.39506401929857116,139.0,65.53846153846153,139.0,65.53846153846153,0
per_huruf_hybrid_skeleton_forced_loop_no_sig,5,2130,0.39524958248283537,139.0,65.46153846153847,139.0,65.46153846153847,0
per_huruf_hybrid_skeleton_forced_loop_no_sig,5,2131,0.39543514566709964,139.0,65.38461538461539,139.0,65.38461538461539,0
per_huruf_hybrid_skeleton_forced_loop_no_sig,5,2132,0.39562070885136386,139.0,65.3076923076923,139.0,65.3076923076923,0
per_huruf_hybrid_skeleton_forced_loop_no_sig,5,2133,0.3958062720356281,139.0,65.23076923076923,139.0,65.23076923076923,0
per_huruf_hybrid_skeleton_forced_loop_no_sig,5,2134,0.39599183521989234,139.0,65.15384615384616,139.0,65.15384615384616,0
per_huruf_hybrid_skeleton_forced_loop_no_sig,5,2135,0.3961773984041566,139.0,65.07692307692307,139.0,65.07692307692307,0
per_huruf_hybrid_skeleton_forced_loop_no_sig,5,2136,0.3963629615884208,139.0,65.0,139.0,65.0,0
per_huruf_hybrid_skeleton_forced_loop_no_sig,5,2137,0.3965485247726851,139.00000000000003,64.92307692307693,139.00000000000003,64.92307692307693,0
per_huruf_hybrid_skeleton_forced_loop_no_sig,5,2138,0.3967340879569493,139.0,64.84615384615385,139.0,64.84615384615385,0
per_huruf_hybrid_skeleton_forced_loop_no_sig,5,2139,0.3969196511412136,138.99999999999997,64.76923076923076,138.99999999999997,64.76923076923076,0
per_huruf_hybrid_skeleton_forced_loop_no_sig,5,2140,0.3971052143254778,138.99999999999997,64.6923076923077,138.99999999999997,64.6923076923077,0
per_huruf_hybrid_skeleton_forced_loop_no_sig,5,2141,0.39729077750974207,139.0,64.61538461538463,139.0,64.61538461538463,0
per_huruf_hybrid_skeleton_forced_loop_no_sig,5,2142,0.3974763406940063,139.0,64.53846153846155,139.0,64.53846153846155,0
per_huruf_hybrid_skeleton_forced_loop_no_sig,5,2143,0.39766190387827055,139.0,64.46153846153847,139.0,64.46153846153847,0
per_huruf_hybrid_skeleton_forced_loop_no_sig,5,2144,0.39784746706253477,139.0,64.38461538461539,139.0,64.38461538461539,0
per_huruf_hybrid_skeleton_forced_loop_no_sig,5,2145,0.39803303024679904,139.0,64.3076923076923,139.0,64.3076923076923,0
per_huruf_hybrid_skeleton_forced_loop_no_sig,5,2146,0.39821859343106325,139.0,64.23076923076923,139.0,64.23076923076923,0
per_huruf_hybrid_skeleton_forced_loop_no_sig,5,2147,0.3984041566153275,139.0,64.15384615384616,139.0,64.15384615384616,0
per_huruf_hybrid_skeleton_forced_loop_no_sig,5,2148,0.39858971979959174,139.0,64.07692307692307,139.0,64.07692307692307,0
per_huruf_hybrid_skeleton_forced_loop_no_sig,5,2149,0.398775282983856,139.0,64.0,139.0,64.0,0
per_huruf_hybrid_skeleton_forced_loop_no_sig,5,2150,0.3989608461681202,139.00000000000003,63.92307692307693,139.00000000000003,63.92307692307693,0
per_huruf_hybrid_skeleton_forced_loop_no_sig,5,2151,0.3991464093523845,139.0,63.846153846153854,139.0,63.846153846153854,0
per_huruf_hybrid_skeleton_forced_loop_no_sig,5,2152,0.3993319725366487,138.99999999999997,63.76923076923076,138.99999999999997,63.76923076923076,0
per_huruf_hybrid_skeleton_forced_loop_no_sig,5,2153,0.399517535720913,138.99999999999997,63.69230769230769,138.99999999999997,63.69230769230769,0
per_huruf_hybrid_skeleton_forced_loop_no_sig,5,2154,0.3997030989051772,139.0,63.61538461538463,139.0,63.61538461538463,0
per_huruf_hybrid_skeleton_forced_loop_no_sig,5,2155,0.39988866208944146,139.0,63.53846153846155,139.0,63.53846153846155,0
per_huruf_hybrid_skeleton_forced_loop_no_sig,5,2156,0.4000742252737057,139.0,63.46153846153847,139.0,63.46153846153847,0
per_huruf_hybrid_skeleton_forced_loop_no_sig,5,2157,0.40025978845796994,139.0,63.38461538461539,139.0,63.38461538461539,0
per_huruf_hybrid_skeleton_forced_loop_no_sig,5,2158,0.40044535164223416,139.0,63.30769230769231,139.0,63.30769230769231,0
per_huruf_hybrid_skeleton_forced_loop_no_sig,5,2159,0.40063091482649843,139.0,63.230769230769226,139.0,63.230769230769226,0
per_huruf_hybrid_skeleton_forced_loop_no_sig,5,2160,0.40081647801076264,139.0,63.15384615384615,139.0,63.15384615384615,0
per_huruf_hybrid_skeleton_forced_loop_no_sig,5,2161,0.4010020411950269,139.0,63.07692307692307,139.0,63.07692307692307,0
per_huruf_hybrid_skeleton_forced_loop_no_sig,5,2162,0.40118760437929113,139.0,63.0,139.0,63.0,0
per_huruf_hybrid_skeleton_forced_loop_no_sig,5,2163,0.40137316756355534,139.00000000000003,62.92307692307693,139.00000000000003,62.92307692307693,0
per_huruf_hybrid_skeleton_forced_loop_no_sig,5,2164,0.4015587307478196,139.0,62.84615384615384,139.0,62.84615384615384,0
per_huruf_hybrid_skeleton_forced_loop_no_sig,5,2165,0.40174429393208383,138.99999999999997,62.76923076923077,138.99999999999997,62.76923076923077,0
per_huruf_hybrid_skeleton_forced_loop_no_sig,5,2166,0.4019298571163481,138.99999999999997,62.69230769230768,138.99999999999997,62.69230769230768,0
per_huruf_hybrid_skeleton_forced_loop_no_sig,5,2167,0.4021154203006123,139.0,62.61538461538463,139.0,62.61538461538463,0
per_huruf_hybrid_skeleton_forced_loop_no_sig,5,2168,0.4023009834848766,139.0,62.53846153846154,139.0,62.53846153846154,0
per_huruf_hybrid_skeleton_forced_loop_no_sig,5,2169,0.4024865466691408,139.0,62.46153846153847,139.0,62.46153846153847,0
per_huruf_hybrid_skeleton_forced_loop_no_sig,5,2170,0.40267210985340507,139.0,62.38461538461539,139.0,62.38461538461539,0
per_huruf_hybrid_skeleton_forced_loop_no_sig,5,2171,0.4028576730376693,139.0,62.30769230769231,139.0,62.30769230769231,0
per_huruf_hybrid_skeleton_forced_loop_no_sig,5,2172,0.40304323622193355,139.0,62.230769230769226,139.0,62.230769230769226,0
per_huruf_hybrid_skeleton_forced_loop_no_sig,5,2173,0.40322879940619777,139.0,62.15384615384615,139.0,62.15384615384615,0
per_huruf_hybrid_skeleton_forced_loop_no_sig,5,2174,0.40341436259046204,139.0,62.07692307692307,139.0,62.07692307692307,0
per_huruf_hybrid_skeleton_forced_loop_no_sig,5,2175,0.40359992577472625,139.0,62.0,139.0,62.0,0
per_huruf_hybrid_skeleton_forced_loop_no_sig,5,2176,0.4037854889589905,139.00000000000003,61.923076923076934,139.00000000000003,61.923076923076934,0
per_huruf_hybrid_skeleton_forced_loop_no_sig,5,2177,0.40397105214325474,139.0,61.846153846153854,139.0,61.846153846153854,0
per_huruf_hybrid_skeleton_forced_loop_no_sig,5,2178,0.404156615327519,138.99999999999997,61.76923076923076,138.99999999999997,61.76923076923076,0
per_huruf_hybrid_skeleton_forced_loop_no_sig,5,2179,0.4043421785117832,138.99999999999997,61.692307692307686,138.99999999999997,61.692307692307686,0
per_huruf_hybrid_skeleton_forced_loop_no_sig,5,2180,0.4045277416960475,139.0,61.61538461538461,139.0,61.61538461538461,0
per_huruf_hybrid_skeleton_forced_loop_no_sig,5,2181,0.4047133048803117,139.0,61.53846153846155,139.0,61.53846153846155,0
per_huruf_hybrid_skeleton_forced_loop_no_sig,5,2182,0.404898868064576,139.0,61.46153846153847,139.0,61.46153846153847,0
per_huruf_hybrid_skeleton_forced_loop_no_sig,5,2183,0.4050844312488402,139.0,61.384615384615394,139.0,61.384615384615394,0
per_huruf_hybrid_skeleton_forced_loop_no_sig,5,2184,0.40526999443310446,139.0,61.3076923076923,139.0,61.3076923076923,0
per_huruf_hybrid_skeleton_forced_loop_no_sig,5,2185,0.4054555576173687,139.0,61.230769230769226,139.0,61.230769230769226,0
per_huruf_hybrid_skeleton_forced_loop_no_sig,5,2186,0.40564112080163295,139.0,61.15384615384616,139.0,61.15384615384616,0
per_huruf_hybrid_skeleton_forced_loop_no_sig,5,2187,0.40582668398589716,139.0,61.07692307692307,139.0,61.07692307692307,0
per_huruf_hybrid_skeleton_forced_loop_no_sig,5,2188,0.40601224717016143,139.0,61.0,139.0,61.0,0
per_huruf_hybrid_skeleton_forced_loop_no_sig,5,2189,0.40619781035442565,139.00273099681385,60.92307692307693,139.00273099681385,60.92307692307693,0
per_huruf_hybrid_skeleton_forced_loop_no_sig,5,2190,0.4063833735386899,139.01001365498408,60.84615384615385,139.01001365498408,60.84615384615385,0
per_huruf_hybrid_skeleton_forced_loop_no_sig,5,2191,0.40656893672295413,139.02048247610375,60.76923076923076,139.02048247610375,60.76923076923076,0
per_huruf_hybrid_skeleton_forced_loop_no_sig,5,2192,0.4067544999072184,139.032771961766,60.692307692307686,139.032771961766,60.692307692307686,0
per_huruf_hybrid_skeleton_forced_loop_no_sig,5,2193,0.4069400630914826,139.04551661356396,60.61538461538462,139.04551661356396,60.61538461538462,0
per_huruf_hybrid_skeleton_forced_loop_no_sig,5,2194,0.4071256262757469,139.0573509330906,60.53846153846153,139.0573509330906,60.53846153846153,0
per_huruf_hybrid_skeleton_forced_loop_no_sig,5,2195,0.4073111894600111,139.06690942193902,60.46153846153846,139.06690942193902,60.46153846153846,0
per_huruf_hybrid_skeleton_forced_loop_no_sig,5,2196,0.4074967526442754,139.07282658170232,60.38461538461539,139.07282658170232,60.38461538461539,0
per_huruf_hybrid_skeleton_forced_loop_no_sig,5,2197,0.4076823158285396,139.0737369139736,60.30769230769231,139.0737369139736,60.30769230769231,0
per_huruf_hybrid_skeleton_forced_loop_no_sig,5,2198,0.40786787901280386,139.0682749203459,60.230769230769226,139.0682749203459,60.230769230769226,0
per_huruf_hybrid_skeleton_forced_loop_no_sig,5,2199,0.4080534421970681,139.0550751024124,60.15384615384615,139.0550751024124,60.15384615384615,0
per_huruf_hybrid_skeleton_forced_loop_no_sig,5,2200,0.40823900538133234,139.03277196176603,60.07692307692307,139.03277196176603,60.07692307692307,0
per_huruf_hybrid_skeleton_forced_loop_no_sig,5,2201,0.40842456856559656,139.0,60.0,139.0,60.0,0
per_huruf_hybrid_skeleton_forced_loop_no_sig,5,2202,0.4086101317498608,138.95311788802914,59.92307692307693,138.95311788802914,59.92307692307693,0
per_huruf_hybrid_skeleton_forced_loop_no_sig,5,2203,0.40879569493412504,138.89121529358215,59.84615384615385,138.89121529358215,59.84615384615385,0
per_huruf_hybrid_skeleton_forced_loop_no_sig,5,2204,0.4089812581183893,138.8170232134729,59.76923076923076,138.8170232134729,59.76923076923076,0
per_huruf_hybrid_skeleton_forced_loop_no_sig,5,2205,0.4091668213026535,138.7332726445152,59.69230769230769,138.7332726445152,59.69230769230769,0
per_huruf_hybrid_skeleton_forced_loop_no_sig,5,2206,0.4093523844869178,138.642694583523,59.61538461538462,138.642694583523,59.61538461538462,0
per_huruf_hybrid_skeleton_forced_loop_no_sig,5,2207,0.409537947671182,138.54802002730997,59.53846153846155,138.54802002730997,59.53846153846155,0
per_huruf_hybrid_skeleton_forced_loop_no_sig,5,2208,0.4097235108554463,138.45197997269003,59.46153846153846,138.45197997269003,59.46153846153846,0
per_huruf_hybrid_skeleton_forced_loop_no_sig,5,2209,0.4099090740397105,138.357305416477,59.38461538461539,138.357305416477,59.38461538461539,0
per_huruf_hybrid_skeleton_forced_loop_no_sig,5,2210,0.41009463722397477,138.26672735548473,59.30769230769231,138.26672735548473,59.30769230769231,0
per_huruf_hybrid_skeleton_forced_loop_no_sig,5,2211,0.410280200408239,138.1829767865271,59.230769230769226,138.1829767865271,59.230769230769226,0
per_huruf_hybrid_skeleton_forced_loop_no_sig,5,2212,0.41046576359250325,138.10878470641785,59.15384615384615,138.10878470641785,59.15384615384615,0
per_huruf_hybrid_skeleton_forced_loop_no_sig,5,2213,0.41065132677676747,138.04688211197086,59.07692307692307,138.04688211197086,59.07692307692307,0
per_huruf_hybrid_skeleton_forced_loop_no_sig,5,2214,0.41083688996103174,138.0,59.0,138.0,59.0,0
per_huruf_hybrid_skeleton_forced_loop_no_sig,5,2215,0.41102245314529595,137.967228038234,58.92307692307693,137.967228038234,58.92307692307693,0
per_huruf_hybrid_skeleton_forced_loop_no_sig,5,2216,0.4112080163295602,137.94492489758764,58.84615384615385,137.94492489758764,58.84615384615385,0
per_huruf_hybrid_skeleton_forced_loop_no_sig,5,2217,0.41139357951382444,137.93172507965406,58.76923076923077,137.93172507965406,58.76923076923077,0
per_huruf_hybrid_skeleton_forced_loop_no_sig,5,2218,0.4115791426980887,137.92626308602638,58.692307692307686,137.92626308602638,58.692307692307686,0
per_huruf_hybrid_skeleton_forced_loop_no_sig,5,2219,0.4117647058823529,137.92717341829768,58.61538461538462,137.92717341829768,58.61538461538462,0
per_huruf_hybrid_skeleton_forced_loop_no_sig,5,2220,0.41195026906661714,137.933090578061,58.53846153846154,137.933090578061,58.53846153846154,0
per_huruf_hybrid_skeleton_forced_loop_no_sig,5,2221,0.4121358322508814,137.9426490669094,58.46153846153847,137.9426490669094,58.46153846153847,0
per_huruf_hybrid_skeleton_forced_loop_no_sig,5,2222,0.4123213954351456,137.95448338643607,58.38461538461539,137.95448338643607,58.38461538461539,0
per_huruf_hybrid_skeleton_forced_loop_no_sig,5,2223,0.4125069586194099,137.96722803823394,58.30769230769231,137.96722803823394,58.30769230769231,0
per_huruf_hybrid_skeleton_forced_loop_no_sig,5,2224,0.4126925218036741,137.97951752389622,58.230769230769226,137.97951752389622,58.230769230769226,0
per_huruf_hybrid_skeleton_forced_loop_no_sig,5,2225,0.4128780849879384,137.98998634501595,58.15384615384615,137.98998634501595,58.15384615384615,0
per_huruf_hybrid_skeleton_forced_loop_no_sig,5,2226,0.4130636481722026,137.99726900318615,58.07692307692307,137.99726900318615,58.07692307692307,0
per_huruf_hybrid_skeleton_forced_loop_no_sig,5,2227,0.41324921135646686,138.0,58.0,138.0,58.0,0
per_huruf_hybrid_skeleton_forced_loop_no_sig,5,2228,0.4134347745407311,138.00000000000003,57.92307692307692,138.00000000000003,57.92307692307692,0
per_huruf_hybrid_skeleton_forced_loop_no_sig,5,2229,0.41362033772499535,138.00000000000003,57.84615384615385,138.00000000000003,57.84615384615385,0
per_huruf_hybrid_skeleton_forced_loop_no_sig,5,2230,0.41380590090925956,137.99999999999997,57.76923076923076,137.99999999999997,57.76923076923076,0
per_huruf_hybrid_skeleton_forced_loop_no_sig,5,2231,0.41399146409352383,137.99999999999997,57.692307692307686,137.99999999999997,57.692307692307686,0
per_huruf_hybrid_skeleton_forced_loop_no_sig,5,2232,0.41417702727778805,138.0,57.61538461538462,138.0,57.61538461538462,0
per_huruf_hybrid_skeleton_forced_loop_no_sig,5,2233,0.4143625904620523,138.00000000000003,57.53846153846155,138.00000000000003,57.53846153846155,0
per_huruf_hybrid_skeleton_forced_loop_no_sig,5,2234,0.41454815364631653,138.0,57.46153846153846,138.0,57.46153846153846,0
per_huruf_hybrid_skeleton_forced_loop_no_sig,5,2235,0.4147337168305808,138.0,57.38461538461539,138.0,57.38461538461539,0
per_huruf_hybrid_skeleton_forced_loop_no_sig,5,2236,0.414919280014845,138.0,57.30769230769231,138.0,57.30769230769231,0
per_huruf_hybrid_skeleton_forced_loop_no_sig,5,2237,0.4151048431991093,138.0,57.230769230769226,138.0,57.230769230769226,0
per_huruf_hybrid_skeleton_forced_loop_no_sig,5,2238,0.4152904063833735,138.0,57.153846153846146,138.0,57.153846153846146,0
per_huruf_hybrid_skeleton_forced_loop_no_sig,5,2239,0.41547596956763777,138.0,57.07692307692307,138.0,57.07692307692307,0
per_huruf_hybrid_skeleton_forced_loop_no_sig,5,2240,0.415661532751902,138.0,57.0,138.0,57.0,0
per_huruf_hybrid_skeleton_forced_loop_no_sig,5,2241,0.41584709593616626,138.00000000000003,56.92307692307693,138.00000000000003,56.92307692307693,0
per_huruf_hybrid_skeleton_forced_loop_no_sig,5,2242,0.41603265912043047,138.00000000000003,56.846153846153854,138.00000000000003,56.846153846153854,0
per_huruf_hybrid_skeleton_forced_loop_no_sig,5,2243,0.41621822230469474,137.99999999999997,56.76923076923075,137.99999999999997,56.76923076923075,0
per_huruf_hybrid_skeleton_forced_loop_no_sig,5,2244,0.41640378548895896,137.99999999999997,56.692307692307686,137.99999999999997,56.692307692307686,0
per_huruf_hybrid_skeleton_forced_loop_no_sig,5,2245,0.4165893486732232,138.0,56.61538461538462,138.0,56.61538461538462,0
per_huruf_hybrid_skeleton_forced_loop_no_sig,5,2246,0.41677491185748744,138.00000000000003,56.53846153846154,138.00000000000003,56.53846153846154,0
per_huruf_hybrid_skeleton_forced_loop_no_sig,5,2247,0.4169604750417517,138.0,56.46153846153846,138.0,56.46153846153846,0
per_huruf_hybrid_skeleton_forced_loop_no_sig,5,2248,0.4171460382260159,138.0,56.38461538461539,138.0,56.38461538461539,0
per_huruf_hybrid_skeleton_forced_loop_no_sig,5,2249,0.4173316014102802,138.0,56.30769230769231,138.0,56.30769230769231,0
per_huruf_hybrid_skeleton_forced_loop_no_sig,5,2250,0.4175171645945444,138.0,56.230769230769226,138.0,56.230769230769226,0
per_huruf_hybrid_skeleton_forced_loop_no_sig,5,2251,0.4177027277788087,138.0,56.15384615384615,138.0,56.15384615384615,0
per_huruf_hybrid_skeleton_forced_loop_no_sig,5,2252,0.4178882909630729,138.0,56.07692307692307,138.0,56.07692307692307,0
per_huruf_hybrid_skeleton_forced_loop_no_sig,5,2253,0.41807385414733716,138.0,56.0,138.0,56.0,0
per_huruf_hybrid_skeleton_forced_loop_no_sig,5,2254,0.4182594173316014,138.00000000000003,55.923076923076934,138.00000000000003,55.923076923076934,0
per_huruf_hybrid_skeleton_forced_loop_no_sig,5,2255,0.41844498051586565,138.00000000000003,55.846153846153854,138.00000000000003,55.846153846153854,0
per_huruf_hybrid_skeleton_forced_loop_no_sig,5,2256,0.41863054370012986,137.99999999999997,55.76923076923076,137.99999999999997,55.76923076923076,0
per_huruf_hybrid_skeleton_forced_loop_no_sig,5,2257,0.41881610688439413,137.99999999999997,55.69230769230769,137.99999999999997,55.69230769230769,0
per_huruf_hybrid_skeleton_forced_loop_no_sig,5,2258,0.41900167006865835,138.0,55.61538461538462,138.0,55.61538461538462,0
per_huruf_hybrid_skeleton_forced_loop_no_sig,5,2259,0.4191872332529226,138.00000000000003,55.53846153846154,138.00000000000003,55.53846153846154,0
per_huruf_hybrid_skeleton_forced_loop_no_sig,5,2260,0.41937279643718683,138.0,55.46153846153847,138.0,55.46153846153847,0
per_huruf_hybrid_skeleton_forced_loop_no_sig,5,2261,0.4195583596214511,138.0,55.38461538461539,138.0,55.38461538461539,0
per_huruf_hybrid_skeleton_forced_loop_no_sig,5,2262,0.4197439228057153,138.0,55.3076923076923,138.0,55.3076923076923,0
per_huruf_hybrid_skeleton_forced_loop_no_sig,5,2263,0.4199294859899796,138.0,55.230769230769226,138.0,55.230769230769226,0
per_huruf_hybrid_skeleton_forced_loop_no_sig,5,2264,0.4201150491742438,138.0,55.15384615384616,138.0,55.15384615384616,0
per_huruf_hybrid_skeleton_forced_loop_no_sig,5,2265,0.4203006123585081,138.0,55.07692307692307,138.0,55.07692307692307,0
per_huruf_hybrid_skeleton_forced_loop_no_sig,5,2266,0.4204861755427723,138.0,55.0,138.0,55.0,0
per_huruf_hybrid_skeleton_forced_loop_no_sig,5,2267,0.42067173872703656,138.00000000000003,54.92307692307693,138.00000000000003,54.92307692307693,0
per_huruf_hybrid_skeleton_forced_loop_no_sig,5,2268,0.4208573019113008,138.00000000000003,54.84615384615385,138.00000000000003,54.84615384615385,0
per_huruf_hybrid_skeleton_forced_loop_no_sig,5,2269,0.42104286509556504,137.99999999999997,54.76923076923077,137.99999999999997,54.76923076923077,0
per_huruf_hybrid_skeleton_forced_loop_no_sig,5,2270,0.42122842827982926,137.99999999999997,54.692307692307686,137.99999999999997,54.692307692307686,0
per_huruf_hybrid_skeleton_forced_loop_no_sig,5,2271,0.42141399146409353,138.0,54.61538461538462,138.0,54.61538461538462,0
per_huruf_hybrid_skeleton_forced_loop_no_sig,5,2272,0.42159955464835774,138.00000000000003,54.53846153846154,138.00000000000003,54.53846153846154,0
per_huruf_hybrid_skeleton_forced_loop_no_sig,5,2273,0.421785117832622,138.0,54.46153846153846,138.0,54.46153846153846,0
per_huruf_hybrid_skeleton_forced_loop_no_sig,5,2274,0.42197068101688623,138.0,54.38461538461539,138.0,54.38461538461539,0
per_huruf_hybrid_skeleton_forced_loop_no_sig,5,2275,0.4221562442011505,138.0,54.30769230769231,138.0,54.30769230769231,0
per_huruf_hybrid_skeleton_forced_loop_no_sig,5,2276,0.4223418073854147,138.0,54.230769230769226,138.0,54.230769230769226,0
per_huruf_hybrid_skeleton_forced_loop_no_sig,5,2277,0.42252737056967893,138.0,54.15384615384616,138.0,54.15384615384616,0
per_huruf_hybrid_skeleton_forced_loop_no_sig,5,2278,0.4227129337539432,138.0,54.07692307692307,138.0,54.07692307692307,0
per_huruf_hybrid_skeleton_forced_loop_no_sig,5,2279,0.4228984969382074,138.0,54.0,138.0,54.0,0
per_huruf_hybrid_skeleton_forced_loop_no_sig,5,2280,0.4230840601224717,138.00000000000003,53.923076923076934,138.00000000000003,53.923076923076934,0
per_huruf_hybrid_skeleton_forced_loop_no_sig,5,2281,0.4232696233067359,138.00000000000003,53.84615384615385,138.00000000000003,53.84615384615385,0
per_huruf_hybrid_skeleton_forced_loop_no_sig,5,2282,0.42345518649100017,137.99999999999997,53.76923076923076,137.99999999999997,53.76923076923076,0
per_huruf_hybrid_skeleton_forced_loop_no_sig,5,2283,0.4236407496752644,137.99999999999997,53.69230769230768,137.99999999999997,53.69230769230768,0
per_huruf_hybrid_skeleton_forced_loop_no_sig,5,2284,0.42382631285952865,138.0,53.61538461538461,138.0,53.61538461538461,0
per_huruf_hybrid_skeleton_forced_loop_no_sig,5,2285,0.42401187604379287,138.00000000000003,53.53846153846154,138.00000000000003,53.53846153846154,0
per_huruf_hybrid_skeleton_forced_loop_no_sig,5,2286,0.42419743922805714,138.0,53.46153846153845,138.0,53.46153846153845,0
per_huruf_hybrid_skeleton_forced_loop_no_sig,5,2287,0.42438300241232135,138.0,53.38461538461539,138.0,53.38461538461539,0
per_huruf_hybrid_skeleton_forced_loop_no_sig,5,2288,0.4245685655965856,138.0,53.30769230769231,138.0,53.30769230769231,0
per_huruf_hybrid_skeleton_forced_loop_no_sig,5,2289,0.42475412878084984,138.0,53.230769230769226,138.0,53.230769230769226,0
per_huruf_hybrid_skeleton_forced_loop_no_sig,5,2290,0.4249396919651141,138.0,53.15384615384616,138.0,53.15384615384616,0
per_huruf_hybrid_skeleton_forced_loop_no_sig,5,2291,0.4251252551493783,138.0,53.07692307692307,138.0,53.07692307692307,0
per_huruf_hybrid_skeleton_forced_loop_no_sig,5,2292,0.4253108183336426,138.0,53.0,138.0,53.0,0
per_huruf_hybrid_skeleton_forced_loop_no_sig,5,2293,0.4254963815179068,138.00000000000003,52.923076923076934,138.00000000000003,52.923076923076934,0
per_huruf_hybrid_skeleton_forced_loop_no_sig,5,2294,0.4256819447021711,138.00000000000003,52.846153846153854,138.00000000000003,52.846153846153854,0
per_huruf_hybrid_skeleton_forced_loop_no_sig,5,2295,0.4258675078864353,137.99999999999997,52.76923076923076,137.99999999999997,52.76923076923076,0
per_huruf_hybrid_skeleton_forced_loop_no_sig,5,2296,0.42605307107069956,137.99999999999997,52.692307692307686,137.99999999999997,52.692307692307686,0
per_huruf_hybrid_skeleton_forced_loop_no_sig,5,2297,0.4262386342549638,138.0,52.61538461538462,138.0,52.61538461538462,0
per_huruf_hybrid_skeleton_forced_loop_no_sig,5,2298,0.42642419743922805,138.00000000000003,52.53846153846154,138.00000000000003,52.53846153846154,0
per_huruf_hybrid_skeleton_forced_loop_no_sig,5,2299,0.42660976062349226,138.0,52.46153846153846,138.0,52.46153846153846,0
per_huruf_hybrid_skeleton_forced_loop_no_sig,5,2300,0.42679532380775653,138.0,52.38461538461539,138.0,52.38461538461539,0
per_huruf_hybrid_skeleton_forced_loop_no_sig,5,2301,0.42698088699202075,138.0,52.30769230769231,138.0,52.30769230769231,0
per_huruf_hybrid_skeleton_forced_loop_no_sig,5,2302,0.427166450176285,138.0,52.230769230769226,138.0,52.230769230769226,0
per_huruf_hybrid_skeleton_forced_loop_no_sig,5,2303,0.42735201336054923,138.0,52.15384615384616,138.0,52.15384615384616,0
per_huruf_hybrid_skeleton_forced_loop_no_sig,5,2304,0.4275375765448135,138.0,52.07692307692307,138.0,52.07692307692307,0
per_huruf_hybrid_skeleton_forced_loop_no_sig,5,2305,0.4277231397290777,138.0,52.0,138.0,52.0,0
per_huruf_hybrid_skeleton_forced_loop_no_sig,5,2306,0.427908702913342,138.00000000000003,51.923076923076934,138.00000000000003,51.923076923076934,0
per_huruf_hybrid_skeleton_forced_loop_no_sig,5,2307,0.4280942660976062,138.00000000000003,51.84615384615384,138.00000000000003,51.84615384615384,0
per_huruf_hybrid_skeleton_forced_loop_no_sig,5,2308,0.42827982928187047,137.99999999999997,51.76923076923077,137.99999999999997,51.76923076923077,0
per_huruf_hybrid_skeleton_forced_loop_no_sig,5,2309,0.4284653924661347,137.99999999999997,51.69230769230768,137.99999999999997,51.69230769230768,0
per_huruf_hybrid_skeleton_forced_loop_no_sig,5,2310,0.42865095565039896,138.0,51.61538461538462,138.0,51.61538461538462,0
per_huruf_hybrid_skeleton_forced_loop_no_sig,5,2311,0.42883651883466317,138.00000000000003,51.53846153846155,138.00000000000003,51.53846153846155,0
per_huruf_hybrid_skeleton_forced_loop_no_sig,5,2312,0.42902208201892744,138.0,51.46153846153846,138.0,51.46153846153846,0
per_huruf_hybrid_skeleton_forced_loop_no_sig,5,2313,0.42920764520319166,138.0,51.38461538461539,138.0,51.38461538461539,0
per_huruf_hybrid_skeleton_forced_loop_no_sig,5,2314,0.4293932083874559,138.0,51.30769230769231,138.0,51.30769230769231,0
per_huruf_hybrid_skeleton_forced_loop_no_sig,5,2315,0.42957877157172014,138.0,51.230769230769226,138.0,51.230769230769226,0
per_huruf_hybrid_skeleton_forced_loop_no_sig,5,2316,0.4297643347559844,138.0,51.15384615384616,138.0,51.15384615384616,0
per_huruf_hybrid_skeleton_forced_loop_no_sig,5,2317,0.4299498979402486,138.0,51.07692307692307,138.0,51.07692307692307,0
per_huruf_hybrid_skeleton_forced_loop_no_sig,5,2318,0.4301354611245129,138.0,51.0,138.0,51.0,0
per_huruf_hybrid_skeleton_forced_loop_no_sig,5,2319,0.4303210243087771,138.00273099681385,50.92307692307693,138.00273099681385,50.92307692307693,0
per_huruf_hybrid_skeleton_forced_loop_no_sig,5,2320,0.4305065874930414,138.0100136549841,50.84615384615385,138.0100136549841,50.84615384615385,0
per_huruf_hybrid_skeleton_forced_loop_no_sig,5,2321,0.4306921506773056,138.02048247610375,50.76923076923076,138.02048247610375,50.76923076923076,0
per_huruf_hybrid_skeleton_forced_loop_no_sig,5,2322,0.43087771386156987,138.03277196176603,50.692307692307686,138.03277196176603,50.692307692307686,0
per_huruf_hybrid_skeleton_forced_loop_no_sig,5,2323,0.4310632770458341,138.04551661356396,50.61538461538462,138.04551661356396,50.61538461538462,0
per_huruf_hybrid_skeleton_forced_loop_no_sig,5,2324,0.43124884023009835,138.0573509330906,50.53846153846155,138.0573509330906,50.53846153846155,0
per_huruf_hybrid_skeleton_forced_loop_no_sig,5,2325,0.43143440341436257,138.066909421939,50.46153846153846,138.066909421939,50.46153846153846,0
per_huruf_hybrid_skeleton_forced_loop_no_sig,5,2326,0.43161996659862684,138.07282658170232,50.38461538461539,138.07282658170232,50.38461538461539,0
per_huruf_hybrid_skeleton_forced_loop_no_sig,5,2327,0.43180552978289105,138.0737369139736,50.30769230769231,138.0737369139736,50.30769230769231,0
per_huruf_hybrid_skeleton_forced_loop_no_sig,5,2328,0.4319910929671553,138.0682749203459,50.230769230769226,138.0682749203459,50.230769230769226,0
per_huruf_hybrid_skeleton_forced_loop_no_sig,5,2329,0.43217665615141954,138.0550751024124,50.15384615384616,138.0550751024124,50.15384615384616,0
per_huruf_hybrid_skeleton_forced_loop_no_sig,5,2330,0.4323622193356838,138.03277196176603,50.07692307692307,138.03277196176603,50.07692307692307,0
per_huruf_hybrid_skeleton_forced_loop_no_sig,5,2331,0.432547782519948,138.0,50.0,138.0,50.0,0
per_huruf_hybrid_skeleton_forced_loop_no_sig,5,2332,0.4327333457042123,137.95311788802914,49.92307692307693,137.95311788802914,49.92307692307693,0
per_huruf_hybrid_skeleton_forced_loop_no_sig,5,2333,0.4329189088884765,137.89121529358218,49.846153846153854,137.89121529358218,49.846153846153854,0
per_huruf_hybrid_skeleton_forced_loop_no_sig,5,2334,0.4331044720727407,137.8170232134729,49.76923076923076,137.8170232134729,49.76923076923076,0
per_huruf_hybrid_skeleton_forced_loop_no_sig,5,2335,0.433290035257005,137.73327264451524,49.692307692307686,137.73327264451524,49.692307692307686,0
per_huruf_hybrid_skeleton_forced_loop_no_sig,5,2336,0.4334755984412692,137.642694583523,49.61538461538462,137.642694583523,49.61538461538462,0
per_huruf_hybrid_skeleton_forced_loop_no_sig,5,2337,0.4336611616255335,137.54802002730997,49.53846153846155,137.54802002730997,49.53846153846155,0
per_huruf_hybrid_skeleton_forced_loop_no_sig,5,2338,0.4338467248097977,137.45197997269003,49.46153846153846,137.45197997269003,49.46153846153846,0
per_huruf_hybrid_skeleton_forced_loop_no_sig,5,2339,0.43403228799406196,137.357305416477,49.38461538461538,137.357305416477,49.38461538461538,0
per_huruf_hybrid_skeleton_forced_loop_no_sig,5,2340,0.4342178511783262,137.26672735548476,49.30769230769231,137.26672735548476,49.30769230769231,0
per_huruf_hybrid_skeleton_forced_loop_no_sig,5,2341,0.43440341436259045,137.18297678652706,49.230769230769226,137.18297678652706,49.230769230769226,0
per_huruf_hybrid_skeleton_forced_loop_no_sig,5,2342,0.43458897754685466,137.10878470641785,49.15384615384615,137.10878470641785,49.15384615384615,0
per_huruf_hybrid_skeleton_forced_loop_no_sig,5,2343,0.43477454073111893,137.04688211197086,49.07692307692307,137.04688211197086,49.07692307692307,0
per_huruf_hybrid_skeleton_forced_loop_no_sig,5,2344,0.43496010391538314,137.0,49.0,137.0,49.0,0
per_huruf_hybrid_skeleton_forced_loop_no_sig,5,2345,0.4351456670996474,136.96722803823397,48.923076923076934,136.96722803823397,48.923076923076934,0
per_huruf_hybrid_skeleton_forced_loop_no_sig,5,2346,0.43533123028391163,136.94492489758764,48.84615384615385,136.94492489758764,48.84615384615385,0
per_huruf_hybrid_skeleton_forced_loop_no_sig,5,2347,0.4355167934681759,136.9317250796541,48.76923076923077,136.9317250796541,48.76923076923077,0
per_huruf_hybrid_skeleton_forced_loop_no_sig,5,2348,0.4357023566524401,136.92626308602638,48.692307692307686,136.92626308602638,48.692307692307686,0
per_huruf_hybrid_skeleton_forced_loop_no_sig,5,2349,0.4358879198367044,136.92717341829768,48.61538461538462,136.92717341829768,48.61538461538462,0
per_huruf_hybrid_skeleton_forced_loop_no_sig,5,2350,0.4360734830209686,136.933090578061,48.53846153846154,136.933090578061,48.53846153846154,0
per_huruf_hybrid_skeleton_forced_loop_no_sig,5,2351,0.43625904620523287,136.94264906690944,48.46153846153847,136.94264906690944,48.46153846153847,0
per_huruf_hybrid_skeleton_forced_loop_no_sig,5,2352,0.4364446093894971,136.95448338643607,48.38461538461539,136.95448338643607,48.38461538461539,0
per_huruf_hybrid_skeleton_forced_loop_no_sig,5,2353,0.43663017257376135,136.96722803823397,48.30769230769231,136.96722803823397,48.30769230769231,0
per_huruf_hybrid_skeleton_forced_loop_no_sig,5,2354,0.43681573575802557,136.97951752389622,48.230769230769226,136.97951752389622,48.230769230769226,0
per_huruf_hybrid_skeleton_forced_loop_no_sig,5,2355,0.43700129894228984,136.98998634501595,48.15384615384615,136.98998634501595,48.15384615384615,0
per_huruf_hybrid_skeleton_forced_loop_no_sig,5,2356,0.43718686212655405,136.99726900318615,48.07692307692307,136.99726900318615,48.07692307692307,0
per_huruf_hybrid_skeleton_forced_loop_no_sig,5,2357,0.4373724253108183,137.0,48.0,137.0,48.0,0
per_huruf_hybrid_skeleton_forced_loop_no_sig,5,2358,0.43755798849508254,137.00000000000003,47.92307692307693,137.00000000000003,47.92307692307693,0
per_huruf_hybrid_skeleton_forced_loop_no_sig,5,2359,0.4377435516793468,137.00000000000003,47.84615384615385,137.00000000000003,47.84615384615385,0
per_huruf_hybrid_skeleton_forced_loop_no_sig,5,2360,0.437929114863611,137.0,47.76923076923077,137.0,47.76923076923077,0
per_huruf_hybrid_skeleton_forced_loop_no_sig,5,2361,0.4381146780478753,137.0,47.692307692307686,137.0,47.692307692307686,0
per_huruf_hybrid_skeleton_forced_loop_no_sig,5,2362,0.4383002412321395,137.0,47.61538461538462,137.0,47.61538461538462,0
per_huruf_hybrid_skeleton_forced_loop_no_sig,5,2363,0.4384858044164038,137.0,47.53846153846155,137.0,47.53846153846155,0
per_huruf_hybrid_skeleton_forced_loop_no_sig,5,2364,0.438671367600668,137.0,47.46153846153846,137.0,47.46153846153846,0
per_huruf_hybrid_skeleton_forced_loop_no_sig,5,2365,0.43885693078493226,137.0,47.38461538461539,137.0,47.38461538461539,0
per_huruf_hybrid_skeleton_forced_loop_no_sig,5,2366,0.4390424939691965,137.0,47.30769230769231,137.0,47.30769230769231,0
per_huruf_hybrid_skeleton_forced_loop_no_sig,5,2367,0.43922805715346075,137.0,47.230769230769226,137.0,47.230769230769226,0
per_huruf_hybrid_skeleton_forced_loop_no_sig,5,2368,0.43941362033772496,137.0,47.15384615384616,137.0,47.15384615384616,0
per_huruf_hybrid_skeleton_forced_loop_no_sig,5,2369,0.43959918352198923,137.0,47.07692307692307,137.0,47.07692307692307,0
per_huruf_hybrid_skeleton_forced_loop_no_sig,5,2370,0.43978474670625345,137.0,47.0,137.0,47.0,0
per_huruf_hybrid_skeleton_forced_loop_no_sig,5,2371,0.4399703098905177,137.00000000000003,46.92307692307693,137.00000000000003,46.92307692307693,0
per_huruf_hybrid_skeleton_forced_loop_no_sig,5,2372,0.44015587307478193,137.00000000000003,46.84615384615385,137.00000000000003,46.84615384615385,0
per_huruf_hybrid_skeleton_forced_loop_no_sig,5,2373,0.4403414362590462,137.0,46.76923076923076,137.0,46.76923076923076,0
per_huruf_hybrid_skeleton_forced_loop_no_sig,5,2374,0.4405269994433104,137.0,46.692307692307686,137.0,46.692307692307686,0
per_huruf_hybrid_skeleton_forced_loop_no_sig,5,2375,0.4407125626275747,137.0,46.61538461538462,137.0,46.61538461538462,0
per_huruf_hybrid_skeleton_forced_loop_no_sig,5,2376,0.4408981258118389,137.0,46.53846153846154,137.0,46.53846153846154,0
per_huruf_hybrid_skeleton_forced_loop_no_sig,5,2377,0.4410836889961032,137.0,46.46153846153846,137.0,46.46153846153846,0
per_huruf_hybrid_skeleton_forced_loop_no_sig,5,2378,0.4412692521803674,137.0,46.38461538461539,137.0,46.38461538461539,0
per_huruf_hybrid_skeleton_forced_loop_no_sig,5,2379,0.44145481536463166,137.0,46.30769230769231,137.0,46.30769230769231,0
per_huruf_hybrid_skeleton_forced_loop_no_sig,5,2380,0.4416403785488959,137.0,46.230769230769226,137.0,46.230769230769226,0
per_huruf_hybrid_skeleton_forced_loop_no_sig,5,2381,0.44182594173316014,137.0,46.15384615384615,137.0,46.15384615384615,0
per_huruf_hybrid_skeleton_forced_loop_no_sig,5,2382,0.44201150491742436,137.0,46.07692307692307,137.0,46.07692307692307,0
per_huruf_hybrid_skeleton_forced_loop_no_sig,5,2383,0.44219706810168863,137.0,46.0,137.0,46.0,0
per_huruf_hybrid_skeleton_forced_loop_no_sig,5,2384,0.44238263128595284,136.9972690031862,45.923076923076934,136.9972690031862,45.923076923076934,0
per_huruf_hybrid_skeleton_forced_loop_no_sig,5,2385,0.4425681944702171,136.98998634501595,45.84615384615385,136.98998634501595,45.84615384615385,0
per_huruf_hybrid_skeleton_forced_loop_no_sig,5,2386,0.44275375765448133,136.97951752389622,45.76923076923077,136.97951752389622,45.76923076923077,0
per_huruf_hybrid_skeleton_forced_loop_no_sig,5,2387,0.4429393208387456,136.96722803823394,45.69230769230768,136.96722803823394,45.69230769230768,0
per_huruf_hybrid_skeleton_forced_loop_no_sig,5,2388,0.4431248840230098,136.95448338643607,45.61538461538462,136.95448338643607,45.61538461538462,0
per_huruf_hybrid_skeleton_forced_loop_no_sig,5,2389,0.4433104472072741,136.94264906690944,45.53846153846154,136.94264906690944,45.53846153846154,0
per_huruf_hybrid_skeleton_forced_loop_no_sig,5,2390,0.4434960103915383,136.933090578061,45.46153846153847,136.933090578061,45.46153846153847,0
per_huruf_hybrid_skeleton_forced_loop_no_sig,5,2391,0.4436815735758025,136.92717341829768,45.38461538461539,136.92717341829768,45.38461538461539,0
per_huruf_hybrid_skeleton_forced_loop_no_sig,5,2392,0.4438671367600668,136.9262630860264,45.30769230769231,136.9262630860264,45.30769230769231,0
per_huruf_hybrid_skeleton_forced_loop_no_sig,5,2393,0.444052699944331,136.93172507965406,45.230769230769226,136.93172507965406,45.230769230769226,0
per_huruf_hybrid_skeleton_forced_loop_no_sig,5,2394,0.44423826312859527,136.9449248975876,45.15384615384615,136.9449248975876,45.15384615384615,0
per_huruf_hybrid_skeleton_forced_loop_no_sig,5,2395,0.4444238263128595,136.96722803823394,45.07692307692307,136.96722803823394,45.07692307692307,0
per_huruf_hybrid_skeleton_forced_loop_no_sig,5,2396,0.44460938949712375,137.0,45.0,137.0,45.0,0
per_huruf_hybrid_skeleton_forced_loop_no_sig,5,2397,0.44479495268138797,137.04415111515706,44.92307692307693,137.04415111515706,44.92307692307693,0
per_huruf_hybrid_skeleton_forced_loop_no_sig,5,2398,0.44498051586565224,137.09877105143377,44.84615384615385,137.09877105143377,44.84615384615385,0
per_huruf_hybrid_skeleton_forced_loop_no_sig,5,2399,0.44516607904991645,137.16249431042328,44.76923076923076,137.16249431042328,44.76923076923076,0
per_huruf_hybrid_skeleton_forced_loop_no_sig,5,2400,0.4453516422341807,137.23395539371867,44.69230769230769,137.23395539371867,44.69230769230769,0
per_huruf_hybrid_skeleton_forced_loop_no_sig,5,2401,0.44553720541844494,137.31178880291304,44.61538461538462,137.31178880291304,44.61538461538462,0
per_huruf_hybrid_skeleton_forced_loop_no_sig,5,2402,0.4457227686027092,137.39462903959947,44.53846153846154,137.39462903959947,44.53846153846154,0
per_huruf_hybrid_skeleton_forced_loop_no_sig,5,2403,0.4459083317869734,137.48111060537096,44.46153846153846,137.48111060537096,44.46153846153846,0
per_huruf_hybrid_skeleton_forced_loop_no_sig,5,2404,0.4460938949712377,137.56986800182065,44.38461538461539,137.56986800182065,44.38461538461539,0
per_huruf_hybrid_skeleton_forced_loop_no_sig,5,2405,0.4462794581555019,137.65953573054165,44.30769230769231,137.65953573054165,44.30769230769231,0
per_huruf_hybrid_skeleton_forced_loop_no_sig,5,2406,0.4464650213397662,137.748748293127,44.230769230769226,137.748748293127,44.230769230769226,0
per_huruf_hybrid_skeleton_forced_loop_no_sig,5,2407,0.4466505845240304,137.8361401911698,44.15384615384615,137.8361401911698,44.15384615384615,0
per_huruf_hybrid_skeleton_forced_loop_no_sig,5,2408,0.44683614770829466,137.92034592626308,44.07692307692307,137.92034592626308,44.07692307692307,0
per_huruf_hybrid_skeleton_forced_loop_no_sig,5,2409,0.4470217108925589,138.0,44.0,138.0,44.0,0
per_huruf_hybrid_skeleton_forced_loop_no_sig,5,2410,0.44720727407682315,138.0769230769231,43.92307692307693,138.0769230769231,43.92307692307693,0
per_huruf_hybrid_skeleton_forced_loop_no_sig,5,2411,0.44739283726108736,138.15384615384616,43.84615384615385,138.15384615384616,43.84615384615385,0
per_huruf_hybrid_skeleton_forced_loop_no_sig,5,2412,0.44757840044535163,138.23076923076923,43.76923076923076,138.23076923076923,43.76923076923076,0
per_huruf_hybrid_skeleton_forced_loop_no_sig,5,2413,0.44776396362961585,138.3076923076923,43.692307692307686,138.3076923076923,43.692307692307686,0
per_huruf_hybrid_skeleton_forced_loop_no_sig,5,2414,0.4479495268138801,138.3846153846154,43.61538461538462,138.3846153846154,43.61538461538462,0
per_huruf_hybrid_skeleton_forced_loop_no_sig,5,2415,0.44813508999814433,138.46153846153848,43.53846153846153,138.46153846153848,43.53846153846153,0
per_huruf_hybrid_skeleton_forced_loop_no_sig,5,2416,0.4483206531824086,138.53846153846155,43.46153846153846,138.53846153846155,43.46153846153846,0
per_huruf_hybrid_skeleton_forced_loop_no_sig,5,2417,0.4485062163666728,138.6153846153846,43.38461538461539,138.6153846153846,43.38461538461539,0
per_huruf_hybrid_skeleton_forced_loop_no_sig,5,2418,0.4486917795509371,138.69230769230768,43.30769230769231,138.69230769230768,43.30769230769231,0
per_huruf_hybrid_skeleton_forced_loop_no_sig,5,2419,0.4488773427352013,138.76923076923075,43.230769230769226,138.76923076923075,43.230769230769226,0
per_huruf_hybrid_skeleton_forced_loop_no_sig,5,2420,0.44906290591946557,138.84615384615387,43.15384615384616,138.84615384615387,43.15384615384616,0
per_huruf_hybrid_skeleton_forced_loop_no_sig,5,2421,0.4492484691037298,138.9230769230769,43.07692307692307,138.9230769230769,43.07692307692307,0
per_huruf_hybrid_skeleton_forced_loop_no_sig,5,2422,0.44943403228799406,139.0,43.0,139.0,43.0,0
per_huruf_hybrid_skeleton_forced_loop_no_sig,5,2423,0.44961959547225827,139.0769230769231,42.92307692307693,139.0769230769231,42.92307692307693,0
per_huruf_hybrid_skeleton_forced_loop_no_sig,5,2424,0.44980515865652254,139.15384615384616,42.84615384615384,139.15384615384616,42.84615384615384,0
per_huruf_hybrid_skeleton_forced_loop_no_sig,5,2425,0.44999072184078676,139.2307692307692,42.76923076923076,139.2307692307692,42.76923076923076,0
per_huruf_hybrid_skeleton_forced_loop_no_sig,5,2426,0.450176285025051,139.3076923076923,42.692307692307686,139.3076923076923,42.692307692307686,0
per_huruf_hybrid_skeleton_forced_loop_no_sig,5,2427,0.45036184820931524,139.3846153846154,42.61538461538462,139.3846153846154,42.61538461538462,0
per_huruf_hybrid_skeleton_forced_loop_no_sig,5,2428,0.4505474113935795,139.46153846153848,42.53846153846154,139.46153846153848,42.53846153846154,0
per_huruf_hybrid_skeleton_forced_loop_no_sig,5,2429,0.4507329745778437,139.53846153846155,42.46153846153847,139.53846153846155,42.46153846153847,0
per_huruf_hybrid_skeleton_forced_loop_no_sig,5,2430,0.450918537762108,139.6153846153846,42.38461538461539,139.6153846153846,42.38461538461539,0
per_huruf_hybrid_skeleton_forced_loop_no_sig,5,2431,0.4511041009463722,139.69230769230768,42.30769230769231,139.69230769230768,42.30769230769231,0
per_huruf_hybrid_skeleton_forced_loop_no_sig,5,2432,0.4512896641306365,139.76923076923077,42.230769230769226,139.76923076923077,42.230769230769226,0
per_huruf_hybrid_skeleton_forced_loop_no_sig,5,2433,0.4514752273149007,139.84615384615387,42.15384615384616,139.84615384615387,42.15384615384616,0
per_huruf_hybrid_skeleton_forced_loop_no_sig,5,2434,0.45166079049916497,139.9230769230769,42.07692307692307,139.9230769230769,42.07692307692307,0
per_huruf_hybrid_skeleton_forced_loop_no_sig,5,2435,0.4518463536834292,140.0,42.0,140.0,42.0,0
per_huruf_hybrid_skeleton_forced_loop_no_sig,5,2436,0.45203191686769345,140.0769230769231,41.92307692307693,140.0769230769231,41.92307692307693,0
per_huruf_hybrid_skeleton_forced_loop_no_sig,5,2437,0.45221748005195767,140.15384615384616,41.84615384615385,140.15384615384616,41.84615384615385,0
per_huruf_hybrid_skeleton_forced_loop_no_sig,5,2438,0.45240304323622194,140.23076923076923,41.76923076923076,140.23076923076923,41.76923076923076,0
per_huruf_hybrid_skeleton_forced_loop_no_sig,5,2439,0.45258860642048615,140.3076923076923,41.69230769230769,140.3076923076923,41.69230769230769,0
per_huruf_hybrid_skeleton_forced_loop_no_sig,5,2440,0.4527741696047504,140.3846153846154,41.61538461538462,140.3846153846154,41.61538461538462,0
per_huruf_hybrid_skeleton_forced_loop_no_sig,5,2441,0.45295973278901464,140.46153846153845,41.53846153846154,140.46153846153845,41.53846153846154,0
per_huruf_hybrid_skeleton_forced_loop_no_sig,5,2442,0.4531452959732789,140.53846153846155,41.46153846153846,140.53846153846155,41.46153846153846,0
per_huruf_hybrid_skeleton_forced_loop_no_sig,5,2443,0.4533308591575431,140.6153846153846,41.38461538461539,140.6153846153846,41.38461538461539,0
per_huruf_hybrid_skeleton_forced_loop_no_sig,5,2444,0.4535164223418074,140.69230769230768,41.30769230769231,140.69230769230768,41.30769230769231,0
per_huruf_hybrid_skeleton_forced_loop_no_sig,5,2445,0.4537019855260716,140.76923076923075,41.230769230769226,140.76923076923075,41.230769230769226,0
per_huruf_hybrid_skeleton_forced_loop_no_sig,5,2446,0.4538875487103359,140.84615384615387,41.15384615384616,140.84615384615387,41.15384615384616,0
per_huruf_hybrid_skeleton_forced_loop_no_sig,5,2447,0.4540731118946001,140.9230769230769,41.07692307692307,140.9230769230769,41.07692307692307,0
per_huruf_hybrid_skeleton_forced_loop_no_sig,5,2448,0.4542586750788643,141.0,41.0,141.0,41.0,0
per_huruf_hybrid_skeleton_forced_loop_no_sig,5,2449,0.4544442382631286,141.0769230769231,40.92307692307693,141.0769230769231,40.92307692307693,0
per_huruf_hybrid_skeleton_forced_loop_no_sig,5,2450,0.4546298014473928,141.1538461538462,40.846153846153854,141.1538461538462,40.846153846153854,0
per_huruf_hybrid_skeleton_forced_loop_no_sig,5,2451,0.45481536463165706,141.2307692307692,40.76923076923076,141.2307692307692,40.76923076923076,0
per_huruf_hybrid_skeleton_forced_loop_no_sig,5,2452,0.4550009278159213,141.3076923076923,40.69230769230769,141.3076923076923,40.69230769230769,0
per_huruf_hybrid_skeleton_forced_loop_no_sig,5,2453,0.45518649100018554,141.3846153846154,40.61538461538462,141.3846153846154,40.61538461538462,0
per_huruf_hybrid_skeleton_forced_loop_no_sig,5,2454,0.45537205418444976,141.46153846153845,40.53846153846154,141.46153846153845,40.53846153846154,0
per_huruf_hybrid_skeleton_forced_loop_no_sig,5,2455,0.45555761736871403,141.53846153846155,40.46153846153845,141.53846153846155,40.46153846153845,0
per_huruf_hybrid_skeleton_forced_loop_no_sig,5,2456,0.45574318055297824,141.6153846153846,40.38461538461539,141.6153846153846,40.38461538461539,0
per_huruf_hybrid_skeleton_forced_loop_no_sig,5,2457,0.4559287437372425,141.69230769230768,40.30769230769231,141.69230769230768,40.30769230769231,0
per_huruf_hybrid_skeleton_forced_loop_no_sig,5,2458,0.45611430692150673,141.76923076923077,40.230769230769226,141.76923076923077,40.230769230769226,0
per_huruf_hybrid_skeleton_forced_loop_no_sig,5,2459,0.456299870105771,141.84615384615387,40.15384615384615,141.84615384615387,40.15384615384615,0
per_huruf_hybrid_skeleton_forced_loop_no_sig,5,2460,0.4564854332900352,141.9230769230769,40.07692307692308,141.9230769230769,40.07692307692308,0
per_huruf_hybrid_skeleton_forced_loop_no_sig,5,2461,0.4566709964742995,142.0,40.0,142.0,40.0,0
per_huruf_hybrid_skeleton_forced_loop_no_sig,5,2462,0.4568565596585637,142.0769230769231,39.923076923076934,142.0769230769231,39.923076923076934,0
per_huruf_hybrid_skeleton_forced_loop_no_sig,5,2463,0.45704212284282797,142.15384615384616,39.84615384615384,142.15384615384616,39.84615384615384,0
per_huruf_hybrid_skeleton_forced_loop_no_sig,5,2464,0.4572276860270922,142.23076923076923,39.76923076923077,142.23076923076923,39.76923076923077,0
per_huruf_hybrid_skeleton_forced_loop_no_sig,5,2465,0.45741324921135645,142.3076923076923,39.692307692307686,142.3076923076923,39.692307692307686,0
per_huruf_hybrid_skeleton_forced_loop_no_sig,5,2466,0.45759881239562067,142.3846153846154,39.61538461538462,142.3846153846154,39.61538461538462,0
per_huruf_hybrid_skeleton_forced_loop_no_sig,5,2467,0.45778437557988494,142.46153846153848,39.53846153846154,142.46153846153848,39.53846153846154,0
per_huruf_hybrid_skeleton_forced_loop_no_sig,5,2468,0.45796993876414915,142.53846153846152,39.46153846153846,142.53846153846152,39.46153846153846,0
per_huruf_hybrid_skeleton_forced_loop_no_sig,5,2469,0.4581555019484134,142.6153846153846,39.38461538461539,142.6153846153846,39.38461538461539,0
per_huruf_hybrid_skeleton_forced_loop_no_sig,5,2470,0.45834106513267764,142.69230769230768,39.30769230769231,142.69230769230768,39.30769230769231,0
per_huruf_hybrid_skeleton_forced_loop_no_sig,5,2471,0.4585266283169419,142.76923076923077,39.230769230769226,142.76923076923077,39.230769230769226,0
per_huruf_hybrid_skeleton_forced_loop_no_sig,5,2472,0.4587121915012061,142.84615384615387,39.15384615384615,142.84615384615387,39.15384615384615,0
per_huruf_hybrid_skeleton_forced_loop_no_sig,5,2473,0.4588977546854704,142.9230769230769,39.07692307692308,142.9230769230769,39.07692307692308,0
per_huruf_hybrid_skeleton_forced_loop_no_sig,5,2474,0.4590833178697346,143.0,39.0,143.0,39.0,0
per_huruf_hybrid_skeleton_forced_loop_no_sig,5,2475,0.4592688810539989,143.0769230769231,38.923076923076934,143.0769230769231,38.923076923076934,0
per_huruf_hybrid_skeleton_forced_loop_no_sig,5,2476,0.4594544442382631,143.15384615384616,38.846153846153854,143.15384615384616,38.846153846153854,0
per_huruf_hybrid_skeleton_forced_loop_no_sig,5,2477,0.45964000742252736,143.2307692307692,38.76923076923076,143.2307692307692,38.76923076923076,0
per_huruf_hybrid_skeleton_forced_loop_no_sig,5,2478,0.4598255706067916,143.30769230769232,38.692307692307686,143.30769230769232,38.692307692307686,0
per_huruf_hybrid_skeleton_forced_loop_no_sig,5,2479,0.46001113379105585,143.3846153846154,38.61538461538462,143.3846153846154,38.61538461538462,0
per_huruf_hybrid_skeleton_forced_loop_no_sig,5,2480,0.46019669697532006,143.46153846153848,38.53846153846154,143.46153846153848,38.53846153846154,0
per_huruf_hybrid_skeleton_forced_loop_no_sig,5,2481,0.46038226015958433,143.53846153846155,38.46153846153846,143.53846153846155,38.46153846153846,0
per_huruf_hybrid_skeleton_forced_loop_no_sig,5,2482,0.46056782334384855,143.6153846153846,38.38461538461539,143.6153846153846,38.38461538461539,0
per_huruf_hybrid_skeleton_forced_loop_no_sig,5,2483,0.4607533865281128,143.69230769230768,38.30769230769231,143.69230769230768,38.30769230769231,0
per_huruf_hybrid_skeleton_forced_loop_no_sig,5,2484,0.46093894971237703,143.76923076923077,38.230769230769226,143.76923076923077,38.230769230769226,0
per_huruf_hybrid_skeleton_forced_loop_no_sig,5,2485,0.4611245128966413,143.84615384615387,38.15384615384615,143.84615384615387,38.15384615384615,0
per_huruf_hybrid_skeleton_forced_loop_no_sig,5,2486,0.4613100760809055,143.9230769230769,38.07692307692308,143.9230769230769,38.07692307692308,0
per_huruf_hybrid_skeleton_forced_loop_no_sig,5,2487,0.4614956392651698,144.0,38.0,144.0,38.0,0
per_huruf_hybrid_skeleton_forced_loop_no_sig,5,2488,0.461681202449434,144.07692307692312,37.92307692307693,144.07692307692312,37.92307692307693,0
per_huruf_hybrid_skeleton_forced_loop_no_sig,5,2489,0.4618667656336983,144.15384615384616,37.84615384615385,144.15384615384616,37.84615384615385,0
per_huruf_hybrid_skeleton_forced_loop_no_sig,5,2490,0.4620523288179625,144.2307692307692,37.76923076923077,144.2307692307692,37.76923076923077,0
per_huruf_hybrid_skeleton_forced_loop_no_sig,5,2491,0.46223789200222676,144.30769230769232,37.69230769230769,144.30769230769232,37.69230769230769,0
per_huruf_hybrid_skeleton_forced_loop_no_sig,5,2492,0.462423455186491,144.3846153846154,37.61538461538461,144.3846153846154,37.61538461538461,0
per_huruf_hybrid_skeleton_forced_loop_no_sig,5,2493,0.46260901837075524,144.46153846153845,37.53846153846154,144.46153846153845,37.53846153846154,0
per_huruf_hybrid_skeleton_forced_loop_no_sig,5,2494,0.46279458155501946,144.53846153846155,37.46153846153847,144.53846153846155,37.46153846153847,0
per_huruf_hybrid_skeleton_forced_loop_no_sig,5,2495,0.4629801447392837,144.6153846153846,37.38461538461539,144.6153846153846,37.38461538461539,0
per_huruf_hybrid_skeleton_forced_loop_no_sig,5,2496,0.46316570792354794,144.69230769230768,37.30769230769231,144.69230769230768,37.30769230769231,0
per_huruf_hybrid_skeleton_forced_loop_no_sig,5,2497,0.4633512711078122,144.76923076923075,37.230769230769226,144.76923076923075,37.230769230769226,0
per_huruf_hybrid_skeleton_forced_loop_no_sig,5,2498,0.4635368342920764,144.84615384615384,37.15384615384615,144.84615384615384,37.15384615384615,0
per_huruf_hybrid_skeleton_forced_loop_no_sig,5,2499,0.4637223974763407,144.9230769230769,37.07692307692308,144.9230769230769,37.07692307692308,0
per_huruf_hybrid_skeleton_forced_loop_no_sig,5,2500,0.4639079606606049,145.0,37.0,145.0,37.0,0
per_huruf_hybrid_skeleton_forced_loop_no_sig,5,2501,0.4640935238448692,145.0769230769231,36.92307692307693,145.0769230769231,36.92307692307693,0
per_huruf_hybrid_skeleton_forced_loop_no_sig,5,2502,0.4642790870291334,145.15384615384616,36.84615384615385,145.15384615384616,36.84615384615385,0
per_huruf_hybrid_skeleton_forced_loop_no_sig,5,2503,0.46446465021339767,145.23076923076923,36.76923076923076,145.23076923076923,36.76923076923076,0
per_huruf_hybrid_skeleton_forced_loop_no_sig,5,2504,0.4646502133976619,145.30769230769226,36.69230769230769,145.30769230769226,36.69230769230769,0
per_huruf_hybrid_skeleton_forced_loop_no_sig,5,2505,0.4648357765819261,145.3846153846154,36.61538461538461,145.3846153846154,36.61538461538461,0
per_huruf_hybrid_skeleton_forced_loop_no_sig,5,2506,0.46502133976619037,145.46153846153845,36.53846153846154,145.46153846153845,36.53846153846154,0
per_huruf_hybrid_skeleton_forced_loop_no_sig,5,2507,0.4652069029504546,145.53846153846155,36.46153846153846,145.53846153846155,36.46153846153846,0
per_huruf_hybrid_skeleton_forced_loop_no_sig,5,2508,0.46539246613471885,145.6153846153846,36.38461538461539,145.6153846153846,36.38461538461539,0
per_huruf_hybrid_skeleton_forced_loop_no_sig,5,2509,0.46557802931898307,145.69230769230768,36.30769230769231,145.69230769230768,36.30769230769231,0
per_huruf_hybrid_skeleton_forced_loop_no_sig,5,2510,0.46576359250324734,145.76923076923077,36.230769230769226,145.76923076923077,36.230769230769226,0
per_huruf_hybrid_skeleton_forced_loop_no_sig,5,2511,0.46594915568751155,145.84615384615384,36.15384615384616,145.84615384615384,36.15384615384616,0
per_huruf_hybrid_skeleton_forced_loop_no_sig,5,2512,0.4661347188717758,145.9230769230769,36.07692307692308,145.9230769230769,36.07692307692308,0
per_huruf_hybrid_skeleton_forced_loop_no_sig,5,2513,0.46632028205604004,146.0,36.0,146.0,36.0,0
per_huruf_hybrid_skeleton_forced_loop_no_sig,5,2514,0.4665058452403043,146.07692307692312,35.92307692307693,146.07692307692312,35.92307692307693,0
per_huruf_hybrid_skeleton_forced_loop_no_sig,5,2515,0.4666914084245685,146.1538461538462,35.84615384615384,146.1538461538462,35.84615384615384,0
per_huruf_hybrid_skeleton_forced_loop_no_sig,5,2516,0.4668769716088328,146.2307692307692,35.76923076923076,146.2307692307692,35.76923076923076,0
per_huruf_hybrid_skeleton_forced_loop_no_sig,5,2517,0.467062534793097,146.3076923076923,35.692307692307686,146.3076923076923,35.692307692307686,0
per_huruf_hybrid_skeleton_forced_loop_no_sig,5,2518,0.4672480979773613,146.3846153846154,35.61538461538461,146.3846153846154,35.61538461538461,0
per_huruf_hybrid_skeleton_forced_loop_no_sig,5,2519,0.4674336611616255,146.46153846153848,35.53846153846155,146.46153846153848,35.53846153846155,0
per_huruf_hybrid_skeleton_forced_loop_no_sig,5,2520,0.46761922434588976,146.53846153846155,35.46153846153847,146.53846153846155,35.46153846153847,0
per_huruf_hybrid_skeleton_forced_loop_no_sig,5,2521,0.467804787530154,146.6153846153846,35.38461538461539,146.6153846153846,35.38461538461539,0
per_huruf_hybrid_skeleton_forced_loop_no_sig,5,2522,0.46799035071441825,146.69230769230768,35.30769230769231,146.69230769230768,35.30769230769231,0
per_huruf_hybrid_skeleton_forced_loop_no_sig,5,2523,0.46817591389868246,146.76923076923077,35.230769230769226,146.76923076923077,35.230769230769226,0
per_huruf_hybrid_skeleton_forced_loop_no_sig,5,2524,0.46836147708294673,146.84615384615384,35.15384615384616,146.84615384615384,35.15384615384616,0
per_huruf_hybrid_skeleton_forced_loop_no_sig,5,2525,0.46854704026721095,146.9230769230769,35.07692307692307,146.9230769230769,35.07692307692307,0
per_huruf_hybrid_skeleton_forced_loop_no_sig,5,2526,0.4687326034514752,147.0,35.0,147.0,35.0,0
per_huruf_hybrid_skeleton_forced_loop_no_sig,5,2527,0.46891816663573943,147.07692307692307,34.92307692307693,147.07692307692307,34.92307692307693,0
per_huruf_hybrid_skeleton_forced_loop_no_sig,5,2528,0.4691037298200037,147.15384615384616,34.84615384615385,147.15384615384616,34.84615384615385,0
per_huruf_hybrid_skeleton_forced_loop_no_sig,5,2529,0.4692892930042679,147.23076923076923,34.76923076923076,147.23076923076923,34.76923076923076,0
per_huruf_hybrid_skeleton_forced_loop_no_sig,5,2530,0.4694748561885322,147.3076923076923,34.69230769230769,147.3076923076923,34.69230769230769,0
per_huruf_hybrid_skeleton_forced_loop_no_sig,5,2531,0.4696604193727964,147.38461538461542,34.61538461538461,147.38461538461542,34.61538461538461,0
per_huruf_hybrid_skeleton_forced_loop_no_sig,5,2532,0.46984598255706067,147.46153846153848,34.53846153846154,147.46153846153848,34.53846153846154,0
per_huruf_hybrid_skeleton_forced_loop_no_sig,5,2533,0.4700315457413249,147.53846153846155,34.46153846153846,147.53846153846155,34.46153846153846,0
per_huruf_hybrid_skeleton_forced_loop_no_sig,5,2534,0.47021710892558916,147.6153846153846,34.38461538461539,147.6153846153846,34.38461538461539,0
per_huruf_hybrid_skeleton_forced_loop_no_sig,5,2535,0.47040267210985337,147.69230769230768,34.30769230769231,147.69230769230768,34.30769230769231,0
per_huruf_hybrid_skeleton_forced_loop_no_sig,5,2536,0.47058823529411764,147.76923076923077,34.230769230769226,147.76923076923077,34.230769230769226,0
per_huruf_hybrid_skeleton_forced_loop_no_sig,5,2537,0.47077379847838186,147.84615384615384,34.15384615384616,147.84615384615384,34.15384615384616,0
per_huruf_hybrid_skeleton_forced_loop_no_sig,5,2538,0.4709593616626461,147.9230769230769,34.07692307692307,147.9230769230769,34.07692307692307,0
per_huruf_hybrid_skeleton_forced_loop_no_sig,5,2539,0.47114492484691034,148.0,34.0,148.0,34.0,0
per_huruf_hybrid_skeleton_forced_loop_no_sig,5,2540,0.4713304880311746,148.0769230769231,33.92034592626309,148.0769230769231,33.92034592626309,0
per_huruf_hybrid_skeleton_forced_loop_no_sig,5,2541,0.4715160512154388,148.15384615384616,33.83614019116978,148.15384615384616,33.83614019116978,0
per_huruf_hybrid_skeleton_forced_loop_no_sig,5,2542,0.4717016143997031,148.2307692307692,33.74874829312699,148.2307692307692,33.74874829312699,0
per_huruf_hybrid_skeleton_forced_loop_no_sig,5,2543,0.4718871775839673,148.3076923076923,33.65953573054164,148.3076923076923,33.65953573054164,0
per_huruf_hybrid_skeleton_forced_loop_no_sig,5,2544,0.4720727407682316,148.38461538461542,33.569868001820666,148.38461538461542,33.569868001820666,0
per_huruf_hybrid_skeleton_forced_loop_no_sig,5,2545,0.4722583039524958,148.46153846153848,33.481110605370965,148.46153846153848,33.481110605370965,0
per_huruf_hybrid_skeleton_forced_loop_no_sig,5,2546,0.47244386713676007,148.53846153846152,33.39462903959945,148.53846153846152,33.39462903959945,0
per_huruf_hybrid_skeleton_forced_loop_no_sig,5,2547,0.4726294303210243,148.61538461538464,33.311788802913064,148.61538461538464,33.311788802913064,0
per_huruf_hybrid_skeleton_forced_loop_no_sig,5,2548,0.47281499350528855,148.6923076923077,33.2339553937187,148.6923076923077,33.2339553937187,0
per_huruf_hybrid_skeleton_forced_loop_no_sig,5,2549,0.47300055668955276,148.76923076923075,33.1624943104233,148.76923076923075,33.1624943104233,0
per_huruf_hybrid_skeleton_forced_loop_no_sig,5,2550,0.47318611987381703,148.84615384615384,33.09877105143377,148.84615384615384,33.09877105143377,0
per_huruf_hybrid_skeleton_forced_loop_no_sig,5,2551,0.47337168305808125,148.9230769230769,33.04415111515703,148.9230769230769,33.04415111515703,0
per_huruf_hybrid_skeleton_forced_loop_no_sig,5,2552,0.4735572462423455,149.0,33.0,149.0,33.0,0
per_huruf_hybrid_skeleton_forced_loop_no_sig,5,2553,0.47374280942660973,149.0769230769231,32.96995903504779,149.0769230769231,32.96995903504779,0
per_huruf_hybrid_skeleton_forced_loop_no_sig,5,2554,0.473928372610874,149.15384615384616,32.9549385525717,149.15384615384616,32.9549385525717,0
per_huruf_hybrid_skeleton_forced_loop_no_sig,5,2555,0.4741139357951382,149.23076923076923,32.95220755575785,149.23076923076923,32.95220755575785,0
per_huruf_hybrid_skeleton_forced_loop_no_sig,5,2556,0.4742994989794025,149.3076923076923,32.95903504779245,149.3076923076923,32.95903504779245,0
per_huruf_hybrid_skeleton_forced_loop_no_sig,5,2557,0.4744850621636667,149.38461538461542,32.97269003186163,149.38461538461542,32.97269003186163,0
per_huruf_hybrid_skeleton_forced_loop_no_sig,5,2558,0.474670625347931,149.46153846153848,32.99044151115157,149.46153846153848,32.99044151115157,0
per_huruf_hybrid_skeleton_forced_loop_no_sig,5,2559,0.4748561885321952,149.53846153846155,33.00955848884843,149.53846153846155,33.00955848884843,0
per_huruf_hybrid_skeleton_forced_loop_no_sig,5,2560,0.47504175171645946,149.6153846153846,33.027309968138375,149.6153846153846,33.027309968138375,0
per_huruf_hybrid_skeleton_forced_loop_no_sig,5,2561,0.4752273149007237,149.69230769230768,33.04096495220755,149.69230769230768,33.04096495220755,0
per_huruf_hybrid_skeleton_forced_loop_no_sig,5,2562,0.4754128780849879,149.76923076923077,33.04779244424215,149.76923076923077,33.04779244424215,0
per_huruf_hybrid_skeleton_forced_loop_no_sig,5,2563,0.47559844126925216,149.84615384615384,33.04506144742831,149.84615384615384,33.04506144742831,0
per_huruf_hybrid_skeleton_forced_loop_no_sig,5,2564,0.4757840044535164,149.9230769230769,33.03004096495221,149.9230769230769,33.03004096495221,0
per_huruf_hybrid_skeleton_forced_loop_no_sig,5,2565,0.47596956763778064,150.0,33.0,150.0,33.0,0
per_huruf_hybrid_skeleton_forced_loop_no_sig,5,2566,0.47615513082204486,150.07692307692312,32.95584888484297,150.07692307692312,32.95584888484297,0
per_huruf_hybrid_skeleton_forced_loop_no_sig,5,2567,0.47634069400630913,150.15384615384616,32.90122894856623,150.15384615384616,32.90122894856623,0
per_huruf_hybrid_skeleton_forced_loop_no_sig,5,2568,0.47652625719057334,150.2307692307692,32.83750568957669,150.2307692307692,32.83750568957669,0
per_huruf_hybrid_skeleton_forced_loop_no_sig,5,2569,0.4767118203748376,150.3076923076923,32.7660446062813,150.3076923076923,32.7660446062813,0
per_huruf_hybrid_skeleton_forced_loop_no_sig,5,2570,0.47689738355910183,150.38461538461542,32.688211197086936,150.38461538461542,32.688211197086936,0
per_huruf_hybrid_skeleton_forced_loop_no_sig,5,2571,0.4770829467433661,150.46153846153848,32.60537096040055,150.46153846153848,32.60537096040055,0
per_huruf_hybrid_skeleton_forced_loop_no_sig,5,2572,0.4772685099276303,150.53846153846155,32.51888939462904,150.53846153846155,32.51888939462904,0
per_huruf_hybrid_skeleton_forced_loop_no_sig,5,2573,0.4774540731118946,150.61538461538464,32.43013199817934,150.61538461538464,32.43013199817934,0
per_huruf_hybrid_skeleton_forced_loop_no_sig,5,2574,0.4776396362961588,150.69230769230768,32.34046426945835,150.69230769230768,32.34046426945835,0
per_huruf_hybrid_skeleton_forced_loop_no_sig,5,2575,0.47782519948042307,150.76923076923075,32.251251706873006,150.76923076923075,32.251251706873006,0
per_huruf_hybrid_skeleton_forced_loop_no_sig,5,2576,0.4780107626646873,150.84615384615384,32.163859808830225,150.84615384615384,32.163859808830225,0
per_huruf_hybrid_skeleton_forced_loop_no_sig,5,2577,0.47819632584895155,150.9230769230769,32.07965407373691,150.9230769230769,32.07965407373691,0
per_huruf_hybrid_skeleton_forced_loop_no_sig,5,2578,0.47838188903321577,151.0,32.0,151.0,32.0,0
per_huruf_hybrid_skeleton_forced_loop_no_sig,5,2579,0.47856745221748004,151.0769230769231,31.923076923076927,151.0769230769231,31.923076923076927,0
per_huruf_hybrid_skeleton_forced_loop_no_sig,5,2580,0.47875301540174425,151.15384615384616,31.846153846153847,151.15384615384616,31.846153846153847,0
per_huruf_hybrid_skeleton_forced_loop_no_sig,5,2581,0.4789385785860085,151.23076923076923,31.769230769230766,151.23076923076923,31.769230769230766,0
per_huruf_hybrid_skeleton_forced_loop_no_sig,5,2582,0.47912414177027274,151.3076923076923,31.69230769230769,151.3076923076923,31.69230769230769,0
per_huruf_hybrid_skeleton_forced_loop_no_sig,5,2583,0.479309704954537,151.38461538461542,31.61538461538462,151.38461538461542,31.61538461538462,0
per_huruf_hybrid_skeleton_forced_loop_no_sig,5,2584,0.4794952681388012,151.46153846153848,31.53846153846154,151.46153846153848,31.53846153846154,0
per_huruf_hybrid_skeleton_forced_loop_no_sig,5,2585,0.4796808313230655,151.53846153846152,31.46153846153846,151.53846153846152,31.46153846153846,0
per_huruf_hybrid_skeleton_forced_loop_no_sig,5,2586,0.4798663945073297,151.61538461538464,31.384615384615383,151.61538461538464,31.384615384615383,0
per_huruf_hybrid_skeleton_forced_loop_no_sig,5,2587,0.480051957691594,151.69230769230768,31.307692307692307,151.69230769230768,31.307692307692307,0
per_huruf_hybrid_skeleton_forced_loop_no_sig,5,2588,0.4802375208758582,151.76923076923077,31.230769230769226,151.76923076923077,31.230769230769226,0
per_huruf_hybrid_skeleton_forced_loop_no_sig,5,2589,0.48042308406012246,151.84615384615384,31.153846153846153,151.84615384615384,31.153846153846153,0
per_huruf_hybrid_skeleton_forced_loop_no_sig,5,2590,0.4806086472443867,151.9230769230769,31.076923076923073,151.9230769230769,31.076923076923073,0
per_huruf_hybrid_skeleton_forced_loop_no_sig,5,2591,0.48079421042865095,152.0,31.0,152.0,31.0,0
per_huruf_hybrid_skeleton_forced_loop_no_sig,5,2592,0.48097977361291516,152.0769230769231,30.923076923076927,152.0769230769231,30.923076923076927,0
per_huruf_hybrid_skeleton_forced_loop_no_sig,5,2593,0.48116533679717943,152.15384615384616,30.846153846153847,152.15384615384616,30.846153846153847,0
per_huruf_hybrid_skeleton_forced_loop_no_sig,5,2594,0.48135089998144365,152.2307692307692,30.769230769230763,152.2307692307692,30.769230769230763,0
per_huruf_hybrid_skeleton_forced_loop_no_sig,5,2595,0.4815364631657079,152.30769230769232,30.69230769230769,152.30769230769232,30.69230769230769,0
per_huruf_hybrid_skeleton_forced_loop_no_sig,5,2596,0.48172202634997213,152.38461538461542,30.61538461538462,152.38461538461542,30.61538461538462,0
per_huruf_hybrid_skeleton_forced_loop_no_sig,5,2597,0.4819075895342364,152.46153846153848,30.53846153846154,152.46153846153848,30.53846153846154,0
per_huruf_hybrid_skeleton_forced_loop_no_sig,5,2598,0.4820931527185006,152.53846153846152,30.461538461538463,152.53846153846152,30.461538461538463,0
per_huruf_hybrid_skeleton_forced_loop_no_sig,5,2599,0.4822787159027649,152.6153846153846,30.384615384615387,152.6153846153846,30.384615384615387,0
per_huruf_hybrid_skeleton_forced_loop_no_sig,5,2600,0.4824642790870291,152.69230769230768,30.30769230769231,152.69230769230768,30.30769230769231,0
per_huruf_hybrid_skeleton_forced_loop_no_sig,5,2601,0.48264984227129337,152.76923076923075,30.230769230769226,152.76923076923075,30.230769230769226,0
per_huruf_hybrid_skeleton_forced_loop_no_sig,5,2602,0.4828354054555576,152.84615384615384,30.153846153846153,152.84615384615384,30.153846153846153,0
per_huruf_hybrid_skeleton_forced_loop_no_sig,5,2603,0.48302096863982186,152.9230769230769,30.076923076923073,152.9230769230769,30.076923076923073,0
per_huruf_hybrid_skeleton_forced_loop_no_sig,5,2604,0.48320653182408607,153.0,30.0,153.0,30.0,0
per_huruf_hybrid_skeleton_forced_loop_no_sig,5,2605,0.48339209500835034,153.07692307692312,29.92034592626309,153.07692307692312,29.92034592626309,0
per_huruf_hybrid_skeleton_forced_loop_no_sig,5,2606,0.48357765819261456,153.1538461538462,29.83614019116978,153.1538461538462,29.83614019116978,0
per_huruf_hybrid_skeleton_forced_loop_no_sig,5,2607,0.4837632213768788,153.2307692307692,29.74874829312699,153.2307692307692,29.74874829312699,0
per_huruf_hybrid_skeleton_forced_loop_no_sig,5,2608,0.48394878456114304,153.3076923076923,29.659535730541645,153.3076923076923,29.659535730541645,0
per_huruf_hybrid_skeleton_forced_loop_no_sig,5,2609,0.4841343477454073,153.38461538461542,29.56986800182067,153.38461538461542,29.56986800182067,0
per_huruf_hybrid_skeleton_forced_loop_no_sig,5,2610,0.4843199109296715,153.46153846153848,29.48111060537096,153.46153846153848,29.48111060537096,0
per_huruf_hybrid_skeleton_forced_loop_no_sig,5,2611,0.4845054741139358,153.53846153846155,29.394629039599458,153.53846153846155,29.394629039599458,0
per_huruf_hybrid_skeleton_forced_loop_no_sig,5,2612,0.4846910372982,153.61538461538464,29.311788802913064,153.61538461538464,29.311788802913064,0
per_huruf_hybrid_skeleton_forced_loop_no_sig,5,2613,0.4848766004824643,153.69230769230768,29.233955393718706,153.69230769230768,29.233955393718706,0
per_huruf_hybrid_skeleton_forced_loop_no_sig,5,2614,0.4850621636667285,153.76923076923077,29.162494310423302,153.76923076923077,29.162494310423302,0
per_huruf_hybrid_skeleton_forced_loop_no_sig,5,2615,0.48524772685099277,153.84615384615384,29.098771051433772,153.84615384615384,29.098771051433772,0
per_huruf_hybrid_skeleton_forced_loop_no_sig,5,2616,0.485433290035257,153.9230769230769,29.04415111515703,153.9230769230769,29.04415111515703,0
per_huruf_hybrid_skeleton_forced_loop_no_sig,5,2617,0.4856188532195212,154.0,29.0,154.0,29.0,0
per_huruf_hybrid_skeleton_forced_loop_no_sig,5,2618,0.48580441640378547,154.0769230769231,28.969959035047793,154.0769230769231,28.969959035047793,0
per_huruf_hybrid_skeleton_forced_loop_no_sig,5,2619,0.4859899795880497,154.1538461538462,28.95493855257169,154.1538461538462,28.95493855257169,0
per_huruf_hybrid_skeleton_forced_loop_no_sig,5,2620,0.48617554277231395,154.23076923076923,28.952207555757848,154.23076923076923,28.952207555757848,0
per_huruf_hybrid_skeleton_forced_loop_no_sig,5,2621,0.48636110595657817,154.3076923076923,28.95903504779244,154.3076923076923,28.95903504779244,0
per_huruf_hybrid_skeleton_forced_loop_no_sig,5,2622,0.48654666914084244,154.38461538461542,28.97269003186163,154.38461538461542,28.97269003186163,0
per_huruf_hybrid_skeleton_forced_loop_no_sig,5,2623,0.48673223232510665,154.46153846153848,28.990441511151577,154.46153846153848,28.990441511151577,0
per_huruf_hybrid_skeleton_forced_loop_no_sig,5,2624,0.4869177955093709,154.53846153846155,29.009558488848434,154.53846153846155,29.009558488848434,0
per_huruf_hybrid_skeleton_forced_loop_no_sig,5,2625,0.48710335869363514,154.6153846153846,29.02730996813837,154.6153846153846,29.02730996813837,0
per_huruf_hybrid_skeleton_forced_loop_no_sig,5,2626,0.4872889218778994,154.69230769230768,29.040964952207553,154.69230769230768,29.040964952207553,0
per_huruf_hybrid_skeleton_forced_loop_no_sig,5,2627,0.4874744850621636,154.76923076923075,29.047792444242145,154.76923076923075,29.047792444242145,0
per_huruf_hybrid_skeleton_forced_loop_no_sig,5,2628,0.4876600482464279,154.84615384615384,29.04506144742831,154.84615384615384,29.04506144742831,0
per_huruf_hybrid_skeleton_forced_loop_no_sig,5,2629,0.4878456114306921,154.9230769230769,29.030040964952207,154.9230769230769,29.030040964952207,0
per_huruf_hybrid_skeleton_forced_loop_no_sig,5,2630,0.4880311746149564,155.0,29.0,155.0,29.0,0
per_huruf_hybrid_skeleton_forced_loop_no_sig,5,2631,0.4882167377992206,155.0769230769231,28.95584888484297,155.0769230769231,28.95584888484297,0
per_huruf_hybrid_skeleton_forced_loop_no_sig,5,2632,0.48840230098348486,155.1538461538462,28.901228948566228,155.1538461538462,28.901228948566228,0
per_huruf_hybrid_skeleton_forced_loop_no_sig,5,2633,0.4885878641677491,155.2307692307692,28.83750568957669,155.2307692307692,28.83750568957669,0
per_huruf_hybrid_skeleton_forced_loop_no_sig,5,2634,0.48877342735201335,155.3076923076923,28.766044606281287,155.3076923076923,28.766044606281287,0
per_huruf_hybrid_skeleton_forced_loop_no_sig,5,2635,0.48895899053627756,155.3846153846154,28.68821119708694,155.3846153846154,28.68821119708694,0
per_huruf_hybrid_skeleton_forced_loop_no_sig,5,2636,0.48914455372054183,155.46153846153848,28.60537096040055,155.46153846153848,28.60537096040055,0
per_huruf_hybrid_skeleton_forced_loop_no_sig,5,2637,0.48933011690480605,155.53846153846155,28.51888939462904,155.53846153846155,28.51888939462904,0
per_huruf_hybrid_skeleton_forced_loop_no_sig,5,2638,0.4895156800890703,155.61538461538464,28.430131998179334,155.61538461538464,28.430131998179334,0
per_huruf_hybrid_skeleton_forced_loop_no_sig,5,2639,0.48970124327333453,155.69230769230768,28.34046426945835,155.69230769230768,28.34046426945835,0
per_huruf_hybrid_skeleton_forced_loop_no_sig,5,2640,0.4898868064575988,155.76923076923077,28.251251706873003,155.76923076923077,28.251251706873003,0
per_huruf_hybrid_skeleton_forced_loop_no_sig,5,2641,0.490072369641863,155.84615384615384,28.16385980883022,155.84615384615384,28.16385980883022,0
per_huruf_hybrid_skeleton_forced_loop_no_sig,5,2642,0.4902579328261273,155.9230769230769,28.07965407373691,155.9230769230769,28.07965407373691,0
per_huruf_hybrid_skeleton_forced_loop_no_sig,5,2643,0.4904434960103915,156.0,28.0,156.0,28.0,0
per_huruf_hybrid_skeleton_forced_loop_no_sig,5,2644,0.49062905919465577,156.0769230769231,27.923076923076923,156.0769230769231,27.923076923076923,0
per_huruf_hybrid_skeleton_forced_loop_no_sig,5,2645,0.49081462237892,156.1538461538462,27.84615384615385,156.1538461538462,27.84615384615385,0
per_huruf_hybrid_skeleton_forced_loop_no_sig,5,2646,0.49100018556318425,156.23076923076923,27.769230769230766,156.23076923076923,27.769230769230766,0
per_huruf_hybrid_skeleton_forced_loop_no_sig,5,2647,0.49118574874744847,156.3076923076923,27.69230769230769,156.3076923076923,27.69230769230769,0
per_huruf_hybrid_skeleton_forced_loop_no_sig,5,2648,0.49137131193171274,156.38461538461542,27.61538461538462,156.38461538461542,27.61538461538462,0
per_huruf_hybrid_skeleton_forced_loop_no_sig,5,2649,0.49155687511597695,156.46153846153845,27.53846153846154,156.46153846153845,27.53846153846154,0
per_huruf_hybrid_skeleton_forced_loop_no_sig,5,2650,0.4917424383002412,156.53846153846155,27.461538461538463,156.53846153846155,27.461538461538463,0
per_huruf_hybrid_skeleton_forced_loop_no_sig,5,2651,0.49192800148450544,156.6153846153846,27.384615384615387,156.6153846153846,27.384615384615387,0
per_huruf_hybrid_skeleton_forced_loop_no_sig,5,2652,0.4921135646687697,156.69230769230768,27.307692307692307,156.69230769230768,27.307692307692307,0
per_huruf_hybrid_skeleton_forced_loop_no_sig,5,2653,0.4922991278530339,156.76923076923077,27.230769230769226,156.76923076923077,27.230769230769226,0
per_huruf_hybrid_skeleton_forced_loop_no_sig,5,2654,0.4924846910372982,156.84615384615384,27.153846153846153,156.84615384615384,27.153846153846153,0
per_huruf_hybrid_skeleton_forced_loop_no_sig,5,2655,0.4926702542215624,156.9230769230769,27.076923076923077,156.9230769230769,27.076923076923077,0
per_huruf_hybrid_skeleton_forced_loop_no_sig,5,2656,0.4928558174058267,157.0,27.0,157.0,27.0,0
per_huruf_hybrid_skeleton_forced_loop_no_sig,5,2657,0.4930413805900909,157.0769230769231,26.923076923076927,157.0769230769231,26.923076923076927,0
per_huruf_hybrid_skeleton_forced_loop_no_sig,5,2658,0.49322694377435516,157.15384615384616,26.84615384615385,157.15384615384616,26.84615384615385,0
per_huruf_hybrid_skeleton_forced_loop_no_sig,5,2659,0.4934125069586194,157.23076923076917,26.769230769230766,157.23076923076917,26.769230769230766,0
per_huruf_hybrid_skeleton_forced_loop_no_sig,5,2660,0.49359807014288365,157.3076923076923,26.69230769230769,157.3076923076923,26.69230769230769,0
per_huruf_hybrid_skeleton_forced_loop_no_sig,5,2661,0.49378363332714786,157.3846153846154,26.615384615384617,157.3846153846154,26.615384615384617,0
per_huruf_hybrid_skeleton_forced_loop_no_sig,5,2662,0.49396919651141213,157.46153846153848,26.53846153846154,157.46153846153848,26.53846153846154,0
per_huruf_hybrid_skeleton_forced_loop_no_sig,5,2663,0.49415475969567635,157.53846153846152,26.46153846153846,157.53846153846152,26.46153846153846,0
per_huruf_hybrid_skeleton_forced_loop_no_sig,5,2664,0.4943403228799406,157.6153846153846,26.384615384615387,157.6153846153846,26.384615384615387,0
per_huruf_hybrid_skeleton_forced_loop_no_sig,5,2665,0.49452588606420483,157.69230769230768,26.307692307692307,157.69230769230768,26.307692307692307,0
per_huruf_hybrid_skeleton_forced_loop_no_sig,5,2666,0.4947114492484691,157.76923076923077,26.230769230769226,157.76923076923077,26.230769230769226,0
per_huruf_hybrid_skeleton_forced_loop_no_sig,5,2667,0.4948970124327333,157.84615384615384,26.153846153846153,157.84615384615384,26.153846153846153,0
per_huruf_hybrid_skeleton_forced_loop_no_sig,5,2668,0.4950825756169976,157.9230769230769,26.076923076923073,157.9230769230769,26.076923076923073,0
per_huruf_hybrid_skeleton_forced_loop_no_sig,5,2669,0.4952681388012618,158.0,26.0,158.0,26.0,0
per_huruf_hybrid_skeleton_forced_loop_no_sig,5,2670,0.4954537019855261,158.0769230769231,25.923076923076923,158.0769230769231,25.923076923076923,0
per_huruf_hybrid_skeleton_forced_loop_no_sig,5,2671,0.4956392651697903,158.1538461538462,25.846153846153847,158.1538461538462,25.846153846153847,0
per_huruf_hybrid_skeleton_forced_loop_no_sig,5,2672,0.49582482835405456,158.23076923076923,25.769230769230766,158.23076923076923,25.769230769230766,0
per_huruf_hybrid_skeleton_forced_loop_no_sig,5,2673,0.4960103915383188,158.3076923076923,25.69230769230769,158.3076923076923,25.69230769230769,0
per_huruf_hybrid_skeleton_forced_loop_no_sig,5,2674,0.496195954722583,158.38461538461542,25.615384615384617,158.38461538461542,25.615384615384617,0
per_huruf_hybrid_skeleton_forced_loop_no_sig,5,2675,0.49638151790684726,158.46153846153845,25.53846153846154,158.46153846153845,25.53846153846154,0
per_huruf_hybrid_skeleton_forced_loop_no_sig,5,2676,0.4965670810911115,158.53846153846152,25.461538461538463,158.53846153846152,25.461538461538463,0
per_huruf_hybrid_skeleton_forced_loop_no_sig,5,2677,0.49675264427537574,158.61538461538464,25.384615384615383,158.61538461538464,25.384615384615383,0
per_huruf_hybrid_skeleton_forced_loop_no_sig,5,2678,0.49693820745963996,158.69230769230768,25.307692307692307,158.69230769230768,25.307692307692307,0
per_huruf_hybrid_skeleton_forced_loop_no_sig,5,2679,0.49712377064390423,158.76923076923077,25.230769230769226,158.76923076923077,25.230769230769226,0
per_huruf_hybrid_skeleton_forced_loop_no_sig,5,2680,0.49730933382816844,158.84615384615384,25.153846153846153,158.84615384615384,25.153846153846153,0
per_huruf_hybrid_skeleton_forced_loop_no_sig,5,2681,0.4974948970124327,158.9230769230769,25.076923076923073,158.9230769230769,25.076923076923073,0
per_huruf_hybrid_skeleton_forced_loop_no_sig,5,2682,0.4976804601966969,159.0,25.0,159.0,25.0,0
per_huruf_hybrid_skeleton_forced_loop_no_sig,5,2683,0.4978660233809612,159.0769230769231,24.923076923076927,159.0769230769231,24.923076923076927,0
per_huruf_hybrid_skeleton_forced_loop_no_sig,5,2684,0.4980515865652254,159.1538461538462,24.846153846153847,159.1538461538462,24.846153846153847,0
per_huruf_hybrid_skeleton_forced_loop_no_sig,5,2685,0.4982371497494897,159.2307692307692,24.769230769230766,159.2307692307692,24.769230769230766,0
per_huruf_hybrid_skeleton_forced_loop_no_sig,5,2686,0.4984227129337539,159.30769230769232,24.69230769230769,159.30769230769232,24.69230769230769,0
per_huruf_hybrid_skeleton_forced_loop_no_sig,5,2687,0.49860827611801817,159.38461538461542,24.615384615384617,159.38461538461542,24.615384615384617,0
per_huruf_hybrid_skeleton_forced_loop_no_sig,5,2688,0.4987938393022824,159.46153846153848,24.53846153846154,159.46153846153848,24.53846153846154,0
per_huruf_hybrid_skeleton_forced_loop_no_sig,5,2689,0.49897940248654665,159.53846153846155,24.46153846153846,159.53846153846155,24.46153846153846,0
per_huruf_hybrid_skeleton_forced_loop_no_sig,5,2690,0.49916496567081087,159.6153846153846,24.384615384615387,159.6153846153846,24.384615384615387,0
per_huruf_hybrid_skeleton_forced_loop_no_sig,5,2691,0.49935052885507514,159.69230769230768,24.307692307692307,159.69230769230768,24.307692307692307,0
per_huruf_hybrid_skeleton_forced_loop_no_sig,5,2692,0.49953609203933935,159.76923076923077,24.230769230769226,159.76923076923077,24.230769230769226,0
per_huruf_hybrid_skeleton_forced_loop_no_sig,5,2693,0.4997216552236036,159.84615384615384,24.153846153846153,159.84615384615384,24.153846153846153,0
per_huruf_hybrid_skeleton_forced_loop_no_sig,5,2694,0.49990721840786784,159.9230769230769,24.076923076923073,159.9230769230769,24.076923076923073,0
per_huruf_hybrid_skeleton_forced_loop_no_sig,5,2695,0.5000927815921321,160.0,24.0,160.0,24.0,0
per_huruf_hybrid_skeleton_forced_loop_no_sig,5,2696,0.5002783447763963,160.0769230769231,23.923076923076923,160.0769230769231,23.923076923076923,0
per_huruf_hybrid_skeleton_forced_loop_no_sig,5,2697,0.5004639079606605,160.15384615384616,23.84615384615385,160.15384615384616,23.84615384615385,0
per_huruf_hybrid_skeleton_forced_loop_no_sig,5,2698,0.5006494711449249,160.23076923076923,23.76923076923077,160.23076923076923,23.76923076923077,0
per_huruf_hybrid_skeleton_forced_loop_no_sig,5,2699,0.5008350343291891,160.30769230769232,23.692307692307693,160.30769230769232,23.692307692307693,0
per_huruf_hybrid_skeleton_forced_loop_no_sig,5,2700,0.5010205975134533,160.38461538461542,23.61538461538462,160.38461538461542,23.61538461538462,0
per_huruf_hybrid_skeleton_forced_loop_no_sig,5,2701,0.5012061606977175,160.46153846153845,23.53846153846154,160.46153846153845,23.53846153846154,0
per_huruf_hybrid_skeleton_forced_loop_no_sig,5,2702,0.5013917238819818,160.53846153846155,23.46153846153846,160.53846153846155,23.46153846153846,0
per_huruf_hybrid_skeleton_forced_loop_no_sig,5,2703,0.501577287066246,160.61538461538464,23.384615384615387,160.61538461538464,23.384615384615387,0
per_huruf_hybrid_skeleton_forced_loop_no_sig,5,2704,0.5017628502505103,160.69230769230768,23.307692307692307,160.69230769230768,23.307692307692307,0
per_huruf_hybrid_skeleton_forced_loop_no_sig,5,2705,0.5019484134347745,160.76923076923075,23.230769230769226,160.76923076923075,23.230769230769226,0
per_huruf_hybrid_skeleton_forced_loop_no_sig,5,2706,0.5021339766190388,160.84615384615384,23.153846153846153,160.84615384615384,23.153846153846153,0
per_huruf_hybrid_skeleton_forced_loop_no_sig,5,2707,0.502319539803303,160.9230769230769,23.076923076923073,160.9230769230769,23.076923076923073,0
per_huruf_hybrid_skeleton_forced_loop_no_sig,5,2708,0.5025051029875672,161.0,23.0,161.0,23.0,0
per_huruf_hybrid_skeleton_forced_loop_no_sig,5,2709,0.5026906661718314,161.0769230769231,22.923076923076923,161.0769230769231,22.923076923076923,0
per_huruf_hybrid_skeleton_forced_loop_no_sig,5,2710,0.5028762293560958,161.15384615384616,22.846153846153847,161.15384615384616,22.846153846153847,0
per_huruf_hybrid_skeleton_forced_loop_no_sig,5,2711,0.50306179254036,161.2307692307692,22.769230769230766,161.2307692307692,22.769230769230766,0
per_huruf_hybrid_skeleton_forced_loop_no_sig,5,2712,0.5032473557246242,161.30769230769226,22.69230769230769,161.30769230769226,22.69230769230769,0
per_huruf_hybrid_skeleton_forced_loop_no_sig,5,2713,0.5034329189088884,161.3846153846154,22.615384615384617,161.3846153846154,22.615384615384617,0
per_huruf_hybrid_skeleton_forced_loop_no_sig,5,2714,0.5036184820931527,161.46153846153848,22.538461538461537,161.46153846153848,22.538461538461537,0
per_huruf_hybrid_skeleton_forced_loop_no_sig,5,2715,0.503804045277417,161.53846153846155,22.461538461538463,161.53846153846155,22.461538461538463,0
per_huruf_hybrid_skeleton_forced_loop_no_sig,5,2716,0.5039896084616812,161.6153846153846,22.384615384615383,161.6153846153846,22.384615384615383,0
per_huruf_hybrid_skeleton_forced_loop_no_sig,5,2717,0.5041751716459454,161.69230769230768,22.307692307692307,161.69230769230768,22.307692307692307,0
per_huruf_hybrid_skeleton_forced_loop_no_sig,5,2718,0.5043607348302097,161.76923076923075,22.230769230769226,161.76923076923075,22.230769230769226,0
per_huruf_hybrid_skeleton_forced_loop_no_sig,5,2719,0.5045462980144739,161.84615384615387,22.153846153846153,161.84615384615387,22.153846153846153,0
per_huruf_hybrid_skeleton_forced_loop_no_sig,5,2720,0.5047318611987381,161.9230769230769,22.076923076923073,161.9230769230769,22.076923076923073,0
per_huruf_hybrid_skeleton_forced_loop_no_sig,5,2721,0.5049174243830024,162.0,22.0,162.0,22.0,0
per_huruf_hybrid_skeleton_forced_loop_no_sig,5,2722,0.5051029875672667,162.0769230769231,21.92034592626309,162.0769230769231,21.92034592626309,0
per_huruf_hybrid_skeleton_forced_loop_no_sig,5,2723,0.5052885507515309,162.15384615384613,21.836140191169775,162.15384615384613,21.836140191169775,0
per_huruf_hybrid_skeleton_forced_loop_no_sig,5,2724,0.5054741139357951,162.23076923076923,21.74874829312699,162.23076923076923,21.74874829312699,0
per_huruf_hybrid_skeleton_forced_loop_no_sig,5,2725,0.5056596771200593,162.3076923076923,21.65953573054165,162.3076923076923,21.65953573054165,0
per_huruf_hybrid_skeleton_forced_loop_no_sig,5,2726,0.5058452403043237,162.3846153846154,21.56986800182067,162.3846153846154,21.56986800182067,0
per_huruf_hybrid_skeleton_forced_loop_no_sig,5,2727,0.5060308034885879,162.46153846153845,21.48111060537096,162.46153846153845,21.48111060537096,0
per_huruf_hybrid_skeleton_forced_loop_no_sig,5,2728,0.5062163666728521,162.53846153846155,21.394629039599455,162.53846153846155,21.394629039599455,0
per_huruf_hybrid_skeleton_forced_loop_no_sig,5,2729,0.5064019298571163,162.6153846153846,21.311788802913064,162.6153846153846,21.311788802913064,0
per_huruf_hybrid_skeleton_forced_loop_no_sig,5,2730,0.5065874930413806,162.69230769230768,21.233955393718706,162.69230769230768,21.233955393718706,0
per_huruf_hybrid_skeleton_forced_loop_no_sig,5,2731,0.5067730562256448,162.76923076923077,21.162494310423302,162.76923076923077,21.162494310423302,0
per_huruf_hybrid_skeleton_forced_loop_no_sig,5,2732,0.506958619409909,162.84615384615387,21.098771051433772,162.84615384615387,21.098771051433772,0
per_huruf_hybrid_skeleton_forced_loop_no_sig,5,2733,0.5071441825941733,162.92307692307693,21.04415111515703,162.92307692307693,21.04415111515703,0
per_huruf_hybrid_skeleton_forced_loop_no_sig,5,2734,0.5073297457784375,163.0,21.0,163.0,21.0,0
per_huruf_hybrid_skeleton_forced_loop_no_sig,5,2735,0.5075153089627018,163.07692307692312,20.969959035047793,163.07692307692312,20.969959035047793,0
per_huruf_hybrid_skeleton_forced_loop_no_sig,5,2736,0.507700872146966,163.15384615384616,20.954938552571686,163.15384615384616,20.954938552571686,0
per_huruf_hybrid_skeleton_forced_loop_no_sig,5,2737,0.5078864353312302,163.23076923076923,20.952207555757848,163.23076923076923,20.952207555757848,0
per_huruf_hybrid_skeleton_forced_loop_no_sig,5,2738,0.5080719985154944,163.30769230769226,20.959035047792444,163.30769230769226,20.959035047792444,0
per_huruf_hybrid_skeleton_forced_loop_no_sig,5,2739,0.5082575616997588,163.3846153846154,20.97269003186163,163.3846153846154,20.97269003186163,0
per_huruf_hybrid_skeleton_forced_loop_no_sig,5,2740,0.508443124884023,163.46153846153848,20.99044151115157,163.46153846153848,20.99044151115157,0
per_huruf_hybrid_skeleton_forced_loop_no_sig,5,2741,0.5086286880682872,163.53846153846152,21.00955848884843,163.53846153846152,21.00955848884843,0
per_huruf_hybrid_skeleton_forced_loop_no_sig,5,2742,0.5088142512525514,163.61538461538464,21.027309968138372,163.61538461538464,21.027309968138372,0
per_huruf_hybrid_skeleton_forced_loop_no_sig,5,2743,0.5089998144368157,163.69230769230768,21.040964952207553,163.69230769230768,21.040964952207553,0
per_huruf_hybrid_skeleton_forced_loop_no_sig,5,2744,0.50918537762108,163.76923076923075,21.04779244424215,163.76923076923075,21.04779244424215,0
per_huruf_hybrid_skeleton_forced_loop_no_sig,5,2745,0.5093709408053442,163.84615384615387,21.04506144742831,163.84615384615387,21.04506144742831,0
per_huruf_hybrid_skeleton_forced_loop_no_sig,5,2746,0.5095565039896084,163.9230769230769,21.030040964952207,163.9230769230769,21.030040964952207,0
per_huruf_hybrid_skeleton_forced_loop_no_sig,5,2747,0.5097420671738727,164.0,21.0,164.0,21.0,0
per_huruf_hybrid_skeleton_forced_loop_no_sig,5,2748,0.5099276303581369,164.0769230769231,20.955848884842965,164.0769230769231,20.955848884842965,0
per_huruf_hybrid_skeleton_forced_loop_no_sig,5,2749,0.5101131935424011,164.15384615384616,20.901228948566228,164.15384615384616,20.901228948566228,0
per_huruf_hybrid_skeleton_forced_loop_no_sig,5,2750,0.5102987567266654,164.23076923076923,20.83750568957669,164.23076923076923,20.83750568957669,0
per_huruf_hybrid_skeleton_forced_loop_no_sig,5,2751,0.5104843199109297,164.3076923076923,20.766044606281294,164.3076923076923,20.766044606281294,0
per_huruf_hybrid_skeleton_forced_loop_no_sig,5,2752,0.5106698830951939,164.38461538461542,20.68821119708694,164.38461538461542,20.68821119708694,0
per_huruf_hybrid_skeleton_forced_loop_no_sig,5,2753,0.5108554462794581,164.46153846153845,20.605370960400545,164.46153846153845,20.605370960400545,0
per_huruf_hybrid_skeleton_forced_loop_no_sig,5,2754,0.5110410094637223,164.53846153846155,20.518889394629035,164.53846153846155,20.518889394629035,0
per_huruf_hybrid_skeleton_forced_loop_no_sig,5,2755,0.5112265726479867,164.61538461538464,20.430131998179334,164.61538461538464,20.430131998179334,0
per_huruf_hybrid_skeleton_forced_loop_no_sig,5,2756,0.5114121358322509,164.69230769230768,20.34046426945835,164.69230769230768,20.34046426945835,0
per_huruf_hybrid_skeleton_forced_loop_no_sig,5,2757,0.5115976990165151,164.76923076923075,20.251251706873006,164.76923076923075,20.251251706873006,0
per_huruf_hybrid_skeleton_forced_loop_no_sig,5,2758,0.5117832622007793,164.84615384615387,20.163859808830225,164.84615384615387,20.163859808830225,0
per_huruf_hybrid_skeleton_forced_loop_no_sig,5,2759,0.5119688253850436,164.9230769230769,20.07965407373691,164.9230769230769,20.07965407373691,0
per_huruf_hybrid_skeleton_forced_loop_no_sig,5,2760,0.5121543885693078,165.0,20.0,165.0,20.0,0
per_huruf_hybrid_skeleton_forced_loop_no_sig,5,2761,0.512339951753572,165.07692307692312,19.92307692307693,165.07692307692312,19.92307692307693,0
per_huruf_hybrid_skeleton_forced_loop_no_sig,5,2762,0.5125255149378363,165.15384615384613,19.84615384615385,165.15384615384613,19.84615384615385,0
per_huruf_hybrid_skeleton_forced_loop_no_sig,5,2763,0.5127110781221006,165.23076923076923,19.76923076923077,165.23076923076923,19.76923076923077,0
per_huruf_hybrid_skeleton_forced_loop_no_sig,5,2764,0.5128966413063648,165.3076923076923,19.692307692307693,165.3076923076923,19.692307692307693,0
per_huruf_hybrid_skeleton_forced_loop_no_sig,5,2765,0.513082204490629,165.3846153846154,19.615384615384617,165.3846153846154,19.615384615384617,0
per_huruf_hybrid_skeleton_forced_loop_no_sig,5,2766,0.5132677676748932,165.46153846153848,19.53846153846154,165.46153846153848,19.53846153846154,0
per_huruf_hybrid_skeleton_forced_loop_no_sig,5,2767,0.5134533308591576,165.53846153846155,19.46153846153846,165.53846153846155,19.46153846153846,0
per_huruf_hybrid_skeleton_forced_loop_no_sig,5,2768,0.5136388940434218,165.6153846153846,19.384615384615387,165.6153846153846,19.384615384615387,0
per_huruf_hybrid_skeleton_forced_loop_no_sig,5,2769,0.513824457227686,165.69230769230768,19.307692307692307,165.69230769230768,19.307692307692307,0
per_huruf_hybrid_skeleton_forced_loop_no_sig,5,2770,0.5140100204119502,165.76923076923075,19.23076923076923,165.76923076923075,19.23076923076923,0
per_huruf_hybrid_skeleton_forced_loop_no_sig,5,2771,0.5141955835962145,165.84615384615387,19.153846153846153,165.84615384615387,19.153846153846153,0
per_huruf_hybrid_skeleton_forced_loop_no_sig,5,2772,0.5143811467804787,165.9230769230769,19.076923076923077,165.9230769230769,19.076923076923077,0
per_huruf_hybrid_skeleton_forced_loop_no_sig,5,2773,0.514566709964743,166.0,19.0,166.0,19.0,0
per_huruf_hybrid_skeleton_forced_loop_no_sig,5,2774,0.5147522731490072,166.0769230769231,18.923076923076927,166.0769230769231,18.923076923076927,0
per_huruf_hybrid_skeleton_forced_loop_no_sig,5,2775,0.5149378363332715,166.15384615384616,18.846153846153847,166.15384615384616,18.846153846153847,0
per_huruf_hybrid_skeleton_forced_loop_no_sig,5,2776,0.5151233995175357,166.2307692307692,18.769230769230766,166.2307692307692,18.769230769230766,0
per_huruf_hybrid_skeleton_forced_loop_no_sig,5,2777,0.5153089627017999,166.3076923076923,18.692307692307693,166.3076923076923,18.692307692307693,0
per_huruf_hybrid_skeleton_forced_loop_no_sig,5,2778,0.5154945258860641,166.38461538461542,18.615384615384617,166.38461538461542,18.615384615384617,0
per_huruf_hybrid_skeleton_forced_loop_no_sig,5,2779,0.5156800890703285,166.46153846153848,18.53846153846154,166.46153846153848,18.53846153846154,0
per_huruf_hybrid_skeleton_forced_loop_no_sig,5,2780,0.5158656522545927,166.53846153846155,18.461538461538463,166.53846153846155,18.461538461538463,0
per_huruf_hybrid_skeleton_forced_loop_no_sig,5,2781,0.5160512154388569,166.6153846153846,18.384615384615383,166.6153846153846,18.384615384615383,0
per_huruf_hybrid_skeleton_forced_loop_no_sig,5,2782,0.5162367786231211,166.69230769230768,18.307692307692307,166.69230769230768,18.307692307692307,0
per_huruf_hybrid_skeleton_forced_loop_no_sig,5,2783,0.5164223418073854,166.76923076923077,18.23076923076923,166.76923076923077,18.23076923076923,0
per_huruf_hybrid_skeleton_forced_loop_no_sig,5,2784,0.5166079049916497,166.84615384615387,18.153846153846153,166.84615384615387,18.153846153846153,0
per_huruf_hybrid_skeleton_forced_loop_no_sig,5,2785,0.5167934681759139,166.92307692307693,18.076923076923077,166.92307692307693,18.076923076923077,0
per_huruf_hybrid_skeleton_forced_loop_no_sig,5,2786,0.5169790313601781,167.0,18.0,167.0,18.0,0
per_huruf_hybrid_skeleton_forced_loop_no_sig,5,2787,0.5171645945444424,167.07692307692312,17.92034592626309,167.07692307692312,17.92034592626309,0
per_huruf_hybrid_skeleton_forced_loop_no_sig,5,2788,0.5173501577287066,167.15384615384613,17.83614019116978,167.15384615384613,17.83614019116978,0
per_huruf_hybrid_skeleton_forced_loop_no_sig,5,2789,0.5175357209129708,167.23076923076923,17.74874829312699,167.23076923076923,17.74874829312699,0
per_huruf_hybrid_skeleton_forced_loop_no_sig,5,2790,0.5177212840972351,167.3076923076923,17.65953573054165,167.3076923076923,17.65953573054165,0
per_huruf_hybrid_skeleton_forced_loop_no_sig,5,2791,0.5179068472814993,167.3846153846154,17.569868001820666,167.3846153846154,17.569868001820666,0
per_huruf_hybrid_skeleton_forced_loop_no_sig,5,2792,0.5180924104657636,167.46153846153848,17.48111060537096,167.46153846153848,17.48111060537096,0
per_huruf_hybrid_skeleton_forced_loop_no_sig,5,2793,0.5182779736500278,167.53846153846155,17.394629039599455,167.53846153846155,17.394629039599455,0
per_huruf_hybrid_skeleton_forced_loop_no_sig,5,2794,0.518463536834292,167.6153846153846,17.311788802913064,167.6153846153846,17.311788802913064,0
per_huruf_hybrid_skeleton_forced_loop_no_sig,5,2795,0.5186491000185562,167.69230769230768,17.23395539371871,167.69230769230768,17.23395539371871,0
per_huruf_hybrid_skeleton_forced_loop_no_sig,5,2796,0.5188346632028206,167.76923076923075,17.162494310423305,167.76923076923075,17.162494310423305,0
per_huruf_hybrid_skeleton_forced_loop_no_sig,5,2797,0.5190202263870848,167.84615384615387,17.098771051433776,167.84615384615387,17.098771051433776,0
per_huruf_hybrid_skeleton_forced_loop_no_sig,5,2798,0.519205789571349,167.9230769230769,17.04415111515703,167.9230769230769,17.04415111515703,0
per_huruf_hybrid_skeleton_forced_loop_no_sig,5,2799,0.5193913527556132,168.0,17.0,168.0,17.0,0
per_huruf_hybrid_skeleton_forced_loop_no_sig,5,2800,0.5195769159398775,168.0769230769231,16.969959035047793,168.0769230769231,16.969959035047793,0
per_huruf_hybrid_skeleton_forced_loop_no_sig,5,2801,0.5197624791241418,168.15384615384613,16.95493855257169,168.15384615384613,16.95493855257169,0
per_huruf_hybrid_skeleton_forced_loop_no_sig,5,2802,0.519948042308406,168.2307692307692,16.952207555757848,168.2307692307692,16.952207555757848,0
per_huruf_hybrid_skeleton_forced_loop_no_sig,5,2803,0.5201336054926702,168.3076923076923,16.959035047792444,168.3076923076923,16.959035047792444,0
per_huruf_hybrid_skeleton_forced_loop_no_sig,5,2804,0.5203191686769345,168.3846153846154,16.97269003186163,168.3846153846154,16.97269003186163,0
per_huruf_hybrid_skeleton_forced_loop_no_sig,5,2805,0.5205047318611987,168.46153846153848,16.990441511151573,168.46153846153848,16.990441511151573,0
per_huruf_hybrid_skeleton_forced_loop_no_sig,5,2806,0.5206902950454629,168.53846153846152,17.00955848884843,168.53846153846152,17.00955848884843,0
per_huruf_hybrid_skeleton_forced_loop_no_sig,5,2807,0.5208758582297272,168.6153846153846,17.027309968138372,168.6153846153846,17.027309968138372,0
per_huruf_hybrid_skeleton_forced_loop_no_sig,5,2808,0.5210614214139915,168.69230769230768,17.040964952207553,168.69230769230768,17.040964952207553,0
per_huruf_hybrid_skeleton_forced_loop_no_sig,5,2809,0.5212469845982557,168.76923076923075,17.04779244424215,168.76923076923075,17.04779244424215,0
per_huruf_hybrid_skeleton_forced_loop_no_sig,5,2810,0.5214325477825199,168.84615384615387,17.045061447428314,168.84615384615387,17.045061447428314,0
per_huruf_hybrid_skeleton_forced_loop_no_sig,5,2811,0.5216181109667841,168.9230769230769,17.030040964952207,168.9230769230769,17.030040964952207,0
per_huruf_hybrid_skeleton_forced_loop_no_sig,5,2812,0.5218036741510484,169.0,17.0,169.0,17.0,0
per_huruf_hybrid_skeleton_forced_loop_no_sig,5,2813,0.5219892373353127,169.0769230769231,16.955848884842972,169.0769230769231,16.955848884842972,0
per_huruf_hybrid_skeleton_forced_loop_no_sig,5,2814,0.5221748005195769,169.1538461538462,16.901228948566228,169.1538461538462,16.901228948566228,0
per_huruf_hybrid_skeleton_forced_loop_no_sig,5,2815,0.5223603637038411,169.2307692307692,16.83750568957669,169.2307692307692,16.83750568957669,0
per_huruf_hybrid_skeleton_forced_loop_no_sig,5,2816,0.5225459268881054,169.30769230769232,16.766044606281294,169.30769230769232,16.766044606281294,0
per_huruf_hybrid_skeleton_forced_loop_no_sig,5,2817,0.5227314900723696,169.3846153846154,16.688211197086936,169.3846153846154,16.688211197086936,0
per_huruf_hybrid_skeleton_forced_loop_no_sig,5,2818,0.5229170532566338,169.4615384615385,16.605370960400545,169.4615384615385,16.605370960400545,0
per_huruf_hybrid_skeleton_forced_loop_no_sig,5,2819,0.5231026164408981,169.53846153846152,16.51888939462904,169.53846153846152,16.51888939462904,0
per_huruf_hybrid_skeleton_forced_loop_no_sig,5,2820,0.5232881796251624,169.6153846153846,16.430131998179334,169.6153846153846,16.430131998179334,0
per_huruf_hybrid_skeleton_forced_loop_no_sig,5,2821,0.5234737428094266,169.69230769230768,16.34046426945835,169.69230769230768,16.34046426945835,0
per_huruf_hybrid_skeleton_forced_loop_no_sig,5,2822,0.5236593059936908,169.76923076923075,16.251251706873006,169.76923076923075,16.251251706873006,0
per_huruf_hybrid_skeleton_forced_loop_no_sig,5,2823,0.523844869177955,169.84615384615387,16.163859808830225,169.84615384615387,16.163859808830225,0
per_huruf_hybrid_skeleton_forced_loop_no_sig,5,2824,0.5240304323622194,169.9230769230769,16.07965407373691,169.9230769230769,16.07965407373691,0
per_huruf_hybrid_skeleton_forced_loop_no_sig,5,2825,0.5242159955464836,170.0,16.0,170.0,16.0,0
per_huruf_hybrid_skeleton_forced_loop_no_sig,5,2826,0.5244015587307478,170.07692307692312,15.923076923076923,170.07692307692312,15.923076923076923,0
per_huruf_hybrid_skeleton_forced_loop_no_sig,5,2827,0.524587121915012,170.15384615384616,15.846153846153845,170.15384615384616,15.846153846153845,0
per_huruf_hybrid_skeleton_forced_loop_no_sig,5,2828,0.5247726850992763,170.23076923076923,15.769230769230766,170.23076923076923,15.769230769230766,0
per_huruf_hybrid_skeleton_forced_loop_no_sig,5,2829,0.5249582482835405,170.3076923076923,15.69230769230769,170.3076923076923,15.69230769230769,0
per_huruf_hybrid_skeleton_forced_loop_no_sig,5,2830,0.5251438114678048,170.3846153846154,15.615384615384617,170.3846153846154,15.615384615384617,0
per_huruf_hybrid_skeleton_forced_loop_no_sig,5,2831,0.525329374652069,170.46153846153848,15.53846153846154,170.46153846153848,15.53846153846154,0
per_huruf_hybrid_skeleton_forced_loop_no_sig,5,2832,0.5255149378363333,170.53846153846155,15.461538461538462,170.53846153846155,15.461538461538462,0
per_huruf_hybrid_skeleton_forced_loop_no_sig,5,2833,0.5257005010205975,170.6153846153846,15.384615384615385,170.6153846153846,15.384615384615385,0
per_huruf_hybrid_skeleton_forced_loop_no_sig,5,2834,0.5258860642048617,170.69230769230768,15.307692307692308,170.69230769230768,15.307692307692308,0
per_huruf_hybrid_skeleton_forced_loop_no_sig,5,2835,0.5260716273891259,170.76923076923077,15.23076923076923,170.76923076923077,15.23076923076923,0
per_huruf_hybrid_skeleton_forced_loop_no_sig,5,2836,0.5262571905733903,170.84615384615387,15.153846153846153,170.84615384615387,15.153846153846153,0
per_huruf_hybrid_skeleton_forced_loop_no_sig,5,2837,0.5264427537576545,170.92307692307693,15.076923076923077,170.92307692307693,15.076923076923077,0
per_huruf_hybrid_skeleton_forced_loop_no_sig,5,2838,0.5266283169419187,171.0,15.0,171.0,15.0,0
per_huruf_hybrid_skeleton_forced_loop_no_sig,5,2839,0.5268138801261829,171.0769230769231,14.923076923076923,171.0769230769231,14.923076923076923,0
per_huruf_hybrid_skeleton_forced_loop_no_sig,5,2840,0.5269994433104472,171.1538461538462,14.846153846153847,171.1538461538462,14.846153846153847,0
per_huruf_hybrid_skeleton_forced_loop_no_sig,5,2841,0.5271850064947115,171.2307692307692,14.769230769230766,171.2307692307692,14.769230769230766,0
per_huruf_hybrid_skeleton_forced_loop_no_sig,5,2842,0.5273705696789757,171.3076923076923,14.69230769230769,171.3076923076923,14.69230769230769,0
per_huruf_hybrid_skeleton_forced_loop_no_sig,5,2843,0.5275561328632399,171.38461538461542,14.615384615384617,171.38461538461542,14.615384615384617,0
per_huruf_hybrid_skeleton_forced_loop_no_sig,5,2844,0.5277416960475042,171.46153846153845,14.53846153846154,171.46153846153845,14.53846153846154,0
per_huruf_hybrid_skeleton_forced_loop_no_sig,5,2845,0.5279272592317684,171.53846153846155,14.461538461538462,171.53846153846155,14.461538461538462,0
per_huruf_hybrid_skeleton_forced_loop_no_sig,5,2846,0.5281128224160326,171.6153846153846,14.384615384615385,171.6153846153846,14.384615384615385,0
per_huruf_hybrid_skeleton_forced_loop_no_sig,5,2847,0.5282983856002968,171.69230769230768,14.307692307692307,171.69230769230768,14.307692307692307,0
per_huruf_hybrid_skeleton_forced_loop_no_sig,5,2848,0.5284839487845611,171.76923076923075,14.23076923076923,171.76923076923075,14.23076923076923,0
per_huruf_hybrid_skeleton_forced_loop_no_sig,5,2849,0.5286695119688254,171.84615384615387,14.153846153846153,171.84615384615387,14.153846153846153,0
per_huruf_hybrid_skeleton_forced_loop_no_sig,5,2850,0.5288550751530896,171.9230769230769,14.076923076923077,171.9230769230769,14.076923076923077,0
per_huruf_hybrid_skeleton_forced_loop_no_sig,5,2851,0.5290406383373538,172.0,14.0,172.0,14.0,0
per_huruf_hybrid_skeleton_forced_loop_no_sig,5,2852,0.529226201521618,172.0769230769231,13.920345926263087,172.0769230769231,13.920345926263087,0
per_huruf_hybrid_skeleton_forced_loop_no_sig,5,2853,0.5294117647058824,172.1538461538462,13.836140191169777,172.1538461538462,13.836140191169777,0
per_huruf_hybrid_skeleton_forced_loop_no_sig,5,2854,0.5295973278901466,172.23076923076923,13.748748293126987,172.23076923076923,13.748748293126987,0
per_huruf_hybrid_skeleton_forced_loop_no_sig,5,2855,0.5297828910744108,172.3076923076923,13.659535730541647,172.3076923076923,13.659535730541647,0
per_huruf_hybrid_skeleton_forced_loop_no_sig,5,2856,0.529968454258675,172.38461538461542,13.569868001820664,172.38461538461542,13.569868001820664,0
per_huruf_hybrid_skeleton_forced_loop_no_sig,5,2857,0.5301540174429393,172.46153846153848,13.48111060537096,172.46153846153848,13.48111060537096,0
per_huruf_hybrid_skeleton_forced_loop_no_sig,5,2858,0.5303395806272035,172.53846153846155,13.394629039599455,172.53846153846155,13.394629039599455,0
per_huruf_hybrid_skeleton_forced_loop_no_sig,5,2859,0.5305251438114678,172.6153846153846,13.311788802913064,172.6153846153846,13.311788802913064,0
per_huruf_hybrid_skeleton_forced_loop_no_sig,5,2860,0.530710706995732,172.69230769230768,13.233955393718706,172.69230769230768,13.233955393718706,0
per_huruf_hybrid_skeleton_forced_loop_no_sig,5,2861,0.5308962701799963,172.76923076923075,13.162494310423302,172.76923076923075,13.162494310423302,0
per_huruf_hybrid_skeleton_forced_loop_no_sig,5,2862,0.5310818333642605,172.84615384615387,13.098771051433774,172.84615384615387,13.098771051433774,0
per_huruf_hybrid_skeleton_forced_loop_no_sig,5,2863,0.5312673965485247,172.9230769230769,13.044151115157032,172.9230769230769,13.044151115157032,0
per_huruf_hybrid_skeleton_forced_loop_no_sig,5,2864,0.5314529597327889,173.0,13.0,173.0,13.0,0
per_huruf_hybrid_skeleton_forced_loop_no_sig,5,2865,0.5316385229170533,173.0769230769231,12.969959035047793,173.0769230769231,12.969959035047793,0
per_huruf_hybrid_skeleton_forced_loop_no_sig,5,2866,0.5318240861013175,173.1538461538462,12.954938552571688,173.1538461538462,12.954938552571688,0
per_huruf_hybrid_skeleton_forced_loop_no_sig,5,2867,0.5320096492855817,173.2307692307692,12.952207555757848,173.2307692307692,12.952207555757848,0
per_huruf_hybrid_skeleton_forced_loop_no_sig,5,2868,0.5321952124698459,173.3076923076923,12.959035047792442,173.3076923076923,12.959035047792442,0
per_huruf_hybrid_skeleton_forced_loop_no_sig,5,2869,0.5323807756541102,173.3846153846154,12.97269003186163,173.3846153846154,12.97269003186163,0
per_huruf_hybrid_skeleton_forced_loop_no_sig,5,2870,0.5325663388383745,173.4615384615385,12.990441511151571,173.4615384615385,12.990441511151571,0
per_huruf_hybrid_skeleton_forced_loop_no_sig,5,2871,0.5327519020226387,173.53846153846155,13.00955848884843,173.53846153846155,13.00955848884843,0
per_huruf_hybrid_skeleton_forced_loop_no_sig,5,2872,0.5329374652069029,173.6153846153846,13.027309968138372,173.6153846153846,13.027309968138372,0
per_huruf_hybrid_skeleton_forced_loop_no_sig,5,2873,0.5331230283911672,173.69230769230768,13.040964952207554,173.69230769230768,13.040964952207554,0
per_huruf_hybrid_skeleton_forced_loop_no_sig,5,2874,0.5333085915754314,173.76923076923075,13.047792444242148,173.76923076923075,13.047792444242148,0
per_huruf_hybrid_skeleton_forced_loop_no_sig,5,2875,0.5334941547596956,173.84615384615387,13.045061447428312,173.84615384615387,13.045061447428312,0
per_huruf_hybrid_skeleton_forced_loop_no_sig,5,2876,0.5336797179439599,173.9230769230769,13.030040964952207,173.9230769230769,13.030040964952207,0
per_huruf_hybrid_skeleton_forced_loop_no_sig,5,2877,0.5338652811282242,174.0,13.0,174.0,13.0,0
per_huruf_hybrid_skeleton_forced_loop_no_sig,5,2878,0.5340508443124884,174.0769230769231,12.953117888029132,174.0769230769231,12.953117888029132,0
per_huruf_hybrid_skeleton_forced_loop_no_sig,5,2879,0.5342364074967526,174.1538461538462,12.891215293582157,174.1538461538462,12.891215293582157,0
per_huruf_hybrid_skeleton_forced_loop_no_sig,5,2880,0.5344219706810168,174.2307692307692,12.817023213472915,174.2307692307692,12.817023213472915,0
per_huruf_hybrid_skeleton_forced_loop_no_sig,5,2881,0.5346075338652811,174.3076923076923,12.733272644515248,174.3076923076923,12.733272644515248,0
per_huruf_hybrid_skeleton_forced_loop_no_sig,5,2882,0.5347930970495454,174.3846153846154,12.642694583522987,174.3846153846154,12.642694583522987,0
per_huruf_hybrid_skeleton_forced_loop_no_sig,5,2883,0.5349786602338096,174.46153846153848,12.548020027309969,174.46153846153848,12.548020027309969,0
per_huruf_hybrid_skeleton_forced_loop_no_sig,5,2884,0.5351642234180738,174.53846153846152,12.451979972690033,174.53846153846152,12.451979972690033,0
per_huruf_hybrid_skeleton_forced_loop_no_sig,5,2885,0.5353497866023381,174.6153846153846,12.357305416477015,174.6153846153846,12.357305416477015,0
per_huruf_hybrid_skeleton_forced_loop_no_sig,5,2886,0.5355353497866023,174.69230769230768,12.26672735548475,174.69230769230768,12.26672735548475,0
per_huruf_hybrid_skeleton_forced_loop_no_sig,5,2887,0.5357209129708665,174.76923076923077,12.182976786527082,174.76923076923077,12.182976786527082,0
per_huruf_hybrid_skeleton_forced_loop_no_sig,5,2888,0.5359064761551308,174.84615384615387,12.108784706417843,174.84615384615387,12.108784706417843,0
per_huruf_hybrid_skeleton_forced_loop_no_sig,5,2889,0.5360920393393951,174.92307692307693,12.046882111970868,174.92307692307693,12.046882111970868,0
per_huruf_hybrid_skeleton_forced_loop_no_sig,5,2890,0.5362776025236593,175.0,12.0,175.0,12.0,0
per_huruf_hybrid_skeleton_forced_loop_no_sig,5,2891,0.5364631657079235,175.0769230769231,11.969959035047793,175.0769230769231,11.969959035047793,0
per_huruf_hybrid_skeleton_forced_loop_no_sig,5,2892,0.5366487288921877,175.15384615384616,11.95493855257169,175.15384615384616,11.95493855257169,0
per_huruf_hybrid_skeleton_forced_loop_no_sig,5,2893,0.5368342920764521,175.2307692307692,11.95220755575785,175.2307692307692,11.95220755575785,0
per_huruf_hybrid_skeleton_forced_loop_no_sig,5,2894,0.5370198552607163,175.3076923076923,11.959035047792446,175.3076923076923,11.959035047792446,0
per_huruf_hybrid_skeleton_forced_loop_no_sig,5,2895,0.5372054184449805,175.3846153846154,11.972690031861632,175.3846153846154,11.972690031861632,0
per_huruf_hybrid_skeleton_forced_loop_no_sig,5,2896,0.5373909816292447,175.46153846153845,11.99044151115157,175.46153846153845,11.99044151115157,0
per_huruf_hybrid_skeleton_forced_loop_no_sig,5,2897,0.537576544813509,175.53846153846155,12.00955848884843,175.53846153846155,12.00955848884843,0
per_huruf_hybrid_skeleton_forced_loop_no_sig,5,2898,0.5377621079977732,175.6153846153846,12.027309968138372,175.6153846153846,12.027309968138372,0
per_huruf_hybrid_skeleton_forced_loop_no_sig,5,2899,0.5379476711820375,175.69230769230768,12.040964952207554,175.69230769230768,12.040964952207554,0
per_huruf_hybrid_skeleton_forced_loop_no_sig,5,2900,0.5381332343663017,175.76923076923075,12.047792444242148,175.76923076923075,12.047792444242148,0
per_huruf_hybrid_skeleton_forced_loop_no_sig,5,2901,0.538318797550566,175.84615384615384,12.045061447428312,175.84615384615384,12.045061447428312,0
per_huruf_hybrid_skeleton_forced_loop_no_sig,5,2902,0.5385043607348302,175.9230769230769,12.030040964952207,175.9230769230769,12.030040964952207,0
per_huruf_hybrid_skeleton_forced_loop_no_sig,5,2903,0.5386899239190944,176.0,12.0,176.0,12.0,0
per_huruf_hybrid_skeleton_forced_loop_no_sig,5,2904,0.5388754871033586,176.0769230769231,11.95311788802913,176.0769230769231,11.95311788802913,0
per_huruf_hybrid_skeleton_forced_loop_no_sig,5,2905,0.5390610502876229,176.1538461538462,11.891215293582158,176.1538461538462,11.891215293582158,0
per_huruf_hybrid_skeleton_forced_loop_no_sig,5,2906,0.5392466134718872,176.23076923076923,11.817023213472917,176.23076923076923,11.817023213472917,0
per_huruf_hybrid_skeleton_forced_loop_no_sig,5,2907,0.5394321766561514,176.30769230769232,11.733272644515248,176.30769230769232,11.733272644515248,0
per_huruf_hybrid_skeleton_forced_loop_no_sig,5,2908,0.5396177398404156,176.3846153846154,11.642694583522987,176.3846153846154,11.642694583522987,0
per_huruf_hybrid_skeleton_forced_loop_no_sig,5,2909,0.5398033030246798,176.46153846153848,11.548020027309967,176.46153846153848,11.548020027309967,0
per_huruf_hybrid_skeleton_forced_loop_no_sig,5,2910,0.5399888662089442,176.53846153846155,11.451979972690031,176.53846153846155,11.451979972690031,0
per_huruf_hybrid_skeleton_forced_loop_no_sig,5,2911,0.5401744293932084,176.61538461538464,11.357305416477013,176.61538461538464,11.357305416477013,0
per_huruf_hybrid_skeleton_forced_loop_no_sig,5,2912,0.5403599925774726,176.69230769230768,11.26672735548475,176.69230769230768,11.26672735548475,0
per_huruf_hybrid_skeleton_forced_loop_no_sig,5,2913,0.5405455557617368,176.76923076923075,11.182976786527082,176.76923076923075,11.182976786527082,0
per_huruf_hybrid_skeleton_forced_loop_no_sig,5,2914,0.5407311189460011,176.84615384615384,11.108784706417842,176.84615384615384,11.108784706417842,0
per_huruf_hybrid_skeleton_forced_loop_no_sig,5,2915,0.5409166821302653,176.9230769230769,11.046882111970868,176.9230769230769,11.046882111970868,0
per_huruf_hybrid_skeleton_forced_loop_no_sig,5,2916,0.5411022453145296,177.0,11.0,177.0,11.0,0
per_huruf_hybrid_skeleton_forced_loop_no_sig,5,2917,0.5412878084987938,177.07692307692312,10.969959035047792,177.07692307692312,10.969959035047792,0
per_huruf_hybrid_skeleton_forced_loop_no_sig,5,2918,0.5414733716830581,177.1538461538462,10.954938552571688,177.1538461538462,10.954938552571688,0
per_huruf_hybrid_skeleton_forced_loop_no_sig,5,2919,0.5416589348673223,177.2307692307692,10.95220755575785,177.2307692307692,10.95220755575785,0
per_huruf_hybrid_skeleton_forced_loop_no_sig,5,2920,0.5418444980515865,177.3076923076923,10.959035047792446,177.3076923076923,10.959035047792446,0
per_huruf_hybrid_skeleton_forced_loop_no_sig,5,2921,0.5420300612358507,177.3846153846154,10.97269003186163,177.3846153846154,10.97269003186163,0
per_huruf_hybrid_skeleton_forced_loop_no_sig,5,2922,0.5422156244201151,177.46153846153848,10.99044151115157,177.46153846153848,10.99044151115157,0
per_huruf_hybrid_skeleton_forced_loop_no_sig,5,2923,0.5424011876043793,177.53846153846155,11.009558488848429,177.53846153846155,11.009558488848429,0
per_huruf_hybrid_skeleton_forced_loop_no_sig,5,2924,0.5425867507886435,177.61538461538464,11.02730996813837,177.61538461538464,11.02730996813837,0
per_huruf_hybrid_skeleton_forced_loop_no_sig,5,2925,0.5427723139729077,177.69230769230768,11.040964952207556,177.69230769230768,11.040964952207556,0
per_huruf_hybrid_skeleton_forced_loop_no_sig,5,2926,0.542957877157172,177.76923076923075,11.047792444242148,177.76923076923075,11.047792444242148,0
per_huruf_hybrid_skeleton_forced_loop_no_sig,5,2927,0.5431434403414362,177.84615384615384,11.04506144742831,177.84615384615384,11.04506144742831,0
per_huruf_hybrid_skeleton_forced_loop_no_sig,5,2928,0.5433290035257005,177.9230769230769,11.030040964952207,177.9230769230769,11.030040964952207,0
per_huruf_hybrid_skeleton_forced_loop_no_sig,5,2929,0.5435145667099647,178.0,11.0,178.0,11.0,0
per_huruf_hybrid_skeleton_forced_loop_no_sig,5,2930,0.543700129894229,178.0769230769231,10.95311788802913,178.0769230769231,10.95311788802913,0
per_huruf_hybrid_skeleton_forced_loop_no_sig,5,2931,0.5438856930784932,178.15384615384616,10.891215293582158,178.15384615384616,10.891215293582158,0
per_huruf_hybrid_skeleton_forced_loop_no_sig,5,2932,0.5440712562627574,178.2307692307692,10.817023213472917,178.2307692307692,10.817023213472917,0
per_huruf_hybrid_skeleton_forced_loop_no_sig,5,2933,0.5442568194470216,178.3076923076923,10.733272644515248,178.3076923076923,10.733272644515248,0
per_huruf_hybrid_skeleton_forced_loop_no_sig,5,2934,0.544442382631286,178.3846153846154,10.642694583522987,178.3846153846154,10.642694583522987,0
per_huruf_hybrid_skeleton_forced_loop_no_sig,5,2935,0.5446279458155502,178.46153846153848,10.548020027309969,178.46153846153848,10.548020027309969,0
per_huruf_hybrid_skeleton_forced_loop_no_sig,5,2936,0.5448135089998144,178.53846153846155,10.45197997269003,178.53846153846155,10.45197997269003,0
per_huruf_hybrid_skeleton_forced_loop_no_sig,5,2937,0.5449990721840786,178.61538461538464,10.357305416477015,178.61538461538464,10.357305416477015,0
per_huruf_hybrid_skeleton_forced_loop_no_sig,5,2938,0.5451846353683429,178.69230769230768,10.26672735548475,178.69230769230768,10.26672735548475,0
per_huruf_hybrid_skeleton_forced_loop_no_sig,5,2939,0.5453701985526072,178.76923076923077,10.182976786527082,178.76923076923077,10.182976786527082,0
per_huruf_hybrid_skeleton_forced_loop_no_sig,5,2940,0.5455557617368714,178.84615384615384,10.108784706417843,178.84615384615384,10.108784706417843,0
per_huruf_hybrid_skeleton_forced_loop_no_sig,5,2941,0.5457413249211356,178.92307692307693,10.04688211197087,178.92307692307693,10.04688211197087,0
per_huruf_hybrid_skeleton_forced_loop_no_sig,5,2942,0.5459268881053999,179.0,10.0,179.0,10.0,0
per_huruf_hybrid_skeleton_forced_loop_no_sig,5,2943,0.5461124512896641,179.07692307692312,9.967228038233957,179.07692307692312,9.967228038233957,0
per_huruf_hybrid_skeleton_forced_loop_no_sig,5,2944,0.5462980144739283,179.1538461538462,9.94492489758762,179.1538461538462,9.94492489758762,0
per_huruf_hybrid_skeleton_forced_loop_no_sig,5,2945,0.5464835776581926,179.23076923076923,9.931725079654074,179.23076923076923,9.931725079654074,0
per_huruf_hybrid_skeleton_forced_loop_no_sig,5,2946,0.5466691408424569,179.3076923076923,9.926263086026399,179.3076923076923,9.926263086026399,0
per_huruf_hybrid_skeleton_forced_loop_no_sig,5,2947,0.5468547040267211,179.3846153846154,9.927173418297679,179.3846153846154,9.927173418297679,0
per_huruf_hybrid_skeleton_forced_loop_no_sig,5,2948,0.5470402672109853,179.46153846153845,9.933090578060993,179.46153846153845,9.933090578060993,0
per_huruf_hybrid_skeleton_forced_loop_no_sig,5,2949,0.5472258303952495,179.53846153846155,9.942649066909421,179.53846153846155,9.942649066909421,0
per_huruf_hybrid_skeleton_forced_loop_no_sig,5,2950,0.5474113935795138,179.61538461538464,9.95448338643605,179.61538461538464,9.95448338643605,0
per_huruf_hybrid_skeleton_forced_loop_no_sig,5,2951,0.5475969567637781,179.69230769230768,9.967228038233955,179.69230769230768,9.967228038233955,0
per_huruf_hybrid_skeleton_forced_loop_no_sig,5,2952,0.5477825199480423,179.76923076923075,9.979517523896222,179.76923076923075,9.979517523896222,0
per_huruf_hybrid_skeleton_forced_loop_no_sig,5,2953,0.5479680831323065,179.84615384615384,9.98998634501593,179.84615384615384,9.98998634501593,0
per_huruf_hybrid_skeleton_forced_loop_no_sig,5,2954,0.5481536463165708,179.9230769230769,9.997269003186164,179.9230769230769,9.997269003186164,0
per_huruf_hybrid_skeleton_forced_loop_no_sig,5,2955,0.548339209500835,180.0,10.0,180.0,10.0,0
per_huruf_hybrid_skeleton_forced_loop_no_sig,5,2956,0.5485247726850992,180.0769230769231,10.000000000000002,180.0769230769231,10.000000000000002,0
per_huruf_hybrid_skeleton_forced_loop_no_sig,5,2957,0.5487103358693635,180.15384615384616,10.0,180.15384615384616,10.0,0
per_huruf_hybrid_skeleton_forced_loop_no_sig,5,2958,0.5488958990536278,180.2307692307692,9.999999999999998,180.2307692307692,9.999999999999998,0
per_huruf_hybrid_skeleton_forced_loop_no_sig,5,2959,0.549081462237892,180.3076923076923,10.0,180.3076923076923,10.0,0
per_huruf_hybrid_skeleton_forced_loop_no_sig,5,2960,0.5492670254221562,180.38461538461542,10.000000000000002,180.38461538461542,10.000000000000002,0
per_huruf_hybrid_skeleton_forced_loop_no_sig,5,2961,0.5494525886064204,180.46153846153848,10.000000000000002,180.46153846153848,10.000000000000002,0
per_huruf_hybrid_skeleton_forced_loop_no_sig,5,2962,0.5496381517906846,180.53846153846152,10.0,180.53846153846152,10.0,0
per_huruf_hybrid_skeleton_forced_loop_no_sig,5,2963,0.549823714974949,180.61538461538464,10.0,180.61538461538464,10.0,0
per_huruf_hybrid_skeleton_forced_loop_no_sig,5,2964,0.5500092781592132,180.69230769230768,10.0,180.69230769230768,10.0,0
per_huruf_hybrid_skeleton_forced_loop_no_sig,5,2965,0.5501948413434774,180.76923076923077,10.0,180.76923076923077,10.0,0
per_huruf_hybrid_skeleton_forced_loop_no_sig,5,2966,0.5503804045277416,180.84615384615384,10.0,180.84615384615384,10.0,0
per_huruf_hybrid_skeleton_forced_loop_no_sig,5,2967,0.5505659677120059,180.9230769230769,10.0,180.9230769230769,10.0,0
per_huruf_hybrid_skeleton_forced_loop_no_sig,5,2968,0.5507515308962702,181.0,10.0,181.0,10.0,0
per_huruf_hybrid_skeleton_forced_loop_no_sig,5,2969,0.5509370940805344,181.07692307692312,10.002730996813838,181.07692307692312,10.002730996813838,0
per_huruf_hybrid_skeleton_forced_loop_no_sig,5,2970,0.5511226572647986,181.15384615384616,10.01001365498407,181.15384615384616,10.01001365498407,0
per_huruf_hybrid_skeleton_forced_loop_no_sig,5,2971,0.5513082204490629,181.23076923076923,10.020482476103775,181.23076923076923,10.020482476103775,0
per_huruf_hybrid_skeleton_forced_loop_no_sig,5,2972,0.5514937836333271,181.3076923076923,10.032771961766043,181.3076923076923,10.032771961766043,0
per_huruf_hybrid_skeleton_forced_loop_no_sig,5,2973,0.5516793468175913,181.38461538461542,10.04551661356395,181.38461538461542,10.04551661356395,0
per_huruf_hybrid_skeleton_forced_loop_no_sig,5,2974,0.5518649100018556,181.46153846153845,10.057350933090579,181.46153846153845,10.057350933090579,0
per_huruf_hybrid_skeleton_forced_loop_no_sig,5,2975,0.5520504731861199,181.53846153846152,10.066909421939005,181.53846153846152,10.066909421939005,0
per_huruf_hybrid_skeleton_forced_loop_no_sig,5,2976,0.5522360363703841,181.61538461538464,10.072826581702321,181.61538461538464,10.072826581702321,0
per_huruf_hybrid_skeleton_forced_loop_no_sig,5,2977,0.5524215995546483,181.69230769230768,10.073736913973601,181.69230769230768,10.073736913973601,0
per_huruf_hybrid_skeleton_forced_loop_no_sig,5,2978,0.5526071627389125,181.76923076923075,10.068274920345925,181.76923076923075,10.068274920345925,0
per_huruf_hybrid_skeleton_forced_loop_no_sig,5,2979,0.5527927259231769,181.84615384615384,10.055075102412381,181.84615384615384,10.055075102412381,0
per_huruf_hybrid_skeleton_forced_loop_no_sig,5,2980,0.5529782891074411,181.9230769230769,10.032771961766045,181.9230769230769,10.032771961766045,0
per_huruf_hybrid_skeleton_forced_loop_no_sig,5,2981,0.5531638522917053,182.0,10.0,182.0,10.0,0
per_huruf_hybrid_skeleton_forced_loop_no_sig,5,2982,0.5533494154759695,182.0769230769231,9.953117888029134,182.0769230769231,9.953117888029134,0
per_huruf_hybrid_skeleton_forced_loop_no_sig,5,2983,0.5535349786602338,182.15384615384616,9.891215293582158,182.15384615384616,9.891215293582158,0
per_huruf_hybrid_skeleton_forced_loop_no_sig,5,2984,0.553720541844498,182.2307692307692,9.817023213472917,182.2307692307692,9.817023213472917,0
per_huruf_hybrid_skeleton_forced_loop_no_sig,5,2985,0.5539061050287623,182.3076923076923,9.733272644515248,182.3076923076923,9.733272644515248,0
per_huruf_hybrid_skeleton_forced_loop_no_sig,5,2986,0.5540916682130265,182.38461538461542,9.642694583522985,182.38461538461542,9.642694583522985,0
per_huruf_hybrid_skeleton_forced_loop_no_sig,5,2987,0.5542772313972908,182.46153846153848,9.548020027309969,182.46153846153848,9.548020027309969,0
per_huruf_hybrid_skeleton_forced_loop_no_sig,5,2988,0.554462794581555,182.53846153846155,9.451979972690031,182.53846153846155,9.451979972690031,0
per_huruf_hybrid_skeleton_forced_loop_no_sig,5,2989,0.5546483577658192,182.61538461538464,9.357305416477015,182.61538461538464,9.357305416477015,0
per_huruf_hybrid_skeleton_forced_loop_no_sig,5,2990,0.5548339209500834,182.69230769230768,9.26672735548475,182.69230769230768,9.26672735548475,0
per_huruf_hybrid_skeleton_forced_loop_no_sig,5,2991,0.5550194841343478,182.76923076923075,9.182976786527082,182.76923076923075,9.182976786527082,0
per_huruf_hybrid_skeleton_forced_loop_no_sig,5,2992,0.555205047318612,182.84615384615384,9.108784706417843,182.84615384615384,9.108784706417843,0
per_huruf_hybrid_skeleton_forced_loop_no_sig,5,2993,0.5553906105028762,182.92307692307693,9.046882111970868,182.92307692307693,9.046882111970868,0
per_huruf_hybrid_skeleton_forced_loop_no_sig,5,2994,0.5555761736871404,183.0,9.0,183.0,9.0,0
per_huruf_hybrid_skeleton_forced_loop_no_sig,5,2995,0.5557617368714047,183.0769230769231,8.967228038233957,183.0769230769231,8.967228038233957,0
per_huruf_hybrid_skeleton_forced_loop_no_sig,5,2996,0.555947300055669,183.15384615384613,8.94492489758762,183.15384615384613,8.94492489758762,0
per_huruf_hybrid_skeleton_forced_loop_no_sig,5,2997,0.5561328632399332,183.2307692307692,8.931725079654072,183.2307692307692,8.931725079654072,0
per_huruf_hybrid_skeleton_forced_loop_no_sig,5,2998,0.5563184264241974,183.3076923076923,8.9262630860264,183.3076923076923,8.9262630860264,0
per_huruf_hybrid_skeleton_forced_loop_no_sig,5,2999,0.5565039896084617,183.38461538461542,8.92717341829768,183.38461538461542,8.92717341829768,0
per_huruf_hybrid_skeleton_forced_loop_no_sig,5,3000,0.5566895527927259,183.46153846153845,8.933090578060993,183.46153846153845,8.933090578060993,0
per_huruf_hybrid_skeleton_forced_loop_no_sig,5,3001,0.5568751159769901,183.53846153846155,8.942649066909421,183.53846153846155,8.942649066909421,0
per_huruf_hybrid_skeleton_forced_loop_no_sig,5,3002,0.5570606791612543,183.6153846153846,8.95448338643605,183.6153846153846,8.95448338643605,0
per_huruf_hybrid_skeleton_forced_loop_no_sig,5,3003,0.5572462423455187,183.69230769230768,8.967228038233955,183.69230769230768,8.967228038233955,0
per_huruf_hybrid_skeleton_forced_loop_no_sig,5,3004,0.5574318055297829,183.76923076923077,8.979517523896222,183.76923076923077,8.979517523896222,0
per_huruf_hybrid_skeleton_forced_loop_no_sig,5,3005,0.5576173687140471,183.84615384615384,8.989986345015932,183.84615384615384,8.989986345015932,0
per_huruf_hybrid_skeleton_forced_loop_no_sig,5,3006,0.5578029318983113,183.9230769230769,8.997269003186162,183.9230769230769,8.997269003186162,0
per_huruf_hybrid_skeleton_forced_loop_no_sig,5,3007,0.5579884950825756,184.0,9.0,184.0,9.0,0
per_huruf_hybrid_skeleton_forced_loop_no_sig,5,3008,0.5581740582668399,184.0769230769231,9.0,184.0769230769231,9.0,0
per_huruf_hybrid_skeleton_forced_loop_no_sig,5,3009,0.5583596214511041,184.15384615384616,9.0,184.15384615384616,9.0,0
per_huruf_hybrid_skeleton_forced_loop_no_sig,5,3010,0.5585451846353683,184.2307692307692,8.999999999999998,184.2307692307692,8.999999999999998,0
per_huruf_hybrid_skeleton_forced_loop_no_sig,5,3011,0.5587307478196326,184.3076923076923,9.0,184.3076923076923,9.0,0
per_huruf_hybrid_skeleton_forced_loop_no_sig,5,3012,0.5589163110038968,184.38461538461544,9.0,184.38461538461544,9.0,0
per_huruf_hybrid_skeleton_forced_loop_no_sig,5,3013,0.559101874188161,184.46153846153848,9.0,184.46153846153848,9.0,0
per_huruf_hybrid_skeleton_forced_loop_no_sig,5,3014,0.5592874373724253,184.53846153846155,9.0,184.53846153846155,9.0,0
per_huruf_hybrid_skeleton_forced_loop_no_sig,5,3015,0.5594730005566896,184.61538461538464,9.0,184.61538461538464,9.0,0
per_huruf_hybrid_skeleton_forced_loop_no_sig,5,3016,0.5596585637409538,184.69230769230768,9.0,184.69230769230768,9.0,0
per_huruf_hybrid_skeleton_forced_loop_no_sig,5,3017,0.559844126925218,184.76923076923077,9.0,184.76923076923077,9.0,0
per_huruf_hybrid_skeleton_forced_loop_no_sig,5,3018,0.5600296901094822,184.84615384615387,9.0,184.84615384615387,9.0,0
per_huruf_hybrid_skeleton_forced_loop_no_sig,5,3019,0.5602152532937464,184.9230769230769,9.0,184.9230769230769,9.0,0
per_huruf_hybrid_skeleton_forced_loop_no_sig,5,3020,0.5604008164780108,185.0,9.0,185.0,9.0,0
per_huruf_hybrid_skeleton_forced_loop_no_sig,5,3021,0.560586379662275,185.07965407373695,8.997269003186164,185.07965407373695,8.997269003186164,0
per_huruf_hybrid_skeleton_forced_loop_no_sig,5,3022,0.5607719428465392,185.1638598088302,8.98998634501593,185.1638598088302,8.98998634501593,0
per_huruf_hybrid_skeleton_forced_loop_no_sig,5,3023,0.5609575060308034,185.25125170687298,8.97951752389622,185.25125170687298,8.97951752389622,0
per_huruf_hybrid_skeleton_forced_loop_no_sig,5,3024,0.5611430692150677,185.34046426945832,8.967228038233955,185.34046426945832,8.967228038233955,0
per_huruf_hybrid_skeleton_forced_loop_no_sig,5,3025,0.561328632399332,185.43013199817938,8.95448338643605,185.43013199817938,8.95448338643605,0
per_huruf_hybrid_skeleton_forced_loop_no_sig,5,3026,0.5615141955835962,185.51888939462904,8.942649066909423,185.51888939462904,8.942649066909423,0
per_huruf_hybrid_skeleton_forced_loop_no_sig,5,3027,0.5616997587678604,185.60537096040053,8.933090578060993,185.60537096040053,8.933090578060993,0
per_huruf_hybrid_skeleton_forced_loop_no_sig,5,3028,0.5618853219521247,185.68821119708696,8.927173418297679,185.68821119708696,8.927173418297679,0
per_huruf_hybrid_skeleton_forced_loop_no_sig,5,3029,0.5620708851363889,185.7660446062813,8.926263086026399,185.7660446062813,8.926263086026399,0
per_huruf_hybrid_skeleton_forced_loop_no_sig,5,3030,0.5622564483206531,185.8375056895767,8.931725079654074,185.8375056895767,8.931725079654074,0
per_huruf_hybrid_skeleton_forced_loop_no_sig,5,3031,0.5624420115049173,185.90122894856623,8.94492489758762,185.90122894856623,8.94492489758762,0
per_huruf_hybrid_skeleton_forced_loop_no_sig,5,3032,0.5626275746891817,185.95584888484296,8.967228038233955,185.95584888484296,8.967228038233955,0
per_huruf_hybrid_skeleton_forced_loop_no_sig,5,3033,0.5628131378734459,186.0,9.0,186.0,9.0,0
per_huruf_hybrid_skeleton_forced_loop_no_sig,5,3034,0.5629987010577101,186.0327719617661,9.044151115157034,186.0327719617661,9.044151115157034,0
per_huruf_hybrid_skeleton_forced_loop_no_sig,5,3035,0.5631842642419743,186.05507510241236,9.098771051433774,186.05507510241236,9.098771051433774,0
per_huruf_hybrid_skeleton_forced_loop_no_sig,5,3036,0.5633698274262386,186.06827492034589,9.162494310423302,186.06827492034589,9.162494310423302,0
per_huruf_hybrid_skeleton_forced_loop_no_sig,5,3037,0.5635553906105029,186.0737369139736,9.233955393718707,186.0737369139736,9.233955393718707,0
per_huruf_hybrid_skeleton_forced_loop_no_sig,5,3038,0.5637409537947671,186.07282658170234,9.311788802913064,186.07282658170234,9.311788802913064,0
per_huruf_hybrid_skeleton_forced_loop_no_sig,5,3039,0.5639265169790313,186.06690942193902,9.394629039599455,186.06690942193902,9.394629039599455,0
per_huruf_hybrid_skeleton_forced_loop_no_sig,5,3040,0.5641120801632956,186.05735093309056,9.48111060537096,186.05735093309056,9.48111060537096,0
per_huruf_hybrid_skeleton_forced_loop_no_sig,5,3041,0.5642976433475598,186.04551661356396,9.569868001820664,186.04551661356396,9.569868001820664,0
per_huruf_hybrid_skeleton_forced_loop_no_sig,5,3042,0.564483206531824,186.03277196176603,9.659535730541648,186.03277196176603,9.659535730541648,0
per_huruf_hybrid_skeleton_forced_loop_no_sig,5,3043,0.5646687697160883,186.02048247610375,9.74874829312699,186.02048247610375,9.74874829312699,0
per_huruf_hybrid_skeleton_forced_loop_no_sig,5,3044,0.5648543329003526,186.01001365498405,9.836140191169777,186.01001365498405,9.836140191169777,0
per_huruf_hybrid_skeleton_forced_loop_no_sig,5,3045,0.5650398960846168,186.00273099681385,9.920345926263085,186.00273099681385,9.920345926263085,0
per_huruf_hybrid_skeleton_forced_loop_no_sig,5,3046,0.565225459268881,186.0,10.0,186.0,10.0,0
per_huruf_hybrid_skeleton_forced_loop_no_sig,5,3047,0.5654110224531452,186.00000000000006,10.076923076923077,186.00000000000006,10.076923076923077,0
per_huruf_hybrid_skeleton_forced_loop_no_sig,5,3048,0.5655965856374096,186.0,10.153846153846155,186.0,10.153846153846155,0
per_huruf_hybrid_skeleton_forced_loop_no_sig,5,3049,0.5657821488216738,185.99999999999997,10.230769230769228,185.99999999999997,10.230769230769228,0
per_huruf_hybrid_skeleton_forced_loop_no_sig,5,3050,0.565967712005938,186.0,10.307692307692308,186.0,10.307692307692308,0
per_huruf_hybrid_skeleton_forced_loop_no_sig,5,3051,0.5661532751902022,186.00000000000003,10.384615384615385,186.00000000000003,10.384615384615385,0
per_huruf_hybrid_skeleton_forced_loop_no_sig,5,3052,0.5663388383744665,186.0,10.461538461538462,186.0,10.461538461538462,0
per_huruf_hybrid_skeleton_forced_loop_no_sig,5,3053,0.5665244015587307,186.0,10.538461538461538,186.0,10.538461538461538,0
per_huruf_hybrid_skeleton_forced_loop_no_sig,5,3054,0.566709964742995,186.00000000000003,10.615384615384615,186.00000000000003,10.615384615384615,0
per_huruf_hybrid_skeleton_forced_loop_no_sig,5,3055,0.5668955279272592,186.0,10.692307692307692,186.0,10.692307692307692,0
per_huruf_hybrid_skeleton_forced_loop_no_sig,5,3056,0.5670810911115235,186.0,10.769230769230768,186.0,10.769230769230768,0
per_huruf_hybrid_skeleton_forced_loop_no_sig,5,3057,0.5672666542957877,186.0,10.846153846153847,186.0,10.846153846153847,0
per_huruf_hybrid_skeleton_forced_loop_no_sig,5,3058,0.5674522174800519,186.0,10.923076923076922,186.0,10.923076923076922,0
per_huruf_hybrid_skeleton_forced_loop_no_sig,5,3059,0.5676377806643161,186.0,11.0,186.0,11.0,0
per_huruf_hybrid_skeleton_forced_loop_no_sig,5,3060,0.5678233438485805,186.00000000000006,11.076923076923078,186.00000000000006,11.076923076923078,0
per_huruf_hybrid_skeleton_forced_loop_no_sig,5,3061,0.5680089070328447,186.0,11.153846153846155,186.0,11.153846153846155,0
per_huruf_hybrid_skeleton_forced_loop_no_sig,5,3062,0.5681944702171089,185.99999999999997,11.230769230769228,185.99999999999997,11.230769230769228,0
per_huruf_hybrid_skeleton_forced_loop_no_sig,5,3063,0.5683800334013731,186.0,11.307692307692307,186.0,11.307692307692307,0
per_huruf_hybrid_skeleton_forced_loop_no_sig,5,3064,0.5685655965856374,186.00000000000003,11.384615384615385,186.00000000000003,11.384615384615385,0
per_huruf_hybrid_skeleton_forced_loop_no_sig,5,3065,0.5687511597699016,186.0,11.461538461538463,186.0,11.461538461538463,0
per_huruf_hybrid_skeleton_forced_loop_no_sig,5,3066,0.5689367229541659,186.0,11.53846153846154,186.0,11.53846153846154,0
per_huruf_hybrid_skeleton_forced_loop_no_sig,5,3067,0.5691222861384301,186.00000000000003,11.615384615384617,186.00000000000003,11.615384615384617,0
per_huruf_hybrid_skeleton_forced_loop_no_sig,5,3068,0.5693078493226944,186.0,11.692307692307692,186.0,11.692307692307692,0
per_huruf_hybrid_skeleton_forced_loop_no_sig,5,3069,0.5694934125069586,186.0,11.769230769230766,186.0,11.769230769230766,0
per_huruf_hybrid_skeleton_forced_loop_no_sig,5,3070,0.5696789756912228,186.0,11.846153846153847,186.0,11.846153846153847,0
per_huruf_hybrid_skeleton_forced_loop_no_sig,5,3071,0.569864538875487,186.0,11.923076923076922,186.0,11.923076923076922,0
per_huruf_hybrid_skeleton_forced_loop_no_sig,5,3072,0.5700501020597513,186.0,12.0,186.0,12.0,0
per_huruf_hybrid_skeleton_forced_loop_no_sig,5,3073,0.5702356652440156,186.00000000000006,12.076923076923078,186.00000000000006,12.076923076923078,0
per_huruf_hybrid_skeleton_forced_loop_no_sig,5,3074,0.5704212284282798,186.0,12.153846153846155,186.0,12.153846153846155,0
per_huruf_hybrid_skeleton_forced_loop_no_sig,5,3075,0.570606791612544,185.99999999999997,12.23076923076923,185.99999999999997,12.23076923076923,0
per_huruf_hybrid_skeleton_forced_loop_no_sig,5,3076,0.5707923547968082,186.0,12.307692307692307,186.0,12.307692307692307,0
per_huruf_hybrid_skeleton_forced_loop_no_sig,5,3077,0.5709779179810726,186.00000000000003,12.384615384615385,186.00000000000003,12.384615384615385,0
per_huruf_hybrid_skeleton_forced_loop_no_sig,5,3078,0.5711634811653368,186.0,12.461538461538462,186.0,12.461538461538462,0
per_huruf_hybrid_skeleton_forced_loop_no_sig,5,3079,0.571349044349601,186.0,12.53846153846154,186.0,12.53846153846154,0
per_huruf_hybrid_skeleton_forced_loop_no_sig,5,3080,0.5715346075338652,186.00000000000003,12.615384615384617,186.00000000000003,12.615384615384617,0
per_huruf_hybrid_skeleton_forced_loop_no_sig,5,3081,0.5717201707181295,186.0,12.69230769230769,186.0,12.69230769230769,0
per_huruf_hybrid_skeleton_forced_loop_no_sig,5,3082,0.5719057339023937,186.0,12.769230769230768,186.0,12.769230769230768,0
per_huruf_hybrid_skeleton_forced_loop_no_sig,5,3083,0.572091297086658,186.0,12.846153846153847,186.0,12.846153846153847,0
per_huruf_hybrid_skeleton_forced_loop_no_sig,5,3084,0.5722768602709222,186.0,12.923076923076922,186.0,12.923076923076922,0
per_huruf_hybrid_skeleton_forced_loop_no_sig,5,3085,0.5724624234551865,186.0,13.0,186.0,13.0,0
per_huruf_hybrid_skeleton_forced_loop_no_sig,5,3086,0.5726479866394507,186.00273099681388,13.076923076923078,186.00273099681388,13.076923076923078,0
per_huruf_hybrid_skeleton_forced_loop_no_sig,5,3087,0.5728335498237149,186.01001365498408,13.153846153846157,186.01001365498408,13.153846153846157,0
per_huruf_hybrid_skeleton_forced_loop_no_sig,5,3088,0.5730191130079791,186.02048247610375,13.230769230769228,186.02048247610375,13.230769230769228,0
per_huruf_hybrid_skeleton_forced_loop_no_sig,5,3089,0.5732046761922435,186.03277196176606,13.307692307692307,186.03277196176606,13.307692307692307,0
per_huruf_hybrid_skeleton_forced_loop_no_sig,5,3090,0.5733902393765077,186.04551661356396,13.384615384615387,186.04551661356396,13.384615384615387,0
per_huruf_hybrid_skeleton_forced_loop_no_sig,5,3091,0.5735758025607719,186.0573509330906,13.461538461538462,186.0573509330906,13.461538461538462,0
per_huruf_hybrid_skeleton_forced_loop_no_sig,5,3092,0.5737613657450361,186.066909421939,13.538461538461538,186.066909421939,13.538461538461538,0
per_huruf_hybrid_skeleton_forced_loop_no_sig,5,3093,0.5739469289293004,186.07282658170234,13.615384615384617,186.07282658170234,13.615384615384617,0
per_huruf_hybrid_skeleton_forced_loop_no_sig,5,3094,0.5741324921135647,186.0737369139736,13.69230769230769,186.0737369139736,13.69230769230769,0
per_huruf_hybrid_skeleton_forced_loop_no_sig,5,3095,0.5743180552978289,186.0682749203459,13.769230769230768,186.0682749203459,13.769230769230768,0
per_huruf_hybrid_skeleton_forced_loop_no_sig,5,3096,0.5745036184820931,186.0550751024124,13.846153846153845,186.0550751024124,13.846153846153845,0
per_huruf_hybrid_skeleton_forced_loop_no_sig,5,3097,0.5746891816663574,186.03277196176606,13.923076923076923,186.03277196176606,13.923076923076923,0
per_huruf_hybrid_skeleton_forced_loop_no_sig,5,3098,0.5748747448506216,186.0,14.0,186.0,14.0,0
per_huruf_hybrid_skeleton_forced_loop_no_sig,5,3099,0.5750603080348858,185.95584888484302,14.076923076923078,185.95584888484302,14.076923076923078,0
per_huruf_hybrid_skeleton_forced_loop_no_sig,5,3100,0.57524587121915,185.90122894856623,14.153846153846155,185.90122894856623,14.153846153846155,0
per_huruf_hybrid_skeleton_forced_loop_no_sig,5,3101,0.5754314344034144,185.83750568957666,14.23076923076923,185.83750568957666,14.23076923076923,0
per_huruf_hybrid_skeleton_forced_loop_no_sig,5,3102,0.5756169975876786,185.76604460628127,14.307692307692307,185.76604460628127,14.307692307692307,0
per_huruf_hybrid_skeleton_forced_loop_no_sig,5,3103,0.5758025607719428,185.68821119708696,14.384615384615387,185.68821119708696,14.384615384615387,0
per_huruf_hybrid_skeleton_forced_loop_no_sig,5,3104,0.575988123956207,185.6053709604006,14.461538461538462,185.6053709604006,14.461538461538462,0
per_huruf_hybrid_skeleton_forced_loop_no_sig,5,3105,0.5761736871404713,185.51888939462904,14.538461538461538,185.51888939462904,14.538461538461538,0
per_huruf_hybrid_skeleton_forced_loop_no_sig,5,3106,0.5763592503247356,185.43013199817938,14.615384615384617,185.43013199817938,14.615384615384617,0
per_huruf_hybrid_skeleton_forced_loop_no_sig,5,3107,0.5765448135089998,185.34046426945835,14.692307692307692,185.34046426945835,14.692307692307692,0
per_huruf_hybrid_skeleton_forced_loop_no_sig,5,3108,0.576730376693264,185.251251706873,14.769230769230766,185.251251706873,14.769230769230766,0
per_huruf_hybrid_skeleton_forced_loop_no_sig,5,3109,0.5769159398775283,185.16385980883024,14.846153846153847,185.16385980883024,14.846153846153847,0
per_huruf_hybrid_skeleton_forced_loop_no_sig,5,3110,0.5771015030617925,185.0796540737369,14.923076923076922,185.0796540737369,14.923076923076922,0
per_huruf_hybrid_skeleton_forced_loop_no_sig,5,3111,0.5772870662460567,185.0,15.0,185.0,15.0,0
per_huruf_hybrid_skeleton_forced_loop_no_sig,5,3112,0.577472629430321,184.9203459262631,15.07692307692308,184.9203459262631,15.07692307692308,0
per_huruf_hybrid_skeleton_forced_loop_no_sig,5,3113,0.5776581926145853,184.83614019116976,15.153846153846155,184.83614019116976,15.153846153846155,0
per_huruf_hybrid_skeleton_forced_loop_no_sig,5,3114,0.5778437557988495,184.74874829312697,15.230769230769228,184.74874829312697,15.230769230769228,0
per_huruf_hybrid_skeleton_forced_loop_no_sig,5,3115,0.5780293189831137,184.65953573054162,15.307692307692307,184.65953573054162,15.307692307692307,0
per_huruf_hybrid_skeleton_forced_loop_no_sig,5,3116,0.5782148821673779,184.5698680018207,15.384615384615387,184.5698680018207,15.384615384615387,0
per_huruf_hybrid_skeleton_forced_loop_no_sig,5,3117,0.5784004453516423,184.48111060537096,15.461538461538463,184.48111060537096,15.461538461538463,0
per_huruf_hybrid_skeleton_forced_loop_no_sig,5,3118,0.5785860085359065,184.39462903959944,15.538461538461538,184.39462903959944,15.538461538461538,0
per_huruf_hybrid_skeleton_forced_loop_no_sig,5,3119,0.5787715717201707,184.31178880291307,15.615384615384615,184.31178880291307,15.615384615384615,0
per_huruf_hybrid_skeleton_forced_loop_no_sig,5,3120,0.5789571349044349,184.2339553937187,15.692307692307692,184.2339553937187,15.692307692307692,0
per_huruf_hybrid_skeleton_forced_loop_no_sig,5,3121,0.5791426980886992,184.16249431042326,15.769230769230768,184.16249431042326,15.769230769230768,0
per_huruf_hybrid_skeleton_forced_loop_no_sig,5,3122,0.5793282612729634,184.09877105143377,15.846153846153847,184.09877105143377,15.846153846153847,0
per_huruf_hybrid_skeleton_forced_loop_no_sig,5,3123,0.5795138244572277,184.044151115157,15.923076923076923,184.044151115157,15.923076923076923,0
per_huruf_hybrid_skeleton_forced_loop_no_sig,5,3124,0.5796993876414919,184.0,16.0,184.0,16.0,0
per_huruf_hybrid_skeleton_forced_loop_no_sig,5,3125,0.5798849508257562,183.9699590350478,16.076923076923077,183.9699590350478,16.076923076923077,0
per_huruf_hybrid_skeleton_forced_loop_no_sig,5,3126,0.5800705140100204,183.95493855257166,16.153846153846153,183.95493855257166,16.153846153846153,0
per_huruf_hybrid_skeleton_forced_loop_no_sig,5,3127,0.5802560771942846,183.95220755575784,16.23076923076923,183.95220755575784,16.23076923076923,0
per_huruf_hybrid_skeleton_forced_loop_no_sig,5,3128,0.5804416403785488,183.95903504779244,16.307692307692307,183.95903504779244,16.307692307692307,0
per_huruf_hybrid_skeleton_forced_loop_no_sig,5,3129,0.580627203562813,183.97269003186167,16.384615384615387,183.97269003186167,16.384615384615387,0
per_huruf_hybrid_skeleton_forced_loop_no_sig,5,3130,0.5808127667470774,183.99044151115157,16.461538461538463,183.99044151115157,16.461538461538463,0
per_huruf_hybrid_skeleton_forced_loop_no_sig,5,3131,0.5809983299313416,184.00955848884843,16.53846153846154,184.00955848884843,16.53846153846154,0
per_huruf_hybrid_skeleton_forced_loop_no_sig,5,3132,0.5811838931156058,184.02730996813838,16.615384615384617,184.02730996813838,16.615384615384617,0
per_huruf_hybrid_skeleton_forced_loop_no_sig,5,3133,0.58136945629987,184.04096495220756,16.692307692307693,184.04096495220756,16.692307692307693,0
per_huruf_hybrid_skeleton_forced_loop_no_sig,5,3134,0.5815550194841344,184.04779244424213,16.769230769230766,184.04779244424213,16.769230769230766,0
per_huruf_hybrid_skeleton_forced_loop_no_sig,5,3135,0.5817405826683986,184.0450614474283,16.846153846153847,184.0450614474283,16.846153846153847,0
per_huruf_hybrid_skeleton_forced_loop_no_sig,5,3136,0.5819261458526628,184.0300409649522,16.923076923076923,184.0300409649522,16.923076923076923,0
per_huruf_hybrid_skeleton_forced_loop_no_sig,5,3137,0.582111709036927,184.0,17.0,184.0,17.0,0
per_huruf_hybrid_skeleton_forced_loop_no_sig,5,3138,0.5822972722211913,183.95584888484296,17.07692307692308,183.95584888484296,17.07692307692308,0
per_huruf_hybrid_skeleton_forced_loop_no_sig,5,3139,0.5824828354054555,183.90122894856623,17.153846153846153,183.90122894856623,17.153846153846153,0
per_huruf_hybrid_skeleton_forced_loop_no_sig,5,3140,0.5826683985897197,183.83750568957666,17.230769230769226,183.83750568957666,17.230769230769226,0
per_huruf_hybrid_skeleton_forced_loop_no_sig,5,3141,0.582853961773984,183.76604460628127,17.307692307692307,183.76604460628127,17.307692307692307,0
per_huruf_hybrid_skeleton_forced_loop_no_sig,5,3142,0.5830395249582483,183.68821119708699,17.384615384615387,183.68821119708699,17.384615384615387,0
per_huruf_hybrid_skeleton_forced_loop_no_sig,5,3143,0.5832250881425125,183.6053709604006,17.461538461538463,183.6053709604006,17.461538461538463,0
per_huruf_hybrid_skeleton_forced_loop_no_sig,5,3144,0.5834106513267767,183.518889394629,17.53846153846154,183.518889394629,17.53846153846154,0
per_huruf_hybrid_skeleton_forced_loop_no_sig,5,3145,0.5835962145110409,183.43013199817938,17.615384615384617,183.43013199817938,17.615384615384617,0
per_huruf_hybrid_skeleton_forced_loop_no_sig,5,3146,0.5837817776953053,183.34046426945835,17.692307692307693,183.34046426945835,17.692307692307693,0
per_huruf_hybrid_skeleton_forced_loop_no_sig,5,3147,0.5839673408795695,183.251251706873,17.769230769230766,183.251251706873,17.769230769230766,0
per_huruf_hybrid_skeleton_forced_loop_no_sig,5,3148,0.5841529040638337,183.16385980883024,17.846153846153847,183.16385980883024,17.846153846153847,0
per_huruf_hybrid_skeleton_forced_loop_no_sig,5,3149,0.5843384672480979,183.07965407373692,17.923076923076923,183.07965407373692,17.923076923076923,0
per_huruf_hybrid_skeleton_forced_loop_no_sig,5,3150,0.5845240304323622,183.0,18.0,183.0,18.0,0
per_huruf_hybrid_skeleton_forced_loop_no_sig,5,3151,0.5847095936166264,182.9203459262631,18.07692307692308,182.9203459262631,18.07692307692308,0
per_huruf_hybrid_skeleton_forced_loop_no_sig,5,3152,0.5848951568008907,182.83614019116976,18.153846153846153,182.83614019116976,18.153846153846153,0
per_huruf_hybrid_skeleton_forced_loop_no_sig,5,3153,0.5850807199851549,182.74874829312694,18.23076923076923,182.74874829312694,18.23076923076923,0
per_huruf_hybrid_skeleton_forced_loop_no_sig,5,3154,0.5852662831694192,182.65953573054162,18.307692307692307,182.65953573054162,18.307692307692307,0
per_huruf_hybrid_skeleton_forced_loop_no_sig,5,3155,0.5854518463536834,182.56986800182068,18.38461538461539,182.56986800182068,18.38461538461539,0
per_huruf_hybrid_skeleton_forced_loop_no_sig,5,3156,0.5856374095379476,182.48111060537096,18.461538461538463,182.48111060537096,18.461538461538463,0
per_huruf_hybrid_skeleton_forced_loop_no_sig,5,3157,0.5858229727222118,182.39462903959944,18.538461538461537,182.39462903959944,18.538461538461537,0
per_huruf_hybrid_skeleton_forced_loop_no_sig,5,3158,0.5860085359064762,182.31178880291304,18.615384615384613,182.31178880291304,18.615384615384613,0
per_huruf_hybrid_skeleton_forced_loop_no_sig,5,3159,0.5861940990907404,182.2339553937187,18.692307692307693,182.2339553937187,18.692307692307693,0
per_huruf_hybrid_skeleton_forced_loop_no_sig,5,3160,0.5863796622750046,182.16249431042328,18.769230769230766,182.16249431042328,18.769230769230766,0
per_huruf_hybrid_skeleton_forced_loop_no_sig,5,3161,0.5865652254592688,182.09877105143377,18.846153846153847,182.09877105143377,18.846153846153847,0
per_huruf_hybrid_skeleton_forced_loop_no_sig,5,3162,0.5867507886435331,182.04415111515704,18.923076923076923,182.04415111515704,18.923076923076923,0
per_huruf_hybrid_skeleton_forced_loop_no_sig,5,3163,0.5869363518277974,182.0,19.0,182.0,19.0,0
per_huruf_hybrid_skeleton_forced_loop_no_sig,5,3164,0.5871219150120616,181.96995903504782,19.07965407373692,181.96995903504782,19.07965407373692,0
per_huruf_hybrid_skeleton_forced_loop_no_sig,5,3165,0.5873074781963258,181.9549385525717,19.163859808830228,181.9549385525717,19.163859808830228,0
per_huruf_hybrid_skeleton_forced_loop_no_sig,5,3166,0.5874930413805901,181.9522075557578,19.251251706873003,181.9522075557578,19.251251706873003,0
per_huruf_hybrid_skeleton_forced_loop_no_sig,5,3167,0.5876786045648543,181.95903504779244,19.34046426945835,181.95903504779244,19.34046426945835,0
per_huruf_hybrid_skeleton_forced_loop_no_sig,5,3168,0.5878641677491185,181.97269003186165,19.430131998179338,181.97269003186165,19.430131998179338,0
per_huruf_hybrid_skeleton_forced_loop_no_sig,5,3169,0.5880497309333828,181.99044151115157,19.51888939462904,181.99044151115157,19.51888939462904,0
per_huruf_hybrid_skeleton_forced_loop_no_sig,5,3170,0.5882352941176471,182.00955848884846,19.605370960400542,182.00955848884846,19.605370960400542,0
per_huruf_hybrid_skeleton_forced_loop_no_sig,5,3171,0.5884208573019113,182.02730996813835,19.688211197086936,182.02730996813835,19.688211197086936,0
per_huruf_hybrid_skeleton_forced_loop_no_sig,5,3172,0.5886064204861755,182.04096495220753,19.76604460628129,182.04096495220753,19.76604460628129,0
per_huruf_hybrid_skeleton_forced_loop_no_sig,5,3173,0.5887919836704397,182.04779244424213,19.837505689576695,182.04779244424213,19.837505689576695,0
per_huruf_hybrid_skeleton_forced_loop_no_sig,5,3174,0.588977546854704,182.0450614474283,19.901228948566228,182.0450614474283,19.901228948566228,0
per_huruf_hybrid_skeleton_forced_loop_no_sig,5,3175,0.5891631100389683,182.0300409649522,19.95584888484297,182.0300409649522,19.95584888484297,0
per_huruf_hybrid_skeleton_forced_loop_no_sig,5,3176,0.5893486732232325,182.0,20.0,182.0,20.0,0
per_huruf_hybrid_skeleton_forced_loop_no_sig,5,3177,0.5895342364074967,181.95311788802914,20.030040964952214,181.95311788802914,20.030040964952214,0
per_huruf_hybrid_skeleton_forced_loop_no_sig,5,3178,0.589719799591761,181.89121529358215,20.045061447428314,181.89121529358215,20.045061447428314,0
per_huruf_hybrid_skeleton_forced_loop_no_sig,5,3179,0.5899053627760252,181.81702321347288,20.047792444242145,181.81702321347288,20.047792444242145,0
per_huruf_hybrid_skeleton_forced_loop_no_sig,5,3180,0.5900909259602894,181.73327264451524,20.040964952207556,181.73327264451524,20.040964952207556,0
per_huruf_hybrid_skeleton_forced_loop_no_sig,5,3181,0.5902764891445537,181.642694583523,20.027309968138372,181.642694583523,20.027309968138372,0
per_huruf_hybrid_skeleton_forced_loop_no_sig,5,3182,0.590462052328818,181.54802002731,20.00955848884843,181.54802002731,20.00955848884843,0
per_huruf_hybrid_skeleton_forced_loop_no_sig,5,3183,0.5906476155130822,181.45197997269003,19.990441511151566,181.45197997269003,19.990441511151566,0
per_huruf_hybrid_skeleton_forced_loop_no_sig,5,3184,0.5908331786973464,181.357305416477,19.97269003186163,181.357305416477,19.97269003186163,0
per_huruf_hybrid_skeleton_forced_loop_no_sig,5,3185,0.5910187418816106,181.26672735548473,19.95903504779244,181.26672735548473,19.95903504779244,0
per_huruf_hybrid_skeleton_forced_loop_no_sig,5,3186,0.5912043050658748,181.1829767865271,19.95220755575785,181.1829767865271,19.95220755575785,0
per_huruf_hybrid_skeleton_forced_loop_no_sig,5,3187,0.5913898682501392,181.10878470641785,19.95493855257169,181.10878470641785,19.95493855257169,0
per_huruf_hybrid_skeleton_forced_loop_no_sig,5,3188,0.5915754314344034,181.04688211197086,19.969959035047793,181.04688211197086,19.969959035047793,0
per_huruf_hybrid_skeleton_forced_loop_no_sig,5,3189,0.5917609946186676,181.0,20.0,181.0,20.0,0
per_huruf_hybrid_skeleton_forced_loop_no_sig,5,3190,0.5919465578029318,180.9699590350478,20.046882111970874,180.9699590350478,20.046882111970874,0
per_huruf_hybrid_skeleton_forced_loop_no_sig,5,3191,0.5921321209871961,180.9549385525717,20.10878470641784,180.9549385525717,20.10878470641784,0
per_huruf_hybrid_skeleton_forced_loop_no_sig,5,3192,0.5923176841714604,180.95220755575784,20.18297678652708,180.95220755575784,20.18297678652708,0
per_huruf_hybrid_skeleton_forced_loop_no_sig,5,3193,0.5925032473557246,180.95903504779244,20.26672735548475,180.95903504779244,20.26672735548475,0
per_huruf_hybrid_skeleton_forced_loop_no_sig,5,3194,0.5926888105399888,180.97269003186165,20.357305416477015,180.97269003186165,20.357305416477015,0
per_huruf_hybrid_skeleton_forced_loop_no_sig,5,3195,0.5928743737242531,180.9904415111516,20.451979972690037,180.9904415111516,20.451979972690037,0
per_huruf_hybrid_skeleton_forced_loop_no_sig,5,3196,0.5930599369085173,181.00955848884843,20.548020027309967,181.00955848884843,20.548020027309967,0
per_huruf_hybrid_skeleton_forced_loop_no_sig,5,3197,0.5932455000927815,181.02730996813835,20.64269458352299,181.02730996813835,20.64269458352299,0
per_huruf_hybrid_skeleton_forced_loop_no_sig,5,3198,0.5934310632770458,181.04096495220756,20.733272644515246,181.04096495220756,20.733272644515246,0
per_huruf_hybrid_skeleton_forced_loop_no_sig,5,3199,0.5936166264613101,181.04779244424213,20.817023213472915,181.04779244424213,20.817023213472915,0
per_huruf_hybrid_skeleton_forced_loop_no_sig,5,3200,0.5938021896455743,181.0450614474283,20.891215293582157,181.0450614474283,20.891215293582157,0
per_huruf_hybrid_skeleton_forced_loop_no_sig,5,3201,0.5939877528298385,181.0300409649522,20.953117888029126,181.0300409649522,20.953117888029126,0
per_huruf_hybrid_skeleton_forced_loop_no_sig,5,3202,0.5941733160141027,181.0,21.0,181.0,21.0,0
per_huruf_hybrid_skeleton_forced_loop_no_sig,5,3203,0.594358879198367,180.95311788802917,21.030040964952207,180.95311788802917,21.030040964952207,0
per_huruf_hybrid_skeleton_forced_loop_no_sig,5,3204,0.5945444423826313,180.89121529358218,21.04506144742831,180.89121529358218,21.04506144742831,0
per_huruf_hybrid_skeleton_forced_loop_no_sig,5,3205,0.5947300055668955,180.8170232134729,21.047792444242145,180.8170232134729,21.047792444242145,0
per_huruf_hybrid_skeleton_forced_loop_no_sig,5,3206,0.5949155687511597,180.73327264451524,21.040964952207556,180.73327264451524,21.040964952207556,0
per_huruf_hybrid_skeleton_forced_loop_no_sig,5,3207,0.595101131935424,180.642694583523,21.027309968138372,180.642694583523,21.027309968138372,0
per_huruf_hybrid_skeleton_forced_loop_no_sig,5,3208,0.5952866951196882,180.54802002730997,21.009558488848434,180.54802002730997,21.009558488848434,0
per_huruf_hybrid_skeleton_forced_loop_no_sig,5,3209,0.5954722583039525,180.45197997269005,20.990441511151573,180.45197997269005,20.990441511151573,0
per_huruf_hybrid_skeleton_forced_loop_no_sig,5,3210,0.5956578214882167,180.357305416477,20.97269003186163,180.357305416477,20.97269003186163,0
per_huruf_hybrid_skeleton_forced_loop_no_sig,5,3211,0.595843384672481,180.26672735548473,20.959035047792444,180.26672735548473,20.959035047792444,0
per_huruf_hybrid_skeleton_forced_loop_no_sig,5,3212,0.5960289478567452,180.18297678652704,20.952207555757848,180.18297678652704,20.952207555757848,0
per_huruf_hybrid_skeleton_forced_loop_no_sig,5,3213,0.5962145110410094,180.10878470641785,20.95493855257169,180.10878470641785,20.95493855257169,0
per_huruf_hybrid_skeleton_forced_loop_no_sig,5,3214,0.5964000742252736,180.04688211197086,20.96995903504779,180.04688211197086,20.96995903504779,0
per_huruf_hybrid_skeleton_forced_loop_no_sig,5,3215,0.596585637409538,180.0,21.0,180.0,21.0,0
per_huruf_hybrid_skeleton_forced_loop_no_sig,5,3216,0.5967712005938022,179.9699590350478,21.046882111970866,179.9699590350478,21.046882111970866,0
per_huruf_hybrid_skeleton_forced_loop_no_sig,5,3217,0.5969567637780664,179.95493855257172,21.108784706417843,179.95493855257172,21.108784706417843,0
per_huruf_hybrid_skeleton_forced_loop_no_sig,5,3218,0.5971423269623306,179.95220755575784,21.182976786527078,179.95220755575784,21.182976786527078,0
per_huruf_hybrid_skeleton_forced_loop_no_sig,5,3219,0.5973278901465949,179.95903504779244,21.266727355484754,179.95903504779244,21.266727355484754,0
per_huruf_hybrid_skeleton_forced_loop_no_sig,5,3220,0.5975134533308591,179.97269003186165,21.357305416477015,179.97269003186165,21.357305416477015,0
per_huruf_hybrid_skeleton_forced_loop_no_sig,5,3221,0.5976990165151234,179.99044151115157,21.451979972690033,179.99044151115157,21.451979972690033,0
per_huruf_hybrid_skeleton_forced_loop_no_sig,5,3222,0.5978845796993876,180.00955848884843,21.54802002730997,180.00955848884843,21.54802002730997,0
per_huruf_hybrid_skeleton_forced_loop_no_sig,5,3223,0.5980701428836519,180.02730996813835,21.642694583522985,180.02730996813835,21.642694583522985,0
per_huruf_hybrid_skeleton_forced_loop_no_sig,5,3224,0.5982557060679161,180.04096495220753,21.733272644515246,180.04096495220753,21.733272644515246,0
per_huruf_hybrid_skeleton_forced_loop_no_sig,5,3225,0.5984412692521803,180.04779244424213,21.817023213472915,180.04779244424213,21.817023213472915,0
per_huruf_hybrid_skeleton_forced_loop_no_sig,5,3226,0.5986268324364445,180.0450614474283,21.891215293582157,180.0450614474283,21.891215293582157,0
per_huruf_hybrid_skeleton_forced_loop_no_sig,5,3227,0.5988123956207089,180.0300409649522,21.95311788802913,180.0300409649522,21.95311788802913,0
per_huruf_hybrid_skeleton_forced_loop_no_sig,5,3228,0.5989979588049731,180.0,22.0,180.0,22.0,0
per_huruf_hybrid_skeleton_forced_loop_no_sig,5,3229,0.5991835219892373,179.95311788802914,22.030040964952207,179.95311788802914,22.030040964952207,0
per_huruf_hybrid_skeleton_forced_loop_no_sig,5,3230,0.5993690851735015,179.89121529358218,22.045061447428314,179.89121529358218,22.045061447428314,0
per_huruf_hybrid_skeleton_forced_loop_no_sig,5,3231,0.5995546483577658,179.8170232134729,22.04779244424215,179.8170232134729,22.04779244424215,0
per_huruf_hybrid_skeleton_forced_loop_no_sig,5,3232,0.59974021154203,179.73327264451524,22.040964952207556,179.73327264451524,22.040964952207556,0
per_huruf_hybrid_skeleton_forced_loop_no_sig,5,3233,0.5999257747262943,179.642694583523,22.027309968138372,179.642694583523,22.027309968138372,0
per_huruf_hybrid_skeleton_forced_loop_no_sig,5,3234,0.6001113379105585,179.54802002731,22.00955848884843,179.54802002731,22.00955848884843,0
per_huruf_hybrid_skeleton_forced_loop_no_sig,5,3235,0.6002969010948228,179.45197997269003,21.99044151115157,179.45197997269003,21.99044151115157,0
per_huruf_hybrid_skeleton_forced_loop_no_sig,5,3236,0.600482464279087,179.357305416477,21.972690031861628,179.357305416477,21.972690031861628,0
per_huruf_hybrid_skeleton_forced_loop_no_sig,5,3237,0.6006680274633512,179.26672735548473,21.959035047792444,179.26672735548473,21.959035047792444,0
per_huruf_hybrid_skeleton_forced_loop_no_sig,5,3238,0.6008535906476155,179.18297678652706,21.95220755575785,179.18297678652706,21.95220755575785,0
per_huruf_hybrid_skeleton_forced_loop_no_sig,5,3239,0.6010391538318798,179.10878470641785,21.95493855257169,179.10878470641785,21.95493855257169,0
per_huruf_hybrid_skeleton_forced_loop_no_sig,5,3240,0.601224717016144,179.0468821119709,21.96995903504779,179.0468821119709,21.96995903504779,0
per_huruf_hybrid_skeleton_forced_loop_no_sig,5,3241,0.6014102802004082,179.0,22.0,179.0,22.0,0
per_huruf_hybrid_skeleton_forced_loop_no_sig,5,3242,0.6015958433846724,178.96995903504785,22.04688211197087,178.96995903504785,22.04688211197087,0
per_huruf_hybrid_skeleton_forced_loop_no_sig,5,3243,0.6017814065689366,178.9549385525717,22.108784706417843,178.9549385525717,22.108784706417843,0
per_huruf_hybrid_skeleton_forced_loop_no_sig,5,3244,0.601966969753201,178.95220755575784,22.18297678652708,178.95220755575784,22.18297678652708,0
per_huruf_hybrid_skeleton_forced_loop_no_sig,5,3245,0.6021525329374652,178.95903504779244,22.26672735548475,178.95903504779244,22.26672735548475,0
per_huruf_hybrid_skeleton_forced_loop_no_sig,5,3246,0.6023380961217294,178.97269003186162,22.35730541647702,178.97269003186162,22.35730541647702,0
per_huruf_hybrid_skeleton_forced_loop_no_sig,5,3247,0.6025236593059936,178.99044151115157,22.451979972690033,178.99044151115157,22.451979972690033,0
per_huruf_hybrid_skeleton_forced_loop_no_sig,5,3248,0.6027092224902579,179.00955848884843,22.548020027309967,179.00955848884843,22.548020027309967,0
per_huruf_hybrid_skeleton_forced_loop_no_sig,5,3249,0.6028947856745221,179.0273099681384,22.64269458352299,179.0273099681384,22.64269458352299,0
per_huruf_hybrid_skeleton_forced_loop_no_sig,5,3250,0.6030803488587864,179.04096495220756,22.733272644515246,179.04096495220756,22.733272644515246,0
per_huruf_hybrid_skeleton_forced_loop_no_sig,5,3251,0.6032659120430506,179.04779244424213,22.817023213472915,179.04779244424213,22.817023213472915,0
per_huruf_hybrid_skeleton_forced_loop_no_sig,5,3252,0.6034514752273149,179.0450614474283,22.891215293582157,179.0450614474283,22.891215293582157,0
per_huruf_hybrid_skeleton_forced_loop_no_sig,5,3253,0.6036370384115791,179.0300409649522,22.95311788802913,179.0300409649522,22.95311788802913,0
per_huruf_hybrid_skeleton_forced_loop_no_sig,5,3254,0.6038226015958433,179.0,23.0,179.0,23.0,0
per_huruf_hybrid_skeleton_forced_loop_no_sig,5,3255,0.6040081647801075,178.9531178880292,23.03004096495221,178.9531178880292,23.03004096495221,0
per_huruf_hybrid_skeleton_forced_loop_no_sig,5,3256,0.6041937279643719,178.89121529358218,23.04506144742831,178.89121529358218,23.04506144742831,0
per_huruf_hybrid_skeleton_forced_loop_no_sig,5,3257,0.6043792911486361,178.81702321347288,23.047792444242145,178.81702321347288,23.047792444242145,0
per_huruf_hybrid_skeleton_forced_loop_no_sig,5,3258,0.6045648543329003,178.73327264451527,23.040964952207553,178.73327264451527,23.040964952207553,0
per_huruf_hybrid_skeleton_forced_loop_no_sig,5,3259,0.6047504175171645,178.642694583523,23.027309968138375,178.642694583523,23.027309968138375,0
per_huruf_hybrid_skeleton_forced_loop_no_sig,5,3260,0.6049359807014288,178.54802002730995,23.00955848884843,178.54802002730995,23.00955848884843,0
per_huruf_hybrid_skeleton_forced_loop_no_sig,5,3261,0.6051215438856931,178.45197997269003,22.99044151115157,178.45197997269003,22.99044151115157,0
per_huruf_hybrid_skeleton_forced_loop_no_sig,5,3262,0.6053071070699573,178.357305416477,22.97269003186163,178.357305416477,22.97269003186163,0
per_huruf_hybrid_skeleton_forced_loop_no_sig,5,3263,0.6054926702542215,178.26672735548476,22.95903504779244,178.26672735548476,22.95903504779244,0
per_huruf_hybrid_skeleton_forced_loop_no_sig,5,3264,0.6056782334384858,178.18297678652706,22.952207555757848,178.18297678652706,22.952207555757848,0
per_huruf_hybrid_skeleton_forced_loop_no_sig,5,3265,0.60586379662275,178.10878470641785,22.95493855257169,178.10878470641785,22.95493855257169,0
per_huruf_hybrid_skeleton_forced_loop_no_sig,5,3266,0.6060493598070142,178.04688211197086,22.96995903504779,178.04688211197086,22.96995903504779,0
per_huruf_hybrid_skeleton_forced_loop_no_sig,5,3267,0.6062349229912785,178.0,23.0,178.0,23.0,0
per_huruf_hybrid_skeleton_forced_loop_no_sig,5,3268,0.6064204861755428,177.96995903504782,23.046882111970874,177.96995903504782,23.046882111970874,0
per_huruf_hybrid_skeleton_forced_loop_no_sig,5,3269,0.606606049359807,177.95493855257172,23.108784706417843,177.95493855257172,23.108784706417843,0
per_huruf_hybrid_skeleton_forced_loop_no_sig,5,3270,0.6067916125440712,177.9522075557578,23.182976786527078,177.9522075557578,23.182976786527078,0
per_huruf_hybrid_skeleton_forced_loop_no_sig,5,3271,0.6069771757283354,177.95903504779244,23.26672735548475,177.95903504779244,23.26672735548475,0
per_huruf_hybrid_skeleton_forced_loop_no_sig,5,3272,0.6071627389125998,177.97269003186165,23.35730541647702,177.97269003186165,23.35730541647702,0
per_huruf_hybrid_skeleton_forced_loop_no_sig,5,3273,0.607348302096864,177.99044151115157,23.451979972690033,177.99044151115157,23.451979972690033,0
per_huruf_hybrid_skeleton_forced_loop_no_sig,5,3274,0.6075338652811282,178.00955848884843,23.548020027309967,178.00955848884843,23.548020027309967,0
per_huruf_hybrid_skeleton_forced_loop_no_sig,5,3275,0.6077194284653924,178.02730996813835,23.642694583522985,178.02730996813835,23.642694583522985,0
per_huruf_hybrid_skeleton_forced_loop_no_sig,5,3276,0.6079049916496567,178.04096495220756,23.733272644515246,178.04096495220756,23.733272644515246,0
per_huruf_hybrid_skeleton_forced_loop_no_sig,5,3277,0.6080905548339209,178.04779244424213,23.817023213472915,178.04779244424213,23.817023213472915,0
per_huruf_hybrid_skeleton_forced_loop_no_sig,5,3278,0.6082761180181852,178.0450614474283,23.891215293582157,178.0450614474283,23.891215293582157,0
per_huruf_hybrid_skeleton_forced_loop_no_sig,5,3279,0.6084616812024494,178.0300409649522,23.953117888029126,178.0300409649522,23.953117888029126,0
per_huruf_hybrid_skeleton_forced_loop_no_sig,5,3280,0.6086472443867137,178.0,24.0,178.0,24.0,0
per_huruf_hybrid_skeleton_forced_loop_no_sig,5,3281,0.6088328075709779,177.95311788802914,24.03004096495221,177.95311788802914,24.03004096495221,0
per_huruf_hybrid_skeleton_forced_loop_no_sig,5,3282,0.6090183707552421,177.89121529358218,24.045061447428314,177.89121529358218,24.045061447428314,0
per_huruf_hybrid_skeleton_forced_loop_no_sig,5,3283,0.6092039339395063,177.81702321347288,24.047792444242145,177.81702321347288,24.047792444242145,0
per_huruf_hybrid_skeleton_forced_loop_no_sig,5,3284,0.6093894971237707,177.73327264451524,24.040964952207556,177.73327264451524,24.040964952207556,0
per_huruf_hybrid_skeleton_forced_loop_no_sig,5,3285,0.6095750603080349,177.642694583523,24.027309968138375,177.642694583523,24.027309968138375,0
per_huruf_hybrid_skeleton_forced_loop_no_sig,5,3286,0.6097606234922991,177.54802002731,24.00955848884843,177.54802002731,24.00955848884843,0
per_huruf_hybrid_skeleton_forced_loop_no_sig,5,3287,0.6099461866765633,177.45197997269005,23.990441511151573,177.45197997269005,23.990441511151573,0
per_huruf_hybrid_skeleton_forced_loop_no_sig,5,3288,0.6101317498608276,177.357305416477,23.97269003186163,177.357305416477,23.97269003186163,0
per_huruf_hybrid_skeleton_forced_loop_no_sig,5,3289,0.6103173130450918,177.26672735548473,23.959035047792444,177.26672735548473,23.959035047792444,0
per_huruf_hybrid_skeleton_forced_loop_no_sig,5,3290,0.6105028762293561,177.18297678652706,23.952207555757848,177.18297678652706,23.952207555757848,0
per_huruf_hybrid_skeleton_forced_loop_no_sig,5,3291,0.6106884394136203,177.10878470641785,23.95493855257169,177.10878470641785,23.95493855257169,0
per_huruf_hybrid_skeleton_forced_loop_no_sig,5,3292,0.6108740025978846,177.04688211197086,23.96995903504779,177.04688211197086,23.96995903504779,0
per_huruf_hybrid_skeleton_forced_loop_no_sig,5,3293,0.6110595657821488,177.0,24.0,177.0,24.0,0
per_huruf_hybrid_skeleton_forced_loop_no_sig,5,3294,0.611245128966413,176.96995903504782,24.044151115157035,176.96995903504782,24.044151115157035,0
per_huruf_hybrid_skeleton_forced_loop_no_sig,5,3295,0.6114306921506772,176.95493855257172,24.098771051433776,176.95493855257172,24.098771051433776,0
per_huruf_hybrid_skeleton_forced_loop_no_sig,5,3296,0.6116162553349416,176.9522075557578,24.162494310423302,176.9522075557578,24.162494310423302,0
per_huruf_hybrid_skeleton_forced_loop_no_sig,5,3297,0.6118018185192058,176.95903504779244,24.233955393718706,176.95903504779244,24.233955393718706,0
per_huruf_hybrid_skeleton_forced_loop_no_sig,5,3298,0.61198738170347,176.97269003186165,24.311788802913068,176.97269003186165,24.311788802913068,0
per_huruf_hybrid_skeleton_forced_loop_no_sig,5,3299,0.6121729448877342,176.9904415111516,24.394629039599458,176.9904415111516,24.394629039599458,0
per_huruf_hybrid_skeleton_forced_loop_no_sig,5,3300,0.6123585080719984,177.00955848884843,24.48111060537096,177.00955848884843,24.48111060537096,0
per_huruf_hybrid_skeleton_forced_loop_no_sig,5,3301,0.6125440712562628,177.0273099681384,24.569868001820666,177.0273099681384,24.569868001820666,0
per_huruf_hybrid_skeleton_forced_loop_no_sig,5,3302,0.612729634440527,177.04096495220756,24.65953573054165,177.04096495220756,24.65953573054165,0
per_huruf_hybrid_skeleton_forced_loop_no_sig,5,3303,0.6129151976247912,177.04779244424213,24.74874829312699,177.04779244424213,24.74874829312699,0
per_huruf_hybrid_skeleton_forced_loop_no_sig,5,3304,0.6131007608090554,177.0450614474283,24.836140191169775,177.0450614474283,24.836140191169775,0
per_huruf_hybrid_skeleton_forced_loop_no_sig,5,3305,0.6132863239933197,177.0300409649522,24.920345926263085,177.0300409649522,24.920345926263085,0
per_huruf_hybrid_skeleton_forced_loop_no_sig,5,3306,0.6134718871775839,177.0,25.0,177.0,25.0,0
per_huruf_hybrid_skeleton_forced_loop_no_sig,5,3307,0.6136574503618482,176.955848884843,25.07692307692308,176.955848884843,25.07692307692308,0
per_huruf_hybrid_skeleton_forced_loop_no_sig,5,3308,0.6138430135461124,176.90122894856626,25.153846153846157,176.90122894856626,25.153846153846157,0
per_huruf_hybrid_skeleton_forced_loop_no_sig,5,3309,0.6140285767303767,176.83750568957666,25.23076923076923,176.83750568957666,25.23076923076923,0
per_huruf_hybrid_skeleton_forced_loop_no_sig,5,3310,0.6142141399146409,176.7660446062813,25.307692307692307,176.7660446062813,25.307692307692307,0
per_huruf_hybrid_skeleton_forced_loop_no_sig,5,3311,0.6143997030989051,176.68821119708696,25.384615384615387,176.68821119708696,25.384615384615387,0
per_huruf_hybrid_skeleton_forced_loop_no_sig,5,3312,0.6145852662831693,176.60537096040053,25.461538461538463,176.60537096040053,25.461538461538463,0
per_huruf_hybrid_skeleton_forced_loop_no_sig,5,3313,0.6147708294674337,176.51888939462904,25.53846153846154,176.51888939462904,25.53846153846154,0
per_huruf_hybrid_skeleton_forced_loop_no_sig,5,3314,0.6149563926516979,176.43013199817932,25.61538461538462,176.43013199817932,25.61538461538462,0
per_huruf_hybrid_skeleton_forced_loop_no_sig,5,3315,0.6151419558359621,176.34046426945835,25.69230769230769,176.34046426945835,25.69230769230769,0
per_huruf_hybrid_skeleton_forced_loop_no_sig,5,3316,0.6153275190202263,176.251251706873,25.769230769230766,176.251251706873,25.769230769230766,0
per_huruf_hybrid_skeleton_forced_loop_no_sig,5,3317,0.6155130822044906,176.16385980883024,25.846153846153847,176.16385980883024,25.846153846153847,0
per_huruf_hybrid_skeleton_forced_loop_no_sig,5,3318,0.6156986453887549,176.0796540737369,25.92307692307692,176.0796540737369,25.92307692307692,0
per_huruf_hybrid_skeleton_forced_loop_no_sig,5,3319,0.6158842085730191,176.0,26.0,176.0,26.0,0
per_huruf_hybrid_skeleton_forced_loop_no_sig,5,3320,0.6160697717572833,175.92307692307693,26.079654073736915,175.92307692307693,26.079654073736915,0
per_huruf_hybrid_skeleton_forced_loop_no_sig,5,3321,0.6162553349415476,175.84615384615387,26.163859808830225,175.84615384615387,26.163859808830225,0
per_huruf_hybrid_skeleton_forced_loop_no_sig,5,3322,0.6164408981258118,175.76923076923075,26.251251706873006,175.76923076923075,26.251251706873006,0
per_huruf_hybrid_skeleton_forced_loop_no_sig,5,3323,0.616626461310076,175.69230769230768,26.340464269458348,175.69230769230768,26.340464269458348,0
per_huruf_hybrid_skeleton_forced_loop_no_sig,5,3324,0.6168120244943402,175.6153846153846,26.430131998179338,175.6153846153846,26.430131998179338,0
per_huruf_hybrid_skeleton_forced_loop_no_sig,5,3325,0.6169975876786046,175.53846153846155,26.51888939462904,175.53846153846155,26.51888939462904,0
per_huruf_hybrid_skeleton_forced_loop_no_sig,5,3326,0.6171831508628688,175.46153846153845,26.605370960400545,175.46153846153845,26.605370960400545,0
per_huruf_hybrid_skeleton_forced_loop_no_sig,5,3327,0.617368714047133,175.3846153846154,26.688211197086936,175.3846153846154,26.688211197086936,0
per_huruf_hybrid_skeleton_forced_loop_no_sig,5,3328,0.6175542772313972,175.30769230769232,26.76604460628129,175.30769230769232,26.76604460628129,0
per_huruf_hybrid_skeleton_forced_loop_no_sig,5,3329,0.6177398404156615,175.23076923076923,26.837505689576695,175.23076923076923,26.837505689576695,0
per_huruf_hybrid_skeleton_forced_loop_no_sig,5,3330,0.6179254035999258,175.15384615384616,26.901228948566228,175.15384615384616,26.901228948566228,0
per_huruf_hybrid_skeleton_forced_loop_no_sig,5,3331,0.61811096678419,175.0769230769231,26.955848884842965,175.0769230769231,26.955848884842965,0
per_huruf_hybrid_skeleton_forced_loop_no_sig,5,3332,0.6182965299684542,175.0,27.0,175.0,27.0,0
per_huruf_hybrid_skeleton_forced_loop_no_sig,5,3333,0.6184820931527185,174.92307692307696,27.03004096495221,174.92307692307696,27.03004096495221,0
per_huruf_hybrid_skeleton_forced_loop_no_sig,5,3334,0.6186676563369827,174.84615384615387,27.045061447428314,174.84615384615387,27.045061447428314,0
per_huruf_hybrid_skeleton_forced_loop_no_sig,5,3335,0.6188532195212469,174.76923076923075,27.04779244424215,174.76923076923075,27.04779244424215,0
per_huruf_hybrid_skeleton_forced_loop_no_sig,5,3336,0.6190387827055112,174.69230769230768,27.040964952207553,174.69230769230768,27.040964952207553,0
per_huruf_hybrid_skeleton_forced_loop_no_sig,5,3337,0.6192243458897755,174.6153846153846,27.027309968138375,174.6153846153846,27.027309968138375,0
per_huruf_hybrid_skeleton_forced_loop_no_sig,5,3338,0.6194099090740397,174.53846153846155,27.00955848884843,174.53846153846155,27.00955848884843,0
per_huruf_hybrid_skeleton_forced_loop_no_sig,5,3339,0.6195954722583039,174.46153846153845,26.99044151115157,174.46153846153845,26.99044151115157,0
per_huruf_hybrid_skeleton_forced_loop_no_sig,5,3340,0.6197810354425681,174.3846153846154,26.97269003186163,174.3846153846154,26.97269003186163,0
per_huruf_hybrid_skeleton_forced_loop_no_sig,5,3341,0.6199665986268325,174.30769230769232,26.959035047792444,174.30769230769232,26.959035047792444,0
per_huruf_hybrid_skeleton_forced_loop_no_sig,5,3342,0.6201521618110967,174.2307692307692,26.95220755575785,174.2307692307692,26.95220755575785,0
per_huruf_hybrid_skeleton_forced_loop_no_sig,5,3343,0.6203377249953609,174.1538461538462,26.95493855257169,174.1538461538462,26.95493855257169,0
per_huruf_hybrid_skeleton_forced_loop_no_sig,5,3344,0.6205232881796251,174.07692307692307,26.96995903504779,174.07692307692307,26.96995903504779,0
per_huruf_hybrid_skeleton_forced_loop_no_sig,5,3345,0.6207088513638894,174.0,27.0,174.0,27.0,0
per_huruf_hybrid_skeleton_forced_loop_no_sig,5,3346,0.6208944145481536,173.92307692307696,27.04415111515704,173.92307692307696,27.04415111515704,0
per_huruf_hybrid_skeleton_forced_loop_no_sig,5,3347,0.6210799777324179,173.84615384615387,27.098771051433776,173.84615384615387,27.098771051433776,0
per_huruf_hybrid_skeleton_forced_loop_no_sig,5,3348,0.6212655409166821,173.76923076923075,27.162494310423302,173.76923076923075,27.162494310423302,0
per_huruf_hybrid_skeleton_forced_loop_no_sig,5,3349,0.6214511041009464,173.69230769230765,27.233955393718706,173.69230769230765,27.233955393718706,0
per_huruf_hybrid_skeleton_forced_loop_no_sig,5,3350,0.6216366672852106,173.6153846153846,27.311788802913068,173.6153846153846,27.311788802913068,0
per_huruf_hybrid_skeleton_forced_loop_no_sig,5,3351,0.6218222304694748,173.53846153846155,27.394629039599458,173.53846153846155,27.394629039599458,0
per_huruf_hybrid_skeleton_forced_loop_no_sig,5,3352,0.622007793653739,173.46153846153845,27.481110605370958,173.46153846153845,27.481110605370958,0
per_huruf_hybrid_skeleton_forced_loop_no_sig,5,3353,0.6221933568380034,173.3846153846154,27.569868001820666,173.3846153846154,27.569868001820666,0
per_huruf_hybrid_skeleton_forced_loop_no_sig,5,3354,0.6223789200222676,173.30769230769232,27.65953573054165,173.30769230769232,27.65953573054165,0
per_huruf_hybrid_skeleton_forced_loop_no_sig,5,3355,0.6225644832065318,173.23076923076923,27.748748293126987,173.23076923076923,27.748748293126987,0
per_huruf_hybrid_skeleton_forced_loop_no_sig,5,3356,0.622750046390796,173.15384615384616,27.836140191169775,173.15384615384616,27.836140191169775,0
per_huruf_hybrid_skeleton_forced_loop_no_sig,5,3357,0.6229356095750602,173.07692307692307,27.920345926263085,173.07692307692307,27.920345926263085,0
per_huruf_hybrid_skeleton_forced_loop_no_sig,5,3358,0.6231211727593245,173.0,28.0,173.0,28.0,0
per_huruf_hybrid_skeleton_forced_loop_no_sig,5,3359,0.6233067359435888,172.92307692307693,28.07692307692308,172.92307692307693,28.07692307692308,0
per_huruf_hybrid_skeleton_forced_loop_no_sig,5,3360,0.623492299127853,172.84615384615384,28.153846153846157,172.84615384615384,28.153846153846157,0
per_huruf_hybrid_skeleton_forced_loop_no_sig,5,3361,0.6236778623121172,172.76923076923072,28.23076923076923,172.76923076923072,28.23076923076923,0
per_huruf_hybrid_skeleton_forced_loop_no_sig,5,3362,0.6238634254963815,172.69230769230765,28.307692307692303,172.69230769230765,28.307692307692303,0
per_huruf_hybrid_skeleton_forced_loop_no_sig,5,3363,0.6240489886806457,172.61538461538464,28.384615384615387,172.61538461538464,28.384615384615387,0
per_huruf_hybrid_skeleton_forced_loop_no_sig,5,3364,0.62423455186491,172.53846153846155,28.461538461538463,172.53846153846155,28.461538461538463,0
per_huruf_hybrid_skeleton_forced_loop_no_sig,5,3365,0.6244201150491742,172.46153846153845,28.53846153846154,172.46153846153845,28.53846153846154,0
per_huruf_hybrid_skeleton_forced_loop_no_sig,5,3366,0.6246056782334385,172.3846153846154,28.615384615384613,172.3846153846154,28.615384615384613,0
per_huruf_hybrid_skeleton_forced_loop_no_sig,5,3367,0.6247912414177027,172.30769230769232,28.69230769230769,172.30769230769232,28.69230769230769,0
per_huruf_hybrid_skeleton_forced_loop_no_sig,5,3368,0.6249768046019669,172.23076923076923,28.769230769230766,172.23076923076923,28.769230769230766,0
per_huruf_hybrid_skeleton_forced_loop_no_sig,5,3369,0.6251623677862311,172.15384615384616,28.846153846153847,172.15384615384616,28.846153846153847,0
per_huruf_hybrid_skeleton_forced_loop_no_sig,5,3370,0.6253479309704955,172.07692307692307,28.92307692307692,172.07692307692307,28.92307692307692,0
per_huruf_hybrid_skeleton_forced_loop_no_sig,5,3371,0.6255334941547597,172.0,29.0,172.0,29.0,0
per_huruf_hybrid_skeleton_forced_loop_no_sig,5,3372,0.6257190573390239,171.92307692307693,29.079654073736915,171.92307692307693,29.079654073736915,0
per_huruf_hybrid_skeleton_forced_loop_no_sig,5,3373,0.6259046205232881,171.84615384615384,29.163859808830225,171.84615384615384,29.163859808830225,0
per_huruf_hybrid_skeleton_forced_loop_no_sig,5,3374,0.6260901837075524,171.76923076923077,29.251251706873003,171.76923076923077,29.251251706873003,0
per_huruf_hybrid_skeleton_forced_loop_no_sig,5,3375,0.6262757468918166,171.69230769230765,29.340464269458348,171.69230769230765,29.340464269458348,0
per_huruf_hybrid_skeleton_forced_loop_no_sig,5,3376,0.6264613100760809,171.61538461538464,29.430131998179338,171.61538461538464,29.430131998179338,0
per_huruf_hybrid_skeleton_forced_loop_no_sig,5,3377,0.6266468732603451,171.53846153846155,29.518889394629042,171.53846153846155,29.518889394629042,0
per_huruf_hybrid_skeleton_forced_loop_no_sig,5,3378,0.6268324364446094,171.46153846153848,29.605370960400545,171.46153846153848,29.605370960400545,0
per_huruf_hybrid_skeleton_forced_loop_no_sig,5,3379,0.6270179996288736,171.3846153846154,29.68821119708694,171.3846153846154,29.68821119708694,0
per_huruf_hybrid_skeleton_forced_loop_no_sig,5,3380,0.6272035628131378,171.3076923076923,29.76604460628129,171.3076923076923,29.76604460628129,0
per_huruf_hybrid_skeleton_forced_loop_no_sig,5,3381,0.627389125997402,171.23076923076923,29.83750568957669,171.23076923076923,29.83750568957669,0
per_huruf_hybrid_skeleton_forced_loop_no_sig,5,3382,0.6275746891816664,171.1538461538462,29.901228948566228,171.1538461538462,29.901228948566228,0
per_huruf_hybrid_skeleton_forced_loop_no_sig,5,3383,0.6277602523659306,171.0769230769231,29.955848884842965,171.0769230769231,29.955848884842965,0
per_huruf_hybrid_skeleton_forced_loop_no_sig,5,3384,0.6279458155501948,171.0,30.0,171.0,30.0,0
per_huruf_hybrid_skeleton_forced_loop_no_sig,5,3385,0.628131378734459,170.9203459262631,30.03004096495221,170.9203459262631,30.03004096495221,0
per_huruf_hybrid_skeleton_forced_loop_no_sig,5,3386,0.6283169419187233,170.83614019116982,30.04506144742831,170.83614019116982,30.04506144742831,0
per_huruf_hybrid_skeleton_forced_loop_no_sig,5,3387,0.6285025051029876,170.74874829312694,30.047792444242145,170.74874829312694,30.047792444242145,0
per_huruf_hybrid_skeleton_forced_loop_no_sig,5,3388,0.6286880682872518,170.65953573054162,30.040964952207556,170.65953573054162,30.040964952207556,0
per_huruf_hybrid_skeleton_forced_loop_no_sig,5,3389,0.628873631471516,170.56986800182065,30.027309968138372,170.56986800182065,30.027309968138372,0
per_huruf_hybrid_skeleton_forced_loop_no_sig,5,3390,0.6290591946557803,170.481110605371,30.00955848884843,170.481110605371,30.00955848884843,0
per_huruf_hybrid_skeleton_forced_loop_no_sig,5,3391,0.6292447578400445,170.39462903959944,29.99044151115157,170.39462903959944,29.99044151115157,0
per_huruf_hybrid_skeleton_forced_loop_no_sig,5,3392,0.6294303210243087,170.31178880291304,29.972690031861628,170.31178880291304,29.972690031861628,0
per_huruf_hybrid_skeleton_forced_loop_no_sig,5,3393,0.629615884208573,170.2339553937187,29.959035047792444,170.2339553937187,29.959035047792444,0
per_huruf_hybrid_skeleton_forced_loop_no_sig,5,3394,0.6298014473928373,170.16249431042328,29.952207555757848,170.16249431042328,29.952207555757848,0
per_huruf_hybrid_skeleton_forced_loop_no_sig,5,3395,0.6299870105771015,170.0987710514338,29.95493855257169,170.0987710514338,29.95493855257169,0
per_huruf_hybrid_skeleton_forced_loop_no_sig,5,3396,0.6301725737613657,170.04415111515704,29.96995903504779,170.04415111515704,29.96995903504779,0
per_huruf_hybrid_skeleton_forced_loop_no_sig,5,3397,0.6303581369456299,170.0,30.0,170.0,30.0,0
per_huruf_hybrid_skeleton_forced_loop_no_sig,5,3398,0.6305437001298942,169.96995903504782,30.046882111970874,169.96995903504782,30.046882111970874,0
per_huruf_hybrid_skeleton_forced_loop_no_sig,5,3399,0.6307292633141585,169.95493855257172,30.10878470641784,169.95493855257172,30.10878470641784,0
per_huruf_hybrid_skeleton_forced_loop_no_sig,5,3400,0.6309148264984227,169.9522075557578,30.18297678652708,169.9522075557578,30.18297678652708,0
per_huruf_hybrid_skeleton_forced_loop_no_sig,5,3401,0.6311003896826869,169.95903504779244,30.26672735548475,169.95903504779244,30.26672735548475,0
per_huruf_hybrid_skeleton_forced_loop_no_sig,5,3402,0.6312859528669512,169.97269003186165,30.35730541647702,169.97269003186165,30.35730541647702,0
per_huruf_hybrid_skeleton_forced_loop_no_sig,5,3403,0.6314715160512154,169.9904415111516,30.451979972690033,169.9904415111516,30.451979972690033,0
per_huruf_hybrid_skeleton_forced_loop_no_sig,5,3404,0.6316570792354796,170.00955848884846,30.548020027309967,170.00955848884846,30.548020027309967,0
per_huruf_hybrid_skeleton_forced_loop_no_sig,5,3405,0.6318426424197439,170.02730996813835,30.642694583522985,170.02730996813835,30.642694583522985,0
per_huruf_hybrid_skeleton_forced_loop_no_sig,5,3406,0.6320282056040082,170.04096495220753,30.733272644515246,170.04096495220753,30.733272644515246,0
per_huruf_hybrid_skeleton_forced_loop_no_sig,5,3407,0.6322137687882724,170.04779244424213,30.817023213472915,170.04779244424213,30.817023213472915,0
per_huruf_hybrid_skeleton_forced_loop_no_sig,5,3408,0.6323993319725366,170.04506144742834,30.891215293582157,170.04506144742834,30.891215293582157,0
per_huruf_hybrid_skeleton_forced_loop_no_sig,5,3409,0.6325848951568008,170.0300409649522,30.95311788802913,170.0300409649522,30.95311788802913,0
per_huruf_hybrid_skeleton_forced_loop_no_sig,5,3410,0.6327704583410652,170.0,31.0,170.0,31.0,0
per_huruf_hybrid_skeleton_forced_loop_no_sig,5,3411,0.6329560215253294,169.955848884843,31.032771961766052,169.955848884843,31.032771961766052,0
per_huruf_hybrid_skeleton_forced_loop_no_sig,5,3412,0.6331415847095936,169.90122894856623,31.05507510241238,169.90122894856623,31.05507510241238,0
per_huruf_hybrid_skeleton_forced_loop_no_sig,5,3413,0.6333271478938578,169.83750568957666,31.06827492034592,169.83750568957666,31.06827492034592,0
per_huruf_hybrid_skeleton_forced_loop_no_sig,5,3414,0.633512711078122,169.7660446062813,31.073736913973597,169.7660446062813,31.073736913973597,0
per_huruf_hybrid_skeleton_forced_loop_no_sig,5,3415,0.6336982742623863,169.68821119708699,31.072826581702323,169.68821119708699,31.072826581702323,0
per_huruf_hybrid_skeleton_forced_loop_no_sig,5,3416,0.6338838374466506,169.60537096040056,31.066909421939013,169.60537096040056,31.066909421939013,0
per_huruf_hybrid_skeleton_forced_loop_no_sig,5,3417,0.6340694006309148,169.51888939462904,31.05735093309058,169.51888939462904,31.05735093309058,0
per_huruf_hybrid_skeleton_forced_loop_no_sig,5,3418,0.634254963815179,169.43013199817935,31.04551661356395,169.43013199817935,31.04551661356395,0
per_huruf_hybrid_skeleton_forced_loop_no_sig,5,3419,0.6344405269994433,169.34046426945835,31.032771961766045,169.34046426945835,31.032771961766045,0
per_huruf_hybrid_skeleton_forced_loop_no_sig,5,3420,0.6346260901837075,169.251251706873,31.020482476103773,169.251251706873,31.020482476103773,0
per_huruf_hybrid_skeleton_forced_loop_no_sig,5,3421,0.6348116533679717,169.16385980883024,31.010013654984068,169.16385980883024,31.010013654984068,0
per_huruf_hybrid_skeleton_forced_loop_no_sig,5,3422,0.634997216552236,169.07965407373692,31.002730996813835,169.07965407373692,31.002730996813835,0
per_huruf_hybrid_skeleton_forced_loop_no_sig,5,3423,0.6351827797365003,169.0,31.0,169.0,31.0,0
per_huruf_hybrid_skeleton_forced_loop_no_sig,5,3424,0.6353683429207645,168.92307692307693,30.99726900318617,168.92307692307693,30.99726900318617,0
per_huruf_hybrid_skeleton_forced_loop_no_sig,5,3425,0.6355539061050287,168.84615384615384,30.98998634501593,168.84615384615384,30.98998634501593,0
per_huruf_hybrid_skeleton_forced_loop_no_sig,5,3426,0.6357394692892929,168.76923076923075,30.97951752389622,168.76923076923075,30.97951752389622,0
per_huruf_hybrid_skeleton_forced_loop_no_sig,5,3427,0.6359250324735573,168.69230769230768,30.96722803823395,168.69230769230768,30.96722803823395,0
per_huruf_hybrid_skeleton_forced_loop_no_sig,5,3428,0.6361105956578215,168.61538461538464,30.954483386436053,168.61538461538464,30.954483386436053,0
per_huruf_hybrid_skeleton_forced_loop_no_sig,5,3429,0.6362961588420857,168.53846153846155,30.942649066909425,168.53846153846155,30.942649066909425,0
per_huruf_hybrid_skeleton_forced_loop_no_sig,5,3430,0.6364817220263499,168.46153846153848,30.93309057806099,168.46153846153848,30.93309057806099,0
per_huruf_hybrid_skeleton_forced_loop_no_sig,5,3431,0.6366672852106142,168.3846153846154,30.92717341829768,168.3846153846154,30.92717341829768,0
per_huruf_hybrid_skeleton_forced_loop_no_sig,5,3432,0.6368528483948784,168.3076923076923,30.926263086026395,168.3076923076923,30.926263086026395,0
per_huruf_hybrid_skeleton_forced_loop_no_sig,5,3433,0.6370384115791426,168.23076923076923,30.931725079654072,168.23076923076923,30.931725079654072,0
per_huruf_hybrid_skeleton_forced_loop_no_sig,5,3434,0.6372239747634069,168.1538461538462,30.94492489758762,168.1538461538462,30.94492489758762,0
per_huruf_hybrid_skeleton_forced_loop_no_sig,5,3435,0.6374095379476712,168.07692307692307,30.967228038233955,168.07692307692307,30.967228038233955,0
per_huruf_hybrid_skeleton_forced_loop_no_sig,5,3436,0.6375951011319354,168.0,31.0,168.0,31.0,0
per_huruf_hybrid_skeleton_forced_loop_no_sig,5,3437,0.6377806643161996,167.92307692307693,31.046882111970877,167.92307692307693,31.046882111970877,0
per_huruf_hybrid_skeleton_forced_loop_no_sig,5,3438,0.6379662275004638,167.84615384615387,31.108784706417843,167.84615384615387,31.108784706417843,0
per_huruf_hybrid_skeleton_forced_loop_no_sig,5,3439,0.6381517906847282,167.76923076923075,31.182976786527075,167.76923076923075,31.182976786527075,0
per_huruf_hybrid_skeleton_forced_loop_no_sig,5,3440,0.6383373538689924,167.69230769230768,31.26672735548475,167.69230769230768,31.26672735548475,0
per_huruf_hybrid_skeleton_forced_loop_no_sig,5,3441,0.6385229170532566,167.6153846153846,31.35730541647702,167.6153846153846,31.35730541647702,0
per_huruf_hybrid_skeleton_forced_loop_no_sig,5,3442,0.6387084802375208,167.53846153846155,31.451979972690037,167.53846153846155,31.451979972690037,0
per_huruf_hybrid_skeleton_forced_loop_no_sig,5,3443,0.6388940434217851,167.46153846153845,31.548020027309967,167.46153846153845,31.548020027309967,0
per_huruf_hybrid_skeleton_forced_loop_no_sig,5,3444,0.6390796066060493,167.3846153846154,31.642694583522985,167.3846153846154,31.642694583522985,0
per_huruf_hybrid_skeleton_forced_loop_no_sig,5,3445,0.6392651697903136,167.30769230769232,31.733272644515246,167.30769230769232,31.733272644515246,0
per_huruf_hybrid_skeleton_forced_loop_no_sig,5,3446,0.6394507329745778,167.23076923076923,31.817023213472915,167.23076923076923,31.817023213472915,0
per_huruf_hybrid_skeleton_forced_loop_no_sig,5,3447,0.6396362961588421,167.15384615384616,31.891215293582157,167.15384615384616,31.891215293582157,0
per_huruf_hybrid_skeleton_forced_loop_no_sig,5,3448,0.6398218593431063,167.0769230769231,31.95311788802913,167.0769230769231,31.95311788802913,0
per_huruf_hybrid_skeleton_forced_loop_no_sig,5,3449,0.6400074225273705,167.0,32.0,167.0,32.0,0
per_huruf_hybrid_skeleton_forced_loop_no_sig,5,3450,0.6401929857116347,166.89303595812478,32.08739189804279,166.89303595812478,32.08739189804279,0
per_huruf_hybrid_skeleton_forced_loop_no_sig,5,3451,0.6403785488958991,166.73600364132906,32.255348202093764,166.73600364132906,32.255348202093764,0
per_huruf_hybrid_skeleton_forced_loop_no_sig,5,3452,0.6405641120801633,166.5439235320892,32.477924442421475,166.5439235320892,32.477924442421475,0
per_huruf_hybrid_skeleton_forced_loop_no_sig,5,3453,0.6407496752644275,166.3318161128812,32.72917614929449,166.3318161128812,32.72917614929449,0
per_huruf_hybrid_skeleton_forced_loop_no_sig,5,3454,0.6409352384486917,166.11470186618118,32.98315885298134,166.11470186618118,32.98315885298134,0
per_huruf_hybrid_skeleton_forced_loop_no_sig,5,3455,0.641120801632956,165.9076012744652,33.213928083750574,165.9076012744652,33.213928083750574,0
per_huruf_hybrid_skeleton_forced_loop_no_sig,5,3456,0.6413063648172203,165.72553482020936,33.39553937187073,165.72553482020936,33.39553937187073,0
per_huruf_hybrid_skeleton_forced_loop_no_sig,5,3457,0.6414919280014845,165.58352298588986,33.50204824761038,165.58352298588986,33.50204824761038,0
per_huruf_hybrid_skeleton_forced_loop_no_sig,5,3458,0.6416774911857487,165.49658625398268,33.50751024123805,165.49658625398268,33.50751024123805,0
per_huruf_hybrid_skeleton_forced_loop_no_sig,5,3459,0.641863054370013,165.47974510696403,33.3859808830223,165.47974510696403,33.3859808830223,0
per_huruf_hybrid_skeleton_forced_loop_no_sig,5,3460,0.6420486175542772,165.54802002730997,33.11151570323168,165.54802002730997,33.11151570323168,0
per_huruf_hybrid_skeleton_forced_loop_no_sig,5,3461,0.6422341807385414,165.7164314974966,32.65817023213473,165.7164314974966,32.65817023213473,0
per_huruf_hybrid_skeleton_forced_loop_no_sig,5,3462,0.6424197439228057,166.0,32.0,166.0,32.0,0
per_huruf_hybrid_skeleton_forced_loop_no_sig,5,3463,0.64260530710707,166.4387801547565,31.05962676376878,166.4387801547565,31.05962676376878,0
per_huruf_hybrid_skeleton_forced_loop_no_sig,5,3464,0.6427908702913342,167.0427856167501,29.814292216659084,167.0427856167501,29.814292216659084,0
per_huruf_hybrid_skeleton_forced_loop_no_sig,5,3465,0.6429764334755984,167.78197542102865,28.31998179335457,167.78197542102865,28.31998179335457,0
per_huruf_hybrid_skeleton_forced_loop_no_sig,5,3466,0.6431619966598626,168.62630860263994,26.63268092853891,168.62630860263994,26.63268092853891,0
per_huruf_hybrid_skeleton_forced_loop_no_sig,5,3467,0.643347559844127,169.54574419663177,24.808375056895773,169.54574419663177,24.808375056895773,0
per_huruf_hybrid_skeleton_forced_loop_no_sig,5,3468,0.6435331230283912,170.5102412380519,22.903049613108788,170.5102412380519,22.903049613108788,0
per_huruf_hybrid_skeleton_forced_loop_no_sig,5,3469,0.6437186862126554,171.4897587619481,20.972690031861628,171.4897587619481,20.972690031861628,0
per_huruf_hybrid_skeleton_forced_loop_no_sig,5,3470,0.6439042493969196,172.45425580336823,19.07328174783796,172.45425580336823,19.07328174783796,0
per_huruf_hybrid_skeleton_forced_loop_no_sig,5,3471,0.6440898125811838,173.37369139736003,17.26081019572144,173.37369139736003,17.26081019572144,0
per_huruf_hybrid_skeleton_forced_loop_no_sig,5,3472,0.6442753757654481,174.21802457897132,15.591260810195717,174.21802457897132,15.591260810195717,0
per_huruf_hybrid_skeleton_forced_loop_no_sig,5,3473,0.6444609389497123,174.9572143832499,14.120619025944467,174.9572143832499,14.120619025944467,0
per_huruf_hybrid_skeleton_forced_loop_no_sig,5,3474,0.6446465021339766,175.5612198452435,12.90487027765134,175.5612198452435,12.90487027765134,0
per_huruf_hybrid_skeleton_forced_loop_no_sig,5,3475,0.6448320653182408,176.0,12.0,176.0,12.0,0
per_huruf_hybrid_skeleton_forced_loop_no_sig,5,3476,0.6450176285025051,176.28356850250344,11.391442876649979,176.28356850250344,11.391442876649979,0
per_huruf_hybrid_skeleton_forced_loop_no_sig,5,3477,0.6452031916867693,176.45197997269008,11.007282658170235,176.45197997269008,11.007282658170235,0
per_huruf_hybrid_skeleton_forced_loop_no_sig,5,3478,0.6453887548710335,176.52025489303594,10.817478379608556,176.52025489303594,10.817478379608556,0
per_huruf_hybrid_skeleton_forced_loop_no_sig,5,3479,0.6455743180552977,176.5034137460173,10.791989076012744,176.5034137460173,10.791989076012744,0
per_huruf_hybrid_skeleton_forced_loop_no_sig,5,3480,0.6457598812395621,176.41647701411017,10.900773782430589,176.41647701411017,10.900773782430589,0
per_huruf_hybrid_skeleton_forced_loop_no_sig,5,3481,0.6459454444238263,176.27446517979064,11.113791533909877,176.27446517979064,11.113791533909877,0
per_huruf_hybrid_skeleton_forced_loop_no_sig,5,3482,0.6461310076080905,176.09239872553482,11.401001365498407,176.09239872553482,11.401001365498407,0
per_huruf_hybrid_skeleton_forced_loop_no_sig,5,3483,0.6463165707923547,175.88529813381885,11.732362312243971,175.88529813381885,11.732362312243971,0
per_huruf_hybrid_skeleton_forced_loop_no_sig,5,3484,0.646502133976619,175.6681838871188,12.077833409194355,175.6681838871188,12.077833409194355,0
per_huruf_hybrid_skeleton_forced_loop_no_sig,5,3485,0.6466876971608833,175.4560764679108,12.40737369139736,175.4560764679108,12.40737369139736,0
per_huruf_hybrid_skeleton_forced_loop_no_sig,5,3486,0.6468732603451475,175.2639963586709,12.690942193900774,175.2639963586709,12.690942193900774,0
per_huruf_hybrid_skeleton_forced_loop_no_sig,5,3487,0.6470588235294117,175.1069640418753,12.89849795175239,175.1069640418753,12.89849795175239,0
per_huruf_hybrid_skeleton_forced_loop_no_sig,5,3488,0.647244386713676,175.0,13.0,175.0,13.0,0
per_huruf_hybrid_skeleton_forced_loop_no_sig,5,3489,0.6474299498979402,174.92307692307696,13.03004096495221,174.92307692307696,13.03004096495221,0
per_huruf_hybrid_skeleton_forced_loop_no_sig,5,3490,0.6476155130822044,174.84615384615387,13.045061447428312,174.84615384615387,13.045061447428312,0
per_huruf_hybrid_skeleton_forced_loop_no_sig,5,3491,0.6478010762664687,174.76923076923075,13.047792444242146,174.76923076923075,13.047792444242146,0
per_huruf_hybrid_skeleton_forced_loop_no_sig,5,3492,0.647986639450733,174.69230769230768,13.040964952207554,174.69230769230768,13.040964952207554,0
per_huruf_hybrid_skeleton_forced_loop_no_sig,5,3493,0.6481722026349972,174.6153846153846,13.02730996813837,174.6153846153846,13.02730996813837,0
per_huruf_hybrid_skeleton_forced_loop_no_sig,5,3494,0.6483577658192614,174.53846153846155,13.009558488848429,174.53846153846155,13.009558488848429,0
per_huruf_hybrid_skeleton_forced_loop_no_sig,5,3495,0.6485433290035256,174.46153846153845,12.99044151115157,174.46153846153845,12.99044151115157,0
per_huruf_hybrid_skeleton_forced_loop_no_sig,5,3496,0.64872889218779,174.3846153846154,12.972690031861632,174.3846153846154,12.972690031861632,0
per_huruf_hybrid_skeleton_forced_loop_no_sig,5,3497,0.6489144553720542,174.30769230769232,12.959035047792444,174.30769230769232,12.959035047792444,0
per_huruf_hybrid_skeleton_forced_loop_no_sig,5,3498,0.6491000185563184,174.2307692307692,12.952207555757852,174.2307692307692,12.952207555757852,0
per_huruf_hybrid_skeleton_forced_loop_no_sig,5,3499,0.6492855817405826,174.1538461538462,12.95493855257169,174.1538461538462,12.95493855257169,0
per_huruf_hybrid_skeleton_forced_loop_no_sig,5,3500,0.6494711449248469,174.07692307692307,12.969959035047792,174.07692307692307,12.969959035047792,0
per_huruf_hybrid_skeleton_forced_loop_no_sig,5,3501,0.6496567081091111,174.0,13.0,174.0,13.0,0
per_huruf_hybrid_skeleton_forced_loop_no_sig,5,3502,0.6498422712933754,173.92307692307696,13.044151115157034,173.92307692307696,13.044151115157034,0
per_huruf_hybrid_skeleton_forced_loop_no_sig,5,3503,0.6500278344776396,173.84615384615387,13.098771051433776,173.84615384615387,13.098771051433776,0
per_huruf_hybrid_skeleton_forced_loop_no_sig,5,3504,0.6502133976619039,173.76923076923075,13.162494310423302,173.76923076923075,13.162494310423302,0
per_huruf_hybrid_skeleton_forced_loop_no_sig,5,3505,0.6503989608461681,173.69230769230765,13.233955393718706,173.69230769230765,13.233955393718706,0
per_huruf_hybrid_skeleton_forced_loop_no_sig,5,3506,0.6505845240304323,173.6153846153846,13.311788802913064,173.6153846153846,13.311788802913064,0
per_huruf_hybrid_skeleton_forced_loop_no_sig,5,3507,0.6507700872146965,173.53846153846155,13.394629039599455,173.53846153846155,13.394629039599455,0
per_huruf_hybrid_skeleton_forced_loop_no_sig,5,3508,0.6509556503989609,173.46153846153845,13.48111060537096,173.46153846153845,13.48111060537096,0
per_huruf_hybrid_skeleton_forced_loop_no_sig,5,3509,0.6511412135832251,173.3846153846154,13.569868001820666,173.3846153846154,13.569868001820666,0
per_huruf_hybrid_skeleton_forced_loop_no_sig,5,3510,0.6513267767674893,173.30769230769232,13.659535730541645,173.30769230769232,13.659535730541645,0
per_huruf_hybrid_skeleton_forced_loop_no_sig,5,3511,0.6515123399517535,173.23076923076923,13.74874829312699,173.23076923076923,13.74874829312699,0
per_huruf_hybrid_skeleton_forced_loop_no_sig,5,3512,0.6516979031360178,173.15384615384616,13.836140191169775,173.15384615384616,13.836140191169775,0
per_huruf_hybrid_skeleton_forced_loop_no_sig,5,3513,0.651883466320282,173.07692307692307,13.920345926263085,173.07692307692307,13.920345926263085,0
per_huruf_hybrid_skeleton_forced_loop_no_sig,5,3514,0.6520690295045463,173.0,14.0,173.0,14.0,0
per_huruf_hybrid_skeleton_forced_loop_no_sig,5,3515,0.6522545926888105,172.92307692307693,14.076923076923078,172.92307692307693,14.076923076923078,0
per_huruf_hybrid_skeleton_forced_loop_no_sig,5,3516,0.6524401558730748,172.84615384615384,14.153846153846155,172.84615384615384,14.153846153846155,0
per_huruf_hybrid_skeleton_forced_loop_no_sig,5,3517,0.652625719057339,172.76923076923072,14.23076923076923,172.76923076923072,14.23076923076923,0
per_huruf_hybrid_skeleton_forced_loop_no_sig,5,3518,0.6528112822416032,172.69230769230765,14.307692307692307,172.69230769230765,14.307692307692307,0
per_huruf_hybrid_skeleton_forced_loop_no_sig,5,3519,0.6529968454258674,172.61538461538464,14.384615384615387,172.61538461538464,14.384615384615387,0
per_huruf_hybrid_skeleton_forced_loop_no_sig,5,3520,0.6531824086101318,172.53846153846155,14.461538461538462,172.53846153846155,14.461538461538462,0
per_huruf_hybrid_skeleton_forced_loop_no_sig,5,3521,0.653367971794396,172.46153846153845,14.538461538461538,172.46153846153845,14.538461538461538,0
per_huruf_hybrid_skeleton_forced_loop_no_sig,5,3522,0.6535535349786602,172.3846153846154,14.615384615384617,172.3846153846154,14.615384615384617,0
per_huruf_hybrid_skeleton_forced_loop_no_sig,5,3523,0.6537390981629244,172.30769230769232,14.692307692307692,172.30769230769232,14.692307692307692,0
per_huruf_hybrid_skeleton_forced_loop_no_sig,5,3524,0.6539246613471887,172.23076923076923,14.769230769230766,172.23076923076923,14.769230769230766,0
per_huruf_hybrid_skeleton_forced_loop_no_sig,5,3525,0.654110224531453,172.15384615384616,14.846153846153847,172.15384615384616,14.846153846153847,0
per_huruf_hybrid_skeleton_forced_loop_no_sig,5,3526,0.6542957877157172,172.07692307692307,14.923076923076922,172.07692307692307,14.923076923076922,0
per_huruf_hybrid_skeleton_forced_loop_no_sig,5,3527,0.6544813508999814,172.0,15.0,172.0,15.0,0
per_huruf_hybrid_skeleton_forced_loop_no_sig,5,3528,0.6546669140842456,171.9258079198908,15.07692307692308,171.9258079198908,15.07692307692308,0
per_huruf_hybrid_skeleton_forced_loop_no_sig,5,3529,0.6548524772685099,171.85616750113792,15.153846153846155,171.85616750113792,15.153846153846155,0
per_huruf_hybrid_skeleton_forced_loop_no_sig,5,3530,0.6550380404527741,171.78971324533455,15.230769230769228,171.78971324533455,15.230769230769228,0
per_huruf_hybrid_skeleton_forced_loop_no_sig,5,3531,0.6552236036370384,171.72507965407368,15.307692307692307,171.72507965407368,15.307692307692307,0
per_huruf_hybrid_skeleton_forced_loop_no_sig,5,3532,0.6554091668213026,171.66090122894857,15.384615384615387,171.66090122894857,15.384615384615387,0
per_huruf_hybrid_skeleton_forced_loop_no_sig,5,3533,0.6555947300055669,171.5958124715521,15.461538461538463,171.5958124715521,15.461538461538463,0
per_huruf_hybrid_skeleton_forced_loop_no_sig,5,3534,0.6557802931898311,171.52844788347747,15.538461538461538,171.52844788347747,15.538461538461538,0
per_huruf_hybrid_skeleton_forced_loop_no_sig,5,3535,0.6559658563740953,171.4574419663177,15.615384615384615,171.4574419663177,15.615384615384615,0
per_huruf_hybrid_skeleton_forced_loop_no_sig,5,3536,0.6561514195583595,171.38142922166588,15.692307692307692,171.38142922166588,15.692307692307692,0
per_huruf_hybrid_skeleton_forced_loop_no_sig,5,3537,0.6563369827426239,171.29904415111514,15.769230769230768,171.29904415111514,15.769230769230768,0
per_huruf_hybrid_skeleton_forced_loop_no_sig,5,3538,0.6565225459268881,171.20892125625852,15.846153846153847,171.20892125625852,15.846153846153847,0
per_huruf_hybrid_skeleton_forced_loop_no_sig,5,3539,0.6567081091111523,171.10969503868913,15.923076923076923,171.10969503868913,15.923076923076923,0
per_huruf_hybrid_skeleton_forced_loop_no_sig,5,3540,0.6568936722954165,171.0,16.0,171.0,16.0,0
per_huruf_hybrid_skeleton_forced_loop_no_sig,5,3541,0.6570792354796808,170.87619481110607,16.076923076923077,170.87619481110607,16.076923076923077,0
per_huruf_hybrid_skeleton_forced_loop_no_sig,5,3542,0.657264798663945,170.73736913973602,16.153846153846153,170.73736913973602,16.153846153846153,0
per_huruf_hybrid_skeleton_forced_loop_no_sig,5,3543,0.6574503618482093,170.58625398270365,16.23076923076923,170.58625398270365,16.23076923076923,0
per_huruf_hybrid_skeleton_forced_loop_no_sig,5,3544,0.6576359250324735,170.42558033682295,16.307692307692307,170.42558033682295,16.307692307692307,0
per_huruf_hybrid_skeleton_forced_loop_no_sig,5,3545,0.6578214882167378,170.2580791989076,16.384615384615387,170.2580791989076,16.384615384615387,0
per_huruf_hybrid_skeleton_forced_loop_no_sig,5,3546,0.658007051401002,170.0864815657715,16.461538461538463,170.0864815657715,16.461538461538463,0
per_huruf_hybrid_skeleton_forced_loop_no_sig,5,3547,0.6581926145852662,169.91351843422848,16.53846153846154,169.91351843422848,16.53846153846154,0
per_huruf_hybrid_skeleton_forced_loop_no_sig,5,3548,0.6583781777695304,169.7419208010924,16.615384615384617,169.7419208010924,16.615384615384617,0
per_huruf_hybrid_skeleton_forced_loop_no_sig,5,3549,0.6585637409537948,169.57441966317705,16.692307692307693,169.57441966317705,16.692307692307693,0
per_huruf_hybrid_skeleton_forced_loop_no_sig,5,3550,0.658749304138059,169.41374601729632,16.769230769230766,169.41374601729632,16.769230769230766,0
per_huruf_hybrid_skeleton_forced_loop_no_sig,5,3551,0.6589348673223232,169.26263086026398,16.846153846153847,169.26263086026398,16.846153846153847,0
per_huruf_hybrid_skeleton_forced_loop_no_sig,5,3552,0.6591204305065874,169.12380518889393,16.923076923076923,169.12380518889393,16.923076923076923,0
per_huruf_hybrid_skeleton_forced_loop_no_sig,5,3553,0.6593059936908517,169.0,17.0,169.0,17.0,0
per_huruf_hybrid_skeleton_forced_loop_no_sig,5,3554,0.659491556875116,168.8984979517524,17.071461083295407,168.8984979517524,17.071461083295407,0
per_huruf_hybrid_skeleton_forced_loop_no_sig,5,3555,0.6596771200593802,168.82111970869366,17.133818843878018,168.82111970869366,17.133818843878018,0
per_huruf_hybrid_skeleton_forced_loop_no_sig,5,3556,0.6598626832436444,168.76240327719614,17.18980427856167,168.76240327719614,17.18980427856167,0
per_huruf_hybrid_skeleton_forced_loop_no_sig,5,3557,0.6600482464279087,168.71688666363224,17.242148384160217,168.71688666363224,17.242148384160217,0
per_huruf_hybrid_skeleton_forced_loop_no_sig,5,3558,0.6602338096121729,168.67910787437418,17.29358215748748,168.67910787437418,17.29358215748748,0
per_huruf_hybrid_skeleton_forced_loop_no_sig,5,3559,0.6604193727964371,168.6436049157943,17.346836595357306,168.6436049157943,17.346836595357306,0
per_huruf_hybrid_skeleton_forced_loop_no_sig,5,3560,0.6606049359807014,168.6049157942649,17.404642694583522,168.6049157942649,17.404642694583522,0
per_huruf_hybrid_skeleton_forced_loop_no_sig,5,3561,0.6607904991649657,168.5575785161584,17.46973145197997,168.5575785161584,17.46973145197997,0
per_huruf_hybrid_skeleton_forced_loop_no_sig,5,3562,0.6609760623492299,168.49613108784706,17.54483386436049,168.49613108784706,17.54483386436049,0
per_huruf_hybrid_skeleton_forced_loop_no_sig,5,3563,0.6611616255334941,168.41511151570322,17.632680928538914,168.41511151570322,17.632680928538914,0
per_huruf_hybrid_skeleton_forced_loop_no_sig,5,3564,0.6613471887177583,168.30905780609925,17.736003641329084,168.30905780609925,17.736003641329084,0
per_huruf_hybrid_skeleton_forced_loop_no_sig,5,3565,0.6615327519020227,168.17250796540736,17.857532999544834,168.17250796540736,17.857532999544834,0
per_huruf_hybrid_skeleton_forced_loop_no_sig,5,3566,0.6617183150862869,168.0,18.0,168.0,18.0,0
per_huruf_hybrid_skeleton_forced_loop_no_sig,5,3567,0.6619038782705511,167.78243058716433,18.170687300864817,167.78243058716433,18.170687300864817,0
per_huruf_hybrid_skeleton_forced_loop_no_sig,5,3568,0.6620894414548153,167.51979972690032,18.371415566681836,167.51979972690032,18.371415566681836,0
per_huruf_hybrid_skeleton_forced_loop_no_sig,5,3569,0.6622750046390796,167.2203004096495,18.596722803823397,167.2203004096495,18.596722803823397,0
per_huruf_hybrid_skeleton_forced_loop_no_sig,5,3570,0.6624605678233438,166.89212562585342,18.841147018661815,166.89212562585342,18.841147018661815,0
per_huruf_hybrid_skeleton_forced_loop_no_sig,5,3571,0.662646131007608,166.5434683659536,19.099226217569413,166.5434683659536,19.099226217569413,0
per_huruf_hybrid_skeleton_forced_loop_no_sig,5,3572,0.6628316941918723,166.18252162039147,19.36549840691853,166.18252162039147,19.36549840691853,0
per_huruf_hybrid_skeleton_forced_loop_no_sig,5,3573,0.6630172573761366,165.81747837960856,19.634501593081474,165.81747837960856,19.634501593081474,0
per_huruf_hybrid_skeleton_forced_loop_no_sig,5,3574,0.6632028205604008,165.45653163404643,19.900773782430587,165.45653163404643,19.900773782430587,0
per_huruf_hybrid_skeleton_forced_loop_no_sig,5,3575,0.663388383744665,165.10787437414655,20.15885298133819,165.10787437414655,20.15885298133819,0
per_huruf_hybrid_skeleton_forced_loop_no_sig,5,3576,0.6635739469289292,164.77969959035045,20.403277196176603,164.77969959035045,20.403277196176603,0
per_huruf_hybrid_skeleton_forced_loop_no_sig,5,3577,0.6637595101131936,164.48020027309968,20.62858443331816,164.48020027309968,20.62858443331816,0
per_huruf_hybrid_skeleton_forced_loop_no_sig,5,3578,0.6639450732974578,164.21756941283567,20.829312699135183,164.21756941283567,20.829312699135183,0
per_huruf_hybrid_skeleton_forced_loop_no_sig,5,3579,0.664130636481722,164.0,21.0,164.0,21.0,0
per_huruf_hybrid_skeleton_forced_loop_no_sig,5,3580,0.6643161996659862,163.82476103777879,21.142467000455166,163.82476103777879,21.142467000455166,0
per_huruf_hybrid_skeleton_forced_loop_no_sig,5,3581,0.6645017628502505,163.6809285389167,21.263996358670912,163.6809285389167,21.263996358670912,0
per_huruf_hybrid_skeleton_forced_loop_no_sig,5,3582,0.6646873260345147,163.56440600819298,21.36731907146108,163.56440600819298,21.36731907146108,0
per_huruf_hybrid_skeleton_forced_loop_no_sig,5,3583,0.664872889218779,163.47109695038685,21.45516613563951,163.47109695038685,21.45516613563951,0
per_huruf_hybrid_skeleton_forced_loop_no_sig,5,3584,0.6650584524030432,163.39690487027767,21.53026854802003,163.39690487027767,21.53026854802003,0
per_huruf_hybrid_skeleton_forced_loop_no_sig,5,3585,0.6652440155873074,163.33773327264453,21.595357305416478,163.33773327264453,21.595357305416478,0
per_huruf_hybrid_skeleton_forced_loop_no_sig,5,3586,0.6654295787715717,163.2894856622667,21.653163404642694,163.2894856622667,21.653163404642694,0
per_huruf_hybrid_skeleton_forced_loop_no_sig,5,3587,0.6656151419558359,163.24806554392353,21.706417842512515,163.24806554392353,21.706417842512515,0
per_huruf_hybrid_skeleton_forced_loop_no_sig,5,3588,0.6658007051401001,163.20937642239417,21.757851615839783,163.20937642239417,21.757851615839783,0
per_huruf_hybrid_skeleton_forced_loop_no_sig,5,3589,0.6659862683243644,163.1693218024579,21.810195721438323,163.1693218024579,21.810195721438323,0
per_huruf_hybrid_skeleton_forced_loop_no_sig,5,3590,0.6661718315086287,163.12380518889395,21.866181156121982,163.12380518889395,21.866181156121982,0
per_huruf_hybrid_skeleton_forced_loop_no_sig,5,3591,0.6663573946928929,163.06873008648157,21.928538916704596,163.06873008648157,21.928538916704596,0
per_huruf_hybrid_skeleton_forced_loop_no_sig,5,3592,0.6665429578771571,163.0,22.0,163.0,22.0,0
per_huruf_hybrid_skeleton_forced_loop_no_sig,5,3593,0.6667285210614213,162.93946290395996,22.063268092853892,162.93946290395996,22.063268092853892,0
per_huruf_hybrid_skeleton_forced_loop_no_sig,5,3594,0.6669140842456857,162.90623577605828,22.103777878925808,162.90623577605828,22.103777878925808,0
per_huruf_hybrid_skeleton_forced_loop_no_sig,5,3595,0.6670996474299499,162.8921256258534,22.128356850250338,162.8921256258534,22.128356850250338,0
per_huruf_hybrid_skeleton_forced_loop_no_sig,5,3596,0.6672852106142141,162.88893946290392,22.143832498862082,162.88893946290392,22.143832498862082,0
per_huruf_hybrid_skeleton_forced_loop_no_sig,5,3597,0.6674707737984783,162.88848429676833,22.157032316795632,162.88848429676833,22.157032316795632,0
per_huruf_hybrid_skeleton_forced_loop_no_sig,5,3598,0.6676563369827426,162.88256713700503,22.17478379608557,162.88256713700503,22.17478379608557,0
per_huruf_hybrid_skeleton_forced_loop_no_sig,5,3599,0.6678419001670068,162.8629949931725,22.203914428766495,162.8629949931725,22.203914428766495,0
per_huruf_hybrid_skeleton_forced_loop_no_sig,5,3600,0.6680274633512711,162.8215748748293,22.25125170687301,162.8215748748293,22.25125170687301,0
per_huruf_hybrid_skeleton_forced_loop_no_sig,5,3601,0.6682130265355353,162.75011379153392,22.32362312243969,162.75011379153392,22.32362312243969,0
per_huruf_hybrid_skeleton_forced_loop_no_sig,5,3602,0.6683985897197996,162.64041875284477,22.427856167501133,162.64041875284477,22.427856167501133,0
per_huruf_hybrid_skeleton_forced_loop_no_sig,5,3603,0.6685841529040638,162.48429676832046,22.570778334091944,162.48429676832046,22.570778334091944,0
per_huruf_hybrid_skeleton_forced_loop_no_sig,5,3604,0.668769716088328,162.27355484751934,22.7592171142467,162.27355484751934,22.7592171142467,0
per_huruf_hybrid_skeleton_forced_loop_no_sig,5,3605,0.6689552792725922,162.0,23.0,162.0,23.0,0
per_huruf_hybrid_skeleton_forced_loop_no_sig,5,3606,0.6691408424568566,161.64178425125172,23.311333636777427,161.64178425125172,23.311333636777427,0
per_huruf_hybrid_skeleton_forced_loop_no_sig,5,3607,0.6693264056411208,161.1934456076468,23.69776968593537,161.1934456076468,23.69776968593537,0
per_huruf_hybrid_skeleton_forced_loop_no_sig,5,3608,0.669511968825385,160.67137005006825,24.14565316340464,160.67137005006825,24.14565316340464,0
per_huruf_hybrid_skeleton_forced_loop_no_sig,5,3609,0.6696975320096492,160.09194355939917,24.64132908511607,160.09194355939917,24.64132908511607,0
per_huruf_hybrid_skeleton_forced_loop_no_sig,5,3610,0.6698830951939135,159.47155211652256,25.171142467000458,159.47155211652256,25.171142467000458,0
per_huruf_hybrid_skeleton_forced_loop_no_sig,5,3611,0.6700686583781778,158.82658170232136,25.721438324988622,158.82658170232136,25.721438324988622,0
per_huruf_hybrid_skeleton_forced_loop_no_sig,5,3612,0.670254221562442,158.17341829767864,26.27856167501138,158.17341829767864,26.27856167501138,0
per_huruf_hybrid_skeleton_forced_loop_no_sig,5,3613,0.6704397847467062,157.5284478834775,26.828857532999542,157.5284478834775,26.828857532999542,0
per_huruf_hybrid_skeleton_forced_loop_no_sig,5,3614,0.6706253479309705,156.90805644060083,27.35867091488393,156.90805644060083,27.35867091488393,0
per_huruf_hybrid_skeleton_forced_loop_no_sig,5,3615,0.6708109111152347,156.32862994993172,27.854346836595354,156.32862994993172,27.854346836595354,0
per_huruf_hybrid_skeleton_forced_loop_no_sig,5,3616,0.6709964742994989,155.8065543923532,28.302230314064634,155.8065543923532,28.302230314064634,0
per_huruf_hybrid_skeleton_forced_loop_no_sig,5,3617,0.6711820374837631,155.35821574874828,28.688666363222573,155.35821574874828,28.688666363222573,0
per_huruf_hybrid_skeleton_forced_loop_no_sig,5,3618,0.6713676006680275,155.0,29.0,155.0,29.0,0
per_huruf_hybrid_skeleton_forced_loop_no_sig,5,3619,0.6715531638522917,154.7346381429222,29.23532089212563,154.7346381429222,29.23532089212563,0
per_huruf_hybrid_skeleton_forced_loop_no_sig,5,3620,0.6717387270365559,154.54574419663177,29.409194355939924,154.54574419663177,29.409194355939924,0
per_huruf_hybrid_skeleton_forced_loop_no_sig,5,3621,0.6719242902208201,154.42102867546652,29.531178880291304,154.42102867546652,29.531178880291304,0
per_huruf_hybrid_skeleton_forced_loop_no_sig,5,3622,0.6721098534050844,154.3482020937642,29.61083295402822,154.3482020937642,29.61083295402822,0
per_huruf_hybrid_skeleton_forced_loop_no_sig,5,3623,0.6722954165893487,154.31497496586255,29.657715065999092,154.31497496586255,29.657715065999092,0
per_huruf_hybrid_skeleton_forced_loop_no_sig,5,3624,0.6724809797736129,154.30905780609922,29.681383705052344,154.30905780609922,29.681383705052344,0
per_huruf_hybrid_skeleton_forced_loop_no_sig,5,3625,0.6726665429578771,154.31816112881202,29.691397360036415,154.31816112881202,29.691397360036415,0
per_huruf_hybrid_skeleton_forced_loop_no_sig,5,3626,0.6728521061421414,154.32999544833865,29.69731451979973,154.32999544833865,29.69731451979973,0
per_huruf_hybrid_skeleton_forced_loop_no_sig,5,3627,0.6730376693264056,154.33227127901682,29.708693673190712,154.33227127901682,29.708693673190712,0
per_huruf_hybrid_skeleton_forced_loop_no_sig,5,3628,0.6732232325106698,154.31269913518435,29.735093309057802,154.31269913518435,29.735093309057802,0
per_huruf_hybrid_skeleton_forced_loop_no_sig,5,3629,0.6734087956949341,154.25898953117888,29.78607191624943,154.25898953117888,29.78607191624943,0
per_huruf_hybrid_skeleton_forced_loop_no_sig,5,3630,0.6735943588791984,154.15885298133819,29.871187983614018,154.15885298133819,29.871187983614018,0
per_huruf_hybrid_skeleton_forced_loop_no_sig,5,3631,0.6737799220634626,154.0,30.0,154.0,30.0,0
per_huruf_hybrid_skeleton_forced_loop_no_sig,5,3632,0.6739654852477268,153.78243058716433,30.17068730086482,153.78243058716433,30.17068730086482,0
per_huruf_hybrid_skeleton_forced_loop_no_sig,5,3633,0.674151048431991,153.51979972690032,30.37141556668184,153.51979972690032,30.37141556668184,0
per_huruf_hybrid_skeleton_forced_loop_no_sig,5,3634,0.6743366116162554,153.2203004096495,30.59672280382339,153.2203004096495,30.59672280382339,0
per_huruf_hybrid_skeleton_forced_loop_no_sig,5,3635,0.6745221748005196,152.89212562585342,30.841147018661808,152.89212562585342,30.841147018661808,0
per_huruf_hybrid_skeleton_forced_loop_no_sig,5,3636,0.6747077379847838,152.5434683659536,31.099226217569417,152.5434683659536,31.099226217569417,0
per_huruf_hybrid_skeleton_forced_loop_no_sig,5,3637,0.674893301169048,152.18252162039144,31.36549840691853,152.18252162039144,31.36549840691853,0
per_huruf_hybrid_skeleton_forced_loop_no_sig,5,3638,0.6750788643533123,151.81747837960853,31.634501593081474,151.81747837960853,31.634501593081474,0
per_huruf_hybrid_skeleton_forced_loop_no_sig,5,3639,0.6752644275375765,151.45653163404643,31.90077378243059,151.45653163404643,31.90077378243059,0
per_huruf_hybrid_skeleton_forced_loop_no_sig,5,3640,0.6754499907218408,151.10787437414655,32.158852981338185,151.10787437414655,32.158852981338185,0
per_huruf_hybrid_skeleton_forced_loop_no_sig,5,3641,0.675635553906105,150.77969959035048,32.4032771961766,150.77969959035048,32.4032771961766,0
per_huruf_hybrid_skeleton_forced_loop_no_sig,5,3642,0.6758211170903692,150.48020027309968,32.62858443331817,150.48020027309968,32.62858443331817,0
per_huruf_hybrid_skeleton_forced_loop_no_sig,5,3643,0.6760066802746335,150.2175694128357,32.82931269913519,150.2175694128357,32.82931269913519,0
per_huruf_hybrid_skeleton_forced_loop_no_sig,5,3644,0.6761922434588977,150.0,33.0,150.0,33.0,0
per_huruf_hybrid_skeleton_forced_loop_no_sig,5,3645,0.6763778066431619,149.8247610377788,33.14246700045517,149.8247610377788,33.14246700045517,0
per_huruf_hybrid_skeleton_forced_loop_no_sig,5,3646,0.6765633698274262,149.6809285389167,33.263996358670916,149.6809285389167,33.263996358670916,0
per_huruf_hybrid_skeleton_forced_loop_no_sig,5,3647,0.6767489330116905,149.56440600819298,33.367319071461075,149.56440600819298,33.367319071461075,0
per_huruf_hybrid_skeleton_forced_loop_no_sig,5,3648,0.6769344961959547,149.47109695038685,33.45516613563951,149.47109695038685,33.45516613563951,0
per_huruf_hybrid_skeleton_forced_loop_no_sig,5,3649,0.6771200593802189,149.39690487027764,33.53026854802003,149.39690487027764,33.53026854802003,0
per_huruf_hybrid_skeleton_forced_loop_no_sig,5,3650,0.6773056225644831,149.33773327264453,33.59535730541648,149.33773327264453,33.59535730541648,0
per_huruf_hybrid_skeleton_forced_loop_no_sig,5,3651,0.6774911857487474,149.2894856622667,33.65316340464269,149.2894856622667,33.65316340464269,0
per_huruf_hybrid_skeleton_forced_loop_no_sig,5,3652,0.6776767489330117,149.24806554392353,33.706417842512515,149.24806554392353,33.706417842512515,0
per_huruf_hybrid_skeleton_forced_loop_no_sig,5,3653,0.6778623121172759,149.20937642239417,33.75785161583978,149.20937642239417,33.75785161583978,0
per_huruf_hybrid_skeleton_forced_loop_no_sig,5,3654,0.6780478753015401,149.1693218024579,33.81019572143832,149.1693218024579,33.81019572143832,0
per_huruf_hybrid_skeleton_forced_loop_no_sig,5,3655,0.6782334384858044,149.12380518889395,33.86618115612198,149.12380518889395,33.86618115612198,0
per_huruf_hybrid_skeleton_forced_loop_no_sig,5,3656,0.6784190016700686,149.06873008648157,33.928538916704596,149.06873008648157,33.928538916704596,0
per_huruf_hybrid_skeleton_forced_loop_no_sig,5,3657,0.6786045648543328,149.0,34.0,149.0,34.0,0
per_huruf_hybrid_skeleton_forced_loop_no_sig,5,3658,0.6787901280385971,148.92307692307693,34.07692307692309,148.92307692307693,34.07692307692309,0
per_huruf_hybrid_skeleton_forced_loop_no_sig,5,3659,0.6789756912228614,148.84615384615384,34.15384615384615,148.84615384615384,34.15384615384615,0
per_huruf_hybrid_skeleton_forced_loop_no_sig,5,3660,0.6791612544071256,148.76923076923075,34.230769230769226,148.76923076923075,34.230769230769226,0
per_huruf_hybrid_skeleton_forced_loop_no_sig,5,3661,0.6793468175913898,148.69230769230768,34.3076923076923,148.69230769230768,34.3076923076923,0
per_huruf_hybrid_skeleton_forced_loop_no_sig,5,3662,0.679532380775654,148.61538461538464,34.38461538461539,148.61538461538464,34.38461538461539,0
per_huruf_hybrid_skeleton_forced_loop_no_sig,5,3663,0.6797179439599184,148.53846153846155,34.46153846153847,148.53846153846155,34.46153846153847,0
per_huruf_hybrid_skeleton_forced_loop_no_sig,5,3664,0.6799035071441826,148.46153846153845,34.53846153846153,148.46153846153845,34.53846153846153,0
per_huruf_hybrid_skeleton_forced_loop_no_sig,5,3665,0.6800890703284468,148.3846153846154,34.61538461538461,148.3846153846154,34.61538461538461,0
per_huruf_hybrid_skeleton_forced_loop_no_sig,5,3666,0.680274633512711,148.30769230769232,34.69230769230769,148.30769230769232,34.69230769230769,0
per_huruf_hybrid_skeleton_forced_loop_no_sig,5,3667,0.6804601966969753,148.23076923076923,34.76923076923077,148.23076923076923,34.76923076923077,0
per_huruf_hybrid_skeleton_forced_loop_no_sig,5,3668,0.6806457598812395,148.15384615384616,34.84615384615385,148.15384615384616,34.84615384615385,0
per_huruf_hybrid_skeleton_forced_loop_no_sig,5,3669,0.6808313230655038,148.07692307692307,34.92307692307692,148.07692307692307,34.92307692307692,0
per_huruf_hybrid_skeleton_forced_loop_no_sig,5,3670,0.681016886249768,148.0,35.0,148.0,35.0,0
per_huruf_hybrid_skeleton_forced_loop_no_sig,5,3671,0.6812024494340323,147.92307692307693,35.07692307692309,147.92307692307693,35.07692307692309,0
per_huruf_hybrid_skeleton_forced_loop_no_sig,5,3672,0.6813880126182965,147.84615384615387,35.15384615384616,147.84615384615387,35.15384615384616,0
per_huruf_hybrid_skeleton_forced_loop_no_sig,5,3673,0.6815735758025607,147.76923076923075,35.230769230769226,147.76923076923075,35.230769230769226,0
per_huruf_hybrid_skeleton_forced_loop_no_sig,5,3674,0.6817591389868249,147.69230769230768,35.30769230769231,147.69230769230768,35.30769230769231,0
per_huruf_hybrid_skeleton_forced_loop_no_sig,5,3675,0.6819447021710893,147.6153846153846,35.38461538461539,147.6153846153846,35.38461538461539,0
per_huruf_hybrid_skeleton_forced_loop_no_sig,5,3676,0.6821302653553535,147.53846153846155,35.46153846153846,147.53846153846155,35.46153846153846,0
per_huruf_hybrid_skeleton_forced_loop_no_sig,5,3677,0.6823158285396177,147.46153846153845,35.53846153846154,147.46153846153845,35.53846153846154,0
per_huruf_hybrid_skeleton_forced_loop_no_sig,5,3678,0.6825013917238819,147.3846153846154,35.61538461538461,147.3846153846154,35.61538461538461,0
per_huruf_hybrid_skeleton_forced_loop_no_sig,5,3679,0.6826869549081462,147.30769230769232,35.69230769230769,147.30769230769232,35.69230769230769,0
per_huruf_hybrid_skeleton_forced_loop_no_sig,5,3680,0.6828725180924105,147.23076923076923,35.76923076923077,147.23076923076923,35.76923076923077,0
per_huruf_hybrid_skeleton_forced_loop_no_sig,5,3681,0.6830580812766747,147.15384615384616,35.846153846153854,147.15384615384616,35.846153846153854,0
per_huruf_hybrid_skeleton_forced_loop_no_sig,5,3682,0.6832436444609389,147.07692307692307,35.92307692307692,147.07692307692307,35.92307692307692,0
per_huruf_hybrid_skeleton_forced_loop_no_sig,5,3683,0.6834292076452032,147.0,36.0,147.0,36.0,0
per_huruf_hybrid_skeleton_forced_loop_no_sig,5,3684,0.6836147708294674,146.92307692307693,36.07692307692308,146.92307692307693,36.07692307692308,0
per_huruf_hybrid_skeleton_forced_loop_no_sig,5,3685,0.6838003340137316,146.84615384615387,36.15384615384615,146.84615384615387,36.15384615384615,0
per_huruf_hybrid_skeleton_forced_loop_no_sig,5,3686,0.6839858971979959,146.76923076923075,36.230769230769226,146.76923076923075,36.230769230769226,0
per_huruf_hybrid_skeleton_forced_loop_no_sig,5,3687,0.6841714603822602,146.69230769230768,36.30769230769231,146.69230769230768,36.30769230769231,0
per_huruf_hybrid_skeleton_forced_loop_no_sig,5,3688,0.6843570235665244,146.6153846153846,36.38461538461539,146.6153846153846,36.38461538461539,0
per_huruf_hybrid_skeleton_forced_loop_no_sig,5,3689,0.6845425867507886,146.53846153846155,36.46153846153846,146.53846153846155,36.46153846153846,0
per_huruf_hybrid_skeleton_forced_loop_no_sig,5,3690,0.6847281499350528,146.46153846153845,36.53846153846154,146.46153846153845,36.53846153846154,0
per_huruf_hybrid_skeleton_forced_loop_no_sig,5,3691,0.6849137131193171,146.3846153846154,36.61538461538461,146.3846153846154,36.61538461538461,0
per_huruf_hybrid_skeleton_forced_loop_no_sig,5,3692,0.6850992763035814,146.30769230769232,36.69230769230769,146.30769230769232,36.69230769230769,0
per_huruf_hybrid_skeleton_forced_loop_no_sig,5,3693,0.6852848394878456,146.23076923076923,36.76923076923077,146.23076923076923,36.76923076923077,0
per_huruf_hybrid_skeleton_forced_loop_no_sig,5,3694,0.6854704026721098,146.15384615384616,36.84615384615385,146.15384615384616,36.84615384615385,0
per_huruf_hybrid_skeleton_forced_loop_no_sig,5,3695,0.6856559658563741,146.07692307692307,36.92307692307692,146.07692307692307,36.92307692307692,0
per_huruf_hybrid_skeleton_forced_loop_no_sig,5,3696,0.6858415290406383,146.0,37.0,146.0,37.0,0
per_huruf_hybrid_skeleton_forced_loop_no_sig,5,3697,0.6860270922249025,145.92307692307696,37.07692307692309,145.92307692307696,37.07692307692309,0
per_huruf_hybrid_skeleton_forced_loop_no_sig,5,3698,0.6862126554091668,145.84615384615384,37.15384615384615,145.84615384615384,37.15384615384615,0
per_huruf_hybrid_skeleton_forced_loop_no_sig,5,3699,0.686398218593431,145.76923076923075,37.230769230769226,145.76923076923075,37.230769230769226,0
per_huruf_hybrid_skeleton_forced_loop_no_sig,5,3700,0.6865837817776953,145.6923076923077,37.30769230769231,145.6923076923077,37.30769230769231,0
per_huruf_hybrid_skeleton_forced_loop_no_sig,5,3701,0.6867693449619595,145.61538461538464,37.38461538461539,145.61538461538464,37.38461538461539,0
per_huruf_hybrid_skeleton_forced_loop_no_sig,5,3702,0.6869549081462237,145.53846153846155,37.46153846153846,145.53846153846155,37.46153846153846,0
per_huruf_hybrid_skeleton_forced_loop_no_sig,5,3703,0.687140471330488,145.46153846153845,37.53846153846154,145.46153846153845,37.53846153846154,0
per_huruf_hybrid_skeleton_forced_loop_no_sig,5,3704,0.6873260345147523,145.3846153846154,37.61538461538461,145.3846153846154,37.61538461538461,0
per_huruf_hybrid_skeleton_forced_loop_no_sig,5,3705,0.6875115976990165,145.3076923076923,37.69230769230769,145.3076923076923,37.69230769230769,0
per_huruf_hybrid_skeleton_forced_loop_no_sig,5,3706,0.6876971608832807,145.23076923076923,37.76923076923077,145.23076923076923,37.76923076923077,0
per_huruf_hybrid_skeleton_forced_loop_no_sig,5,3707,0.6878827240675449,145.15384615384616,37.84615384615385,145.15384615384616,37.84615384615385,0
per_huruf_hybrid_skeleton_forced_loop_no_sig,5,3708,0.6880682872518092,145.07692307692307,37.92307692307692,145.07692307692307,37.92307692307692,0
per_huruf_hybrid_skeleton_forced_loop_no_sig,5,3709,0.6882538504360735,145.0,38.0,145.0,38.0,0
per_huruf_hybrid_skeleton_forced_loop_no_sig,5,3710,0.6884394136203377,144.9285389167046,38.07419208010925,144.9285389167046,38.07419208010925,0
per_huruf_hybrid_skeleton_forced_loop_no_sig,5,3711,0.6886249768046019,144.866181156122,38.14383249886209,144.866181156122,38.14383249886209,0
per_huruf_hybrid_skeleton_forced_loop_no_sig,5,3712,0.6888105399888662,144.8101957214383,38.21028675466545,144.8101957214383,38.21028675466545,0
per_huruf_hybrid_skeleton_forced_loop_no_sig,5,3713,0.6889961031731304,144.75785161583977,38.27492034592626,144.75785161583977,38.27492034592626,0
per_huruf_hybrid_skeleton_forced_loop_no_sig,5,3714,0.6891816663573946,144.7064178425125,38.33909877105145,144.7064178425125,38.33909877105145,0
per_huruf_hybrid_skeleton_forced_loop_no_sig,5,3715,0.6893672295416589,144.6531634046427,38.40418752844789,144.6531634046427,38.40418752844789,0
per_huruf_hybrid_skeleton_forced_loop_no_sig,5,3716,0.6895527927259232,144.59535730541648,38.47155211652253,144.59535730541648,38.47155211652253,0
per_huruf_hybrid_skeleton_forced_loop_no_sig,5,3717,0.6897383559101874,144.53026854802002,38.5425580336823,144.53026854802002,38.5425580336823,0
per_huruf_hybrid_skeleton_forced_loop_no_sig,5,3718,0.6899239190944516,144.4551661356395,38.61857077833409,144.4551661356395,38.61857077833409,0
per_huruf_hybrid_skeleton_forced_loop_no_sig,5,3719,0.6901094822787158,144.36731907146105,38.700955848884846,144.36731907146105,38.700955848884846,0
per_huruf_hybrid_skeleton_forced_loop_no_sig,5,3720,0.6902950454629802,144.2639963586709,38.791078743741465,144.2639963586709,38.791078743741465,0
per_huruf_hybrid_skeleton_forced_loop_no_sig,5,3721,0.6904806086472444,144.14246700045516,38.890304961310875,144.14246700045516,38.890304961310875,0
per_huruf_hybrid_skeleton_forced_loop_no_sig,5,3722,0.6906661718315086,144.0,39.0,144.0,39.0,0
per_huruf_hybrid_skeleton_forced_loop_no_sig,5,3723,0.6908517350157728,143.82658170232136,39.12380518889396,143.82658170232136,39.12380518889396,0
per_huruf_hybrid_skeleton_forced_loop_no_sig,5,3724,0.6910372982000371,143.6185707783341,39.262630860264,143.6185707783341,39.262630860264,0
per_huruf_hybrid_skeleton_forced_loop_no_sig,5,3725,0.6912228613843013,143.3827947200728,39.41374601729631,143.3827947200728,39.41374601729631,0
per_huruf_hybrid_skeleton_forced_loop_no_sig,5,3726,0.6914084245685655,143.12608101957213,39.57441966317705,143.12608101957213,39.57441966317705,0
per_huruf_hybrid_skeleton_forced_loop_no_sig,5,3727,0.6915939877528298,142.85525716886664,39.741920801092405,142.85525716886664,39.741920801092405,0
per_huruf_hybrid_skeleton_forced_loop_no_sig,5,3728,0.6917795509370941,142.5771506599909,39.9135184342285,142.5771506599909,39.9135184342285,0
per_huruf_hybrid_skeleton_forced_loop_no_sig,5,3729,0.6919651141213583,142.29858898497952,40.08648156577151,142.29858898497952,40.08648156577151,0
per_huruf_hybrid_skeleton_forced_loop_no_sig,5,3730,0.6921506773056225,142.0263996358671,40.2580791989076,142.0263996358671,40.2580791989076,0
per_huruf_hybrid_skeleton_forced_loop_no_sig,5,3731,0.6923362404898867,141.76741010468822,40.42558033682294,141.76741010468822,40.42558033682294,0
per_huruf_hybrid_skeleton_forced_loop_no_sig,5,3732,0.6925218036741511,141.52844788347744,40.58625398270368,141.52844788347744,40.58625398270368,0
per_huruf_hybrid_skeleton_forced_loop_no_sig,5,3733,0.6927073668584153,141.31634046426947,40.737369139736,141.31634046426947,40.737369139736,0
per_huruf_hybrid_skeleton_forced_loop_no_sig,5,3734,0.6928929300426795,141.13791533909875,40.876194811106046,141.13791533909875,40.876194811106046,0
per_huruf_hybrid_skeleton_forced_loop_no_sig,5,3735,0.6930784932269437,141.0,41.0,141.0,41.0,0
per_huruf_hybrid_skeleton_forced_loop_no_sig,5,3736,0.693264056411208,140.9044151115157,41.109695038689125,140.9044151115157,41.109695038689125,0
per_huruf_hybrid_skeleton_forced_loop_no_sig,5,3737,0.6934496195954722,140.84478834774694,41.20892125625853,140.84478834774694,41.20892125625853,0
per_huruf_hybrid_skeleton_forced_loop_no_sig,5,3738,0.6936351827797365,140.81565771506598,41.299044151115154,140.81565771506598,41.299044151115154,0
per_huruf_hybrid_skeleton_forced_loop_no_sig,5,3739,0.6938207459640007,140.81156121984523,41.381429221665904,140.81156121984523,41.381429221665904,0
per_huruf_hybrid_skeleton_forced_loop_no_sig,5,3740,0.694006309148265,140.827036868457,41.45744196631771,140.827036868457,41.45744196631771,0
per_huruf_hybrid_skeleton_forced_loop_no_sig,5,3741,0.6941918723325292,140.85662266727357,41.528447883477476,140.85662266727357,41.528447883477476,0
per_huruf_hybrid_skeleton_forced_loop_no_sig,5,3742,0.6943774355167934,140.89485662266728,41.595812471552115,140.89485662266728,41.595812471552115,0
per_huruf_hybrid_skeleton_forced_loop_no_sig,5,3743,0.6945629987010576,140.93627674101046,41.66090122894857,140.93627674101046,41.66090122894857,0
per_huruf_hybrid_skeleton_forced_loop_no_sig,5,3744,0.694748561885322,140.97542102867544,41.72507965407374,140.97542102867544,41.72507965407374,0
per_huruf_hybrid_skeleton_forced_loop_no_sig,5,3745,0.6949341250695862,141.00682749203457,41.78971324533454,141.00682749203457,41.78971324533454,0
per_huruf_hybrid_skeleton_forced_loop_no_sig,5,3746,0.6951196882538504,141.02503413746018,41.85616750113792,141.02503413746018,41.85616750113792,0
per_huruf_hybrid_skeleton_forced_loop_no_sig,5,3747,0.6953052514381146,141.02457897132453,41.92580791989076,141.02457897132453,41.92580791989076,0
per_huruf_hybrid_skeleton_forced_loop_no_sig,5,3748,0.6954908146223789,141.0,42.0,141.0,42.0,0
per_huruf_hybrid_skeleton_forced_loop_no_sig,5,3749,0.6956763778066432,140.955848884843,42.07965407373691,140.955848884843,42.07965407373691,0
per_huruf_hybrid_skeleton_forced_loop_no_sig,5,3750,0.6958619409909074,140.90122894856623,42.163859808830225,140.90122894856623,42.163859808830225,0
per_huruf_hybrid_skeleton_forced_loop_no_sig,5,3751,0.6960475041751716,140.8375056895767,42.251251706873,140.8375056895767,42.251251706873,0
per_huruf_hybrid_skeleton_forced_loop_no_sig,5,3752,0.6962330673594359,140.76604460628127,42.34046426945835,140.76604460628127,42.34046426945835,0
per_huruf_hybrid_skeleton_forced_loop_no_sig,5,3753,0.6964186305437001,140.68821119708696,42.43013199817934,140.68821119708696,42.43013199817934,0
per_huruf_hybrid_skeleton_forced_loop_no_sig,5,3754,0.6966041937279643,140.60537096040056,42.51888939462904,140.60537096040056,42.51888939462904,0
per_huruf_hybrid_skeleton_forced_loop_no_sig,5,3755,0.6967897569122286,140.51888939462907,42.60537096040055,140.51888939462907,42.60537096040055,0
per_huruf_hybrid_skeleton_forced_loop_no_sig,5,3756,0.6969753200964928,140.43013199817935,42.68821119708694,140.43013199817935,42.68821119708694,0
per_huruf_hybrid_skeleton_forced_loop_no_sig,5,3757,0.6971608832807571,140.34046426945835,42.7660446062813,140.34046426945835,42.7660446062813,0
per_huruf_hybrid_skeleton_forced_loop_no_sig,5,3758,0.6973464464650213,140.251251706873,42.83750568957669,140.251251706873,42.83750568957669,0
per_huruf_hybrid_skeleton_forced_loop_no_sig,5,3759,0.6975320096492855,140.16385980883024,42.90122894856623,140.16385980883024,42.90122894856623,0
per_huruf_hybrid_skeleton_forced_loop_no_sig,5,3760,0.6977175728335497,140.07965407373692,42.955848884842965,140.07965407373692,42.955848884842965,0
per_huruf_hybrid_skeleton_forced_loop_no_sig,5,3761,0.6979031360178141,140.0,43.0,140.0,43.0,0
per_huruf_hybrid_skeleton_forced_loop_no_sig,5,3762,0.6980886992020783,139.92307692307693,43.032771961766045,139.92307692307693,43.032771961766045,0
per_huruf_hybrid_skeleton_forced_loop_no_sig,5,3763,0.6982742623863425,139.84615384615384,43.05507510241238,139.84615384615384,43.05507510241238,0
per_huruf_hybrid_skeleton_forced_loop_no_sig,5,3764,0.6984598255706067,139.76923076923075,43.06827492034592,139.76923076923075,43.06827492034592,0
per_huruf_hybrid_skeleton_forced_loop_no_sig,5,3765,0.698645388754871,139.69230769230768,43.07373691397359,139.69230769230768,43.07373691397359,0
per_huruf_hybrid_skeleton_forced_loop_no_sig,5,3766,0.6988309519391352,139.6153846153846,43.07282658170232,139.6153846153846,43.07282658170232,0
per_huruf_hybrid_skeleton_forced_loop_no_sig,5,3767,0.6990165151233995,139.53846153846155,43.066909421939,139.53846153846155,43.066909421939,0
per_huruf_hybrid_skeleton_forced_loop_no_sig,5,3768,0.6992020783076637,139.46153846153845,43.057350933090575,139.46153846153845,43.057350933090575,0
per_huruf_hybrid_skeleton_forced_loop_no_sig,5,3769,0.699387641491928,139.3846153846154,43.04551661356395,139.3846153846154,43.04551661356395,0
per_huruf_hybrid_skeleton_forced_loop_no_sig,5,3770,0.6995732046761922,139.3076923076923,43.032771961766045,139.3076923076923,43.032771961766045,0
per_huruf_hybrid_skeleton_forced_loop_no_sig,5,3771,0.6997587678604564,139.23076923076923,43.02048247610377,139.23076923076923,43.02048247610377,0
per_huruf_hybrid_skeleton_forced_loop_no_sig,5,3772,0.6999443310447206,139.15384615384616,43.01001365498407,139.15384615384616,43.01001365498407,0
per_huruf_hybrid_skeleton_forced_loop_no_sig,5,3773,0.700129894228985,139.07692307692307,43.00273099681384,139.07692307692307,43.00273099681384,0
per_huruf_hybrid_skeleton_forced_loop_no_sig,5,3774,0.7003154574132492,139.0,43.0,139.0,43.0,0
per_huruf_hybrid_skeleton_forced_loop_no_sig,5,3775,0.7005010205975134,138.9176149294493,42.91807009558489,138.9176149294493,42.91807009558489,0
per_huruf_hybrid_skeleton_forced_loop_no_sig,5,3776,0.7006865837817776,138.8261265361857,42.699590350477926,138.8261265361857,42.699590350477926,0
per_huruf_hybrid_skeleton_forced_loop_no_sig,5,3777,0.7008721469660419,138.72826581702319,42.385525716886654,138.72826581702319,42.385525716886654,0
per_huruf_hybrid_skeleton_forced_loop_no_sig,5,3778,0.7010577101503062,138.62676376877556,42.01684114701866,138.62676376877556,42.01684114701866,0
per_huruf_hybrid_skeleton_forced_loop_no_sig,5,3779,0.7012432733345704,138.52435138825672,41.634501593081474,138.52435138825672,41.634501593081474,0
per_huruf_hybrid_skeleton_forced_loop_no_sig,5,3780,0.7014288365188346,138.4237596722804,41.27947200728266,138.4237596722804,41.27947200728266,0
per_huruf_hybrid_skeleton_forced_loop_no_sig,5,3781,0.7016143997030989,138.32771961766045,40.99271734182977,138.32771961766045,40.99271734182977,0
per_huruf_hybrid_skeleton_forced_loop_no_sig,5,3782,0.7017999628873631,138.23896222121073,40.81520254893036,138.23896222121073,40.81520254893036,0
per_huruf_hybrid_skeleton_forced_loop_no_sig,5,3783,0.7019855260716273,138.1602184797451,40.78789258079199,138.1602184797451,40.78789258079199,0
per_huruf_hybrid_skeleton_forced_loop_no_sig,5,3784,0.7021710892558916,138.09421939007737,40.95175238962221,138.09421939007737,40.95175238962221,0
per_huruf_hybrid_skeleton_forced_loop_no_sig,5,3785,0.7023566524401559,138.0436959490214,41.34774692762859,138.0436959490214,41.34774692762859,0
per_huruf_hybrid_skeleton_forced_loop_no_sig,5,3786,0.7025422156244201,138.01137915339098,42.01684114701866,138.01137915339098,42.01684114701866,0
per_huruf_hybrid_skeleton_forced_loop_no_sig,5,3787,0.7027277788086843,138.0,43.0,138.0,43.0,0
per_huruf_hybrid_skeleton_forced_loop_no_sig,5,3788,0.7029133419929485,138.01411015020483,44.40373236231225,138.01411015020483,44.40373236231225,0
per_huruf_hybrid_skeleton_forced_loop_no_sig,5,3789,0.7030989051772129,138.0537096040055,46.253527537551214,138.0537096040055,46.253527537551214,0
per_huruf_hybrid_skeleton_forced_loop_no_sig,5,3790,0.7032844683614771,138.11470186618115,48.46882111970868,138.11470186618115,48.46882111970868,0
per_huruf_hybrid_skeleton_forced_loop_no_sig,5,3791,0.7034700315457413,138.19299044151114,50.96904870277651,138.19299044151114,50.96904870277651,0
per_huruf_hybrid_skeleton_forced_loop_no_sig,5,3792,0.7036555947300055,138.28447883477472,53.673645880746484,138.28447883477472,53.673645880746484,0
per_huruf_hybrid_skeleton_forced_loop_no_sig,5,3793,0.7038411579142698,138.38507055075104,56.50204824761038,138.38507055075104,56.50204824761038,0
per_huruf_hybrid_skeleton_forced_loop_no_sig,5,3794,0.704026721098534,138.49066909421938,59.37369139736004,138.49066909421938,59.37369139736004,0
per_huruf_hybrid_skeleton_forced_loop_no_sig,5,3795,0.7042122842827983,138.59717796995903,62.20801092398726,138.59717796995903,62.20801092398726,0
per_huruf_hybrid_skeleton_forced_loop_no_sig,5,3796,0.7043978474670625,138.7005006827492,64.92444242148383,138.7005006827492,64.92444242148383,0
per_huruf_hybrid_skeleton_forced_loop_no_sig,5,3797,0.7045834106513268,138.79654073736913,67.4424214838416,138.79654073736913,67.4424214838416,0
per_huruf_hybrid_skeleton_forced_loop_no_sig,5,3798,0.704768973835591,138.8812016385981,69.68138370505234,138.8812016385981,69.68138370505234,0
per_huruf_hybrid_skeleton_forced_loop_no_sig,5,3799,0.7049545370198552,138.9503868912153,71.56076467910788,138.9503868912153,71.56076467910788,0
per_huruf_hybrid_skeleton_forced_loop_no_sig,5,3800,0.7051401002041194,139.0,73.0,139.0,73.0,0
per_huruf_hybrid_skeleton_forced_loop_no_sig,5,3801,0.7053256633883838,139.03277196176606,74.02730996813837,139.03277196176606,74.02730996813837,0
per_huruf_hybrid_skeleton_forced_loop_no_sig,5,3802,0.705511226572648,139.0550751024124,74.7510241238052,139.0550751024124,74.7510241238052,0
per_huruf_hybrid_skeleton_forced_loop_no_sig,5,3803,0.7056967897569122,139.0682749203459,75.2107419208011,139.0682749203459,75.2107419208011,0
per_huruf_hybrid_skeleton_forced_loop_no_sig,5,3804,0.7058823529411764,139.07373691397356,75.44606281292671,139.07373691397356,75.44606281292671,0
per_huruf_hybrid_skeleton_forced_loop_no_sig,5,3805,0.7060679161254407,139.07282658170234,75.49658625398271,139.07282658170234,75.49658625398271,0
per_huruf_hybrid_skeleton_forced_loop_no_sig,5,3806,0.706253479309705,139.06690942193902,75.40191169776969,139.06690942193902,75.40191169776969,0
per_huruf_hybrid_skeleton_forced_loop_no_sig,5,3807,0.7064390424939692,139.0573509330906,75.20163859808831,139.0573509330906,75.20163859808831,0
per_huruf_hybrid_skeleton_forced_loop_no_sig,5,3808,0.7066246056782334,139.04551661356396,74.93536640873918,139.04551661356396,74.93536640873918,0
per_huruf_hybrid_skeleton_forced_loop_no_sig,5,3809,0.7068101688624977,139.03277196176603,74.642694583523,139.03277196176603,74.642694583523,0
per_huruf_hybrid_skeleton_forced_loop_no_sig,5,3810,0.7069957320467619,139.02048247610378,74.36322257624033,139.02048247610378,74.36322257624033,0
per_huruf_hybrid_skeleton_forced_loop_no_sig,5,3811,0.7071812952310261,139.01001365498408,74.13654984069186,139.01001365498408,74.13654984069186,0
per_huruf_hybrid_skeleton_forced_loop_no_sig,5,3812,0.7073668584152903,139.00273099681382,74.0022758306782,139.00273099681382,74.0022758306782,0
per_huruf_hybrid_skeleton_forced_loop_no_sig,5,3813,0.7075524215995546,139.0,74.0,139.0,74.0,0
per_huruf_hybrid_skeleton_forced_loop_no_sig,5,3814,0.7077379847838189,138.99726900318618,74.07692307692308,138.99726900318618,74.07692307692308,0
per_huruf_hybrid_skeleton_forced_loop_no_sig,5,3815,0.7079235479680831,138.98998634501592,74.15384615384615,138.98998634501592,74.15384615384615,0
per_huruf_hybrid_skeleton_forced_loop_no_sig,5,3816,0.7081091111523473,138.9795175238962,74.23076923076923,138.9795175238962,74.23076923076923,0
per_huruf_hybrid_skeleton_forced_loop_no_sig,5,3817,0.7082946743366115,138.96722803823394,74.30769230769229,138.96722803823394,74.30769230769229,0
per_huruf_hybrid_skeleton_forced_loop_no_sig,5,3818,0.7084802375208759,138.95448338643607,74.3846153846154,138.95448338643607,74.3846153846154,0
per_huruf_hybrid_skeleton_forced_loop_no_sig,5,3819,0.7086658007051401,138.94264906690944,74.46153846153847,138.94264906690944,74.46153846153847,0
per_huruf_hybrid_skeleton_forced_loop_no_sig,5,3820,0.7088513638894043,138.933090578061,74.53846153846153,138.933090578061,74.53846153846153,0
per_huruf_hybrid_skeleton_forced_loop_no_sig,5,3821,0.7090369270736685,138.92717341829768,74.61538461538461,138.92717341829768,74.61538461538461,0
per_huruf_hybrid_skeleton_forced_loop_no_sig,5,3822,0.7092224902579328,138.9262630860264,74.6923076923077,138.9262630860264,74.6923076923077,0
per_huruf_hybrid_skeleton_forced_loop_no_sig,5,3823,0.709408053442197,138.93172507965406,74.76923076923077,138.93172507965406,74.76923076923077,0
per_huruf_hybrid_skeleton_forced_loop_no_sig,5,3824,0.7095936166264613,138.94492489758764,74.84615384615384,138.94492489758764,74.84615384615384,0
per_huruf_hybrid_skeleton_forced_loop_no_sig,5,3825,0.7097791798107255,138.96722803823394,74.92307692307692,138.96722803823394,74.92307692307692,0
per_huruf_hybrid_skeleton_forced_loop_no_sig,5,3826,0.7099647429949898,139.0,75.0,139.0,75.0,0
per_huruf_hybrid_skeleton_forced_loop_no_sig,5,3827,0.710150306179254,139.04415111515704,75.07692307692308,139.04415111515704,75.07692307692308,0
per_huruf_hybrid_skeleton_forced_loop_no_sig,5,3828,0.7103358693635182,139.09877105143377,75.15384615384616,139.09877105143377,75.15384615384616,0
per_huruf_hybrid_skeleton_forced_loop_no_sig,5,3829,0.7105214325477824,139.16249431042326,75.23076923076923,139.16249431042326,75.23076923076923,0
per_huruf_hybrid_skeleton_forced_loop_no_sig,5,3830,0.7107069957320468,139.23395539371867,75.3076923076923,139.23395539371867,75.3076923076923,0
per_huruf_hybrid_skeleton_forced_loop_no_sig,5,3831,0.710892558916311,139.31178880291307,75.3846153846154,139.31178880291307,75.3846153846154,0
per_huruf_hybrid_skeleton_forced_loop_no_sig,5,3832,0.7110781221005752,139.39462903959947,75.46153846153847,139.39462903959947,75.46153846153847,0
per_huruf_hybrid_skeleton_forced_loop_no_sig,5,3833,0.7112636852848394,139.48111060537096,75.53846153846153,139.48111060537096,75.53846153846153,0
per_huruf_hybrid_skeleton_forced_loop_no_sig,5,3834,0.7114492484691037,139.56986800182065,75.61538461538461,139.56986800182065,75.61538461538461,0
per_huruf_hybrid_skeleton_forced_loop_no_sig,5,3835,0.711634811653368,139.65953573054165,75.6923076923077,139.65953573054165,75.6923076923077,0
per_huruf_hybrid_skeleton_forced_loop_no_sig,5,3836,0.7118203748376322,139.74874829312697,75.76923076923077,139.74874829312697,75.76923076923077,0
per_huruf_hybrid_skeleton_forced_loop_no_sig,5,3837,0.7120059380218964,139.83614019116976,75.84615384615384,139.83614019116976,75.84615384615384,0
per_huruf_hybrid_skeleton_forced_loop_no_sig,5,3838,0.7121915012061607,139.92034592626308,75.92307692307692,139.92034592626308,75.92307692307692,0
per_huruf_hybrid_skeleton_forced_loop_no_sig,5,3839,0.7123770643904249,140.0,76.0,140.0,76.0,0
per_huruf_hybrid_skeleton_forced_loop_no_sig,5,3840,0.7125626275746891,140.07965407373695,76.0769230769231,140.07965407373695,76.0769230769231,0
per_huruf_hybrid_skeleton_forced_loop_no_sig,5,3841,0.7127481907589533,140.1638598088302,76.15384615384616,140.1638598088302,76.15384615384616,0
per_huruf_hybrid_skeleton_forced_loop_no_sig,5,3842,0.7129337539432177,140.251251706873,76.23076923076921,140.251251706873,76.23076923076921,0
per_huruf_hybrid_skeleton_forced_loop_no_sig,5,3843,0.7131193171274819,140.34046426945832,76.30769230769229,140.34046426945832,76.30769230769229,0
per_huruf_hybrid_skeleton_forced_loop_no_sig,5,3844,0.7133048803117461,140.43013199817935,76.3846153846154,140.43013199817935,76.3846153846154,0
per_huruf_hybrid_skeleton_forced_loop_no_sig,5,3845,0.7134904434960103,140.51888939462904,76.46153846153847,140.51888939462904,76.46153846153847,0
per_huruf_hybrid_skeleton_forced_loop_no_sig,5,3846,0.7136760066802746,140.60537096040056,76.53846153846155,140.60537096040056,76.53846153846155,0
per_huruf_hybrid_skeleton_forced_loop_no_sig,5,3847,0.7138615698645389,140.68821119708696,76.61538461538461,140.68821119708696,76.61538461538461,0
per_huruf_hybrid_skeleton_forced_loop_no_sig,5,3848,0.7140471330488031,140.7660446062813,76.6923076923077,140.7660446062813,76.6923076923077,0
per_huruf_hybrid_skeleton_forced_loop_no_sig,5,3849,0.7142326962330673,140.8375056895767,76.76923076923077,140.8375056895767,76.76923076923077,0
per_huruf_hybrid_skeleton_forced_loop_no_sig,5,3850,0.7144182594173316,140.90122894856626,76.84615384615384,140.90122894856626,76.84615384615384,0
per_huruf_hybrid_skeleton_forced_loop_no_sig,5,3851,0.7146038226015958,140.95584888484296,76.92307692307692,140.95584888484296,76.92307692307692,0
per_huruf_hybrid_skeleton_forced_loop_no_sig,5,3852,0.71478938578586,141.0,77.0,141.0,77.0,0
per_huruf_hybrid_skeleton_forced_loop_no_sig,5,3853,0.7149749489701243,141.03004096495224,77.07692307692308,141.03004096495224,77.07692307692308,0
per_huruf_hybrid_skeleton_forced_loop_no_sig,5,3854,0.7151605121543886,141.0450614474283,77.15384615384616,141.0450614474283,77.15384615384616,0
per_huruf_hybrid_skeleton_forced_loop_no_sig,5,3855,0.7153460753386528,141.04779244424213,77.23076923076923,141.04779244424213,77.23076923076923,0
per_huruf_hybrid_skeleton_forced_loop_no_sig,5,3856,0.715531638522917,141.04096495220756,77.30769230769229,141.04096495220756,77.30769230769229,0
per_huruf_hybrid_skeleton_forced_loop_no_sig,5,3857,0.7157172017071812,141.02730996813838,77.3846153846154,141.02730996813838,77.3846153846154,0
per_huruf_hybrid_skeleton_forced_loop_no_sig,5,3858,0.7159027648914456,141.00955848884843,77.46153846153847,141.00955848884843,77.46153846153847,0
per_huruf_hybrid_skeleton_forced_loop_no_sig,5,3859,0.7160883280757098,140.99044151115157,77.53846153846155,140.99044151115157,77.53846153846155,0
per_huruf_hybrid_skeleton_forced_loop_no_sig,5,3860,0.716273891259974,140.97269003186165,77.61538461538461,140.97269003186165,77.61538461538461,0
per_huruf_hybrid_skeleton_forced_loop_no_sig,5,3861,0.7164594544442382,140.95903504779244,77.6923076923077,140.95903504779244,77.6923076923077,0
per_huruf_hybrid_skeleton_forced_loop_no_sig,5,3862,0.7166450176285025,140.95220755575784,77.76923076923077,140.95220755575784,77.76923076923077,0
per_huruf_hybrid_skeleton_forced_loop_no_sig,5,3863,0.7168305808127667,140.95493855257172,77.84615384615385,140.95493855257172,77.84615384615385,0
per_huruf_hybrid_skeleton_forced_loop_no_sig,5,3864,0.717016143997031,140.9699590350478,77.92307692307692,140.9699590350478,77.92307692307692,0
per_huruf_hybrid_skeleton_forced_loop_no_sig,5,3865,0.7172017071812952,141.0,78.0,141.0,78.0,0
per_huruf_hybrid_skeleton_forced_loop_no_sig,5,3866,0.7173872703655595,141.04415111515706,78.07965407373693,141.04415111515706,78.07965407373693,0
per_huruf_hybrid_skeleton_forced_loop_no_sig,5,3867,0.7175728335498237,141.0987710514338,78.16385980883022,141.0987710514338,78.16385980883022,0
per_huruf_hybrid_skeleton_forced_loop_no_sig,5,3868,0.7177583967340879,141.16249431042328,78.25125170687298,141.16249431042328,78.25125170687298,0
per_huruf_hybrid_skeleton_forced_loop_no_sig,5,3869,0.7179439599183521,141.2339553937187,78.34046426945835,141.2339553937187,78.34046426945835,0
per_huruf_hybrid_skeleton_forced_loop_no_sig,5,3870,0.7181295231026164,141.31178880291304,78.43013199817933,141.31178880291304,78.43013199817933,0
per_huruf_hybrid_skeleton_forced_loop_no_sig,5,3871,0.7183150862868807,141.39462903959947,78.51888939462904,141.39462903959947,78.51888939462904,0
per_huruf_hybrid_skeleton_forced_loop_no_sig,5,3872,0.7185006494711449,141.48111060537096,78.60537096040053,141.48111060537096,78.60537096040053,0
per_huruf_hybrid_skeleton_forced_loop_no_sig,5,3873,0.7186862126554091,141.56986800182068,78.68821119708693,141.56986800182068,78.68821119708693,0
per_huruf_hybrid_skeleton_forced_loop_no_sig,5,3874,0.7188717758396733,141.65953573054162,78.76604460628128,141.65953573054162,78.76604460628128,0
per_huruf_hybrid_skeleton_forced_loop_no_sig,5,3875,0.7190573390239376,141.748748293127,78.83750568957669,141.748748293127,78.83750568957669,0
per_huruf_hybrid_skeleton_forced_loop_no_sig,5,3876,0.7192429022082019,141.8361401911698,78.90122894856623,141.8361401911698,78.90122894856623,0
per_huruf_hybrid_skeleton_forced_loop_no_sig,5,3877,0.7194284653924661,141.92034592626308,78.95584888484296,141.92034592626308,78.95584888484296,0
per_huruf_hybrid_skeleton_forced_loop_no_sig,5,3878,0.7196140285767303,142.0,79.0,142.0,79.0,0
per_huruf_hybrid_skeleton_forced_loop_no_sig,5,3879,0.7197995917609946,142.0769230769231,79.03277196176606,142.0769230769231,79.03277196176606,0
per_huruf_hybrid_skeleton_forced_loop_no_sig,5,3880,0.7199851549452588,142.15384615384616,79.05507510241239,142.15384615384616,79.05507510241239,0
per_huruf_hybrid_skeleton_forced_loop_no_sig,5,3881,0.720170718129523,142.23076923076923,79.06827492034591,142.23076923076923,79.06827492034591,0
per_huruf_hybrid_skeleton_forced_loop_no_sig,5,3882,0.7203562813137873,142.3076923076923,79.07373691397359,142.3076923076923,79.07373691397359,0
per_huruf_hybrid_skeleton_forced_loop_no_sig,5,3883,0.7205418444980516,142.3846153846154,79.07282658170234,142.3846153846154,79.07282658170234,0
per_huruf_hybrid_skeleton_forced_loop_no_sig,5,3884,0.7207274076823158,142.46153846153848,79.06690942193902,142.46153846153848,79.06690942193902,0
per_huruf_hybrid_skeleton_forced_loop_no_sig,5,3885,0.72091297086658,142.53846153846152,79.05735093309058,142.53846153846152,79.05735093309058,0
per_huruf_hybrid_skeleton_forced_loop_no_sig,5,3886,0.7210985340508442,142.6153846153846,79.04551661356396,142.6153846153846,79.04551661356396,0
per_huruf_hybrid_skeleton_forced_loop_no_sig,5,3887,0.7212840972351086,142.69230769230768,79.03277196176603,142.69230769230768,79.03277196176603,0
per_huruf_hybrid_skeleton_forced_loop_no_sig,5,3888,0.7214696604193728,142.76923076923077,79.02048247610378,142.76923076923077,79.02048247610378,0
per_huruf_hybrid_skeleton_forced_loop_no_sig,5,3889,0.721655223603637,142.84615384615387,79.01001365498406,142.84615384615387,79.01001365498406,0
per_huruf_hybrid_skeleton_forced_loop_no_sig,5,3890,0.7218407867879012,142.9230769230769,79.00273099681384,142.9230769230769,79.00273099681384,0
per_huruf_hybrid_skeleton_forced_loop_no_sig,5,3891,0.7220263499721655,143.0,79.0,143.0,79.0,0
per_huruf_hybrid_skeleton_forced_loop_no_sig,5,3892,0.7222119131564297,143.0769230769231,78.99726900318618,143.0769230769231,78.99726900318618,0
per_huruf_hybrid_skeleton_forced_loop_no_sig,5,3893,0.722397476340694,143.15384615384616,78.98998634501594,143.15384615384616,78.98998634501594,0
per_huruf_hybrid_skeleton_forced_loop_no_sig,5,3894,0.7225830395249582,143.2307692307692,78.97951752389619,143.2307692307692,78.97951752389619,0
per_huruf_hybrid_skeleton_forced_loop_no_sig,5,3895,0.7227686027092225,143.30769230769232,78.96722803823396,143.30769230769232,78.96722803823396,0
per_huruf_hybrid_skeleton_forced_loop_no_sig,5,3896,0.7229541658934867,143.3846153846154,78.95448338643605,143.3846153846154,78.95448338643605,0
per_huruf_hybrid_skeleton_forced_loop_no_sig,5,3897,0.7231397290777509,143.46153846153848,78.94264906690942,143.46153846153848,78.94264906690942,0
per_huruf_hybrid_skeleton_forced_loop_no_sig,5,3898,0.7233252922620151,143.53846153846155,78.93309057806098,143.53846153846155,78.93309057806098,0
per_huruf_hybrid_skeleton_forced_loop_no_sig,5,3899,0.7235108554462795,143.6153846153846,78.92717341829768,143.6153846153846,78.92717341829768,0
per_huruf_hybrid_skeleton_forced_loop_no_sig,5,3900,0.7236964186305437,143.69230769230768,78.9262630860264,143.69230769230768,78.9262630860264,0
per_huruf_hybrid_skeleton_forced_loop_no_sig,5,3901,0.7238819818148079,143.76923076923077,78.93172507965407,143.76923076923077,78.93172507965407,0
per_huruf_hybrid_skeleton_forced_loop_no_sig,5,3902,0.7240675449990721,143.84615384615387,78.94492489758761,143.84615384615387,78.94492489758761,0
per_huruf_hybrid_skeleton_forced_loop_no_sig,5,3903,0.7242531081833364,143.9230769230769,78.96722803823396,143.9230769230769,78.96722803823396,0
per_huruf_hybrid_skeleton_forced_loop_no_sig,5,3904,0.7244386713676007,144.0,79.0,144.0,79.0,0
per_huruf_hybrid_skeleton_forced_loop_no_sig,5,3905,0.7246242345518649,144.07692307692312,79.04688211197087,144.07692307692312,79.04688211197087,0
per_huruf_hybrid_skeleton_forced_loop_no_sig,5,3906,0.7248097977361291,144.15384615384616,79.10878470641786,144.15384615384616,79.10878470641786,0
per_huruf_hybrid_skeleton_forced_loop_no_sig,5,3907,0.7249953609203934,144.2307692307692,79.18297678652708,144.2307692307692,79.18297678652708,0
per_huruf_hybrid_skeleton_forced_loop_no_sig,5,3908,0.7251809241046576,144.30769230769232,79.26672735548475,144.30769230769232,79.26672735548475,0
per_huruf_hybrid_skeleton_forced_loop_no_sig,5,3909,0.7253664872889218,144.3846153846154,79.35730541647703,144.3846153846154,79.35730541647703,0
per_huruf_hybrid_skeleton_forced_loop_no_sig,5,3910,0.725552050473186,144.46153846153845,79.45197997269004,144.46153846153845,79.45197997269004,0
per_huruf_hybrid_skeleton_forced_loop_no_sig,5,3911,0.7257376136574504,144.53846153846155,79.54802002730997,144.53846153846155,79.54802002730997,0
per_huruf_hybrid_skeleton_forced_loop_no_sig,5,3912,0.7259231768417146,144.6153846153846,79.642694583523,144.6153846153846,79.642694583523,0
per_huruf_hybrid_skeleton_forced_loop_no_sig,5,3913,0.7261087400259788,144.69230769230768,79.73327264451524,144.69230769230768,79.73327264451524,0
per_huruf_hybrid_skeleton_forced_loop_no_sig,5,3914,0.726294303210243,144.76923076923075,79.81702321347291,144.76923076923075,79.81702321347291,0
per_huruf_hybrid_skeleton_forced_loop_no_sig,5,3915,0.7264798663945073,144.84615384615384,79.89121529358215,144.84615384615384,79.89121529358215,0
per_huruf_hybrid_skeleton_forced_loop_no_sig,5,3916,0.7266654295787716,144.9230769230769,79.95311788802913,144.9230769230769,79.95311788802913,0
per_huruf_hybrid_skeleton_forced_loop_no_sig,5,3917,0.7268509927630358,145.0,80.0,145.0,80.0,0
per_huruf_hybrid_skeleton_forced_loop_no_sig,5,3918,0.7270365559473,145.0769230769231,80.0300409649522,145.0769230769231,80.0300409649522,0
per_huruf_hybrid_skeleton_forced_loop_no_sig,5,3919,0.7272221191315643,145.15384615384616,80.04506144742832,145.15384615384616,80.04506144742832,0
per_huruf_hybrid_skeleton_forced_loop_no_sig,5,3920,0.7274076823158285,145.23076923076923,80.04779244424215,145.23076923076923,80.04779244424215,0
per_huruf_hybrid_skeleton_forced_loop_no_sig,5,3921,0.7275932455000927,145.30769230769226,80.04096495220756,145.30769230769226,80.04096495220756,0
per_huruf_hybrid_skeleton_forced_loop_no_sig,5,3922,0.727778808684357,145.3846153846154,80.02730996813838,145.3846153846154,80.02730996813838,0
per_huruf_hybrid_skeleton_forced_loop_no_sig,5,3923,0.7279643718686213,145.46153846153845,80.00955848884844,145.46153846153845,80.00955848884844,0
per_huruf_hybrid_skeleton_forced_loop_no_sig,5,3924,0.7281499350528855,145.53846153846155,79.99044151115157,145.53846153846155,79.99044151115157,0
per_huruf_hybrid_skeleton_forced_loop_no_sig,5,3925,0.7283354982371497,145.6153846153846,79.97269003186163,145.6153846153846,79.97269003186163,0
per_huruf_hybrid_skeleton_forced_loop_no_sig,5,3926,0.7285210614214139,145.69230769230768,79.95903504779244,145.69230769230768,79.95903504779244,0
per_huruf_hybrid_skeleton_forced_loop_no_sig,5,3927,0.7287066246056781,145.76923076923077,79.95220755575784,145.76923076923077,79.95220755575784,0
per_huruf_hybrid_skeleton_forced_loop_no_sig,5,3928,0.7288921877899425,145.84615384615384,79.95493855257169,145.84615384615384,79.95493855257169,0
per_huruf_hybrid_skeleton_forced_loop_no_sig,5,3929,0.7290777509742067,145.9230769230769,79.9699590350478,145.9230769230769,79.9699590350478,0
per_huruf_hybrid_skeleton_forced_loop_no_sig,5,3930,0.7292633141584709,146.0,80.0,146.0,80.0,0
per_huruf_hybrid_skeleton_forced_loop_no_sig,5,3931,0.7294488773427351,146.07692307692312,80.04688211197087,146.07692307692312,80.04688211197087,0
per_huruf_hybrid_skeleton_forced_loop_no_sig,5,3932,0.7296344405269994,146.1538461538462,80.10878470641785,146.1538461538462,80.10878470641785,0
per_huruf_hybrid_skeleton_forced_loop_no_sig,5,3933,0.7298200037112637,146.2307692307692,80.18297678652708,146.2307692307692,80.18297678652708,0
per_huruf_hybrid_skeleton_forced_loop_no_sig,5,3934,0.7300055668955279,146.3076923076923,80.26672735548473,146.3076923076923,80.26672735548473,0
per_huruf_hybrid_skeleton_forced_loop_no_sig,5,3935,0.7301911300797921,146.3846153846154,80.35730541647702,146.3846153846154,80.35730541647702,0
per_huruf_hybrid_skeleton_forced_loop_no_sig,5,3936,0.7303766932640564,146.46153846153848,80.45197997269004,146.46153846153848,80.45197997269004,0
per_huruf_hybrid_skeleton_forced_loop_no_sig,5,3937,0.7305622564483206,146.53846153846155,80.54802002730997,146.53846153846155,80.54802002730997,0
per_huruf_hybrid_skeleton_forced_loop_no_sig,5,3938,0.7307478196325848,146.6153846153846,80.642694583523,146.6153846153846,80.642694583523,0
per_huruf_hybrid_skeleton_forced_loop_no_sig,5,3939,0.730933382816849,146.69230769230768,80.73327264451524,146.69230769230768,80.73327264451524,0
per_huruf_hybrid_skeleton_forced_loop_no_sig,5,3940,0.7311189460011134,146.76923076923077,80.81702321347291,146.76923076923077,80.81702321347291,0
per_huruf_hybrid_skeleton_forced_loop_no_sig,5,3941,0.7313045091853776,146.84615384615384,80.89121529358216,146.84615384615384,80.89121529358216,0
per_huruf_hybrid_skeleton_forced_loop_no_sig,5,3942,0.7314900723696418,146.9230769230769,80.95311788802913,146.9230769230769,80.95311788802913,0
per_huruf_hybrid_skeleton_forced_loop_no_sig,5,3943,0.731675635553906,147.0,81.0,147.0,81.0,0
per_huruf_hybrid_skeleton_forced_loop_no_sig,5,3944,0.7318611987381703,147.07692307692307,81.03277196176606,147.07692307692307,81.03277196176606,0
per_huruf_hybrid_skeleton_forced_loop_no_sig,5,3945,0.7320467619224346,147.15384615384616,81.05507510241237,147.15384615384616,81.05507510241237,0
per_huruf_hybrid_skeleton_forced_loop_no_sig,5,3946,0.7322323251066988,147.23076923076923,81.06827492034591,147.23076923076923,81.06827492034591,0
per_huruf_hybrid_skeleton_forced_loop_no_sig,5,3947,0.732417888290963,147.3076923076923,81.07373691397359,147.3076923076923,81.07373691397359,0
per_huruf_hybrid_skeleton_forced_loop_no_sig,5,3948,0.7326034514752273,147.38461538461542,81.07282658170233,147.38461538461542,81.07282658170233,0
per_huruf_hybrid_skeleton_forced_loop_no_sig,5,3949,0.7327890146594915,147.46153846153848,81.06690942193902,147.46153846153848,81.06690942193902,0
per_huruf_hybrid_skeleton_forced_loop_no_sig,5,3950,0.7329745778437557,147.53846153846155,81.05735093309059,147.53846153846155,81.05735093309059,0
per_huruf_hybrid_skeleton_forced_loop_no_sig,5,3951,0.73316014102802,147.6153846153846,81.04551661356396,147.6153846153846,81.04551661356396,0
per_huruf_hybrid_skeleton_forced_loop_no_sig,5,3952,0.7333457042122843,147.69230769230768,81.03277196176604,147.69230769230768,81.03277196176604,0
per_huruf_hybrid_skeleton_forced_loop_no_sig,5,3953,0.7335312673965485,147.76923076923077,81.02048247610377,147.76923076923077,81.02048247610377,0
per_huruf_hybrid_skeleton_forced_loop_no_sig,5,3954,0.7337168305808127,147.84615384615384,81.01001365498408,147.84615384615384,81.01001365498408,0
per_huruf_hybrid_skeleton_forced_loop_no_sig,5,3955,0.7339023937650769,147.9230769230769,81.00273099681384,147.9230769230769,81.00273099681384,0
per_huruf_hybrid_skeleton_forced_loop_no_sig,5,3956,0.7340879569493413,148.0,81.0,148.0,81.0,0
per_huruf_hybrid_skeleton_forced_loop_no_sig,5,3957,0.7342735201336055,148.0769230769231,81.00000000000001,148.0769230769231,81.00000000000001,0
per_huruf_hybrid_skeleton_forced_loop_no_sig,5,3958,0.7344590833178697,148.15384615384616,81.0,148.15384615384616,81.0,0
per_huruf_hybrid_skeleton_forced_loop_no_sig,5,3959,0.7346446465021339,148.2307692307692,80.99999999999999,148.2307692307692,80.99999999999999,0
per_huruf_hybrid_skeleton_forced_loop_no_sig,5,3960,0.7348302096863982,148.3076923076923,81.0,148.3076923076923,81.0,0
per_huruf_hybrid_skeleton_forced_loop_no_sig,5,3961,0.7350157728706624,148.38461538461542,81.00000000000001,148.38461538461542,81.00000000000001,0
per_huruf_hybrid_skeleton_forced_loop_no_sig,5,3962,0.7352013360549267,148.46153846153848,81.00000000000001,148.46153846153848,81.00000000000001,0
per_huruf_hybrid_skeleton_forced_loop_no_sig,5,3963,0.7353868992391909,148.53846153846152,81.0,148.53846153846152,81.0,0
per_huruf_hybrid_skeleton_forced_loop_no_sig,5,3964,0.7355724624234552,148.61538461538464,81.0,148.61538461538464,81.0,0
per_huruf_hybrid_skeleton_forced_loop_no_sig,5,3965,0.7357580256077194,148.6923076923077,81.0,148.6923076923077,81.0,0
per_huruf_hybrid_skeleton_forced_loop_no_sig,5,3966,0.7359435887919836,148.76923076923075,81.0,148.76923076923075,81.0,0
per_huruf_hybrid_skeleton_forced_loop_no_sig,5,3967,0.7361291519762478,148.84615384615384,81.0,148.84615384615384,81.0,0
per_huruf_hybrid_skeleton_forced_loop_no_sig,5,3968,0.7363147151605122,148.9230769230769,81.0,148.9230769230769,81.0,0
per_huruf_hybrid_skeleton_forced_loop_no_sig,5,3969,0.7365002783447764,149.0,81.0,149.0,81.0,0
per_huruf_hybrid_skeleton_forced_loop_no_sig,5,3970,0.7366858415290406,149.0769230769231,81.00000000000001,149.0769230769231,81.00000000000001,0
per_huruf_hybrid_skeleton_forced_loop_no_sig,5,3971,0.7368714047133048,149.15384615384616,81.0,149.15384615384616,81.0,0
per_huruf_hybrid_skeleton_forced_loop_no_sig,5,3972,0.7370569678975691,149.23076923076923,80.99999999999999,149.23076923076923,80.99999999999999,0
per_huruf_hybrid_skeleton_forced_loop_no_sig,5,3973,0.7372425310818334,149.3076923076923,81.0,149.3076923076923,81.0,0
per_huruf_hybrid_skeleton_forced_loop_no_sig,5,3974,0.7374280942660976,149.38461538461542,81.00000000000001,149.38461538461542,81.00000000000001,0
per_huruf_hybrid_skeleton_forced_loop_no_sig,5,3975,0.7376136574503618,149.46153846153848,81.00000000000001,149.46153846153848,81.00000000000001,0
per_huruf_hybrid_skeleton_forced_loop_no_sig,5,3976,0.7377992206346261,149.53846153846155,81.0,149.53846153846155,81.0,0
per_huruf_hybrid_skeleton_forced_loop_no_sig,5,3977,0.7379847838188903,149.6153846153846,81.0,149.6153846153846,81.0,0
per_huruf_hybrid_skeleton_forced_loop_no_sig,5,3978,0.7381703470031545,149.69230769230768,81.0,149.69230769230768,81.0,0
per_huruf_hybrid_skeleton_forced_loop_no_sig,5,3979,0.7383559101874188,149.76923076923077,81.0,149.76923076923077,81.0,0
per_huruf_hybrid_skeleton_forced_loop_no_sig,5,3980,0.7385414733716831,149.84615384615384,81.0,149.84615384615384,81.0,0
per_huruf_hybrid_skeleton_forced_loop_no_sig,5,3981,0.7387270365559473,149.9230769230769,81.0,149.9230769230769,81.0,0
per_huruf_hybrid_skeleton_forced_loop_no_sig,5,3982,0.7389125997402115,150.0,81.0,150.0,81.0,0
per_huruf_hybrid_skeleton_forced_loop_no_sig,5,3983,0.7390981629244757,150.07692307692312,81.00000000000001,150.07692307692312,81.00000000000001,0
per_huruf_hybrid_skeleton_forced_loop_no_sig,5,3984,0.7392837261087399,150.15384615384616,81.0,150.15384615384616,81.0,0
per_huruf_hybrid_skeleton_forced_loop_no_sig,5,3985,0.7394692892930043,150.2307692307692,80.99999999999999,150.2307692307692,80.99999999999999,0
per_huruf_hybrid_skeleton_forced_loop_no_sig,5,3986,0.7396548524772685,150.3076923076923,81.0,150.3076923076923,81.0,0
per_huruf_hybrid_skeleton_forced_loop_no_sig,5,3987,0.7398404156615327,150.38461538461542,81.00000000000001,150.38461538461542,81.00000000000001,0
per_huruf_hybrid_skeleton_forced_loop_no_sig,5,3988,0.7400259788457969,150.46153846153848,81.00000000000001,150.46153846153848,81.00000000000001,0
per_huruf_hybrid_skeleton_forced_loop_no_sig,5,3989,0.7402115420300612,150.53846153846155,81.0,150.53846153846155,81.0,0
per_huruf_hybrid_skeleton_forced_loop_no_sig,5,3990,0.7403971052143254,150.61538461538464,81.0,150.61538461538464,81.0,0
per_huruf_hybrid_skeleton_forced_loop_no_sig,5,3991,0.7405826683985897,150.69230769230768,81.0,150.69230769230768,81.0,0
per_huruf_hybrid_skeleton_forced_loop_no_sig,5,3992,0.7407682315828539,150.76923076923075,81.0,150.76923076923075,81.0,0
per_huruf_hybrid_skeleton_forced_loop_no_sig,5,3993,0.7409537947671182,150.84615384615384,81.0,150.84615384615384,81.0,0
per_huruf_hybrid_skeleton_forced_loop_no_sig,5,3994,0.7411393579513824,150.9230769230769,81.0,150.9230769230769,81.0,0
per_huruf_hybrid_skeleton_forced_loop_no_sig,5,3995,0.7413249211356466,151.0,81.0,151.0,81.0,0
per_huruf_hybrid_skeleton_forced_loop_no_sig,5,3996,0.7415104843199108,151.0769230769231,81.00000000000001,151.0769230769231,81.00000000000001,0
per_huruf_hybrid_skeleton_forced_loop_no_sig,5,3997,0.7416960475041752,151.15384615384616,81.0,151.15384615384616,81.0,0
per_huruf_hybrid_skeleton_forced_loop_no_sig,5,3998,0.7418816106884394,151.23076923076923,80.99999999999999,151.23076923076923,80.99999999999999,0
per_huruf_hybrid_skeleton_forced_loop_no_sig,5,3999,0.7420671738727036,151.3076923076923,81.0,151.3076923076923,81.0,0
per_huruf_hybrid_skeleton_forced_loop_no_sig,5,4000,0.7422527370569678,151.38461538461542,81.00000000000001,151.38461538461542,81.00000000000001,0
per_huruf_hybrid_skeleton_forced_loop_no_sig,5,4001,0.7424383002412321,151.46153846153848,81.00000000000001,151.46153846153848,81.00000000000001,0
per_huruf_hybrid_skeleton_forced_loop_no_sig,5,4002,0.7426238634254964,151.53846153846152,81.0,151.53846153846152,81.0,0
per_huruf_hybrid_skeleton_forced_loop_no_sig,5,4003,0.7428094266097606,151.61538461538464,81.0,151.61538461538464,81.0,0
per_huruf_hybrid_skeleton_forced_loop_no_sig,5,4004,0.7429949897940248,151.69230769230768,81.0,151.69230769230768,81.0,0
per_huruf_hybrid_skeleton_forced_loop_no_sig,5,4005,0.7431805529782891,151.76923076923077,81.0,151.76923076923077,81.0,0
per_huruf_hybrid_skeleton_forced_loop_no_sig,5,4006,0.7433661161625533,151.84615384615384,81.0,151.84615384615384,81.0,0
per_huruf_hybrid_skeleton_forced_loop_no_sig,5,4007,0.7435516793468175,151.9230769230769,81.0,151.9230769230769,81.0,0
per_huruf_hybrid_skeleton_forced_loop_no_sig,5,4008,0.7437372425310818,152.0,81.0,152.0,81.0,0
per_huruf_hybrid_skeleton_forced_loop_no_sig,5,4009,0.7439228057153461,152.0769230769231,81.00000000000001,152.0769230769231,81.00000000000001,0
per_huruf_hybrid_skeleton_forced_loop_no_sig,5,4010,0.7441083688996103,152.15384615384616,81.0,152.15384615384616,81.0,0
per_huruf_hybrid_skeleton_forced_loop_no_sig,5,4011,0.7442939320838745,152.2307692307692,80.99999999999999,152.2307692307692,80.99999999999999,0
per_huruf_hybrid_skeleton_forced_loop_no_sig,5,4012,0.7444794952681387,152.30769230769232,81.0,152.30769230769232,81.0,0
per_huruf_hybrid_skeleton_forced_loop_no_sig,5,4013,0.744665058452403,152.38461538461542,81.00000000000001,152.38461538461542,81.00000000000001,0
per_huruf_hybrid_skeleton_forced_loop_no_sig,5,4014,0.7448506216366673,152.46153846153848,81.00000000000001,152.46153846153848,81.00000000000001,0
per_huruf_hybrid_skeleton_forced_loop_no_sig,5,4015,0.7450361848209315,152.53846153846152,81.0,152.53846153846152,81.0,0
per_huruf_hybrid_skeleton_forced_loop_no_sig,5,4016,0.7452217480051957,152.6153846153846,81.0,152.6153846153846,81.0,0
per_huruf_hybrid_skeleton_forced_loop_no_sig,5,4017,0.74540731118946,152.69230769230768,81.0,152.69230769230768,81.0,0
per_huruf_hybrid_skeleton_forced_loop_no_sig,5,4018,0.7455928743737242,152.76923076923075,81.0,152.76923076923075,81.0,0
per_huruf_hybrid_skeleton_forced_loop_no_sig,5,4019,0.7457784375579884,152.84615384615384,81.0,152.84615384615384,81.0,0
per_huruf_hybrid_skeleton_forced_loop_no_sig,5,4020,0.7459640007422527,152.9230769230769,81.0,152.9230769230769,81.0,0
per_huruf_hybrid_skeleton_forced_loop_no_sig,5,4021,0.746149563926517,153.0,81.0,153.0,81.0,0
per_huruf_hybrid_skeleton_forced_loop_no_sig,5,4022,0.7463351271107812,153.07692307692312,81.00000000000001,153.07692307692312,81.00000000000001,0
per_huruf_hybrid_skeleton_forced_loop_no_sig,5,4023,0.7465206902950454,153.1538461538462,81.0,153.1538461538462,81.0,0
per_huruf_hybrid_skeleton_forced_loop_no_sig,5,4024,0.7467062534793096,153.2307692307692,80.99999999999999,153.2307692307692,80.99999999999999,0
per_huruf_hybrid_skeleton_forced_loop_no_sig,5,4025,0.746891816663574,153.3076923076923,81.0,153.3076923076923,81.0,0
per_huruf_hybrid_skeleton_forced_loop_no_sig,5,4026,0.7470773798478382,153.38461538461542,81.00000000000001,153.38461538461542,81.00000000000001,0
per_huruf_hybrid_skeleton_forced_loop_no_sig,5,4027,0.7472629430321024,153.46153846153848,81.00000000000001,153.46153846153848,81.00000000000001,0
per_huruf_hybrid_skeleton_forced_loop_no_sig,5,4028,0.7474485062163666,153.53846153846155,81.0,153.53846153846155,81.0,0
per_huruf_hybrid_skeleton_forced_loop_no_sig,5,4029,0.7476340694006309,153.61538461538464,81.0,153.61538461538464,81.0,0
per_huruf_hybrid_skeleton_forced_loop_no_sig,5,4030,0.7478196325848951,153.69230769230768,81.0,153.69230769230768,81.0,0
per_huruf_hybrid_skeleton_forced_loop_no_sig,5,4031,0.7480051957691594,153.76923076923077,81.0,153.76923076923077,81.0,0
per_huruf_hybrid_skeleton_forced_loop_no_sig,5,4032,0.7481907589534236,153.84615384615384,81.0,153.84615384615384,81.0,0
per_huruf_hybrid_skeleton_forced_loop_no_sig,5,4033,0.7483763221376879,153.9230769230769,81.0,153.9230769230769,81.0,0
per_huruf_hybrid_skeleton_forced_loop_no_sig,5,4034,0.7485618853219521,154.0,81.0,154.0,81.0,0
per_huruf_hybrid_skeleton_forced_loop_no_sig,5,4035,0.7487474485062163,154.0769230769231,81.00000000000001,154.0769230769231,81.00000000000001,0
per_huruf_hybrid_skeleton_forced_loop_no_sig,5,4036,0.7489330116904805,154.1538461538462,81.0,154.1538461538462,81.0,0
per_huruf_hybrid_skeleton_forced_loop_no_sig,5,4037,0.7491185748747449,154.23076923076923,80.99999999999999,154.23076923076923,80.99999999999999,0
per_huruf_hybrid_skeleton_forced_loop_no_sig,5,4038,0.7493041380590091,154.3076923076923,81.0,154.3076923076923,81.0,0
per_huruf_hybrid_skeleton_forced_loop_no_sig,5,4039,0.7494897012432733,154.38461538461542,81.00000000000001,154.38461538461542,81.00000000000001,0
per_huruf_hybrid_skeleton_forced_loop_no_sig,5,4040,0.7496752644275375,154.46153846153848,81.00000000000001,154.46153846153848,81.00000000000001,0
per_huruf_hybrid_skeleton_forced_loop_no_sig,5,4041,0.7498608276118017,154.53846153846155,81.0,154.53846153846155,81.0,0
per_huruf_hybrid_skeleton_forced_loop_no_sig,5,4042,0.750046390796066,154.6153846153846,81.0,154.6153846153846,81.0,0
per_huruf_hybrid_skeleton_forced_loop_no_sig,5,4043,0.7502319539803303,154.69230769230768,81.0,154.69230769230768,81.0,0
per_huruf_hybrid_skeleton_forced_loop_no_sig,5,4044,0.7504175171645945,154.76923076923075,81.0,154.76923076923075,81.0,0
per_huruf_hybrid_skeleton_forced_loop_no_sig,5,4045,0.7506030803488587,154.84615384615384,81.0,154.84615384615384,81.0,0
per_huruf_hybrid_skeleton_forced_loop_no_sig,5,4046,0.750788643533123,154.9230769230769,81.0,154.9230769230769,81.0,0
per_huruf_hybrid_skeleton_forced_loop_no_sig,5,4047,0.7509742067173872,155.0,81.0,155.0,81.0,0
per_huruf_hybrid_skeleton_forced_loop_no_sig,5,4048,0.7511597699016515,155.0769230769231,81.00000000000001,155.0769230769231,81.00000000000001,0
per_huruf_hybrid_skeleton_forced_loop_no_sig,5,4049,0.7513453330859157,155.1538461538462,81.0,155.1538461538462,81.0,0
per_huruf_hybrid_skeleton_forced_loop_no_sig,5,4050,0.75153089627018,155.2307692307692,80.99999999999999,155.2307692307692,80.99999999999999,0
per_huruf_hybrid_skeleton_forced_loop_no_sig,5,4051,0.7517164594544442,155.3076923076923,81.0,155.3076923076923,81.0,0
per_huruf_hybrid_skeleton_forced_loop_no_sig,5,4052,0.7519020226387084,155.3846153846154,81.00000000000001,155.3846153846154,81.00000000000001,0
per_huruf_hybrid_skeleton_forced_loop_no_sig,5,4053,0.7520875858229726,155.46153846153848,81.00000000000001,155.46153846153848,81.00000000000001,0
per_huruf_hybrid_skeleton_forced_loop_no_sig,5,4054,0.752273149007237,155.53846153846155,81.0,155.53846153846155,81.0,0
per_huruf_hybrid_skeleton_forced_loop_no_sig,5,4055,0.7524587121915012,155.61538461538464,81.0,155.61538461538464,81.0,0
per_huruf_hybrid_skeleton_forced_loop_no_sig,5,4056,0.7526442753757654,155.69230769230768,81.0,155.69230769230768,81.0,0
per_huruf_hybrid_skeleton_forced_loop_no_sig,5,4057,0.7528298385600296,155.76923076923077,81.0,155.76923076923077,81.0,0
per_huruf_hybrid_skeleton_forced_loop_no_sig,5,4058,0.7530154017442939,155.84615384615384,81.0,155.84615384615384,81.0,0
per_huruf_hybrid_skeleton_forced_loop_no_sig,5,4059,0.7532009649285581,155.9230769230769,81.0,155.9230769230769,81.0,0
per_huruf_hybrid_skeleton_forced_loop_no_sig,5,4060,0.7533865281128224,156.0,81.0,156.0,81.0,0
per_huruf_hybrid_skeleton_forced_loop_no_sig,5,4061,0.7535720912970866,156.0769230769231,81.00273099681385,156.0769230769231,81.00273099681385,0
per_huruf_hybrid_skeleton_forced_loop_no_sig,5,4062,0.7537576544813509,156.1538461538462,81.01001365498408,156.1538461538462,81.01001365498408,0
per_huruf_hybrid_skeleton_forced_loop_no_sig,5,4063,0.7539432176656151,156.23076923076923,81.02048247610377,156.23076923076923,81.02048247610377,0
per_huruf_hybrid_skeleton_forced_loop_no_sig,5,4064,0.7541287808498793,156.3076923076923,81.03277196176604,156.3076923076923,81.03277196176604,0
per_huruf_hybrid_skeleton_forced_loop_no_sig,5,4065,0.7543143440341435,156.38461538461542,81.04551661356396,156.38461538461542,81.04551661356396,0
per_huruf_hybrid_skeleton_forced_loop_no_sig,5,4066,0.7544999072184079,156.46153846153845,81.05735093309059,156.46153846153845,81.05735093309059,0
per_huruf_hybrid_skeleton_forced_loop_no_sig,5,4067,0.7546854704026721,156.53846153846155,81.06690942193902,156.53846153846155,81.06690942193902,0
per_huruf_hybrid_skeleton_forced_loop_no_sig,5,4068,0.7548710335869363,156.6153846153846,81.07282658170233,156.6153846153846,81.07282658170233,0
per_huruf_hybrid_skeleton_forced_loop_no_sig,5,4069,0.7550565967712005,156.69230769230768,81.0737369139736,156.69230769230768,81.0737369139736,0
per_huruf_hybrid_skeleton_forced_loop_no_sig,5,4070,0.7552421599554648,156.76923076923077,81.06827492034591,156.76923076923077,81.06827492034591,0
per_huruf_hybrid_skeleton_forced_loop_no_sig,5,4071,0.7554277231397291,156.84615384615384,81.05507510241239,156.84615384615384,81.05507510241239,0
per_huruf_hybrid_skeleton_forced_loop_no_sig,5,4072,0.7556132863239933,156.9230769230769,81.03277196176604,156.9230769230769,81.03277196176604,0
per_huruf_hybrid_skeleton_forced_loop_no_sig,5,4073,0.7557988495082575,157.0,81.0,157.0,81.0,0
per_huruf_hybrid_skeleton_forced_loop_no_sig,5,4074,0.7559844126925218,157.0769230769231,80.95311788802914,157.0769230769231,80.95311788802914,0
per_huruf_hybrid_skeleton_forced_loop_no_sig,5,4075,0.756169975876786,157.15384615384616,80.89121529358218,157.15384615384616,80.89121529358218,0
per_huruf_hybrid_skeleton_forced_loop_no_sig,5,4076,0.7563555390610502,157.23076923076917,80.8170232134729,157.23076923076917,80.8170232134729,0
per_huruf_hybrid_skeleton_forced_loop_no_sig,5,4077,0.7565411022453145,157.3076923076923,80.73327264451525,157.3076923076923,80.73327264451525,0
per_huruf_hybrid_skeleton_forced_loop_no_sig,5,4078,0.7567266654295788,157.3846153846154,80.642694583523,157.3846153846154,80.642694583523,0
per_huruf_hybrid_skeleton_forced_loop_no_sig,5,4079,0.756912228613843,157.46153846153848,80.54802002730997,157.46153846153848,80.54802002730997,0
per_huruf_hybrid_skeleton_forced_loop_no_sig,5,4080,0.7570977917981072,157.53846153846152,80.45197997269003,157.53846153846152,80.45197997269003,0
per_huruf_hybrid_skeleton_forced_loop_no_sig,5,4081,0.7572833549823714,157.6153846153846,80.35730541647702,157.6153846153846,80.35730541647702,0
per_huruf_hybrid_skeleton_forced_loop_no_sig,5,4082,0.7574689181666358,157.69230769230768,80.26672735548475,157.69230769230768,80.26672735548475,0
per_huruf_hybrid_skeleton_forced_loop_no_sig,5,4083,0.7576544813509,157.76923076923077,80.18297678652708,157.76923076923077,80.18297678652708,0
per_huruf_hybrid_skeleton_forced_loop_no_sig,5,4084,0.7578400445351642,157.84615384615384,80.10878470641785,157.84615384615384,80.10878470641785,0
per_huruf_hybrid_skeleton_forced_loop_no_sig,5,4085,0.7580256077194284,157.9230769230769,80.04688211197087,157.9230769230769,80.04688211197087,0
per_huruf_hybrid_skeleton_forced_loop_no_sig,5,4086,0.7582111709036927,158.0,80.0,158.0,80.0,0
per_huruf_hybrid_skeleton_forced_loop_no_sig,5,4087,0.7583967340879569,158.11788802913065,79.96722803823396,158.11788802913065,79.96722803823396,0
per_huruf_hybrid_skeleton_forced_loop_no_sig,5,4088,0.7585822972722212,158.30405097860722,79.94492489758763,158.30405097860722,79.94492489758763,0
per_huruf_hybrid_skeleton_forced_loop_no_sig,5,4089,0.7587678604564854,158.5380063723259,79.93172507965407,158.5380063723259,79.93172507965407,0
per_huruf_hybrid_skeleton_forced_loop_no_sig,5,4090,0.7589534236407497,158.79927173418295,79.9262630860264,158.79927173418295,79.9262630860264,0
per_huruf_hybrid_skeleton_forced_loop_no_sig,5,4091,0.7591389868250139,159.0673645880747,79.9271734182977,159.0673645880747,79.9271734182977,0
per_huruf_hybrid_skeleton_forced_loop_no_sig,5,4092,0.7593245500092781,159.32180245789712,79.933090578061,159.32180245789712,79.933090578061,0
per_huruf_hybrid_skeleton_forced_loop_no_sig,5,4093,0.7595101131935423,159.54210286754665,79.94264906690941,159.54210286754665,79.94264906690941,0
per_huruf_hybrid_skeleton_forced_loop_no_sig,5,4094,0.7596956763778067,159.70778334091946,79.95448338643605,159.70778334091946,79.95448338643605,0
per_huruf_hybrid_skeleton_forced_loop_no_sig,5,4095,0.7598812395620709,159.79836140191168,79.96722803823394,159.79836140191168,79.96722803823394,0
per_huruf_hybrid_skeleton_forced_loop_no_sig,5,4096,0.7600668027463351,159.79335457441965,79.97951752389622,159.79335457441965,79.97951752389622,0
per_huruf_hybrid_skeleton_forced_loop_no_sig,5,4097,0.7602523659305993,159.67228038233955,79.98998634501594,159.67228038233955,79.98998634501594,0
per_huruf_hybrid_skeleton_forced_loop_no_sig,5,4098,0.7604379291148635,159.41465634956757,79.99726900318616,159.41465634956757,79.99726900318616,0
per_huruf_hybrid_skeleton_forced_loop_no_sig,5,4099,0.7606234922991278,159.0,80.0,159.0,80.0,0
per_huruf_hybrid_skeleton_forced_loop_no_sig,5,4100,0.7608090554833921,158.37915339098774,80.00000000000001,158.37915339098774,80.00000000000001,0
per_huruf_hybrid_skeleton_forced_loop_no_sig,5,4101,0.7609946186676563,157.54210286754665,80.0,157.54210286754665,80.0,0
per_huruf_hybrid_skeleton_forced_loop_no_sig,5,4102,0.7611801818519205,156.52708238507054,79.99999999999999,156.52708238507054,79.99999999999999,0
per_huruf_hybrid_skeleton_forced_loop_no_sig,5,4103,0.7613657450361848,155.37232589895314,80.0,155.37232589895314,80.0,0
per_huruf_hybrid_skeleton_forced_loop_no_sig,5,4104,0.761551308220449,154.1160673645881,80.00000000000001,154.1160673645881,80.00000000000001,0
per_huruf_hybrid_skeleton_forced_loop_no_sig,5,4105,0.7617368714047132,152.79654073736916,80.00000000000001,152.79654073736916,80.00000000000001,0
per_huruf_hybrid_skeleton_forced_loop_no_sig,5,4106,0.7619224345889775,151.45197997269005,80.0,151.45197997269005,80.0,0
per_huruf_hybrid_skeleton_forced_loop_no_sig,5,4107,0.7621079977732418,150.12061902594448,80.0,150.12061902594448,80.0,0
per_huruf_hybrid_skeleton_forced_loop_no_sig,5,4108,0.762293560957506,148.84069185252616,80.0,148.84069185252616,80.0,0
per_huruf_hybrid_skeleton_forced_loop_no_sig,5,4109,0.7624791241417702,147.65043240782884,80.0,147.65043240782884,80.0,0
per_huruf_hybrid_skeleton_forced_loop_no_sig,5,4110,0.7626646873260344,146.58807464724623,80.0,146.58807464724623,80.0,0
per_huruf_hybrid_skeleton_forced_loop_no_sig,5,4111,0.7628502505102988,145.69185252617206,80.0,145.69185252617206,80.0,0
per_huruf_hybrid_skeleton_forced_loop_no_sig,5,4112,0.763035813694563,145.0,80.0,145.0,80.0,0
per_huruf_hybrid_skeleton_forced_loop_no_sig,5,4113,0.7632213768788272,144.50250341374604,80.00546199362769,144.50250341374604,80.00546199362769,0
per_huruf_hybrid_skeleton_forced_loop_no_sig,5,4114,0.7634069400630914,144.15020482476103,80.02002730996814,144.15020482476103,80.02002730996814,0
per_huruf_hybrid_skeleton_forced_loop_no_sig,5,4115,0.7635925032473557,143.92262175694125,80.04096495220753,143.92262175694125,80.04096495220753,0
per_huruf_hybrid_skeleton_forced_loop_no_sig,5,4116,0.7637780664316199,143.79927173418298,80.06554392353209,143.79927173418298,80.06554392353209,0
per_huruf_hybrid_skeleton_forced_loop_no_sig,5,4117,0.7639636296158842,143.75967228038235,80.09103322712791,143.75967228038235,80.09103322712791,0
per_huruf_hybrid_skeleton_forced_loop_no_sig,5,4118,0.7641491928001484,143.78334091943557,80.11470186618116,143.78334091943557,80.11470186618116,0
per_huruf_hybrid_skeleton_forced_loop_no_sig,5,4119,0.7643347559844127,143.84979517523897,80.133818843878,143.84979517523897,80.133818843878,0
per_huruf_hybrid_skeleton_forced_loop_no_sig,5,4120,0.7645203191686769,143.93855257168866,80.14565316340465,143.93855257168866,80.14565316340465,0
per_huruf_hybrid_skeleton_forced_loop_no_sig,5,4121,0.7647058823529411,144.02913063268093,80.1474738279472,144.02913063268093,80.1474738279472,0
per_huruf_hybrid_skeleton_forced_loop_no_sig,5,4122,0.7648914455372053,144.10104688211197,80.13654984069184,144.10104688211197,80.13654984069184,0
per_huruf_hybrid_skeleton_forced_loop_no_sig,5,4123,0.7650770087214697,144.13381884387803,80.11015020482476,144.13381884387803,80.11015020482476,0
per_huruf_hybrid_skeleton_forced_loop_no_sig,5,4124,0.7652625719057339,144.10696404187527,80.06554392353209,144.10696404187527,80.06554392353209,0
per_huruf_hybrid_skeleton_forced_loop_no_sig,5,4125,0.7654481350899981,144.0,80.0,144.0,80.0,0
per_huruf_hybrid_skeleton_forced_loop_no_sig,5,4126,0.7656336982742623,143.82931269913522,79.90896677287212,143.82931269913522,79.90896677287212,0
per_huruf_hybrid_skeleton_forced_loop_no_sig,5,4127,0.7658192614585266,143.62858443331817,79.79244424214839,143.62858443331817,79.79244424214839,0
per_huruf_hybrid_skeleton_forced_loop_no_sig,5,4128,0.7660048246427908,143.4032771961766,79.65452890304961,143.4032771961766,79.65452890304961,0
per_huruf_hybrid_skeleton_forced_loop_no_sig,5,4129,0.7661903878270551,143.15885298133819,79.49931725079654,143.15885298133819,79.49931725079654,0
per_huruf_hybrid_skeleton_forced_loop_no_sig,5,4130,0.7663759510113193,142.90077378243058,79.33090578060994,142.90077378243058,79.33090578060994,0
per_huruf_hybrid_skeleton_forced_loop_no_sig,5,4131,0.7665615141955836,142.6345015930815,79.15339098771052,142.6345015930815,79.15339098771052,0
per_huruf_hybrid_skeleton_forced_loop_no_sig,5,4132,0.7667470773798478,142.36549840691853,78.97086936731908,142.36549840691853,78.97086936731908,0
per_huruf_hybrid_skeleton_forced_loop_no_sig,5,4133,0.766932640564112,142.09922621756942,78.78743741465635,142.09922621756942,78.78743741465635,0
per_huruf_hybrid_skeleton_forced_loop_no_sig,5,4134,0.7671182037483762,141.84114701866181,78.6071916249431,141.84114701866181,78.6071916249431,0
per_huruf_hybrid_skeleton_forced_loop_no_sig,5,4135,0.7673037669326406,141.59672280382335,78.4342284934001,141.59672280382335,78.4342284934001,0
per_huruf_hybrid_skeleton_forced_loop_no_sig,5,4136,0.7674893301169048,141.37141556668183,78.27264451524806,141.37141556668183,78.27264451524806,0
per_huruf_hybrid_skeleton_forced_loop_no_sig,5,4137,0.767674893301169,141.1706873008648,78.12653618570778,141.1706873008648,78.12653618570778,0
per_huruf_hybrid_skeleton_forced_loop_no_sig,5,4138,0.7678604564854332,141.0,78.0,141.0,78.0,0
per_huruf_hybrid_skeleton_forced_loop_no_sig,5,4139,0.7680460196696975,140.88757396449705,77.88757396449707,140.88757396449705,77.88757396449707,0
per_huruf_hybrid_skeleton_forced_loop_no_sig,5,4140,0.7682315828539618,140.84615384615384,77.7810650887574,140.84615384615384,77.7810650887574,0
per_huruf_hybrid_skeleton_forced_loop_no_sig,5,4141,0.768417146038226,140.85798816568047,77.68047337278105,140.85798816568047,77.68047337278105,0
per_huruf_hybrid_skeleton_forced_loop_no_sig,5,4142,0.7686027092224902,140.90532544378695,77.58579881656803,140.90532544378695,77.58579881656803,0
per_huruf_hybrid_skeleton_forced_loop_no_sig,5,4143,0.7687882724067545,140.97041420118342,77.49704142011835,140.97041420118342,77.49704142011835,0
per_huruf_hybrid_skeleton_forced_loop_no_sig,5,4144,0.7689738355910187,141.0355029585799,77.41420118343196,141.0355029585799,77.41420118343196,0
per_huruf_hybrid_skeleton_forced_loop_no_sig,5,4145,0.7691593987752829,141.0828402366864,77.33727810650889,141.0828402366864,77.33727810650889,0
per_huruf_hybrid_skeleton_forced_loop_no_sig,5,4146,0.7693449619595472,141.09467455621302,77.26627218934911,141.09467455621302,77.26627218934911,0
per_huruf_hybrid_skeleton_forced_loop_no_sig,5,4147,0.7695305251438115,141.0532544378698,77.20118343195266,141.0532544378698,77.20118343195266,0
per_huruf_hybrid_skeleton_forced_loop_no_sig,5,4148,0.7697160883280757,140.94082840236686,77.14201183431953,140.94082840236686,77.14201183431953,0
per_huruf_hybrid_skeleton_forced_loop_no_sig,5,4149,0.7699016515123399,140.7396449704142,77.08875739644971,140.7396449704142,77.08875739644971,0
per_huruf_hybrid_skeleton_forced_loop_no_sig,5,4150,0.7700872146966041,140.4319526627219,77.0414201183432,140.4319526627219,77.0414201183432,0
per_huruf_hybrid_skeleton_forced_loop_no_sig,5,4151,0.7702727778808685,140.0,77.0,140.0,77.0,0
per_huruf_hybrid_skeleton_forced_loop_no_sig,5,4152,0.7704583410651327,139.40737369139737,76.96722803823397,139.40737369139737,76.96722803823397,0
per_huruf_hybrid_skeleton_forced_loop_no_sig,5,4153,0.7706439042493969,138.6495220755576,76.94492489758763,138.6495220755576,76.94492489758763,0
per_huruf_hybrid_skeleton_forced_loop_no_sig,5,4154,0.7708294674336611,137.75648611743281,76.93172507965406,137.75648611743281,76.93172507965406,0
per_huruf_hybrid_skeleton_forced_loop_no_sig,5,4155,0.7710150306179253,136.75830678197542,76.92626308602638,136.75830678197542,76.92626308602638,0
per_huruf_hybrid_skeleton_forced_loop_no_sig,5,4156,0.7712005938021896,135.68502503413748,76.9271734182977,135.68502503413748,76.9271734182977,0
per_huruf_hybrid_skeleton_forced_loop_no_sig,5,4157,0.7713861569864539,134.5666818388712,76.933090578061,134.5666818388712,76.933090578061,0
per_huruf_hybrid_skeleton_forced_loop_no_sig,5,4158,0.7715717201707181,133.43331816112882,76.94264906690942,133.43331816112882,76.94264906690942,0
per_huruf_hybrid_skeleton_forced_loop_no_sig,5,4159,0.7717572833549823,132.31497496586255,76.95448338643604,132.31497496586255,76.95448338643604,0
per_huruf_hybrid_skeleton_forced_loop_no_sig,5,4160,0.7719428465392466,131.24169321802458,76.96722803823394,131.24169321802458,76.96722803823394,0
per_huruf_hybrid_skeleton_forced_loop_no_sig,5,4161,0.7721284097235108,130.24351388256713,76.97951752389622,130.24351388256713,76.97951752389622,0
per_huruf_hybrid_skeleton_forced_loop_no_sig,5,4162,0.772313972907775,129.35047792444243,76.98998634501592,129.35047792444243,76.98998634501592,0
per_huruf_hybrid_skeleton_forced_loop_no_sig,5,4163,0.7724995360920393,128.59262630860263,76.99726900318616,128.59262630860263,76.99726900318616,0
per_huruf_hybrid_skeleton_forced_loop_no_sig,5,4164,0.7726850992763036,128.0,77.0,128.0,77.0,0
per_huruf_hybrid_skeleton_forced_loop_no_sig,5,4165,0.7728706624605678,127.56258534365044,77.00000000000001,127.56258534365044,77.00000000000001,0
per_huruf_hybrid_skeleton_forced_loop_no_sig,5,4166,0.773056225644832,127.24032771961767,77.00000000000001,127.24032771961767,77.00000000000001,0
per_huruf_hybrid_skeleton_forced_loop_no_sig,5,4167,0.7732417888290962,127.01820664542555,76.99999999999999,127.01820664542555,76.99999999999999,0
per_huruf_hybrid_skeleton_forced_loop_no_sig,5,4168,0.7734273520133605,126.88120163859806,76.99999999999999,126.88120163859806,76.99999999999999,0
per_huruf_hybrid_skeleton_forced_loop_no_sig,5,4169,0.7736129151976248,126.8142922166591,77.00000000000001,126.8142922166591,77.00000000000001,0
per_huruf_hybrid_skeleton_forced_loop_no_sig,5,4170,0.773798478381889,126.80245789713246,77.0,126.80245789713246,77.0,0
per_huruf_hybrid_skeleton_forced_loop_no_sig,5,4171,0.7739840415661532,126.8306781975421,77.00000000000001,126.8306781975421,77.00000000000001,0
per_huruf_hybrid_skeleton_forced_loop_no_sig,5,4172,0.7741696047504175,126.88393263541192,77.0,126.88393263541192,77.0,0
per_huruf_hybrid_skeleton_forced_loop_no_sig,5,4173,0.7743551679346817,126.94720072826581,77.0,126.94720072826581,77.0,0
per_huruf_hybrid_skeleton_forced_loop_no_sig,5,4174,0.774540731118946,127.00546199362768,77.0,127.00546199362768,77.0,0
per_huruf_hybrid_skeleton_forced_loop_no_sig,5,4175,0.7747262943032102,127.04369594902138,77.0,127.04369594902138,77.0,0
per_huruf_hybrid_skeleton_forced_loop_no_sig,5,4176,0.7749118574874745,127.04688211197087,77.0,127.04688211197087,77.0,0
per_huruf_hybrid_skeleton_forced_loop_no_sig,5,4177,0.7750974206717387,127.0,77.0,127.0,77.0,0
per_huruf_hybrid_skeleton_forced_loop_no_sig,5,4178,0.7752829838560029,126.92307692307695,77.00273099681385,126.92307692307695,77.00273099681385,0
per_huruf_hybrid_skeleton_forced_loop_no_sig,5,4179,0.7754685470402671,126.84615384615385,77.01001365498408,126.84615384615385,77.01001365498408,0
per_huruf_hybrid_skeleton_forced_loop_no_sig,5,4180,0.7756541102245315,126.76923076923075,77.02048247610377,126.76923076923075,77.02048247610377,0
per_huruf_hybrid_skeleton_forced_loop_no_sig,5,4181,0.7758396734087957,126.6923076923077,77.03277196176603,126.6923076923077,77.03277196176603,0
per_huruf_hybrid_skeleton_forced_loop_no_sig,5,4182,0.7760252365930599,126.61538461538464,77.04551661356396,126.61538461538464,77.04551661356396,0
per_huruf_hybrid_skeleton_forced_loop_no_sig,5,4183,0.7762107997773241,126.53846153846155,77.05735093309059,126.53846153846155,77.05735093309059,0
per_huruf_hybrid_skeleton_forced_loop_no_sig,5,4184,0.7763963629615884,126.46153846153847,77.06690942193902,126.46153846153847,77.06690942193902,0
per_huruf_hybrid_skeleton_forced_loop_no_sig,5,4185,0.7765819261458526,126.38461538461539,77.07282658170232,126.38461538461539,77.07282658170232,0
per_huruf_hybrid_skeleton_forced_loop_no_sig,5,4186,0.7767674893301169,126.30769230769229,77.07373691397359,126.30769230769229,77.07373691397359,0
per_huruf_hybrid_skeleton_forced_loop_no_sig,5,4187,0.7769530525143811,126.23076923076921,77.06827492034591,126.23076923076921,77.06827492034591,0
per_huruf_hybrid_skeleton_forced_loop_no_sig,5,4188,0.7771386156986454,126.15384615384616,77.05507510241239,126.15384615384616,77.05507510241239,0
per_huruf_hybrid_skeleton_forced_loop_no_sig,5,4189,0.7773241788829096,126.07692307692307,77.03277196176604,126.07692307692307,77.03277196176604,0
per_huruf_hybrid_skeleton_forced_loop_no_sig,5,4190,0.7775097420671738,126.0,77.0,126.0,77.0,0
per_huruf_hybrid_skeleton_forced_loop_no_sig,5,4191,0.777695305251438,125.92307692307693,76.95311788802914,125.92307692307693,76.95311788802914,0
per_huruf_hybrid_skeleton_forced_loop_no_sig,5,4192,0.7778808684357024,125.84615384615385,76.89121529358216,125.84615384615385,76.89121529358216,0
per_huruf_hybrid_skeleton_forced_loop_no_sig,5,4193,0.7780664316199666,125.76923076923076,76.81702321347291,125.76923076923076,76.81702321347291,0
per_huruf_hybrid_skeleton_forced_loop_no_sig,5,4194,0.7782519948042308,125.69230769230768,76.73327264451524,125.69230769230768,76.73327264451524,0
per_huruf_hybrid_skeleton_forced_loop_no_sig,5,4195,0.778437557988495,125.61538461538463,76.642694583523,125.61538461538463,76.642694583523,0
per_huruf_hybrid_skeleton_forced_loop_no_sig,5,4196,0.7786231211727593,125.53846153846156,76.54802002730997,125.53846153846156,76.54802002730997,0
per_huruf_hybrid_skeleton_forced_loop_no_sig,5,4197,0.7788086843570236,125.46153846153845,76.45197997269003,125.46153846153845,76.45197997269003,0
per_huruf_hybrid_skeleton_forced_loop_no_sig,5,4198,0.7789942475412878,125.38461538461539,76.357305416477,125.38461538461539,76.357305416477,0
per_huruf_hybrid_skeleton_forced_loop_no_sig,5,4199,0.779179810725552,125.30769230769229,76.26672735548476,125.30769230769229,76.26672735548476,0
per_huruf_hybrid_skeleton_forced_loop_no_sig,5,4200,0.7793653739098163,125.23076923076923,76.18297678652708,125.23076923076923,76.18297678652708,0
per_huruf_hybrid_skeleton_forced_loop_no_sig,5,4201,0.7795509370940805,125.15384615384616,76.10878470641785,125.15384615384616,76.10878470641785,0
per_huruf_hybrid_skeleton_forced_loop_no_sig,5,4202,0.7797365002783447,125.07692307692308,76.04688211197086,125.07692307692308,76.04688211197086,0
per_huruf_hybrid_skeleton_forced_loop_no_sig,5,4203,0.779922063462609,125.0,76.0,125.0,76.0,0
per_huruf_hybrid_skeleton_forced_loop_no_sig,5,4204,0.7801076266468733,124.92307692307696,75.92626308602641,124.92307692307696,75.92626308602641,0
per_huruf_hybrid_skeleton_forced_loop_no_sig,5,4205,0.7802931898311375,124.84615384615385,75.79472007282658,124.84615384615385,75.79472007282658,0
per_huruf_hybrid_skeleton_forced_loop_no_sig,5,4206,0.7804787530154017,124.76923076923076,75.62448793809739,124.76923076923076,75.62448793809739,0
per_huruf_hybrid_skeleton_forced_loop_no_sig,5,4207,0.7806643161996659,124.69230769230768,75.43468365953572,124.69230769230768,75.43468365953572,0
per_huruf_hybrid_skeleton_forced_loop_no_sig,5,4208,0.7808498793839302,124.61538461538464,75.24442421483843,124.61538461538464,75.24442421483843,0
per_huruf_hybrid_skeleton_forced_loop_no_sig,5,4209,0.7810354425681945,124.53846153846155,75.07282658170232,124.53846153846155,75.07282658170232,0
per_huruf_hybrid_skeleton_forced_loop_no_sig,5,4210,0.7812210057524587,124.46153846153845,74.9390077378243,124.46153846153845,74.9390077378243,0
per_huruf_hybrid_skeleton_forced_loop_no_sig,5,4211,0.7814065689367229,124.38461538461539,74.86208466090122,124.38461538461539,74.86208466090122,0
per_huruf_hybrid_skeleton_forced_loop_no_sig,5,4212,0.7815921321209871,124.30769230769232,74.86117432862994,124.30769230769232,74.86117432862994,0
per_huruf_hybrid_skeleton_forced_loop_no_sig,5,4213,0.7817776953052514,124.23076923076921,74.95539371870733,124.23076923076921,74.95539371870733,0
per_huruf_hybrid_skeleton_forced_loop_no_sig,5,4214,0.7819632584895156,124.15384615384616,75.16385980883022,124.15384615384616,75.16385980883022,0
per_huruf_hybrid_skeleton_forced_loop_no_sig,5,4215,0.7821488216737799,124.07692307692307,75.50568957669549,124.07692307692307,75.50568957669549,0
per_huruf_hybrid_skeleton_forced_loop_no_sig,5,4216,0.7823343848580441,124.0,76.0,124.0,76.0,0
per_huruf_hybrid_skeleton_forced_loop_no_sig,5,4217,0.7825199480423084,123.92034592626311,76.70050068274922,123.92034592626311,76.70050068274922,0
per_huruf_hybrid_skeleton_forced_loop_no_sig,5,4218,0.7827055112265726,123.83614019116978,77.62175694128358,123.83614019116978,77.62175694128358,0
per_huruf_hybrid_skeleton_forced_loop_no_sig,5,4219,0.7828910744108368,123.74874829312698,78.72416932180245,123.74874829312698,78.72416932180245,0
per_huruf_hybrid_skeleton_forced_loop_no_sig,5,4220,0.783076637595101,123.65953573054163,79.96813837050523,123.65953573054163,79.96813837050523,0
per_huruf_hybrid_skeleton_forced_loop_no_sig,5,4221,0.7832622007793654,123.56986800182068,81.31406463359127,123.56986800182068,81.31406463359127,0
per_huruf_hybrid_skeleton_forced_loop_no_sig,5,4222,0.7834477639636296,123.48111060537097,82.7223486572599,123.48111060537097,82.7223486572599,0
per_huruf_hybrid_skeleton_forced_loop_no_sig,5,4223,0.7836333271478938,123.39462903959945,84.15339098771052,123.39462903959945,84.15339098771052,0
per_huruf_hybrid_skeleton_forced_loop_no_sig,5,4224,0.783818890332158,123.31178880291307,85.56759217114248,123.31178880291307,85.56759217114248,0
per_huruf_hybrid_skeleton_forced_loop_no_sig,5,4225,0.7840044535164223,123.2339553937187,86.92535275375512,123.2339553937187,86.92535275375512,0
per_huruf_hybrid_skeleton_forced_loop_no_sig,5,4226,0.7841900167006866,123.16249431042328,88.18707328174783,123.16249431042328,88.18707328174783,0
per_huruf_hybrid_skeleton_forced_loop_no_sig,5,4227,0.7843755798849508,123.09877105143377,89.31315430131998,123.09877105143377,89.31315430131998,0
per_huruf_hybrid_skeleton_forced_loop_no_sig,5,4228,0.784561143069215,123.04415111515704,90.26399635867091,123.04415111515704,90.26399635867091,0
per_huruf_hybrid_skeleton_forced_loop_no_sig,5,4229,0.7847467062534793,123.0,91.0,123.0,91.0,0
per_huruf_hybrid_skeleton_forced_loop_no_sig,5,4230,0.7849322694377435,122.96722803823398,91.53846153846155,122.96722803823398,91.53846153846155,0
per_huruf_hybrid_skeleton_forced_loop_no_sig,5,4231,0.7851178326220077,122.94492489758763,91.93491124260355,122.94492489758763,91.93491124260355,0
per_huruf_hybrid_skeleton_forced_loop_no_sig,5,4232,0.785303395806272,122.93172507965404,92.20710059171597,122.93172507965404,92.20710059171597,0
per_huruf_hybrid_skeleton_forced_loop_no_sig,5,4233,0.7854889589905363,122.92626308602638,92.37278106508874,122.92626308602638,92.37278106508874,0
per_huruf_hybrid_skeleton_forced_loop_no_sig,5,4234,0.7856745221748005,122.9271734182977,92.44970414201185,122.9271734182977,92.44970414201185,0
per_huruf_hybrid_skeleton_forced_loop_no_sig,5,4235,0.7858600853590647,122.933090578061,92.45562130177515,122.933090578061,92.45562130177515,0
per_huruf_hybrid_skeleton_forced_loop_no_sig,5,4236,0.7860456485433289,122.94264906690942,92.40828402366864,122.94264906690942,92.40828402366864,0
per_huruf_hybrid_skeleton_forced_loop_no_sig,5,4237,0.7862312117275932,122.95448338643605,92.32544378698226,122.95448338643605,92.32544378698226,0
per_huruf_hybrid_skeleton_forced_loop_no_sig,5,4238,0.7864167749118575,122.96722803823396,92.22485207100591,122.96722803823396,92.22485207100591,0
per_huruf_hybrid_skeleton_forced_loop_no_sig,5,4239,0.7866023380961217,122.97951752389622,92.12426035502958,122.97951752389622,92.12426035502958,0
per_huruf_hybrid_skeleton_forced_loop_no_sig,5,4240,0.7867879012803859,122.98998634501592,92.0414201183432,122.98998634501592,92.0414201183432,0
per_huruf_hybrid_skeleton_forced_loop_no_sig,5,4241,0.7869734644646502,122.99726900318616,91.99408284023667,122.99726900318616,91.99408284023667,0
per_huruf_hybrid_skeleton_forced_loop_no_sig,5,4242,0.7871590276489144,123.0,92.0,123.0,92.0,0
per_huruf_hybrid_skeleton_forced_loop_no_sig,5,4243,0.7873445908331786,162.0,63.0,162.0,63.0,0
per_huruf_hybrid_skeleton_forced_loop_no_sig,5,4244,0.7875301540174429,162.0468821119709,62.95311788802914,162.0468821119709,62.95311788802914,0
per_huruf_hybrid_skeleton_forced_loop_no_sig,5,4245,0.7877157172017072,162.10878470641782,62.891215293582164,162.10878470641782,62.891215293582164,0
per_huruf_hybrid_skeleton_forced_loop_no_sig,5,4246,0.7879012803859714,162.18297678652704,62.817023213472915,162.18297678652704,62.817023213472915,0
per_huruf_hybrid_skeleton_forced_loop_no_sig,5,4247,0.7880868435702356,162.26672735548473,62.73327264451524,162.26672735548473,62.73327264451524,0
per_huruf_hybrid_skeleton_forced_loop_no_sig,5,4248,0.7882724067544998,162.35730541647703,62.642694583522996,162.35730541647703,62.642694583522996,0
per_huruf_hybrid_skeleton_forced_loop_no_sig,5,4249,0.7884579699387642,162.45197997269003,62.548020027309974,162.45197997269003,62.548020027309974,0
per_huruf_hybrid_skeleton_forced_loop_no_sig,5,4250,0.7886435331230284,162.54802002730997,62.451979972690026,162.54802002730997,62.451979972690026,0
per_huruf_hybrid_skeleton_forced_loop_no_sig,5,4251,0.7888290963072926,162.642694583523,62.35730541647701,162.642694583523,62.35730541647701,0
per_huruf_hybrid_skeleton_forced_loop_no_sig,5,4252,0.7890146594915568,162.73327264451524,62.26672735548475,162.73327264451524,62.26672735548475,0
per_huruf_hybrid_skeleton_forced_loop_no_sig,5,4253,0.7892002226758211,162.8170232134729,62.18297678652708,162.8170232134729,62.18297678652708,0
per_huruf_hybrid_skeleton_forced_loop_no_sig,5,4254,0.7893857858600853,162.89121529358215,62.10878470641784,162.89121529358215,62.10878470641784,0
per_huruf_hybrid_skeleton_forced_loop_no_sig,5,4255,0.7895713490443496,162.95311788802914,62.046882111970866,162.95311788802914,62.046882111970866,0
per_huruf_hybrid_skeleton_forced_loop_no_sig,5,4256,0.7897569122286138,163.0,62.0,163.0,62.0,0
per_huruf_hybrid_skeleton_forced_loop_no_sig,5,4257,0.7899424754128781,178.0,76.0,178.0,76.0,0
per_huruf_hybrid_skeleton_forced_loop_no_sig,5,4258,0.7901280385971423,178.04415111515704,75.95584888484298,178.04415111515704,75.95584888484298,0
per_huruf_hybrid_skeleton_forced_loop_no_sig,5,4259,0.7903136017814065,178.09877105143377,75.90122894856621,178.09877105143377,75.90122894856621,0
per_huruf_hybrid_skeleton_forced_loop_no_sig,5,4260,0.7904991649656707,178.16249431042328,75.83750568957667,178.16249431042328,75.83750568957667,0
per_huruf_hybrid_skeleton_forced_loop_no_sig,5,4261,0.7906847281499351,178.23395539371867,75.76604460628128,178.23395539371867,75.76604460628128,0
per_huruf_hybrid_skeleton_forced_loop_no_sig,5,4262,0.7908702913341993,178.31178880291307,75.68821119708694,178.31178880291307,75.68821119708694,0
per_huruf_hybrid_skeleton_forced_loop_no_sig,5,4263,0.7910558545184635,178.39462903959947,75.60537096040053,178.39462903959947,75.60537096040053,0
per_huruf_hybrid_skeleton_forced_loop_no_sig,5,4264,0.7912414177027277,178.48111060537096,75.51888939462904,178.48111060537096,75.51888939462904,0
per_huruf_hybrid_skeleton_forced_loop_no_sig,5,4265,0.791426980886992,178.56986800182068,75.43013199817935,178.56986800182068,75.43013199817935,0
per_huruf_hybrid_skeleton_forced_loop_no_sig,5,4266,0.7916125440712563,178.65953573054162,75.34046426945835,178.65953573054162,75.34046426945835,0
per_huruf_hybrid_skeleton_forced_loop_no_sig,5,4267,0.7917981072555205,178.748748293127,75.251251706873,178.748748293127,75.251251706873,0
per_huruf_hybrid_skeleton_forced_loop_no_sig,5,4268,0.7919836704397847,178.83614019116976,75.16385980883022,178.83614019116976,75.16385980883022,0
per_huruf_hybrid_skeleton_forced_loop_no_sig,5,4269,0.7921692336240489,178.9203459262631,75.07965407373692,178.9203459262631,75.07965407373692,0
per_huruf_hybrid_skeleton_forced_loop_no_sig,5,4270,0.7923547968083132,179.0,75.0,179.0,75.0,0
per_huruf_hybrid_skeleton_forced_loop_no_sig,5,4271,0.7925403599925774,179.07692307692312,74.92307692307693,179.07692307692312,74.92307692307693,0
per_huruf_hybrid_skeleton_forced_loop_no_sig,5,4272,0.7927259231768417,179.1538461538462,74.84615384615384,179.1538461538462,74.84615384615384,0
per_huruf_hybrid_skeleton_forced_loop_no_sig,5,4273,0.7929114863611059,179.23076923076923,74.76923076923076,179.23076923076923,74.76923076923076,0
per_huruf_hybrid_skeleton_forced_loop_no_sig,5,4274,0.7930970495453702,179.3076923076923,74.69230769230768,179.3076923076923,74.69230769230768,0
per_huruf_hybrid_skeleton_forced_loop_no_sig,5,4275,0.7932826127296344,179.3846153846154,74.61538461538461,179.3846153846154,74.61538461538461,0
per_huruf_hybrid_skeleton_forced_loop_no_sig,5,4276,0.7934681759138986,179.46153846153845,74.53846153846153,179.46153846153845,74.53846153846153,0
per_huruf_hybrid_skeleton_forced_loop_no_sig,5,4277,0.7936537390981628,179.53846153846155,74.46153846153847,179.53846153846155,74.46153846153847,0
per_huruf_hybrid_skeleton_forced_loop_no_sig,5,4278,0.7938393022824272,179.61538461538464,74.38461538461539,179.61538461538464,74.38461538461539,0
per_huruf_hybrid_skeleton_forced_loop_no_sig,5,4279,0.7940248654666914,179.69230769230768,74.3076923076923,179.69230769230768,74.3076923076923,0
per_huruf_hybrid_skeleton_forced_loop_no_sig,5,4280,0.7942104286509556,179.76923076923075,74.23076923076923,179.76923076923075,74.23076923076923,0
per_huruf_hybrid_skeleton_forced_loop_no_sig,5,4281,0.7943959918352198,179.84615384615384,74.15384615384616,179.84615384615384,74.15384615384616,0
per_huruf_hybrid_skeleton_forced_loop_no_sig,5,4282,0.7945815550194841,179.9230769230769,74.07692307692308,179.9230769230769,74.07692307692308,0
per_huruf_hybrid_skeleton_forced_loop_no_sig,5,4283,0.7947671182037483,180.0,74.0,180.0,74.0,0
per_huruf_hybrid_skeleton_forced_loop_no_sig,5,4284,0.7949526813880126,180.0769230769231,73.92307692307693,180.0769230769231,73.92307692307693,0
per_huruf_hybrid_skeleton_forced_loop_no_sig,5,4285,0.7951382445722768,180.15384615384616,73.84615384615385,180.15384615384616,73.84615384615385,0
per_huruf_hybrid_skeleton_forced_loop_no_sig,5,4286,0.7953238077565411,180.2307692307692,73.76923076923077,180.2307692307692,73.76923076923077,0
per_huruf_hybrid_skeleton_forced_loop_no_sig,5,4287,0.7955093709408053,180.3076923076923,73.69230769230768,180.3076923076923,73.69230769230768,0
per_huruf_hybrid_skeleton_forced_loop_no_sig,5,4288,0.7956949341250695,180.38461538461542,73.61538461538461,180.38461538461542,73.61538461538461,0
per_huruf_hybrid_skeleton_forced_loop_no_sig,5,4289,0.7958804973093337,180.46153846153848,73.53846153846153,180.46153846153848,73.53846153846153,0
per_huruf_hybrid_skeleton_forced_loop_no_sig,5,4290,0.7960660604935981,180.53846153846152,73.46153846153845,180.53846153846152,73.46153846153845,0
per_huruf_hybrid_skeleton_forced_loop_no_sig,5,4291,0.7962516236778623,180.61538461538464,73.38461538461539,180.61538461538464,73.38461538461539,0
per_huruf_hybrid_skeleton_forced_loop_no_sig,5,4292,0.7964371868621265,180.69230769230768,73.30769230769229,180.69230769230768,73.30769230769229,0
per_huruf_hybrid_skeleton_forced_loop_no_sig,5,4293,0.7966227500463907,180.76923076923077,73.23076923076923,180.76923076923077,73.23076923076923,0
per_huruf_hybrid_skeleton_forced_loop_no_sig,5,4294,0.796808313230655,180.84615384615384,73.15384615384616,180.84615384615384,73.15384615384616,0
per_huruf_hybrid_skeleton_forced_loop_no_sig,5,4295,0.7969938764149193,180.9230769230769,73.07692307692307,180.9230769230769,73.07692307692307,0
per_huruf_hybrid_skeleton_forced_loop_no_sig,5,4296,0.7971794395991835,181.0,73.0,181.0,73.0,0
per_huruf_hybrid_skeleton_forced_loop_no_sig,5,4297,0.7973650027834477,181.07692307692312,72.92307692307693,181.07692307692312,72.92307692307693,0
per_huruf_hybrid_skeleton_forced_loop_no_sig,5,4298,0.797550565967712,181.15384615384616,72.84615384615385,181.15384615384616,72.84615384615385,0
per_huruf_hybrid_skeleton_forced_loop_no_sig,5,4299,0.7977361291519762,181.23076923076923,72.76923076923076,181.23076923076923,72.76923076923076,0
per_huruf_hybrid_skeleton_forced_loop_no_sig,5,4300,0.7979216923362404,181.3076923076923,72.6923076923077,181.3076923076923,72.6923076923077,0
per_huruf_hybrid_skeleton_forced_loop_no_sig,5,4301,0.7981072555205047,181.38461538461542,72.61538461538461,181.38461538461542,72.61538461538461,0
per_huruf_hybrid_skeleton_forced_loop_no_sig,5,4302,0.798292818704769,181.46153846153845,72.53846153846153,181.46153846153845,72.53846153846153,0
per_huruf_hybrid_skeleton_forced_loop_no_sig,5,4303,0.7984783818890332,181.53846153846152,72.46153846153845,181.53846153846152,72.46153846153845,0
per_huruf_hybrid_skeleton_forced_loop_no_sig,5,4304,0.7986639450732974,181.61538461538464,72.38461538461539,181.61538461538464,72.38461538461539,0
per_huruf_hybrid_skeleton_forced_loop_no_sig,5,4305,0.7988495082575616,181.69230769230768,72.3076923076923,181.69230769230768,72.3076923076923,0
per_huruf_hybrid_skeleton_forced_loop_no_sig,5,4306,0.799035071441826,181.76923076923075,72.23076923076923,181.76923076923075,72.23076923076923,0
per_huruf_hybrid_skeleton_forced_loop_no_sig,5,4307,0.7992206346260902,181.84615384615384,72.15384615384616,181.84615384615384,72.15384615384616,0
per_huruf_hybrid_skeleton_forced_loop_no_sig,5,4308,0.7994061978103544,181.9230769230769,72.07692307692307,181.9230769230769,72.07692307692307,0
per_huruf_hybrid_skeleton_forced_loop_no_sig,5,4309,0.7995917609946186,182.0,72.0,182.0,72.0,0
per_huruf_hybrid_skeleton_forced_loop_no_sig,5,4310,0.7997773241788829,182.0769230769231,71.92034592626311,182.0769230769231,71.92034592626311,0
per_huruf_hybrid_skeleton_forced_loop_no_sig,5,4311,0.7999628873631471,182.15384615384616,71.83614019116978,182.15384615384616,71.83614019116978,0
per_huruf_hybrid_skeleton_forced_loop_no_sig,5,4312,0.8001484505474113,182.2307692307692,71.74874829312698,182.2307692307692,71.74874829312698,0
per_huruf_hybrid_skeleton_forced_loop_no_sig,5,4313,0.8003340137316756,182.3076923076923,71.65953573054165,182.3076923076923,71.65953573054165,0
per_huruf_hybrid_skeleton_forced_loop_no_sig,5,4314,0.8005195769159399,182.38461538461542,71.56986800182067,182.38461538461542,71.56986800182067,0
per_huruf_hybrid_skeleton_forced_loop_no_sig,5,4315,0.8007051401002041,182.46153846153848,71.48111060537096,182.46153846153848,71.48111060537096,0
per_huruf_hybrid_skeleton_forced_loop_no_sig,5,4316,0.8008907032844683,182.53846153846155,71.39462903959945,182.53846153846155,71.39462903959945,0
per_huruf_hybrid_skeleton_forced_loop_no_sig,5,4317,0.8010762664687325,182.61538461538464,71.31178880291307,182.61538461538464,71.31178880291307,0
per_huruf_hybrid_skeleton_forced_loop_no_sig,5,4318,0.8012618296529969,182.69230769230768,71.2339553937187,182.69230769230768,71.2339553937187,0
per_huruf_hybrid_skeleton_forced_loop_no_sig,5,4319,0.8014473928372611,182.76923076923075,71.1624943104233,182.76923076923075,71.1624943104233,0
per_huruf_hybrid_skeleton_forced_loop_no_sig,5,4320,0.8016329560215253,182.84615384615384,71.09877105143379,182.84615384615384,71.09877105143379,0
per_huruf_hybrid_skeleton_forced_loop_no_sig,5,4321,0.8018185192057895,182.92307692307693,71.04415111515704,182.92307692307693,71.04415111515704,0
per_huruf_hybrid_skeleton_forced_loop_no_sig,5,4322,0.8020040823900538,183.0,71.0,183.0,71.0,0
per_huruf_hybrid_skeleton_forced_loop_no_sig,5,4323,0.802189645574318,183.0769230769231,70.96995903504781,183.0769230769231,70.96995903504781,0
per_huruf_hybrid_skeleton_forced_loop_no_sig,5,4324,0.8023752087585823,183.15384615384613,70.95493855257169,183.15384615384613,70.95493855257169,0
per_huruf_hybrid_skeleton_forced_loop_no_sig,5,4325,0.8025607719428465,183.2307692307692,70.95220755575784,183.2307692307692,70.95220755575784,0
per_huruf_hybrid_skeleton_forced_loop_no_sig,5,4326,0.8027463351271107,183.3076923076923,70.95903504779244,183.3076923076923,70.95903504779244,0
per_huruf_hybrid_skeleton_forced_loop_no_sig,5,4327,0.802931898311375,183.38461538461542,70.97269003186163,183.38461538461542,70.97269003186163,0
per_huruf_hybrid_skeleton_forced_loop_no_sig,5,4328,0.8031174614956392,183.46153846153845,70.99044151115157,183.46153846153845,70.99044151115157,0
per_huruf_hybrid_skeleton_forced_loop_no_sig,5,4329,0.8033030246799034,183.53846153846155,71.00955848884843,183.53846153846155,71.00955848884843,0
per_huruf_hybrid_skeleton_forced_loop_no_sig,5,4330,0.8034885878641677,183.6153846153846,71.02730996813837,183.6153846153846,71.02730996813837,0
per_huruf_hybrid_skeleton_forced_loop_no_sig,5,4331,0.803674151048432,183.69230769230768,71.04096495220756,183.69230769230768,71.04096495220756,0
per_huruf_hybrid_skeleton_forced_loop_no_sig,5,4332,0.8038597142326962,183.76923076923077,71.04779244424213,183.76923076923077,71.04779244424213,0
per_huruf_hybrid_skeleton_forced_loop_no_sig,5,4333,0.8040452774169604,183.84615384615384,71.04506144742831,183.84615384615384,71.04506144742831,0
per_huruf_hybrid_skeleton_forced_loop_no_sig,5,4334,0.8042308406012246,183.9230769230769,71.0300409649522,183.9230769230769,71.0300409649522,0
per_huruf_hybrid_skeleton_forced_loop_no_sig,5,4335,0.804416403785489,184.0,71.0,184.0,71.0,0
per_huruf_hybrid_skeleton_forced_loop_no_sig,5,4336,0.8046019669697532,184.0769230769231,70.95311788802914,184.0769230769231,70.95311788802914,0
per_huruf_hybrid_skeleton_forced_loop_no_sig,5,4337,0.8047875301540174,184.15384615384616,70.89121529358215,184.15384615384616,70.89121529358215,0
per_huruf_hybrid_skeleton_forced_loop_no_sig,5,4338,0.8049730933382816,184.2307692307692,70.81702321347291,184.2307692307692,70.81702321347291,0
per_huruf_hybrid_skeleton_forced_loop_no_sig,5,4339,0.8051586565225459,184.3076923076923,70.73327264451524,184.3076923076923,70.73327264451524,0
per_huruf_hybrid_skeleton_forced_loop_no_sig,5,4340,0.8053442197068101,184.38461538461544,70.642694583523,184.38461538461544,70.642694583523,0
per_huruf_hybrid_skeleton_forced_loop_no_sig,5,4341,0.8055297828910744,184.46153846153848,70.54802002730997,184.46153846153848,70.54802002730997,0
per_huruf_hybrid_skeleton_forced_loop_no_sig,5,4342,0.8057153460753386,184.53846153846155,70.45197997269003,184.53846153846155,70.45197997269003,0
per_huruf_hybrid_skeleton_forced_loop_no_sig,5,4343,0.8059009092596029,184.61538461538464,70.35730541647702,184.61538461538464,70.35730541647702,0
per_huruf_hybrid_skeleton_forced_loop_no_sig,5,4344,0.8060864724438671,184.69230769230768,70.26672735548475,184.69230769230768,70.26672735548475,0
per_huruf_hybrid_skeleton_forced_loop_no_sig,5,4345,0.8062720356281313,184.76923076923077,70.18297678652708,184.76923076923077,70.18297678652708,0
per_huruf_hybrid_skeleton_forced_loop_no_sig,5,4346,0.8064575988123955,184.84615384615387,70.10878470641785,184.84615384615387,70.10878470641785,0
per_huruf_hybrid_skeleton_forced_loop_no_sig,5,4347,0.8066431619966599,184.9230769230769,70.04688211197087,184.9230769230769,70.04688211197087,0
per_huruf_hybrid_skeleton_forced_loop_no_sig,5,4348,0.8068287251809241,185.0,70.0,185.0,70.0,0
per_huruf_hybrid_skeleton_forced_loop_no_sig,5,4349,0.8070142883651883,185.07692307692312,69.96722803823397,185.07692307692312,69.96722803823397,0
per_huruf_hybrid_skeleton_forced_loop_no_sig,5,4350,0.8071998515494525,185.15384615384616,69.94492489758761,185.15384615384616,69.94492489758761,0
per_huruf_hybrid_skeleton_forced_loop_no_sig,5,4351,0.8073854147337168,185.2307692307692,69.93172507965406,185.2307692307692,69.93172507965406,0
per_huruf_hybrid_skeleton_forced_loop_no_sig,5,4352,0.807570977917981,185.3076923076923,69.9262630860264,185.3076923076923,69.9262630860264,0
per_huruf_hybrid_skeleton_forced_loop_no_sig,5,4353,0.8077565411022453,185.38461538461542,69.92717341829768,185.38461538461542,69.92717341829768,0
per_huruf_hybrid_skeleton_forced_loop_no_sig,5,4354,0.8079421042865095,185.46153846153845,69.933090578061,185.46153846153845,69.933090578061,0
per_huruf_hybrid_skeleton_forced_loop_no_sig,5,4355,0.8081276674707738,185.53846153846155,69.94264906690941,185.53846153846155,69.94264906690941,0
per_huruf_hybrid_skeleton_forced_loop_no_sig,5,4356,0.808313230655038,185.6153846153846,69.95448338643605,185.6153846153846,69.95448338643605,0
per_huruf_hybrid_skeleton_forced_loop_no_sig,5,4357,0.8084987938393022,185.69230769230768,69.96722803823396,185.69230769230768,69.96722803823396,0
per_huruf_hybrid_skeleton_forced_loop_no_sig,5,4358,0.8086843570235664,185.76923076923075,69.97951752389622,185.76923076923075,69.97951752389622,0
per_huruf_hybrid_skeleton_forced_loop_no_sig,5,4359,0.8088699202078308,185.84615384615384,69.98998634501594,185.84615384615384,69.98998634501594,0
per_huruf_hybrid_skeleton_forced_loop_no_sig,5,4360,0.809055483392095,185.92307692307693,69.99726900318616,185.92307692307693,69.99726900318616,0
per_huruf_hybrid_skeleton_forced_loop_no_sig,5,4361,0.8092410465763592,186.0,70.0,186.0,70.0,0
per_huruf_hybrid_skeleton_forced_loop_no_sig,5,4362,0.8094266097606234,186.0769230769231,70.00273099681385,186.0769230769231,70.00273099681385,0
per_huruf_hybrid_skeleton_forced_loop_no_sig,5,4363,0.8096121729448877,186.15384615384616,70.01001365498406,186.15384615384616,70.01001365498406,0
per_huruf_hybrid_skeleton_forced_loop_no_sig,5,4364,0.809797736129152,186.2307692307692,70.02048247610377,186.2307692307692,70.02048247610377,0
per_huruf_hybrid_skeleton_forced_loop_no_sig,5,4365,0.8099832993134162,186.30769230769226,70.03277196176604,186.30769230769226,70.03277196176604,0
per_huruf_hybrid_skeleton_forced_loop_no_sig,5,4366,0.8101688624976804,186.38461538461542,70.04551661356396,186.38461538461542,70.04551661356396,0
per_huruf_hybrid_skeleton_forced_loop_no_sig,5,4367,0.8103544256819447,186.4615384615385,70.05735093309059,186.4615384615385,70.05735093309059,0
per_huruf_hybrid_skeleton_forced_loop_no_sig,5,4368,0.8105399888662089,186.53846153846152,70.06690942193902,186.53846153846152,70.06690942193902,0
per_huruf_hybrid_skeleton_forced_loop_no_sig,5,4369,0.8107255520504731,186.61538461538464,70.07282658170233,186.61538461538464,70.07282658170233,0
per_huruf_hybrid_skeleton_forced_loop_no_sig,5,4370,0.8109111152347374,186.69230769230768,70.07373691397359,186.69230769230768,70.07373691397359,0
per_huruf_hybrid_skeleton_forced_loop_no_sig,5,4371,0.8110966784190017,186.76923076923077,70.06827492034591,186.76923076923077,70.06827492034591,0
per_huruf_hybrid_skeleton_forced_loop_no_sig,5,4372,0.8112822416032659,186.84615384615384,70.05507510241239,186.84615384615384,70.05507510241239,0
per_huruf_hybrid_skeleton_forced_loop_no_sig,5,4373,0.8114678047875301,186.92307692307693,70.03277196176604,186.92307692307693,70.03277196176604,0
per_huruf_hybrid_skeleton_forced_loop_no_sig,5,4374,0.8116533679717943,187.0,70.0,187.0,70.0,0
per_huruf_hybrid_skeleton_forced_loop_no_sig,5,4375,0.8118389311560587,187.0769230769231,69.955848884843,187.0769230769231,69.955848884843,0
per_huruf_hybrid_skeleton_forced_loop_no_sig,5,4376,0.8120244943403229,187.1538461538462,69.90122894856623,187.1538461538462,69.90122894856623,0
per_huruf_hybrid_skeleton_forced_loop_no_sig,5,4377,0.8122100575245871,187.2307692307692,69.83750568957667,187.2307692307692,69.83750568957667,0
per_huruf_hybrid_skeleton_forced_loop_no_sig,5,4378,0.8123956207088513,187.30769230769226,69.76604460628128,187.30769230769226,69.76604460628128,0
per_huruf_hybrid_skeleton_forced_loop_no_sig,5,4379,0.8125811838931156,187.38461538461542,69.68821119708693,187.38461538461542,69.68821119708693,0
per_huruf_hybrid_skeleton_forced_loop_no_sig,5,4380,0.8127667470773798,187.46153846153845,69.60537096040055,187.46153846153845,69.60537096040055,0
per_huruf_hybrid_skeleton_forced_loop_no_sig,5,4381,0.812952310261644,187.53846153846152,69.51888939462904,187.53846153846152,69.51888939462904,0
per_huruf_hybrid_skeleton_forced_loop_no_sig,5,4382,0.8131378734459083,187.6153846153846,69.43013199817933,187.6153846153846,69.43013199817933,0
per_huruf_hybrid_skeleton_forced_loop_no_sig,5,4383,0.8133234366301725,187.69230769230768,69.34046426945835,187.69230769230768,69.34046426945835,0
per_huruf_hybrid_skeleton_forced_loop_no_sig,5,4384,0.8135089998144368,187.76923076923077,69.251251706873,187.76923076923077,69.251251706873,0
per_huruf_hybrid_skeleton_forced_loop_no_sig,5,4385,0.813694562998701,187.84615384615387,69.16385980883022,187.84615384615387,69.16385980883022,0
per_huruf_hybrid_skeleton_forced_loop_no_sig,5,4386,0.8138801261829652,187.9230769230769,69.07965407373692,187.9230769230769,69.07965407373692,0
per_huruf_hybrid_skeleton_forced_loop_no_sig,5,4387,0.8140656893672295,188.0,69.0,188.0,69.0,0
per_huruf_hybrid_skeleton_forced_loop_no_sig,5,4388,0.8142512525514938,188.07965407373692,68.92307692307692,188.07965407373692,68.92307692307692,0
per_huruf_hybrid_skeleton_forced_loop_no_sig,5,4389,0.814436815735758,188.1638598088302,68.84615384615385,188.1638598088302,68.84615384615385,0
per_huruf_hybrid_skeleton_forced_loop_no_sig,5,4390,0.8146223789200222,188.251251706873,68.76923076923076,188.251251706873,68.76923076923076,0
per_huruf_hybrid_skeleton_forced_loop_no_sig,5,4391,0.8148079421042864,188.34046426945832,68.6923076923077,188.34046426945832,68.6923076923077,0
per_huruf_hybrid_skeleton_forced_loop_no_sig,5,4392,0.8149935052885507,188.43013199817938,68.61538461538463,188.43013199817938,68.61538461538463,0
per_huruf_hybrid_skeleton_forced_loop_no_sig,5,4393,0.815179068472815,188.51888939462907,68.53846153846155,188.51888939462907,68.53846153846155,0
per_huruf_hybrid_skeleton_forced_loop_no_sig,5,4394,0.8153646316570792,188.60537096040053,68.46153846153847,188.60537096040053,68.46153846153847,0
per_huruf_hybrid_skeleton_forced_loop_no_sig,5,4395,0.8155501948413434,188.68821119708696,68.38461538461539,188.68821119708696,68.38461538461539,0
per_huruf_hybrid_skeleton_forced_loop_no_sig,5,4396,0.8157357580256077,188.7660446062813,68.30769230769229,188.7660446062813,68.30769230769229,0
per_huruf_hybrid_skeleton_forced_loop_no_sig,5,4397,0.8159213212098719,188.8375056895767,68.23076923076923,188.8375056895767,68.23076923076923,0
per_huruf_hybrid_skeleton_forced_loop_no_sig,5,4398,0.8161068843941361,188.90122894856623,68.15384615384616,188.90122894856623,68.15384615384616,0
per_huruf_hybrid_skeleton_forced_loop_no_sig,5,4399,0.8162924475784004,188.95584888484296,68.07692307692308,188.95584888484296,68.07692307692308,0
per_huruf_hybrid_skeleton_forced_loop_no_sig,5,4400,0.8164780107626647,189.0,68.0,189.0,68.0,0
per_huruf_hybrid_skeleton_forced_loop_no_sig,5,4401,0.8166635739469289,189.03277196176606,67.92307692307693,189.03277196176606,67.92307692307693,0
per_huruf_hybrid_skeleton_forced_loop_no_sig,5,4402,0.8168491371311931,189.05507510241236,67.84615384615385,189.05507510241236,67.84615384615385,0
per_huruf_hybrid_skeleton_forced_loop_no_sig,5,4403,0.8170347003154573,189.06827492034589,67.76923076923076,189.06827492034589,67.76923076923076,0
per_huruf_hybrid_skeleton_forced_loop_no_sig,5,4404,0.8172202634997217,189.0737369139736,67.69230769230768,189.0737369139736,67.69230769230768,0
per_huruf_hybrid_skeleton_forced_loop_no_sig,5,4405,0.8174058266839859,189.07282658170234,67.61538461538463,189.07282658170234,67.61538461538463,0
per_huruf_hybrid_skeleton_forced_loop_no_sig,5,4406,0.8175913898682501,189.066909421939,67.53846153846155,189.066909421939,67.53846153846155,0
per_huruf_hybrid_skeleton_forced_loop_no_sig,5,4407,0.8177769530525143,189.05735093309056,67.46153846153845,189.05735093309056,67.46153846153845,0
per_huruf_hybrid_skeleton_forced_loop_no_sig,5,4408,0.8179625162367786,189.04551661356396,67.38461538461539,189.04551661356396,67.38461538461539,0
per_huruf_hybrid_skeleton_forced_loop_no_sig,5,4409,0.8181480794210428,189.03277196176603,67.3076923076923,189.03277196176603,67.3076923076923,0
per_huruf_hybrid_skeleton_forced_loop_no_sig,5,4410,0.818333642605307,189.02048247610378,67.23076923076923,189.02048247610378,67.23076923076923,0
per_huruf_hybrid_skeleton_forced_loop_no_sig,5,4411,0.8185192057895713,189.01001365498405,67.15384615384616,189.01001365498405,67.15384615384616,0
per_huruf_hybrid_skeleton_forced_loop_no_sig,5,4412,0.8187047689738356,189.00273099681382,67.07692307692308,189.00273099681382,67.07692307692308,0
per_huruf_hybrid_skeleton_forced_loop_no_sig,5,4413,0.8188903321580998,189.0,67.0,189.0,67.0,0
per_huruf_hybrid_skeleton_forced_loop_no_sig,5,4414,0.819075895342364,189.00273099681385,66.91215293582158,189.00273099681385,66.91215293582158,0
per_huruf_hybrid_skeleton_forced_loop_no_sig,5,4415,0.8192614585266282,189.01001365498408,66.80609922621758,189.01001365498408,66.80609922621758,0
per_huruf_hybrid_skeleton_forced_loop_no_sig,5,4416,0.8194470217108926,189.02048247610375,66.68730086481565,189.02048247610375,66.68730086481565,0
per_huruf_hybrid_skeleton_forced_loop_no_sig,5,4417,0.8196325848951568,189.032771961766,66.56121984524351,189.032771961766,66.56121984524351,0
per_huruf_hybrid_skeleton_forced_loop_no_sig,5,4418,0.819818148079421,189.04551661356396,66.43331816112882,189.04551661356396,66.43331816112882,0
per_huruf_hybrid_skeleton_forced_loop_no_sig,5,4419,0.8200037112636852,189.05735093309056,66.30905780609923,189.05735093309056,66.30905780609923,0
per_huruf_hybrid_skeleton_forced_loop_no_sig,5,4420,0.8201892744479495,189.066909421939,66.19390077378243,189.066909421939,66.19390077378243,0
per_huruf_hybrid_skeleton_forced_loop_no_sig,5,4421,0.8203748376322137,189.07282658170232,66.09330905780611,189.07282658170232,66.09330905780611,0
per_huruf_hybrid_skeleton_forced_loop_no_sig,5,4422,0.820560400816478,189.0737369139736,66.0127446517979,189.0737369139736,66.0127446517979,0
per_huruf_hybrid_skeleton_forced_loop_no_sig,5,4423,0.8207459640007422,189.0682749203459,65.95766954938551,189.0682749203459,65.95766954938551,0
per_huruf_hybrid_skeleton_forced_loop_no_sig,5,4424,0.8209315271850065,189.0550751024124,65.93354574419664,189.0550751024124,65.93354574419664,0
per_huruf_hybrid_skeleton_forced_loop_no_sig,5,4425,0.8211170903692707,189.03277196176603,65.9458352298589,189.03277196176603,65.9458352298589,0
per_huruf_hybrid_skeleton_forced_loop_no_sig,5,4426,0.8213026535535349,189.0,66.0,189.0,66.0,0
per_huruf_hybrid_skeleton_forced_loop_no_sig,5,4427,0.8214882167377991,188.95038689121532,66.10514337733274,188.95038689121532,66.10514337733274,0
per_huruf_hybrid_skeleton_forced_loop_no_sig,5,4428,0.8216737799220635,188.8812016385981,66.26126536185707,188.8812016385981,66.26126536185707,0
per_huruf_hybrid_skeleton_forced_loop_no_sig,5,4429,0.8218593431063277,188.7965407373691,66.46017296313153,188.7965407373691,66.46017296313153,0
per_huruf_hybrid_skeleton_forced_loop_no_sig,5,4430,0.8220449062905919,188.70050068274918,66.69367319071459,188.70050068274918,66.69367319071459,0
per_huruf_hybrid_skeleton_forced_loop_no_sig,5,4431,0.8222304694748561,188.59717796995906,66.95357305416478,188.59717796995906,66.95357305416478,0
per_huruf_hybrid_skeleton_forced_loop_no_sig,5,4432,0.8224160326591204,188.4906690942194,67.23167956304052,188.4906690942194,67.23167956304052,0
per_huruf_hybrid_skeleton_forced_loop_no_sig,5,4433,0.8226015958433847,188.38507055075104,67.51979972690032,188.38507055075104,67.51979972690032,0
per_huruf_hybrid_skeleton_forced_loop_no_sig,5,4434,0.8227871590276489,188.28447883477472,67.80974055530268,188.28447883477472,67.80974055530268,0
per_huruf_hybrid_skeleton_forced_loop_no_sig,5,4435,0.8229727222119131,188.19299044151117,68.0933090578061,188.19299044151117,68.0933090578061,0
per_huruf_hybrid_skeleton_forced_loop_no_sig,5,4436,0.8231582853961774,188.11470186618112,68.36231224396903,188.11470186618112,68.36231224396903,0
per_huruf_hybrid_skeleton_forced_loop_no_sig,5,4437,0.8233438485804416,188.05370960400546,68.60855712335002,188.05370960400546,68.60855712335002,0
per_huruf_hybrid_skeleton_forced_loop_no_sig,5,4438,0.8235294117647058,188.0141101502048,68.82385070550751,188.0141101502048,68.82385070550751,0
per_huruf_hybrid_skeleton_forced_loop_no_sig,5,4439,0.8237149749489701,188.0,69.0,188.0,69.0,0
per_huruf_hybrid_skeleton_forced_loop_no_sig,5,4440,0.8239005381332343,188.011379153391,69.14246700045517,188.011379153391,69.14246700045517,0
per_huruf_hybrid_skeleton_forced_loop_no_sig,5,4441,0.8240861013174986,188.0436959490214,69.26399635867092,188.0436959490214,69.26399635867092,0
per_huruf_hybrid_skeleton_forced_loop_no_sig,5,4442,0.8242716645017628,188.09421939007737,69.36731907146107,188.09421939007737,69.36731907146107,0
per_huruf_hybrid_skeleton_forced_loop_no_sig,5,4443,0.824457227686027,188.16021847974508,69.4551661356395,188.16021847974508,69.4551661356395,0
per_huruf_hybrid_skeleton_forced_loop_no_sig,5,4444,0.8246427908702912,188.23896222121078,69.53026854802003,188.23896222121078,69.53026854802003,0
per_huruf_hybrid_skeleton_forced_loop_no_sig,5,4445,0.8248283540545556,188.32771961766042,69.59535730541648,188.32771961766042,69.59535730541648,0
per_huruf_hybrid_skeleton_forced_loop_no_sig,5,4446,0.8250139172388198,188.42375967228037,69.6531634046427,188.42375967228037,69.6531634046427,0
per_huruf_hybrid_skeleton_forced_loop_no_sig,5,4447,0.825199480423084,188.52435138825672,69.70641784251252,188.52435138825672,69.70641784251252,0
per_huruf_hybrid_skeleton_forced_loop_no_sig,5,4448,0.8253850436073482,188.6267637687756,69.75785161583978,188.6267637687756,69.75785161583978,0
per_huruf_hybrid_skeleton_forced_loop_no_sig,5,4449,0.8255706067916125,188.7282658170232,69.81019572143832,188.7282658170232,69.81019572143832,0
per_huruf_hybrid_skeleton_forced_loop_no_sig,5,4450,0.8257561699758768,188.8261265361857,69.866181156122,188.8261265361857,69.866181156122,0
per_huruf_hybrid_skeleton_forced_loop_no_sig,5,4451,0.825941733160141,188.91761492944926,69.9285389167046,188.91761492944926,69.9285389167046,0
per_huruf_hybrid_skeleton_forced_loop_no_sig,5,4452,0.8261272963444052,189.0,70.0,189.0,70.0,0
per_huruf_hybrid_skeleton_forced_loop_no_sig,5,4453,0.8263128595286695,189.07965407373692,70.0769230769231,189.07965407373692,70.0769230769231,0
per_huruf_hybrid_skeleton_forced_loop_no_sig,5,4454,0.8264984227129337,189.16385980883024,70.15384615384615,189.16385980883024,70.15384615384615,0
per_huruf_hybrid_skeleton_forced_loop_no_sig,5,4455,0.8266839858971979,189.25125170687298,70.23076923076921,189.25125170687298,70.23076923076921,0
per_huruf_hybrid_skeleton_forced_loop_no_sig,5,4456,0.8268695490814622,189.34046426945832,70.3076923076923,189.34046426945832,70.3076923076923,0
per_huruf_hybrid_skeleton_forced_loop_no_sig,5,4457,0.8270551122657265,189.43013199817935,70.38461538461539,189.43013199817935,70.38461538461539,0
per_huruf_hybrid_skeleton_forced_loop_no_sig,5,4458,0.8272406754499907,189.51888939462904,70.46153846153848,189.51888939462904,70.46153846153848,0
per_huruf_hybrid_skeleton_forced_loop_no_sig,5,4459,0.8274262386342549,189.60537096040053,70.53846153846155,189.60537096040053,70.53846153846155,0
per_huruf_hybrid_skeleton_forced_loop_no_sig,5,4460,0.8276118018185191,189.68821119708696,70.61538461538461,189.68821119708696,70.61538461538461,0
per_huruf_hybrid_skeleton_forced_loop_no_sig,5,4461,0.8277973650027834,189.7660446062813,70.6923076923077,189.7660446062813,70.6923076923077,0
per_huruf_hybrid_skeleton_forced_loop_no_sig,5,4462,0.8279829281870477,189.8375056895767,70.76923076923077,189.8375056895767,70.76923076923077,0
per_huruf_hybrid_skeleton_forced_loop_no_sig,5,4463,0.8281684913713119,189.90122894856623,70.84615384615385,189.90122894856623,70.84615384615385,0
per_huruf_hybrid_skeleton_forced_loop_no_sig,5,4464,0.8283540545555761,189.95584888484296,70.92307692307692,189.95584888484296,70.92307692307692,0
per_huruf_hybrid_skeleton_forced_loop_no_sig,5,4465,0.8285396177398404,190.0,71.0,190.0,71.0,0
per_huruf_hybrid_skeleton_forced_loop_no_sig,5,4466,0.8287251809241046,190.03004096495224,71.07692307692308,190.03004096495224,71.07692307692308,0
per_huruf_hybrid_skeleton_forced_loop_no_sig,5,4467,0.8289107441083688,190.04506144742834,71.15384615384616,190.04506144742834,71.15384615384616,0
per_huruf_hybrid_skeleton_forced_loop_no_sig,5,4468,0.8290963072926331,190.0477924442421,71.23076923076921,190.0477924442421,71.23076923076921,0
per_huruf_hybrid_skeleton_forced_loop_no_sig,5,4469,0.8292818704768974,190.04096495220753,71.3076923076923,190.04096495220753,71.3076923076923,0
per_huruf_hybrid_skeleton_forced_loop_no_sig,5,4470,0.8294674336611616,190.02730996813838,71.38461538461539,190.02730996813838,71.38461538461539,0
per_huruf_hybrid_skeleton_forced_loop_no_sig,5,4471,0.8296529968454258,190.00955848884846,71.46153846153847,190.00955848884846,71.46153846153847,0
per_huruf_hybrid_skeleton_forced_loop_no_sig,5,4472,0.82983856002969,189.99044151115157,71.53846153846153,189.99044151115157,71.53846153846153,0
per_huruf_hybrid_skeleton_forced_loop_no_sig,5,4473,0.8300241232139544,189.97269003186165,71.61538461538461,189.97269003186165,71.61538461538461,0
per_huruf_hybrid_skeleton_forced_loop_no_sig,5,4474,0.8302096863982186,189.95903504779244,71.6923076923077,189.95903504779244,71.6923076923077,0
per_huruf_hybrid_skeleton_forced_loop_no_sig,5,4475,0.8303952495824828,189.95220755575784,71.76923076923077,189.95220755575784,71.76923076923077,0
per_huruf_hybrid_skeleton_forced_loop_no_sig,5,4476,0.830580812766747,189.9549385525717,71.84615384615385,189.9549385525717,71.84615384615385,0
per_huruf_hybrid_skeleton_forced_loop_no_sig,5,4477,0.8307663759510113,189.9699590350478,71.92307692307692,189.9699590350478,71.92307692307692,0
per_huruf_hybrid_skeleton_forced_loop_no_sig,5,4478,0.8309519391352755,190.0,72.0,190.0,72.0,0
per_huruf_hybrid_skeleton_forced_loop_no_sig,5,4479,0.8311375023195398,190.04688211197092,72.07692307692308,190.04688211197092,72.07692307692308,0
per_huruf_hybrid_skeleton_forced_loop_no_sig,5,4480,0.831323065503804,190.10878470641785,72.15384615384616,190.10878470641785,72.15384615384616,0
per_huruf_hybrid_skeleton_forced_loop_no_sig,5,4481,0.8315086286880683,190.18297678652706,72.23076923076923,190.18297678652706,72.23076923076923,0
per_huruf_hybrid_skeleton_forced_loop_no_sig,5,4482,0.8316941918723325,190.26672735548473,72.30769230769229,190.26672735548473,72.30769230769229,0
per_huruf_hybrid_skeleton_forced_loop_no_sig,5,4483,0.8318797550565967,190.35730541647703,72.38461538461539,190.35730541647703,72.38461538461539,0
per_huruf_hybrid_skeleton_forced_loop_no_sig,5,4484,0.8320653182408609,190.45197997269008,72.46153846153845,190.45197997269008,72.46153846153845,0
per_huruf_hybrid_skeleton_forced_loop_no_sig,5,4485,0.8322508814251253,190.54802002730997,72.53846153846153,190.54802002730997,72.53846153846153,0
per_huruf_hybrid_skeleton_forced_loop_no_sig,5,4486,0.8324364446093895,190.642694583523,72.61538461538461,190.642694583523,72.61538461538461,0
per_huruf_hybrid_skeleton_forced_loop_no_sig,5,4487,0.8326220077936537,190.73327264451524,72.69230769230768,190.73327264451524,72.69230769230768,0
per_huruf_hybrid_skeleton_forced_loop_no_sig,5,4488,0.8328075709779179,190.8170232134729,72.76923076923077,190.8170232134729,72.76923076923077,0
per_huruf_hybrid_skeleton_forced_loop_no_sig,5,4489,0.8329931341621822,190.89121529358215,72.84615384615384,190.89121529358215,72.84615384615384,0
per_huruf_hybrid_skeleton_forced_loop_no_sig,5,4490,0.8331786973464465,190.95311788802914,72.92307692307692,190.95311788802914,72.92307692307692,0
per_huruf_hybrid_skeleton_forced_loop_no_sig,5,4491,0.8333642605307107,191.0,73.0,191.0,73.0,0
per_huruf_hybrid_skeleton_forced_loop_no_sig,5,4492,0.8335498237149749,191.03004096495224,73.07692307692308,191.03004096495224,73.07692307692308,0
per_huruf_hybrid_skeleton_forced_loop_no_sig,5,4493,0.8337353868992392,191.04506144742834,73.15384615384615,191.04506144742834,73.15384615384615,0
per_huruf_hybrid_skeleton_forced_loop_no_sig,5,4494,0.8339209500835034,191.04779244424213,73.23076923076923,191.04779244424213,73.23076923076923,0
per_huruf_hybrid_skeleton_forced_loop_no_sig,5,4495,0.8341065132677676,191.04096495220753,73.3076923076923,191.04096495220753,73.3076923076923,0
per_huruf_hybrid_skeleton_forced_loop_no_sig,5,4496,0.8342920764520318,191.0273099681384,73.38461538461539,191.0273099681384,73.38461538461539,0
per_huruf_hybrid_skeleton_forced_loop_no_sig,5,4497,0.8344776396362961,191.00955848884843,73.46153846153847,191.00955848884843,73.46153846153847,0
per_huruf_hybrid_skeleton_forced_loop_no_sig,5,4498,0.8346632028205604,190.99044151115157,73.53846153846155,190.99044151115157,73.53846153846155,0
per_huruf_hybrid_skeleton_forced_loop_no_sig,5,4499,0.8348487660048246,190.97269003186165,73.61538461538461,190.97269003186165,73.61538461538461,0
per_huruf_hybrid_skeleton_forced_loop_no_sig,5,4500,0.8350343291890888,190.95903504779244,73.6923076923077,190.95903504779244,73.6923076923077,0
per_huruf_hybrid_skeleton_forced_loop_no_sig,5,4501,0.835219892373353,190.95220755575787,73.76923076923077,190.95220755575787,73.76923076923077,0
per_huruf_hybrid_skeleton_forced_loop_no_sig,5,4502,0.8354054555576174,190.9549385525717,73.84615384615384,190.9549385525717,73.84615384615384,0
per_huruf_hybrid_skeleton_forced_loop_no_sig,5,4503,0.8355910187418816,190.9699590350478,73.92307692307692,190.9699590350478,73.92307692307692,0
per_huruf_hybrid_skeleton_forced_loop_no_sig,5,4504,0.8357765819261458,191.0,74.0,191.0,74.0,0
per_huruf_hybrid_skeleton_forced_loop_no_sig,5,4505,0.83596214511041,191.04688211197092,74.07692307692308,191.04688211197092,74.07692307692308,0
per_huruf_hybrid_skeleton_forced_loop_no_sig,5,4506,0.8361477082946743,191.10878470641785,74.15384615384615,191.10878470641785,74.15384615384615,0
per_huruf_hybrid_skeleton_forced_loop_no_sig,5,4507,0.8363332714789385,191.18297678652704,74.23076923076923,191.18297678652704,74.23076923076923,0
per_huruf_hybrid_skeleton_forced_loop_no_sig,5,4508,0.8365188346632028,191.26672735548473,74.30769230769229,191.26672735548473,74.30769230769229,0
per_huruf_hybrid_skeleton_forced_loop_no_sig,5,4509,0.836704397847467,191.35730541647706,74.3846153846154,191.35730541647706,74.3846153846154,0
per_huruf_hybrid_skeleton_forced_loop_no_sig,5,4510,0.8368899610317313,191.45197997269003,74.46153846153847,191.45197997269003,74.46153846153847,0
per_huruf_hybrid_skeleton_forced_loop_no_sig,5,4511,0.8370755242159955,191.54802002730997,74.53846153846153,191.54802002730997,74.53846153846153,0
per_huruf_hybrid_skeleton_forced_loop_no_sig,5,4512,0.8372610874002597,191.642694583523,74.61538461538461,191.642694583523,74.61538461538461,0
per_huruf_hybrid_skeleton_forced_loop_no_sig,5,4513,0.8374466505845239,191.73327264451524,74.6923076923077,191.73327264451524,74.6923076923077,0
per_huruf_hybrid_skeleton_forced_loop_no_sig,5,4514,0.8376322137687883,191.8170232134729,74.76923076923077,191.8170232134729,74.76923076923077,0
per_huruf_hybrid_skeleton_forced_loop_no_sig,5,4515,0.8378177769530525,191.89121529358215,74.84615384615384,191.89121529358215,74.84615384615384,0
per_huruf_hybrid_skeleton_forced_loop_no_sig,5,4516,0.8380033401373167,191.9531178880291,74.92307692307692,191.9531178880291,74.92307692307692,0
per_huruf_hybrid_skeleton_forced_loop_no_sig,5,4517,0.8381889033215809,192.0,75.0,192.0,75.0,0
per_huruf_hybrid_skeleton_forced_loop_no_sig,5,4518,0.8383744665058452,192.03277196176606,75.07692307692308,192.03277196176606,75.07692307692308,0
per_huruf_hybrid_skeleton_forced_loop_no_sig,5,4519,0.8385600296901095,192.05507510241236,75.15384615384616,192.05507510241236,75.15384615384616,0
per_huruf_hybrid_skeleton_forced_loop_no_sig,5,4520,0.8387455928743737,192.06827492034589,75.23076923076923,192.06827492034589,75.23076923076923,0
per_huruf_hybrid_skeleton_forced_loop_no_sig,5,4521,0.8389311560586379,192.0737369139736,75.3076923076923,192.0737369139736,75.3076923076923,0
per_huruf_hybrid_skeleton_forced_loop_no_sig,5,4522,0.8391167192429022,192.07282658170234,75.3846153846154,192.07282658170234,75.3846153846154,0
per_huruf_hybrid_skeleton_forced_loop_no_sig,5,4523,0.8393022824271664,192.06690942193902,75.46153846153847,192.06690942193902,75.46153846153847,0
per_huruf_hybrid_skeleton_forced_loop_no_sig,5,4524,0.8394878456114306,192.05735093309056,75.53846153846153,192.05735093309056,75.53846153846153,0
per_huruf_hybrid_skeleton_forced_loop_no_sig,5,4525,0.8396734087956949,192.04551661356396,75.61538461538461,192.04551661356396,75.61538461538461,0
per_huruf_hybrid_skeleton_forced_loop_no_sig,5,4526,0.8398589719799592,192.03277196176603,75.6923076923077,192.03277196176603,75.6923076923077,0
per_huruf_hybrid_skeleton_forced_loop_no_sig,5,4527,0.8400445351642234,192.02048247610378,75.76923076923077,192.02048247610378,75.76923076923077,0
per_huruf_hybrid_skeleton_forced_loop_no_sig,5,4528,0.8402300983484876,192.01001365498408,75.84615384615384,192.01001365498408,75.84615384615384,0
per_huruf_hybrid_skeleton_forced_loop_no_sig,5,4529,0.8404156615327518,192.00273099681382,75.92307692307692,192.00273099681382,75.92307692307692,0
per_huruf_hybrid_skeleton_forced_loop_no_sig,5,4530,0.8406012247170161,192.0,76.0,192.0,76.0,0
per_huruf_hybrid_skeleton_forced_loop_no_sig,5,4531,0.8407867879012804,191.9972690031862,76.0769230769231,191.9972690031862,76.0769230769231,0
per_huruf_hybrid_skeleton_forced_loop_no_sig,5,4532,0.8409723510855446,191.98998634501595,76.15384615384616,191.98998634501595,76.15384615384616,0
per_huruf_hybrid_skeleton_forced_loop_no_sig,5,4533,0.8411579142698088,191.9795175238962,76.23076923076921,191.9795175238962,76.23076923076921,0
per_huruf_hybrid_skeleton_forced_loop_no_sig,5,4534,0.8413434774540731,191.96722803823394,76.30769230769229,191.96722803823394,76.30769230769229,0
per_huruf_hybrid_skeleton_forced_loop_no_sig,5,4535,0.8415290406383373,191.9544833864361,76.3846153846154,191.9544833864361,76.3846153846154,0
per_huruf_hybrid_skeleton_forced_loop_no_sig,5,4536,0.8417146038226015,191.94264906690944,76.46153846153847,191.94264906690944,76.46153846153847,0
per_huruf_hybrid_skeleton_forced_loop_no_sig,5,4537,0.8419001670068658,191.933090578061,76.53846153846155,191.933090578061,76.53846153846155,0
per_huruf_hybrid_skeleton_forced_loop_no_sig,5,4538,0.8420857301911301,191.92717341829768,76.61538461538461,191.92717341829768,76.61538461538461,0
per_huruf_hybrid_skeleton_forced_loop_no_sig,5,4539,0.8422712933753943,191.9262630860264,76.6923076923077,191.9262630860264,76.6923076923077,0
per_huruf_hybrid_skeleton_forced_loop_no_sig,5,4540,0.8424568565596585,191.9317250796541,76.76923076923077,191.9317250796541,76.76923076923077,0
per_huruf_hybrid_skeleton_forced_loop_no_sig,5,4541,0.8426424197439227,191.9449248975876,76.84615384615384,191.9449248975876,76.84615384615384,0
per_huruf_hybrid_skeleton_forced_loop_no_sig,5,4542,0.8428279829281871,191.96722803823394,76.92307692307692,191.96722803823394,76.92307692307692,0
per_huruf_hybrid_skeleton_forced_loop_no_sig,5,4543,0.8430135461124513,192.0,77.0,192.0,77.0,0
per_huruf_hybrid_skeleton_forced_loop_no_sig,5,4544,0.8431991092967155,192.04415111515704,77.07692307692308,192.04415111515704,77.07692307692308,0
per_huruf_hybrid_skeleton_forced_loop_no_sig,5,4545,0.8433846724809797,192.09877105143377,77.15384615384616,192.09877105143377,77.15384615384616,0
per_huruf_hybrid_skeleton_forced_loop_no_sig,5,4546,0.843570235665244,192.16249431042328,77.23076923076923,192.16249431042328,77.23076923076923,0
per_huruf_hybrid_skeleton_forced_loop_no_sig,5,4547,0.8437557988495082,192.2339553937187,77.30769230769229,192.2339553937187,77.30769230769229,0
per_huruf_hybrid_skeleton_forced_loop_no_sig,5,4548,0.8439413620337725,192.3117888029131,77.3846153846154,192.3117888029131,77.3846153846154,0
per_huruf_hybrid_skeleton_forced_loop_no_sig,5,4549,0.8441269252180367,192.39462903959947,77.46153846153847,192.39462903959947,77.46153846153847,0
per_huruf_hybrid_skeleton_forced_loop_no_sig,5,4550,0.844312488402301,192.48111060537096,77.53846153846155,192.48111060537096,77.53846153846155,0
per_huruf_hybrid_skeleton_forced_loop_no_sig,5,4551,0.8444980515865652,192.56986800182068,77.61538461538461,192.56986800182068,77.61538461538461,0
per_huruf_hybrid_skeleton_forced_loop_no_sig,5,4552,0.8446836147708294,192.65953573054165,77.6923076923077,192.65953573054165,77.6923076923077,0
per_huruf_hybrid_skeleton_forced_loop_no_sig,5,4553,0.8448691779550936,192.74874829312697,77.76923076923077,192.74874829312697,77.76923076923077,0
per_huruf_hybrid_skeleton_forced_loop_no_sig,5,4554,0.8450547411393579,192.83614019116976,77.84615384615385,192.83614019116976,77.84615384615385,0
per_huruf_hybrid_skeleton_forced_loop_no_sig,5,4555,0.8452403043236222,192.92034592626308,77.92307692307692,192.92034592626308,77.92307692307692,0
per_huruf_hybrid_skeleton_forced_loop_no_sig,5,4556,0.8454258675078864,193.0,78.0,193.0,78.0,0
per_huruf_hybrid_skeleton_forced_loop_no_sig,5,4557,0.8456114306921506,193.07692307692312,78.0769230769231,193.07692307692312,78.0769230769231,0
per_huruf_hybrid_skeleton_forced_loop_no_sig,5,4558,0.8457969938764148,193.15384615384616,78.15384615384615,193.15384615384616,78.15384615384615,0
per_huruf_hybrid_skeleton_forced_loop_no_sig,5,4559,0.8459825570606792,193.2307692307692,78.23076923076921,193.2307692307692,78.23076923076921,0
per_huruf_hybrid_skeleton_forced_loop_no_sig,5,4560,0.8461681202449434,193.3076923076923,78.3076923076923,193.3076923076923,78.3076923076923,0
per_huruf_hybrid_skeleton_forced_loop_no_sig,5,4561,0.8463536834292076,193.38461538461542,78.3846153846154,193.38461538461542,78.3846153846154,0
per_huruf_hybrid_skeleton_forced_loop_no_sig,5,4562,0.8465392466134718,193.46153846153848,78.46153846153847,193.46153846153848,78.46153846153847,0
per_huruf_hybrid_skeleton_forced_loop_no_sig,5,4563,0.8467248097977361,193.53846153846155,78.53846153846153,193.53846153846155,78.53846153846153,0
per_huruf_hybrid_skeleton_forced_loop_no_sig,5,4564,0.8469103729820003,193.6153846153846,78.61538461538461,193.6153846153846,78.61538461538461,0
per_huruf_hybrid_skeleton_forced_loop_no_sig,5,4565,0.8470959361662646,193.69230769230768,78.6923076923077,193.69230769230768,78.6923076923077,0
per_huruf_hybrid_skeleton_forced_loop_no_sig,5,4566,0.8472814993505288,193.76923076923075,78.76923076923077,193.76923076923075,78.76923076923077,0
per_huruf_hybrid_skeleton_forced_loop_no_sig,5,4567,0.8474670625347931,193.84615384615387,78.84615384615384,193.84615384615387,78.84615384615384,0
per_huruf_hybrid_skeleton_forced_loop_no_sig,5,4568,0.8476526257190573,193.92307692307693,78.92307692307692,193.92307692307693,78.92307692307692,0
per_huruf_hybrid_skeleton_forced_loop_no_sig,5,4569,0.8478381889033215,194.0,79.0,194.0,79.0,0
per_huruf_hybrid_skeleton_forced_loop_no_sig,5,4570,0.8480237520875857,194.0769230769231,79.07692307692308,194.0769230769231,79.07692307692308,0
per_huruf_hybrid_skeleton_forced_loop_no_sig,5,4571,0.8482093152718501,194.1538461538462,79.15384615384617,194.1538461538462,79.15384615384617,0
per_huruf_hybrid_skeleton_forced_loop_no_sig,5,4572,0.8483948784561143,194.2307692307692,79.23076923076921,194.2307692307692,79.23076923076921,0
per_huruf_hybrid_skeleton_forced_loop_no_sig,5,4573,0.8485804416403785,194.30769230769232,79.3076923076923,194.30769230769232,79.3076923076923,0
per_huruf_hybrid_skeleton_forced_loop_no_sig,5,4574,0.8487660048246427,194.3846153846154,79.3846153846154,194.3846153846154,79.3846153846154,0
per_huruf_hybrid_skeleton_forced_loop_no_sig,5,4575,0.848951568008907,194.46153846153848,79.46153846153847,194.46153846153848,79.46153846153847,0
per_huruf_hybrid_skeleton_forced_loop_no_sig,5,4576,0.8491371311931712,194.53846153846155,79.53846153846155,194.53846153846155,79.53846153846155,0
per_huruf_hybrid_skeleton_forced_loop_no_sig,5,4577,0.8493226943774355,194.61538461538464,79.61538461538463,194.61538461538464,79.61538461538463,0
per_huruf_hybrid_skeleton_forced_loop_no_sig,5,4578,0.8495082575616997,194.69230769230765,79.69230769230768,194.69230769230765,79.69230769230768,0
per_huruf_hybrid_skeleton_forced_loop_no_sig,5,4579,0.849693820745964,194.76923076923075,79.76923076923077,194.76923076923075,79.76923076923077,0
per_huruf_hybrid_skeleton_forced_loop_no_sig,5,4580,0.8498793839302282,194.84615384615387,79.84615384615384,194.84615384615387,79.84615384615384,0
per_huruf_hybrid_skeleton_forced_loop_no_sig,5,4581,0.8500649471144924,194.9230769230769,79.92307692307692,194.9230769230769,79.92307692307692,0
per_huruf_hybrid_skeleton_forced_loop_no_sig,5,4582,0.8502505102987566,195.0,80.0,195.0,80.0,0
per_huruf_hybrid_skeleton_forced_loop_no_sig,5,4583,0.850436073483021,195.0769230769231,80.07965407373692,195.0769230769231,80.07965407373692,0
per_huruf_hybrid_skeleton_forced_loop_no_sig,5,4584,0.8506216366672852,195.15384615384616,80.16385980883022,195.15384615384616,80.16385980883022,0
per_huruf_hybrid_skeleton_forced_loop_no_sig,5,4585,0.8508071998515494,195.2307692307692,80.25125170687299,195.2307692307692,80.25125170687299,0
per_huruf_hybrid_skeleton_forced_loop_no_sig,5,4586,0.8509927630358136,195.30769230769226,80.34046426945834,195.30769230769226,80.34046426945834,0
per_huruf_hybrid_skeleton_forced_loop_no_sig,5,4587,0.8511783262200779,195.38461538461542,80.43013199817933,195.38461538461542,80.43013199817933,0
per_huruf_hybrid_skeleton_forced_loop_no_sig,5,4588,0.8513638894043422,195.46153846153845,80.51888939462904,195.46153846153845,80.51888939462904,0
per_huruf_hybrid_skeleton_forced_loop_no_sig,5,4589,0.8515494525886064,195.53846153846155,80.60537096040053,195.53846153846155,80.60537096040053,0
per_huruf_hybrid_skeleton_forced_loop_no_sig,5,4590,0.8517350157728706,195.6153846153846,80.68821119708694,195.6153846153846,80.68821119708694,0
per_huruf_hybrid_skeleton_forced_loop_no_sig,5,4591,0.8519205789571349,195.69230769230768,80.76604460628128,195.69230769230768,80.76604460628128,0
per_huruf_hybrid_skeleton_forced_loop_no_sig,5,4592,0.8521061421413991,195.76923076923075,80.83750568957669,195.76923076923075,80.83750568957669,0
per_huruf_hybrid_skeleton_forced_loop_no_sig,5,4593,0.8522917053256633,195.84615384615384,80.90122894856623,195.84615384615384,80.90122894856623,0
per_huruf_hybrid_skeleton_forced_loop_no_sig,5,4594,0.8524772685099276,195.9230769230769,80.95584888484296,195.9230769230769,80.95584888484296,0
per_huruf_hybrid_skeleton_forced_loop_no_sig,5,4595,0.8526628316941919,196.0,81.0,196.0,81.0,0
per_huruf_hybrid_skeleton_forced_loop_no_sig,5,4596,0.8528483948784561,196.07692307692312,81.03277196176606,196.07692307692312,81.03277196176606,0
per_huruf_hybrid_skeleton_forced_loop_no_sig,5,4597,0.8530339580627203,196.15384615384616,81.05507510241237,196.15384615384616,81.05507510241237,0
per_huruf_hybrid_skeleton_forced_loop_no_sig,5,4598,0.8532195212469845,196.2307692307692,81.06827492034591,196.2307692307692,81.06827492034591,0
per_huruf_hybrid_skeleton_forced_loop_no_sig,5,4599,0.8534050844312489,196.30769230769226,81.07373691397359,196.30769230769226,81.07373691397359,0
per_huruf_hybrid_skeleton_forced_loop_no_sig,5,4600,0.8535906476155131,196.38461538461542,81.07282658170233,196.38461538461542,81.07282658170233,0
per_huruf_hybrid_skeleton_forced_loop_no_sig,5,4601,0.8537762107997773,196.46153846153848,81.06690942193902,196.46153846153848,81.06690942193902,0
per_huruf_hybrid_skeleton_forced_loop_no_sig,5,4602,0.8539617739840415,196.53846153846155,81.05735093309059,196.53846153846155,81.05735093309059,0
per_huruf_hybrid_skeleton_forced_loop_no_sig,5,4603,0.8541473371683058,196.6153846153846,81.04551661356396,196.6153846153846,81.04551661356396,0
per_huruf_hybrid_skeleton_forced_loop_no_sig,5,4604,0.85433290035257,196.69230769230768,81.03277196176604,196.69230769230768,81.03277196176604,0
per_huruf_hybrid_skeleton_forced_loop_no_sig,5,4605,0.8545184635368342,196.76923076923075,81.02048247610377,196.76923076923075,81.02048247610377,0
per_huruf_hybrid_skeleton_forced_loop_no_sig,5,4606,0.8547040267210985,196.84615384615387,81.01001365498408,196.84615384615387,81.01001365498408,0
per_huruf_hybrid_skeleton_forced_loop_no_sig,5,4607,0.8548895899053628,196.9230769230769,81.00273099681384,196.9230769230769,81.00273099681384,0
per_huruf_hybrid_skeleton_forced_loop_no_sig,5,4608,0.855075153089627,197.0,81.0,197.0,81.0,0
per_huruf_hybrid_skeleton_forced_loop_no_sig,5,4609,0.8552607162738912,197.07692307692312,80.99726900318618,197.07692307692312,80.99726900318618,0
per_huruf_hybrid_skeleton_forced_loop_no_sig,5,4610,0.8554462794581554,197.1538461538462,80.98998634501594,197.1538461538462,80.98998634501594,0
per_huruf_hybrid_skeleton_forced_loop_no_sig,5,4611,0.8556318426424196,197.2307692307692,80.9795175238962,197.2307692307692,80.9795175238962,0
per_huruf_hybrid_skeleton_forced_loop_no_sig,5,4612,0.855817405826684,197.30769230769226,80.96722803823394,197.30769230769226,80.96722803823394,0
per_huruf_hybrid_skeleton_forced_loop_no_sig,5,4613,0.8560029690109482,197.38461538461542,80.95448338643605,197.38461538461542,80.95448338643605,0
per_huruf_hybrid_skeleton_forced_loop_no_sig,5,4614,0.8561885321952124,197.46153846153848,80.94264906690944,197.46153846153848,80.94264906690944,0
per_huruf_hybrid_skeleton_forced_loop_no_sig,5,4615,0.8563740953794766,197.53846153846152,80.93309057806098,197.53846153846152,80.93309057806098,0
per_huruf_hybrid_skeleton_forced_loop_no_sig,5,4616,0.8565596585637409,197.6153846153846,80.92717341829768,197.6153846153846,80.92717341829768,0
per_huruf_hybrid_skeleton_forced_loop_no_sig,5,4617,0.8567452217480052,197.69230769230768,80.9262630860264,197.69230769230768,80.9262630860264,0
per_huruf_hybrid_skeleton_forced_loop_no_sig,5,4618,0.8569307849322694,197.76923076923075,80.93172507965406,197.76923076923075,80.93172507965406,0
per_huruf_hybrid_skeleton_forced_loop_no_sig,5,4619,0.8571163481165336,197.84615384615387,80.94492489758761,197.84615384615387,80.94492489758761,0
per_huruf_hybrid_skeleton_forced_loop_no_sig,5,4620,0.8573019113007979,197.9230769230769,80.96722803823396,197.9230769230769,80.96722803823396,0
per_huruf_hybrid_skeleton_forced_loop_no_sig,5,4621,0.8574874744850621,198.0,81.0,198.0,81.0,0
per_huruf_hybrid_skeleton_forced_loop_no_sig,5,4622,0.8576730376693263,198.07692307692312,81.04688211197089,198.07692307692312,81.04688211197089,0
per_huruf_hybrid_skeleton_forced_loop_no_sig,5,4623,0.8578586008535906,198.15384615384613,81.10878470641784,198.15384615384613,81.10878470641784,0
per_huruf_hybrid_skeleton_forced_loop_no_sig,5,4624,0.8580441640378549,198.23076923076923,81.18297678652708,198.23076923076923,81.18297678652708,0
per_huruf_hybrid_skeleton_forced_loop_no_sig,5,4625,0.8582297272221191,198.3076923076923,81.26672735548473,198.3076923076923,81.26672735548473,0
per_huruf_hybrid_skeleton_forced_loop_no_sig,5,4626,0.8584152904063833,198.38461538461542,81.35730541647702,198.38461538461542,81.35730541647702,0
per_huruf_hybrid_skeleton_forced_loop_no_sig,5,4627,0.8586008535906475,198.46153846153848,81.45197997269004,198.46153846153848,81.45197997269004,0
per_huruf_hybrid_skeleton_forced_loop_no_sig,5,4628,0.8587864167749119,198.53846153846152,81.54802002730996,198.53846153846152,81.54802002730996,0
per_huruf_hybrid_skeleton_forced_loop_no_sig,5,4629,0.8589719799591761,198.6153846153846,81.642694583523,198.6153846153846,81.642694583523,0
per_huruf_hybrid_skeleton_forced_loop_no_sig,5,4630,0.8591575431434403,198.69230769230768,81.73327264451524,198.69230769230768,81.73327264451524,0
per_huruf_hybrid_skeleton_forced_loop_no_sig,5,4631,0.8593431063277045,198.76923076923075,81.81702321347291,198.76923076923075,81.81702321347291,0
per_huruf_hybrid_skeleton_forced_loop_no_sig,5,4632,0.8595286695119688,198.84615384615384,81.89121529358215,198.84615384615384,81.89121529358215,0
per_huruf_hybrid_skeleton_forced_loop_no_sig,5,4633,0.859714232696233,198.9230769230769,81.95311788802913,198.9230769230769,81.95311788802913,0
per_huruf_hybrid_skeleton_forced_loop_no_sig,5,4634,0.8598997958804973,199.0,82.0,199.0,82.0,0
per_huruf_hybrid_skeleton_forced_loop_no_sig,5,4635,0.8600853590647615,199.07692307692307,82.03277196176606,199.07692307692307,82.03277196176606,0
per_huruf_hybrid_skeleton_forced_loop_no_sig,5,4636,0.8602709222490258,199.15384615384616,82.05507510241239,199.15384615384616,82.05507510241239,0
per_huruf_hybrid_skeleton_forced_loop_no_sig,5,4637,0.86045648543329,199.2307692307692,82.06827492034593,199.2307692307692,82.06827492034593,0
per_huruf_hybrid_skeleton_forced_loop_no_sig,5,4638,0.8606420486175542,199.3076923076923,82.07373691397359,199.3076923076923,82.07373691397359,0
per_huruf_hybrid_skeleton_forced_loop_no_sig,5,4639,0.8608276118018184,199.38461538461542,82.07282658170233,199.38461538461542,82.07282658170233,0
per_huruf_hybrid_skeleton_forced_loop_no_sig,5,4640,0.8610131749860828,199.46153846153848,82.06690942193902,199.46153846153848,82.06690942193902,0
per_huruf_hybrid_skeleton_forced_loop_no_sig,5,4641,0.861198738170347,199.53846153846152,82.05735093309058,199.53846153846152,82.05735093309058,0
per_huruf_hybrid_skeleton_forced_loop_no_sig,5,4642,0.8613843013546112,199.6153846153846,82.04551661356396,199.6153846153846,82.04551661356396,0
per_huruf_hybrid_skeleton_forced_loop_no_sig,5,4643,0.8615698645388754,199.69230769230768,82.03277196176604,199.69230769230768,82.03277196176604,0
per_huruf_hybrid_skeleton_forced_loop_no_sig,5,4644,0.8617554277231397,199.76923076923075,82.02048247610377,199.76923076923075,82.02048247610377,0
per_huruf_hybrid_skeleton_forced_loop_no_sig,5,4645,0.861940990907404,199.84615384615387,82.01001365498408,199.84615384615387,82.01001365498408,0
per_huruf_hybrid_skeleton_forced_loop_no_sig,5,4646,0.8621265540916682,199.9230769230769,82.00273099681382,199.9230769230769,82.00273099681382,0
per_huruf_hybrid_skeleton_forced_loop_no_sig,5,4647,0.8623121172759324,200.0,82.0,200.0,82.0,0
per_huruf_hybrid_skeleton_forced_loop_no_sig,5,4648,0.8624976804601967,200.07692307692312,82.00000000000001,200.07692307692312,82.00000000000001,0
per_huruf_hybrid_skeleton_forced_loop_no_sig,5,4649,0.8626832436444609,200.15384615384622,82.0,200.15384615384622,82.0,0
per_huruf_hybrid_skeleton_forced_loop_no_sig,5,4650,0.8628688068287251,200.23076923076923,82.0,200.23076923076923,82.0,0
per_huruf_hybrid_skeleton_forced_loop_no_sig,5,4651,0.8630543700129893,200.3076923076923,82.0,200.3076923076923,82.0,0
per_huruf_hybrid_skeleton_forced_loop_no_sig,5,4652,0.8632399331972537,200.38461538461542,82.00000000000001,200.38461538461542,82.00000000000001,0
per_huruf_hybrid_skeleton_forced_loop_no_sig,5,4653,0.8634254963815179,200.46153846153848,82.00000000000001,200.46153846153848,82.00000000000001,0
per_huruf_hybrid_skeleton_forced_loop_no_sig,5,4654,0.8636110595657821,200.53846153846155,82.0,200.53846153846155,82.0,0
per_huruf_hybrid_skeleton_forced_loop_no_sig,5,4655,0.8637966227500463,200.6153846153846,82.0,200.6153846153846,82.0,0
per_huruf_hybrid_skeleton_forced_loop_no_sig,5,4656,0.8639821859343106,200.69230769230768,82.0,200.69230769230768,82.0,0
per_huruf_hybrid_skeleton_forced_loop_no_sig,5,4657,0.8641677491185749,200.76923076923075,81.99999999999999,200.76923076923075,81.99999999999999,0
per_huruf_hybrid_skeleton_forced_loop_no_sig,5,4658,0.8643533123028391,200.84615384615387,82.0,200.84615384615387,82.0,0
per_huruf_hybrid_skeleton_forced_loop_no_sig,5,4659,0.8645388754871033,200.9230769230769,82.0,200.9230769230769,82.0,0
per_huruf_hybrid_skeleton_forced_loop_no_sig,5,4660,0.8647244386713676,201.0,82.0,201.0,82.0,0
per_huruf_hybrid_skeleton_forced_loop_no_sig,5,4661,0.8649100018556318,201.0769230769231,82.00000000000001,201.0769230769231,82.00000000000001,0
per_huruf_hybrid_skeleton_forced_loop_no_sig,5,4662,0.865095565039896,201.15384615384616,82.0,201.15384615384616,82.0,0
per_huruf_hybrid_skeleton_forced_loop_no_sig,5,4663,0.8652811282241603,201.2307692307692,82.0,201.2307692307692,82.0,0
per_huruf_hybrid_skeleton_forced_loop_no_sig,5,4664,0.8654666914084246,201.3076923076923,82.0,201.3076923076923,82.0,0
per_huruf_hybrid_skeleton_forced_loop_no_sig,5,4665,0.8656522545926888,201.3846153846154,82.00000000000001,201.3846153846154,82.00000000000001,0
per_huruf_hybrid_skeleton_forced_loop_no_sig,5,4666,0.865837817776953,201.46153846153848,82.00000000000001,201.46153846153848,82.00000000000001,0
per_huruf_hybrid_skeleton_forced_loop_no_sig,5,4667,0.8660233809612172,201.53846153846155,82.0,201.53846153846155,82.0,0
per_huruf_hybrid_skeleton_forced_loop_no_sig,5,4668,0.8662089441454814,201.6153846153846,82.0,201.6153846153846,82.0,0
per_huruf_hybrid_skeleton_forced_loop_no_sig,5,4669,0.8663945073297458,201.69230769230768,82.0,201.69230769230768,82.0,0
per_huruf_hybrid_skeleton_forced_loop_no_sig,5,4670,0.86658007051401,201.76923076923077,81.99999999999999,201.76923076923077,81.99999999999999,0
per_huruf_hybrid_skeleton_forced_loop_no_sig,5,4671,0.8667656336982742,201.84615384615387,82.0,201.84615384615387,82.0,0
per_huruf_hybrid_skeleton_forced_loop_no_sig,5,4672,0.8669511968825384,201.9230769230769,82.0,201.9230769230769,82.0,0
per_huruf_hybrid_skeleton_forced_loop_no_sig,5,4673,0.8671367600668027,202.0,82.0,202.0,82.0,0
per_huruf_hybrid_skeleton_forced_loop_no_sig,5,4674,0.867322323251067,202.07692307692312,82.00273099681385,202.07692307692312,82.00273099681385,0
per_huruf_hybrid_skeleton_forced_loop_no_sig,5,4675,0.8675078864353312,202.1538461538462,82.01001365498408,202.1538461538462,82.01001365498408,0
per_huruf_hybrid_skeleton_forced_loop_no_sig,5,4676,0.8676934496195954,202.2307692307692,82.02048247610378,202.2307692307692,82.02048247610378,0
per_huruf_hybrid_skeleton_forced_loop_no_sig,5,4677,0.8678790128038597,202.30769230769232,82.03277196176603,202.30769230769232,82.03277196176603,0
per_huruf_hybrid_skeleton_forced_loop_no_sig,5,4678,0.8680645759881239,202.3846153846154,82.04551661356396,202.3846153846154,82.04551661356396,0
per_huruf_hybrid_skeleton_forced_loop_no_sig,5,4679,0.8682501391723881,202.46153846153848,82.05735093309059,202.46153846153848,82.05735093309059,0
per_huruf_hybrid_skeleton_forced_loop_no_sig,5,4680,0.8684357023566524,202.53846153846155,82.066909421939,202.53846153846155,82.066909421939,0
per_huruf_hybrid_skeleton_forced_loop_no_sig,5,4681,0.8686212655409167,202.6153846153846,82.07282658170233,202.6153846153846,82.07282658170233,0
per_huruf_hybrid_skeleton_forced_loop_no_sig,5,4682,0.8688068287251809,202.69230769230768,82.0737369139736,202.69230769230768,82.0737369139736,0
per_huruf_hybrid_skeleton_forced_loop_no_sig,5,4683,0.8689923919094451,202.76923076923075,82.06827492034591,202.76923076923075,82.06827492034591,0
per_huruf_hybrid_skeleton_forced_loop_no_sig,5,4684,0.8691779550937093,202.84615384615387,82.05507510241239,202.84615384615387,82.05507510241239,0
per_huruf_hybrid_skeleton_forced_loop_no_sig,5,4685,0.8693635182779736,202.9230769230769,82.03277196176603,202.9230769230769,82.03277196176603,0
per_huruf_hybrid_skeleton_forced_loop_no_sig,5,4686,0.8695490814622379,203.0,82.0,203.0,82.0,0
per_huruf_hybrid_skeleton_forced_loop_no_sig,5,4687,0.8697346446465021,203.0769230769231,81.95311788802914,203.0769230769231,81.95311788802914,0
per_huruf_hybrid_skeleton_forced_loop_no_sig,5,4688,0.8699202078307663,203.15384615384616,81.89121529358216,203.15384615384616,81.89121529358216,0
per_huruf_hybrid_skeleton_forced_loop_no_sig,5,4689,0.8701057710150306,203.2307692307692,81.81702321347291,203.2307692307692,81.81702321347291,0
per_huruf_hybrid_skeleton_forced_loop_no_sig,5,4690,0.8702913341992948,203.3076923076923,81.73327264451524,203.3076923076923,81.73327264451524,0
per_huruf_hybrid_skeleton_forced_loop_no_sig,5,4691,0.870476897383559,203.38461538461542,81.642694583523,203.38461538461542,81.642694583523,0
per_huruf_hybrid_skeleton_forced_loop_no_sig,5,4692,0.8706624605678233,203.4615384615385,81.54802002730997,203.4615384615385,81.54802002730997,0
per_huruf_hybrid_skeleton_forced_loop_no_sig,5,4693,0.8708480237520876,203.53846153846152,81.45197997269003,203.53846153846152,81.45197997269003,0
per_huruf_hybrid_skeleton_forced_loop_no_sig,5,4694,0.8710335869363518,203.6153846153846,81.35730541647702,203.6153846153846,81.35730541647702,0
per_huruf_hybrid_skeleton_forced_loop_no_sig,5,4695,0.871219150120616,203.69230769230768,81.26672735548476,203.69230769230768,81.26672735548476,0
per_huruf_hybrid_skeleton_forced_loop_no_sig,5,4696,0.8714047133048802,203.76923076923075,81.18297678652708,203.76923076923075,81.18297678652708,0
per_huruf_hybrid_skeleton_forced_loop_no_sig,5,4697,0.8715902764891446,203.84615384615387,81.10878470641785,203.84615384615387,81.10878470641785,0
per_huruf_hybrid_skeleton_forced_loop_no_sig,5,4698,0.8717758396734088,203.9230769230769,81.04688211197087,203.9230769230769,81.04688211197087,0
per_huruf_hybrid_skeleton_forced_loop_no_sig,5,4699,0.871961402857673,204.0,81.0,204.0,81.0,0
per_huruf_hybrid_skeleton_forced_loop_no_sig,5,4700,0.8721469660419372,204.0769230769231,80.96995903504781,204.0769230769231,80.96995903504781,0
per_huruf_hybrid_skeleton_forced_loop_no_sig,5,4701,0.8723325292262015,204.15384615384616,80.9549385525717,204.15384615384616,80.9549385525717,0
per_huruf_hybrid_skeleton_forced_loop_no_sig,5,4702,0.8725180924104657,204.23076923076917,80.95220755575784,204.23076923076917,80.95220755575784,0
per_huruf_hybrid_skeleton_forced_loop_no_sig,5,4703,0.87270365559473,204.3076923076923,80.95903504779244,204.3076923076923,80.95903504779244,0
per_huruf_hybrid_skeleton_forced_loop_no_sig,5,4704,0.8728892187789942,204.38461538461542,80.97269003186163,204.38461538461542,80.97269003186163,0
per_huruf_hybrid_skeleton_forced_loop_no_sig,5,4705,0.8730747819632585,204.46153846153848,80.99044151115157,204.46153846153848,80.99044151115157,0
per_huruf_hybrid_skeleton_forced_loop_no_sig,5,4706,0.8732603451475227,204.53846153846155,81.00955848884843,204.53846153846155,81.00955848884843,0
per_huruf_hybrid_skeleton_forced_loop_no_sig,5,4707,0.8734459083317869,204.61538461538458,81.02730996813837,204.61538461538458,81.02730996813837,0
per_huruf_hybrid_skeleton_forced_loop_no_sig,5,4708,0.8736314715160511,204.69230769230768,81.04096495220756,204.69230769230768,81.04096495220756,0
per_huruf_hybrid_skeleton_forced_loop_no_sig,5,4709,0.8738170347003155,204.76923076923072,81.04779244424213,204.76923076923072,81.04779244424213,0
per_huruf_hybrid_skeleton_forced_loop_no_sig,5,4710,0.8740025978845797,204.84615384615387,81.04506144742831,204.84615384615387,81.04506144742831,0
per_huruf_hybrid_skeleton_forced_loop_no_sig,5,4711,0.8741881610688439,204.9230769230769,81.0300409649522,204.9230769230769,81.0300409649522,0
per_huruf_hybrid_skeleton_forced_loop_no_sig,5,4712,0.8743737242531081,205.0,81.0,205.0,81.0,0
per_huruf_hybrid_skeleton_forced_loop_no_sig,5,4713,0.8745592874373724,205.07692307692312,80.95311788802914,205.07692307692312,80.95311788802914,0
per_huruf_hybrid_skeleton_forced_loop_no_sig,5,4714,0.8747448506216366,205.1538461538462,80.89121529358218,205.1538461538462,80.89121529358218,0
per_huruf_hybrid_skeleton_forced_loop_no_sig,5,4715,0.8749304138059009,205.23076923076923,80.8170232134729,205.23076923076923,80.8170232134729,0
per_huruf_hybrid_skeleton_forced_loop_no_sig,5,4716,0.8751159769901651,205.3076923076923,80.73327264451525,205.3076923076923,80.73327264451525,0
per_huruf_hybrid_skeleton_forced_loop_no_sig,5,4717,0.8753015401744294,205.38461538461542,80.642694583523,205.38461538461542,80.642694583523,0
per_huruf_hybrid_skeleton_forced_loop_no_sig,5,4718,0.8754871033586936,205.46153846153845,80.54802002730997,205.46153846153845,80.54802002730997,0
per_huruf_hybrid_skeleton_forced_loop_no_sig,5,4719,0.8756726665429578,205.53846153846155,80.45197997269003,205.53846153846155,80.45197997269003,0
per_huruf_hybrid_skeleton_forced_loop_no_sig,5,4720,0.875858229727222,205.61538461538464,80.35730541647702,205.61538461538464,80.35730541647702,0
per_huruf_hybrid_skeleton_forced_loop_no_sig,5,4721,0.8760437929114864,205.69230769230768,80.26672735548475,205.69230769230768,80.26672735548475,0
per_huruf_hybrid_skeleton_forced_loop_no_sig,5,4722,0.8762293560957506,205.76923076923075,80.18297678652708,205.76923076923075,80.18297678652708,0
per_huruf_hybrid_skeleton_forced_loop_no_sig,5,4723,0.8764149192800148,205.84615384615387,80.10878470641785,205.84615384615387,80.10878470641785,0
per_huruf_hybrid_skeleton_forced_loop_no_sig,5,4724,0.876600482464279,205.9230769230769,80.04688211197087,205.9230769230769,80.04688211197087,0
per_huruf_hybrid_skeleton_forced_loop_no_sig,5,4725,0.8767860456485432,206.0,80.0,206.0,80.0,0
per_huruf_hybrid_skeleton_forced_loop_no_sig,5,4726,0.8769716088328076,206.0769230769231,79.96722803823396,206.0769230769231,79.96722803823396,0
per_huruf_hybrid_skeleton_forced_loop_no_sig,5,4727,0.8771571720170718,206.15384615384616,79.94492489758763,206.15384615384616,79.94492489758763,0
per_huruf_hybrid_skeleton_forced_loop_no_sig,5,4728,0.877342735201336,206.2307692307692,79.93172507965407,206.2307692307692,79.93172507965407,0
per_huruf_hybrid_skeleton_forced_loop_no_sig,5,4729,0.8775282983856002,206.30769230769226,79.9262630860264,206.30769230769226,79.9262630860264,0
per_huruf_hybrid_skeleton_forced_loop_no_sig,5,4730,0.8777138615698645,206.38461538461542,79.9271734182977,206.38461538461542,79.9271734182977,0
per_huruf_hybrid_skeleton_forced_loop_no_sig,5,4731,0.8778994247541287,206.46153846153848,79.933090578061,206.46153846153848,79.933090578061,0
per_huruf_hybrid_skeleton_forced_loop_no_sig,5,4732,0.878084987938393,206.53846153846155,79.94264906690941,206.53846153846155,79.94264906690941,0
per_huruf_hybrid_skeleton_forced_loop_no_sig,5,4733,0.8782705511226572,206.61538461538464,79.95448338643605,206.61538461538464,79.95448338643605,0
per_huruf_hybrid_skeleton_forced_loop_no_sig,5,4734,0.8784561143069215,206.69230769230768,79.96722803823394,206.69230769230768,79.96722803823394,0
per_huruf_hybrid_skeleton_forced_loop_no_sig,5,4735,0.8786416774911857,206.76923076923075,79.97951752389622,206.76923076923075,79.97951752389622,0
per_huruf_hybrid_skeleton_forced_loop_no_sig,5,4736,0.8788272406754499,206.84615384615387,79.98998634501594,206.84615384615387,79.98998634501594,0
per_huruf_hybrid_skeleton_forced_loop_no_sig,5,4737,0.8790128038597141,206.9230769230769,79.99726900318616,206.9230769230769,79.99726900318616,0
per_huruf_hybrid_skeleton_forced_loop_no_sig,5,4738,0.8791983670439785,207.0,80.0,207.0,80.0,0
per_huruf_hybrid_skeleton_forced_loop_no_sig,5,4739,0.8793839302282427,207.0769230769231,80.00000000000001,207.0769230769231,80.00000000000001,0
per_huruf_hybrid_skeleton_forced_loop_no_sig,5,4740,0.8795694934125069,207.15384615384616,80.0,207.15384615384616,80.0,0
per_huruf_hybrid_skeleton_forced_loop_no_sig,5,4741,0.8797550565967711,207.23076923076923,79.99999999999999,207.23076923076923,79.99999999999999,0
per_huruf_hybrid_skeleton_forced_loop_no_sig,5,4742,0.8799406197810354,207.3076923076923,80.0,207.3076923076923,80.0,0
per_huruf_hybrid_skeleton_forced_loop_no_sig,5,4743,0.8801261829652997,207.38461538461542,80.00000000000001,207.38461538461542,80.00000000000001,0
per_huruf_hybrid_skeleton_forced_loop_no_sig,5,4744,0.8803117461495639,207.46153846153848,80.00000000000001,207.46153846153848,80.00000000000001,0
per_huruf_hybrid_skeleton_forced_loop_no_sig,5,4745,0.8804973093338281,207.53846153846155,80.0,207.53846153846155,80.0,0
per_huruf_hybrid_skeleton_forced_loop_no_sig,5,4746,0.8806828725180924,207.61538461538464,80.0,207.61538461538464,80.0,0
per_huruf_hybrid_skeleton_forced_loop_no_sig,5,4747,0.8808684357023566,207.69230769230768,80.0,207.69230769230768,80.0,0
per_huruf_hybrid_skeleton_forced_loop_no_sig,5,4748,0.8810539988866208,207.76923076923075,80.0,207.76923076923075,80.0,0
per_huruf_hybrid_skeleton_forced_loop_no_sig,5,4749,0.881239562070885,207.84615384615387,80.0,207.84615384615387,80.0,0
per_huruf_hybrid_skeleton_forced_loop_no_sig,5,4750,0.8814251252551494,207.9230769230769,80.0,207.9230769230769,80.0,0
per_huruf_hybrid_skeleton_forced_loop_no_sig,5,4751,0.8816106884394136,208.0,80.0,208.0,80.0,0
per_huruf_hybrid_skeleton_forced_loop_no_sig,5,4752,0.8817962516236778,208.0769230769231,80.00273099681385,208.0769230769231,80.00273099681385,0
per_huruf_hybrid_skeleton_forced_loop_no_sig,5,4753,0.881981814807942,208.15384615384616,80.01001365498408,208.15384615384616,80.01001365498408,0
per_huruf_hybrid_skeleton_forced_loop_no_sig,5,4754,0.8821673779922063,208.2307692307692,80.02048247610377,208.2307692307692,80.02048247610377,0
per_huruf_hybrid_skeleton_forced_loop_no_sig,5,4755,0.8823529411764706,208.30769230769226,80.03277196176604,208.30769230769226,80.03277196176604,0
per_huruf_hybrid_skeleton_forced_loop_no_sig,5,4756,0.8825385043607348,208.38461538461542,80.04551661356396,208.38461538461542,80.04551661356396,0
per_huruf_hybrid_skeleton_forced_loop_no_sig,5,4757,0.882724067544999,208.46153846153848,80.05735093309059,208.46153846153848,80.05735093309059,0
per_huruf_hybrid_skeleton_forced_loop_no_sig,5,4758,0.8829096307292633,208.53846153846155,80.06690942193902,208.53846153846155,80.06690942193902,0
per_huruf_hybrid_skeleton_forced_loop_no_sig,5,4759,0.8830951939135275,208.61538461538458,80.07282658170233,208.61538461538458,80.07282658170233,0
per_huruf_hybrid_skeleton_forced_loop_no_sig,5,4760,0.8832807570977917,208.69230769230768,80.07373691397359,208.69230769230768,80.07373691397359,0
per_huruf_hybrid_skeleton_forced_loop_no_sig,5,4761,0.883466320282056,208.76923076923072,80.06827492034591,208.76923076923072,80.06827492034591,0
per_huruf_hybrid_skeleton_forced_loop_no_sig,5,4762,0.8836518834663203,208.84615384615384,80.05507510241239,208.84615384615384,80.05507510241239,0
per_huruf_hybrid_skeleton_forced_loop_no_sig,5,4763,0.8838374466505845,208.9230769230769,80.03277196176604,208.9230769230769,80.03277196176604,0
per_huruf_hybrid_skeleton_forced_loop_no_sig,5,4764,0.8840230098348487,209.0,80.0,209.0,80.0,0
per_huruf_hybrid_skeleton_forced_loop_no_sig,5,4765,0.8842085730191129,209.0769230769231,79.95311788802914,209.0769230769231,79.95311788802914,0
per_huruf_hybrid_skeleton_forced_loop_no_sig,5,4766,0.8843941362033773,209.15384615384616,79.89121529358215,209.15384615384616,79.89121529358215,0
per_huruf_hybrid_skeleton_forced_loop_no_sig,5,4767,0.8845796993876415,209.2307692307692,79.81702321347291,209.2307692307692,79.81702321347291,0
per_huruf_hybrid_skeleton_forced_loop_no_sig,5,4768,0.8847652625719057,209.3076923076923,79.73327264451524,209.3076923076923,79.73327264451524,0
per_huruf_hybrid_skeleton_forced_loop_no_sig,5,4769,0.8849508257561699,209.3846153846154,79.642694583523,209.3846153846154,79.642694583523,0
per_huruf_hybrid_skeleton_forced_loop_no_sig,5,4770,0.8851363889404342,209.46153846153845,79.54802002730997,209.46153846153845,79.54802002730997,0
per_huruf_hybrid_skeleton_forced_loop_no_sig,5,4771,0.8853219521246984,209.53846153846152,79.45197997269004,209.53846153846152,79.45197997269004,0
per_huruf_hybrid_skeleton_forced_loop_no_sig,5,4772,0.8855075153089627,209.61538461538464,79.35730541647702,209.61538461538464,79.35730541647702,0
per_huruf_hybrid_skeleton_forced_loop_no_sig,5,4773,0.8856930784932269,209.69230769230768,79.26672735548475,209.69230769230768,79.26672735548475,0
per_huruf_hybrid_skeleton_forced_loop_no_sig,5,4774,0.8858786416774912,209.76923076923077,79.18297678652709,209.76923076923077,79.18297678652709,0
per_huruf_hybrid_skeleton_forced_loop_no_sig,5,4775,0.8860642048617554,209.84615384615384,79.10878470641785,209.84615384615384,79.10878470641785,0
per_huruf_hybrid_skeleton_forced_loop_no_sig,5,4776,0.8862497680460196,209.9230769230769,79.04688211197087,209.9230769230769,79.04688211197087,0
per_huruf_hybrid_skeleton_forced_loop_no_sig,5,4777,0.8864353312302838,210.0,79.0,210.0,79.0,0
per_huruf_hybrid_skeleton_forced_loop_no_sig,5,4778,0.8866208944145482,210.07692307692312,78.96995903504781,210.07692307692312,78.96995903504781,0
per_huruf_hybrid_skeleton_forced_loop_no_sig,5,4779,0.8868064575988124,210.15384615384616,78.95493855257169,210.15384615384616,78.95493855257169,0
per_huruf_hybrid_skeleton_forced_loop_no_sig,5,4780,0.8869920207830766,210.2307692307692,78.95220755575784,210.2307692307692,78.95220755575784,0
per_huruf_hybrid_skeleton_forced_loop_no_sig,5,4781,0.8871775839673408,210.3076923076923,78.95903504779244,210.3076923076923,78.95903504779244,0
per_huruf_hybrid_skeleton_forced_loop_no_sig,5,4782,0.887363147151605,210.3846153846154,78.97269003186163,210.3846153846154,78.97269003186163,0
per_huruf_hybrid_skeleton_forced_loop_no_sig,5,4783,0.8875487103358694,210.46153846153848,78.99044151115157,210.46153846153848,78.99044151115157,0
per_huruf_hybrid_skeleton_forced_loop_no_sig,5,4784,0.8877342735201336,210.53846153846155,79.00955848884843,210.53846153846155,79.00955848884843,0
per_huruf_hybrid_skeleton_forced_loop_no_sig,5,4785,0.8879198367043978,210.61538461538458,79.02730996813838,210.61538461538458,79.02730996813838,0
per_huruf_hybrid_skeleton_forced_loop_no_sig,5,4786,0.888105399888662,210.69230769230768,79.04096495220755,210.69230769230768,79.04096495220755,0
per_huruf_hybrid_skeleton_forced_loop_no_sig,5,4787,0.8882909630729263,210.76923076923075,79.04779244424215,210.76923076923075,79.04779244424215,0
per_huruf_hybrid_skeleton_forced_loop_no_sig,5,4788,0.8884765262571905,210.84615384615387,79.04506144742831,210.84615384615387,79.04506144742831,0
per_huruf_hybrid_skeleton_forced_loop_no_sig,5,4789,0.8886620894414548,210.9230769230769,79.0300409649522,210.9230769230769,79.0300409649522,0
per_huruf_hybrid_skeleton_forced_loop_no_sig,5,4790,0.888847652625719,211.0,79.0,211.0,79.0,0
per_huruf_hybrid_skeleton_forced_loop_no_sig,5,4791,0.8890332158099833,211.0769230769231,78.95584888484298,211.0769230769231,78.95584888484298,0
per_huruf_hybrid_skeleton_forced_loop_no_sig,5,4792,0.8892187789942475,211.15384615384616,78.90122894856623,211.15384615384616,78.90122894856623,0
per_huruf_hybrid_skeleton_forced_loop_no_sig,5,4793,0.8894043421785117,211.2307692307692,78.83750568957669,211.2307692307692,78.83750568957669,0
per_huruf_hybrid_skeleton_forced_loop_no_sig,5,4794,0.8895899053627759,211.30769230769226,78.76604460628128,211.30769230769226,78.76604460628128,0
per_huruf_hybrid_skeleton_forced_loop_no_sig,5,4795,0.8897754685470403,211.3846153846154,78.68821119708694,211.3846153846154,78.68821119708694,0
per_huruf_hybrid_skeleton_forced_loop_no_sig,5,4796,0.8899610317313045,211.46153846153848,78.60537096040055,211.46153846153848,78.60537096040055,0
per_huruf_hybrid_skeleton_forced_loop_no_sig,5,4797,0.8901465949155687,211.53846153846155,78.51888939462904,211.53846153846155,78.51888939462904,0
per_huruf_hybrid_skeleton_forced_loop_no_sig,5,4798,0.8903321580998329,211.61538461538464,78.43013199817933,211.61538461538464,78.43013199817933,0
per_huruf_hybrid_skeleton_forced_loop_no_sig,5,4799,0.8905177212840972,211.69230769230768,78.34046426945834,211.69230769230768,78.34046426945834,0
per_huruf_hybrid_skeleton_forced_loop_no_sig,5,4800,0.8907032844683614,211.76923076923075,78.251251706873,211.76923076923075,78.251251706873,0
per_huruf_hybrid_skeleton_forced_loop_no_sig,5,4801,0.8908888476526257,211.84615384615387,78.16385980883022,211.84615384615387,78.16385980883022,0
per_huruf_hybrid_skeleton_forced_loop_no_sig,5,4802,0.8910744108368899,211.9230769230769,78.07965407373692,211.9230769230769,78.07965407373692,0
per_huruf_hybrid_skeleton_forced_loop_no_sig,5,4803,0.8912599740211542,212.0,78.0,212.0,78.0,0
per_huruf_hybrid_skeleton_forced_loop_no_sig,5,4804,0.8914455372054184,212.07692307692312,77.92034592626311,212.07692307692312,77.92034592626311,0
per_huruf_hybrid_skeleton_forced_loop_no_sig,5,4805,0.8916311003896826,212.15384615384616,77.83614019116978,212.15384615384616,77.83614019116978,0
per_huruf_hybrid_skeleton_forced_loop_no_sig,5,4806,0.8918166635739468,212.23076923076923,77.74874829312698,212.23076923076923,77.74874829312698,0
per_huruf_hybrid_skeleton_forced_loop_no_sig,5,4807,0.8920022267582112,212.3076923076923,77.65953573054163,212.3076923076923,77.65953573054163,0
per_huruf_hybrid_skeleton_forced_loop_no_sig,5,4808,0.8921877899424754,212.38461538461542,77.56986800182068,212.38461538461542,77.56986800182068,0
per_huruf_hybrid_skeleton_forced_loop_no_sig,5,4809,0.8923733531267396,212.46153846153848,77.48111060537097,212.46153846153848,77.48111060537097,0
per_huruf_hybrid_skeleton_forced_loop_no_sig,5,4810,0.8925589163110038,212.53846153846155,77.39462903959947,212.53846153846155,77.39462903959947,0
per_huruf_hybrid_skeleton_forced_loop_no_sig,5,4811,0.8927444794952681,212.6153846153846,77.31178880291307,212.6153846153846,77.31178880291307,0
per_huruf_hybrid_skeleton_forced_loop_no_sig,5,4812,0.8929300426795324,212.69230769230768,77.2339553937187,212.69230769230768,77.2339553937187,0
per_huruf_hybrid_skeleton_forced_loop_no_sig,5,4813,0.8931156058637966,212.76923076923075,77.16249431042331,212.76923076923075,77.16249431042331,0
per_huruf_hybrid_skeleton_forced_loop_no_sig,5,4814,0.8933011690480608,212.84615384615387,77.09877105143377,212.84615384615387,77.09877105143377,0
per_huruf_hybrid_skeleton_forced_loop_no_sig,5,4815,0.8934867322323251,212.9230769230769,77.04415111515704,212.9230769230769,77.04415111515704,0
per_huruf_hybrid_skeleton_forced_loop_no_sig,5,4816,0.8936722954165893,213.0,77.0,213.0,77.0,0
per_huruf_hybrid_skeleton_forced_loop_no_sig,5,4817,0.8938578586008535,213.0769230769231,76.96722803823397,213.0769230769231,76.96722803823397,0
per_huruf_hybrid_skeleton_forced_loop_no_sig,5,4818,0.8940434217851178,213.15384615384616,76.94492489758763,213.15384615384616,76.94492489758763,0
per_huruf_hybrid_skeleton_forced_loop_no_sig,5,4819,0.8942289849693821,213.2307692307692,76.93172507965406,213.2307692307692,76.93172507965406,0
per_huruf_hybrid_skeleton_forced_loop_no_sig,5,4820,0.8944145481536463,213.3076923076923,76.92626308602638,213.3076923076923,76.92626308602638,0
per_huruf_hybrid_skeleton_forced_loop_no_sig,5,4821,0.8946001113379105,213.38461538461542,76.9271734182977,213.38461538461542,76.9271734182977,0
per_huruf_hybrid_skeleton_forced_loop_no_sig,5,4822,0.8947856745221747,213.46153846153848,76.933090578061,213.46153846153848,76.933090578061,0
per_huruf_hybrid_skeleton_forced_loop_no_sig,5,4823,0.894971237706439,213.53846153846155,76.94264906690942,213.53846153846155,76.94264906690942,0
per_huruf_hybrid_skeleton_forced_loop_no_sig,5,4824,0.8951568008907033,213.61538461538464,76.95448338643604,213.61538461538464,76.95448338643604,0
per_huruf_hybrid_skeleton_forced_loop_no_sig,5,4825,0.8953423640749675,213.69230769230768,76.96722803823394,213.69230769230768,76.96722803823394,0
per_huruf_hybrid_skeleton_forced_loop_no_sig,5,4826,0.8955279272592317,213.76923076923075,76.97951752389622,213.76923076923075,76.97951752389622,0
per_huruf_hybrid_skeleton_forced_loop_no_sig,5,4827,0.895713490443496,213.84615384615387,76.98998634501592,213.84615384615387,76.98998634501592,0
per_huruf_hybrid_skeleton_forced_loop_no_sig,5,4828,0.8958990536277602,213.9230769230769,76.99726900318616,213.9230769230769,76.99726900318616,0
per_huruf_hybrid_skeleton_forced_loop_no_sig,5,4829,0.8960846168120244,214.0,77.0,214.0,77.0,0
per_huruf_hybrid_skeleton_forced_loop_no_sig,5,4830,0.8962701799962887,214.07692307692312,77.00000000000001,214.07692307692312,77.00000000000001,0
per_huruf_hybrid_skeleton_forced_loop_no_sig,5,4831,0.896455743180553,214.15384615384616,77.00000000000001,214.15384615384616,77.00000000000001,0
per_huruf_hybrid_skeleton_forced_loop_no_sig,5,4832,0.8966413063648172,214.2307692307692,76.99999999999999,214.2307692307692,76.99999999999999,0
per_huruf_hybrid_skeleton_forced_loop_no_sig,5,4833,0.8968268695490814,214.3076923076923,76.99999999999999,214.3076923076923,76.99999999999999,0
per_huruf_hybrid_skeleton_forced_loop_no_sig,5,4834,0.8970124327333456,214.38461538461542,77.00000000000001,214.38461538461542,77.00000000000001,0
per_huruf_hybrid_skeleton_forced_loop_no_sig,5,4835,0.89719799591761,214.46153846153848,77.0,214.46153846153848,77.0,0
per_huruf_hybrid_skeleton_forced_loop_no_sig,5,4836,0.8973835591018742,214.53846153846155,77.00000000000001,214.53846153846155,77.00000000000001,0
per_huruf_hybrid_skeleton_forced_loop_no_sig,5,4837,0.8975691222861384,214.6153846153846,77.0,214.6153846153846,77.0,0
per_huruf_hybrid_skeleton_forced_loop_no_sig,5,4838,0.8977546854704026,214.6923076923077,77.0,214.6923076923077,77.0,0
per_huruf_hybrid_skeleton_forced_loop_no_sig,5,4839,0.8979402486546668,214.76923076923075,77.0,214.76923076923075,77.0,0
per_huruf_hybrid_skeleton_forced_loop_no_sig,5,4840,0.8981258118389311,214.84615384615387,77.0,214.84615384615387,77.0,0
per_huruf_hybrid_skeleton_forced_loop_no_sig,5,4841,0.8983113750231954,214.9230769230769,77.0,214.9230769230769,77.0,0
per_huruf_hybrid_skeleton_forced_loop_no_sig,5,4842,0.8984969382074596,215.0,77.0,215.0,77.0,0
per_huruf_hybrid_skeleton_forced_loop_no_sig,5,4843,0.8986825013917238,215.0769230769231,77.00000000000001,215.0769230769231,77.00000000000001,0
per_huruf_hybrid_skeleton_forced_loop_no_sig,5,4844,0.8988680645759881,215.15384615384616,77.00000000000001,215.15384615384616,77.00000000000001,0
per_huruf_hybrid_skeleton_forced_loop_no_sig,5,4845,0.8990536277602523,215.2307692307692,76.99999999999999,215.2307692307692,76.99999999999999,0
per_huruf_hybrid_skeleton_forced_loop_no_sig,5,4846,0.8992391909445165,215.3076923076923,76.99999999999999,215.3076923076923,76.99999999999999,0
per_huruf_hybrid_skeleton_forced_loop_no_sig,5,4847,0.8994247541287808,215.38461538461542,77.00000000000001,215.38461538461542,77.00000000000001,0
per_huruf_hybrid_skeleton_forced_loop_no_sig,5,4848,0.8996103173130451,215.46153846153848,77.0,215.46153846153848,77.0,0
per_huruf_hybrid_skeleton_forced_loop_no_sig,5,4849,0.8997958804973093,215.53846153846152,77.00000000000001,215.53846153846152,77.00000000000001,0
per_huruf_hybrid_skeleton_forced_loop_no_sig,5,4850,0.8999814436815735,215.61538461538464,77.0,215.61538461538464,77.0,0
per_huruf_hybrid_skeleton_forced_loop_no_sig,5,4851,0.9001670068658377,215.69230769230768,77.0,215.69230769230768,77.0,0
per_huruf_hybrid_skeleton_forced_loop_no_sig,5,4852,0.900352570050102,215.76923076923077,77.0,215.76923076923077,77.0,0
per_huruf_hybrid_skeleton_forced_loop_no_sig,5,4853,0.9005381332343663,215.84615384615387,77.0,215.84615384615387,77.0,0
per_huruf_hybrid_skeleton_forced_loop_no_sig,5,4854,0.9007236964186305,215.9230769230769,77.0,215.9230769230769,77.0,0
per_huruf_hybrid_skeleton_forced_loop_no_sig,5,4855,0.9009092596028947,216.0,77.0,216.0,77.0,0
per_huruf_hybrid_skeleton_forced_loop_no_sig,5,4856,0.901094822787159,216.0769230769231,77.00000000000001,216.0769230769231,77.00000000000001,0
per_huruf_hybrid_skeleton_forced_loop_no_sig,5,4857,0.9012803859714232,216.15384615384613,77.00000000000001,216.15384615384613,77.00000000000001,0
per_huruf_hybrid_skeleton_forced_loop_no_sig,5,4858,0.9014659491556875,216.2307692307692,76.99999999999999,216.2307692307692,76.99999999999999,0
per_huruf_hybrid_skeleton_forced_loop_no_sig,5,4859,0.9016515123399517,216.3076923076923,76.99999999999999,216.3076923076923,76.99999999999999,0
per_huruf_hybrid_skeleton_forced_loop_no_sig,5,4860,0.901837075524216,216.38461538461544,77.00000000000001,216.38461538461544,77.00000000000001,0
per_huruf_hybrid_skeleton_forced_loop_no_sig,5,4861,0.9020226387084802,216.4615384615385,77.0,216.4615384615385,77.0,0
per_huruf_hybrid_skeleton_forced_loop_no_sig,5,4862,0.9022082018927444,216.53846153846155,77.00000000000001,216.53846153846155,77.00000000000001,0
per_huruf_hybrid_skeleton_forced_loop_no_sig,5,4863,0.9023937650770086,216.6153846153846,77.0,216.6153846153846,77.0,0
per_huruf_hybrid_skeleton_forced_loop_no_sig,5,4864,0.902579328261273,216.69230769230768,77.0,216.69230769230768,77.0,0
per_huruf_hybrid_skeleton_forced_loop_no_sig,5,4865,0.9027648914455372,216.76923076923075,77.0,216.76923076923075,77.0,0
per_huruf_hybrid_skeleton_forced_loop_no_sig,5,4866,0.9029504546298014,216.84615384615387,77.0,216.84615384615387,77.0,0
per_huruf_hybrid_skeleton_forced_loop_no_sig,5,4867,0.9031360178140656,216.9230769230769,77.0,216.9230769230769,77.0,0
per_huruf_hybrid_skeleton_forced_loop_no_sig,5,4868,0.9033215809983299,217.0,77.0,217.0,77.0,0
per_huruf_hybrid_skeleton_forced_loop_no_sig,5,4869,0.9035071441825941,217.07692307692312,77.00000000000001,217.07692307692312,77.00000000000001,0
per_huruf_hybrid_skeleton_forced_loop_no_sig,5,4870,0.9036927073668584,217.1538461538462,77.00000000000001,217.1538461538462,77.00000000000001,0
per_huruf_hybrid_skeleton_forced_loop_no_sig,5,4871,0.9038782705511226,217.23076923076923,76.99999999999999,217.23076923076923,76.99999999999999,0
per_huruf_hybrid_skeleton_forced_loop_no_sig,5,4872,0.9040638337353869,217.3076923076923,76.99999999999999,217.3076923076923,76.99999999999999,0
per_huruf_hybrid_skeleton_forced_loop_no_sig,5,4873,0.9042493969196511,217.38461538461542,77.00000000000001,217.38461538461542,77.00000000000001,0
per_huruf_hybrid_skeleton_forced_loop_no_sig,5,4874,0.9044349601039153,217.46153846153848,77.0,217.46153846153848,77.0,0
per_huruf_hybrid_skeleton_forced_loop_no_sig,5,4875,0.9046205232881795,217.53846153846155,77.00000000000001,217.53846153846155,77.00000000000001,0
per_huruf_hybrid_skeleton_forced_loop_no_sig,5,4876,0.9048060864724439,217.6153846153846,77.0,217.6153846153846,77.0,0
per_huruf_hybrid_skeleton_forced_loop_no_sig,5,4877,0.9049916496567081,217.69230769230768,77.0,217.69230769230768,77.0,0
per_huruf_hybrid_skeleton_forced_loop_no_sig,5,4878,0.9051772128409723,217.76923076923075,77.0,217.76923076923075,77.0,0
per_huruf_hybrid_skeleton_forced_loop_no_sig,5,4879,0.9053627760252365,217.84615384615387,77.0,217.84615384615387,77.0,0
per_huruf_hybrid_skeleton_forced_loop_no_sig,5,4880,0.9055483392095008,217.9230769230769,77.0,217.9230769230769,77.0,0
per_huruf_hybrid_skeleton_forced_loop_no_sig,5,4881,0.9057339023937651,218.0,77.0,218.0,77.0,0
per_huruf_hybrid_skeleton_forced_loop_no_sig,5,4882,0.9059194655780293,218.0769230769231,77.00273099681385,218.0769230769231,77.00273099681385,0
per_huruf_hybrid_skeleton_forced_loop_no_sig,5,4883,0.9061050287622935,218.1538461538462,77.01001365498408,218.1538461538462,77.01001365498408,0
per_huruf_hybrid_skeleton_forced_loop_no_sig,5,4884,0.9062905919465578,218.23076923076917,77.02048247610377,218.23076923076917,77.02048247610377,0
per_huruf_hybrid_skeleton_forced_loop_no_sig,5,4885,0.906476155130822,218.3076923076923,77.03277196176603,218.3076923076923,77.03277196176603,0
per_huruf_hybrid_skeleton_forced_loop_no_sig,5,4886,0.9066617183150862,218.38461538461542,77.04551661356396,218.38461538461542,77.04551661356396,0
per_huruf_hybrid_skeleton_forced_loop_no_sig,5,4887,0.9068472814993505,218.46153846153845,77.05735093309059,218.46153846153845,77.05735093309059,0
per_huruf_hybrid_skeleton_forced_loop_no_sig,5,4888,0.9070328446836148,218.53846153846155,77.06690942193902,218.53846153846155,77.06690942193902,0
per_huruf_hybrid_skeleton_forced_loop_no_sig,5,4889,0.907218407867879,218.6153846153846,77.07282658170232,218.6153846153846,77.07282658170232,0
per_huruf_hybrid_skeleton_forced_loop_no_sig,5,4890,0.9074039710521432,218.69230769230768,77.07373691397359,218.69230769230768,77.07373691397359,0
per_huruf_hybrid_skeleton_forced_loop_no_sig,5,4891,0.9075895342364074,218.76923076923075,77.06827492034591,218.76923076923075,77.06827492034591,0
per_huruf_hybrid_skeleton_forced_loop_no_sig,5,4892,0.9077750974206718,218.84615384615387,77.05507510241239,218.84615384615387,77.05507510241239,0
per_huruf_hybrid_skeleton_forced_loop_no_sig,5,4893,0.907960660604936,218.9230769230769,77.03277196176604,218.9230769230769,77.03277196176604,0
per_huruf_hybrid_skeleton_forced_loop_no_sig,5,4894,0.9081462237892002,219.0,77.0,219.0,77.0,0
per_huruf_hybrid_skeleton_forced_loop_no_sig,5,4895,0.9083317869734644,219.09604005461995,76.9503868912153,219.09604005461995,76.9503868912153,0
per_huruf_hybrid_skeleton_forced_loop_no_sig,5,4896,0.9085173501577286,219.22394173873465,76.8812016385981,219.22394173873465,76.8812016385981,0
per_huruf_hybrid_skeleton_forced_loop_no_sig,5,4897,0.9087029133419929,219.37414656349566,76.79654073736913,219.37414656349566,76.79654073736913,0
per_huruf_hybrid_skeleton_forced_loop_no_sig,5,4898,0.9088884765262571,219.53709604005456,76.7005006827492,219.53709604005456,76.7005006827492,0
per_huruf_hybrid_skeleton_forced_loop_no_sig,5,4899,0.9090740397105214,219.70323167956306,76.59717796995905,219.70323167956306,76.59717796995905,0
per_huruf_hybrid_skeleton_forced_loop_no_sig,5,4900,0.9092596028947856,219.86299499317252,76.4906690942194,219.86299499317252,76.4906690942194,0
per_huruf_hybrid_skeleton_forced_loop_no_sig,5,4901,0.9094451660790499,220.00682749203463,76.38507055075102,220.00682749203463,76.38507055075102,0
per_huruf_hybrid_skeleton_forced_loop_no_sig,5,4902,0.9096307292633141,220.12517068730088,76.28447883477469,220.12517068730088,76.28447883477469,0
per_huruf_hybrid_skeleton_forced_loop_no_sig,5,4903,0.9098162924475783,220.20846609012287,76.19299044151114,220.20846609012287,76.19299044151114,0
per_huruf_hybrid_skeleton_forced_loop_no_sig,5,4904,0.9100018556318425,220.24715521165223,76.11470186618115,220.24715521165223,76.11470186618115,0
per_huruf_hybrid_skeleton_forced_loop_no_sig,5,4905,0.9101874188161069,220.23167956304053,76.05370960400546,220.23167956304053,76.05370960400546,0
per_huruf_hybrid_skeleton_forced_loop_no_sig,5,4906,0.9103729820003711,220.15248065543923,76.01411015020483,220.15248065543923,76.01411015020483,0
per_huruf_hybrid_skeleton_forced_loop_no_sig,5,4907,0.9105585451846353,220.0,76.0,220.0,76.0,0
per_huruf_hybrid_skeleton_forced_loop_no_sig,5,4908,0.9107441083688995,219.7542102867547,76.01684114701868,219.7542102867547,76.01684114701868,0
per_huruf_hybrid_skeleton_forced_loop_no_sig,5,4909,0.9109296715531638,219.41238051888942,76.06372325898954,219.41238051888942,76.06372325898954,0
per_huruf_hybrid_skeleton_forced_loop_no_sig,5,4910,0.9111152347374281,218.9908966772872,76.13518434228493,218.9908966772872,76.13518434228493,0
per_huruf_hybrid_skeleton_forced_loop_no_sig,5,4911,0.9113007979216923,218.5061447428311,76.22576240327719,218.5061447428311,76.22576240327719,0
per_huruf_hybrid_skeleton_forced_loop_no_sig,5,4912,0.9114863611059565,217.9745106964042,76.32999544833866,217.9745106964042,76.32999544833866,0
per_huruf_hybrid_skeleton_forced_loop_no_sig,5,4913,0.9116719242902208,217.4123805188894,76.44242148384161,217.4123805188894,76.44242148384161,0
per_huruf_hybrid_skeleton_forced_loop_no_sig,5,4914,0.911857487474485,216.83614019116976,76.55757851615842,216.83614019116976,76.55757851615842,0
per_huruf_hybrid_skeleton_forced_loop_no_sig,5,4915,0.9120430506587492,216.26217569412836,76.67000455166135,216.26217569412836,76.67000455166135,0
per_huruf_hybrid_skeleton_forced_loop_no_sig,5,4916,0.9122286138430135,215.70687300864813,76.7742375967228,215.70687300864813,76.7742375967228,0
per_huruf_hybrid_skeleton_forced_loop_no_sig,5,4917,0.9124141770272778,215.1866181156122,76.86481565771507,215.1866181156122,76.86481565771507,0
per_huruf_hybrid_skeleton_forced_loop_no_sig,5,4918,0.912599740211542,214.7177969959035,76.93627674101047,214.7177969959035,76.93627674101047,0
per_huruf_hybrid_skeleton_forced_loop_no_sig,5,4919,0.9127853033958062,214.3167956304051,76.98315885298133,214.3167956304051,76.98315885298133,0
per_huruf_hybrid_skeleton_forced_loop_no_sig,5,4920,0.9129708665800704,214.0,77.0,214.0,77.0,0
per_huruf_hybrid_skeleton_forced_loop_no_sig,5,4921,0.9131564297643348,213.7564861174329,76.98862084660902,213.7564861174329,76.98862084660902,0
per_huruf_hybrid_skeleton_forced_loop_no_sig,5,4922,0.913341992948599,213.56076467910788,76.95630405097862,213.56076467910788,76.95630405097862,0
per_huruf_hybrid_skeleton_forced_loop_no_sig,5,4923,0.9135275561328632,213.4073736913973,76.90578060992262,213.4073736913973,76.90578060992262,0
per_huruf_hybrid_skeleton_forced_loop_no_sig,5,4924,0.9137131193171274,213.29085116067364,76.83978152025489,213.29085116067364,76.83978152025489,0
per_huruf_hybrid_skeleton_forced_loop_no_sig,5,4925,0.9138986825013917,213.20573509330904,76.76103777878927,213.20573509330904,76.76103777878927,0
per_huruf_hybrid_skeleton_forced_loop_no_sig,5,4926,0.9140842456856559,213.14656349567593,76.67228038233955,213.14656349567593,76.67228038233955,0
per_huruf_hybrid_skeleton_forced_loop_no_sig,5,4927,0.9142698088699202,213.10787437414655,76.57624032771962,213.10787437414655,76.57624032771962,0
per_huruf_hybrid_skeleton_forced_loop_no_sig,5,4928,0.9144553720541844,213.08420573509332,76.47564861174328,213.08420573509332,76.47564861174328,0
per_huruf_hybrid_skeleton_forced_loop_no_sig,5,4929,0.9146409352384487,213.07009558488846,76.3732362312244,213.07009558488846,76.3732362312244,0
per_huruf_hybrid_skeleton_forced_loop_no_sig,5,4930,0.9148264984227129,213.0600819299044,76.27173418297679,213.0600819299044,76.27173418297679,0
per_huruf_hybrid_skeleton_forced_loop_no_sig,5,4931,0.9150120616069771,213.04870277651344,76.17387346381429,213.04870277651344,76.17387346381429,0
per_huruf_hybrid_skeleton_forced_loop_no_sig,5,4932,0.9151976247912413,213.03049613108783,76.08238507055074,213.03049613108783,76.08238507055074,0
per_huruf_hybrid_skeleton_forced_loop_no_sig,5,4933,0.9153831879755057,213.0,76.0,213.0,76.0,0
per_huruf_hybrid_skeleton_forced_loop_no_sig,5,4934,0.9155687511597699,212.967228038234,75.92307692307693,212.967228038234,75.92307692307693,0
per_huruf_hybrid_skeleton_forced_loop_no_sig,5,4935,0.9157543143440341,212.94492489758767,75.84615384615384,212.94492489758767,75.84615384615384,0
per_huruf_hybrid_skeleton_forced_loop_no_sig,5,4936,0.9159398775282983,212.93172507965406,75.76923076923076,212.93172507965406,75.76923076923076,0
per_huruf_hybrid_skeleton_forced_loop_no_sig,5,4937,0.9161254407125626,212.92626308602638,75.6923076923077,212.92626308602638,75.6923076923077,0
per_huruf_hybrid_skeleton_forced_loop_no_sig,5,4938,0.9163110038968268,212.92717341829768,75.61538461538463,212.92717341829768,75.61538461538463,0
per_huruf_hybrid_skeleton_forced_loop_no_sig,5,4939,0.9164965670810911,212.933090578061,75.53846153846155,212.933090578061,75.53846153846155,0
per_huruf_hybrid_skeleton_forced_loop_no_sig,5,4940,0.9166821302653553,212.94264906690944,75.46153846153845,212.94264906690944,75.46153846153845,0
per_huruf_hybrid_skeleton_forced_loop_no_sig,5,4941,0.9168676934496196,212.95448338643607,75.38461538461539,212.95448338643607,75.38461538461539,0
per_huruf_hybrid_skeleton_forced_loop_no_sig,5,4942,0.9170532566338838,212.96722803823394,75.3076923076923,212.96722803823394,75.3076923076923,0
per_huruf_hybrid_skeleton_forced_loop_no_sig,5,4943,0.917238819818148,212.9795175238962,75.23076923076923,212.9795175238962,75.23076923076923,0
per_huruf_hybrid_skeleton_forced_loop_no_sig,5,4944,0.9174243830024122,212.98998634501595,75.15384615384616,212.98998634501595,75.15384615384616,0
per_huruf_hybrid_skeleton_forced_loop_no_sig,5,4945,0.9176099461866766,212.99726900318615,75.07692307692307,212.99726900318615,75.07692307692307,0
per_huruf_hybrid_skeleton_forced_loop_no_sig,5,4946,0.9177955093709408,213.0,75.0,213.0,75.0,0
per_huruf_hybrid_skeleton_forced_loop_no_sig,5,4947,0.917981072555205,213.00000000000006,74.92307692307693,213.00000000000006,74.92307692307693,0
per_huruf_hybrid_skeleton_forced_loop_no_sig,5,4948,0.9181666357394692,213.00000000000003,74.84615384615384,213.00000000000003,74.84615384615384,0
per_huruf_hybrid_skeleton_forced_loop_no_sig,5,4949,0.9183521989237335,213.0,74.76923076923076,213.0,74.76923076923076,0
per_huruf_hybrid_skeleton_forced_loop_no_sig,5,4950,0.9185377621079978,212.99999999999994,74.69230769230768,212.99999999999994,74.69230769230768,0
per_huruf_hybrid_skeleton_forced_loop_no_sig,5,4951,0.918723325292262,213.00000000000003,74.61538461538461,213.00000000000003,74.61538461538461,0
per_huruf_hybrid_skeleton_forced_loop_no_sig,5,4952,0.9189088884765262,213.0,74.53846153846153,213.0,74.53846153846153,0
per_huruf_hybrid_skeleton_forced_loop_no_sig,5,4953,0.9190944516607904,213.0,74.46153846153847,213.0,74.46153846153847,0
per_huruf_hybrid_skeleton_forced_loop_no_sig,5,4954,0.9192800148450547,213.00000000000003,74.38461538461539,213.00000000000003,74.38461538461539,0
per_huruf_hybrid_skeleton_forced_loop_no_sig,5,4955,0.9194655780293189,213.0,74.3076923076923,213.0,74.3076923076923,0
per_huruf_hybrid_skeleton_forced_loop_no_sig,5,4956,0.9196511412135832,212.99999999999997,74.23076923076923,212.99999999999997,74.23076923076923,0
per_huruf_hybrid_skeleton_forced_loop_no_sig,5,4957,0.9198367043978474,213.0,74.15384615384616,213.0,74.15384615384616,0
per_huruf_hybrid_skeleton_forced_loop_no_sig,5,4958,0.9200222675821117,213.0,74.07692307692308,213.0,74.07692307692308,0
per_huruf_hybrid_skeleton_forced_loop_no_sig,5,4959,0.9202078307663759,213.0,74.0,213.0,74.0,0
per_huruf_hybrid_skeleton_forced_loop_no_sig,5,4960,0.9203933939506401,213.00273099681388,73.92307692307693,213.00273099681388,73.92307692307693,0
per_huruf_hybrid_skeleton_forced_loop_no_sig,5,4961,0.9205789571349043,213.01001365498408,73.84615384615385,213.01001365498408,73.84615384615385,0
per_huruf_hybrid_skeleton_forced_loop_no_sig,5,4962,0.9207645203191687,213.02048247610378,73.76923076923077,213.02048247610378,73.76923076923077,0
per_huruf_hybrid_skeleton_forced_loop_no_sig,5,4963,0.9209500835034329,213.032771961766,73.69230769230768,213.032771961766,73.69230769230768,0
per_huruf_hybrid_skeleton_forced_loop_no_sig,5,4964,0.9211356466876971,213.04551661356396,73.61538461538461,213.04551661356396,73.61538461538461,0
per_huruf_hybrid_skeleton_forced_loop_no_sig,5,4965,0.9213212098719613,213.0573509330906,73.53846153846153,213.0573509330906,73.53846153846153,0
per_huruf_hybrid_skeleton_forced_loop_no_sig,5,4966,0.9215067730562256,213.066909421939,73.46153846153845,213.066909421939,73.46153846153845,0
per_huruf_hybrid_skeleton_forced_loop_no_sig,5,4967,0.9216923362404899,213.07282658170234,73.38461538461539,213.07282658170234,73.38461538461539,0
per_huruf_hybrid_skeleton_forced_loop_no_sig,5,4968,0.9218778994247541,213.07373691397356,73.30769230769229,213.07373691397356,73.30769230769229,0
per_huruf_hybrid_skeleton_forced_loop_no_sig,5,4969,0.9220634626090183,213.0682749203459,73.23076923076923,213.0682749203459,73.23076923076923,0
per_huruf_hybrid_skeleton_forced_loop_no_sig,5,4970,0.9222490257932826,213.0550751024124,73.15384615384616,213.0550751024124,73.15384615384616,0
per_huruf_hybrid_skeleton_forced_loop_no_sig,5,4971,0.9224345889775468,213.03277196176603,73.07692307692307,213.03277196176603,73.07692307692307,0
per_huruf_hybrid_skeleton_forced_loop_no_sig,5,4972,0.922620152161811,213.0,73.0,213.0,73.0,0
per_huruf_hybrid_skeleton_forced_loop_no_sig,5,4973,0.9228057153460753,212.95038689121532,72.92307692307693,212.95038689121532,72.92307692307693,0
per_huruf_hybrid_skeleton_forced_loop_no_sig,5,4974,0.9229912785303396,212.88120163859813,72.84615384615385,212.88120163859813,72.84615384615385,0
per_huruf_hybrid_skeleton_forced_loop_no_sig,5,4975,0.9231768417146038,212.7965407373691,72.76923076923076,212.7965407373691,72.76923076923076,0
per_huruf_hybrid_skeleton_forced_loop_no_sig,5,4976,0.923362404898868,212.70050068274918,72.6923076923077,212.70050068274918,72.6923076923077,0
per_huruf_hybrid_skeleton_forced_loop_no_sig,5,4977,0.9235479680831322,212.59717796995903,72.61538461538461,212.59717796995903,72.61538461538461,0
per_huruf_hybrid_skeleton_forced_loop_no_sig,5,4978,0.9237335312673965,212.4906690942194,72.53846153846153,212.4906690942194,72.53846153846153,0
per_huruf_hybrid_skeleton_forced_loop_no_sig,5,4979,0.9239190944516608,212.38507055075104,72.46153846153845,212.38507055075104,72.46153846153845,0
per_huruf_hybrid_skeleton_forced_loop_no_sig,5,4980,0.924104657635925,212.28447883477472,72.38461538461539,212.28447883477472,72.38461538461539,0
per_huruf_hybrid_skeleton_forced_loop_no_sig,5,4981,0.9242902208201892,212.19299044151114,72.3076923076923,212.19299044151114,72.3076923076923,0
per_huruf_hybrid_skeleton_forced_loop_no_sig,5,4982,0.9244757840044535,212.11470186618112,72.23076923076923,212.11470186618112,72.23076923076923,0
per_huruf_hybrid_skeleton_forced_loop_no_sig,5,4983,0.9246613471887177,212.05370960400546,72.15384615384616,212.05370960400546,72.15384615384616,0
per_huruf_hybrid_skeleton_forced_loop_no_sig,5,4984,0.924846910372982,212.01411015020483,72.07692307692307,212.01411015020483,72.07692307692307,0
per_huruf_hybrid_skeleton_forced_loop_no_sig,5,4985,0.9250324735572462,212.0,72.0,212.0,72.0,0
per_huruf_hybrid_skeleton_forced_loop_no_sig,5,4986,0.9252180367415105,212.01411015020486,71.92307692307695,212.01411015020486,71.92307692307695,0
per_huruf_hybrid_skeleton_forced_loop_no_sig,5,4987,0.9254035999257747,212.0537096040055,71.84615384615385,212.0537096040055,71.84615384615385,0
per_huruf_hybrid_skeleton_forced_loop_no_sig,5,4988,0.9255891631100389,212.11470186618112,71.76923076923076,212.11470186618112,71.76923076923076,0
per_huruf_hybrid_skeleton_forced_loop_no_sig,5,4989,0.9257747262943031,212.1929904415111,71.6923076923077,212.1929904415111,71.6923076923077,0
per_huruf_hybrid_skeleton_forced_loop_no_sig,5,4990,0.9259602894785675,212.2844788347747,71.61538461538461,212.2844788347747,71.61538461538461,0
per_huruf_hybrid_skeleton_forced_loop_no_sig,5,4991,0.9261458526628317,212.38507055075107,71.53846153846155,212.38507055075107,71.53846153846155,0
per_huruf_hybrid_skeleton_forced_loop_no_sig,5,4992,0.9263314158470959,212.49066909421938,71.46153846153847,212.49066909421938,71.46153846153847,0
per_huruf_hybrid_skeleton_forced_loop_no_sig,5,4993,0.9265169790313601,212.59717796995906,71.38461538461539,212.59717796995906,71.38461538461539,0
per_huruf_hybrid_skeleton_forced_loop_no_sig,5,4994,0.9267025422156244,212.70050068274918,71.3076923076923,212.70050068274918,71.3076923076923,0
per_huruf_hybrid_skeleton_forced_loop_no_sig,5,4995,0.9268881053998886,212.79654073736913,71.23076923076923,212.79654073736913,71.23076923076923,0
per_huruf_hybrid_skeleton_forced_loop_no_sig,5,4996,0.9270736685841529,212.8812016385981,71.15384615384616,212.8812016385981,71.15384615384616,0
per_huruf_hybrid_skeleton_forced_loop_no_sig,5,4997,0.9272592317684171,212.9503868912153,71.07692307692308,212.9503868912153,71.07692307692308,0
per_huruf_hybrid_skeleton_forced_loop_no_sig,5,4998,0.9274447949526814,213.0,71.0,213.0,71.0,0
per_huruf_hybrid_skeleton_forced_loop_no_sig,5,4999,0.9276303581369456,213.0327719617661,70.92307692307693,213.0327719617661,70.92307692307693,0
per_huruf_hybrid_skeleton_forced_loop_no_sig,5,5000,0.9278159213212098,213.0550751024124,70.84615384615385,213.0550751024124,70.84615384615385,0
per_huruf_hybrid_skeleton_forced_loop_no_sig,5,5001,0.928001484505474,213.0682749203459,70.76923076923076,213.0682749203459,70.76923076923076,0
per_huruf_hybrid_skeleton_forced_loop_no_sig,5,5002,0.9281870476897384,213.07373691397356,70.69230769230768,213.07373691397356,70.69230769230768,0
per_huruf_hybrid_skeleton_forced_loop_no_sig,5,5003,0.9283726108740026,213.07282658170234,70.61538461538463,213.07282658170234,70.61538461538463,0
per_huruf_hybrid_skeleton_forced_loop_no_sig,5,5004,0.9285581740582668,213.06690942193904,70.53846153846155,213.06690942193904,70.53846153846155,0
per_huruf_hybrid_skeleton_forced_loop_no_sig,5,5005,0.928743737242531,213.05735093309056,70.46153846153845,213.05735093309056,70.46153846153845,0
per_huruf_hybrid_skeleton_forced_loop_no_sig,5,5006,0.9289293004267953,213.045516613564,70.38461538461539,213.045516613564,70.38461538461539,0
per_huruf_hybrid_skeleton_forced_loop_no_sig,5,5007,0.9291148636110595,213.032771961766,70.3076923076923,213.032771961766,70.3076923076923,0
per_huruf_hybrid_skeleton_forced_loop_no_sig,5,5008,0.9293004267953238,213.02048247610375,70.23076923076923,213.02048247610375,70.23076923076923,0
per_huruf_hybrid_skeleton_forced_loop_no_sig,5,5009,0.929485989979588,213.01001365498408,70.15384615384616,213.01001365498408,70.15384615384616,0
per_huruf_hybrid_skeleton_forced_loop_no_sig,5,5010,0.9296715531638522,213.00273099681385,70.07692307692308,213.00273099681385,70.07692307692308,0
per_huruf_hybrid_skeleton_forced_loop_no_sig,5,5011,0.9298571163481165,213.0,70.0,213.0,70.0,0
per_huruf_hybrid_skeleton_forced_loop_no_sig,5,5012,0.9300426795323807,213.00000000000006,69.92307692307695,213.00000000000006,69.92307692307695,0
per_huruf_hybrid_skeleton_forced_loop_no_sig,5,5013,0.930228242716645,213.00000000000003,69.84615384615384,213.00000000000003,69.84615384615384,0
per_huruf_hybrid_skeleton_forced_loop_no_sig,5,5014,0.9304138059009092,213.0,69.76923076923076,213.0,69.76923076923076,0
per_huruf_hybrid_skeleton_forced_loop_no_sig,5,5015,0.9305993690851735,212.99999999999994,69.69230769230768,212.99999999999994,69.69230769230768,0
per_huruf_hybrid_skeleton_forced_loop_no_sig,5,5016,0.9307849322694377,213.00000000000003,69.61538461538461,213.00000000000003,69.61538461538461,0
per_huruf_hybrid_skeleton_forced_loop_no_sig,5,5017,0.9309704954537019,213.0,69.53846153846155,213.0,69.53846153846155,0
per_huruf_hybrid_skeleton_forced_loop_no_sig,5,5018,0.9311560586379661,213.0,69.46153846153847,213.0,69.46153846153847,0
per_huruf_hybrid_skeleton_forced_loop_no_sig,5,5019,0.9313416218222305,213.00000000000003,69.38461538461539,213.00000000000003,69.38461538461539,0
per_huruf_hybrid_skeleton_forced_loop_no_sig,5,5020,0.9315271850064947,213.0,69.3076923076923,213.0,69.3076923076923,0
per_huruf_hybrid_skeleton_forced_loop_no_sig,5,5021,0.9317127481907589,212.99999999999997,69.23076923076923,212.99999999999997,69.23076923076923,0
per_huruf_hybrid_skeleton_forced_loop_no_sig,5,5022,0.9318983113750231,213.0,69.15384615384616,213.0,69.15384615384616,0
per_huruf_hybrid_skeleton_forced_loop_no_sig,5,5023,0.9320838745592874,213.0,69.07692307692308,213.0,69.07692307692308,0
per_huruf_hybrid_skeleton_forced_loop_no_sig,5,5024,0.9322694377435516,213.0,69.0,213.0,69.0,0
per_huruf_hybrid_skeleton_forced_loop_no_sig,5,5025,0.9324550009278159,212.9972690031862,68.92307692307692,212.9972690031862,68.92307692307692,0
per_huruf_hybrid_skeleton_forced_loop_no_sig,5,5026,0.9326405641120801,212.98998634501595,68.84615384615385,212.98998634501595,68.84615384615385,0
per_huruf_hybrid_skeleton_forced_loop_no_sig,5,5027,0.9328261272963444,212.97951752389622,68.76923076923076,212.97951752389622,68.76923076923076,0
per_huruf_hybrid_skeleton_forced_loop_no_sig,5,5028,0.9330116904806086,212.9672280382339,68.6923076923077,212.9672280382339,68.6923076923077,0
per_huruf_hybrid_skeleton_forced_loop_no_sig,5,5029,0.9331972536648728,212.9544833864361,68.61538461538463,212.9544833864361,68.61538461538463,0
per_huruf_hybrid_skeleton_forced_loop_no_sig,5,5030,0.933382816849137,212.94264906690944,68.53846153846155,212.94264906690944,68.53846153846155,0
per_huruf_hybrid_skeleton_forced_loop_no_sig,5,5031,0.9335683800334014,212.93309057806098,68.46153846153847,212.93309057806098,68.46153846153847,0
per_huruf_hybrid_skeleton_forced_loop_no_sig,5,5032,0.9337539432176656,212.9271734182977,68.38461538461539,212.9271734182977,68.38461538461539,0
per_huruf_hybrid_skeleton_forced_loop_no_sig,5,5033,0.9339395064019298,212.92626308602638,68.30769230769229,212.92626308602638,68.30769230769229,0
per_huruf_hybrid_skeleton_forced_loop_no_sig,5,5034,0.934125069586194,212.93172507965406,68.23076923076923,212.93172507965406,68.23076923076923,0
per_huruf_hybrid_skeleton_forced_loop_no_sig,5,5035,0.9343106327704583,212.94492489758764,68.15384615384616,212.94492489758764,68.15384615384616,0
per_huruf_hybrid_skeleton_forced_loop_no_sig,5,5036,0.9344961959547226,212.96722803823394,68.07692307692308,212.96722803823394,68.07692307692308,0
per_huruf_hybrid_skeleton_forced_loop_no_sig,5,5037,0.9346817591389868,213.0,68.0,213.0,68.0,0
per_huruf_hybrid_skeleton_forced_loop_no_sig,5,5038,0.934867322323251,213.04415111515704,67.92307692307693,213.04415111515704,67.92307692307693,0
per_huruf_hybrid_skeleton_forced_loop_no_sig,5,5039,0.9350528855075153,213.09877105143377,67.84615384615385,213.09877105143377,67.84615384615385,0
per_huruf_hybrid_skeleton_forced_loop_no_sig,5,5040,0.9352384486917795,213.16249431042328,67.76923076923076,213.16249431042328,67.76923076923076,0
per_huruf_hybrid_skeleton_forced_loop_no_sig,5,5041,0.9354240118760437,213.23395539371867,67.69230769230768,213.23395539371867,67.69230769230768,0
per_huruf_hybrid_skeleton_forced_loop_no_sig,5,5042,0.935609575060308,213.3117888029131,67.61538461538463,213.3117888029131,67.61538461538463,0
per_huruf_hybrid_skeleton_forced_loop_no_sig,5,5043,0.9357951382445723,213.39462903959947,67.53846153846155,213.39462903959947,67.53846153846155,0
per_huruf_hybrid_skeleton_forced_loop_no_sig,5,5044,0.9359807014288365,213.48111060537096,67.46153846153845,213.48111060537096,67.46153846153845,0
per_huruf_hybrid_skeleton_forced_loop_no_sig,5,5045,0.9361662646131007,213.56986800182068,67.38461538461539,213.56986800182068,67.38461538461539,0
per_huruf_hybrid_skeleton_forced_loop_no_sig,5,5046,0.9363518277973649,213.65953573054162,67.3076923076923,213.65953573054162,67.3076923076923,0
per_huruf_hybrid_skeleton_forced_loop_no_sig,5,5047,0.9365373909816292,213.74874829312697,67.23076923076923,213.74874829312697,67.23076923076923,0
per_huruf_hybrid_skeleton_forced_loop_no_sig,5,5048,0.9367229541658935,213.8361401911698,67.15384615384616,213.8361401911698,67.15384615384616,0
per_huruf_hybrid_skeleton_forced_loop_no_sig,5,5049,0.9369085173501577,213.92034592626308,67.07692307692308,213.92034592626308,67.07692307692308,0
per_huruf_hybrid_skeleton_forced_loop_no_sig,5,5050,0.9370940805344219,214.0,67.0,214.0,67.0,0
per_huruf_hybrid_skeleton_forced_loop_no_sig,5,5051,0.9372796437186862,214.07692307692312,66.9203459262631,214.07692307692312,66.9203459262631,0
per_huruf_hybrid_skeleton_forced_loop_no_sig,5,5052,0.9374652069029504,214.15384615384616,66.83614019116979,214.15384615384616,66.83614019116979,0
per_huruf_hybrid_skeleton_forced_loop_no_sig,5,5053,0.9376507700872146,214.2307692307692,66.748748293127,214.2307692307692,66.748748293127,0
per_huruf_hybrid_skeleton_forced_loop_no_sig,5,5054,0.9378363332714789,214.3076923076923,66.65953573054165,214.3076923076923,66.65953573054165,0
per_huruf_hybrid_skeleton_forced_loop_no_sig,5,5055,0.9380218964557432,214.38461538461542,66.56986800182068,214.38461538461542,66.56986800182068,0
per_huruf_hybrid_skeleton_forced_loop_no_sig,5,5056,0.9382074596400074,214.46153846153848,66.48111060537097,214.46153846153848,66.48111060537097,0
per_huruf_hybrid_skeleton_forced_loop_no_sig,5,5057,0.9383930228242716,214.53846153846155,66.39462903959945,214.53846153846155,66.39462903959945,0
per_huruf_hybrid_skeleton_forced_loop_no_sig,5,5058,0.9385785860085358,214.6153846153846,66.31178880291307,214.6153846153846,66.31178880291307,0
per_huruf_hybrid_skeleton_forced_loop_no_sig,5,5059,0.9387641491928002,214.6923076923077,66.2339553937187,214.6923076923077,66.2339553937187,0
per_huruf_hybrid_skeleton_forced_loop_no_sig,5,5060,0.9389497123770644,214.76923076923075,66.1624943104233,214.76923076923075,66.1624943104233,0
per_huruf_hybrid_skeleton_forced_loop_no_sig,5,5061,0.9391352755613286,214.84615384615387,66.09877105143377,214.84615384615387,66.09877105143377,0
per_huruf_hybrid_skeleton_forced_loop_no_sig,5,5062,0.9393208387455928,214.9230769230769,66.04415111515704,214.9230769230769,66.04415111515704,0
per_huruf_hybrid_skeleton_forced_loop_no_sig,5,5063,0.9395064019298571,215.0,66.0,215.0,66.0,0
per_huruf_hybrid_skeleton_forced_loop_no_sig,5,5064,0.9396919651141213,215.0769230769231,65.9699590350478,215.0769230769231,65.9699590350478,0
per_huruf_hybrid_skeleton_forced_loop_no_sig,5,5065,0.9398775282983856,215.15384615384616,65.9549385525717,215.15384615384616,65.9549385525717,0
per_huruf_hybrid_skeleton_forced_loop_no_sig,5,5066,0.9400630914826498,215.2307692307692,65.95220755575785,215.2307692307692,65.95220755575785,0
per_huruf_hybrid_skeleton_forced_loop_no_sig,5,5067,0.940248654666914,215.3076923076923,65.95903504779244,215.3076923076923,65.95903504779244,0
per_huruf_hybrid_skeleton_forced_loop_no_sig,5,5068,0.9404342178511783,215.38461538461542,65.97269003186163,215.38461538461542,65.97269003186163,0
per_huruf_hybrid_skeleton_forced_loop_no_sig,5,5069,0.9406197810354425,215.46153846153848,65.99044151115157,215.46153846153848,65.99044151115157,0
per_huruf_hybrid_skeleton_forced_loop_no_sig,5,5070,0.9408053442197067,215.53846153846152,66.00955848884843,215.53846153846152,66.00955848884843,0
per_huruf_hybrid_skeleton_forced_loop_no_sig,5,5071,0.940990907403971,215.61538461538464,66.02730996813838,215.61538461538464,66.02730996813838,0
per_huruf_hybrid_skeleton_forced_loop_no_sig,5,5072,0.9411764705882353,215.69230769230768,66.04096495220756,215.69230769230768,66.04096495220756,0
per_huruf_hybrid_skeleton_forced_loop_no_sig,5,5073,0.9413620337724995,215.76923076923077,66.04779244424215,215.76923076923077,66.04779244424215,0
per_huruf_hybrid_skeleton_forced_loop_no_sig,5,5074,0.9415475969567637,215.84615384615387,66.04506144742831,215.84615384615387,66.04506144742831,0
per_huruf_hybrid_skeleton_forced_loop_no_sig,5,5075,0.9417331601410279,215.9230769230769,66.0300409649522,215.9230769230769,66.0300409649522,0
per_huruf_hybrid_skeleton_forced_loop_no_sig,5,5076,0.9419187233252923,216.0,66.0,216.0,66.0,0
per_huruf_hybrid_skeleton_forced_loop_no_sig,5,5077,0.9421042865095565,216.0769230769231,65.95311788802914,216.0769230769231,65.95311788802914,0
per_huruf_hybrid_skeleton_forced_loop_no_sig,5,5078,0.9422898496938207,216.15384615384613,65.89121529358216,216.15384615384613,65.89121529358216,0
per_huruf_hybrid_skeleton_forced_loop_no_sig,5,5079,0.9424754128780849,216.2307692307692,65.81702321347292,216.2307692307692,65.81702321347292,0
per_huruf_hybrid_skeleton_forced_loop_no_sig,5,5080,0.9426609760623492,216.3076923076923,65.73327264451524,216.3076923076923,65.73327264451524,0
per_huruf_hybrid_skeleton_forced_loop_no_sig,5,5081,0.9428465392466134,216.38461538461544,65.642694583523,216.38461538461544,65.642694583523,0
per_huruf_hybrid_skeleton_forced_loop_no_sig,5,5082,0.9430321024308777,216.4615384615385,65.54802002730997,216.4615384615385,65.54802002730997,0
per_huruf_hybrid_skeleton_forced_loop_no_sig,5,5083,0.9432176656151419,216.53846153846155,65.45197997269003,216.53846153846155,65.45197997269003,0
per_huruf_hybrid_skeleton_forced_loop_no_sig,5,5084,0.9434032287994062,216.6153846153846,65.35730541647702,216.6153846153846,65.35730541647702,0
per_huruf_hybrid_skeleton_forced_loop_no_sig,5,5085,0.9435887919836704,216.69230769230768,65.26672735548475,216.69230769230768,65.26672735548475,0
per_huruf_hybrid_skeleton_forced_loop_no_sig,5,5086,0.9437743551679346,216.76923076923075,65.18297678652708,216.76923076923075,65.18297678652708,0
per_huruf_hybrid_skeleton_forced_loop_no_sig,5,5087,0.9439599183521988,216.84615384615387,65.10878470641785,216.84615384615387,65.10878470641785,0
per_huruf_hybrid_skeleton_forced_loop_no_sig,5,5088,0.9441454815364632,216.9230769230769,65.04688211197087,216.9230769230769,65.04688211197087,0
per_huruf_hybrid_skeleton_forced_loop_no_sig,5,5089,0.9443310447207274,217.0,65.0,217.0,65.0,0
per_huruf_hybrid_skeleton_forced_loop_no_sig,5,5090,0.9445166079049916,217.07692307692312,64.96722803823397,217.07692307692312,64.96722803823397,0
per_huruf_hybrid_skeleton_forced_loop_no_sig,5,5091,0.9447021710892558,217.1538461538462,64.94492489758761,217.1538461538462,64.94492489758761,0
per_huruf_hybrid_skeleton_forced_loop_no_sig,5,5092,0.9448877342735201,217.23076923076923,64.93172507965407,217.23076923076923,64.93172507965407,0
per_huruf_hybrid_skeleton_forced_loop_no_sig,5,5093,0.9450732974577843,217.3076923076923,64.9262630860264,217.3076923076923,64.9262630860264,0
per_huruf_hybrid_skeleton_forced_loop_no_sig,5,5094,0.9452588606420486,217.38461538461542,64.92717341829768,217.38461538461542,64.92717341829768,0
per_huruf_hybrid_skeleton_forced_loop_no_sig,5,5095,0.9454444238263128,217.46153846153848,64.933090578061,217.46153846153848,64.933090578061,0
per_huruf_hybrid_skeleton_forced_loop_no_sig,5,5096,0.9456299870105771,217.53846153846155,64.94264906690942,217.53846153846155,64.94264906690942,0
per_huruf_hybrid_skeleton_forced_loop_no_sig,5,5097,0.9458155501948413,217.6153846153846,64.95448338643605,217.6153846153846,64.95448338643605,0
per_huruf_hybrid_skeleton_forced_loop_no_sig,5,5098,0.9460011133791055,217.69230769230768,64.96722803823396,217.69230769230768,64.96722803823396,0
per_huruf_hybrid_skeleton_forced_loop_no_sig,5,5099,0.9461866765633697,217.76923076923075,64.97951752389622,217.76923076923075,64.97951752389622,0
per_huruf_hybrid_skeleton_forced_loop_no_sig,5,5100,0.9463722397476341,217.84615384615387,64.98998634501594,217.84615384615387,64.98998634501594,0
per_huruf_hybrid_skeleton_forced_loop_no_sig,5,5101,0.9465578029318983,217.9230769230769,64.99726900318616,217.9230769230769,64.99726900318616,0
per_huruf_hybrid_skeleton_forced_loop_no_sig,5,5102,0.9467433661161625,218.0,65.0,218.0,65.0,0
per_huruf_hybrid_skeleton_forced_loop_no_sig,5,5103,0.9469289293004267,218.0769230769231,65.00000000000001,218.0769230769231,65.00000000000001,0
per_huruf_hybrid_skeleton_forced_loop_no_sig,5,5104,0.947114492484691,218.1538461538462,65.0,218.1538461538462,65.0,0
per_huruf_hybrid_skeleton_forced_loop_no_sig,5,5105,0.9473000556689553,218.23076923076917,65.0,218.23076923076917,65.0,0
per_huruf_hybrid_skeleton_forced_loop_no_sig,5,5106,0.9474856188532195,218.3076923076923,65.0,218.3076923076923,65.0,0
per_huruf_hybrid_skeleton_forced_loop_no_sig,5,5107,0.9476711820374837,218.38461538461542,65.00000000000001,218.38461538461542,65.00000000000001,0
per_huruf_hybrid_skeleton_forced_loop_no_sig,5,5108,0.947856745221748,218.46153846153845,65.0,218.46153846153845,65.0,0
per_huruf_hybrid_skeleton_forced_loop_no_sig,5,5109,0.9480423084060122,218.53846153846155,65.0,218.53846153846155,65.0,0
per_huruf_hybrid_skeleton_forced_loop_no_sig,5,5110,0.9482278715902764,218.6153846153846,65.0,218.6153846153846,65.0,0
per_huruf_hybrid_skeleton_forced_loop_no_sig,5,5111,0.9484134347745407,218.69230769230768,65.0,218.69230769230768,65.0,0
per_huruf_hybrid_skeleton_forced_loop_no_sig,5,5112,0.948598997958805,218.76923076923075,65.0,218.76923076923075,65.0,0
per_huruf_hybrid_skeleton_forced_loop_no_sig,5,5113,0.9487845611430692,218.84615384615387,65.0,218.84615384615387,65.0,0
per_huruf_hybrid_skeleton_forced_loop_no_sig,5,5114,0.9489701243273334,218.9230769230769,65.0,218.9230769230769,65.0,0
per_huruf_hybrid_skeleton_forced_loop_no_sig,5,5115,0.9491556875115976,219.0,65.0,219.0,65.0,0
per_huruf_hybrid_skeleton_forced_loop_no_sig,5,5116,0.949341250695862,219.0769230769231,65.00000000000001,219.0769230769231,65.00000000000001,0
per_huruf_hybrid_skeleton_forced_loop_no_sig,5,5117,0.9495268138801262,219.15384615384616,65.0,219.15384615384616,65.0,0
per_huruf_hybrid_skeleton_forced_loop_no_sig,5,5118,0.9497123770643904,219.23076923076923,65.0,219.23076923076923,65.0,0
per_huruf_hybrid_skeleton_forced_loop_no_sig,5,5119,0.9498979402486546,219.30769230769226,65.0,219.30769230769226,65.0,0
per_huruf_hybrid_skeleton_forced_loop_no_sig,5,5120,0.9500835034329189,219.38461538461542,65.00000000000001,219.38461538461542,65.00000000000001,0
per_huruf_hybrid_skeleton_forced_loop_no_sig,5,5121,0.9502690666171831,219.46153846153848,65.0,219.46153846153848,65.0,0
per_huruf_hybrid_skeleton_forced_loop_no_sig,5,5122,0.9504546298014473,219.53846153846155,65.0,219.53846153846155,65.0,0
per_huruf_hybrid_skeleton_forced_loop_no_sig,5,5123,0.9506401929857116,219.61538461538464,65.0,219.61538461538464,65.0,0
per_huruf_hybrid_skeleton_forced_loop_no_sig,5,5124,0.9508257561699758,219.69230769230768,65.0,219.69230769230768,65.0,0
per_huruf_hybrid_skeleton_forced_loop_no_sig,5,5125,0.9510113193542401,219.76923076923077,65.0,219.76923076923077,65.0,0
per_huruf_hybrid_skeleton_forced_loop_no_sig,5,5126,0.9511968825385043,219.84615384615387,65.0,219.84615384615387,65.0,0
per_huruf_hybrid_skeleton_forced_loop_no_sig,5,5127,0.9513824457227685,219.9230769230769,65.0,219.9230769230769,65.0,0
per_huruf_hybrid_skeleton_forced_loop_no_sig,5,5128,0.9515680089070327,220.0,65.0,220.0,65.0,0
per_huruf_hybrid_skeleton_forced_loop_no_sig,5,5129,0.9517535720912971,220.0769230769231,65.00000000000001,220.0769230769231,65.00000000000001,0
per_huruf_hybrid_skeleton_forced_loop_no_sig,5,5130,0.9519391352755613,220.1538461538462,65.0,220.1538461538462,65.0,0
per_huruf_hybrid_skeleton_forced_loop_no_sig,5,5131,0.9521246984598255,220.23076923076917,65.0,220.23076923076917,65.0,0
per_huruf_hybrid_skeleton_forced_loop_no_sig,5,5132,0.9523102616440897,220.30769230769226,65.0,220.30769230769226,65.0,0
per_huruf_hybrid_skeleton_forced_loop_no_sig,5,5133,0.952495824828354,220.3846153846154,65.00000000000001,220.3846153846154,65.00000000000001,0
per_huruf_hybrid_skeleton_forced_loop_no_sig,5,5134,0.9526813880126183,220.46153846153845,65.0,220.46153846153845,65.0,0
per_huruf_hybrid_skeleton_forced_loop_no_sig,5,5135,0.9528669511968825,220.53846153846155,65.0,220.53846153846155,65.0,0
per_huruf_hybrid_skeleton_forced_loop_no_sig,5,5136,0.9530525143811467,220.6153846153846,65.0,220.6153846153846,65.0,0
per_huruf_hybrid_skeleton_forced_loop_no_sig,5,5137,0.953238077565411,220.69230769230768,65.0,220.69230769230768,65.0,0
per_huruf_hybrid_skeleton_forced_loop_no_sig,5,5138,0.9534236407496752,220.76923076923075,65.0,220.76923076923075,65.0,0
per_huruf_hybrid_skeleton_forced_loop_no_sig,5,5139,0.9536092039339394,220.84615384615387,65.0,220.84615384615387,65.0,0
per_huruf_hybrid_skeleton_forced_loop_no_sig,5,5140,0.9537947671182037,220.9230769230769,65.0,220.9230769230769,65.0,0
per_huruf_hybrid_skeleton_forced_loop_no_sig,5,5141,0.953980330302468,221.0,65.0,221.0,65.0,0
per_huruf_hybrid_skeleton_forced_loop_no_sig,5,5142,0.9541658934867322,221.0769230769231,64.99726900318618,221.0769230769231,64.99726900318618,0
per_huruf_hybrid_skeleton_forced_loop_no_sig,5,5143,0.9543514566709964,221.1538461538462,64.98998634501594,221.1538461538462,64.98998634501594,0
per_huruf_hybrid_skeleton_forced_loop_no_sig,5,5144,0.9545370198552606,221.2307692307692,64.97951752389622,221.2307692307692,64.97951752389622,0
per_huruf_hybrid_skeleton_forced_loop_no_sig,5,5145,0.954722583039525,221.3076923076923,64.96722803823396,221.3076923076923,64.96722803823396,0
per_huruf_hybrid_skeleton_forced_loop_no_sig,5,5146,0.9549081462237892,221.38461538461542,64.95448338643607,221.38461538461542,64.95448338643607,0
per_huruf_hybrid_skeleton_forced_loop_no_sig,5,5147,0.9550937094080534,221.46153846153848,64.94264906690942,221.46153846153848,64.94264906690942,0
per_huruf_hybrid_skeleton_forced_loop_no_sig,5,5148,0.9552792725923176,221.53846153846152,64.93309057806098,221.53846153846152,64.93309057806098,0
per_huruf_hybrid_skeleton_forced_loop_no_sig,5,5149,0.9554648357765819,221.6153846153846,64.92717341829768,221.6153846153846,64.92717341829768,0
per_huruf_hybrid_skeleton_forced_loop_no_sig,5,5150,0.9556503989608461,221.69230769230768,64.9262630860264,221.69230769230768,64.9262630860264,0
per_huruf_hybrid_skeleton_forced_loop_no_sig,5,5151,0.9558359621451104,221.76923076923075,64.93172507965406,221.76923076923075,64.93172507965406,0
per_huruf_hybrid_skeleton_forced_loop_no_sig,5,5152,0.9560215253293746,221.84615384615387,64.94492489758763,221.84615384615387,64.94492489758763,0
per_huruf_hybrid_skeleton_forced_loop_no_sig,5,5153,0.9562070885136389,221.92307692307693,64.96722803823396,221.92307692307693,64.96722803823396,0
per_huruf_hybrid_skeleton_forced_loop_no_sig,5,5154,0.9563926516979031,222.0,65.0,222.0,65.0,0
per_huruf_hybrid_skeleton_forced_loop_no_sig,5,5155,0.9565782148821673,222.07692307692312,65.04688211197087,222.07692307692312,65.04688211197087,0
per_huruf_hybrid_skeleton_forced_loop_no_sig,5,5156,0.9567637780664315,222.15384615384616,65.10878470641785,222.15384615384616,65.10878470641785,0
per_huruf_hybrid_skeleton_forced_loop_no_sig,5,5157,0.9569493412506959,222.23076923076923,65.18297678652708,222.23076923076923,65.18297678652708,0
per_huruf_hybrid_skeleton_forced_loop_no_sig,5,5158,0.9571349044349601,222.30769230769232,65.26672735548475,222.30769230769232,65.26672735548475,0
per_huruf_hybrid_skeleton_forced_loop_no_sig,5,5159,0.9573204676192243,222.38461538461542,65.35730541647702,222.38461538461542,65.35730541647702,0
per_huruf_hybrid_skeleton_forced_loop_no_sig,5,5160,0.9575060308034885,222.46153846153845,65.45197997269004,222.46153846153845,65.45197997269004,0
per_huruf_hybrid_skeleton_forced_loop_no_sig,5,5161,0.9576915939877528,222.53846153846155,65.54802002730996,222.53846153846155,65.54802002730996,0
per_huruf_hybrid_skeleton_forced_loop_no_sig,5,5162,0.957877157172017,222.6153846153846,65.64269458352298,222.6153846153846,65.64269458352298,0
per_huruf_hybrid_skeleton_forced_loop_no_sig,5,5163,0.9580627203562813,222.69230769230768,65.73327264451524,222.69230769230768,65.73327264451524,0
per_huruf_hybrid_skeleton_forced_loop_no_sig,5,5164,0.9582482835405455,222.76923076923075,65.81702321347291,222.76923076923075,65.81702321347291,0
per_huruf_hybrid_skeleton_forced_loop_no_sig,5,5165,0.9584338467248098,222.84615384615387,65.89121529358215,222.84615384615387,65.89121529358215,0
per_huruf_hybrid_skeleton_forced_loop_no_sig,5,5166,0.958619409909074,222.9230769230769,65.95311788802913,222.9230769230769,65.95311788802913,0
per_huruf_hybrid_skeleton_forced_loop_no_sig,5,5167,0.9588049730933382,223.0,66.0,223.0,66.0,0
per_huruf_hybrid_skeleton_forced_loop_no_sig,5,5168,0.9589905362776024,223.0769230769231,66.03277196176604,223.0769230769231,66.03277196176604,0
per_huruf_hybrid_skeleton_forced_loop_no_sig,5,5169,0.9591760994618668,223.1538461538462,66.05507510241239,223.1538461538462,66.05507510241239,0
per_huruf_hybrid_skeleton_forced_loop_no_sig,5,5170,0.959361662646131,223.23076923076917,66.06827492034593,223.23076923076917,66.06827492034593,0
per_huruf_hybrid_skeleton_forced_loop_no_sig,5,5171,0.9595472258303952,223.3076923076923,66.07373691397359,223.3076923076923,66.07373691397359,0
per_huruf_hybrid_skeleton_forced_loop_no_sig,5,5172,0.9597327890146594,223.38461538461542,66.07282658170233,223.38461538461542,66.07282658170233,0
per_huruf_hybrid_skeleton_forced_loop_no_sig,5,5173,0.9599183521989237,223.46153846153848,66.06690942193902,223.46153846153848,66.06690942193902,0
per_huruf_hybrid_skeleton_forced_loop_no_sig,5,5174,0.960103915383188,223.53846153846155,66.05735093309058,223.53846153846155,66.05735093309058,0
per_huruf_hybrid_skeleton_forced_loop_no_sig,5,5175,0.9602894785674522,223.61538461538464,66.04551661356396,223.61538461538464,66.04551661356396,0
per_huruf_hybrid_skeleton_forced_loop_no_sig,5,5176,0.9604750417517164,223.69230769230768,66.03277196176604,223.69230769230768,66.03277196176604,0
per_huruf_hybrid_skeleton_forced_loop_no_sig,5,5177,0.9606606049359806,223.76923076923075,66.02048247610378,223.76923076923075,66.02048247610378,0
per_huruf_hybrid_skeleton_forced_loop_no_sig,5,5178,0.9608461681202449,223.84615384615384,66.01001365498408,223.84615384615384,66.01001365498408,0
per_huruf_hybrid_skeleton_forced_loop_no_sig,5,5179,0.9610317313045091,223.9230769230769,66.00273099681384,223.9230769230769,66.00273099681384,0
per_huruf_hybrid_skeleton_forced_loop_no_sig,5,5180,0.9612172944887734,224.0,66.0,224.0,66.0,0
per_huruf_hybrid_skeleton_forced_loop_no_sig,5,5181,0.9614028576730376,224.08511606736462,66.0,224.08511606736462,66.0,0
per_huruf_hybrid_skeleton_forced_loop_no_sig,5,5182,0.9615884208573019,224.1838871187984,66.00000000000001,224.1838871187984,66.00000000000001,0
per_huruf_hybrid_skeleton_forced_loop_no_sig,5,5183,0.9617739840415661,224.29221665908054,66.0,224.29221665908054,66.0,0
per_huruf_hybrid_skeleton_forced_loop_no_sig,5,5184,0.9619595472258303,224.40600819299044,66.0,224.40600819299044,66.0,0
per_huruf_hybrid_skeleton_forced_loop_no_sig,5,5185,0.9621451104100945,224.52116522530727,66.0,224.52116522530727,66.0,0
per_huruf_hybrid_skeleton_forced_loop_no_sig,5,5186,0.9623306735943589,224.6335912608102,66.0,224.6335912608102,66.0,0
per_huruf_hybrid_skeleton_forced_loop_no_sig,5,5187,0.9625162367786231,224.73918980427857,66.0,224.73918980427857,66.0,0
per_huruf_hybrid_skeleton_forced_loop_no_sig,5,5188,0.9627017999628873,224.83386436049156,66.0,224.83386436049156,66.0,0
per_huruf_hybrid_skeleton_forced_loop_no_sig,5,5189,0.9628873631471515,224.91351843422848,66.0,224.91351843422848,66.0,0
per_huruf_hybrid_skeleton_forced_loop_no_sig,5,5190,0.9630729263314158,224.97405553026852,66.0,224.97405553026852,66.0,0
per_huruf_hybrid_skeleton_forced_loop_no_sig,5,5191,0.96325848951568,225.01137915339098,66.0,225.01137915339098,66.0,0
per_huruf_hybrid_skeleton_forced_loop_no_sig,5,5192,0.9634440526999443,225.02139280837505,66.0,225.02139280837505,66.0,0
per_huruf_hybrid_skeleton_forced_loop_no_sig,5,5193,0.9636296158842085,225.0,66.0,225.0,66.0,0
per_huruf_hybrid_skeleton_forced_loop_no_sig,5,5194,0.9638151790684728,224.94173873463816,66.0,224.94173873463816,66.0,0
per_huruf_hybrid_skeleton_forced_loop_no_sig,5,5195,0.964000742252737,224.8475193445608,66.00000000000001,224.8475193445608,66.00000000000001,0
per_huruf_hybrid_skeleton_forced_loop_no_sig,5,5196,0.9641863054370012,224.7228038233955,66.0,224.7228038233955,66.0,0
per_huruf_hybrid_skeleton_forced_loop_no_sig,5,5197,0.9643718686212654,224.57305416477013,66.0,224.57305416477013,66.0,0
per_huruf_hybrid_skeleton_forced_loop_no_sig,5,5198,0.9645574318055298,224.40373236231227,66.0,224.40373236231227,66.0,0
per_huruf_hybrid_skeleton_forced_loop_no_sig,5,5199,0.964742994989794,224.22030040964952,66.0,224.22030040964952,66.0,0
per_huruf_hybrid_skeleton_forced_loop_no_sig,5,5200,0.9649285581740582,224.02822030040966,66.0,224.02822030040966,66.0,0
per_huruf_hybrid_skeleton_forced_loop_no_sig,5,5201,0.9651141213583224,223.8329540282203,66.0,223.8329540282203,66.0,0
per_huruf_hybrid_skeleton_forced_loop_no_sig,5,5202,0.9652996845425867,223.63996358670914,66.0,223.63996358670914,66.0,0
per_huruf_hybrid_skeleton_forced_loop_no_sig,5,5203,0.965485247726851,223.45471096950385,66.0,223.45471096950385,66.0,0
per_huruf_hybrid_skeleton_forced_loop_no_sig,5,5204,0.9656708109111152,223.28265817023217,66.0,223.28265817023217,66.0,0
per_huruf_hybrid_skeleton_forced_loop_no_sig,5,5205,0.9658563740953794,223.1292671825216,66.0,223.1292671825216,66.0,0
per_huruf_hybrid_skeleton_forced_loop_no_sig,5,5206,0.9660419372796437,223.0,66.0,223.0,66.0,0
per_huruf_hybrid_skeleton_forced_loop_no_sig,5,5207,0.9662275004639079,222.90942193900776,65.9699590350478,222.90942193900776,65.9699590350478,0
per_huruf_hybrid_skeleton_forced_loop_no_sig,5,5208,0.9664130636481721,222.86117432862994,65.88984979517525,222.86117432862994,65.88984979517525,0
per_huruf_hybrid_skeleton_forced_loop_no_sig,5,5209,0.9665986268324364,222.84433318161123,65.77469276285844,222.84433318161123,65.77469276285844,0
per_huruf_hybrid_skeleton_forced_loop_no_sig,5,5210,0.9667841900167007,222.84797451069636,65.6395084205735,222.84797451069636,65.6395084205735,0
per_huruf_hybrid_skeleton_forced_loop_no_sig,5,5211,0.9669697532009649,222.86117432862997,65.49931725079655,222.86117432862997,65.49931725079655,0
per_huruf_hybrid_skeleton_forced_loop_no_sig,5,5212,0.9671553163852291,222.8730086481566,65.36913973600365,222.8730086481566,65.36913973600365,0
per_huruf_hybrid_skeleton_forced_loop_no_sig,5,5213,0.9673408795694933,222.87255348202095,65.26399635867091,222.87255348202095,65.26399635867091,0
per_huruf_hybrid_skeleton_forced_loop_no_sig,5,5214,0.9675264427537577,222.8488848429677,65.19890760127447,222.8488848429677,65.19890760127447,0
per_huruf_hybrid_skeleton_forced_loop_no_sig,5,5215,0.9677120059380219,222.79107874374148,65.18889394629039,222.79107874374148,65.18889394629039,0
per_huruf_hybrid_skeleton_forced_loop_no_sig,5,5216,0.9678975691222861,222.68821119708693,65.2489758761948,222.68821119708693,65.2489758761948,0
per_huruf_hybrid_skeleton_forced_loop_no_sig,5,5217,0.9680831323065503,222.52935821574877,65.39417387346381,222.52935821574877,65.39417387346381,0
per_huruf_hybrid_skeleton_forced_loop_no_sig,5,5218,0.9682686954908146,222.30359581247154,65.6395084205735,222.30359581247154,65.6395084205735,0
per_huruf_hybrid_skeleton_forced_loop_no_sig,5,5219,0.9684542586750788,222.0,66.0,222.0,66.0,0
per_huruf_hybrid_skeleton_forced_loop_no_sig,5,5220,0.968639821859343,221.5949021392809,66.51297223486574,221.5949021392809,66.51297223486574,0
per_huruf_hybrid_skeleton_forced_loop_no_sig,5,5221,0.9688253850436073,221.084660901229,67.1866181156122,221.084660901229,67.1866181156122,0
per_huruf_hybrid_skeleton_forced_loop_no_sig,5,5222,0.9690109482278716,220.48839326354118,67.99226217569412,220.48839326354118,67.99226217569412,0
per_huruf_hybrid_skeleton_forced_loop_no_sig,5,5223,0.9691965114121358,219.8252162039144,68.90122894856621,219.8252162039144,68.90122894856621,0
per_huruf_hybrid_skeleton_forced_loop_no_sig,5,5224,0.9693820745964,219.1142467000455,69.88484296768321,219.1142467000455,69.88484296768321,0
per_huruf_hybrid_skeleton_forced_loop_no_sig,5,5225,0.9695676377806642,218.3746017296313,70.91442876649978,218.3746017296313,70.91442876649978,0
per_huruf_hybrid_skeleton_forced_loop_no_sig,5,5226,0.9697532009649286,217.6253982703687,71.96131087847064,217.6253982703687,71.96131087847064,0
per_huruf_hybrid_skeleton_forced_loop_no_sig,5,5227,0.9699387641491928,216.8857532999545,72.99681383705052,216.8857532999545,72.99681383705052,0
per_huruf_hybrid_skeleton_forced_loop_no_sig,5,5228,0.970124327333457,216.17478379608553,73.99226217569412,216.17478379608553,73.99226217569412,0
per_huruf_hybrid_skeleton_forced_loop_no_sig,5,5229,0.9703098905177212,215.5116067364588,74.91898042785616,215.5116067364588,74.91898042785616,0
per_huruf_hybrid_skeleton_forced_loop_no_sig,5,5230,0.9704954537019855,214.91533909877106,75.74829312699136,214.91533909877106,75.74829312699136,0
per_huruf_hybrid_skeleton_forced_loop_no_sig,5,5231,0.9706810168862497,214.40509786071917,76.45152480655439,214.40509786071917,76.45152480655439,0
per_huruf_hybrid_skeleton_forced_loop_no_sig,5,5232,0.970866580070514,214.0,77.0,214.0,77.0,0
per_huruf_hybrid_skeleton_forced_loop_no_sig,5,5233,0.9710521432547782,213.69367319071466,77.40464269458353,213.69367319071466,77.40464269458353,0
per_huruf_hybrid_skeleton_forced_loop_no_sig,5,5234,0.9712377064390424,213.46062812926718,77.70459717796996,213.46062812926718,77.70459717796996,0
per_huruf_hybrid_skeleton_forced_loop_no_sig,5,5235,0.9714232696233067,213.29130632680926,77.9135184342285,213.29130632680926,77.9135184342285,0
per_huruf_hybrid_skeleton_forced_loop_no_sig,5,5236,0.9716088328075709,213.17614929449243,78.0450614474283,213.17614929449243,78.0450614474283,0
per_huruf_hybrid_skeleton_forced_loop_no_sig,5,5237,0.9717943959918351,213.10559854346837,78.11288120163861,213.10559854346837,78.11288120163861,0
per_huruf_hybrid_skeleton_forced_loop_no_sig,5,5238,0.9719799591760994,213.07009558488852,78.13063268092854,213.07009558488852,78.13063268092854,0
per_huruf_hybrid_skeleton_forced_loop_no_sig,5,5239,0.9721655223603637,213.0600819299044,78.11197086936733,213.0600819299044,78.11197086936733,0
per_huruf_hybrid_skeleton_forced_loop_no_sig,5,5240,0.9723510855446279,213.06599908966777,78.07055075102413,213.06599908966777,78.07055075102413,0
per_huruf_hybrid_skeleton_forced_loop_no_sig,5,5241,0.9725366487288921,213.07828857532996,78.02002730996813,213.07828857532996,78.02002730996813,0
per_huruf_hybrid_skeleton_forced_loop_no_sig,5,5242,0.9727222119131563,213.08739189804277,77.97405553026854,213.08739189804277,77.97405553026854,0
per_huruf_hybrid_skeleton_forced_loop_no_sig,5,5243,0.9729077750974207,213.08375056895767,77.94629039599454,213.08375056895767,77.94629039599454,0
per_huruf_hybrid_skeleton_forced_loop_no_sig,5,5244,0.9730933382816849,213.0578060992262,77.95038689121529,213.0578060992262,77.95038689121529,0
per_huruf_hybrid_skeleton_forced_loop_no_sig,5,5245,0.9732789014659491,213.0,78.0,213.0,78.0,0
per_huruf_hybrid_skeleton_forced_loop_no_sig,5,5246,0.9734644646502133,212.93400091033232,78.0769230769231,212.93400091033232,78.0769230769231,0
per_huruf_hybrid_skeleton_forced_loop_no_sig,5,5247,0.9736500278344776,212.88620846609015,78.15384615384615,212.88620846609015,78.15384615384615,0
per_huruf_hybrid_skeleton_forced_loop_no_sig,5,5248,0.9738355910187418,212.85116067364584,78.23076923076921,212.85116067364584,78.23076923076921,0
per_huruf_hybrid_skeleton_forced_loop_no_sig,5,5249,0.9740211542030061,212.82339553937183,78.3076923076923,212.82339553937183,78.3076923076923,0
per_huruf_hybrid_skeleton_forced_loop_no_sig,5,5250,0.9742067173872703,212.79745106964043,78.3846153846154,212.79745106964043,78.3846153846154,0
per_huruf_hybrid_skeleton_forced_loop_no_sig,5,5251,0.9743922805715346,212.76786527082388,78.46153846153847,212.76786527082388,78.46153846153847,0
per_huruf_hybrid_skeleton_forced_loop_no_sig,5,5252,0.9745778437557988,212.72917614929446,78.53846153846153,212.72917614929446,78.53846153846153,0
per_huruf_hybrid_skeleton_forced_loop_no_sig,5,5253,0.974763406940063,212.67592171142468,78.61538461538461,212.67592171142468,78.61538461538461,0
per_huruf_hybrid_skeleton_forced_loop_no_sig,5,5254,0.9749489701243272,212.60263996358668,78.6923076923077,212.60263996358668,78.6923076923077,0
per_huruf_hybrid_skeleton_forced_loop_no_sig,5,5255,0.9751345333085916,212.5038689121529,78.76923076923077,212.5038689121529,78.76923076923077,0
per_huruf_hybrid_skeleton_forced_loop_no_sig,5,5256,0.9753200964928558,212.37414656349569,78.84615384615384,212.37414656349569,78.84615384615384,0
per_huruf_hybrid_skeleton_forced_loop_no_sig,5,5257,0.97550565967712,212.20801092398725,78.92307692307692,212.20801092398725,78.92307692307692,0
per_huruf_hybrid_skeleton_forced_loop_no_sig,5,5258,0.9756912228613842,212.0,79.0,212.0,79.0,0
per_huruf_hybrid_skeleton_forced_loop_no_sig,5,5259,0.9758767860456485,211.73554847519347,79.07692307692308,211.73554847519347,79.07692307692308,0
per_huruf_hybrid_skeleton_forced_loop_no_sig,5,5260,0.9760623492299128,211.41101502048247,79.15384615384617,211.41101502048247,79.15384615384617,0
per_huruf_hybrid_skeleton_forced_loop_no_sig,5,5261,0.976247912414177,211.03732362312243,79.23076923076921,211.03732362312243,79.23076923076921,0
per_huruf_hybrid_skeleton_forced_loop_no_sig,5,5262,0.9764334755984412,210.62539827036863,79.3076923076923,210.62539827036863,79.3076923076923,0
per_huruf_hybrid_skeleton_forced_loop_no_sig,5,5263,0.9766190387827055,210.18616294947657,79.3846153846154,210.18616294947657,79.3846153846154,0
per_huruf_hybrid_skeleton_forced_loop_no_sig,5,5264,0.9768046019669697,209.73054164770141,79.46153846153847,209.73054164770141,79.46153846153847,0
per_huruf_hybrid_skeleton_forced_loop_no_sig,5,5265,0.9769901651512339,209.26945835229859,79.53846153846155,209.26945835229859,79.53846153846155,0
per_huruf_hybrid_skeleton_forced_loop_no_sig,5,5266,0.9771757283354982,208.81383705052343,79.61538461538463,208.81383705052343,79.61538461538463,0
per_huruf_hybrid_skeleton_forced_loop_no_sig,5,5267,0.9773612915197625,208.3746017296313,79.69230769230768,208.3746017296313,79.69230769230768,0
per_huruf_hybrid_skeleton_forced_loop_no_sig,5,5268,0.9775468547040267,207.96267637687754,79.76923076923077,207.96267637687754,79.76923076923077,0
per_huruf_hybrid_skeleton_forced_loop_no_sig,5,5269,0.9777324178882909,207.58898497951753,79.84615384615384,207.58898497951753,79.84615384615384,0
per_huruf_hybrid_skeleton_forced_loop_no_sig,5,5270,0.9779179810725551,207.26445152480653,79.92307692307692,207.26445152480653,79.92307692307692,0
per_huruf_hybrid_skeleton_forced_loop_no_sig,5,5271,0.9781035442568194,207.0,80.0,207.0,80.0,0
per_huruf_hybrid_skeleton_forced_loop_no_sig,5,5272,0.9782891074410837,206.8329540282203,80.10423304506145,206.8329540282203,80.10423304506145,0
per_huruf_hybrid_skeleton_forced_loop_no_sig,5,5273,0.9784746706253479,206.77605826126538,80.25398270368684,206.77605826126538,80.25398270368684,0
per_huruf_hybrid_skeleton_forced_loop_no_sig,5,5274,0.9786602338096121,206.8033682294037,80.435593991807,206.8033682294037,80.435593991807,0
per_huruf_hybrid_skeleton_forced_loop_no_sig,5,5275,0.9788457969938764,206.88893946290395,80.63541192535274,206.88893946290395,80.63541192535274,0
per_huruf_hybrid_skeleton_forced_loop_no_sig,5,5276,0.9790313601781406,207.00682749203463,80.8397815202549,207.00682749203463,80.8397815202549,0
per_huruf_hybrid_skeleton_forced_loop_no_sig,5,5277,0.9792169233624048,207.13108784706418,81.03504779244425,207.13108784706418,81.03504779244425,0
per_huruf_hybrid_skeleton_forced_loop_no_sig,5,5278,0.9794024865466691,207.23577605826125,81.20755575785161,207.23577605826125,81.20755575785161,0
per_huruf_hybrid_skeleton_forced_loop_no_sig,5,5279,0.9795880497309334,207.29494765589442,81.34365043240783,207.29494765589442,81.34365043240783,0
per_huruf_hybrid_skeleton_forced_loop_no_sig,5,5280,0.9797736129151976,207.28265817023214,81.4296768320437,207.28265817023214,81.4296768320437,0
per_huruf_hybrid_skeleton_forced_loop_no_sig,5,5281,0.9799591760994618,207.17296313154299,81.45197997269001,207.17296313154299,81.45197997269001,0
per_huruf_hybrid_skeleton_forced_loop_no_sig,5,5282,0.980144739283726,206.9399180700956,81.39690487027765,206.9399180700956,81.39690487027765,0
per_huruf_hybrid_skeleton_forced_loop_no_sig,5,5283,0.9803303024679904,206.5575785161584,81.25079654073737,206.5575785161584,81.25079654073737,0
per_huruf_hybrid_skeleton_forced_loop_no_sig,5,5284,0.9805158656522546,206.0,81.0,206.0,81.0,0
per_huruf_hybrid_skeleton_forced_loop_no_sig,5,5285,0.9807014288365188,205.2198452435139,80.61356395084206,205.2198452435139,80.61356395084206,0
per_huruf_hybrid_skeleton_forced_loop_no_sig,5,5286,0.980886992020783,204.21438324988623,80.08602639963588,204.21438324988623,80.08602639963588,0
per_huruf_hybrid_skeleton_forced_loop_no_sig,5,5287,0.9810725552050473,203.0245789713245,79.44196631770596,203.0245789713245,79.44196631770596,0
per_huruf_hybrid_skeleton_forced_loop_no_sig,5,5288,0.9812581183893115,201.69139736003638,78.70596267637688,201.69139736003638,78.70596267637688,0
per_huruf_hybrid_skeleton_forced_loop_no_sig,5,5289,0.9814436815735758,200.25580336822946,77.90259444697315,200.25580336822946,77.90259444697315,0
per_huruf_hybrid_skeleton_forced_loop_no_sig,5,5290,0.98162924475784,198.75876194811107,77.0564406008193,198.75876194811107,77.0564406008193,0
per_huruf_hybrid_skeleton_forced_loop_no_sig,5,5291,0.9818148079421042,197.24123805188896,76.19208010923987,197.24123805188896,76.19208010923987,0
per_huruf_hybrid_skeleton_forced_loop_no_sig,5,5292,0.9820003711263685,195.74419663177062,75.3340919435594,195.74419663177062,75.3340919435594,0
per_huruf_hybrid_skeleton_forced_loop_no_sig,5,5293,0.9821859343106327,194.3086026399636,74.50705507510241,194.3086026399636,74.50705507510241,0
per_huruf_hybrid_skeleton_forced_loop_no_sig,5,5294,0.9823714974948969,192.97542102867544,73.73554847519344,192.97542102867544,73.73554847519344,0
per_huruf_hybrid_skeleton_forced_loop_no_sig,5,5295,0.9825570606791612,191.78561675011377,73.04415111515704,191.78561675011377,73.04415111515704,0
per_huruf_hybrid_skeleton_forced_loop_no_sig,5,5296,0.9827426238634255,190.78015475648613,72.4574419663177,190.78015475648613,72.4574419663177,0
per_huruf_hybrid_skeleton_forced_loop_no_sig,5,5297,0.9829281870476897,190.0,72.0,190.0,72.0,0
per_huruf_hybrid_skeleton_forced_loop_no_sig,5,5298,0.9831137502319539,189.44242148384163,71.65817023213475,189.44242148384163,71.65817023213475,0
per_huruf_hybrid_skeleton_forced_loop_no_sig,5,5299,0.9832993134162181,189.0600819299044,71.39553937187073,189.0600819299044,71.39553937187073,0
per_huruf_hybrid_skeleton_forced_loop_no_sig,5,5300,0.9834848766004824,188.82703686845696,71.20254893035957,188.82703686845696,71.20254893035957,0
per_huruf_hybrid_skeleton_forced_loop_no_sig,5,5301,0.9836704397847467,188.71734182976783,71.06964041875284,188.71734182976783,71.06964041875284,0
per_huruf_hybrid_skeleton_forced_loop_no_sig,5,5302,0.9838560029690109,188.70505234410564,70.9872553482021,188.70505234410564,70.9872553482021,0
per_huruf_hybrid_skeleton_forced_loop_no_sig,5,5303,0.9840415661532751,188.76422394173875,70.94583522985891,188.76422394173875,70.94583522985891,0
per_huruf_hybrid_skeleton_forced_loop_no_sig,5,5304,0.9842271293375394,188.86891215293582,70.93582157487484,188.86891215293582,70.93582157487484,0
per_huruf_hybrid_skeleton_forced_loop_no_sig,5,5305,0.9844126925218036,188.99317250796543,70.94765589440146,188.99317250796543,70.94765589440146,0
per_huruf_hybrid_skeleton_forced_loop_no_sig,5,5306,0.9845982557060678,189.11106053709602,70.97177969959034,189.11106053709602,70.97177969959034,0
per_huruf_hybrid_skeleton_forced_loop_no_sig,5,5307,0.9847838188903321,189.19663177059624,70.99863450159307,189.19663177059624,70.99863450159307,0
per_huruf_hybrid_skeleton_forced_loop_no_sig,5,5308,0.9849693820745964,189.22394173873465,71.01866181156123,189.22394173873465,71.01866181156123,0
per_huruf_hybrid_skeleton_forced_loop_no_sig,5,5309,0.9851549452588606,189.1670459717797,71.02230314064633,189.1670459717797,71.02230314064633,0
per_huruf_hybrid_skeleton_forced_loop_no_sig,5,5310,0.9853405084431248,189.0,71.0,189.0,71.0,0
per_huruf_hybrid_skeleton_forced_loop_no_sig,5,5311,0.985526071627389,188.73554847519347,70.96449704142013,188.73554847519347,70.96449704142013,0
per_huruf_hybrid_skeleton_forced_loop_no_sig,5,5312,0.9857116348116534,188.41101502048247,70.93491124260356,188.41101502048247,70.93491124260356,0
per_huruf_hybrid_skeleton_forced_loop_no_sig,5,5313,0.9858971979959176,188.0373236231224,70.91124260355028,188.0373236231224,70.91124260355028,0
per_huruf_hybrid_skeleton_forced_loop_no_sig,5,5314,0.9860827611801818,187.62539827036866,70.89349112426035,187.62539827036866,70.89349112426035,0
per_huruf_hybrid_skeleton_forced_loop_no_sig,5,5315,0.986268324364446,187.1861629494766,70.88165680473372,187.1861629494766,70.88165680473372,0
per_huruf_hybrid_skeleton_forced_loop_no_sig,5,5316,0.9864538875487103,186.73054164770144,70.87573964497042,186.73054164770144,70.87573964497042,0
per_huruf_hybrid_skeleton_forced_loop_no_sig,5,5317,0.9866394507329745,186.26945835229859,70.87573964497041,186.26945835229859,70.87573964497041,0
per_huruf_hybrid_skeleton_forced_loop_no_sig,5,5318,0.9868250139172388,185.81383705052346,70.88165680473372,185.81383705052346,70.88165680473372,0
per_huruf_hybrid_skeleton_forced_loop_no_sig,5,5319,0.987010577101503,185.3746017296313,70.89349112426035,185.3746017296313,70.89349112426035,0
per_huruf_hybrid_skeleton_forced_loop_no_sig,5,5320,0.9871961402857673,184.96267637687754,70.91124260355028,184.96267637687754,70.91124260355028,0
per_huruf_hybrid_skeleton_forced_loop_no_sig,5,5321,0.9873817034700315,184.58898497951753,70.93491124260356,184.58898497951753,70.93491124260356,0
per_huruf_hybrid_skeleton_forced_loop_no_sig,5,5322,0.9875672666542957,184.26445152480653,70.96449704142012,184.26445152480653,70.96449704142012,0
per_huruf_hybrid_skeleton_forced_loop_no_sig,5,5323,0.9877528298385599,184.0,71.0,184.0,71.0,0
per_huruf_hybrid_skeleton_forced_loop_no_sig,5,5324,0.9879383930228243,183.79472007282658,71.04415111515704,183.79472007282658,71.04415111515704,0
per_huruf_hybrid_skeleton_forced_loop_no_sig,5,5325,0.9881239562070885,183.63586709148842,71.09877105143377,183.63586709148842,71.09877105143377,0
per_huruf_hybrid_skeleton_forced_loop_no_sig,5,5326,0.9883095193913527,183.5166135639508,71.16249431042328,183.5166135639508,71.16249431042328,0
per_huruf_hybrid_skeleton_forced_loop_no_sig,5,5327,0.9884950825756169,183.43013199817935,71.2339553937187,183.43013199817935,71.2339553937187,0
per_huruf_hybrid_skeleton_forced_loop_no_sig,5,5328,0.9886806457598812,183.36959490213934,71.31178880291307,183.36959490213934,71.31178880291307,0
per_huruf_hybrid_skeleton_forced_loop_no_sig,5,5329,0.9888662089441455,183.3281747837961,71.39462903959945,183.3281747837961,71.39462903959945,0
per_huruf_hybrid_skeleton_forced_loop_no_sig,5,5330,0.9890517721284097,183.29904415111514,71.48111060537096,183.29904415111514,71.48111060537096,0
per_huruf_hybrid_skeleton_forced_loop_no_sig,5,5331,0.9892373353126739,183.27537551206188,71.56986800182067,183.27537551206188,71.56986800182067,0
per_huruf_hybrid_skeleton_forced_loop_no_sig,5,5332,0.9894228984969382,183.25034137460173,71.65953573054165,183.25034137460173,71.65953573054165,0
per_huruf_hybrid_skeleton_forced_loop_no_sig,5,5333,0.9896084616812024,183.21711424670002,71.748748293127,183.21711424670002,71.748748293127,0
per_huruf_hybrid_skeleton_forced_loop_no_sig,5,5334,0.9897940248654666,183.16886663632226,71.83614019116979,183.16886663632226,71.83614019116979,0
per_huruf_hybrid_skeleton_forced_loop_no_sig,5,5335,0.9899795880497309,183.0987710514338,71.92034592626308,183.0987710514338,71.92034592626308,0
per_huruf_hybrid_skeleton_forced_loop_no_sig,5,5336,0.9901651512339952,183.0,72.0,183.0,72.0,0
per_huruf_hybrid_skeleton_forced_loop_no_sig,5,5337,0.9903507144182594,182.87619481110607,72.07965407373692,182.87619481110607,72.07965407373692,0
per_huruf_hybrid_skeleton_forced_loop_no_sig,5,5338,0.9905362776025236,182.73736913973602,72.16385980883022,182.73736913973602,72.16385980883022,0
per_huruf_hybrid_skeleton_forced_loop_no_sig,5,5339,0.9907218407867878,182.58625398270365,72.251251706873,182.58625398270365,72.251251706873,0
per_huruf_hybrid_skeleton_forced_loop_no_sig,5,5340,0.9909074039710521,182.42558033682292,72.34046426945832,182.42558033682292,72.34046426945832,0
per_huruf_hybrid_skeleton_forced_loop_no_sig,5,5341,0.9910929671553164,182.25807919890764,72.43013199817933,182.25807919890764,72.43013199817933,0
per_huruf_hybrid_skeleton_forced_loop_no_sig,5,5342,0.9912785303395806,182.08648156577152,72.51888939462903,182.08648156577152,72.51888939462903,0
per_huruf_hybrid_skeleton_forced_loop_no_sig,5,5343,0.9914640935238448,181.91351843422848,72.60537096040053,181.91351843422848,72.60537096040053,0
per_huruf_hybrid_skeleton_forced_loop_no_sig,5,5344,0.9916496567081091,181.74192080109242,72.68821119708693,181.74192080109242,72.68821119708693,0
per_huruf_hybrid_skeleton_forced_loop_no_sig,5,5345,0.9918352198923733,181.57441966317705,72.7660446062813,181.57441966317705,72.7660446062813,0
per_huruf_hybrid_skeleton_forced_loop_no_sig,5,5346,0.9920207830766375,181.41374601729632,72.83750568957669,181.41374601729632,72.83750568957669,0
per_huruf_hybrid_skeleton_forced_loop_no_sig,5,5347,0.9922063462609018,181.26263086026398,72.90122894856623,181.26263086026398,72.90122894856623,0
per_huruf_hybrid_skeleton_forced_loop_no_sig,5,5348,0.992391909445166,181.12380518889393,72.95584888484296,181.12380518889393,72.95584888484296,0
per_huruf_hybrid_skeleton_forced_loop_no_sig,5,5349,0.9925774726294303,181.0,73.0,181.0,73.0,0
per_huruf_hybrid_skeleton_forced_loop_no_sig,5,5350,0.9927630358136945,180.8903049613109,73.03004096495222,180.8903049613109,73.03004096495222,0
per_huruf_hybrid_skeleton_forced_loop_no_sig,5,5351,0.9929485989979587,180.7910787437415,73.04506144742832,180.7910787437415,73.04506144742832,0
per_huruf_hybrid_skeleton_forced_loop_no_sig,5,5352,0.993134162182223,180.70095584888483,73.04779244424213,180.70095584888483,73.04779244424213,0
per_huruf_hybrid_skeleton_forced_loop_no_sig,5,5353,0.9933197253664873,180.61857077833406,73.04096495220755,180.61857077833406,73.04096495220755,0
per_huruf_hybrid_skeleton_forced_loop_no_sig,5,5354,0.9935052885507515,180.5425580336823,73.02730996813838,180.5425580336823,73.02730996813838,0
per_huruf_hybrid_skeleton_forced_loop_no_sig,5,5355,0.9936908517350157,180.47155211652253,73.00955848884843,180.47155211652253,73.00955848884843,0
per_huruf_hybrid_skeleton_forced_loop_no_sig,5,5356,0.9938764149192799,180.4041875284479,72.99044151115157,180.4041875284479,72.99044151115157,0
per_huruf_hybrid_skeleton_forced_loop_no_sig,5,5357,0.9940619781035442,180.33909877105145,72.97269003186163,180.33909877105145,72.97269003186163,0
per_huruf_hybrid_skeleton_forced_loop_no_sig,5,5358,0.9942475412878085,180.27492034592626,72.95903504779244,180.27492034592626,72.95903504779244,0
per_huruf_hybrid_skeleton_forced_loop_no_sig,5,5359,0.9944331044720727,180.21028675466545,72.95220755575784,180.21028675466545,72.95220755575784,0
per_huruf_hybrid_skeleton_forced_loop_no_sig,5,5360,0.9946186676563369,180.14383249886208,72.95493855257169,180.14383249886208,72.95493855257169,0
per_huruf_hybrid_skeleton_forced_loop_no_sig,5,5361,0.9948042308406012,180.07419208010924,72.9699590350478,180.07419208010924,72.9699590350478,0
per_huruf_hybrid_skeleton_forced_loop_no_sig,5,5362,0.9949897940248654,180.0,73.0,180.0,73.0,0
per_huruf_hybrid_skeleton_forced_loop_no_sig,5,5363,0.9951753572091296,179.9203459262631,73.04688211197087,179.9203459262631,73.04688211197087,0
per_huruf_hybrid_skeleton_forced_loop_no_sig,5,5364,0.9953609203933939,179.8361401911698,73.10878470641785,179.8361401911698,73.10878470641785,0
per_huruf_hybrid_skeleton_forced_loop_no_sig,5,5365,0.9955464835776582,179.74874829312697,73.18297678652708,179.74874829312697,73.18297678652708,0
per_huruf_hybrid_skeleton_forced_loop_no_sig,5,5366,0.9957320467619224,179.65953573054162,73.26672735548475,179.65953573054162,73.26672735548475,0
per_huruf_hybrid_skeleton_forced_loop_no_sig,5,5367,0.9959176099461866,179.56986800182065,73.35730541647703,179.56986800182065,73.35730541647703,0
per_huruf_hybrid_skeleton_forced_loop_no_sig,5,5368,0.9961031731304508,179.481110605371,73.45197997269004,179.481110605371,73.45197997269004,0
per_huruf_hybrid_skeleton_forced_loop_no_sig,5,5369,0.9962887363147152,179.39462903959947,73.54802002730997,179.39462903959947,73.54802002730997,0
per_huruf_hybrid_skeleton_forced_loop_no_sig,5,5370,0.9964742994989794,179.31178880291304,73.64269458352298,179.31178880291304,73.64269458352298,0
per_huruf_hybrid_skeleton_forced_loop_no_sig,5,5371,0.9966598626832436,179.2339553937187,73.73327264451524,179.2339553937187,73.73327264451524,0
per_huruf_hybrid_skeleton_forced_loop_no_sig,5,5372,0.9968454258675078,179.16249431042328,73.81702321347291,179.16249431042328,73.81702321347291,0
per_huruf_hybrid_skeleton_forced_loop_no_sig,5,5373,0.9970309890517721,179.09877105143377,73.89121529358215,179.09877105143377,73.89121529358215,0
per_huruf_hybrid_skeleton_forced_loop_no_sig,5,5374,0.9972165522360363,179.04415111515704,73.95311788802913,179.04415111515704,73.95311788802913,0
per_huruf_hybrid_skeleton_forced_loop_no_sig,5,5375,0.9974021154203006,179.0,74.0,179.0,74.0,0
per_huruf_hybrid_skeleton_forced_loop_no_sig,5,5376,0.9975876786045648,162.0,84.0,162.0,84.0,0
per_huruf_hybrid_skeleton_forced_loop_no_sig,5,5377,0.9977732417888291,162.0468821119709,84.04688211197089,162.0468821119709,84.04688211197089,0
per_huruf_hybrid_skeleton_forced_loop_no_sig,5,5378,0.9979588049730933,162.10878470641782,84.10878470641785,162.10878470641782,84.10878470641785,0
per_huruf_hybrid_skeleton_forced_loop_no_sig,5,5379,0.9981443681573575,162.18297678652704,84.18297678652708,162.18297678652704,84.18297678652708,0
per_huruf_hybrid_skeleton_forced_loop_no_sig,5,5380,0.9983299313416217,162.26672735548473,84.26672735548475,162.26672735548473,84.26672735548475,0
per_huruf_hybrid_skeleton_forced_loop_no_sig,5,5381,0.9985154945258861,162.35730541647703,84.35730541647702,162.35730541647703,84.35730541647702,0
per_huruf_hybrid_skeleton_forced_loop_no_sig,5,5382,0.9987010577101503,162.45197997269003,84.45197997269004,162.45197997269003,84.45197997269004,0
per_huruf_hybrid_skeleton_forced_loop_no_sig,5,5383,0.9988866208944145,162.54802002730997,84.54802002730996,162.54802002730997,84.54802002730996,0
per_huruf_hybrid_skeleton_forced_loop_no_sig,5,5384,0.9990721840786787,162.642694583523,84.64269458352298,162.642694583523,84.64269458352298,0
per_huruf_hybrid_skeleton_forced_loop_no_sig,5,5385,0.999257747262943,162.73327264451524,84.73327264451524,162.73327264451524,84.73327264451524,0
per_huruf_hybrid_skeleton_forced_loop_no_sig,5,5386,0.9994433104472072,162.8170232134729,84.81702321347291,162.8170232134729,84.81702321347291,0
per_huruf_hybrid_skeleton_forced_loop_no_sig,5,5387,0.9996288736314715,162.89121529358215,84.89121529358216,162.89121529358215,84.89121529358216,0
per_huruf_hybrid_skeleton_forced_loop_no_sig,5,5388,0.9998144368157357,162.95311788802914,84.95311788802913,162.95311788802914,84.95311788802913,0
per_huruf_hybrid_skeleton_forced_loop_no_sig,5,5389,1.0,163.0,85.0,163.0,85.0,0
