label,huruf,point_index,t,bezier_xx_x,bezier_xx_y,xx_sc_x,xx_sc_y,is_sample_output_bezier_py
per_huruf_hybrid_skeleton_forced_loop_no_sig,12,0,0.0,433.0,69.0,433.0,69.0,0
per_huruf_hybrid_skeleton_forced_loop_no_sig,12,1,0.0007604562737642585,433.0141101502049,68.89030496131089,433.0141101502049,68.89030496131089,0
per_huruf_hybrid_skeleton_forced_loop_no_sig,12,2,0.001520912547528517,433.05370960400546,68.79107874374147,433.05370960400546,68.79107874374147,0
per_huruf_hybrid_skeleton_forced_loop_no_sig,12,3,0.0022813688212927757,433.11470186618106,68.70095584888483,433.11470186618106,68.70095584888483,0
per_huruf_hybrid_skeleton_forced_loop_no_sig,12,4,0.003041825095057034,433.1929904415111,68.61857077833409,433.1929904415111,68.61857077833409,0
per_huruf_hybrid_skeleton_forced_loop_no_sig,12,5,0.0038022813688212923,433.28447883477475,68.5425580336823,433.28447883477475,68.5425580336823,0
per_huruf_hybrid_skeleton_forced_loop_no_sig,12,6,0.0045627376425855515,433.38507055075104,68.47155211652253,433.38507055075104,68.47155211652253,0
per_huruf_hybrid_skeleton_forced_loop_no_sig,12,7,0.00532319391634981,433.4906690942194,68.40418752844788,433.4906690942194,68.40418752844788,0
per_huruf_hybrid_skeleton_forced_loop_no_sig,12,8,0.006083650190114068,433.5971779699591,68.33909877105144,433.5971779699591,68.33909877105144,0
per_huruf_hybrid_skeleton_forced_loop_no_sig,12,9,0.006844106463878326,433.7005006827492,68.27492034592626,433.7005006827492,68.27492034592626,0
per_huruf_hybrid_skeleton_forced_loop_no_sig,12,10,0.007604562737642585,433.79654073736907,68.21028675466545,433.79654073736907,68.21028675466545,0
per_huruf_hybrid_skeleton_forced_loop_no_sig,12,11,0.008365019011406844,433.8812016385981,68.14383249886208,433.8812016385981,68.14383249886208,0
per_huruf_hybrid_skeleton_forced_loop_no_sig,12,12,0.009125475285171103,433.95038689121526,68.07419208010924,433.95038689121526,68.07419208010924,0
per_huruf_hybrid_skeleton_forced_loop_no_sig,12,13,0.00988593155893536,434.0,68.0,434.0,68.0,0
per_huruf_hybrid_skeleton_forced_loop_no_sig,12,14,0.01064638783269962,434.0327719617661,67.92307692307693,434.0327719617661,67.92307692307693,0
per_huruf_hybrid_skeleton_forced_loop_no_sig,12,15,0.011406844106463877,434.0550751024124,67.84615384615385,434.0550751024124,67.84615384615385,0
per_huruf_hybrid_skeleton_forced_loop_no_sig,12,16,0.012167300380228136,434.06827492034586,67.76923076923076,434.06827492034586,67.76923076923076,0
per_huruf_hybrid_skeleton_forced_loop_no_sig,12,17,0.012927756653992395,434.07373691397356,67.69230769230768,434.07373691397356,67.69230769230768,0
per_huruf_hybrid_skeleton_forced_loop_no_sig,12,18,0.013688212927756653,434.07282658170243,67.61538461538463,434.07282658170243,67.61538461538463,0
per_huruf_hybrid_skeleton_forced_loop_no_sig,12,19,0.014448669201520912,434.06690942193904,67.53846153846155,434.06690942193904,67.53846153846155,0
per_huruf_hybrid_skeleton_forced_loop_no_sig,12,20,0.01520912547528517,434.0573509330906,67.46153846153845,434.0573509330906,67.46153846153845,0
per_huruf_hybrid_skeleton_forced_loop_no_sig,12,21,0.01596958174904943,434.04551661356396,67.38461538461539,434.04551661356396,67.38461538461539,0
per_huruf_hybrid_skeleton_forced_loop_no_sig,12,22,0.016730038022813688,434.03277196176606,67.3076923076923,434.03277196176606,67.3076923076923,0
per_huruf_hybrid_skeleton_forced_loop_no_sig,12,23,0.017490494296577945,434.0204824761037,67.23076923076923,434.0204824761037,67.23076923076923,0
per_huruf_hybrid_skeleton_forced_loop_no_sig,12,24,0.018250950570342206,434.0100136549841,67.15384615384616,434.0100136549841,67.15384615384616,0
per_huruf_hybrid_skeleton_forced_loop_no_sig,12,25,0.019011406844106463,434.00273099681385,67.07692307692308,434.00273099681385,67.07692307692308,0
per_huruf_hybrid_skeleton_forced_loop_no_sig,12,26,0.01977186311787072,434.0,67.0,434.0,67.0,0
per_huruf_hybrid_skeleton_forced_loop_no_sig,12,27,0.020532319391634978,433.9972690031862,66.92307692307693,433.9972690031862,66.92307692307693,0
per_huruf_hybrid_skeleton_forced_loop_no_sig,12,28,0.02129277566539924,433.98998634501595,66.84615384615385,433.98998634501595,66.84615384615385,0
per_huruf_hybrid_skeleton_forced_loop_no_sig,12,29,0.022053231939163497,433.97951752389616,66.76923076923076,433.97951752389616,66.76923076923076,0
per_huruf_hybrid_skeleton_forced_loop_no_sig,12,30,0.022813688212927754,433.96722803823394,66.69230769230768,433.96722803823394,66.69230769230768,0
per_huruf_hybrid_skeleton_forced_loop_no_sig,12,31,0.023574144486692015,433.9544833864361,66.61538461538463,433.9544833864361,66.61538461538463,0
per_huruf_hybrid_skeleton_forced_loop_no_sig,12,32,0.024334600760456272,433.94264906690944,66.53846153846155,433.94264906690944,66.53846153846155,0
per_huruf_hybrid_skeleton_forced_loop_no_sig,12,33,0.02509505703422053,433.933090578061,66.46153846153847,433.933090578061,66.46153846153847,0
per_huruf_hybrid_skeleton_forced_loop_no_sig,12,34,0.02585551330798479,433.92717341829774,66.38461538461539,433.92717341829774,66.38461538461539,0
per_huruf_hybrid_skeleton_forced_loop_no_sig,12,35,0.026615969581749048,433.9262630860264,66.3076923076923,433.9262630860264,66.3076923076923,0
per_huruf_hybrid_skeleton_forced_loop_no_sig,12,36,0.027376425855513305,433.93172507965403,66.23076923076923,433.93172507965403,66.23076923076923,0
per_huruf_hybrid_skeleton_forced_loop_no_sig,12,37,0.028136882129277566,433.9449248975876,66.15384615384616,433.9449248975876,66.15384615384616,0
per_huruf_hybrid_skeleton_forced_loop_no_sig,12,38,0.028897338403041824,433.96722803823394,66.07692307692308,433.96722803823394,66.07692307692308,0
per_huruf_hybrid_skeleton_forced_loop_no_sig,12,39,0.02965779467680608,434.0,66.0,434.0,66.0,0
per_huruf_hybrid_skeleton_forced_loop_no_sig,12,40,0.03041825095057034,434.0441511151571,65.92307692307693,434.0441511151571,65.92307692307693,1
per_huruf_hybrid_skeleton_forced_loop_no_sig,12,41,0.0311787072243346,434.0987710514338,65.84615384615385,434.0987710514338,65.84615384615385,0
per_huruf_hybrid_skeleton_forced_loop_no_sig,12,42,0.03193916349809886,434.16249431042326,65.76923076923077,434.16249431042326,65.76923076923077,0
per_huruf_hybrid_skeleton_forced_loop_no_sig,12,43,0.032699619771863114,434.23395539371865,65.6923076923077,434.23395539371865,65.6923076923077,0
per_huruf_hybrid_skeleton_forced_loop_no_sig,12,44,0.033460076045627375,434.31178880291316,65.61538461538461,434.31178880291316,65.61538461538461,0
per_huruf_hybrid_skeleton_forced_loop_no_sig,12,45,0.034220532319391636,434.3946290395995,65.53846153846153,434.3946290395995,65.53846153846153,0
per_huruf_hybrid_skeleton_forced_loop_no_sig,12,46,0.03498098859315589,434.481110605371,65.46153846153847,434.481110605371,65.46153846153847,0
per_huruf_hybrid_skeleton_forced_loop_no_sig,12,47,0.03574144486692015,434.5698680018207,65.38461538461539,434.5698680018207,65.38461538461539,0
per_huruf_hybrid_skeleton_forced_loop_no_sig,12,48,0.03650190114068441,434.6595357305416,65.3076923076923,434.6595357305416,65.3076923076923,0
per_huruf_hybrid_skeleton_forced_loop_no_sig,12,49,0.037262357414448666,434.74874829312694,65.23076923076923,434.74874829312694,65.23076923076923,0
per_huruf_hybrid_skeleton_forced_loop_no_sig,12,50,0.03802281368821293,434.83614019116976,65.15384615384616,434.83614019116976,65.15384615384616,0
per_huruf_hybrid_skeleton_forced_loop_no_sig,12,51,0.03878326996197718,434.9203459262631,65.07692307692307,434.9203459262631,65.07692307692307,0
per_huruf_hybrid_skeleton_forced_loop_no_sig,12,52,0.03954372623574144,435.0,65.0,435.0,65.0,0
per_huruf_hybrid_skeleton_forced_loop_no_sig,12,53,0.0403041825095057,435.07692307692315,64.9203459262631,435.07692307692315,64.9203459262631,0
per_huruf_hybrid_skeleton_forced_loop_no_sig,12,54,0.041064638783269956,435.15384615384613,64.83614019116979,435.15384615384613,64.83614019116979,0
per_huruf_hybrid_skeleton_forced_loop_no_sig,12,55,0.04182509505703422,435.23076923076917,64.74874829312698,435.23076923076917,64.74874829312698,0
per_huruf_hybrid_skeleton_forced_loop_no_sig,12,56,0.04258555133079848,435.30769230769226,64.65953573054165,435.30769230769226,64.65953573054165,0
per_huruf_hybrid_skeleton_forced_loop_no_sig,12,57,0.04334600760456273,435.3846153846154,64.56986800182068,435.3846153846154,64.56986800182068,0
per_huruf_hybrid_skeleton_forced_loop_no_sig,12,58,0.04410646387832699,435.46153846153845,64.48111060537097,435.46153846153845,64.48111060537097,0
per_huruf_hybrid_skeleton_forced_loop_no_sig,12,59,0.044866920152091254,435.53846153846155,64.39462903959947,435.53846153846155,64.39462903959947,0
per_huruf_hybrid_skeleton_forced_loop_no_sig,12,60,0.04562737642585551,435.61538461538464,64.31178880291307,435.61538461538464,64.31178880291307,0
per_huruf_hybrid_skeleton_forced_loop_no_sig,12,61,0.04638783269961977,435.6923076923077,64.2339553937187,435.6923076923077,64.2339553937187,1
per_huruf_hybrid_skeleton_forced_loop_no_sig,12,62,0.04714828897338403,435.7692307692307,64.1624943104233,435.7692307692307,64.1624943104233,0
per_huruf_hybrid_skeleton_forced_loop_no_sig,12,63,0.047908745247148284,435.84615384615387,64.09877105143377,435.84615384615387,64.09877105143377,0
per_huruf_hybrid_skeleton_forced_loop_no_sig,12,64,0.048669201520912544,435.9230769230769,64.04415111515704,435.9230769230769,64.04415111515704,0
per_huruf_hybrid_skeleton_forced_loop_no_sig,12,65,0.049429657794676805,436.0,64.0,436.0,64.0,0
per_huruf_hybrid_skeleton_forced_loop_no_sig,12,66,0.05019011406844106,436.07692307692315,63.96722803823397,436.07692307692315,63.96722803823397,0
per_huruf_hybrid_skeleton_forced_loop_no_sig,12,67,0.05095057034220532,436.1538461538462,63.94492489758762,436.1538461538462,63.94492489758762,0
per_huruf_hybrid_skeleton_forced_loop_no_sig,12,68,0.05171102661596958,436.23076923076917,63.931725079654065,436.23076923076917,63.931725079654065,0
per_huruf_hybrid_skeleton_forced_loop_no_sig,12,69,0.052471482889733835,436.30769230769226,63.92626308602639,436.30769230769226,63.92626308602639,0
per_huruf_hybrid_skeleton_forced_loop_no_sig,12,70,0.053231939163498096,436.3846153846155,63.92717341829769,436.3846153846155,63.92717341829769,0
per_huruf_hybrid_skeleton_forced_loop_no_sig,12,71,0.05399239543726236,436.46153846153845,63.933090578061,436.46153846153845,63.933090578061,0
per_huruf_hybrid_skeleton_forced_loop_no_sig,12,72,0.05475285171102661,436.53846153846155,63.94264906690942,436.53846153846155,63.94264906690942,0
per_huruf_hybrid_skeleton_forced_loop_no_sig,12,73,0.05551330798479087,436.61538461538464,63.954483386436046,436.61538461538464,63.954483386436046,0
per_huruf_hybrid_skeleton_forced_loop_no_sig,12,74,0.05627376425855513,436.6923076923077,63.967228038233955,436.6923076923077,63.967228038233955,0
per_huruf_hybrid_skeleton_forced_loop_no_sig,12,75,0.05703422053231939,436.7692307692307,63.97951752389622,436.7692307692307,63.97951752389622,0
per_huruf_hybrid_skeleton_forced_loop_no_sig,12,76,0.05779467680608365,436.84615384615387,63.989986345015936,436.84615384615387,63.989986345015936,0
per_huruf_hybrid_skeleton_forced_loop_no_sig,12,77,0.05855513307984791,436.9230769230769,63.99726900318616,436.9230769230769,63.99726900318616,0
per_huruf_hybrid_skeleton_forced_loop_no_sig,12,78,0.05931558935361216,437.0,64.0,437.0,64.0,0
per_huruf_hybrid_skeleton_forced_loop_no_sig,12,79,0.06007604562737642,437.07692307692315,64.00000000000001,437.07692307692315,64.00000000000001,0
per_huruf_hybrid_skeleton_forced_loop_no_sig,12,80,0.06083650190114068,437.15384615384613,64.0,437.15384615384613,64.0,0
per_huruf_hybrid_skeleton_forced_loop_no_sig,12,81,0.06159695817490494,437.2307692307691,63.99999999999999,437.2307692307691,63.99999999999999,1
per_huruf_hybrid_skeleton_forced_loop_no_sig,12,82,0.0623574144486692,437.3076923076923,63.99999999999999,437.3076923076923,63.99999999999999,0
per_huruf_hybrid_skeleton_forced_loop_no_sig,12,83,0.06311787072243345,437.3846153846155,64.0,437.3846153846155,64.0,0
per_huruf_hybrid_skeleton_forced_loop_no_sig,12,84,0.06387832699619772,437.46153846153845,64.0,437.46153846153845,64.0,0
per_huruf_hybrid_skeleton_forced_loop_no_sig,12,85,0.06463878326996197,437.53846153846155,64.0,437.53846153846155,64.0,0
per_huruf_hybrid_skeleton_forced_loop_no_sig,12,86,0.06539923954372623,437.61538461538464,64.0,437.61538461538464,64.0,0
per_huruf_hybrid_skeleton_forced_loop_no_sig,12,87,0.0661596958174905,437.6923076923077,64.0,437.6923076923077,64.0,0
per_huruf_hybrid_skeleton_forced_loop_no_sig,12,88,0.06692015209125475,437.7692307692307,63.99999999999999,437.7692307692307,63.99999999999999,0
per_huruf_hybrid_skeleton_forced_loop_no_sig,12,89,0.067680608365019,437.84615384615387,64.0,437.84615384615387,64.0,0
per_huruf_hybrid_skeleton_forced_loop_no_sig,12,90,0.06844106463878327,437.9230769230769,64.0,437.9230769230769,64.0,0
per_huruf_hybrid_skeleton_forced_loop_no_sig,12,91,0.06920152091254753,438.0,64.0,438.0,64.0,1
per_huruf_hybrid_skeleton_forced_loop_no_sig,12,92,0.06996197718631178,438.0769230769231,64.00273099681385,438.0769230769231,64.00273099681385,0
per_huruf_hybrid_skeleton_forced_loop_no_sig,12,93,0.07072243346007605,438.15384615384613,64.01001365498408,438.15384615384613,64.01001365498408,0
per_huruf_hybrid_skeleton_forced_loop_no_sig,12,94,0.0714828897338403,438.23076923076917,64.02048247610377,438.23076923076917,64.02048247610377,0
per_huruf_hybrid_skeleton_forced_loop_no_sig,12,95,0.07224334600760456,438.30769230769226,64.03277196176604,438.30769230769226,64.03277196176604,0
per_huruf_hybrid_skeleton_forced_loop_no_sig,12,96,0.07300380228136882,438.3846153846155,64.04551661356396,438.3846153846155,64.04551661356396,0
per_huruf_hybrid_skeleton_forced_loop_no_sig,12,97,0.07376425855513308,438.4615384615385,64.05735093309059,438.4615384615385,64.05735093309059,0
per_huruf_hybrid_skeleton_forced_loop_no_sig,12,98,0.07452471482889733,438.53846153846155,64.06690942193902,438.53846153846155,64.06690942193902,0
per_huruf_hybrid_skeleton_forced_loop_no_sig,12,99,0.07528517110266159,438.61538461538464,64.07282658170233,438.61538461538464,64.07282658170233,0
per_huruf_hybrid_skeleton_forced_loop_no_sig,12,100,0.07604562737642585,438.6923076923077,64.07373691397359,438.6923076923077,64.07373691397359,0
per_huruf_hybrid_skeleton_forced_loop_no_sig,12,101,0.07680608365019011,438.7692307692307,64.06827492034591,438.7692307692307,64.06827492034591,0
per_huruf_hybrid_skeleton_forced_loop_no_sig,12,102,0.07756653992395436,438.84615384615387,64.05507510241239,438.84615384615387,64.05507510241239,0
per_huruf_hybrid_skeleton_forced_loop_no_sig,12,103,0.07832699619771863,438.9230769230769,64.03277196176604,438.9230769230769,64.03277196176604,0
per_huruf_hybrid_skeleton_forced_loop_no_sig,12,104,0.07908745247148288,439.0,64.0,439.0,64.0,0
per_huruf_hybrid_skeleton_forced_loop_no_sig,12,105,0.07984790874524714,439.0769230769231,63.953117888029134,439.0769230769231,63.953117888029134,0
per_huruf_hybrid_skeleton_forced_loop_no_sig,12,106,0.0806083650190114,439.15384615384613,63.891215293582164,439.15384615384613,63.891215293582164,0
per_huruf_hybrid_skeleton_forced_loop_no_sig,12,107,0.08136882129277566,439.23076923076917,63.81702321347291,439.23076923076917,63.81702321347291,0
per_huruf_hybrid_skeleton_forced_loop_no_sig,12,108,0.08212927756653991,439.30769230769226,63.733272644515246,439.30769230769226,63.733272644515246,0
per_huruf_hybrid_skeleton_forced_loop_no_sig,12,109,0.08288973384030418,439.3846153846154,63.642694583522996,439.3846153846154,63.642694583522996,0
per_huruf_hybrid_skeleton_forced_loop_no_sig,12,110,0.08365019011406843,439.4615384615385,63.548020027309974,439.4615384615385,63.548020027309974,0
per_huruf_hybrid_skeleton_forced_loop_no_sig,12,111,0.08441064638783269,439.53846153846155,63.45197997269003,439.53846153846155,63.45197997269003,0
per_huruf_hybrid_skeleton_forced_loop_no_sig,12,112,0.08517110266159696,439.61538461538464,63.35730541647701,439.61538461538464,63.35730541647701,0
per_huruf_hybrid_skeleton_forced_loop_no_sig,12,113,0.08593155893536121,439.6923076923077,63.26672735548475,439.6923076923077,63.26672735548475,0
per_huruf_hybrid_skeleton_forced_loop_no_sig,12,114,0.08669201520912546,439.7692307692307,63.18297678652707,439.7692307692307,63.18297678652707,0
per_huruf_hybrid_skeleton_forced_loop_no_sig,12,115,0.08745247148288973,439.8461538461539,63.10878470641784,439.8461538461539,63.10878470641784,0
per_huruf_hybrid_skeleton_forced_loop_no_sig,12,116,0.08821292775665399,439.9230769230769,63.046882111970866,439.9230769230769,63.046882111970866,0
per_huruf_hybrid_skeleton_forced_loop_no_sig,12,117,0.08897338403041824,440.0,63.0,440.0,63.0,0
per_huruf_hybrid_skeleton_forced_loop_no_sig,12,118,0.08973384030418251,440.07692307692315,62.96722803823396,440.07692307692315,62.96722803823396,0
per_huruf_hybrid_skeleton_forced_loop_no_sig,12,119,0.09049429657794676,440.15384615384613,62.944924897587626,440.15384615384613,62.944924897587626,0
per_huruf_hybrid_skeleton_forced_loop_no_sig,12,120,0.09125475285171102,440.2307692307692,62.931725079654065,440.2307692307692,62.931725079654065,0
per_huruf_hybrid_skeleton_forced_loop_no_sig,12,121,0.09201520912547528,440.30769230769226,62.926263086026395,440.30769230769226,62.926263086026395,0
per_huruf_hybrid_skeleton_forced_loop_no_sig,12,122,0.09277566539923954,440.3846153846155,62.927173418297684,440.3846153846155,62.927173418297684,1
per_huruf_hybrid_skeleton_forced_loop_no_sig,12,123,0.09353612167300379,440.4615384615385,62.933090578061,440.4615384615385,62.933090578061,0
per_huruf_hybrid_skeleton_forced_loop_no_sig,12,124,0.09429657794676806,440.53846153846155,62.942649066909425,440.53846153846155,62.942649066909425,0
per_huruf_hybrid_skeleton_forced_loop_no_sig,12,125,0.09505703422053231,440.61538461538464,62.954483386436046,440.61538461538464,62.954483386436046,0
per_huruf_hybrid_skeleton_forced_loop_no_sig,12,126,0.09581749049429657,440.6923076923077,62.967228038233955,440.6923076923077,62.967228038233955,0
per_huruf_hybrid_skeleton_forced_loop_no_sig,12,127,0.09657794676806084,440.7692307692307,62.97951752389621,440.7692307692307,62.97951752389621,0
per_huruf_hybrid_skeleton_forced_loop_no_sig,12,128,0.09733840304182509,440.8461538461538,62.989986345015936,440.8461538461538,62.989986345015936,0
per_huruf_hybrid_skeleton_forced_loop_no_sig,12,129,0.09809885931558934,440.9230769230769,62.99726900318616,440.9230769230769,62.99726900318616,0
per_huruf_hybrid_skeleton_forced_loop_no_sig,12,130,0.09885931558935361,441.0,63.0,441.0,63.0,0
per_huruf_hybrid_skeleton_forced_loop_no_sig,12,131,0.09961977186311786,441.0769230769231,62.99726900318617,441.0769230769231,62.99726900318617,0
per_huruf_hybrid_skeleton_forced_loop_no_sig,12,132,0.10038022813688212,441.15384615384613,62.98998634501593,441.15384615384613,62.98998634501593,0
per_huruf_hybrid_skeleton_forced_loop_no_sig,12,133,0.10114068441064639,441.2307692307691,62.97951752389621,441.2307692307691,62.97951752389621,0
per_huruf_hybrid_skeleton_forced_loop_no_sig,12,134,0.10190114068441064,441.3076923076922,62.967228038233955,441.3076923076922,62.967228038233955,0
per_huruf_hybrid_skeleton_forced_loop_no_sig,12,135,0.1026615969581749,441.3846153846154,62.95448338643605,441.3846153846154,62.95448338643605,0
per_huruf_hybrid_skeleton_forced_loop_no_sig,12,136,0.10342205323193916,441.46153846153845,62.942649066909425,441.46153846153845,62.942649066909425,0
per_huruf_hybrid_skeleton_forced_loop_no_sig,12,137,0.10418250950570342,441.53846153846155,62.933090578061,441.53846153846155,62.933090578061,0
per_huruf_hybrid_skeleton_forced_loop_no_sig,12,138,0.10494296577946767,441.6153846153846,62.92717341829768,441.6153846153846,62.92717341829768,0
per_huruf_hybrid_skeleton_forced_loop_no_sig,12,139,0.10570342205323194,441.69230769230774,62.926263086026395,441.69230769230774,62.926263086026395,0
per_huruf_hybrid_skeleton_forced_loop_no_sig,12,140,0.10646387832699619,441.7692307692307,62.931725079654065,441.7692307692307,62.931725079654065,0
per_huruf_hybrid_skeleton_forced_loop_no_sig,12,141,0.10722433460076045,441.8461538461539,62.944924897587626,441.8461538461539,62.944924897587626,0
per_huruf_hybrid_skeleton_forced_loop_no_sig,12,142,0.10798479087452471,441.9230769230769,62.967228038233955,441.9230769230769,62.967228038233955,0
per_huruf_hybrid_skeleton_forced_loop_no_sig,12,143,0.10874524714828897,442.0,63.0,442.0,63.0,0
per_huruf_hybrid_skeleton_forced_loop_no_sig,12,144,0.10950570342205322,442.07692307692315,63.04415111515704,442.07692307692315,63.04415111515704,0
per_huruf_hybrid_skeleton_forced_loop_no_sig,12,145,0.11026615969581749,442.15384615384625,63.09877105143378,442.15384615384625,63.09877105143378,0
per_huruf_hybrid_skeleton_forced_loop_no_sig,12,146,0.11102661596958174,442.2307692307691,63.16249431042329,442.2307692307691,63.16249431042329,0
per_huruf_hybrid_skeleton_forced_loop_no_sig,12,147,0.111787072243346,442.3076923076923,63.233955393718695,442.3076923076923,63.233955393718695,0
per_huruf_hybrid_skeleton_forced_loop_no_sig,12,148,0.11254752851711027,442.3846153846154,63.31178880291307,442.3846153846154,63.31178880291307,0
per_huruf_hybrid_skeleton_forced_loop_no_sig,12,149,0.11330798479087452,442.4615384615385,63.39462903959946,442.4615384615385,63.39462903959946,0
per_huruf_hybrid_skeleton_forced_loop_no_sig,12,150,0.11406844106463877,442.53846153846155,63.48111060537096,442.53846153846155,63.48111060537096,0
per_huruf_hybrid_skeleton_forced_loop_no_sig,12,151,0.11482889733840304,442.61538461538464,63.569868001820666,442.61538461538464,63.569868001820666,0
per_huruf_hybrid_skeleton_forced_loop_no_sig,12,152,0.1155893536121673,442.6923076923076,63.65953573054165,442.6923076923076,63.65953573054165,0
per_huruf_hybrid_skeleton_forced_loop_no_sig,12,153,0.11634980988593155,442.7692307692307,63.74874829312699,442.7692307692307,63.74874829312699,0
per_huruf_hybrid_skeleton_forced_loop_no_sig,12,154,0.11711026615969582,442.84615384615387,63.836140191169775,442.84615384615387,63.836140191169775,0
per_huruf_hybrid_skeleton_forced_loop_no_sig,12,155,0.11787072243346007,442.9230769230769,63.92034592626308,442.9230769230769,63.92034592626308,0
per_huruf_hybrid_skeleton_forced_loop_no_sig,12,156,0.11863117870722432,443.0,64.0,443.0,64.0,0
per_huruf_hybrid_skeleton_forced_loop_no_sig,12,157,0.11939163498098859,443.079654073737,64.07692307692308,443.079654073737,64.07692307692308,0
per_huruf_hybrid_skeleton_forced_loop_no_sig,12,158,0.12015209125475285,443.1638598088302,64.15384615384616,443.1638598088302,64.15384615384616,0
per_huruf_hybrid_skeleton_forced_loop_no_sig,12,159,0.1209125475285171,443.25125170687295,64.23076923076923,443.25125170687295,64.23076923076923,0
per_huruf_hybrid_skeleton_forced_loop_no_sig,12,160,0.12167300380228135,443.34046426945827,64.30769230769229,443.34046426945827,64.30769230769229,0
per_huruf_hybrid_skeleton_forced_loop_no_sig,12,161,0.12243346007604562,443.4301319981794,64.38461538461539,443.4301319981794,64.38461538461539,0
per_huruf_hybrid_skeleton_forced_loop_no_sig,12,162,0.12319391634980988,443.51888939462907,64.46153846153847,443.51888939462907,64.46153846153847,0
per_huruf_hybrid_skeleton_forced_loop_no_sig,12,163,0.12395437262357413,443.60537096040053,64.53846153846153,443.60537096040053,64.53846153846153,0
per_huruf_hybrid_skeleton_forced_loop_no_sig,12,164,0.1247148288973384,443.68821119708696,64.61538461538463,443.68821119708696,64.61538461538463,0
per_huruf_hybrid_skeleton_forced_loop_no_sig,12,165,0.12547528517110265,443.7660446062813,64.6923076923077,443.7660446062813,64.6923076923077,0
per_huruf_hybrid_skeleton_forced_loop_no_sig,12,166,0.1262357414448669,443.8375056895767,64.76923076923077,443.8375056895767,64.76923076923077,0
per_huruf_hybrid_skeleton_forced_loop_no_sig,12,167,0.12699619771863116,443.90122894856626,64.84615384615385,443.90122894856626,64.84615384615385,0
per_huruf_hybrid_skeleton_forced_loop_no_sig,12,168,0.12775665399239544,443.95584888484296,64.92307692307692,443.95584888484296,64.92307692307692,0
per_huruf_hybrid_skeleton_forced_loop_no_sig,12,169,0.1285171102661597,444.0,65.0,444.0,65.0,0
per_huruf_hybrid_skeleton_forced_loop_no_sig,12,170,0.12927756653992395,444.0327719617661,65.07692307692308,444.0327719617661,65.07692307692308,0
per_huruf_hybrid_skeleton_forced_loop_no_sig,12,171,0.1300380228136882,444.0550751024124,65.15384615384616,444.0550751024124,65.15384615384616,0
per_huruf_hybrid_skeleton_forced_loop_no_sig,12,172,0.13079847908745246,444.06827492034586,65.23076923076923,444.06827492034586,65.23076923076923,0
per_huruf_hybrid_skeleton_forced_loop_no_sig,12,173,0.1315589353612167,444.0737369139736,65.3076923076923,444.0737369139736,65.3076923076923,0
per_huruf_hybrid_skeleton_forced_loop_no_sig,12,174,0.132319391634981,444.0728265817024,65.38461538461539,444.0728265817024,65.38461538461539,0
per_huruf_hybrid_skeleton_forced_loop_no_sig,12,175,0.13307984790874525,444.06690942193904,65.46153846153847,444.06690942193904,65.46153846153847,0
per_huruf_hybrid_skeleton_forced_loop_no_sig,12,176,0.1338403041825095,444.0573509330906,65.53846153846153,444.0573509330906,65.53846153846153,0
per_huruf_hybrid_skeleton_forced_loop_no_sig,12,177,0.13460076045627375,444.04551661356396,65.61538461538461,444.04551661356396,65.61538461538461,0
per_huruf_hybrid_skeleton_forced_loop_no_sig,12,178,0.135361216730038,444.032771961766,65.6923076923077,444.032771961766,65.6923076923077,0
per_huruf_hybrid_skeleton_forced_loop_no_sig,12,179,0.13612167300380226,444.0204824761037,65.76923076923077,444.0204824761037,65.76923076923077,0
per_huruf_hybrid_skeleton_forced_loop_no_sig,12,180,0.13688212927756654,444.0100136549841,65.84615384615384,444.0100136549841,65.84615384615384,1
per_huruf_hybrid_skeleton_forced_loop_no_sig,12,181,0.1376425855513308,444.00273099681385,65.92307692307692,444.00273099681385,65.92307692307692,0
per_huruf_hybrid_skeleton_forced_loop_no_sig,12,182,0.13840304182509505,444.0,66.0,444.0,66.0,0
per_huruf_hybrid_skeleton_forced_loop_no_sig,12,183,0.1391634980988593,444.00000000000006,66.07692307692308,444.00000000000006,66.07692307692308,0
per_huruf_hybrid_skeleton_forced_loop_no_sig,12,184,0.13992395437262356,444.0,66.15384615384616,444.0,66.15384615384616,0
per_huruf_hybrid_skeleton_forced_loop_no_sig,12,185,0.14068441064638781,443.99999999999994,66.23076923076923,443.99999999999994,66.23076923076923,0
per_huruf_hybrid_skeleton_forced_loop_no_sig,12,186,0.1414448669201521,443.99999999999994,66.30769230769229,443.99999999999994,66.30769230769229,0
per_huruf_hybrid_skeleton_forced_loop_no_sig,12,187,0.14220532319391635,444.00000000000006,66.3846153846154,444.00000000000006,66.3846153846154,0
per_huruf_hybrid_skeleton_forced_loop_no_sig,12,188,0.1429657794676806,444.0,66.46153846153847,444.0,66.46153846153847,0
per_huruf_hybrid_skeleton_forced_loop_no_sig,12,189,0.14372623574144486,444.0,66.53846153846155,444.0,66.53846153846155,0
per_huruf_hybrid_skeleton_forced_loop_no_sig,12,190,0.1444866920152091,444.0,66.61538461538463,444.0,66.61538461538463,0
per_huruf_hybrid_skeleton_forced_loop_no_sig,12,191,0.14524714828897337,444.0,66.6923076923077,444.0,66.6923076923077,0
per_huruf_hybrid_skeleton_forced_loop_no_sig,12,192,0.14600760456273765,443.99999999999994,66.76923076923077,443.99999999999994,66.76923076923077,0
per_huruf_hybrid_skeleton_forced_loop_no_sig,12,193,0.1467680608365019,444.0,66.84615384615385,444.0,66.84615384615385,0
per_huruf_hybrid_skeleton_forced_loop_no_sig,12,194,0.14752851711026616,444.0,66.92307692307692,444.0,66.92307692307692,0
per_huruf_hybrid_skeleton_forced_loop_no_sig,12,195,0.1482889733840304,444.0,67.0,444.0,67.0,0
per_huruf_hybrid_skeleton_forced_loop_no_sig,12,196,0.14904942965779466,444.00000000000006,67.07692307692308,444.00000000000006,67.07692307692308,0
per_huruf_hybrid_skeleton_forced_loop_no_sig,12,197,0.14980988593155892,444.0,67.15384615384616,444.0,67.15384615384616,0
per_huruf_hybrid_skeleton_forced_loop_no_sig,12,198,0.15057034220532317,443.99999999999994,67.23076923076923,443.99999999999994,67.23076923076923,0
per_huruf_hybrid_skeleton_forced_loop_no_sig,12,199,0.15133079847908745,443.99999999999994,67.3076923076923,443.99999999999994,67.3076923076923,0
per_huruf_hybrid_skeleton_forced_loop_no_sig,12,200,0.1520912547528517,444.00000000000006,67.38461538461539,444.00000000000006,67.38461538461539,0
per_huruf_hybrid_skeleton_forced_loop_no_sig,12,201,0.15285171102661596,444.0,67.46153846153847,444.0,67.46153846153847,0
per_huruf_hybrid_skeleton_forced_loop_no_sig,12,202,0.15361216730038021,444.0,67.53846153846153,444.0,67.53846153846153,0
per_huruf_hybrid_skeleton_forced_loop_no_sig,12,203,0.15437262357414447,444.0,67.61538461538461,444.0,67.61538461538461,0
per_huruf_hybrid_skeleton_forced_loop_no_sig,12,204,0.15513307984790872,444.0,67.69230769230768,444.0,67.69230769230768,0
per_huruf_hybrid_skeleton_forced_loop_no_sig,12,205,0.155893536121673,443.99999999999994,67.76923076923076,443.99999999999994,67.76923076923076,0
per_huruf_hybrid_skeleton_forced_loop_no_sig,12,206,0.15665399239543726,444.0,67.84615384615385,444.0,67.84615384615385,0
per_huruf_hybrid_skeleton_forced_loop_no_sig,12,207,0.1574144486692015,444.0,67.92307692307692,444.0,67.92307692307692,0
per_huruf_hybrid_skeleton_forced_loop_no_sig,12,208,0.15817490494296577,444.0,68.0,444.0,68.0,0
per_huruf_hybrid_skeleton_forced_loop_no_sig,12,209,0.15893536121673002,444.00000000000006,68.0769230769231,444.00000000000006,68.0769230769231,0
per_huruf_hybrid_skeleton_forced_loop_no_sig,12,210,0.15969581749049427,444.0,68.15384615384616,444.0,68.15384615384616,0
per_huruf_hybrid_skeleton_forced_loop_no_sig,12,211,0.16045627376425856,443.99999999999994,68.23076923076921,443.99999999999994,68.23076923076921,0
per_huruf_hybrid_skeleton_forced_loop_no_sig,12,212,0.1612167300380228,443.99999999999994,68.30769230769229,443.99999999999994,68.30769230769229,0
per_huruf_hybrid_skeleton_forced_loop_no_sig,12,213,0.16197718631178706,444.00000000000006,68.38461538461539,444.00000000000006,68.38461538461539,0
per_huruf_hybrid_skeleton_forced_loop_no_sig,12,214,0.16273764258555132,444.0,68.46153846153847,444.0,68.46153846153847,0
per_huruf_hybrid_skeleton_forced_loop_no_sig,12,215,0.16349809885931557,444.0,68.53846153846153,444.0,68.53846153846153,0
per_huruf_hybrid_skeleton_forced_loop_no_sig,12,216,0.16425855513307983,444.0,68.61538461538461,444.0,68.61538461538461,0
per_huruf_hybrid_skeleton_forced_loop_no_sig,12,217,0.1650190114068441,444.0,68.6923076923077,444.0,68.6923076923077,0
per_huruf_hybrid_skeleton_forced_loop_no_sig,12,218,0.16577946768060836,443.99999999999994,68.76923076923077,443.99999999999994,68.76923076923077,0
per_huruf_hybrid_skeleton_forced_loop_no_sig,12,219,0.16653992395437262,444.0,68.84615384615385,444.0,68.84615384615385,0
per_huruf_hybrid_skeleton_forced_loop_no_sig,12,220,0.16730038022813687,444.0,68.92307692307692,444.0,68.92307692307692,0
per_huruf_hybrid_skeleton_forced_loop_no_sig,12,221,0.16806083650190112,444.0,69.0,444.0,69.0,0
per_huruf_hybrid_skeleton_forced_loop_no_sig,12,222,0.16882129277566538,444.0027309968139,69.07692307692308,444.0027309968139,69.07692307692308,0
per_huruf_hybrid_skeleton_forced_loop_no_sig,12,223,0.16958174904942966,444.0100136549841,69.15384615384615,444.0100136549841,69.15384615384615,0
per_huruf_hybrid_skeleton_forced_loop_no_sig,12,224,0.1703422053231939,444.0204824761037,69.23076923076921,444.0204824761037,69.23076923076921,0
per_huruf_hybrid_skeleton_forced_loop_no_sig,12,225,0.17110266159695817,444.03277196176595,69.30769230769229,444.03277196176595,69.30769230769229,0
per_huruf_hybrid_skeleton_forced_loop_no_sig,12,226,0.17186311787072242,444.04551661356396,69.38461538461539,444.04551661356396,69.38461538461539,0
per_huruf_hybrid_skeleton_forced_loop_no_sig,12,227,0.17262357414448667,444.05735093309056,69.46153846153847,444.05735093309056,69.46153846153847,0
per_huruf_hybrid_skeleton_forced_loop_no_sig,12,228,0.17338403041825093,444.066909421939,69.53846153846155,444.066909421939,69.53846153846155,0
per_huruf_hybrid_skeleton_forced_loop_no_sig,12,229,0.1741444866920152,444.0728265817023,69.61538461538461,444.0728265817023,69.61538461538461,0
per_huruf_hybrid_skeleton_forced_loop_no_sig,12,230,0.17490494296577946,444.07373691397356,69.6923076923077,444.07373691397356,69.6923076923077,0
per_huruf_hybrid_skeleton_forced_loop_no_sig,12,231,0.17566539923954372,444.0682749203459,69.76923076923077,444.0682749203459,69.76923076923077,0
per_huruf_hybrid_skeleton_forced_loop_no_sig,12,232,0.17642585551330797,444.0550751024124,69.84615384615385,444.0550751024124,69.84615384615385,0
per_huruf_hybrid_skeleton_forced_loop_no_sig,12,233,0.17718631178707223,444.03277196176606,69.92307692307692,444.03277196176606,69.92307692307692,0
per_huruf_hybrid_skeleton_forced_loop_no_sig,12,234,0.17794676806083648,444.0,70.0,444.0,70.0,0
per_huruf_hybrid_skeleton_forced_loop_no_sig,12,235,0.17870722433460076,443.955848884843,70.07965407373693,443.955848884843,70.07965407373693,0
per_huruf_hybrid_skeleton_forced_loop_no_sig,12,236,0.17946768060836502,443.90122894856626,70.16385980883022,443.90122894856626,70.16385980883022,0
per_huruf_hybrid_skeleton_forced_loop_no_sig,12,237,0.18022813688212927,443.83750568957663,70.25125170687299,443.83750568957663,70.25125170687299,0
per_huruf_hybrid_skeleton_forced_loop_no_sig,12,238,0.18098859315589352,443.7660446062813,70.34046426945835,443.7660446062813,70.34046426945835,0
per_huruf_hybrid_skeleton_forced_loop_no_sig,12,239,0.18174904942965778,443.68821119708696,70.43013199817933,443.68821119708696,70.43013199817933,0
per_huruf_hybrid_skeleton_forced_loop_no_sig,12,240,0.18250950570342203,443.6053709604006,70.51888939462904,443.6053709604006,70.51888939462904,0
per_huruf_hybrid_skeleton_forced_loop_no_sig,12,241,0.1832699619771863,443.518889394629,70.60537096040055,443.518889394629,70.60537096040055,0
per_huruf_hybrid_skeleton_forced_loop_no_sig,12,242,0.18403041825095057,443.4301319981794,70.68821119708693,443.4301319981794,70.68821119708693,0
per_huruf_hybrid_skeleton_forced_loop_no_sig,12,243,0.18479087452471482,443.3404642694584,70.76604460628128,443.3404642694584,70.76604460628128,0
per_huruf_hybrid_skeleton_forced_loop_no_sig,12,244,0.18555133079847907,443.25125170687295,70.83750568957669,443.25125170687295,70.83750568957669,0
per_huruf_hybrid_skeleton_forced_loop_no_sig,12,245,0.18631178707224333,443.16385980883024,70.90122894856623,443.16385980883024,70.90122894856623,0
per_huruf_hybrid_skeleton_forced_loop_no_sig,12,246,0.18707224334600758,443.0796540737369,70.95584888484296,443.0796540737369,70.95584888484296,0
per_huruf_hybrid_skeleton_forced_loop_no_sig,12,247,0.18783269961977186,443.0,71.0,443.0,71.0,0
per_huruf_hybrid_skeleton_forced_loop_no_sig,12,248,0.18859315589353612,442.92307692307696,71.03277196176606,442.92307692307696,71.03277196176606,0
per_huruf_hybrid_skeleton_forced_loop_no_sig,12,249,0.18935361216730037,442.8461538461539,71.05507510241239,442.8461538461539,71.05507510241239,0
per_huruf_hybrid_skeleton_forced_loop_no_sig,12,250,0.19011406844106463,442.7692307692307,71.06827492034591,442.7692307692307,71.06827492034591,0
per_huruf_hybrid_skeleton_forced_loop_no_sig,12,251,0.19087452471482888,442.6923076923076,71.07373691397359,442.6923076923076,71.07373691397359,0
per_huruf_hybrid_skeleton_forced_loop_no_sig,12,252,0.19163498098859313,442.6153846153847,71.07282658170233,442.6153846153847,71.07282658170233,0
per_huruf_hybrid_skeleton_forced_loop_no_sig,12,253,0.19239543726235742,442.53846153846155,71.06690942193902,442.53846153846155,71.06690942193902,0
per_huruf_hybrid_skeleton_forced_loop_no_sig,12,254,0.19315589353612167,442.46153846153845,71.05735093309058,442.46153846153845,71.05735093309058,0
per_huruf_hybrid_skeleton_forced_loop_no_sig,12,255,0.19391634980988592,442.3846153846154,71.04551661356396,442.3846153846154,71.04551661356396,0
per_huruf_hybrid_skeleton_forced_loop_no_sig,12,256,0.19467680608365018,442.30769230769226,71.03277196176604,442.30769230769226,71.03277196176604,0
per_huruf_hybrid_skeleton_forced_loop_no_sig,12,257,0.19543726235741443,442.23076923076917,71.02048247610378,442.23076923076917,71.02048247610378,0
per_huruf_hybrid_skeleton_forced_loop_no_sig,12,258,0.19619771863117869,442.1538461538462,71.01001365498408,442.1538461538462,71.01001365498408,0
per_huruf_hybrid_skeleton_forced_loop_no_sig,12,259,0.19695817490494294,442.0769230769231,71.00273099681384,442.0769230769231,71.00273099681384,0
per_huruf_hybrid_skeleton_forced_loop_no_sig,12,260,0.19771863117870722,442.0,71.0,442.0,71.0,0
per_huruf_hybrid_skeleton_forced_loop_no_sig,12,261,0.19847908745247148,441.923076923077,71.00000000000001,441.923076923077,71.00000000000001,0
per_huruf_hybrid_skeleton_forced_loop_no_sig,12,262,0.19923954372623573,441.84615384615387,71.0,441.84615384615387,71.0,0
per_huruf_hybrid_skeleton_forced_loop_no_sig,12,263,0.19999999999999998,441.7692307692307,70.99999999999999,441.7692307692307,70.99999999999999,0
per_huruf_hybrid_skeleton_forced_loop_no_sig,12,264,0.20076045627376424,441.6923076923077,71.0,441.6923076923077,71.0,0
per_huruf_hybrid_skeleton_forced_loop_no_sig,12,265,0.2015209125475285,441.61538461538464,71.0,441.61538461538464,71.0,0
per_huruf_hybrid_skeleton_forced_loop_no_sig,12,266,0.20228136882129277,441.53846153846155,71.0,441.53846153846155,71.0,0
per_huruf_hybrid_skeleton_forced_loop_no_sig,12,267,0.20304182509505703,441.46153846153845,71.0,441.46153846153845,71.0,0
per_huruf_hybrid_skeleton_forced_loop_no_sig,12,268,0.20380228136882128,441.3846153846155,71.0,441.3846153846155,71.0,0
per_huruf_hybrid_skeleton_forced_loop_no_sig,12,269,0.20456273764258553,441.30769230769226,71.0,441.30769230769226,71.0,0
per_huruf_hybrid_skeleton_forced_loop_no_sig,12,270,0.2053231939163498,441.23076923076917,71.0,441.23076923076917,71.0,0
per_huruf_hybrid_skeleton_forced_loop_no_sig,12,271,0.20608365019011404,441.1538461538462,71.0,441.1538461538462,71.0,0
per_huruf_hybrid_skeleton_forced_loop_no_sig,12,272,0.20684410646387832,441.07692307692304,71.0,441.07692307692304,71.0,0
per_huruf_hybrid_skeleton_forced_loop_no_sig,12,273,0.20760456273764258,441.0,71.0,441.0,71.0,0
per_huruf_hybrid_skeleton_forced_loop_no_sig,12,274,0.20836501901140683,440.92307692307696,71.00000000000001,440.92307692307696,71.00000000000001,0
per_huruf_hybrid_skeleton_forced_loop_no_sig,12,275,0.2091254752851711,440.84615384615387,71.0,440.84615384615387,71.0,0
per_huruf_hybrid_skeleton_forced_loop_no_sig,12,276,0.20988593155893534,440.7692307692307,70.99999999999999,440.7692307692307,70.99999999999999,0
per_huruf_hybrid_skeleton_forced_loop_no_sig,12,277,0.2106463878326996,440.6923076923076,71.0,440.6923076923076,71.0,0
per_huruf_hybrid_skeleton_forced_loop_no_sig,12,278,0.21140684410646388,440.6153846153847,71.0,440.6153846153847,71.0,0
per_huruf_hybrid_skeleton_forced_loop_no_sig,12,279,0.21216730038022813,440.5384615384616,71.0,440.5384615384616,71.0,0
per_huruf_hybrid_skeleton_forced_loop_no_sig,12,280,0.21292775665399238,440.46153846153845,71.0,440.46153846153845,71.0,0
per_huruf_hybrid_skeleton_forced_loop_no_sig,12,281,0.21368821292775664,440.38461538461536,71.0,440.38461538461536,71.0,0
per_huruf_hybrid_skeleton_forced_loop_no_sig,12,282,0.2144486692015209,440.30769230769226,71.0,440.30769230769226,71.0,0
per_huruf_hybrid_skeleton_forced_loop_no_sig,12,283,0.21520912547528515,440.23076923076917,71.0,440.23076923076917,71.0,0
per_huruf_hybrid_skeleton_forced_loop_no_sig,12,284,0.21596958174904943,440.1538461538462,71.0,440.1538461538462,71.0,0
per_huruf_hybrid_skeleton_forced_loop_no_sig,12,285,0.21673003802281368,440.07692307692304,71.0,440.07692307692304,71.0,0
per_huruf_hybrid_skeleton_forced_loop_no_sig,12,286,0.21749049429657794,440.0,71.0,440.0,71.0,0
per_huruf_hybrid_skeleton_forced_loop_no_sig,12,287,0.2182509505703422,439.92307692307696,71.00000000000001,439.92307692307696,71.00000000000001,0
per_huruf_hybrid_skeleton_forced_loop_no_sig,12,288,0.21901140684410644,439.84615384615387,71.0,439.84615384615387,71.0,0
per_huruf_hybrid_skeleton_forced_loop_no_sig,12,289,0.2197718631178707,439.7692307692307,70.99999999999999,439.7692307692307,70.99999999999999,0
per_huruf_hybrid_skeleton_forced_loop_no_sig,12,290,0.22053231939163498,439.6923076923076,71.0,439.6923076923076,71.0,0
per_huruf_hybrid_skeleton_forced_loop_no_sig,12,291,0.22129277566539923,439.6153846153847,71.0,439.6153846153847,71.0,0
per_huruf_hybrid_skeleton_forced_loop_no_sig,12,292,0.2220532319391635,439.5384615384616,71.0,439.5384615384616,71.0,0
per_huruf_hybrid_skeleton_forced_loop_no_sig,12,293,0.22281368821292774,439.46153846153845,71.0,439.46153846153845,71.0,0
per_huruf_hybrid_skeleton_forced_loop_no_sig,12,294,0.223574144486692,439.38461538461536,71.0,439.38461538461536,71.0,0
per_huruf_hybrid_skeleton_forced_loop_no_sig,12,295,0.22433460076045625,439.30769230769226,71.0,439.30769230769226,71.0,0
per_huruf_hybrid_skeleton_forced_loop_no_sig,12,296,0.22509505703422053,439.23076923076917,71.0,439.23076923076917,71.0,0
per_huruf_hybrid_skeleton_forced_loop_no_sig,12,297,0.22585551330798478,439.1538461538462,71.0,439.1538461538462,71.0,0
per_huruf_hybrid_skeleton_forced_loop_no_sig,12,298,0.22661596958174904,439.07692307692304,71.0,439.07692307692304,71.0,0
per_huruf_hybrid_skeleton_forced_loop_no_sig,12,299,0.2273764258555133,439.0,71.0,439.0,71.0,0
per_huruf_hybrid_skeleton_forced_loop_no_sig,12,300,0.22813688212927755,438.92307692307696,71.00000000000001,438.92307692307696,71.00000000000001,0
per_huruf_hybrid_skeleton_forced_loop_no_sig,12,301,0.2288973384030418,438.84615384615387,71.0,438.84615384615387,71.0,0
per_huruf_hybrid_skeleton_forced_loop_no_sig,12,302,0.22965779467680608,438.7692307692307,70.99999999999999,438.7692307692307,70.99999999999999,0
per_huruf_hybrid_skeleton_forced_loop_no_sig,12,303,0.23041825095057034,438.6923076923077,71.0,438.6923076923077,71.0,0
per_huruf_hybrid_skeleton_forced_loop_no_sig,12,304,0.2311787072243346,438.6153846153847,71.0,438.6153846153847,71.0,0
per_huruf_hybrid_skeleton_forced_loop_no_sig,12,305,0.23193916349809884,438.53846153846155,71.0,438.53846153846155,71.0,0
per_huruf_hybrid_skeleton_forced_loop_no_sig,12,306,0.2326996197718631,438.46153846153845,71.0,438.46153846153845,71.0,0
per_huruf_hybrid_skeleton_forced_loop_no_sig,12,307,0.23346007604562735,438.3846153846154,71.0,438.3846153846154,71.0,0
per_huruf_hybrid_skeleton_forced_loop_no_sig,12,308,0.23422053231939163,438.3076923076923,71.0,438.3076923076923,71.0,0
per_huruf_hybrid_skeleton_forced_loop_no_sig,12,309,0.2349809885931559,438.23076923076917,71.0,438.23076923076917,71.0,0
per_huruf_hybrid_skeleton_forced_loop_no_sig,12,310,0.23574144486692014,438.1538461538462,71.0,438.1538461538462,71.0,0
per_huruf_hybrid_skeleton_forced_loop_no_sig,12,311,0.2365019011406844,438.07692307692304,71.0,438.07692307692304,71.0,0
per_huruf_hybrid_skeleton_forced_loop_no_sig,12,312,0.23726235741444865,438.0,71.0,438.0,71.0,0
per_huruf_hybrid_skeleton_forced_loop_no_sig,12,313,0.2380228136882129,437.92307692307696,71.00000000000001,437.92307692307696,71.00000000000001,0
per_huruf_hybrid_skeleton_forced_loop_no_sig,12,314,0.23878326996197718,437.8461538461539,71.0,437.8461538461539,71.0,0
per_huruf_hybrid_skeleton_forced_loop_no_sig,12,315,0.23954372623574144,437.7692307692307,70.99999999999999,437.7692307692307,70.99999999999999,0
per_huruf_hybrid_skeleton_forced_loop_no_sig,12,316,0.2403041825095057,437.6923076923076,71.0,437.6923076923076,71.0,0
per_huruf_hybrid_skeleton_forced_loop_no_sig,12,317,0.24106463878326995,437.6153846153847,71.0,437.6153846153847,71.0,0
per_huruf_hybrid_skeleton_forced_loop_no_sig,12,318,0.2418250950570342,437.53846153846155,71.0,437.53846153846155,71.0,0
per_huruf_hybrid_skeleton_forced_loop_no_sig,12,319,0.24258555133079845,437.46153846153845,71.0,437.46153846153845,71.0,0
per_huruf_hybrid_skeleton_forced_loop_no_sig,12,320,0.2433460076045627,437.3846153846155,71.0,437.3846153846155,71.0,0
per_huruf_hybrid_skeleton_forced_loop_no_sig,12,321,0.244106463878327,437.30769230769226,71.0,437.30769230769226,71.0,0
per_huruf_hybrid_skeleton_forced_loop_no_sig,12,322,0.24486692015209124,437.23076923076917,71.0,437.23076923076917,71.0,0
per_huruf_hybrid_skeleton_forced_loop_no_sig,12,323,0.2456273764258555,437.15384615384613,71.0,437.15384615384613,71.0,0
per_huruf_hybrid_skeleton_forced_loop_no_sig,12,324,0.24638783269961975,437.0769230769231,71.0,437.0769230769231,71.0,0
per_huruf_hybrid_skeleton_forced_loop_no_sig,12,325,0.247148288973384,437.0,71.0,437.0,71.0,0
per_huruf_hybrid_skeleton_forced_loop_no_sig,12,326,0.24790874524714826,436.923076923077,71.00000000000001,436.923076923077,71.00000000000001,0
per_huruf_hybrid_skeleton_forced_loop_no_sig,12,327,0.24866920152091254,436.84615384615387,71.0,436.84615384615387,71.0,0
per_huruf_hybrid_skeleton_forced_loop_no_sig,12,328,0.2494296577946768,436.76923076923066,70.99999999999999,436.76923076923066,70.99999999999999,0
per_huruf_hybrid_skeleton_forced_loop_no_sig,12,329,0.25019011406844105,436.6923076923077,71.0,436.6923076923077,71.0,0
per_huruf_hybrid_skeleton_forced_loop_no_sig,12,330,0.2509505703422053,436.6153846153847,71.0,436.6153846153847,71.0,0
per_huruf_hybrid_skeleton_forced_loop_no_sig,12,331,0.25171102661596956,436.53846153846155,71.0,436.53846153846155,71.0,0
per_huruf_hybrid_skeleton_forced_loop_no_sig,12,332,0.2524714828897338,436.46153846153845,71.0,436.46153846153845,71.0,0
per_huruf_hybrid_skeleton_forced_loop_no_sig,12,333,0.25323193916349807,436.3846153846154,71.0,436.3846153846154,71.0,0
per_huruf_hybrid_skeleton_forced_loop_no_sig,12,334,0.2539923954372623,436.30769230769226,71.0,436.30769230769226,71.0,0
per_huruf_hybrid_skeleton_forced_loop_no_sig,12,335,0.2547528517110266,436.23076923076917,71.0,436.23076923076917,71.0,0
per_huruf_hybrid_skeleton_forced_loop_no_sig,12,336,0.2555133079847909,436.1538461538462,71.0,436.1538461538462,71.0,0
per_huruf_hybrid_skeleton_forced_loop_no_sig,12,337,0.25627376425855514,436.0769230769231,71.0,436.0769230769231,71.0,0
per_huruf_hybrid_skeleton_forced_loop_no_sig,12,338,0.2570342205323194,436.0,71.0,436.0,71.0,0
per_huruf_hybrid_skeleton_forced_loop_no_sig,12,339,0.25779467680608364,435.92307692307696,71.00000000000001,435.92307692307696,71.00000000000001,0
per_huruf_hybrid_skeleton_forced_loop_no_sig,12,340,0.2585551330798479,435.8461538461539,71.0,435.8461538461539,71.0,0
per_huruf_hybrid_skeleton_forced_loop_no_sig,12,341,0.25931558935361215,435.7692307692308,70.99999999999999,435.7692307692308,70.99999999999999,0
per_huruf_hybrid_skeleton_forced_loop_no_sig,12,342,0.2600760456273764,435.6923076923076,71.0,435.6923076923076,71.0,0
per_huruf_hybrid_skeleton_forced_loop_no_sig,12,343,0.26083650190114066,435.6153846153847,71.0,435.6153846153847,71.0,0
per_huruf_hybrid_skeleton_forced_loop_no_sig,12,344,0.2615969581749049,435.53846153846155,71.0,435.53846153846155,71.0,0
per_huruf_hybrid_skeleton_forced_loop_no_sig,12,345,0.26235741444866917,435.46153846153845,71.0,435.46153846153845,71.0,0
per_huruf_hybrid_skeleton_forced_loop_no_sig,12,346,0.2631178707224334,435.38461538461536,71.0,435.38461538461536,71.0,0
per_huruf_hybrid_skeleton_forced_loop_no_sig,12,347,0.2638783269961977,435.30769230769226,71.0,435.30769230769226,71.0,0
per_huruf_hybrid_skeleton_forced_loop_no_sig,12,348,0.264638783269962,435.23076923076917,71.0,435.23076923076917,71.0,0
per_huruf_hybrid_skeleton_forced_loop_no_sig,12,349,0.26539923954372624,435.1538461538462,71.0,435.1538461538462,71.0,0
per_huruf_hybrid_skeleton_forced_loop_no_sig,12,350,0.2661596958174905,435.0769230769231,71.0,435.0769230769231,71.0,0
per_huruf_hybrid_skeleton_forced_loop_no_sig,12,351,0.26692015209125475,435.0,71.0,435.0,71.0,0
per_huruf_hybrid_skeleton_forced_loop_no_sig,12,352,0.267680608365019,434.923076923077,71.00546199362769,434.923076923077,71.00546199362769,0
per_huruf_hybrid_skeleton_forced_loop_no_sig,12,353,0.26844106463878326,434.84615384615387,71.02002730996814,434.84615384615387,71.02002730996814,0
per_huruf_hybrid_skeleton_forced_loop_no_sig,12,354,0.2692015209125475,434.7692307692307,71.04096495220755,434.7692307692307,71.04096495220755,0
per_huruf_hybrid_skeleton_forced_loop_no_sig,12,355,0.26996197718631176,434.6923076923077,71.06554392353209,434.6923076923077,71.06554392353209,0
per_huruf_hybrid_skeleton_forced_loop_no_sig,12,356,0.270722433460076,434.6153846153847,71.09103322712791,434.6153846153847,71.09103322712791,0
per_huruf_hybrid_skeleton_forced_loop_no_sig,12,357,0.27148288973384027,434.53846153846155,71.11470186618115,434.53846153846155,71.11470186618115,0
per_huruf_hybrid_skeleton_forced_loop_no_sig,12,358,0.2722433460076045,434.4615384615385,71.13381884387802,434.4615384615385,71.13381884387802,0
per_huruf_hybrid_skeleton_forced_loop_no_sig,12,359,0.2730038022813688,434.3846153846154,71.14565316340465,434.3846153846154,71.14565316340465,0
per_huruf_hybrid_skeleton_forced_loop_no_sig,12,360,0.2737642585551331,434.30769230769226,71.1474738279472,434.30769230769226,71.1474738279472,0
per_huruf_hybrid_skeleton_forced_loop_no_sig,12,361,0.27452471482889734,434.23076923076917,71.13654984069186,434.23076923076917,71.13654984069186,0
per_huruf_hybrid_skeleton_forced_loop_no_sig,12,362,0.2752851711026616,434.1538461538462,71.11015020482476,434.1538461538462,71.11015020482476,0
per_huruf_hybrid_skeleton_forced_loop_no_sig,12,363,0.27604562737642585,434.0769230769231,71.06554392353209,434.0769230769231,71.06554392353209,0
per_huruf_hybrid_skeleton_forced_loop_no_sig,12,364,0.2768060836501901,434.0,71.0,434.0,71.0,0
per_huruf_hybrid_skeleton_forced_loop_no_sig,12,365,0.27756653992395436,433.9176149294493,70.90896677287212,433.9176149294493,70.90896677287212,0
per_huruf_hybrid_skeleton_forced_loop_no_sig,12,366,0.2783269961977186,433.8261265361857,70.79244424214839,433.8261265361857,70.79244424214839,0
per_huruf_hybrid_skeleton_forced_loop_no_sig,12,367,0.27908745247148287,433.7282658170231,70.6545289030496,433.7282658170231,70.6545289030496,0
per_huruf_hybrid_skeleton_forced_loop_no_sig,12,368,0.2798479087452471,433.6267637687755,70.49931725079652,433.6267637687755,70.49931725079652,0
per_huruf_hybrid_skeleton_forced_loop_no_sig,12,369,0.2806083650190114,433.5243513882568,70.33090578060994,433.5243513882568,70.33090578060994,0
per_huruf_hybrid_skeleton_forced_loop_no_sig,12,370,0.28136882129277563,433.42375967228037,70.15339098771052,433.42375967228037,70.15339098771052,0
per_huruf_hybrid_skeleton_forced_loop_no_sig,12,371,0.2821292775665399,433.3277196176605,69.97086936731907,433.3277196176605,69.97086936731907,0
per_huruf_hybrid_skeleton_forced_loop_no_sig,12,372,0.2828897338403042,433.2389622212108,69.78743741465635,433.2389622212108,69.78743741465635,0
per_huruf_hybrid_skeleton_forced_loop_no_sig,12,373,0.28365019011406845,433.1602184797451,69.6071916249431,433.1602184797451,69.6071916249431,0
per_huruf_hybrid_skeleton_forced_loop_no_sig,12,374,0.2844106463878327,433.09421939007734,69.43422849340008,433.09421939007734,69.43422849340008,0
per_huruf_hybrid_skeleton_forced_loop_no_sig,12,375,0.28517110266159695,433.0436959490214,69.27264451524806,433.0436959490214,69.27264451524806,0
per_huruf_hybrid_skeleton_forced_loop_no_sig,12,376,0.2859315589353612,433.011379153391,69.12653618570778,433.011379153391,69.12653618570778,0
per_huruf_hybrid_skeleton_forced_loop_no_sig,12,377,0.28669201520912546,433.0,69.0,433.0,69.0,0
per_huruf_hybrid_skeleton_forced_loop_no_sig,12,378,0.2874524714828897,433.0,69.0,433.0,69.0,0
per_huruf_hybrid_skeleton_forced_loop_no_sig,12,379,0.28821292775665397,395.0,95.0,395.0,95.0,0
per_huruf_hybrid_skeleton_forced_loop_no_sig,12,380,0.2889733840304182,395.0441511151571,95.04415111515705,395.0441511151571,95.04415111515705,0
per_huruf_hybrid_skeleton_forced_loop_no_sig,12,381,0.2897338403041825,395.09877105143386,95.09877105143379,395.09877105143386,95.09877105143379,0
per_huruf_hybrid_skeleton_forced_loop_no_sig,12,382,0.29049429657794673,395.16249431042326,95.1624943104233,395.16249431042326,95.1624943104233,0
per_huruf_hybrid_skeleton_forced_loop_no_sig,12,383,0.291254752851711,395.2339553937187,95.2339553937187,395.2339553937187,95.2339553937187,0
per_huruf_hybrid_skeleton_forced_loop_no_sig,12,384,0.2920152091254753,395.3117888029131,95.31178880291309,395.3117888029131,95.31178880291309,0
per_huruf_hybrid_skeleton_forced_loop_no_sig,12,385,0.29277566539923955,395.39462903959947,95.39462903959947,395.39462903959947,95.39462903959947,0
per_huruf_hybrid_skeleton_forced_loop_no_sig,12,386,0.2935361216730038,395.48111060537093,95.48111060537096,395.48111060537093,95.48111060537096,0
per_huruf_hybrid_skeleton_forced_loop_no_sig,12,387,0.29429657794676806,395.5698680018207,95.56986800182067,395.5698680018207,95.56986800182067,0
per_huruf_hybrid_skeleton_forced_loop_no_sig,12,388,0.2950570342205323,395.6595357305416,95.65953573054165,395.6595357305416,95.65953573054165,0
per_huruf_hybrid_skeleton_forced_loop_no_sig,12,389,0.29581749049429656,395.74874829312694,95.748748293127,395.74874829312694,95.748748293127,0
per_huruf_hybrid_skeleton_forced_loop_no_sig,12,390,0.2965779467680608,395.8361401911698,95.83614019116979,395.8361401911698,95.83614019116979,0
per_huruf_hybrid_skeleton_forced_loop_no_sig,12,391,0.2973384030418251,395.9203459262631,95.92034592626308,395.9203459262631,95.92034592626308,0
per_huruf_hybrid_skeleton_forced_loop_no_sig,12,392,0.2980988593155893,396.0,96.0,396.0,96.0,0
per_huruf_hybrid_skeleton_forced_loop_no_sig,12,393,0.2988593155893536,396.0769230769231,96.0769230769231,396.0769230769231,96.0769230769231,0
per_huruf_hybrid_skeleton_forced_loop_no_sig,12,394,0.29961977186311783,396.15384615384613,96.15384615384616,396.15384615384613,96.15384615384616,0
per_huruf_hybrid_skeleton_forced_loop_no_sig,12,395,0.3003802281368821,396.23076923076917,96.23076923076921,396.23076923076917,96.23076923076921,0
per_huruf_hybrid_skeleton_forced_loop_no_sig,12,396,0.30114068441064634,396.30769230769226,96.3076923076923,396.30769230769226,96.3076923076923,0
per_huruf_hybrid_skeleton_forced_loop_no_sig,12,397,0.30190114068441065,396.3846153846154,96.38461538461539,396.3846153846154,96.38461538461539,0
per_huruf_hybrid_skeleton_forced_loop_no_sig,12,398,0.3026615969581749,396.4615384615385,96.46153846153847,396.4615384615385,96.46153846153847,0
per_huruf_hybrid_skeleton_forced_loop_no_sig,12,399,0.30342205323193916,396.5384615384615,96.53846153846153,396.5384615384615,96.53846153846153,0
per_huruf_hybrid_skeleton_forced_loop_no_sig,12,400,0.3041825095057034,396.61538461538464,96.61538461538463,396.61538461538464,96.61538461538463,0
per_huruf_hybrid_skeleton_forced_loop_no_sig,12,401,0.30494296577946767,396.6923076923076,96.6923076923077,396.6923076923076,96.6923076923077,0
per_huruf_hybrid_skeleton_forced_loop_no_sig,12,402,0.3057034220532319,396.7692307692307,96.76923076923076,396.7692307692307,96.76923076923076,0
per_huruf_hybrid_skeleton_forced_loop_no_sig,12,403,0.3064638783269962,396.84615384615387,96.84615384615384,396.84615384615387,96.84615384615384,0
per_huruf_hybrid_skeleton_forced_loop_no_sig,12,404,0.30722433460076043,396.9230769230769,96.92307692307692,396.9230769230769,96.92307692307692,0
per_huruf_hybrid_skeleton_forced_loop_no_sig,12,405,0.3079847908745247,397.0,97.0,397.0,97.0,0
per_huruf_hybrid_skeleton_forced_loop_no_sig,12,406,0.30874524714828894,397.0769230769232,97.07965407373693,397.0769230769232,97.07965407373693,0
per_huruf_hybrid_skeleton_forced_loop_no_sig,12,407,0.3095057034220532,397.15384615384613,97.16385980883022,397.15384615384613,97.16385980883022,0
per_huruf_hybrid_skeleton_forced_loop_no_sig,12,408,0.31026615969581745,397.23076923076917,97.25125170687299,397.23076923076917,97.25125170687299,0
per_huruf_hybrid_skeleton_forced_loop_no_sig,12,409,0.31102661596958175,397.30769230769226,97.34046426945832,397.30769230769226,97.34046426945832,0
per_huruf_hybrid_skeleton_forced_loop_no_sig,12,410,0.311787072243346,397.3846153846154,97.43013199817935,397.3846153846154,97.43013199817935,0
per_huruf_hybrid_skeleton_forced_loop_no_sig,12,411,0.31254752851711026,397.4615384615385,97.51888939462904,397.4615384615385,97.51888939462904,0
per_huruf_hybrid_skeleton_forced_loop_no_sig,12,412,0.3133079847908745,397.53846153846155,97.60537096040053,397.53846153846155,97.60537096040053,0
per_huruf_hybrid_skeleton_forced_loop_no_sig,12,413,0.31406844106463877,397.61538461538464,97.68821119708694,397.61538461538464,97.68821119708694,0
per_huruf_hybrid_skeleton_forced_loop_no_sig,12,414,0.314828897338403,397.69230769230774,97.7660446062813,397.69230769230774,97.7660446062813,0
per_huruf_hybrid_skeleton_forced_loop_no_sig,12,415,0.3155893536121673,397.7692307692307,97.83750568957669,397.7692307692307,97.83750568957669,0
per_huruf_hybrid_skeleton_forced_loop_no_sig,12,416,0.31634980988593153,397.84615384615387,97.90122894856623,397.84615384615387,97.90122894856623,0
per_huruf_hybrid_skeleton_forced_loop_no_sig,12,417,0.3171102661596958,397.9230769230769,97.95584888484296,397.9230769230769,97.95584888484296,0
per_huruf_hybrid_skeleton_forced_loop_no_sig,12,418,0.31787072243346004,398.0,98.0,398.0,98.0,0
per_huruf_hybrid_skeleton_forced_loop_no_sig,12,419,0.3186311787072243,398.0769230769231,98.03004096495222,398.0769230769231,98.03004096495222,0
per_huruf_hybrid_skeleton_forced_loop_no_sig,12,420,0.31939163498098855,398.1538461538462,98.04506144742832,398.1538461538462,98.04506144742832,0
per_huruf_hybrid_skeleton_forced_loop_no_sig,12,421,0.32015209125475286,398.23076923076917,98.04779244424213,398.23076923076917,98.04779244424213,0
per_huruf_hybrid_skeleton_forced_loop_no_sig,12,422,0.3209125475285171,398.30769230769226,98.04096495220753,398.30769230769226,98.04096495220753,0
per_huruf_hybrid_skeleton_forced_loop_no_sig,12,423,0.32167300380228137,398.3846153846154,98.02730996813838,398.3846153846154,98.02730996813838,0
per_huruf_hybrid_skeleton_forced_loop_no_sig,12,424,0.3224334600760456,398.46153846153845,98.00955848884844,398.46153846153845,98.00955848884844,0
per_huruf_hybrid_skeleton_forced_loop_no_sig,12,425,0.3231939163498099,398.5384615384616,97.99044151115157,398.5384615384616,97.99044151115157,0
per_huruf_hybrid_skeleton_forced_loop_no_sig,12,426,0.3239543726235741,398.61538461538464,97.97269003186163,398.61538461538464,97.97269003186163,0
per_huruf_hybrid_skeleton_forced_loop_no_sig,12,427,0.3247148288973384,398.6923076923076,97.95903504779244,398.6923076923076,97.95903504779244,0
per_huruf_hybrid_skeleton_forced_loop_no_sig,12,428,0.32547528517110264,398.7692307692307,97.95220755575784,398.7692307692307,97.95220755575784,0
per_huruf_hybrid_skeleton_forced_loop_no_sig,12,429,0.3262357414448669,398.84615384615387,97.95493855257169,398.84615384615387,97.95493855257169,0
per_huruf_hybrid_skeleton_forced_loop_no_sig,12,430,0.32699619771863114,398.9230769230769,97.9699590350478,398.9230769230769,97.9699590350478,0
per_huruf_hybrid_skeleton_forced_loop_no_sig,12,431,0.3277566539923954,399.0,98.0,399.0,98.0,0
per_huruf_hybrid_skeleton_forced_loop_no_sig,12,432,0.32851711026615965,399.07692307692315,98.04415111515705,399.07692307692315,98.04415111515705,0
per_huruf_hybrid_skeleton_forced_loop_no_sig,12,433,0.32927756653992396,399.1538461538462,98.09877105143379,399.1538461538462,98.09877105143379,0
per_huruf_hybrid_skeleton_forced_loop_no_sig,12,434,0.3300380228136882,399.23076923076917,98.1624943104233,399.23076923076917,98.1624943104233,0
per_huruf_hybrid_skeleton_forced_loop_no_sig,12,435,0.33079847908745247,399.30769230769226,98.23395539371869,399.30769230769226,98.23395539371869,0
per_huruf_hybrid_skeleton_forced_loop_no_sig,12,436,0.3315589353612167,399.3846153846154,98.31178880291307,399.3846153846154,98.31178880291307,0
per_huruf_hybrid_skeleton_forced_loop_no_sig,12,437,0.332319391634981,399.4615384615385,98.39462903959948,399.4615384615385,98.39462903959948,0
per_huruf_hybrid_skeleton_forced_loop_no_sig,12,438,0.33307984790874523,399.53846153846155,98.48111060537096,399.53846153846155,98.48111060537096,0
per_huruf_hybrid_skeleton_forced_loop_no_sig,12,439,0.3338403041825095,399.6153846153846,98.56986800182067,399.6153846153846,98.56986800182067,0
per_huruf_hybrid_skeleton_forced_loop_no_sig,12,440,0.33460076045627374,399.69230769230774,98.65953573054165,399.69230769230774,98.65953573054165,0
per_huruf_hybrid_skeleton_forced_loop_no_sig,12,441,0.335361216730038,399.7692307692307,98.748748293127,399.7692307692307,98.748748293127,0
per_huruf_hybrid_skeleton_forced_loop_no_sig,12,442,0.33612167300380225,399.84615384615387,98.83614019116979,399.84615384615387,98.83614019116979,0
per_huruf_hybrid_skeleton_forced_loop_no_sig,12,443,0.3368821292775665,399.9230769230769,98.92034592626308,399.9230769230769,98.92034592626308,0
per_huruf_hybrid_skeleton_forced_loop_no_sig,12,444,0.33764258555133075,400.0,99.0,400.0,99.0,0
per_huruf_hybrid_skeleton_forced_loop_no_sig,12,445,0.33840304182509506,400.07692307692315,99.07965407373693,400.07692307692315,99.07965407373693,0
per_huruf_hybrid_skeleton_forced_loop_no_sig,12,446,0.3391634980988593,400.1538461538462,99.16385980883022,400.1538461538462,99.16385980883022,0
per_huruf_hybrid_skeleton_forced_loop_no_sig,12,447,0.33992395437262357,400.23076923076917,99.25125170687299,400.23076923076917,99.25125170687299,0
per_huruf_hybrid_skeleton_forced_loop_no_sig,12,448,0.3406844106463878,400.30769230769226,99.34046426945835,400.30769230769226,99.34046426945835,0
per_huruf_hybrid_skeleton_forced_loop_no_sig,12,449,0.3414448669201521,400.3846153846154,99.43013199817935,400.3846153846154,99.43013199817935,0
per_huruf_hybrid_skeleton_forced_loop_no_sig,12,450,0.34220532319391633,400.4615384615385,99.51888939462904,400.4615384615385,99.51888939462904,0
per_huruf_hybrid_skeleton_forced_loop_no_sig,12,451,0.3429657794676806,400.53846153846155,99.60537096040055,400.53846153846155,99.60537096040055,0
per_huruf_hybrid_skeleton_forced_loop_no_sig,12,452,0.34372623574144484,400.61538461538464,99.68821119708693,400.61538461538464,99.68821119708693,0
per_huruf_hybrid_skeleton_forced_loop_no_sig,12,453,0.3444866920152091,400.6923076923076,99.7660446062813,400.6923076923076,99.7660446062813,0
per_huruf_hybrid_skeleton_forced_loop_no_sig,12,454,0.34524714828897335,400.7692307692307,99.83750568957669,400.7692307692307,99.83750568957669,0
per_huruf_hybrid_skeleton_forced_loop_no_sig,12,455,0.3460076045627376,400.84615384615387,99.90122894856623,400.84615384615387,99.90122894856623,0
per_huruf_hybrid_skeleton_forced_loop_no_sig,12,456,0.34676806083650186,400.9230769230769,99.95584888484296,400.9230769230769,99.95584888484296,0
per_huruf_hybrid_skeleton_forced_loop_no_sig,12,457,0.3475285171102661,401.0,100.0,401.0,100.0,0
per_huruf_hybrid_skeleton_forced_loop_no_sig,12,458,0.3482889733840304,401.0769230769231,100.03004096495222,401.0769230769231,100.03004096495222,0
per_huruf_hybrid_skeleton_forced_loop_no_sig,12,459,0.3490494296577947,401.1538461538462,100.04506144742832,401.1538461538462,100.04506144742832,0
per_huruf_hybrid_skeleton_forced_loop_no_sig,12,460,0.34980988593155893,401.23076923076917,100.04779244424215,401.23076923076917,100.04779244424215,0
per_huruf_hybrid_skeleton_forced_loop_no_sig,12,461,0.3505703422053232,401.3076923076922,100.04096495220755,401.3076923076922,100.04096495220755,0
per_huruf_hybrid_skeleton_forced_loop_no_sig,12,462,0.35133079847908744,401.3846153846155,100.02730996813838,401.3846153846155,100.02730996813838,0
per_huruf_hybrid_skeleton_forced_loop_no_sig,12,463,0.3520912547528517,401.46153846153845,100.00955848884846,401.46153846153845,100.00955848884846,0
per_huruf_hybrid_skeleton_forced_loop_no_sig,12,464,0.35285171102661594,401.53846153846155,99.99044151115157,401.53846153846155,99.99044151115157,0
per_huruf_hybrid_skeleton_forced_loop_no_sig,12,465,0.3536121673003802,401.61538461538464,99.97269003186163,401.61538461538464,99.97269003186163,0
per_huruf_hybrid_skeleton_forced_loop_no_sig,12,466,0.35437262357414445,401.6923076923076,99.95903504779244,401.6923076923076,99.95903504779244,0
per_huruf_hybrid_skeleton_forced_loop_no_sig,12,467,0.3551330798479087,401.7692307692307,99.95220755575784,401.7692307692307,99.95220755575784,0
per_huruf_hybrid_skeleton_forced_loop_no_sig,12,468,0.35589353612167296,401.84615384615387,99.95493855257169,401.84615384615387,99.95493855257169,0
per_huruf_hybrid_skeleton_forced_loop_no_sig,12,469,0.3566539923954372,401.9230769230769,99.9699590350478,401.9230769230769,99.9699590350478,0
per_huruf_hybrid_skeleton_forced_loop_no_sig,12,470,0.3574144486692015,402.0,100.0,402.0,100.0,0
per_huruf_hybrid_skeleton_forced_loop_no_sig,12,471,0.3581749049429658,402.07692307692315,100.04688211197089,402.07692307692315,100.04688211197089,0
per_huruf_hybrid_skeleton_forced_loop_no_sig,12,472,0.35893536121673003,402.1538461538462,100.10878470641786,402.1538461538462,100.10878470641786,0
per_huruf_hybrid_skeleton_forced_loop_no_sig,12,473,0.3596958174904943,402.23076923076917,100.18297678652708,402.23076923076917,100.18297678652708,0
per_huruf_hybrid_skeleton_forced_loop_no_sig,12,474,0.36045627376425854,402.30769230769226,100.26672735548475,402.30769230769226,100.26672735548475,0
per_huruf_hybrid_skeleton_forced_loop_no_sig,12,475,0.3612167300380228,402.3846153846154,100.35730541647702,402.3846153846154,100.35730541647702,0
per_huruf_hybrid_skeleton_forced_loop_no_sig,12,476,0.36197718631178705,402.46153846153845,100.45197997269004,402.46153846153845,100.45197997269004,0
per_huruf_hybrid_skeleton_forced_loop_no_sig,12,477,0.3627376425855513,402.53846153846155,100.54802002730997,402.53846153846155,100.54802002730997,0
per_huruf_hybrid_skeleton_forced_loop_no_sig,12,478,0.36349809885931555,402.61538461538464,100.64269458352298,402.61538461538464,100.64269458352298,0
per_huruf_hybrid_skeleton_forced_loop_no_sig,12,479,0.3642585551330798,402.6923076923076,100.73327264451525,402.6923076923076,100.73327264451525,0
per_huruf_hybrid_skeleton_forced_loop_no_sig,12,480,0.36501901140684406,402.7692307692308,100.81702321347291,402.7692307692308,100.81702321347291,0
per_huruf_hybrid_skeleton_forced_loop_no_sig,12,481,0.3657794676806083,402.84615384615387,100.89121529358216,402.84615384615387,100.89121529358216,0
per_huruf_hybrid_skeleton_forced_loop_no_sig,12,482,0.3665399239543726,402.9230769230769,100.95311788802913,402.9230769230769,100.95311788802913,0
per_huruf_hybrid_skeleton_forced_loop_no_sig,12,483,0.3673003802281369,403.0,101.0,403.0,101.0,0
per_huruf_hybrid_skeleton_forced_loop_no_sig,12,484,0.36806083650190113,403.0769230769231,101.03004096495224,403.0769230769231,101.03004096495224,0
per_huruf_hybrid_skeleton_forced_loop_no_sig,12,485,0.3688212927756654,403.15384615384613,101.04506144742832,403.15384615384613,101.04506144742832,0
per_huruf_hybrid_skeleton_forced_loop_no_sig,12,486,0.36958174904942964,403.23076923076917,101.04779244424213,403.23076923076917,101.04779244424213,0
per_huruf_hybrid_skeleton_forced_loop_no_sig,12,487,0.3703422053231939,403.30769230769226,101.04096495220756,403.30769230769226,101.04096495220756,0
per_huruf_hybrid_skeleton_forced_loop_no_sig,12,488,0.37110266159695815,403.3846153846154,101.02730996813837,403.3846153846154,101.02730996813837,0
per_huruf_hybrid_skeleton_forced_loop_no_sig,12,489,0.3718631178707224,403.4615384615385,101.00955848884844,403.4615384615385,101.00955848884844,0
per_huruf_hybrid_skeleton_forced_loop_no_sig,12,490,0.37262357414448666,403.53846153846155,100.99044151115157,403.53846153846155,100.99044151115157,0
per_huruf_hybrid_skeleton_forced_loop_no_sig,12,491,0.3733840304182509,403.6153846153846,100.97269003186163,403.6153846153846,100.97269003186163,0
per_huruf_hybrid_skeleton_forced_loop_no_sig,12,492,0.37414448669201517,403.6923076923077,100.95903504779244,403.6923076923077,100.95903504779244,0
per_huruf_hybrid_skeleton_forced_loop_no_sig,12,493,0.3749049429657794,403.7692307692307,100.95220755575784,403.7692307692307,100.95220755575784,0
per_huruf_hybrid_skeleton_forced_loop_no_sig,12,494,0.37566539923954373,403.84615384615387,100.95493855257169,403.84615384615387,100.95493855257169,0
per_huruf_hybrid_skeleton_forced_loop_no_sig,12,495,0.376425855513308,403.9230769230769,100.9699590350478,403.9230769230769,100.9699590350478,0
per_huruf_hybrid_skeleton_forced_loop_no_sig,12,496,0.37718631178707224,404.0,101.0,404.0,101.0,0
per_huruf_hybrid_skeleton_forced_loop_no_sig,12,497,0.3779467680608365,404.07692307692315,101.0468821119709,404.07692307692315,101.0468821119709,0
per_huruf_hybrid_skeleton_forced_loop_no_sig,12,498,0.37870722433460074,404.1538461538462,101.10878470641785,404.1538461538462,101.10878470641785,0
per_huruf_hybrid_skeleton_forced_loop_no_sig,12,499,0.379467680608365,404.23076923076917,101.18297678652706,404.23076923076917,101.18297678652706,0
per_huruf_hybrid_skeleton_forced_loop_no_sig,12,500,0.38022813688212925,404.30769230769226,101.26672735548475,404.30769230769226,101.26672735548475,0
per_huruf_hybrid_skeleton_forced_loop_no_sig,12,501,0.3809885931558935,404.3846153846154,101.35730541647702,404.3846153846154,101.35730541647702,0
per_huruf_hybrid_skeleton_forced_loop_no_sig,12,502,0.38174904942965776,404.4615384615385,101.45197997269005,404.4615384615385,101.45197997269005,0
per_huruf_hybrid_skeleton_forced_loop_no_sig,12,503,0.382509505703422,404.53846153846155,101.54802002730996,404.53846153846155,101.54802002730996,0
per_huruf_hybrid_skeleton_forced_loop_no_sig,12,504,0.38326996197718627,404.6153846153846,101.64269458352298,404.6153846153846,101.64269458352298,0
per_huruf_hybrid_skeleton_forced_loop_no_sig,12,505,0.3840304182509505,404.6923076923077,101.73327264451524,404.6923076923077,101.73327264451524,0
per_huruf_hybrid_skeleton_forced_loop_no_sig,12,506,0.38479087452471483,404.7692307692307,101.81702321347291,404.7692307692307,101.81702321347291,0
per_huruf_hybrid_skeleton_forced_loop_no_sig,12,507,0.3855513307984791,404.84615384615387,101.89121529358216,404.84615384615387,101.89121529358216,0
per_huruf_hybrid_skeleton_forced_loop_no_sig,12,508,0.38631178707224334,404.9230769230769,101.95311788802913,404.9230769230769,101.95311788802913,0
per_huruf_hybrid_skeleton_forced_loop_no_sig,12,509,0.3870722433460076,405.0,102.0,405.0,102.0,0
per_huruf_hybrid_skeleton_forced_loop_no_sig,12,510,0.38783269961977185,405.07692307692315,102.03277196176606,405.07692307692315,102.03277196176606,0
per_huruf_hybrid_skeleton_forced_loop_no_sig,12,511,0.3885931558935361,405.1538461538462,102.05507510241237,405.1538461538462,102.05507510241237,0
per_huruf_hybrid_skeleton_forced_loop_no_sig,12,512,0.38935361216730036,405.23076923076917,102.0682749203459,405.23076923076917,102.0682749203459,0
per_huruf_hybrid_skeleton_forced_loop_no_sig,12,513,0.3901140684410646,405.3076923076923,102.07373691397359,405.3076923076923,102.07373691397359,0
per_huruf_hybrid_skeleton_forced_loop_no_sig,12,514,0.39087452471482886,405.3846153846154,102.07282658170233,405.3846153846154,102.07282658170233,0
per_huruf_hybrid_skeleton_forced_loop_no_sig,12,515,0.3916349809885931,405.4615384615385,102.06690942193902,405.4615384615385,102.06690942193902,0
per_huruf_hybrid_skeleton_forced_loop_no_sig,12,516,0.39239543726235737,405.53846153846155,102.05735093309058,405.53846153846155,102.05735093309058,0
per_huruf_hybrid_skeleton_forced_loop_no_sig,12,517,0.3931558935361216,405.61538461538464,102.04551661356395,405.61538461538464,102.04551661356395,0
per_huruf_hybrid_skeleton_forced_loop_no_sig,12,518,0.3939163498098859,405.6923076923077,102.03277196176604,405.6923076923077,102.03277196176604,0
per_huruf_hybrid_skeleton_forced_loop_no_sig,12,519,0.3946768060836502,405.7692307692307,102.02048247610378,405.7692307692307,102.02048247610378,0
per_huruf_hybrid_skeleton_forced_loop_no_sig,12,520,0.39543726235741444,405.84615384615387,102.01001365498408,405.84615384615387,102.01001365498408,0
per_huruf_hybrid_skeleton_forced_loop_no_sig,12,521,0.3961977186311787,405.9230769230769,102.00273099681382,405.9230769230769,102.00273099681382,0
per_huruf_hybrid_skeleton_forced_loop_no_sig,12,522,0.39695817490494295,406.0,102.0,406.0,102.0,0
per_huruf_hybrid_skeleton_forced_loop_no_sig,12,523,0.3977186311787072,406.0769230769231,102.00000000000001,406.0769230769231,102.00000000000001,0
per_huruf_hybrid_skeleton_forced_loop_no_sig,12,524,0.39847908745247146,406.15384615384613,101.99999999999999,406.15384615384613,101.99999999999999,0
per_huruf_hybrid_skeleton_forced_loop_no_sig,12,525,0.3992395437262357,406.23076923076917,101.99999999999999,406.23076923076917,101.99999999999999,0
per_huruf_hybrid_skeleton_forced_loop_no_sig,12,526,0.39999999999999997,406.30769230769226,101.99999999999999,406.30769230769226,101.99999999999999,0
per_huruf_hybrid_skeleton_forced_loop_no_sig,12,527,0.4007604562737642,406.3846153846154,102.0,406.3846153846154,102.0,0
per_huruf_hybrid_skeleton_forced_loop_no_sig,12,528,0.4015209125475285,406.4615384615385,102.0,406.4615384615385,102.0,0
per_huruf_hybrid_skeleton_forced_loop_no_sig,12,529,0.40228136882129273,406.53846153846155,101.99999999999999,406.53846153846155,101.99999999999999,0
per_huruf_hybrid_skeleton_forced_loop_no_sig,12,530,0.403041825095057,406.61538461538464,102.0,406.61538461538464,102.0,0
per_huruf_hybrid_skeleton_forced_loop_no_sig,12,531,0.4038022813688213,406.6923076923077,102.0,406.6923076923077,102.0,0
per_huruf_hybrid_skeleton_forced_loop_no_sig,12,532,0.40456273764258555,406.7692307692307,102.0,406.7692307692307,102.0,0
per_huruf_hybrid_skeleton_forced_loop_no_sig,12,533,0.4053231939163498,406.84615384615387,102.0,406.84615384615387,102.0,0
per_huruf_hybrid_skeleton_forced_loop_no_sig,12,534,0.40608365019011405,406.9230769230769,102.0,406.9230769230769,102.0,0
per_huruf_hybrid_skeleton_forced_loop_no_sig,12,535,0.4068441064638783,407.0,102.0,407.0,102.0,0
per_huruf_hybrid_skeleton_forced_loop_no_sig,12,536,0.40760456273764256,407.0769230769231,101.99726900318618,407.0769230769231,101.99726900318618,0
per_huruf_hybrid_skeleton_forced_loop_no_sig,12,537,0.4083650190114068,407.1538461538461,101.98998634501592,407.1538461538461,101.98998634501592,0
per_huruf_hybrid_skeleton_forced_loop_no_sig,12,538,0.40912547528517107,407.23076923076917,101.9795175238962,407.23076923076917,101.9795175238962,0
per_huruf_hybrid_skeleton_forced_loop_no_sig,12,539,0.4098859315589353,407.3076923076923,101.96722803823394,407.3076923076923,101.96722803823394,0
per_huruf_hybrid_skeleton_forced_loop_no_sig,12,540,0.4106463878326996,407.3846153846154,101.95448338643605,407.3846153846154,101.95448338643605,0
per_huruf_hybrid_skeleton_forced_loop_no_sig,12,541,0.41140684410646383,407.46153846153845,101.94264906690944,407.46153846153845,101.94264906690944,0
per_huruf_hybrid_skeleton_forced_loop_no_sig,12,542,0.4121673003802281,407.5384615384615,101.93309057806098,407.5384615384615,101.93309057806098,0
per_huruf_hybrid_skeleton_forced_loop_no_sig,12,543,0.4129277566539924,407.6153846153846,101.92717341829767,407.6153846153846,101.92717341829767,0
per_huruf_hybrid_skeleton_forced_loop_no_sig,12,544,0.41368821292775665,407.6923076923077,101.9262630860264,407.6923076923077,101.9262630860264,0
per_huruf_hybrid_skeleton_forced_loop_no_sig,12,545,0.4144486692015209,407.7692307692307,101.93172507965406,407.7692307692307,101.93172507965406,0
per_huruf_hybrid_skeleton_forced_loop_no_sig,12,546,0.41520912547528516,407.84615384615387,101.94492489758763,407.84615384615387,101.94492489758763,0
per_huruf_hybrid_skeleton_forced_loop_no_sig,12,547,0.4159695817490494,407.9230769230769,101.96722803823394,407.9230769230769,101.96722803823394,0
per_huruf_hybrid_skeleton_forced_loop_no_sig,12,548,0.41673003802281366,408.0,102.0,408.0,102.0,0
per_huruf_hybrid_skeleton_forced_loop_no_sig,12,549,0.4174904942965779,408.07692307692315,102.04688211197087,408.07692307692315,102.04688211197087,0
per_huruf_hybrid_skeleton_forced_loop_no_sig,12,550,0.4182509505703422,408.15384615384613,102.10878470641785,408.15384615384613,102.10878470641785,0
per_huruf_hybrid_skeleton_forced_loop_no_sig,12,551,0.4190114068441064,408.23076923076917,102.18297678652706,408.23076923076917,102.18297678652706,0
per_huruf_hybrid_skeleton_forced_loop_no_sig,12,552,0.4197718631178707,408.30769230769226,102.26672735548475,408.30769230769226,102.26672735548475,0
per_huruf_hybrid_skeleton_forced_loop_no_sig,12,553,0.42053231939163493,408.3846153846154,102.35730541647702,408.3846153846154,102.35730541647702,0
per_huruf_hybrid_skeleton_forced_loop_no_sig,12,554,0.4212927756653992,408.4615384615385,102.45197997269003,408.4615384615385,102.45197997269003,0
per_huruf_hybrid_skeleton_forced_loop_no_sig,12,555,0.4220532319391635,408.53846153846155,102.54802002730997,408.53846153846155,102.54802002730997,0
per_huruf_hybrid_skeleton_forced_loop_no_sig,12,556,0.42281368821292775,408.6153846153846,102.642694583523,408.6153846153846,102.642694583523,0
per_huruf_hybrid_skeleton_forced_loop_no_sig,12,557,0.423574144486692,408.6923076923077,102.73327264451524,408.6923076923077,102.73327264451524,0
per_huruf_hybrid_skeleton_forced_loop_no_sig,12,558,0.42433460076045626,408.7692307692307,102.81702321347291,408.7692307692307,102.81702321347291,0
per_huruf_hybrid_skeleton_forced_loop_no_sig,12,559,0.4250950570342205,408.84615384615387,102.89121529358215,408.84615384615387,102.89121529358215,0
per_huruf_hybrid_skeleton_forced_loop_no_sig,12,560,0.42585551330798477,408.9230769230769,102.95311788802913,408.9230769230769,102.95311788802913,0
per_huruf_hybrid_skeleton_forced_loop_no_sig,12,561,0.426615969581749,409.0,103.0,409.0,103.0,0
per_huruf_hybrid_skeleton_forced_loop_no_sig,12,562,0.4273764258555133,409.0769230769231,103.03277196176606,409.0769230769231,103.03277196176606,0
per_huruf_hybrid_skeleton_forced_loop_no_sig,12,563,0.42813688212927753,409.15384615384613,103.05507510241239,409.15384615384613,103.05507510241239,0
per_huruf_hybrid_skeleton_forced_loop_no_sig,12,564,0.4288973384030418,409.23076923076917,103.0682749203459,409.23076923076917,103.0682749203459,0
per_huruf_hybrid_skeleton_forced_loop_no_sig,12,565,0.42965779467680604,409.30769230769226,103.07373691397359,409.30769230769226,103.07373691397359,0
per_huruf_hybrid_skeleton_forced_loop_no_sig,12,566,0.4304182509505703,409.38461538461536,103.07282658170234,409.38461538461536,103.07282658170234,0
per_huruf_hybrid_skeleton_forced_loop_no_sig,12,567,0.4311787072243346,409.4615384615385,103.06690942193902,409.4615384615385,103.06690942193902,0
per_huruf_hybrid_skeleton_forced_loop_no_sig,12,568,0.43193916349809885,409.53846153846155,103.05735093309056,409.53846153846155,103.05735093309056,0
per_huruf_hybrid_skeleton_forced_loop_no_sig,12,569,0.4326996197718631,409.61538461538464,103.04551661356396,409.61538461538464,103.04551661356396,0
per_huruf_hybrid_skeleton_forced_loop_no_sig,12,570,0.43346007604562736,409.6923076923077,103.03277196176603,409.6923076923077,103.03277196176603,0
per_huruf_hybrid_skeleton_forced_loop_no_sig,12,571,0.4342205323193916,409.7692307692307,103.02048247610378,409.7692307692307,103.02048247610378,0
per_huruf_hybrid_skeleton_forced_loop_no_sig,12,572,0.43498098859315587,409.8461538461539,103.01001365498408,409.8461538461539,103.01001365498408,0
per_huruf_hybrid_skeleton_forced_loop_no_sig,12,573,0.4357414448669201,409.9230769230769,103.00273099681384,409.9230769230769,103.00273099681384,0
per_huruf_hybrid_skeleton_forced_loop_no_sig,12,574,0.4365019011406844,410.0,103.0,410.0,103.0,0
per_huruf_hybrid_skeleton_forced_loop_no_sig,12,575,0.43726235741444863,410.07692307692315,103.00000000000001,410.07692307692315,103.00000000000001,0
per_huruf_hybrid_skeleton_forced_loop_no_sig,12,576,0.4380228136882129,410.15384615384613,103.00000000000001,410.15384615384613,103.00000000000001,0
per_huruf_hybrid_skeleton_forced_loop_no_sig,12,577,0.43878326996197714,410.23076923076917,102.99999999999999,410.23076923076917,102.99999999999999,0
per_huruf_hybrid_skeleton_forced_loop_no_sig,12,578,0.4395437262357414,410.30769230769226,103.0,410.30769230769226,103.0,0
per_huruf_hybrid_skeleton_forced_loop_no_sig,12,579,0.44030418250950565,410.3846153846154,103.00000000000001,410.3846153846154,103.00000000000001,0
per_huruf_hybrid_skeleton_forced_loop_no_sig,12,580,0.44106463878326996,410.46153846153845,103.0,410.46153846153845,103.0,0
per_huruf_hybrid_skeleton_forced_loop_no_sig,12,581,0.4418250950570342,410.53846153846155,103.0,410.53846153846155,103.0,0
per_huruf_hybrid_skeleton_forced_loop_no_sig,12,582,0.44258555133079847,410.61538461538464,103.0,410.61538461538464,103.0,0
per_huruf_hybrid_skeleton_forced_loop_no_sig,12,583,0.4433460076045627,410.6923076923077,103.0,410.6923076923077,103.0,0
per_huruf_hybrid_skeleton_forced_loop_no_sig,12,584,0.444106463878327,410.7692307692307,103.0,410.7692307692307,103.0,0
per_huruf_hybrid_skeleton_forced_loop_no_sig,12,585,0.4448669201520912,410.84615384615387,103.0,410.84615384615387,103.0,0
per_huruf_hybrid_skeleton_forced_loop_no_sig,12,586,0.4456273764258555,410.9230769230769,103.0,410.9230769230769,103.0,0
per_huruf_hybrid_skeleton_forced_loop_no_sig,12,587,0.44638783269961974,411.0,103.0,411.0,103.0,0
per_huruf_hybrid_skeleton_forced_loop_no_sig,12,588,0.447148288973384,411.07692307692315,103.00273099681385,411.07692307692315,103.00273099681385,0
per_huruf_hybrid_skeleton_forced_loop_no_sig,12,589,0.44790874524714824,411.1538461538462,103.01001365498409,411.1538461538462,103.01001365498409,0
per_huruf_hybrid_skeleton_forced_loop_no_sig,12,590,0.4486692015209125,411.23076923076917,103.02048247610375,411.23076923076917,103.02048247610375,0
per_huruf_hybrid_skeleton_forced_loop_no_sig,12,591,0.44942965779467675,411.30769230769226,103.03277196176604,411.30769230769226,103.03277196176604,0
per_huruf_hybrid_skeleton_forced_loop_no_sig,12,592,0.45019011406844106,411.3846153846154,103.04551661356396,411.3846153846154,103.04551661356396,0
per_huruf_hybrid_skeleton_forced_loop_no_sig,12,593,0.4509505703422053,411.46153846153845,103.05735093309059,411.46153846153845,103.05735093309059,0
per_huruf_hybrid_skeleton_forced_loop_no_sig,12,594,0.45171102661596957,411.53846153846155,103.06690942193902,411.53846153846155,103.06690942193902,0
per_huruf_hybrid_skeleton_forced_loop_no_sig,12,595,0.4524714828897338,411.61538461538464,103.07282658170234,411.61538461538464,103.07282658170234,0
per_huruf_hybrid_skeleton_forced_loop_no_sig,12,596,0.4532319391634981,411.6923076923077,103.07373691397359,411.6923076923077,103.07373691397359,0
per_huruf_hybrid_skeleton_forced_loop_no_sig,12,597,0.45399239543726233,411.7692307692307,103.06827492034591,411.7692307692307,103.06827492034591,0
per_huruf_hybrid_skeleton_forced_loop_no_sig,12,598,0.4547528517110266,411.84615384615387,103.05507510241239,411.84615384615387,103.05507510241239,0
per_huruf_hybrid_skeleton_forced_loop_no_sig,12,599,0.45551330798479084,411.9230769230769,103.03277196176604,411.9230769230769,103.03277196176604,0
per_huruf_hybrid_skeleton_forced_loop_no_sig,12,600,0.4562737642585551,412.0,103.0,412.0,103.0,0
per_huruf_hybrid_skeleton_forced_loop_no_sig,12,601,0.45703422053231935,412.0769230769231,102.95311788802915,412.0769230769231,102.95311788802915,0
per_huruf_hybrid_skeleton_forced_loop_no_sig,12,602,0.4577946768060836,412.1538461538462,102.89121529358215,412.1538461538462,102.89121529358215,0
per_huruf_hybrid_skeleton_forced_loop_no_sig,12,603,0.45855513307984785,412.23076923076917,102.8170232134729,412.23076923076917,102.8170232134729,0
per_huruf_hybrid_skeleton_forced_loop_no_sig,12,604,0.45931558935361216,412.30769230769226,102.73327264451522,412.30769230769226,102.73327264451522,0
per_huruf_hybrid_skeleton_forced_loop_no_sig,12,605,0.4600760456273764,412.3846153846154,102.642694583523,412.3846153846154,102.642694583523,0
per_huruf_hybrid_skeleton_forced_loop_no_sig,12,606,0.46083650190114067,412.4615384615385,102.54802002730997,412.4615384615385,102.54802002730997,0
per_huruf_hybrid_skeleton_forced_loop_no_sig,12,607,0.4615969581749049,412.53846153846155,102.45197997269004,412.53846153846155,102.45197997269004,0
per_huruf_hybrid_skeleton_forced_loop_no_sig,12,608,0.4623574144486692,412.61538461538464,102.35730541647702,412.61538461538464,102.35730541647702,0
per_huruf_hybrid_skeleton_forced_loop_no_sig,12,609,0.46311787072243343,412.6923076923077,102.26672735548476,412.6923076923077,102.26672735548476,0
per_huruf_hybrid_skeleton_forced_loop_no_sig,12,610,0.4638783269961977,412.7692307692307,102.18297678652706,412.7692307692307,102.18297678652706,0
per_huruf_hybrid_skeleton_forced_loop_no_sig,12,611,0.46463878326996194,412.8461538461539,102.10878470641785,412.8461538461539,102.10878470641785,0
per_huruf_hybrid_skeleton_forced_loop_no_sig,12,612,0.4653992395437262,412.92307692307696,102.04688211197086,412.92307692307696,102.04688211197086,0
per_huruf_hybrid_skeleton_forced_loop_no_sig,12,613,0.46615969581749045,413.0,102.0,413.0,102.0,0
per_huruf_hybrid_skeleton_forced_loop_no_sig,12,614,0.4669201520912547,413.07692307692315,101.96722803823397,413.07692307692315,101.96722803823397,0
per_huruf_hybrid_skeleton_forced_loop_no_sig,12,615,0.46768060836501896,413.15384615384613,101.94492489758761,413.15384615384613,101.94492489758761,0
per_huruf_hybrid_skeleton_forced_loop_no_sig,12,616,0.46844106463878327,413.2307692307692,101.93172507965404,413.2307692307692,101.93172507965404,0
per_huruf_hybrid_skeleton_forced_loop_no_sig,12,617,0.4692015209125475,413.30769230769226,101.92626308602638,413.30769230769226,101.92626308602638,0
per_huruf_hybrid_skeleton_forced_loop_no_sig,12,618,0.4699619771863118,413.3846153846154,101.92717341829768,413.3846153846154,101.92717341829768,0
per_huruf_hybrid_skeleton_forced_loop_no_sig,12,619,0.47072243346007603,413.4615384615385,101.93309057806101,413.4615384615385,101.93309057806101,0
per_huruf_hybrid_skeleton_forced_loop_no_sig,12,620,0.4714828897338403,413.53846153846155,101.94264906690941,413.53846153846155,101.94264906690941,0
per_huruf_hybrid_skeleton_forced_loop_no_sig,12,621,0.47224334600760454,413.61538461538464,101.95448338643605,413.61538461538464,101.95448338643605,0
per_huruf_hybrid_skeleton_forced_loop_no_sig,12,622,0.4730038022813688,413.6923076923076,101.96722803823396,413.6923076923076,101.96722803823396,0
per_huruf_hybrid_skeleton_forced_loop_no_sig,12,623,0.47376425855513304,413.7692307692307,101.97951752389622,413.7692307692307,101.97951752389622,0
per_huruf_hybrid_skeleton_forced_loop_no_sig,12,624,0.4745247148288973,413.84615384615387,101.98998634501594,413.84615384615387,101.98998634501594,0
per_huruf_hybrid_skeleton_forced_loop_no_sig,12,625,0.47528517110266155,413.9230769230769,101.99726900318615,413.9230769230769,101.99726900318615,0
per_huruf_hybrid_skeleton_forced_loop_no_sig,12,626,0.4760456273764258,414.0,102.0,414.0,102.0,0
per_huruf_hybrid_skeleton_forced_loop_no_sig,12,627,0.47680608365019006,414.0769230769231,102.00000000000001,414.0769230769231,102.00000000000001,0
per_huruf_hybrid_skeleton_forced_loop_no_sig,12,628,0.47756653992395437,414.1538461538462,101.99999999999999,414.1538461538462,101.99999999999999,0
per_huruf_hybrid_skeleton_forced_loop_no_sig,12,629,0.4783269961977186,414.2307692307691,101.99999999999999,414.2307692307691,101.99999999999999,0
per_huruf_hybrid_skeleton_forced_loop_no_sig,12,630,0.4790874524714829,414.30769230769226,101.99999999999999,414.30769230769226,101.99999999999999,0
per_huruf_hybrid_skeleton_forced_loop_no_sig,12,631,0.47984790874524713,414.3846153846154,102.0,414.3846153846154,102.0,0
per_huruf_hybrid_skeleton_forced_loop_no_sig,12,632,0.4806083650190114,414.4615384615385,102.0,414.4615384615385,102.0,0
per_huruf_hybrid_skeleton_forced_loop_no_sig,12,633,0.48136882129277564,414.53846153846155,101.99999999999999,414.53846153846155,101.99999999999999,0
per_huruf_hybrid_skeleton_forced_loop_no_sig,12,634,0.4821292775665399,414.61538461538464,102.0,414.61538461538464,102.0,0
per_huruf_hybrid_skeleton_forced_loop_no_sig,12,635,0.48288973384030415,414.6923076923077,102.0,414.6923076923077,102.0,0
per_huruf_hybrid_skeleton_forced_loop_no_sig,12,636,0.4836501901140684,414.7692307692307,102.0,414.7692307692307,102.0,0
per_huruf_hybrid_skeleton_forced_loop_no_sig,12,637,0.48441064638783266,414.84615384615387,102.0,414.84615384615387,102.0,0
per_huruf_hybrid_skeleton_forced_loop_no_sig,12,638,0.4851711026615969,414.9230769230769,102.0,414.9230769230769,102.0,0
per_huruf_hybrid_skeleton_forced_loop_no_sig,12,639,0.48593155893536116,415.0,102.0,415.0,102.0,0
per_huruf_hybrid_skeleton_forced_loop_no_sig,12,640,0.4866920152091254,415.0769230769231,102.00000000000001,415.0769230769231,102.00000000000001,0
per_huruf_hybrid_skeleton_forced_loop_no_sig,12,641,0.4874524714828897,415.1538461538462,101.99999999999999,415.1538461538462,101.99999999999999,0
per_huruf_hybrid_skeleton_forced_loop_no_sig,12,642,0.488212927756654,415.23076923076917,101.99999999999999,415.23076923076917,101.99999999999999,0
per_huruf_hybrid_skeleton_forced_loop_no_sig,12,643,0.48897338403041823,415.30769230769226,101.99999999999999,415.30769230769226,101.99999999999999,0
per_huruf_hybrid_skeleton_forced_loop_no_sig,12,644,0.4897338403041825,415.3846153846155,102.0,415.3846153846155,102.0,0
per_huruf_hybrid_skeleton_forced_loop_no_sig,12,645,0.49049429657794674,415.46153846153845,102.0,415.46153846153845,102.0,0
per_huruf_hybrid_skeleton_forced_loop_no_sig,12,646,0.491254752851711,415.53846153846155,101.99999999999999,415.53846153846155,101.99999999999999,0
per_huruf_hybrid_skeleton_forced_loop_no_sig,12,647,0.49201520912547525,415.61538461538464,102.0,415.61538461538464,102.0,0
per_huruf_hybrid_skeleton_forced_loop_no_sig,12,648,0.4927756653992395,415.6923076923076,102.0,415.6923076923076,102.0,0
per_huruf_hybrid_skeleton_forced_loop_no_sig,12,649,0.49353612167300376,415.7692307692307,102.0,415.7692307692307,102.0,0
per_huruf_hybrid_skeleton_forced_loop_no_sig,12,650,0.494296577946768,415.8461538461539,102.0,415.8461538461539,102.0,0
per_huruf_hybrid_skeleton_forced_loop_no_sig,12,651,0.49505703422053227,415.9230769230769,102.0,415.9230769230769,102.0,0
per_huruf_hybrid_skeleton_forced_loop_no_sig,12,652,0.4958174904942965,416.0,102.0,416.0,102.0,0
per_huruf_hybrid_skeleton_forced_loop_no_sig,12,653,0.49657794676806083,416.07692307692315,102.00273099681385,416.07692307692315,102.00273099681385,0
per_huruf_hybrid_skeleton_forced_loop_no_sig,12,654,0.4973384030418251,416.1538461538462,102.01001365498405,416.1538461538462,102.01001365498405,0
per_huruf_hybrid_skeleton_forced_loop_no_sig,12,655,0.49809885931558934,416.2307692307692,102.02048247610377,416.2307692307692,102.02048247610377,0
per_huruf_hybrid_skeleton_forced_loop_no_sig,12,656,0.4988593155893536,416.3076923076922,102.03277196176603,416.3076923076922,102.03277196176603,0
per_huruf_hybrid_skeleton_forced_loop_no_sig,12,657,0.49961977186311785,416.3846153846154,102.04551661356396,416.3846153846154,102.04551661356396,0
per_huruf_hybrid_skeleton_forced_loop_no_sig,12,658,0.5003802281368821,416.4615384615385,102.05735093309059,416.4615384615385,102.05735093309059,0
per_huruf_hybrid_skeleton_forced_loop_no_sig,12,659,0.5011406844106464,416.53846153846155,102.066909421939,416.53846153846155,102.066909421939,0
per_huruf_hybrid_skeleton_forced_loop_no_sig,12,660,0.5019011406844106,416.61538461538464,102.07282658170233,416.61538461538464,102.07282658170233,0
per_huruf_hybrid_skeleton_forced_loop_no_sig,12,661,0.5026615969581749,416.69230769230774,102.0737369139736,416.69230769230774,102.0737369139736,0
per_huruf_hybrid_skeleton_forced_loop_no_sig,12,662,0.5034220532319391,416.7692307692307,102.06827492034591,416.7692307692307,102.06827492034591,0
per_huruf_hybrid_skeleton_forced_loop_no_sig,12,663,0.5041825095057034,416.8461538461538,102.05507510241239,416.8461538461538,102.05507510241239,0
per_huruf_hybrid_skeleton_forced_loop_no_sig,12,664,0.5049429657794676,416.9230769230769,102.03277196176603,416.9230769230769,102.03277196176603,0
per_huruf_hybrid_skeleton_forced_loop_no_sig,12,665,0.5057034220532319,417.0,102.0,417.0,102.0,0
per_huruf_hybrid_skeleton_forced_loop_no_sig,12,666,0.5064638783269961,417.0769230769231,101.95311788802913,417.0769230769231,101.95311788802913,0
per_huruf_hybrid_skeleton_forced_loop_no_sig,12,667,0.5072243346007604,417.1538461538462,101.89121529358215,417.1538461538462,101.89121529358215,0
per_huruf_hybrid_skeleton_forced_loop_no_sig,12,668,0.5079847908745246,417.23076923076917,101.8170232134729,417.23076923076917,101.8170232134729,0
per_huruf_hybrid_skeleton_forced_loop_no_sig,12,669,0.508745247148289,417.30769230769226,101.73327264451524,417.30769230769226,101.73327264451524,0
per_huruf_hybrid_skeleton_forced_loop_no_sig,12,670,0.5095057034220531,417.3846153846155,101.642694583523,417.3846153846155,101.642694583523,0
per_huruf_hybrid_skeleton_forced_loop_no_sig,12,671,0.5102661596958175,417.4615384615385,101.54802002730999,417.4615384615385,101.54802002730999,0
per_huruf_hybrid_skeleton_forced_loop_no_sig,12,672,0.5110266159695818,417.53846153846155,101.45197997269003,417.53846153846155,101.45197997269003,0
per_huruf_hybrid_skeleton_forced_loop_no_sig,12,673,0.511787072243346,417.61538461538464,101.35730541647702,417.61538461538464,101.35730541647702,0
per_huruf_hybrid_skeleton_forced_loop_no_sig,12,674,0.5125475285171103,417.69230769230774,101.26672735548475,417.69230769230774,101.26672735548475,0
per_huruf_hybrid_skeleton_forced_loop_no_sig,12,675,0.5133079847908745,417.7692307692307,101.18297678652708,417.7692307692307,101.18297678652708,0
per_huruf_hybrid_skeleton_forced_loop_no_sig,12,676,0.5140684410646388,417.8461538461538,101.10878470641785,417.8461538461538,101.10878470641785,0
per_huruf_hybrid_skeleton_forced_loop_no_sig,12,677,0.514828897338403,417.9230769230769,101.04688211197087,417.9230769230769,101.04688211197087,0
per_huruf_hybrid_skeleton_forced_loop_no_sig,12,678,0.5155893536121673,418.0,101.0,418.0,101.0,0
per_huruf_hybrid_skeleton_forced_loop_no_sig,12,679,0.5163498098859315,418.07692307692315,100.96722803823396,418.07692307692315,100.96722803823396,0
per_huruf_hybrid_skeleton_forced_loop_no_sig,12,680,0.5171102661596958,418.1538461538462,100.94492489758763,418.1538461538462,100.94492489758763,0
per_huruf_hybrid_skeleton_forced_loop_no_sig,12,681,0.51787072243346,418.23076923076917,100.93172507965406,418.23076923076917,100.93172507965406,0
per_huruf_hybrid_skeleton_forced_loop_no_sig,12,682,0.5186311787072243,418.30769230769226,100.9262630860264,418.30769230769226,100.9262630860264,0
per_huruf_hybrid_skeleton_forced_loop_no_sig,12,683,0.5193916349809886,418.3846153846154,100.92717341829768,418.3846153846154,100.92717341829768,0
per_huruf_hybrid_skeleton_forced_loop_no_sig,12,684,0.5201520912547528,418.46153846153845,100.933090578061,418.46153846153845,100.933090578061,0
per_huruf_hybrid_skeleton_forced_loop_no_sig,12,685,0.5209125475285171,418.5384615384615,100.94264906690941,418.5384615384615,100.94264906690941,0
per_huruf_hybrid_skeleton_forced_loop_no_sig,12,686,0.5216730038022813,418.61538461538464,100.95448338643605,418.61538461538464,100.95448338643605,0
per_huruf_hybrid_skeleton_forced_loop_no_sig,12,687,0.5224334600760456,418.69230769230774,100.96722803823396,418.69230769230774,100.96722803823396,0
per_huruf_hybrid_skeleton_forced_loop_no_sig,12,688,0.5231939163498098,418.7692307692307,100.97951752389622,418.7692307692307,100.97951752389622,0
per_huruf_hybrid_skeleton_forced_loop_no_sig,12,689,0.5239543726235741,418.84615384615387,100.98998634501594,418.84615384615387,100.98998634501594,0
per_huruf_hybrid_skeleton_forced_loop_no_sig,12,690,0.5247148288973383,418.9230769230769,100.99726900318616,418.9230769230769,100.99726900318616,0
per_huruf_hybrid_skeleton_forced_loop_no_sig,12,691,0.5254752851711026,419.0,101.0,419.0,101.0,0
per_huruf_hybrid_skeleton_forced_loop_no_sig,12,692,0.5262357414448668,419.07692307692315,101.00273099681384,419.07692307692315,101.00273099681384,0
per_huruf_hybrid_skeleton_forced_loop_no_sig,12,693,0.5269961977186312,419.1538461538462,101.01001365498406,419.1538461538462,101.01001365498406,0
per_huruf_hybrid_skeleton_forced_loop_no_sig,12,694,0.5277566539923954,419.23076923076917,101.02048247610377,419.23076923076917,101.02048247610377,0
per_huruf_hybrid_skeleton_forced_loop_no_sig,12,695,0.5285171102661597,419.30769230769226,101.03277196176604,419.30769230769226,101.03277196176604,0
per_huruf_hybrid_skeleton_forced_loop_no_sig,12,696,0.529277566539924,419.3846153846154,101.04551661356396,419.3846153846154,101.04551661356396,0
per_huruf_hybrid_skeleton_forced_loop_no_sig,12,697,0.5300380228136882,419.46153846153845,101.05735093309059,419.46153846153845,101.05735093309059,0
per_huruf_hybrid_skeleton_forced_loop_no_sig,12,698,0.5307984790874525,419.5384615384615,101.06690942193902,419.5384615384615,101.06690942193902,0
per_huruf_hybrid_skeleton_forced_loop_no_sig,12,699,0.5315589353612167,419.61538461538464,101.07282658170232,419.61538461538464,101.07282658170232,0
per_huruf_hybrid_skeleton_forced_loop_no_sig,12,700,0.532319391634981,419.69230769230774,101.0737369139736,419.69230769230774,101.0737369139736,0
per_huruf_hybrid_skeleton_forced_loop_no_sig,12,701,0.5330798479087452,419.7692307692307,101.06827492034591,419.7692307692307,101.06827492034591,0
per_huruf_hybrid_skeleton_forced_loop_no_sig,12,702,0.5338403041825095,419.8461538461538,101.05507510241239,419.8461538461538,101.05507510241239,0
per_huruf_hybrid_skeleton_forced_loop_no_sig,12,703,0.5346007604562737,419.9230769230769,101.03277196176604,419.9230769230769,101.03277196176604,0
per_huruf_hybrid_skeleton_forced_loop_no_sig,12,704,0.535361216730038,420.0,101.0,420.0,101.0,0
per_huruf_hybrid_skeleton_forced_loop_no_sig,12,705,0.5361216730038022,420.0769230769231,100.95311788802914,420.0769230769231,100.95311788802914,0
per_huruf_hybrid_skeleton_forced_loop_no_sig,12,706,0.5368821292775665,420.15384615384613,100.89121529358216,420.15384615384613,100.89121529358216,0
per_huruf_hybrid_skeleton_forced_loop_no_sig,12,707,0.5376425855513307,420.23076923076917,100.81702321347291,420.23076923076917,100.81702321347291,0
per_huruf_hybrid_skeleton_forced_loop_no_sig,12,708,0.538403041825095,420.3076923076923,100.73327264451524,420.3076923076923,100.73327264451524,0
per_huruf_hybrid_skeleton_forced_loop_no_sig,12,709,0.5391634980988593,420.3846153846154,100.642694583523,420.3846153846154,100.642694583523,0
per_huruf_hybrid_skeleton_forced_loop_no_sig,12,710,0.5399239543726235,420.4615384615385,100.54802002730997,420.4615384615385,100.54802002730997,0
per_huruf_hybrid_skeleton_forced_loop_no_sig,12,711,0.5406844106463878,420.53846153846155,100.45197997269004,420.53846153846155,100.45197997269004,0
per_huruf_hybrid_skeleton_forced_loop_no_sig,12,712,0.541444866920152,420.6153846153846,100.35730541647702,420.6153846153846,100.35730541647702,0
per_huruf_hybrid_skeleton_forced_loop_no_sig,12,713,0.5422053231939163,420.69230769230774,100.26672735548476,420.69230769230774,100.26672735548476,0
per_huruf_hybrid_skeleton_forced_loop_no_sig,12,714,0.5429657794676805,420.7692307692307,100.18297678652706,420.7692307692307,100.18297678652706,0
per_huruf_hybrid_skeleton_forced_loop_no_sig,12,715,0.5437262357414449,420.8461538461538,100.10878470641785,420.8461538461538,100.10878470641785,0
per_huruf_hybrid_skeleton_forced_loop_no_sig,12,716,0.544486692015209,420.92307692307696,100.04688211197086,420.92307692307696,100.04688211197086,0
per_huruf_hybrid_skeleton_forced_loop_no_sig,12,717,0.5452471482889734,421.0,100.0,421.0,100.0,0
per_huruf_hybrid_skeleton_forced_loop_no_sig,12,718,0.5460076045627376,421.0769230769232,99.96995903504781,421.0769230769232,99.96995903504781,0
per_huruf_hybrid_skeleton_forced_loop_no_sig,12,719,0.5467680608365019,421.1538461538462,99.95493855257169,421.1538461538462,99.95493855257169,0
per_huruf_hybrid_skeleton_forced_loop_no_sig,12,720,0.5475285171102662,421.2307692307691,99.95220755575785,421.2307692307691,99.95220755575785,0
per_huruf_hybrid_skeleton_forced_loop_no_sig,12,721,0.5482889733840304,421.30769230769226,99.95903504779244,421.30769230769226,99.95903504779244,0
per_huruf_hybrid_skeleton_forced_loop_no_sig,12,722,0.5490494296577947,421.3846153846154,99.97269003186165,421.3846153846154,99.97269003186165,0
per_huruf_hybrid_skeleton_forced_loop_no_sig,12,723,0.5498098859315589,421.4615384615385,99.99044151115159,421.4615384615385,99.99044151115159,0
per_huruf_hybrid_skeleton_forced_loop_no_sig,12,724,0.5505703422053232,421.53846153846155,100.00955848884844,421.53846153846155,100.00955848884844,0
per_huruf_hybrid_skeleton_forced_loop_no_sig,12,725,0.5513307984790874,421.61538461538464,100.02730996813837,421.61538461538464,100.02730996813837,0
per_huruf_hybrid_skeleton_forced_loop_no_sig,12,726,0.5520912547528517,421.6923076923076,100.04096495220756,421.6923076923076,100.04096495220756,0
per_huruf_hybrid_skeleton_forced_loop_no_sig,12,727,0.5528517110266159,421.7692307692307,100.04779244424213,421.7692307692307,100.04779244424213,0
per_huruf_hybrid_skeleton_forced_loop_no_sig,12,728,0.5536121673003802,421.84615384615387,100.04506144742831,421.84615384615387,100.04506144742831,0
per_huruf_hybrid_skeleton_forced_loop_no_sig,12,729,0.5543726235741444,421.9230769230769,100.0300409649522,421.9230769230769,100.0300409649522,0
per_huruf_hybrid_skeleton_forced_loop_no_sig,12,730,0.5551330798479087,422.0,100.0,422.0,100.0,0
per_huruf_hybrid_skeleton_forced_loop_no_sig,12,731,0.5558935361216729,422.0769230769231,99.95584888484298,422.0769230769231,99.95584888484298,0
per_huruf_hybrid_skeleton_forced_loop_no_sig,12,732,0.5566539923954372,422.1538461538462,99.90122894856623,422.1538461538462,99.90122894856623,0
per_huruf_hybrid_skeleton_forced_loop_no_sig,12,733,0.5574144486692015,422.23076923076917,99.8375056895767,422.23076923076917,99.8375056895767,0
per_huruf_hybrid_skeleton_forced_loop_no_sig,12,734,0.5581749049429657,422.30769230769226,99.76604460628128,422.30769230769226,99.76604460628128,0
per_huruf_hybrid_skeleton_forced_loop_no_sig,12,735,0.55893536121673,422.3846153846154,99.68821119708694,422.3846153846154,99.68821119708694,0
per_huruf_hybrid_skeleton_forced_loop_no_sig,12,736,0.5596958174904942,422.4615384615385,99.60537096040055,422.4615384615385,99.60537096040055,0
per_huruf_hybrid_skeleton_forced_loop_no_sig,12,737,0.5604562737642586,422.5384615384616,99.51888939462903,422.5384615384616,99.51888939462903,0
per_huruf_hybrid_skeleton_forced_loop_no_sig,12,738,0.5612167300380227,422.61538461538464,99.43013199817933,422.61538461538464,99.43013199817933,0
per_huruf_hybrid_skeleton_forced_loop_no_sig,12,739,0.5619771863117871,422.6923076923076,99.34046426945835,422.6923076923076,99.34046426945835,0
per_huruf_hybrid_skeleton_forced_loop_no_sig,12,740,0.5627376425855513,422.7692307692307,99.251251706873,422.7692307692307,99.251251706873,0
per_huruf_hybrid_skeleton_forced_loop_no_sig,12,741,0.5634980988593156,422.8461538461538,99.16385980883022,422.8461538461538,99.16385980883022,0
per_huruf_hybrid_skeleton_forced_loop_no_sig,12,742,0.5642585551330798,422.9230769230769,99.07965407373692,422.9230769230769,99.07965407373692,0
per_huruf_hybrid_skeleton_forced_loop_no_sig,12,743,0.5650190114068441,423.0,99.0,423.0,99.0,0
per_huruf_hybrid_skeleton_forced_loop_no_sig,12,744,0.5657794676806084,423.0769230769231,98.92034592626311,423.0769230769231,98.92034592626311,0
per_huruf_hybrid_skeleton_forced_loop_no_sig,12,745,0.5665399239543726,423.1538461538462,98.83614019116979,423.1538461538462,98.83614019116979,0
per_huruf_hybrid_skeleton_forced_loop_no_sig,12,746,0.5673003802281369,423.23076923076917,98.74874829312698,423.23076923076917,98.74874829312698,0
per_huruf_hybrid_skeleton_forced_loop_no_sig,12,747,0.5680608365019011,423.3076923076922,98.65953573054162,423.3076923076922,98.65953573054162,0
per_huruf_hybrid_skeleton_forced_loop_no_sig,12,748,0.5688212927756654,423.3846153846154,98.56986800182068,423.3846153846154,98.56986800182068,0
per_huruf_hybrid_skeleton_forced_loop_no_sig,12,749,0.5695817490494296,423.4615384615385,98.48111060537097,423.4615384615385,98.48111060537097,0
per_huruf_hybrid_skeleton_forced_loop_no_sig,12,750,0.5703422053231939,423.53846153846155,98.39462903959947,423.53846153846155,98.39462903959947,0
per_huruf_hybrid_skeleton_forced_loop_no_sig,12,751,0.5711026615969581,423.61538461538464,98.31178880291307,423.61538461538464,98.31178880291307,0
per_huruf_hybrid_skeleton_forced_loop_no_sig,12,752,0.5718631178707224,423.6923076923076,98.2339553937187,423.6923076923076,98.2339553937187,0
per_huruf_hybrid_skeleton_forced_loop_no_sig,12,753,0.5726235741444866,423.7692307692307,98.16249431042328,423.7692307692307,98.16249431042328,0
per_huruf_hybrid_skeleton_forced_loop_no_sig,12,754,0.5733840304182509,423.84615384615387,98.09877105143377,423.84615384615387,98.09877105143377,0
per_huruf_hybrid_skeleton_forced_loop_no_sig,12,755,0.5741444866920151,423.9230769230769,98.04415111515702,423.9230769230769,98.04415111515702,0
per_huruf_hybrid_skeleton_forced_loop_no_sig,12,756,0.5749049429657794,424.0,98.0,424.0,98.0,0
per_huruf_hybrid_skeleton_forced_loop_no_sig,12,757,0.5756653992395437,424.0769230769231,97.96995903504781,424.0769230769231,97.96995903504781,0
per_huruf_hybrid_skeleton_forced_loop_no_sig,12,758,0.5764258555133079,424.1538461538462,97.9549385525717,424.1538461538462,97.9549385525717,0
per_huruf_hybrid_skeleton_forced_loop_no_sig,12,759,0.5771863117870722,424.2307692307691,97.95220755575782,424.2307692307691,97.95220755575782,0
per_huruf_hybrid_skeleton_forced_loop_no_sig,12,760,0.5779467680608364,424.3076923076923,97.95903504779244,424.3076923076923,97.95903504779244,0
per_huruf_hybrid_skeleton_forced_loop_no_sig,12,761,0.5787072243346008,424.3846153846154,97.97269003186165,424.3846153846154,97.97269003186165,0
per_huruf_hybrid_skeleton_forced_loop_no_sig,12,762,0.579467680608365,424.46153846153845,97.99044151115159,424.46153846153845,97.99044151115159,0
per_huruf_hybrid_skeleton_forced_loop_no_sig,12,763,0.5802281368821293,424.53846153846155,98.00955848884843,424.53846153846155,98.00955848884843,0
per_huruf_hybrid_skeleton_forced_loop_no_sig,12,764,0.5809885931558935,424.6153846153846,98.02730996813837,424.6153846153846,98.02730996813837,0
per_huruf_hybrid_skeleton_forced_loop_no_sig,12,765,0.5817490494296578,424.6923076923076,98.04096495220756,424.6923076923076,98.04096495220756,0
per_huruf_hybrid_skeleton_forced_loop_no_sig,12,766,0.582509505703422,424.7692307692307,98.04779244424213,424.7692307692307,98.04779244424213,0
per_huruf_hybrid_skeleton_forced_loop_no_sig,12,767,0.5832699619771863,424.84615384615387,98.04506144742831,424.84615384615387,98.04506144742831,0
per_huruf_hybrid_skeleton_forced_loop_no_sig,12,768,0.5840304182509506,424.9230769230769,98.0300409649522,424.9230769230769,98.0300409649522,0
per_huruf_hybrid_skeleton_forced_loop_no_sig,12,769,0.5847908745247148,425.0,98.0,425.0,98.0,0
per_huruf_hybrid_skeleton_forced_loop_no_sig,12,770,0.5855513307984791,425.07692307692315,97.95584888484298,425.07692307692315,97.95584888484298,0
per_huruf_hybrid_skeleton_forced_loop_no_sig,12,771,0.5863117870722433,425.15384615384625,97.90122894856623,425.15384615384625,97.90122894856623,0
per_huruf_hybrid_skeleton_forced_loop_no_sig,12,772,0.5870722433460076,425.23076923076917,97.83750568957667,425.23076923076917,97.83750568957667,0
per_huruf_hybrid_skeleton_forced_loop_no_sig,12,773,0.5878326996197718,425.3076923076922,97.76604460628128,425.3076923076922,97.76604460628128,0
per_huruf_hybrid_skeleton_forced_loop_no_sig,12,774,0.5885931558935361,425.38461538461536,97.68821119708694,425.38461538461536,97.68821119708694,0
per_huruf_hybrid_skeleton_forced_loop_no_sig,12,775,0.5893536121673003,425.4615384615385,97.60537096040055,425.4615384615385,97.60537096040055,0
per_huruf_hybrid_skeleton_forced_loop_no_sig,12,776,0.5901140684410646,425.53846153846155,97.51888939462903,425.53846153846155,97.51888939462903,0
per_huruf_hybrid_skeleton_forced_loop_no_sig,12,777,0.5908745247148288,425.61538461538464,97.43013199817933,425.61538461538464,97.43013199817933,0
per_huruf_hybrid_skeleton_forced_loop_no_sig,12,778,0.5916349809885931,425.69230769230774,97.34046426945834,425.69230769230774,97.34046426945834,0
per_huruf_hybrid_skeleton_forced_loop_no_sig,12,779,0.5923954372623573,425.7692307692307,97.25125170687299,425.7692307692307,97.25125170687299,0
per_huruf_hybrid_skeleton_forced_loop_no_sig,12,780,0.5931558935361216,425.84615384615387,97.16385980883022,425.84615384615387,97.16385980883022,0
per_huruf_hybrid_skeleton_forced_loop_no_sig,12,781,0.593916349809886,425.9230769230769,97.07965407373692,425.9230769230769,97.07965407373692,0
per_huruf_hybrid_skeleton_forced_loop_no_sig,12,782,0.5946768060836501,426.0,97.0,426.0,97.0,0
per_huruf_hybrid_skeleton_forced_loop_no_sig,12,783,0.5954372623574145,426.07692307692315,96.92307692307695,426.07692307692315,96.92307692307695,0
per_huruf_hybrid_skeleton_forced_loop_no_sig,12,784,0.5961977186311787,426.15384615384613,96.84615384615385,426.15384615384613,96.84615384615385,0
per_huruf_hybrid_skeleton_forced_loop_no_sig,12,785,0.596958174904943,426.2307692307692,96.76923076923076,426.2307692307692,96.76923076923076,0
per_huruf_hybrid_skeleton_forced_loop_no_sig,12,786,0.5977186311787072,426.30769230769226,96.6923076923077,426.30769230769226,96.6923076923077,0
per_huruf_hybrid_skeleton_forced_loop_no_sig,12,787,0.5984790874524715,426.3846153846154,96.61538461538464,426.3846153846154,96.61538461538464,0
per_huruf_hybrid_skeleton_forced_loop_no_sig,12,788,0.5992395437262357,426.4615384615385,96.53846153846155,426.4615384615385,96.53846153846155,0
per_huruf_hybrid_skeleton_forced_loop_no_sig,12,789,0.6,426.53846153846155,96.46153846153848,426.53846153846155,96.46153846153848,0
per_huruf_hybrid_skeleton_forced_loop_no_sig,12,790,0.6007604562737642,426.61538461538464,96.38461538461539,426.61538461538464,96.38461538461539,0
per_huruf_hybrid_skeleton_forced_loop_no_sig,12,791,0.6015209125475285,426.69230769230774,96.3076923076923,426.69230769230774,96.3076923076923,0
per_huruf_hybrid_skeleton_forced_loop_no_sig,12,792,0.6022813688212927,426.7692307692307,96.23076923076923,426.7692307692307,96.23076923076923,0
per_huruf_hybrid_skeleton_forced_loop_no_sig,12,793,0.603041825095057,426.8461538461538,96.15384615384616,426.8461538461538,96.15384615384616,0
per_huruf_hybrid_skeleton_forced_loop_no_sig,12,794,0.6038022813688213,426.9230769230769,96.07692307692307,426.9230769230769,96.07692307692307,0
per_huruf_hybrid_skeleton_forced_loop_no_sig,12,795,0.6045627376425855,427.0,96.0,427.0,96.0,0
per_huruf_hybrid_skeleton_forced_loop_no_sig,12,796,0.6053231939163498,427.07692307692315,95.92307692307692,427.07692307692315,95.92307692307692,0
per_huruf_hybrid_skeleton_forced_loop_no_sig,12,797,0.606083650190114,427.1538461538462,95.84615384615385,427.1538461538462,95.84615384615385,0
per_huruf_hybrid_skeleton_forced_loop_no_sig,12,798,0.6068441064638783,427.23076923076917,95.76923076923076,427.23076923076917,95.76923076923076,0
per_huruf_hybrid_skeleton_forced_loop_no_sig,12,799,0.6076045627376425,427.30769230769226,95.6923076923077,427.30769230769226,95.6923076923077,0
per_huruf_hybrid_skeleton_forced_loop_no_sig,12,800,0.6083650190114068,427.3846153846155,95.61538461538463,427.3846153846155,95.61538461538463,0
per_huruf_hybrid_skeleton_forced_loop_no_sig,12,801,0.609125475285171,427.46153846153845,95.53846153846155,427.46153846153845,95.53846153846155,0
per_huruf_hybrid_skeleton_forced_loop_no_sig,12,802,0.6098859315589353,427.53846153846155,95.46153846153845,427.53846153846155,95.46153846153845,0
per_huruf_hybrid_skeleton_forced_loop_no_sig,12,803,0.6106463878326995,427.61538461538464,95.38461538461539,427.61538461538464,95.38461538461539,0
per_huruf_hybrid_skeleton_forced_loop_no_sig,12,804,0.6114068441064638,427.6923076923076,95.3076923076923,427.6923076923076,95.3076923076923,0
per_huruf_hybrid_skeleton_forced_loop_no_sig,12,805,0.6121673003802282,427.7692307692307,95.23076923076923,427.7692307692307,95.23076923076923,0
per_huruf_hybrid_skeleton_forced_loop_no_sig,12,806,0.6129277566539924,427.8461538461539,95.15384615384616,427.8461538461539,95.15384615384616,0
per_huruf_hybrid_skeleton_forced_loop_no_sig,12,807,0.6136882129277567,427.9230769230769,95.07692307692307,427.9230769230769,95.07692307692307,0
per_huruf_hybrid_skeleton_forced_loop_no_sig,12,808,0.6144486692015209,428.0,95.0,428.0,95.0,0
per_huruf_hybrid_skeleton_forced_loop_no_sig,12,809,0.6152091254752852,428.07692307692315,94.9203459262631,428.07692307692315,94.9203459262631,0
per_huruf_hybrid_skeleton_forced_loop_no_sig,12,810,0.6159695817490494,428.1538461538462,94.83614019116979,428.1538461538462,94.83614019116979,0
per_huruf_hybrid_skeleton_forced_loop_no_sig,12,811,0.6167300380228137,428.2307692307691,94.74874829312698,428.2307692307691,94.74874829312698,0
per_huruf_hybrid_skeleton_forced_loop_no_sig,12,812,0.6174904942965779,428.30769230769226,94.65953573054163,428.30769230769226,94.65953573054163,0
per_huruf_hybrid_skeleton_forced_loop_no_sig,12,813,0.6182509505703422,428.3846153846155,94.56986800182068,428.3846153846155,94.56986800182068,0
per_huruf_hybrid_skeleton_forced_loop_no_sig,12,814,0.6190114068441064,428.46153846153845,94.48111060537097,428.46153846153845,94.48111060537097,0
per_huruf_hybrid_skeleton_forced_loop_no_sig,12,815,0.6197718631178707,428.53846153846155,94.39462903959947,428.53846153846155,94.39462903959947,0
per_huruf_hybrid_skeleton_forced_loop_no_sig,12,816,0.6205323193916349,428.6153846153846,94.31178880291307,428.6153846153846,94.31178880291307,0
per_huruf_hybrid_skeleton_forced_loop_no_sig,12,817,0.6212927756653992,428.69230769230774,94.2339553937187,428.69230769230774,94.2339553937187,0
per_huruf_hybrid_skeleton_forced_loop_no_sig,12,818,0.6220532319391635,428.7692307692307,94.16249431042331,428.7692307692307,94.16249431042331,0
per_huruf_hybrid_skeleton_forced_loop_no_sig,12,819,0.6228136882129277,428.8461538461538,94.09877105143377,428.8461538461538,94.09877105143377,0
per_huruf_hybrid_skeleton_forced_loop_no_sig,12,820,0.623574144486692,428.9230769230769,94.04415111515704,428.9230769230769,94.04415111515704,0
per_huruf_hybrid_skeleton_forced_loop_no_sig,12,821,0.6243346007604562,429.0,94.0,429.0,94.0,0
per_huruf_hybrid_skeleton_forced_loop_no_sig,12,822,0.6250950570342205,429.07692307692315,93.9699590350478,429.07692307692315,93.9699590350478,0
per_huruf_hybrid_skeleton_forced_loop_no_sig,12,823,0.6258555133079847,429.15384615384613,93.95493855257169,429.15384615384613,93.95493855257169,0
per_huruf_hybrid_skeleton_forced_loop_no_sig,12,824,0.626615969581749,429.23076923076917,93.95220755575784,429.23076923076917,93.95220755575784,0
per_huruf_hybrid_skeleton_forced_loop_no_sig,12,825,0.6273764258555132,429.3076923076923,93.95903504779243,429.3076923076923,93.95903504779243,0
per_huruf_hybrid_skeleton_forced_loop_no_sig,12,826,0.6281368821292775,429.3846153846155,93.97269003186165,429.3846153846155,93.97269003186165,0
per_huruf_hybrid_skeleton_forced_loop_no_sig,12,827,0.6288973384030417,429.4615384615385,93.99044151115157,429.4615384615385,93.99044151115157,0
per_huruf_hybrid_skeleton_forced_loop_no_sig,12,828,0.629657794676806,429.53846153846155,94.00955848884844,429.53846153846155,94.00955848884844,0
per_huruf_hybrid_skeleton_forced_loop_no_sig,12,829,0.6304182509505704,429.61538461538464,94.02730996813837,429.61538461538464,94.02730996813837,0
per_huruf_hybrid_skeleton_forced_loop_no_sig,12,830,0.6311787072243346,429.6923076923077,94.04096495220755,429.6923076923077,94.04096495220755,0
per_huruf_hybrid_skeleton_forced_loop_no_sig,12,831,0.6319391634980989,429.7692307692307,94.04779244424213,429.7692307692307,94.04779244424213,0
per_huruf_hybrid_skeleton_forced_loop_no_sig,12,832,0.6326996197718631,429.84615384615387,94.04506144742831,429.84615384615387,94.04506144742831,0
per_huruf_hybrid_skeleton_forced_loop_no_sig,12,833,0.6334600760456274,429.9230769230769,94.0300409649522,429.9230769230769,94.0300409649522,0
per_huruf_hybrid_skeleton_forced_loop_no_sig,12,834,0.6342205323193916,430.0,94.0,430.0,94.0,0
per_huruf_hybrid_skeleton_forced_loop_no_sig,12,835,0.6349809885931559,430.0769230769231,93.95584888484296,430.0769230769231,93.95584888484296,0
per_huruf_hybrid_skeleton_forced_loop_no_sig,12,836,0.6357414448669201,430.15384615384613,93.90122894856623,430.15384615384613,93.90122894856623,0
per_huruf_hybrid_skeleton_forced_loop_no_sig,12,837,0.6365019011406844,430.2307692307692,93.83750568957669,430.2307692307692,93.83750568957669,0
per_huruf_hybrid_skeleton_forced_loop_no_sig,12,838,0.6372623574144486,430.30769230769226,93.76604460628128,430.30769230769226,93.76604460628128,0
per_huruf_hybrid_skeleton_forced_loop_no_sig,12,839,0.6380228136882129,430.3846153846155,93.68821119708694,430.3846153846155,93.68821119708694,0
per_huruf_hybrid_skeleton_forced_loop_no_sig,12,840,0.6387832699619771,430.4615384615385,93.60537096040055,430.4615384615385,93.60537096040055,0
per_huruf_hybrid_skeleton_forced_loop_no_sig,12,841,0.6395437262357414,430.5384615384615,93.51888939462904,430.5384615384615,93.51888939462904,0
per_huruf_hybrid_skeleton_forced_loop_no_sig,12,842,0.6403041825095057,430.61538461538464,93.43013199817933,430.61538461538464,93.43013199817933,0
per_huruf_hybrid_skeleton_forced_loop_no_sig,12,843,0.6410646387832699,430.6923076923077,93.34046426945835,430.6923076923077,93.34046426945835,0
per_huruf_hybrid_skeleton_forced_loop_no_sig,12,844,0.6418250950570342,430.7692307692307,93.25125170687299,430.7692307692307,93.25125170687299,0
per_huruf_hybrid_skeleton_forced_loop_no_sig,12,845,0.6425855513307984,430.84615384615387,93.16385980883022,430.84615384615387,93.16385980883022,0
per_huruf_hybrid_skeleton_forced_loop_no_sig,12,846,0.6433460076045627,430.9230769230769,93.07965407373692,430.9230769230769,93.07965407373692,0
per_huruf_hybrid_skeleton_forced_loop_no_sig,12,847,0.6441064638783269,431.0,93.0,431.0,93.0,0
per_huruf_hybrid_skeleton_forced_loop_no_sig,12,848,0.6448669201520912,431.07692307692304,92.92307692307695,431.07692307692304,92.92307692307695,0
per_huruf_hybrid_skeleton_forced_loop_no_sig,12,849,0.6456273764258554,431.15384615384613,92.84615384615384,431.15384615384613,92.84615384615384,0
per_huruf_hybrid_skeleton_forced_loop_no_sig,12,850,0.6463878326996197,431.2307692307692,92.76923076923076,431.2307692307692,92.76923076923076,0
per_huruf_hybrid_skeleton_forced_loop_no_sig,12,851,0.647148288973384,431.3076923076923,92.69230769230768,431.3076923076923,92.69230769230768,0
per_huruf_hybrid_skeleton_forced_loop_no_sig,12,852,0.6479087452471483,431.3846153846154,92.61538461538464,431.3846153846154,92.61538461538464,0
per_huruf_hybrid_skeleton_forced_loop_no_sig,12,853,0.6486692015209125,431.4615384615385,92.53846153846153,431.4615384615385,92.53846153846153,0
per_huruf_hybrid_skeleton_forced_loop_no_sig,12,854,0.6494296577946768,431.53846153846155,92.46153846153845,431.53846153846155,92.46153846153845,0
per_huruf_hybrid_skeleton_forced_loop_no_sig,12,855,0.6501901140684411,431.61538461538464,92.3846153846154,431.61538461538464,92.3846153846154,0
per_huruf_hybrid_skeleton_forced_loop_no_sig,12,856,0.6509505703422053,431.6923076923077,92.30769230769229,431.6923076923077,92.30769230769229,0
per_huruf_hybrid_skeleton_forced_loop_no_sig,12,857,0.6517110266159696,431.7692307692307,92.23076923076923,431.7692307692307,92.23076923076923,0
per_huruf_hybrid_skeleton_forced_loop_no_sig,12,858,0.6524714828897338,431.84615384615387,92.15384615384616,431.84615384615387,92.15384615384616,0
per_huruf_hybrid_skeleton_forced_loop_no_sig,12,859,0.6532319391634981,431.9230769230769,92.07692307692307,431.9230769230769,92.07692307692307,0
per_huruf_hybrid_skeleton_forced_loop_no_sig,12,860,0.6539923954372623,432.0,92.0,432.0,92.0,0
per_huruf_hybrid_skeleton_forced_loop_no_sig,12,861,0.6547528517110266,432.07692307692315,91.92307692307693,432.07692307692315,91.92307692307693,0
per_huruf_hybrid_skeleton_forced_loop_no_sig,12,862,0.6555133079847908,432.15384615384613,91.84615384615385,432.15384615384613,91.84615384615385,0
per_huruf_hybrid_skeleton_forced_loop_no_sig,12,863,0.6562737642585551,432.2307692307691,91.76923076923076,432.2307692307691,91.76923076923076,0
per_huruf_hybrid_skeleton_forced_loop_no_sig,12,864,0.6570342205323193,432.3076923076922,91.69230769230768,432.3076923076922,91.69230769230768,0
per_huruf_hybrid_skeleton_forced_loop_no_sig,12,865,0.6577946768060836,432.3846153846155,91.61538461538461,432.3846153846155,91.61538461538461,0
per_huruf_hybrid_skeleton_forced_loop_no_sig,12,866,0.6585551330798479,432.4615384615385,91.53846153846153,432.4615384615385,91.53846153846153,0
per_huruf_hybrid_skeleton_forced_loop_no_sig,12,867,0.6593155893536121,432.5384615384615,91.46153846153847,432.5384615384615,91.46153846153847,0
per_huruf_hybrid_skeleton_forced_loop_no_sig,12,868,0.6600760456273764,432.6153846153846,91.38461538461539,432.6153846153846,91.38461538461539,0
per_huruf_hybrid_skeleton_forced_loop_no_sig,12,869,0.6608365019011406,432.6923076923077,91.3076923076923,432.6923076923077,91.3076923076923,0
per_huruf_hybrid_skeleton_forced_loop_no_sig,12,870,0.6615969581749049,432.7692307692307,91.23076923076923,432.7692307692307,91.23076923076923,0
per_huruf_hybrid_skeleton_forced_loop_no_sig,12,871,0.6623574144486691,432.8461538461538,91.15384615384616,432.8461538461538,91.15384615384616,0
per_huruf_hybrid_skeleton_forced_loop_no_sig,12,872,0.6631178707224334,432.9230769230769,91.07692307692308,432.9230769230769,91.07692307692308,0
per_huruf_hybrid_skeleton_forced_loop_no_sig,12,873,0.6638783269961976,433.0,91.0,433.0,91.0,0
per_huruf_hybrid_skeleton_forced_loop_no_sig,12,874,0.664638783269962,433.07692307692315,90.92307692307695,433.07692307692315,90.92307692307695,0
per_huruf_hybrid_skeleton_forced_loop_no_sig,12,875,0.6653992395437262,433.15384615384613,90.84615384615385,433.15384615384613,90.84615384615385,0
per_huruf_hybrid_skeleton_forced_loop_no_sig,12,876,0.6661596958174905,433.23076923076917,90.76923076923077,433.23076923076917,90.76923076923077,0
per_huruf_hybrid_skeleton_forced_loop_no_sig,12,877,0.6669201520912547,433.3076923076923,90.69230769230768,433.3076923076923,90.69230769230768,0
per_huruf_hybrid_skeleton_forced_loop_no_sig,12,878,0.667680608365019,433.3846153846154,90.61538461538461,433.3846153846154,90.61538461538461,0
per_huruf_hybrid_skeleton_forced_loop_no_sig,12,879,0.6684410646387833,433.4615384615385,90.53846153846155,433.4615384615385,90.53846153846155,0
per_huruf_hybrid_skeleton_forced_loop_no_sig,12,880,0.6692015209125475,433.5384615384616,90.46153846153847,433.5384615384616,90.46153846153847,0
per_huruf_hybrid_skeleton_forced_loop_no_sig,12,881,0.6699619771863118,433.61538461538464,90.38461538461539,433.61538461538464,90.38461538461539,0
per_huruf_hybrid_skeleton_forced_loop_no_sig,12,882,0.670722433460076,433.6923076923077,90.30769230769229,433.6923076923077,90.30769230769229,0
per_huruf_hybrid_skeleton_forced_loop_no_sig,12,883,0.6714828897338403,433.7692307692307,90.23076923076923,433.7692307692307,90.23076923076923,0
per_huruf_hybrid_skeleton_forced_loop_no_sig,12,884,0.6722433460076045,433.8461538461539,90.15384615384616,433.8461538461539,90.15384615384616,0
per_huruf_hybrid_skeleton_forced_loop_no_sig,12,885,0.6730038022813688,433.9230769230769,90.07692307692307,433.9230769230769,90.07692307692307,0
per_huruf_hybrid_skeleton_forced_loop_no_sig,12,886,0.673764258555133,434.0,90.0,434.0,90.0,0
per_huruf_hybrid_skeleton_forced_loop_no_sig,12,887,0.6745247148288973,434.07692307692315,89.92307692307693,434.07692307692315,89.92307692307693,0
per_huruf_hybrid_skeleton_forced_loop_no_sig,12,888,0.6752851711026615,434.1538461538462,89.84615384615385,434.1538461538462,89.84615384615385,0
per_huruf_hybrid_skeleton_forced_loop_no_sig,12,889,0.6760456273764258,434.2307692307692,89.76923076923076,434.2307692307692,89.76923076923076,0
per_huruf_hybrid_skeleton_forced_loop_no_sig,12,890,0.6768060836501901,434.3076923076922,89.6923076923077,434.3076923076922,89.6923076923077,0
per_huruf_hybrid_skeleton_forced_loop_no_sig,12,891,0.6775665399239543,434.3846153846154,89.61538461538463,434.3846153846154,89.61538461538463,0
per_huruf_hybrid_skeleton_forced_loop_no_sig,12,892,0.6783269961977186,434.4615384615385,89.53846153846153,434.4615384615385,89.53846153846153,0
per_huruf_hybrid_skeleton_forced_loop_no_sig,12,893,0.6790874524714828,434.53846153846155,89.46153846153845,434.53846153846155,89.46153846153845,0
per_huruf_hybrid_skeleton_forced_loop_no_sig,12,894,0.6798479087452471,434.61538461538464,89.38461538461539,434.61538461538464,89.38461538461539,0
per_huruf_hybrid_skeleton_forced_loop_no_sig,12,895,0.6806083650190113,434.6923076923077,89.3076923076923,434.6923076923077,89.3076923076923,0
per_huruf_hybrid_skeleton_forced_loop_no_sig,12,896,0.6813688212927757,434.7692307692307,89.23076923076923,434.7692307692307,89.23076923076923,0
per_huruf_hybrid_skeleton_forced_loop_no_sig,12,897,0.6821292775665398,434.8461538461538,89.15384615384616,434.8461538461538,89.15384615384616,0
per_huruf_hybrid_skeleton_forced_loop_no_sig,12,898,0.6828897338403042,434.9230769230769,89.07692307692308,434.9230769230769,89.07692307692308,0
per_huruf_hybrid_skeleton_forced_loop_no_sig,12,899,0.6836501901140684,435.0,89.0,435.0,89.0,0
per_huruf_hybrid_skeleton_forced_loop_no_sig,12,900,0.6844106463878327,435.07692307692315,88.92307692307693,435.07692307692315,88.92307692307693,0
per_huruf_hybrid_skeleton_forced_loop_no_sig,12,901,0.6851711026615969,435.15384615384613,88.84615384615385,435.15384615384613,88.84615384615385,0
per_huruf_hybrid_skeleton_forced_loop_no_sig,12,902,0.6859315589353612,435.23076923076917,88.76923076923076,435.23076923076917,88.76923076923076,0
per_huruf_hybrid_skeleton_forced_loop_no_sig,12,903,0.6866920152091255,435.30769230769226,88.6923076923077,435.30769230769226,88.6923076923077,0
per_huruf_hybrid_skeleton_forced_loop_no_sig,12,904,0.6874524714828897,435.3846153846154,88.61538461538463,435.3846153846154,88.61538461538463,0
per_huruf_hybrid_skeleton_forced_loop_no_sig,12,905,0.688212927756654,435.46153846153845,88.53846153846155,435.46153846153845,88.53846153846155,0
per_huruf_hybrid_skeleton_forced_loop_no_sig,12,906,0.6889733840304182,435.53846153846155,88.46153846153847,435.53846153846155,88.46153846153847,0
per_huruf_hybrid_skeleton_forced_loop_no_sig,12,907,0.6897338403041825,435.61538461538464,88.38461538461539,435.61538461538464,88.38461538461539,0
per_huruf_hybrid_skeleton_forced_loop_no_sig,12,908,0.6904942965779467,435.6923076923077,88.3076923076923,435.6923076923077,88.3076923076923,0
per_huruf_hybrid_skeleton_forced_loop_no_sig,12,909,0.691254752851711,435.7692307692307,88.23076923076923,435.7692307692307,88.23076923076923,0
per_huruf_hybrid_skeleton_forced_loop_no_sig,12,910,0.6920152091254752,435.84615384615387,88.15384615384616,435.84615384615387,88.15384615384616,0
per_huruf_hybrid_skeleton_forced_loop_no_sig,12,911,0.6927756653992395,435.9230769230769,88.07692307692307,435.9230769230769,88.07692307692307,0
per_huruf_hybrid_skeleton_forced_loop_no_sig,12,912,0.6935361216730037,436.0,88.0,436.0,88.0,0
per_huruf_hybrid_skeleton_forced_loop_no_sig,12,913,0.694296577946768,436.07692307692315,87.92307692307692,436.07692307692315,87.92307692307692,0
per_huruf_hybrid_skeleton_forced_loop_no_sig,12,914,0.6950570342205322,436.1538461538462,87.84615384615385,436.1538461538462,87.84615384615385,0
per_huruf_hybrid_skeleton_forced_loop_no_sig,12,915,0.6958174904942965,436.23076923076917,87.76923076923076,436.23076923076917,87.76923076923076,0
per_huruf_hybrid_skeleton_forced_loop_no_sig,12,916,0.6965779467680608,436.30769230769226,87.6923076923077,436.30769230769226,87.6923076923077,0
per_huruf_hybrid_skeleton_forced_loop_no_sig,12,917,0.697338403041825,436.3846153846155,87.61538461538461,436.3846153846155,87.61538461538461,0
per_huruf_hybrid_skeleton_forced_loop_no_sig,12,918,0.6980988593155893,436.46153846153845,87.53846153846155,436.46153846153845,87.53846153846155,0
per_huruf_hybrid_skeleton_forced_loop_no_sig,12,919,0.6988593155893535,436.53846153846155,87.46153846153847,436.53846153846155,87.46153846153847,0
per_huruf_hybrid_skeleton_forced_loop_no_sig,12,920,0.6996197718631179,436.61538461538464,87.38461538461539,436.61538461538464,87.38461538461539,0
per_huruf_hybrid_skeleton_forced_loop_no_sig,12,921,0.700380228136882,436.6923076923077,87.30769230769229,436.6923076923077,87.30769230769229,0
per_huruf_hybrid_skeleton_forced_loop_no_sig,12,922,0.7011406844106464,436.7692307692307,87.23076923076923,436.7692307692307,87.23076923076923,0
per_huruf_hybrid_skeleton_forced_loop_no_sig,12,923,0.7019011406844106,436.84615384615387,87.15384615384616,436.84615384615387,87.15384615384616,0
per_huruf_hybrid_skeleton_forced_loop_no_sig,12,924,0.7026615969581749,436.9230769230769,87.07692307692308,436.9230769230769,87.07692307692308,0
per_huruf_hybrid_skeleton_forced_loop_no_sig,12,925,0.7034220532319391,437.0,87.0,437.0,87.0,0
per_huruf_hybrid_skeleton_forced_loop_no_sig,12,926,0.7041825095057034,437.07692307692315,86.92307692307693,437.07692307692315,86.92307692307693,0
per_huruf_hybrid_skeleton_forced_loop_no_sig,12,927,0.7049429657794677,437.15384615384613,86.84615384615385,437.15384615384613,86.84615384615385,0
per_huruf_hybrid_skeleton_forced_loop_no_sig,12,928,0.7057034220532319,437.2307692307691,86.76923076923075,437.2307692307691,86.76923076923075,0
per_huruf_hybrid_skeleton_forced_loop_no_sig,12,929,0.7064638783269962,437.3076923076923,86.69230769230768,437.3076923076923,86.69230769230768,0
per_huruf_hybrid_skeleton_forced_loop_no_sig,12,930,0.7072243346007604,437.3846153846155,86.61538461538463,437.3846153846155,86.61538461538463,0
per_huruf_hybrid_skeleton_forced_loop_no_sig,12,931,0.7079847908745247,437.46153846153845,86.53846153846155,437.46153846153845,86.53846153846155,0
per_huruf_hybrid_skeleton_forced_loop_no_sig,12,932,0.7087452471482889,437.53846153846155,86.46153846153845,437.53846153846155,86.46153846153845,0
per_huruf_hybrid_skeleton_forced_loop_no_sig,12,933,0.7095057034220532,437.61538461538464,86.38461538461539,437.61538461538464,86.38461538461539,0
per_huruf_hybrid_skeleton_forced_loop_no_sig,12,934,0.7102661596958174,437.6923076923077,86.3076923076923,437.6923076923077,86.3076923076923,0
per_huruf_hybrid_skeleton_forced_loop_no_sig,12,935,0.7110266159695817,437.7692307692307,86.23076923076923,437.7692307692307,86.23076923076923,0
per_huruf_hybrid_skeleton_forced_loop_no_sig,12,936,0.7117870722433459,437.84615384615387,86.15384615384616,437.84615384615387,86.15384615384616,0
per_huruf_hybrid_skeleton_forced_loop_no_sig,12,937,0.7125475285171102,437.9230769230769,86.07692307692307,437.9230769230769,86.07692307692307,0
per_huruf_hybrid_skeleton_forced_loop_no_sig,12,938,0.7133079847908744,438.0,86.0,438.0,86.0,0
per_huruf_hybrid_skeleton_forced_loop_no_sig,12,939,0.7140684410646387,438.0769230769231,85.92307692307692,438.0769230769231,85.92307692307692,0
per_huruf_hybrid_skeleton_forced_loop_no_sig,12,940,0.714828897338403,438.15384615384613,85.84615384615387,438.15384615384613,85.84615384615387,0
per_huruf_hybrid_skeleton_forced_loop_no_sig,12,941,0.7155893536121672,438.23076923076917,85.76923076923075,438.23076923076917,85.76923076923075,0
per_huruf_hybrid_skeleton_forced_loop_no_sig,12,942,0.7163498098859316,438.30769230769226,85.6923076923077,438.30769230769226,85.6923076923077,0
per_huruf_hybrid_skeleton_forced_loop_no_sig,12,943,0.7171102661596958,438.3846153846155,85.61538461538463,438.3846153846155,85.61538461538463,0
per_huruf_hybrid_skeleton_forced_loop_no_sig,12,944,0.7178707224334601,438.4615384615385,85.53846153846155,438.4615384615385,85.53846153846155,0
per_huruf_hybrid_skeleton_forced_loop_no_sig,12,945,0.7186311787072243,438.53846153846155,85.46153846153847,438.53846153846155,85.46153846153847,0
per_huruf_hybrid_skeleton_forced_loop_no_sig,12,946,0.7193916349809886,438.61538461538464,85.38461538461539,438.61538461538464,85.38461538461539,0
per_huruf_hybrid_skeleton_forced_loop_no_sig,12,947,0.7201520912547528,438.6923076923077,85.30769230769229,438.6923076923077,85.30769230769229,0
per_huruf_hybrid_skeleton_forced_loop_no_sig,12,948,0.7209125475285171,438.7692307692307,85.23076923076923,438.7692307692307,85.23076923076923,0
per_huruf_hybrid_skeleton_forced_loop_no_sig,12,949,0.7216730038022813,438.84615384615387,85.15384615384616,438.84615384615387,85.15384615384616,0
per_huruf_hybrid_skeleton_forced_loop_no_sig,12,950,0.7224334600760456,438.9230769230769,85.07692307692308,438.9230769230769,85.07692307692308,0
per_huruf_hybrid_skeleton_forced_loop_no_sig,12,951,0.7231939163498099,439.0,85.0,439.0,85.0,0
per_huruf_hybrid_skeleton_forced_loop_no_sig,12,952,0.7239543726235741,439.0769230769231,84.92307692307693,439.0769230769231,84.92307692307693,0
per_huruf_hybrid_skeleton_forced_loop_no_sig,12,953,0.7247148288973384,439.15384615384613,84.84615384615384,439.15384615384613,84.84615384615384,0
per_huruf_hybrid_skeleton_forced_loop_no_sig,12,954,0.7254752851711026,439.23076923076917,84.76923076923076,439.23076923076917,84.76923076923076,0
per_huruf_hybrid_skeleton_forced_loop_no_sig,12,955,0.7262357414448669,439.30769230769226,84.6923076923077,439.30769230769226,84.6923076923077,0
per_huruf_hybrid_skeleton_forced_loop_no_sig,12,956,0.7269961977186311,439.3846153846154,84.61538461538463,439.3846153846154,84.61538461538463,0
per_huruf_hybrid_skeleton_forced_loop_no_sig,12,957,0.7277566539923954,439.4615384615385,84.53846153846156,439.4615384615385,84.53846153846156,0
per_huruf_hybrid_skeleton_forced_loop_no_sig,12,958,0.7285171102661596,439.53846153846155,84.46153846153847,439.53846153846155,84.46153846153847,0
per_huruf_hybrid_skeleton_forced_loop_no_sig,12,959,0.7292775665399239,439.61538461538464,84.38461538461539,439.61538461538464,84.38461538461539,0
per_huruf_hybrid_skeleton_forced_loop_no_sig,12,960,0.7300380228136881,439.6923076923077,84.3076923076923,439.6923076923077,84.3076923076923,0
per_huruf_hybrid_skeleton_forced_loop_no_sig,12,961,0.7307984790874524,439.7692307692307,84.23076923076923,439.7692307692307,84.23076923076923,0
per_huruf_hybrid_skeleton_forced_loop_no_sig,12,962,0.7315589353612166,439.8461538461539,84.15384615384616,439.8461538461539,84.15384615384616,0
per_huruf_hybrid_skeleton_forced_loop_no_sig,12,963,0.7323193916349809,439.9230769230769,84.07692307692307,439.9230769230769,84.07692307692307,0
per_huruf_hybrid_skeleton_forced_loop_no_sig,12,964,0.7330798479087453,440.0,84.0,440.0,84.0,0
per_huruf_hybrid_skeleton_forced_loop_no_sig,12,965,0.7338403041825095,440.07692307692315,83.92307692307692,440.07692307692315,83.92307692307692,0
per_huruf_hybrid_skeleton_forced_loop_no_sig,12,966,0.7346007604562738,440.15384615384613,83.84615384615384,440.15384615384613,83.84615384615384,0
per_huruf_hybrid_skeleton_forced_loop_no_sig,12,967,0.735361216730038,440.2307692307692,83.76923076923077,440.2307692307692,83.76923076923077,0
per_huruf_hybrid_skeleton_forced_loop_no_sig,12,968,0.7361216730038023,440.30769230769226,83.69230769230768,440.30769230769226,83.69230769230768,0
per_huruf_hybrid_skeleton_forced_loop_no_sig,12,969,0.7368821292775665,440.3846153846155,83.61538461538463,440.3846153846155,83.61538461538463,0
per_huruf_hybrid_skeleton_forced_loop_no_sig,12,970,0.7376425855513308,440.4615384615385,83.53846153846155,440.4615384615385,83.53846153846155,0
per_huruf_hybrid_skeleton_forced_loop_no_sig,12,971,0.738403041825095,440.53846153846155,83.46153846153845,440.53846153846155,83.46153846153845,0
per_huruf_hybrid_skeleton_forced_loop_no_sig,12,972,0.7391634980988593,440.61538461538464,83.38461538461539,440.61538461538464,83.38461538461539,0
per_huruf_hybrid_skeleton_forced_loop_no_sig,12,973,0.7399239543726235,440.6923076923077,83.3076923076923,440.6923076923077,83.3076923076923,0
per_huruf_hybrid_skeleton_forced_loop_no_sig,12,974,0.7406844106463878,440.7692307692307,83.23076923076923,440.7692307692307,83.23076923076923,0
per_huruf_hybrid_skeleton_forced_loop_no_sig,12,975,0.741444866920152,440.8461538461538,83.15384615384616,440.8461538461538,83.15384615384616,0
per_huruf_hybrid_skeleton_forced_loop_no_sig,12,976,0.7422053231939163,440.9230769230769,83.07692307692308,440.9230769230769,83.07692307692308,0
per_huruf_hybrid_skeleton_forced_loop_no_sig,12,977,0.7429657794676806,441.0,83.0,441.0,83.0,0
per_huruf_hybrid_skeleton_forced_loop_no_sig,12,978,0.7437262357414448,441.0769230769231,82.92307692307695,441.0769230769231,82.92307692307695,0
per_huruf_hybrid_skeleton_forced_loop_no_sig,12,979,0.7444866920152091,441.15384615384613,82.84615384615385,441.15384615384613,82.84615384615385,0
per_huruf_hybrid_skeleton_forced_loop_no_sig,12,980,0.7452471482889733,441.2307692307691,82.76923076923077,441.2307692307691,82.76923076923077,0
per_huruf_hybrid_skeleton_forced_loop_no_sig,12,981,0.7460076045627376,441.3076923076922,82.69230769230768,441.3076923076922,82.69230769230768,0
per_huruf_hybrid_skeleton_forced_loop_no_sig,12,982,0.7467680608365018,441.3846153846154,82.61538461538463,441.3846153846154,82.61538461538463,0
per_huruf_hybrid_skeleton_forced_loop_no_sig,12,983,0.7475285171102661,441.46153846153845,82.53846153846155,441.46153846153845,82.53846153846155,0
per_huruf_hybrid_skeleton_forced_loop_no_sig,12,984,0.7482889733840303,441.53846153846155,82.46153846153847,441.53846153846155,82.46153846153847,0
per_huruf_hybrid_skeleton_forced_loop_no_sig,12,985,0.7490494296577946,441.6153846153846,82.38461538461539,441.6153846153846,82.38461538461539,0
per_huruf_hybrid_skeleton_forced_loop_no_sig,12,986,0.7498098859315588,441.69230769230774,82.3076923076923,441.69230769230774,82.3076923076923,0
per_huruf_hybrid_skeleton_forced_loop_no_sig,12,987,0.7505703422053231,441.7692307692307,82.23076923076923,441.7692307692307,82.23076923076923,0
per_huruf_hybrid_skeleton_forced_loop_no_sig,12,988,0.7513307984790875,441.8461538461539,82.15384615384616,441.8461538461539,82.15384615384616,0
per_huruf_hybrid_skeleton_forced_loop_no_sig,12,989,0.7520912547528517,441.9230769230769,82.07692307692307,441.9230769230769,82.07692307692307,0
per_huruf_hybrid_skeleton_forced_loop_no_sig,12,990,0.752851711026616,442.0,82.0,442.0,82.0,0
per_huruf_hybrid_skeleton_forced_loop_no_sig,12,991,0.7536121673003802,442.07692307692315,81.92307692307692,442.07692307692315,81.92307692307692,0
per_huruf_hybrid_skeleton_forced_loop_no_sig,12,992,0.7543726235741445,442.15384615384625,81.84615384615385,442.15384615384625,81.84615384615385,0
per_huruf_hybrid_skeleton_forced_loop_no_sig,12,993,0.7551330798479087,442.2307692307691,81.76923076923075,442.2307692307691,81.76923076923075,0
per_huruf_hybrid_skeleton_forced_loop_no_sig,12,994,0.755893536121673,442.3076923076923,81.69230769230768,442.3076923076923,81.69230769230768,0
per_huruf_hybrid_skeleton_forced_loop_no_sig,12,995,0.7566539923954372,442.3846153846154,81.61538461538463,442.3846153846154,81.61538461538463,0
per_huruf_hybrid_skeleton_forced_loop_no_sig,12,996,0.7574144486692015,442.4615384615385,81.53846153846155,442.4615384615385,81.53846153846155,0
per_huruf_hybrid_skeleton_forced_loop_no_sig,12,997,0.7581749049429657,442.53846153846155,81.46153846153845,442.53846153846155,81.46153846153845,0
per_huruf_hybrid_skeleton_forced_loop_no_sig,12,998,0.75893536121673,442.61538461538464,81.38461538461539,442.61538461538464,81.38461538461539,0
per_huruf_hybrid_skeleton_forced_loop_no_sig,12,999,0.7596958174904942,442.6923076923076,81.3076923076923,442.6923076923076,81.3076923076923,0
per_huruf_hybrid_skeleton_forced_loop_no_sig,12,1000,0.7604562737642585,442.7692307692307,81.23076923076923,442.7692307692307,81.23076923076923,0
per_huruf_hybrid_skeleton_forced_loop_no_sig,12,1001,0.7612167300380228,442.84615384615387,81.15384615384616,442.84615384615387,81.15384615384616,0
per_huruf_hybrid_skeleton_forced_loop_no_sig,12,1002,0.761977186311787,442.9230769230769,81.07692307692308,442.9230769230769,81.07692307692308,0
per_huruf_hybrid_skeleton_forced_loop_no_sig,12,1003,0.7627376425855513,443.0,81.0,443.0,81.0,0
per_huruf_hybrid_skeleton_forced_loop_no_sig,12,1004,0.7634980988593155,443.079654073737,80.92307692307693,443.079654073737,80.92307692307693,0
per_huruf_hybrid_skeleton_forced_loop_no_sig,12,1005,0.7642585551330798,443.1638598088302,80.84615384615385,443.1638598088302,80.84615384615385,0
per_huruf_hybrid_skeleton_forced_loop_no_sig,12,1006,0.765019011406844,443.25125170687295,80.76923076923075,443.25125170687295,80.76923076923075,0
per_huruf_hybrid_skeleton_forced_loop_no_sig,12,1007,0.7657794676806083,443.34046426945827,80.6923076923077,443.34046426945827,80.6923076923077,0
per_huruf_hybrid_skeleton_forced_loop_no_sig,12,1008,0.7665399239543725,443.4301319981794,80.61538461538463,443.4301319981794,80.61538461538463,0
per_huruf_hybrid_skeleton_forced_loop_no_sig,12,1009,0.7673003802281368,443.51888939462907,80.53846153846155,443.51888939462907,80.53846153846155,0
per_huruf_hybrid_skeleton_forced_loop_no_sig,12,1010,0.768060836501901,443.60537096040053,80.46153846153845,443.60537096040053,80.46153846153845,0
per_huruf_hybrid_skeleton_forced_loop_no_sig,12,1011,0.7688212927756654,443.68821119708696,80.38461538461539,443.68821119708696,80.38461538461539,0
per_huruf_hybrid_skeleton_forced_loop_no_sig,12,1012,0.7695817490494297,443.7660446062813,80.30769230769229,443.7660446062813,80.30769230769229,0
per_huruf_hybrid_skeleton_forced_loop_no_sig,12,1013,0.7703422053231939,443.8375056895767,80.23076923076923,443.8375056895767,80.23076923076923,0
per_huruf_hybrid_skeleton_forced_loop_no_sig,12,1014,0.7711026615969582,443.90122894856626,80.15384615384616,443.90122894856626,80.15384615384616,0
per_huruf_hybrid_skeleton_forced_loop_no_sig,12,1015,0.7718631178707224,443.95584888484296,80.07692307692308,443.95584888484296,80.07692307692308,0
per_huruf_hybrid_skeleton_forced_loop_no_sig,12,1016,0.7726235741444867,444.0,80.0,444.0,80.0,0
per_huruf_hybrid_skeleton_forced_loop_no_sig,12,1017,0.7733840304182509,444.0300409649523,79.92307692307695,444.0300409649523,79.92307692307695,0
per_huruf_hybrid_skeleton_forced_loop_no_sig,12,1018,0.7741444866920152,444.04506144742834,79.84615384615385,444.04506144742834,79.84615384615385,0
per_huruf_hybrid_skeleton_forced_loop_no_sig,12,1019,0.7749049429657794,444.0477924442421,79.76923076923076,444.0477924442421,79.76923076923076,0
per_huruf_hybrid_skeleton_forced_loop_no_sig,12,1020,0.7756653992395437,444.04096495220756,79.6923076923077,444.04096495220756,79.6923076923077,0
per_huruf_hybrid_skeleton_forced_loop_no_sig,12,1021,0.7764258555133079,444.0273099681384,79.61538461538463,444.0273099681384,79.61538461538463,0
per_huruf_hybrid_skeleton_forced_loop_no_sig,12,1022,0.7771863117870722,444.0095584888485,79.53846153846155,444.0095584888485,79.53846153846155,0
per_huruf_hybrid_skeleton_forced_loop_no_sig,12,1023,0.7779467680608364,443.9904415111516,79.46153846153847,443.9904415111516,79.46153846153847,0
per_huruf_hybrid_skeleton_forced_loop_no_sig,12,1024,0.7787072243346007,443.9726900318616,79.38461538461539,443.9726900318616,79.38461538461539,0
per_huruf_hybrid_skeleton_forced_loop_no_sig,12,1025,0.779467680608365,443.95903504779244,79.3076923076923,443.95903504779244,79.3076923076923,0
per_huruf_hybrid_skeleton_forced_loop_no_sig,12,1026,0.7802281368821292,443.9522075557578,79.23076923076923,443.9522075557578,79.23076923076923,0
per_huruf_hybrid_skeleton_forced_loop_no_sig,12,1027,0.7809885931558935,443.9549385525717,79.15384615384616,443.9549385525717,79.15384615384616,0
per_huruf_hybrid_skeleton_forced_loop_no_sig,12,1028,0.7817490494296577,443.9699590350478,79.07692307692308,443.9699590350478,79.07692307692308,0
per_huruf_hybrid_skeleton_forced_loop_no_sig,12,1029,0.782509505703422,444.0,79.0,444.0,79.0,0
per_huruf_hybrid_skeleton_forced_loop_no_sig,12,1030,0.7832699619771862,444.04688211197094,78.92307692307693,444.04688211197094,78.92307692307693,0
per_huruf_hybrid_skeleton_forced_loop_no_sig,12,1031,0.7840304182509505,444.1087847064179,78.84615384615385,444.1087847064179,78.84615384615385,0
per_huruf_hybrid_skeleton_forced_loop_no_sig,12,1032,0.7847908745247147,444.18297678652704,78.76923076923076,444.18297678652704,78.76923076923076,0
per_huruf_hybrid_skeleton_forced_loop_no_sig,12,1033,0.785551330798479,444.26672735548476,78.69230769230768,444.26672735548476,78.69230769230768,0
per_huruf_hybrid_skeleton_forced_loop_no_sig,12,1034,0.7863117870722433,444.35730541647706,78.61538461538463,444.35730541647706,78.61538461538463,0
per_huruf_hybrid_skeleton_forced_loop_no_sig,12,1035,0.7870722433460076,444.4519799726901,78.53846153846155,444.4519799726901,78.53846153846155,0
per_huruf_hybrid_skeleton_forced_loop_no_sig,12,1036,0.7878326996197718,444.54802002731,78.46153846153845,444.54802002731,78.46153846153845,0
per_huruf_hybrid_skeleton_forced_loop_no_sig,12,1037,0.7885931558935361,444.64269458352305,78.38461538461539,444.64269458352305,78.38461538461539,0
per_huruf_hybrid_skeleton_forced_loop_no_sig,12,1038,0.7893536121673004,444.7332726445152,78.30769230769229,444.7332726445152,78.30769230769229,0
per_huruf_hybrid_skeleton_forced_loop_no_sig,12,1039,0.7901140684410646,444.81702321347285,78.23076923076923,444.81702321347285,78.23076923076923,0
per_huruf_hybrid_skeleton_forced_loop_no_sig,12,1040,0.7908745247148289,444.89121529358215,78.15384615384616,444.89121529358215,78.15384615384616,0
per_huruf_hybrid_skeleton_forced_loop_no_sig,12,1041,0.7916349809885931,444.95311788802917,78.07692307692308,444.95311788802917,78.07692307692308,0
per_huruf_hybrid_skeleton_forced_loop_no_sig,12,1042,0.7923954372623574,445.0,78.0,445.0,78.0,0
per_huruf_hybrid_skeleton_forced_loop_no_sig,12,1043,0.7931558935361216,445.0327719617662,77.92307692307695,445.0327719617662,77.92307692307695,0
per_huruf_hybrid_skeleton_forced_loop_no_sig,12,1044,0.7939163498098859,445.0550751024124,77.84615384615385,445.0550751024124,77.84615384615385,0
per_huruf_hybrid_skeleton_forced_loop_no_sig,12,1045,0.7946768060836501,445.0682749203459,77.76923076923076,445.0682749203459,77.76923076923076,0
per_huruf_hybrid_skeleton_forced_loop_no_sig,12,1046,0.7954372623574144,445.07373691397356,77.69230769230768,445.07373691397356,77.69230769230768,0
per_huruf_hybrid_skeleton_forced_loop_no_sig,12,1047,0.7961977186311786,445.07282658170243,77.61538461538463,445.07282658170243,77.61538461538463,0
per_huruf_hybrid_skeleton_forced_loop_no_sig,12,1048,0.7969581749049429,445.06690942193904,77.53846153846155,445.06690942193904,77.53846153846155,0
per_huruf_hybrid_skeleton_forced_loop_no_sig,12,1049,0.7977186311787072,445.0573509330906,77.46153846153847,445.0573509330906,77.46153846153847,0
per_huruf_hybrid_skeleton_forced_loop_no_sig,12,1050,0.7984790874524714,445.045516613564,77.38461538461539,445.045516613564,77.38461538461539,0
per_huruf_hybrid_skeleton_forced_loop_no_sig,12,1051,0.7992395437262357,445.032771961766,77.3076923076923,445.032771961766,77.3076923076923,0
per_huruf_hybrid_skeleton_forced_loop_no_sig,12,1052,0.7999999999999999,445.0204824761038,77.23076923076923,445.0204824761038,77.23076923076923,0
per_huruf_hybrid_skeleton_forced_loop_no_sig,12,1053,0.8007604562737642,445.01001365498405,77.15384615384616,445.01001365498405,77.15384615384616,0
per_huruf_hybrid_skeleton_forced_loop_no_sig,12,1054,0.8015209125475284,445.00273099681385,77.07692307692307,445.00273099681385,77.07692307692307,0
per_huruf_hybrid_skeleton_forced_loop_no_sig,12,1055,0.8022813688212928,445.0,77.0,445.0,77.0,0
per_huruf_hybrid_skeleton_forced_loop_no_sig,12,1056,0.803041825095057,445.00000000000006,76.92307692307695,445.00000000000006,76.92307692307695,0
per_huruf_hybrid_skeleton_forced_loop_no_sig,12,1057,0.8038022813688213,445.0,76.84615384615385,445.0,76.84615384615385,0
per_huruf_hybrid_skeleton_forced_loop_no_sig,12,1058,0.8045627376425855,444.99999999999994,76.76923076923077,444.99999999999994,76.76923076923077,0
per_huruf_hybrid_skeleton_forced_loop_no_sig,12,1059,0.8053231939163498,445.0,76.6923076923077,445.0,76.6923076923077,0
per_huruf_hybrid_skeleton_forced_loop_no_sig,12,1060,0.806083650190114,445.0,76.61538461538463,445.0,76.61538461538463,0
per_huruf_hybrid_skeleton_forced_loop_no_sig,12,1061,0.8068441064638783,445.0,76.53846153846155,445.0,76.53846153846155,0
per_huruf_hybrid_skeleton_forced_loop_no_sig,12,1062,0.8076045627376426,445.0,76.46153846153845,445.0,76.46153846153845,0
per_huruf_hybrid_skeleton_forced_loop_no_sig,12,1063,0.8083650190114068,445.0,76.38461538461539,445.0,76.38461538461539,0
per_huruf_hybrid_skeleton_forced_loop_no_sig,12,1064,0.8091254752851711,445.0,76.3076923076923,445.0,76.3076923076923,0
per_huruf_hybrid_skeleton_forced_loop_no_sig,12,1065,0.8098859315589353,445.0,76.23076923076923,445.0,76.23076923076923,0
per_huruf_hybrid_skeleton_forced_loop_no_sig,12,1066,0.8106463878326996,445.0,76.15384615384615,445.0,76.15384615384615,0
per_huruf_hybrid_skeleton_forced_loop_no_sig,12,1067,0.8114068441064638,445.0,76.07692307692307,445.0,76.07692307692307,0
per_huruf_hybrid_skeleton_forced_loop_no_sig,12,1068,0.8121673003802281,445.0,76.0,445.0,76.0,0
per_huruf_hybrid_skeleton_forced_loop_no_sig,12,1069,0.8129277566539923,444.9972690031862,75.92307692307693,444.9972690031862,75.92307692307693,0
per_huruf_hybrid_skeleton_forced_loop_no_sig,12,1070,0.8136882129277566,444.98998634501595,75.84615384615384,444.98998634501595,75.84615384615384,0
per_huruf_hybrid_skeleton_forced_loop_no_sig,12,1071,0.8144486692015208,444.97951752389616,75.76923076923076,444.97951752389616,75.76923076923076,0
per_huruf_hybrid_skeleton_forced_loop_no_sig,12,1072,0.8152091254752851,444.96722803823394,75.6923076923077,444.96722803823394,75.6923076923077,0
per_huruf_hybrid_skeleton_forced_loop_no_sig,12,1073,0.8159695817490494,444.9544833864361,75.61538461538463,444.9544833864361,75.61538461538463,0
per_huruf_hybrid_skeleton_forced_loop_no_sig,12,1074,0.8167300380228136,444.94264906690944,75.53846153846155,444.94264906690944,75.53846153846155,0
per_huruf_hybrid_skeleton_forced_loop_no_sig,12,1075,0.8174904942965779,444.933090578061,75.46153846153845,444.933090578061,75.46153846153845,0
per_huruf_hybrid_skeleton_forced_loop_no_sig,12,1076,0.8182509505703421,444.9271734182977,75.38461538461539,444.9271734182977,75.38461538461539,0
per_huruf_hybrid_skeleton_forced_loop_no_sig,12,1077,0.8190114068441064,444.9262630860263,75.3076923076923,444.9262630860263,75.3076923076923,0
per_huruf_hybrid_skeleton_forced_loop_no_sig,12,1078,0.8197718631178706,444.93172507965403,75.23076923076923,444.93172507965403,75.23076923076923,0
per_huruf_hybrid_skeleton_forced_loop_no_sig,12,1079,0.820532319391635,444.9449248975876,75.15384615384616,444.9449248975876,75.15384615384616,0
per_huruf_hybrid_skeleton_forced_loop_no_sig,12,1080,0.8212927756653992,444.967228038234,75.07692307692307,444.967228038234,75.07692307692307,0
per_huruf_hybrid_skeleton_forced_loop_no_sig,12,1081,0.8220532319391635,445.0,75.0,445.0,75.0,0
per_huruf_hybrid_skeleton_forced_loop_no_sig,12,1082,0.8228136882129277,445.046882111971,74.92307692307693,445.046882111971,74.92307692307693,0
per_huruf_hybrid_skeleton_forced_loop_no_sig,12,1083,0.823574144486692,445.10878470641785,74.84615384615384,445.10878470641785,74.84615384615384,0
per_huruf_hybrid_skeleton_forced_loop_no_sig,12,1084,0.8243346007604562,445.1829767865271,74.76923076923076,445.1829767865271,74.76923076923076,0
per_huruf_hybrid_skeleton_forced_loop_no_sig,12,1085,0.8250950570342205,445.2667273554847,74.69230769230768,445.2667273554847,74.69230769230768,0
per_huruf_hybrid_skeleton_forced_loop_no_sig,12,1086,0.8258555133079848,445.3573054164771,74.61538461538461,445.3573054164771,74.61538461538461,0
per_huruf_hybrid_skeleton_forced_loop_no_sig,12,1087,0.826615969581749,445.4519799726901,74.53846153846153,445.4519799726901,74.53846153846153,0
per_huruf_hybrid_skeleton_forced_loop_no_sig,12,1088,0.8273764258555133,445.54802002731,74.46153846153847,445.54802002731,74.46153846153847,0
per_huruf_hybrid_skeleton_forced_loop_no_sig,12,1089,0.8281368821292775,445.642694583523,74.38461538461539,445.642694583523,74.38461538461539,0
per_huruf_hybrid_skeleton_forced_loop_no_sig,12,1090,0.8288973384030418,445.7332726445152,74.3076923076923,445.7332726445152,74.3076923076923,0
per_huruf_hybrid_skeleton_forced_loop_no_sig,12,1091,0.829657794676806,445.8170232134729,74.23076923076923,445.8170232134729,74.23076923076923,0
per_huruf_hybrid_skeleton_forced_loop_no_sig,12,1092,0.8304182509505703,445.89121529358215,74.15384615384616,445.89121529358215,74.15384615384616,0
per_huruf_hybrid_skeleton_forced_loop_no_sig,12,1093,0.8311787072243345,445.9531178880291,74.07692307692308,445.9531178880291,74.07692307692308,0
per_huruf_hybrid_skeleton_forced_loop_no_sig,12,1094,0.8319391634980988,446.0,74.0,446.0,74.0,0
per_huruf_hybrid_skeleton_forced_loop_no_sig,12,1095,0.832699619771863,446.03550295857997,73.92307692307693,446.03550295857997,73.92307692307693,0
per_huruf_hybrid_skeleton_forced_loop_no_sig,12,1096,0.8334600760456273,446.0650887573965,73.84615384615385,446.0650887573965,73.84615384615385,0
per_huruf_hybrid_skeleton_forced_loop_no_sig,12,1097,0.8342205323193915,446.08875739644964,73.76923076923077,446.08875739644964,73.76923076923077,0
per_huruf_hybrid_skeleton_forced_loop_no_sig,12,1098,0.8349809885931558,446.1065088757397,73.69230769230768,446.1065088757397,73.69230769230768,0
per_huruf_hybrid_skeleton_forced_loop_no_sig,12,1099,0.8357414448669201,446.11834319526633,73.61538461538461,446.11834319526633,73.61538461538461,0
per_huruf_hybrid_skeleton_forced_loop_no_sig,12,1100,0.8365019011406843,446.1242603550296,73.53846153846153,446.1242603550296,73.53846153846153,0
per_huruf_hybrid_skeleton_forced_loop_no_sig,12,1101,0.8372623574144487,446.12426035502966,73.46153846153845,446.12426035502966,73.46153846153845,0
per_huruf_hybrid_skeleton_forced_loop_no_sig,12,1102,0.8380228136882129,446.1183431952663,73.38461538461539,446.1183431952663,73.38461538461539,0
per_huruf_hybrid_skeleton_forced_loop_no_sig,12,1103,0.8387832699619772,446.1065088757397,73.30769230769229,446.1065088757397,73.30769230769229,0
per_huruf_hybrid_skeleton_forced_loop_no_sig,12,1104,0.8395437262357414,446.08875739644964,73.23076923076923,446.08875739644964,73.23076923076923,0
per_huruf_hybrid_skeleton_forced_loop_no_sig,12,1105,0.8403041825095057,446.0650887573965,73.15384615384616,446.0650887573965,73.15384615384616,0
per_huruf_hybrid_skeleton_forced_loop_no_sig,12,1106,0.8410646387832699,446.03550295857985,73.07692307692307,446.03550295857985,73.07692307692307,0
per_huruf_hybrid_skeleton_forced_loop_no_sig,12,1107,0.8418250950570342,446.0,73.0,446.0,73.0,0
per_huruf_hybrid_skeleton_forced_loop_no_sig,12,1108,0.8425855513307984,445.9531178880291,72.92307692307693,445.9531178880291,72.92307692307693,0
per_huruf_hybrid_skeleton_forced_loop_no_sig,12,1109,0.8433460076045627,445.8912152935822,72.84615384615385,445.8912152935822,72.84615384615385,0
per_huruf_hybrid_skeleton_forced_loop_no_sig,12,1110,0.844106463878327,445.81702321347285,72.76923076923076,445.81702321347285,72.76923076923076,0
per_huruf_hybrid_skeleton_forced_loop_no_sig,12,1111,0.8448669201520912,445.73327264451524,72.6923076923077,445.73327264451524,72.6923076923077,0
per_huruf_hybrid_skeleton_forced_loop_no_sig,12,1112,0.8456273764258555,445.64269458352305,72.61538461538461,445.64269458352305,72.61538461538461,0
per_huruf_hybrid_skeleton_forced_loop_no_sig,12,1113,0.8463878326996197,445.54802002731003,72.53846153846153,445.54802002731003,72.53846153846153,0
per_huruf_hybrid_skeleton_forced_loop_no_sig,12,1114,0.847148288973384,445.45197997269,72.46153846153845,445.45197997269,72.46153846153845,0
per_huruf_hybrid_skeleton_forced_loop_no_sig,12,1115,0.8479087452471482,445.35730541647706,72.38461538461539,445.35730541647706,72.38461538461539,0
per_huruf_hybrid_skeleton_forced_loop_no_sig,12,1116,0.8486692015209125,445.2667273554847,72.3076923076923,445.2667273554847,72.3076923076923,0
per_huruf_hybrid_skeleton_forced_loop_no_sig,12,1117,0.8494296577946767,445.1829767865271,72.23076923076923,445.1829767865271,72.23076923076923,0
per_huruf_hybrid_skeleton_forced_loop_no_sig,12,1118,0.850190114068441,445.10878470641785,72.15384615384616,445.10878470641785,72.15384615384616,0
per_huruf_hybrid_skeleton_forced_loop_no_sig,12,1119,0.8509505703422052,445.0468821119709,72.07692307692307,445.0468821119709,72.07692307692307,0
per_huruf_hybrid_skeleton_forced_loop_no_sig,12,1120,0.8517110266159695,445.0,72.0,445.0,72.0,0
per_huruf_hybrid_skeleton_forced_loop_no_sig,12,1121,0.8524714828897337,444.96995903504785,71.92034592626311,444.96995903504785,71.92034592626311,0
per_huruf_hybrid_skeleton_forced_loop_no_sig,12,1122,0.853231939163498,444.9549385525717,71.83614019116978,444.9549385525717,71.83614019116978,0
per_huruf_hybrid_skeleton_forced_loop_no_sig,12,1123,0.8539923954372624,444.9522075557578,71.74874829312698,444.9522075557578,71.74874829312698,0
per_huruf_hybrid_skeleton_forced_loop_no_sig,12,1124,0.8547528517110266,444.9590350477924,71.65953573054165,444.9590350477924,71.65953573054165,0
per_huruf_hybrid_skeleton_forced_loop_no_sig,12,1125,0.8555133079847909,444.9726900318617,71.56986800182067,444.9726900318617,71.56986800182067,0
per_huruf_hybrid_skeleton_forced_loop_no_sig,12,1126,0.8562737642585551,444.99044151115163,71.48111060537096,444.99044151115163,71.48111060537096,0
per_huruf_hybrid_skeleton_forced_loop_no_sig,12,1127,0.8570342205323194,445.0095584888484,71.39462903959945,445.0095584888484,71.39462903959945,0
per_huruf_hybrid_skeleton_forced_loop_no_sig,12,1128,0.8577946768060836,445.0273099681384,71.31178880291307,445.0273099681384,71.31178880291307,0
per_huruf_hybrid_skeleton_forced_loop_no_sig,12,1129,0.8585551330798479,445.04096495220756,71.2339553937187,445.04096495220756,71.2339553937187,0
per_huruf_hybrid_skeleton_forced_loop_no_sig,12,1130,0.8593155893536121,445.04779244424213,71.1624943104233,445.04779244424213,71.1624943104233,0
per_huruf_hybrid_skeleton_forced_loop_no_sig,12,1131,0.8600760456273764,445.04506144742834,71.09877105143379,445.04506144742834,71.09877105143379,0
per_huruf_hybrid_skeleton_forced_loop_no_sig,12,1132,0.8608365019011406,445.0300409649522,71.04415111515704,445.0300409649522,71.04415111515704,0
per_huruf_hybrid_skeleton_forced_loop_no_sig,12,1133,0.8615969581749049,445.0,71.0,445.0,71.0,0
per_huruf_hybrid_skeleton_forced_loop_no_sig,12,1134,0.8623574144486692,444.9722348657261,70.92353208921257,444.9722348657261,70.92353208921257,0
per_huruf_hybrid_skeleton_forced_loop_no_sig,12,1135,0.8631178707224334,444.9613108784706,70.78470641784251,444.9613108784706,70.78470641784251,0
per_huruf_hybrid_skeleton_forced_loop_no_sig,12,1136,0.8638783269961977,444.96040054619925,70.60400546199361,444.96040054619925,70.60400546199361,0
per_huruf_hybrid_skeleton_forced_loop_no_sig,12,1137,0.8646387832699619,444.9626763768775,70.40191169776968,444.9626763768775,70.40191169776968,0
per_huruf_hybrid_skeleton_forced_loop_no_sig,12,1138,0.8653992395437262,444.96131087847067,70.19890760127447,444.96131087847067,70.19890760127447,0
per_huruf_hybrid_skeleton_forced_loop_no_sig,12,1139,0.8661596958174904,444.94947655894407,70.01547564861174,444.94947655894407,70.01547564861174,0
per_huruf_hybrid_skeleton_forced_loop_no_sig,12,1140,0.8669201520912547,444.9203459262631,69.8720983158853,444.9203459262631,69.8720983158853,0
per_huruf_hybrid_skeleton_forced_loop_no_sig,12,1141,0.8676806083650189,444.86709148839327,69.7892580791989,444.86709148839327,69.7892580791989,0
per_huruf_hybrid_skeleton_forced_loop_no_sig,12,1142,0.8684410646387832,444.7828857533,69.78743741465634,444.7828857533,69.78743741465634,0
per_huruf_hybrid_skeleton_forced_loop_no_sig,12,1143,0.8692015209125474,444.66090122894855,69.8871187983614,444.66090122894855,69.8871187983614,0
per_huruf_hybrid_skeleton_forced_loop_no_sig,12,1144,0.8699619771863117,444.49431042330457,70.10878470641785,444.49431042330457,70.10878470641785,0
per_huruf_hybrid_skeleton_forced_loop_no_sig,12,1145,0.8707224334600759,444.2762858443332,70.47291761492944,444.2762858443332,70.47291761492944,0
per_huruf_hybrid_skeleton_forced_loop_no_sig,12,1146,0.8714828897338402,444.0,71.0,444.0,71.0,0
per_huruf_hybrid_skeleton_forced_loop_no_sig,12,1147,0.8722433460076046,443.63905325443795,71.74738279472008,443.63905325443795,71.74738279472008,0
per_huruf_hybrid_skeleton_forced_loop_no_sig,12,1148,0.8730038022813688,443.1834319526627,72.73054164770141,443.1834319526627,72.73054164770141,0
per_huruf_hybrid_skeleton_forced_loop_no_sig,12,1149,0.8737642585551331,442.6508875739645,73.90714610832953,442.6508875739645,73.90714610832953,0
per_huruf_hybrid_skeleton_forced_loop_no_sig,12,1150,0.8745247148288973,442.0591715976331,75.23486572598998,442.0591715976331,75.23486572598998,0
per_huruf_hybrid_skeleton_forced_loop_no_sig,12,1151,0.8752851711026616,441.42603550295865,76.67137005006829,441.42603550295865,76.67137005006829,0
per_huruf_hybrid_skeleton_forced_loop_no_sig,12,1152,0.8760456273764258,440.76923076923083,78.17432862994994,440.76923076923083,78.17432862994994,0
per_huruf_hybrid_skeleton_forced_loop_no_sig,12,1153,0.8768060836501901,440.1065088757397,79.7014110150205,440.1065088757397,79.7014110150205,0
per_huruf_hybrid_skeleton_forced_loop_no_sig,12,1154,0.8775665399239543,439.4556213017752,81.21028675466546,439.4556213017752,81.21028675466546,0
per_huruf_hybrid_skeleton_forced_loop_no_sig,12,1155,0.8783269961977186,438.8343195266272,82.65862539827037,438.8343195266272,82.65862539827037,0
per_huruf_hybrid_skeleton_forced_loop_no_sig,12,1156,0.8790874524714828,438.26035502958575,84.00409649522075,438.26035502958575,84.00409649522075,0
per_huruf_hybrid_skeleton_forced_loop_no_sig,12,1157,0.8798479087452471,437.75147928994085,85.20436959490215,437.75147928994085,85.20436959490215,0
per_huruf_hybrid_skeleton_forced_loop_no_sig,12,1158,0.8806083650190113,437.32544378698225,86.21711424670005,437.32544378698225,86.21711424670005,0
per_huruf_hybrid_skeleton_forced_loop_no_sig,12,1159,0.8813688212927756,437.0,87.0,437.0,87.0,0
per_huruf_hybrid_skeleton_forced_loop_no_sig,12,1160,0.8821292775665399,436.77332726445155,87.56850250341375,436.77332726445155,87.56850250341375,0
per_huruf_hybrid_skeleton_forced_loop_no_sig,12,1161,0.8828897338403041,436.6244879380974,87.97997269003187,436.6244879380974,87.97997269003187,0
per_huruf_hybrid_skeleton_forced_loop_no_sig,12,1162,0.8836501901140684,436.5425580336822,88.25489303595809,436.5425580336822,88.25489303595809,0
per_huruf_hybrid_skeleton_forced_loop_no_sig,12,1163,0.8844106463878326,436.5166135639508,88.41374601729632,436.5166135639508,88.41374601729632,0
per_huruf_hybrid_skeleton_forced_loop_no_sig,12,1164,0.8851711026615969,436.5357305416478,88.47701411015021,436.5357305416478,88.47701411015021,0
per_huruf_hybrid_skeleton_forced_loop_no_sig,12,1165,0.8859315589353611,436.58898497951753,88.46517979062358,436.58898497951753,88.46517979062358,0
per_huruf_hybrid_skeleton_forced_loop_no_sig,12,1166,0.8866920152091254,436.665452890305,88.3987255348202,436.665452890305,88.3987255348202,0
per_huruf_hybrid_skeleton_forced_loop_no_sig,12,1167,0.8874524714828896,436.75421028675464,88.29813381884387,436.75421028675464,88.29813381884387,0
per_huruf_hybrid_skeleton_forced_loop_no_sig,12,1168,0.888212927756654,436.8443331816113,88.18388711879837,436.8443331816113,88.18388711879837,0
per_huruf_hybrid_skeleton_forced_loop_no_sig,12,1169,0.8889733840304181,436.92489758761945,88.07646791078743,436.92489758761945,88.07646791078743,0
per_huruf_hybrid_skeleton_forced_loop_no_sig,12,1170,0.8897338403041825,436.9849795175239,87.99635867091487,436.9849795175239,87.99635867091487,0
per_huruf_hybrid_skeleton_forced_loop_no_sig,12,1171,0.8904942965779468,437.0136549840692,87.96404187528447,437.0136549840692,87.96404187528447,0
per_huruf_hybrid_skeleton_forced_loop_no_sig,12,1172,0.891254752851711,437.0,88.0,437.0,88.0,0
per_huruf_hybrid_skeleton_forced_loop_no_sig,12,1173,0.8920152091254753,436.9558488848431,88.0769230769231,436.9558488848431,88.0769230769231,0
per_huruf_hybrid_skeleton_forced_loop_no_sig,12,1174,0.8927756653992395,436.90122894856626,88.15384615384617,436.90122894856626,88.15384615384617,0
per_huruf_hybrid_skeleton_forced_loop_no_sig,12,1175,0.8935361216730038,436.83750568957663,88.23076923076921,436.83750568957663,88.23076923076921,0
per_huruf_hybrid_skeleton_forced_loop_no_sig,12,1176,0.894296577946768,436.76604460628124,88.3076923076923,436.76604460628124,88.3076923076923,0
per_huruf_hybrid_skeleton_forced_loop_no_sig,12,1177,0.8950570342205323,436.688211197087,88.3846153846154,436.688211197087,88.3846153846154,0
per_huruf_hybrid_skeleton_forced_loop_no_sig,12,1178,0.8958174904942965,436.6053709604006,88.46153846153847,436.6053709604006,88.46153846153847,0
per_huruf_hybrid_skeleton_forced_loop_no_sig,12,1179,0.8965779467680608,436.518889394629,88.53846153846153,436.518889394629,88.53846153846153,0
per_huruf_hybrid_skeleton_forced_loop_no_sig,12,1180,0.897338403041825,436.4301319981794,88.61538461538461,436.4301319981794,88.61538461538461,0
per_huruf_hybrid_skeleton_forced_loop_no_sig,12,1181,0.8980988593155893,436.3404642694583,88.6923076923077,436.3404642694583,88.6923076923077,0
per_huruf_hybrid_skeleton_forced_loop_no_sig,12,1182,0.8988593155893535,436.25125170687295,88.76923076923076,436.25125170687295,88.76923076923076,0
per_huruf_hybrid_skeleton_forced_loop_no_sig,12,1183,0.8996197718631178,436.16385980883024,88.84615384615384,436.16385980883024,88.84615384615384,0
per_huruf_hybrid_skeleton_forced_loop_no_sig,12,1184,0.9003802281368821,436.07965407373695,88.92307692307692,436.07965407373695,88.92307692307692,0
per_huruf_hybrid_skeleton_forced_loop_no_sig,12,1185,0.9011406844106463,436.0,89.0,436.0,89.0,0
per_huruf_hybrid_skeleton_forced_loop_no_sig,12,1186,0.9019011406844106,435.92307692307696,89.0769230769231,435.92307692307696,89.0769230769231,0
per_huruf_hybrid_skeleton_forced_loop_no_sig,12,1187,0.9026615969581748,435.8461538461539,89.15384615384616,435.8461538461539,89.15384615384616,0
per_huruf_hybrid_skeleton_forced_loop_no_sig,12,1188,0.9034220532319391,435.7692307692308,89.23076923076923,435.7692307692308,89.23076923076923,0
per_huruf_hybrid_skeleton_forced_loop_no_sig,12,1189,0.9041825095057033,435.6923076923076,89.30769230769229,435.6923076923076,89.30769230769229,0
per_huruf_hybrid_skeleton_forced_loop_no_sig,12,1190,0.9049429657794676,435.6153846153847,89.38461538461539,435.6153846153847,89.38461538461539,0
per_huruf_hybrid_skeleton_forced_loop_no_sig,12,1191,0.9057034220532318,435.53846153846155,89.46153846153845,435.53846153846155,89.46153846153845,0
per_huruf_hybrid_skeleton_forced_loop_no_sig,12,1192,0.9064638783269962,435.46153846153845,89.53846153846155,435.46153846153845,89.53846153846155,0
per_huruf_hybrid_skeleton_forced_loop_no_sig,12,1193,0.9072243346007604,435.38461538461536,89.61538461538461,435.38461538461536,89.61538461538461,0
per_huruf_hybrid_skeleton_forced_loop_no_sig,12,1194,0.9079847908745247,435.30769230769226,89.69230769230768,435.30769230769226,89.69230769230768,0
per_huruf_hybrid_skeleton_forced_loop_no_sig,12,1195,0.908745247148289,435.23076923076917,89.76923076923077,435.23076923076917,89.76923076923077,0
per_huruf_hybrid_skeleton_forced_loop_no_sig,12,1196,0.9095057034220532,435.1538461538462,89.84615384615384,435.1538461538462,89.84615384615384,0
per_huruf_hybrid_skeleton_forced_loop_no_sig,12,1197,0.9102661596958175,435.0769230769231,89.92307692307692,435.0769230769231,89.92307692307692,0
per_huruf_hybrid_skeleton_forced_loop_no_sig,12,1198,0.9110266159695817,435.0,90.0,435.0,90.0,0
per_huruf_hybrid_skeleton_forced_loop_no_sig,12,1199,0.911787072243346,434.923076923077,90.0769230769231,434.923076923077,90.0769230769231,0
per_huruf_hybrid_skeleton_forced_loop_no_sig,12,1200,0.9125475285171102,434.84615384615387,90.15384615384616,434.84615384615387,90.15384615384616,0
per_huruf_hybrid_skeleton_forced_loop_no_sig,12,1201,0.9133079847908745,434.7692307692307,90.23076923076923,434.7692307692307,90.23076923076923,0
per_huruf_hybrid_skeleton_forced_loop_no_sig,12,1202,0.9140684410646387,434.6923076923077,90.30769230769229,434.6923076923077,90.30769230769229,0
per_huruf_hybrid_skeleton_forced_loop_no_sig,12,1203,0.914828897338403,434.6153846153847,90.38461538461539,434.6153846153847,90.38461538461539,0
per_huruf_hybrid_skeleton_forced_loop_no_sig,12,1204,0.9155893536121672,434.53846153846155,90.46153846153847,434.53846153846155,90.46153846153847,0
per_huruf_hybrid_skeleton_forced_loop_no_sig,12,1205,0.9163498098859315,434.4615384615385,90.53846153846153,434.4615384615385,90.53846153846153,0
per_huruf_hybrid_skeleton_forced_loop_no_sig,12,1206,0.9171102661596957,434.3846153846154,90.61538461538461,434.3846153846154,90.61538461538461,0
per_huruf_hybrid_skeleton_forced_loop_no_sig,12,1207,0.91787072243346,434.30769230769226,90.6923076923077,434.30769230769226,90.6923076923077,0
per_huruf_hybrid_skeleton_forced_loop_no_sig,12,1208,0.9186311787072243,434.23076923076917,90.76923076923076,434.23076923076917,90.76923076923076,0
per_huruf_hybrid_skeleton_forced_loop_no_sig,12,1209,0.9193916349809885,434.1538461538462,90.84615384615384,434.1538461538462,90.84615384615384,0
per_huruf_hybrid_skeleton_forced_loop_no_sig,12,1210,0.9201520912547528,434.0769230769231,90.92307692307692,434.0769230769231,90.92307692307692,0
per_huruf_hybrid_skeleton_forced_loop_no_sig,12,1211,0.920912547528517,434.0,91.0,434.0,91.0,0
per_huruf_hybrid_skeleton_forced_loop_no_sig,12,1212,0.9216730038022813,433.92853891670467,91.07419208010924,433.92853891670467,91.07419208010924,0
per_huruf_hybrid_skeleton_forced_loop_no_sig,12,1213,0.9224334600760455,433.86618115612197,91.14383249886208,433.86618115612197,91.14383249886208,0
per_huruf_hybrid_skeleton_forced_loop_no_sig,12,1214,0.9231939163498099,433.8101957214382,91.21028675466543,433.8101957214382,91.21028675466543,0
per_huruf_hybrid_skeleton_forced_loop_no_sig,12,1215,0.923954372623574,433.75785161583974,91.27492034592625,433.75785161583974,91.27492034592625,0
per_huruf_hybrid_skeleton_forced_loop_no_sig,12,1216,0.9247148288973384,433.70641784251256,91.33909877105145,433.70641784251256,91.33909877105145,0
per_huruf_hybrid_skeleton_forced_loop_no_sig,12,1217,0.9254752851711026,433.6531634046427,91.40418752844788,433.6531634046427,91.40418752844788,0
per_huruf_hybrid_skeleton_forced_loop_no_sig,12,1218,0.9262357414448669,433.5953573054165,91.47155211652253,433.5953573054165,91.47155211652253,0
per_huruf_hybrid_skeleton_forced_loop_no_sig,12,1219,0.9269961977186311,433.53026854802005,91.5425580336823,433.53026854802005,91.5425580336823,0
per_huruf_hybrid_skeleton_forced_loop_no_sig,12,1220,0.9277566539923954,433.4551661356395,91.61857077833409,433.4551661356395,91.61857077833409,0
per_huruf_hybrid_skeleton_forced_loop_no_sig,12,1221,0.9285171102661597,433.3673190714611,91.70095584888483,433.3673190714611,91.70095584888483,0
per_huruf_hybrid_skeleton_forced_loop_no_sig,12,1222,0.9292775665399239,433.26399635867097,91.79107874374147,433.26399635867097,91.79107874374147,0
per_huruf_hybrid_skeleton_forced_loop_no_sig,12,1223,0.9300380228136882,433.14246700045516,91.89030496131087,433.14246700045516,91.89030496131087,0
per_huruf_hybrid_skeleton_forced_loop_no_sig,12,1224,0.9307984790874524,433.0,92.0,433.0,92.0,0
per_huruf_hybrid_skeleton_forced_loop_no_sig,12,1225,0.9315589353612167,432.82931269913524,92.12380518889394,432.82931269913524,92.12380518889394,0
per_huruf_hybrid_skeleton_forced_loop_no_sig,12,1226,0.9323193916349809,432.6285844333181,92.262630860264,432.6285844333181,92.262630860264,0
per_huruf_hybrid_skeleton_forced_loop_no_sig,12,1227,0.9330798479087452,432.40327719617653,92.4137460172963,432.40327719617653,92.4137460172963,0
per_huruf_hybrid_skeleton_forced_loop_no_sig,12,1228,0.9338403041825094,432.15885298133816,92.57441966317705,432.15885298133816,92.57441966317705,0
per_huruf_hybrid_skeleton_forced_loop_no_sig,12,1229,0.9346007604562737,431.90077378243063,92.74192080109242,431.90077378243063,92.74192080109242,0
per_huruf_hybrid_skeleton_forced_loop_no_sig,12,1230,0.9353612167300379,431.63450159308155,92.91351843422851,431.63450159308155,92.91351843422851,0
per_huruf_hybrid_skeleton_forced_loop_no_sig,12,1231,0.9361216730038022,431.3654984069185,93.0864815657715,431.3654984069185,93.0864815657715,0
per_huruf_hybrid_skeleton_forced_loop_no_sig,12,1232,0.9368821292775665,431.0992262175694,93.25807919890761,431.0992262175694,93.25807919890761,0
per_huruf_hybrid_skeleton_forced_loop_no_sig,12,1233,0.9376425855513307,430.84114701866184,93.42558033682293,430.84114701866184,93.42558033682293,0
per_huruf_hybrid_skeleton_forced_loop_no_sig,12,1234,0.938403041825095,430.59672280382335,93.58625398270368,430.59672280382335,93.58625398270368,0
per_huruf_hybrid_skeleton_forced_loop_no_sig,12,1235,0.9391634980988592,430.3714155666819,93.737369139736,430.3714155666819,93.737369139736,0
per_huruf_hybrid_skeleton_forced_loop_no_sig,12,1236,0.9399239543726235,430.17068730086476,93.87619481110605,430.17068730086476,93.87619481110605,0
per_huruf_hybrid_skeleton_forced_loop_no_sig,12,1237,0.9406844106463877,430.0,94.0,430.0,94.0,0
per_huruf_hybrid_skeleton_forced_loop_no_sig,12,1238,0.9414448669201521,429.8575329995449,94.10969503868913,429.8575329995449,94.10969503868913,0
per_huruf_hybrid_skeleton_forced_loop_no_sig,12,1239,0.9422053231939163,429.7360036413291,94.20892125625853,429.7360036413291,94.20892125625853,0
per_huruf_hybrid_skeleton_forced_loop_no_sig,12,1240,0.9429657794676806,429.63268092853883,94.29904415111514,429.63268092853883,94.29904415111514,0
per_huruf_hybrid_skeleton_forced_loop_no_sig,12,1241,0.9437262357414448,429.54483386436044,94.3814292216659,429.54483386436044,94.3814292216659,0
per_huruf_hybrid_skeleton_forced_loop_no_sig,12,1242,0.9444866920152091,429.46973145198,94.45744196631772,429.46973145198,94.45744196631772,0
per_huruf_hybrid_skeleton_forced_loop_no_sig,12,1243,0.9452471482889733,429.4046426945836,94.52844788347748,429.4046426945836,94.52844788347748,0
per_huruf_hybrid_skeleton_forced_loop_no_sig,12,1244,0.9460076045627376,429.34683659535733,94.59581247155211,429.34683659535733,94.59581247155211,0
per_huruf_hybrid_skeleton_forced_loop_no_sig,12,1245,0.9467680608365019,429.2935821574875,94.66090122894857,429.2935821574875,94.66090122894857,0
per_huruf_hybrid_skeleton_forced_loop_no_sig,12,1246,0.9475285171102661,429.2421483841602,94.72507965407374,429.2421483841602,94.72507965407374,0
per_huruf_hybrid_skeleton_forced_loop_no_sig,12,1247,0.9482889733840304,429.1898042785616,94.78971324533454,429.1898042785616,94.78971324533454,0
per_huruf_hybrid_skeleton_forced_loop_no_sig,12,1248,0.9490494296577946,429.13381884387803,94.85616750113792,429.13381884387803,94.85616750113792,0
per_huruf_hybrid_skeleton_forced_loop_no_sig,12,1249,0.9498098859315589,429.0714610832954,94.92580791989076,429.0714610832954,94.92580791989076,0
per_huruf_hybrid_skeleton_forced_loop_no_sig,12,1250,0.9505703422053231,429.0,95.0,429.0,95.0,0
per_huruf_hybrid_skeleton_forced_loop_no_sig,12,1251,0.9513307984790874,428.99681383705064,95.07146108329542,428.99681383705064,95.07146108329542,0
per_huruf_hybrid_skeleton_forced_loop_no_sig,12,1252,0.9520912547528516,429.1165225307238,95.13381884387802,429.1165225307238,95.13381884387802,0
per_huruf_hybrid_skeleton_forced_loop_no_sig,12,1253,0.9528517110266159,429.3222576240327,95.18980427856167,429.3222576240327,95.18980427856167,0
per_huruf_hybrid_skeleton_forced_loop_no_sig,12,1254,0.9536121673003801,429.5771506599909,95.24214838416022,429.5771506599909,95.24214838416022,0
per_huruf_hybrid_skeleton_forced_loop_no_sig,12,1255,0.9543726235741444,429.8443331816113,95.29358215748749,429.8443331816113,95.29358215748749,0
per_huruf_hybrid_skeleton_forced_loop_no_sig,12,1256,0.9551330798479087,430.0869367319072,95.3468365953573,430.0869367319072,95.3468365953573,0
per_huruf_hybrid_skeleton_forced_loop_no_sig,12,1257,0.9558935361216729,430.2680928538917,95.40464269458352,430.2680928538917,95.40464269458352,0
per_huruf_hybrid_skeleton_forced_loop_no_sig,12,1258,0.9566539923954372,430.3509330905781,95.46973145197997,430.3509330905781,95.46973145197997,0
per_huruf_hybrid_skeleton_forced_loop_no_sig,12,1259,0.9574144486692014,430.29858898497946,95.54483386436048,430.29858898497946,95.54483386436048,0
per_huruf_hybrid_skeleton_forced_loop_no_sig,12,1260,0.9581749049429658,430.07419208010924,95.6326809285389,430.07419208010924,95.6326809285389,0
per_huruf_hybrid_skeleton_forced_loop_no_sig,12,1261,0.95893536121673,429.64087391898045,95.73600364132909,429.64087391898045,95.73600364132909,0
per_huruf_hybrid_skeleton_forced_loop_no_sig,12,1262,0.9596958174904943,428.9617660446063,95.85753299954483,428.9617660446063,95.85753299954483,0
per_huruf_hybrid_skeleton_forced_loop_no_sig,12,1263,0.9604562737642585,428.0,96.0,428.0,96.0,0
per_huruf_hybrid_skeleton_forced_loop_no_sig,12,1264,0.9612167300380228,426.6572598998635,96.17341829767867,426.6572598998635,96.17341829767867,0
per_huruf_hybrid_skeleton_forced_loop_no_sig,12,1265,0.961977186311787,424.90896677287213,96.38142922166593,424.90896677287213,96.38142922166593,0
per_huruf_hybrid_skeleton_forced_loop_no_sig,12,1266,0.9627376425855513,422.8288575329995,96.61720527992716,422.8288575329995,96.61720527992716,0
per_huruf_hybrid_skeleton_forced_loop_no_sig,12,1267,0.9634980988593155,420.49066909421936,96.87391898042785,420.49066909421936,96.87391898042785,0
per_huruf_hybrid_skeleton_forced_loop_no_sig,12,1268,0.9642585551330798,417.9681383705053,97.14474283113339,417.9681383705053,97.14474283113339,0
per_huruf_hybrid_skeleton_forced_loop_no_sig,12,1269,0.9650190114068441,415.33500227583073,97.42284934000911,415.33500227583073,97.42284934000911,0
per_huruf_hybrid_skeleton_forced_loop_no_sig,12,1270,0.9657794676806083,412.6649977241693,97.70141101502048,412.6649977241693,97.70141101502048,0
per_huruf_hybrid_skeleton_forced_loop_no_sig,12,1271,0.9665399239543726,410.03186162949476,97.9736003641329,410.03186162949476,97.9736003641329,0
per_huruf_hybrid_skeleton_forced_loop_no_sig,12,1272,0.9673003802281368,407.50933090578064,98.2325898953118,407.50933090578064,98.2325898953118,0
per_huruf_hybrid_skeleton_forced_loop_no_sig,12,1273,0.9680608365019011,405.17114246700044,98.47155211652253,405.17114246700044,98.47155211652253,0
per_huruf_hybrid_skeleton_forced_loop_no_sig,12,1274,0.9688212927756653,403.0910332271279,98.68365953573054,403.0910332271279,98.68365953573054,0
per_huruf_hybrid_skeleton_forced_loop_no_sig,12,1275,0.9695817490494296,401.34274010013655,98.86208466090123,401.34274010013655,98.86208466090123,0
per_huruf_hybrid_skeleton_forced_loop_no_sig,12,1276,0.9703422053231938,400.0,99.0,400.0,99.0,0
per_huruf_hybrid_skeleton_forced_loop_no_sig,12,1277,0.9711026615969581,399.0409649522076,99.10377787892581,399.0409649522076,99.10377787892581,0
per_huruf_hybrid_skeleton_forced_loop_no_sig,12,1278,0.9718631178707223,398.3691397360037,99.1852526172053,398.3691397360037,99.1852526172053,0
per_huruf_hybrid_skeleton_forced_loop_no_sig,12,1279,0.9726235741444866,397.94629039599454,99.24578971324534,397.94629039599454,99.24578971324534,0
per_huruf_hybrid_skeleton_forced_loop_no_sig,12,1280,0.9733840304182508,397.7341829767865,99.28675466545288,397.7341829767865,99.28675466545288,0
per_huruf_hybrid_skeleton_forced_loop_no_sig,12,1281,0.9741444866920151,397.69458352298597,99.30951297223487,397.69458352298597,99.30951297223487,0
per_huruf_hybrid_skeleton_forced_loop_no_sig,12,1282,0.9749049429657795,397.7892580791989,99.31543013199818,397.7892580791989,99.31543013199818,0
per_huruf_hybrid_skeleton_forced_loop_no_sig,12,1283,0.9756653992395437,397.97997269003184,99.30587164314976,397.97997269003184,99.30587164314976,0
per_huruf_hybrid_skeleton_forced_loop_no_sig,12,1284,0.976425855513308,398.22849340009105,99.2822030040965,398.22849340009105,99.2822030040965,0
per_huruf_hybrid_skeleton_forced_loop_no_sig,12,1285,0.9771863117870722,398.4965862539826,99.24578971324533,398.4965862539826,99.24578971324533,0
per_huruf_hybrid_skeleton_forced_loop_no_sig,12,1286,0.9779467680608365,398.7460172963131,99.19799726900317,398.7460172963131,99.19799726900317,0
per_huruf_hybrid_skeleton_forced_loop_no_sig,12,1287,0.9787072243346007,398.93855257168866,99.14019116977697,398.93855257168866,99.14019116977697,0
per_huruf_hybrid_skeleton_forced_loop_no_sig,12,1288,0.979467680608365,399.0359581247155,99.07373691397359,399.0359581247155,99.07373691397359,0
per_huruf_hybrid_skeleton_forced_loop_no_sig,12,1289,0.9802281368821292,399.0,99.0,399.0,99.0,0
per_huruf_hybrid_skeleton_forced_loop_no_sig,12,1290,0.9809885931558935,398.8761948111061,98.90623577605828,398.8761948111061,98.90623577605828,0
per_huruf_hybrid_skeleton_forced_loop_no_sig,12,1291,0.9817490494296577,398.737369139736,98.78243058716431,398.737369139736,98.78243058716431,0
per_huruf_hybrid_skeleton_forced_loop_no_sig,12,1292,0.982509505703422,398.58625398270357,98.63404642694582,398.58625398270357,98.63404642694582,0
per_huruf_hybrid_skeleton_forced_loop_no_sig,12,1293,0.9832699619771863,398.4255803368229,98.46654528903049,398.4255803368229,98.46654528903049,0
per_huruf_hybrid_skeleton_forced_loop_no_sig,12,1294,0.9840304182509505,398.25807919890764,98.28538916704598,398.25807919890764,98.28538916704598,0
per_huruf_hybrid_skeleton_forced_loop_no_sig,12,1295,0.9847908745247148,398.0864815657715,98.09604005461993,398.0864815657715,98.09604005461993,0
per_huruf_hybrid_skeleton_forced_loop_no_sig,12,1296,0.985551330798479,397.9135184342285,97.90395994538007,397.9135184342285,97.90395994538007,0
per_huruf_hybrid_skeleton_forced_loop_no_sig,12,1297,0.9863117870722433,397.7419208010925,97.71461083295404,397.7419208010925,97.71461083295404,0
per_huruf_hybrid_skeleton_forced_loop_no_sig,12,1298,0.9870722433460075,397.5744196631771,97.5334547109695,397.5744196631771,97.5334547109695,0
per_huruf_hybrid_skeleton_forced_loop_no_sig,12,1299,0.9878326996197718,397.41374601729626,97.36595357305416,397.41374601729626,97.36595357305416,0
per_huruf_hybrid_skeleton_forced_loop_no_sig,12,1300,0.988593155893536,397.26263086026404,97.21756941283569,397.26263086026404,97.21756941283569,0
per_huruf_hybrid_skeleton_forced_loop_no_sig,12,1301,0.9893536121673003,397.1238051888939,97.09376422394173,397.1238051888939,97.09376422394173,0
per_huruf_hybrid_skeleton_forced_loop_no_sig,12,1302,0.9901140684410645,397.0,97.0,397.0,97.0,0
per_huruf_hybrid_skeleton_forced_loop_no_sig,12,1303,0.9908745247148288,396.8875739644971,96.93445607646792,396.8875739644971,96.93445607646792,0
per_huruf_hybrid_skeleton_forced_loop_no_sig,12,1304,0.991634980988593,396.78106508875743,96.88984979517524,396.78106508875743,96.88984979517524,0
per_huruf_hybrid_skeleton_forced_loop_no_sig,12,1305,0.9923954372623573,396.680473372781,96.86345015930814,396.680473372781,96.86345015930814,0
per_huruf_hybrid_skeleton_forced_loop_no_sig,12,1306,0.9931558935361217,396.585798816568,96.8525261720528,396.585798816568,96.8525261720528,0
per_huruf_hybrid_skeleton_forced_loop_no_sig,12,1307,0.9939163498098859,396.4970414201184,96.85434683659538,396.4970414201184,96.85434683659538,0
per_huruf_hybrid_skeleton_forced_loop_no_sig,12,1308,0.9946768060836502,396.414201183432,96.866181156122,396.414201183432,96.866181156122,0
per_huruf_hybrid_skeleton_forced_loop_no_sig,12,1309,0.9954372623574144,396.33727810650885,96.88529813381885,396.33727810650885,96.88529813381885,0
per_huruf_hybrid_skeleton_forced_loop_no_sig,12,1310,0.9961977186311787,396.2662721893491,96.9089667728721,396.2662721893491,96.9089667728721,0
per_huruf_hybrid_skeleton_forced_loop_no_sig,12,1311,0.9969581749049429,396.2011834319527,96.9344560764679,396.2011834319527,96.9344560764679,0
per_huruf_hybrid_skeleton_forced_loop_no_sig,12,1312,0.9977186311787072,396.14201183431953,96.95903504779244,396.14201183431953,96.95903504779244,0
per_huruf_hybrid_skeleton_forced_loop_no_sig,12,1313,0.9984790874524714,396.08875739644975,96.97997269003187,396.08875739644975,96.97997269003187,0
per_huruf_hybrid_skeleton_forced_loop_no_sig,12,1314,0.9992395437262357,396.0414201183432,96.99453800637232,396.0414201183432,96.99453800637232,0
per_huruf_hybrid_skeleton_forced_loop_no_sig,12,1315,1.0,396.0,97.0,396.0,97.0,0
