label,huruf,point_index,t,bezier_xx_x,bezier_xx_y,xx_sc_x,xx_sc_y,is_sample_output_bezier_py
per_huruf_hybrid_skeleton_forced_loop_no_sig,19,0,0.0,563.0,76.0,563.0,76.0,0
per_huruf_hybrid_skeleton_forced_loop_no_sig,19,1,0.0010834236186348862,563.0441511151571,75.95311788802914,563.0441511151571,75.95311788802914,0
per_huruf_hybrid_skeleton_forced_loop_no_sig,19,2,0.0021668472372697724,563.0987710514338,75.89121529358215,563.0987710514338,75.89121529358215,0
per_huruf_hybrid_skeleton_forced_loop_no_sig,19,3,0.0032502708559046583,563.1624943104232,75.81702321347291,563.1624943104232,75.81702321347291,0
per_huruf_hybrid_skeleton_forced_loop_no_sig,19,4,0.004333694474539545,563.2339553937186,75.73327264451524,563.2339553937186,75.73327264451524,0
per_huruf_hybrid_skeleton_forced_loop_no_sig,19,5,0.005417118093174431,563.311788802913,75.642694583523,563.311788802913,75.642694583523,0
per_huruf_hybrid_skeleton_forced_loop_no_sig,19,6,0.006500541711809317,563.3946290395995,75.54802002730997,563.3946290395995,75.54802002730997,0
per_huruf_hybrid_skeleton_forced_loop_no_sig,19,7,0.007583965330444203,563.481110605371,75.45197997269003,563.481110605371,75.45197997269003,0
per_huruf_hybrid_skeleton_forced_loop_no_sig,19,8,0.00866738894907909,563.5698680018206,75.35730541647703,563.5698680018206,75.35730541647703,0
per_huruf_hybrid_skeleton_forced_loop_no_sig,19,9,0.009750812567713976,563.6595357305416,75.26672735548475,563.6595357305416,75.26672735548475,0
per_huruf_hybrid_skeleton_forced_loop_no_sig,19,10,0.010834236186348862,563.7487482931269,75.18297678652708,563.7487482931269,75.18297678652708,0
per_huruf_hybrid_skeleton_forced_loop_no_sig,19,11,0.011917659804983749,563.8361401911698,75.10878470641785,563.8361401911698,75.10878470641785,0
per_huruf_hybrid_skeleton_forced_loop_no_sig,19,12,0.013001083423618633,563.920345926263,75.04688211197086,563.920345926263,75.04688211197086,0
per_huruf_hybrid_skeleton_forced_loop_no_sig,19,13,0.01408450704225352,564.0,75.0,564.0,75.0,0
per_huruf_hybrid_skeleton_forced_loop_no_sig,19,14,0.015167930660888406,564.0769230769231,74.96722803823397,564.0769230769231,74.96722803823397,0
per_huruf_hybrid_skeleton_forced_loop_no_sig,19,15,0.016251354279523293,564.1538461538462,74.94492489758763,564.1538461538462,74.94492489758763,0
per_huruf_hybrid_skeleton_forced_loop_no_sig,19,16,0.01733477789815818,564.2307692307692,74.93172507965407,564.2307692307692,74.93172507965407,0
per_huruf_hybrid_skeleton_forced_loop_no_sig,19,17,0.018418201516793065,564.3076923076923,74.92626308602638,564.3076923076923,74.92626308602638,0
per_huruf_hybrid_skeleton_forced_loop_no_sig,19,18,0.01950162513542795,564.3846153846155,74.9271734182977,564.3846153846155,74.9271734182977,0
per_huruf_hybrid_skeleton_forced_loop_no_sig,19,19,0.020585048754062838,564.4615384615385,74.93309057806098,564.4615384615385,74.93309057806098,0
per_huruf_hybrid_skeleton_forced_loop_no_sig,19,20,0.021668472372697724,564.5384615384615,74.94264906690942,564.5384615384615,74.94264906690942,0
per_huruf_hybrid_skeleton_forced_loop_no_sig,19,21,0.02275189599133261,564.6153846153846,74.95448338643604,564.6153846153846,74.95448338643604,0
per_huruf_hybrid_skeleton_forced_loop_no_sig,19,22,0.023835319609967497,564.6923076923076,74.96722803823396,564.6923076923076,74.96722803823396,0
per_huruf_hybrid_skeleton_forced_loop_no_sig,19,23,0.024918743228602384,564.7692307692307,74.97951752389622,564.7692307692307,74.97951752389622,0
per_huruf_hybrid_skeleton_forced_loop_no_sig,19,24,0.026002166847237267,564.8461538461538,74.98998634501592,564.8461538461538,74.98998634501592,0
per_huruf_hybrid_skeleton_forced_loop_no_sig,19,25,0.027085590465872153,564.9230769230769,74.99726900318616,564.9230769230769,74.99726900318616,0
per_huruf_hybrid_skeleton_forced_loop_no_sig,19,26,0.02816901408450704,565.0,75.0,565.0,75.0,0
per_huruf_hybrid_skeleton_forced_loop_no_sig,19,27,0.029252437703141926,565.0769230769232,75.00000000000001,565.0769230769232,75.00000000000001,0
per_huruf_hybrid_skeleton_forced_loop_no_sig,19,28,0.030335861321776812,565.1538461538462,75.0,565.1538461538462,75.0,0
per_huruf_hybrid_skeleton_forced_loop_no_sig,19,29,0.0314192849404117,565.2307692307692,75.0,565.2307692307692,75.0,0
per_huruf_hybrid_skeleton_forced_loop_no_sig,19,30,0.032502708559046585,565.3076923076923,74.99999999999999,565.3076923076923,74.99999999999999,0
per_huruf_hybrid_skeleton_forced_loop_no_sig,19,31,0.03358613217768147,565.3846153846154,75.00000000000001,565.3846153846154,75.00000000000001,0
per_huruf_hybrid_skeleton_forced_loop_no_sig,19,32,0.03466955579631636,565.4615384615385,75.0,565.4615384615385,75.0,0
per_huruf_hybrid_skeleton_forced_loop_no_sig,19,33,0.035752979414951244,565.5384615384615,75.0,565.5384615384615,75.0,0
per_huruf_hybrid_skeleton_forced_loop_no_sig,19,34,0.03683640303358613,565.6153846153845,75.0,565.6153846153845,75.0,0
per_huruf_hybrid_skeleton_forced_loop_no_sig,19,35,0.03791982665222102,565.6923076923076,75.0,565.6923076923076,75.0,0
per_huruf_hybrid_skeleton_forced_loop_no_sig,19,36,0.0390032502708559,565.7692307692307,75.0,565.7692307692307,75.0,0
per_huruf_hybrid_skeleton_forced_loop_no_sig,19,37,0.04008667388949079,565.8461538461538,75.0,565.8461538461538,75.0,0
per_huruf_hybrid_skeleton_forced_loop_no_sig,19,38,0.041170097508125676,565.9230769230769,75.0,565.9230769230769,75.0,0
per_huruf_hybrid_skeleton_forced_loop_no_sig,19,39,0.04225352112676056,566.0,75.0,566.0,75.0,0
per_huruf_hybrid_skeleton_forced_loop_no_sig,19,40,0.04333694474539545,566.0769230769232,75.00273099681385,566.0769230769232,75.00273099681385,1
per_huruf_hybrid_skeleton_forced_loop_no_sig,19,41,0.044420368364030335,566.1538461538462,75.01001365498406,566.1538461538462,75.01001365498406,0
per_huruf_hybrid_skeleton_forced_loop_no_sig,19,42,0.04550379198266522,566.2307692307692,75.02048247610378,566.2307692307692,75.02048247610378,0
per_huruf_hybrid_skeleton_forced_loop_no_sig,19,43,0.04658721560130011,566.3076923076923,75.03277196176603,566.3076923076923,75.03277196176603,0
per_huruf_hybrid_skeleton_forced_loop_no_sig,19,44,0.047670639219934995,566.3846153846154,75.04551661356396,566.3846153846154,75.04551661356396,0
per_huruf_hybrid_skeleton_forced_loop_no_sig,19,45,0.04875406283856988,566.4615384615385,75.05735093309059,566.4615384615385,75.05735093309059,0
per_huruf_hybrid_skeleton_forced_loop_no_sig,19,46,0.04983748645720477,566.5384615384615,75.06690942193902,566.5384615384615,75.06690942193902,0
per_huruf_hybrid_skeleton_forced_loop_no_sig,19,47,0.050920910075839654,566.6153846153846,75.07282658170233,566.6153846153846,75.07282658170233,0
per_huruf_hybrid_skeleton_forced_loop_no_sig,19,48,0.05200433369447453,566.6923076923076,75.0737369139736,566.6923076923076,75.0737369139736,0
per_huruf_hybrid_skeleton_forced_loop_no_sig,19,49,0.05308775731310942,566.7692307692307,75.06827492034591,566.7692307692307,75.06827492034591,0
per_huruf_hybrid_skeleton_forced_loop_no_sig,19,50,0.054171180931744306,566.8461538461538,75.05507510241239,566.8461538461538,75.05507510241239,0
per_huruf_hybrid_skeleton_forced_loop_no_sig,19,51,0.05525460455037919,566.9230769230769,75.03277196176604,566.9230769230769,75.03277196176604,0
per_huruf_hybrid_skeleton_forced_loop_no_sig,19,52,0.05633802816901408,567.0,75.0,567.0,75.0,0
per_huruf_hybrid_skeleton_forced_loop_no_sig,19,53,0.057421451787648965,567.0769230769232,74.95311788802914,567.0769230769232,74.95311788802914,0
per_huruf_hybrid_skeleton_forced_loop_no_sig,19,54,0.05850487540628385,567.1538461538463,74.89121529358216,567.1538461538463,74.89121529358216,0
per_huruf_hybrid_skeleton_forced_loop_no_sig,19,55,0.05958829902491874,567.2307692307692,74.81702321347292,567.2307692307692,74.81702321347292,0
per_huruf_hybrid_skeleton_forced_loop_no_sig,19,56,0.060671722643553624,567.3076923076923,74.73327264451524,567.3076923076923,74.73327264451524,0
per_huruf_hybrid_skeleton_forced_loop_no_sig,19,57,0.06175514626218851,567.3846153846155,74.642694583523,567.3846153846155,74.642694583523,0
per_huruf_hybrid_skeleton_forced_loop_no_sig,19,58,0.0628385698808234,567.4615384615385,74.54802002730997,567.4615384615385,74.54802002730997,0
per_huruf_hybrid_skeleton_forced_loop_no_sig,19,59,0.06392199349945829,567.5384615384615,74.45197997269004,567.5384615384615,74.45197997269004,0
per_huruf_hybrid_skeleton_forced_loop_no_sig,19,60,0.06500541711809317,567.6153846153846,74.35730541647702,567.6153846153846,74.35730541647702,0
per_huruf_hybrid_skeleton_forced_loop_no_sig,19,61,0.06608884073672806,567.6923076923076,74.26672735548476,567.6923076923076,74.26672735548476,1
per_huruf_hybrid_skeleton_forced_loop_no_sig,19,62,0.06717226435536294,567.7692307692307,74.18297678652708,567.7692307692307,74.18297678652708,0
per_huruf_hybrid_skeleton_forced_loop_no_sig,19,63,0.06825568797399784,567.8461538461538,74.10878470641785,567.8461538461538,74.10878470641785,0
per_huruf_hybrid_skeleton_forced_loop_no_sig,19,64,0.06933911159263272,567.9230769230769,74.04688211197087,567.9230769230769,74.04688211197087,0
per_huruf_hybrid_skeleton_forced_loop_no_sig,19,65,0.0704225352112676,568.0,74.0,568.0,74.0,0
per_huruf_hybrid_skeleton_forced_loop_no_sig,19,66,0.07150595882990249,568.0769230769231,73.9699590350478,568.0769230769231,73.9699590350478,0
per_huruf_hybrid_skeleton_forced_loop_no_sig,19,67,0.07258938244853737,568.1538461538462,73.95493855257169,568.1538461538462,73.95493855257169,0
per_huruf_hybrid_skeleton_forced_loop_no_sig,19,68,0.07367280606717226,568.2307692307692,73.95220755575785,568.2307692307692,73.95220755575785,0
per_huruf_hybrid_skeleton_forced_loop_no_sig,19,69,0.07475622968580714,568.3076923076923,73.95903504779244,568.3076923076923,73.95903504779244,0
per_huruf_hybrid_skeleton_forced_loop_no_sig,19,70,0.07583965330444203,568.3846153846155,73.97269003186165,568.3846153846155,73.97269003186165,0
per_huruf_hybrid_skeleton_forced_loop_no_sig,19,71,0.07692307692307691,568.4615384615386,73.99044151115157,568.4615384615386,73.99044151115157,0
per_huruf_hybrid_skeleton_forced_loop_no_sig,19,72,0.0780065005417118,568.5384615384615,74.00955848884843,568.5384615384615,74.00955848884843,0
per_huruf_hybrid_skeleton_forced_loop_no_sig,19,73,0.07908992416034669,568.6153846153846,74.02730996813837,568.6153846153846,74.02730996813837,0
per_huruf_hybrid_skeleton_forced_loop_no_sig,19,74,0.08017334777898158,568.6923076923076,74.04096495220756,568.6923076923076,74.04096495220756,0
per_huruf_hybrid_skeleton_forced_loop_no_sig,19,75,0.08125677139761646,568.7692307692307,74.04779244424215,568.7692307692307,74.04779244424215,0
per_huruf_hybrid_skeleton_forced_loop_no_sig,19,76,0.08234019501625135,568.8461538461538,74.04506144742831,568.8461538461538,74.04506144742831,0
per_huruf_hybrid_skeleton_forced_loop_no_sig,19,77,0.08342361863488623,568.9230769230769,74.0300409649522,568.9230769230769,74.0300409649522,0
per_huruf_hybrid_skeleton_forced_loop_no_sig,19,78,0.08450704225352113,569.0,74.0,569.0,74.0,0
per_huruf_hybrid_skeleton_forced_loop_no_sig,19,79,0.085590465872156,569.0769230769231,73.95311788802914,569.0769230769231,73.95311788802914,0
per_huruf_hybrid_skeleton_forced_loop_no_sig,19,80,0.0866738894907909,569.1538461538462,73.89121529358216,569.1538461538462,73.89121529358216,0
per_huruf_hybrid_skeleton_forced_loop_no_sig,19,81,0.08775731310942578,569.2307692307692,73.81702321347291,569.2307692307692,73.81702321347291,1
per_huruf_hybrid_skeleton_forced_loop_no_sig,19,82,0.08884073672806067,569.3076923076923,73.73327264451524,569.3076923076923,73.73327264451524,0
per_huruf_hybrid_skeleton_forced_loop_no_sig,19,83,0.08992416034669555,569.3846153846155,73.64269458352298,569.3846153846155,73.64269458352298,0
per_huruf_hybrid_skeleton_forced_loop_no_sig,19,84,0.09100758396533044,569.4615384615386,73.54802002730996,569.4615384615386,73.54802002730996,0
per_huruf_hybrid_skeleton_forced_loop_no_sig,19,85,0.09209100758396532,569.5384615384615,73.45197997269003,569.5384615384615,73.45197997269003,0
per_huruf_hybrid_skeleton_forced_loop_no_sig,19,86,0.09317443120260022,569.6153846153846,73.35730541647702,569.6153846153846,73.35730541647702,0
per_huruf_hybrid_skeleton_forced_loop_no_sig,19,87,0.0942578548212351,569.6923076923076,73.26672735548475,569.6923076923076,73.26672735548475,0
per_huruf_hybrid_skeleton_forced_loop_no_sig,19,88,0.09534127843986999,569.7692307692307,73.18297678652708,569.7692307692307,73.18297678652708,0
per_huruf_hybrid_skeleton_forced_loop_no_sig,19,89,0.09642470205850487,569.8461538461538,73.10878470641785,569.8461538461538,73.10878470641785,0
per_huruf_hybrid_skeleton_forced_loop_no_sig,19,90,0.09750812567713976,569.9230769230769,73.04688211197087,569.9230769230769,73.04688211197087,0
per_huruf_hybrid_skeleton_forced_loop_no_sig,19,91,0.09859154929577464,570.0,73.0,570.0,73.0,1
per_huruf_hybrid_skeleton_forced_loop_no_sig,19,92,0.09967497291440953,570.0769230769232,72.96995903504781,570.0769230769232,72.96995903504781,0
per_huruf_hybrid_skeleton_forced_loop_no_sig,19,93,0.10075839653304441,570.1538461538462,72.95493855257169,570.1538461538462,72.95493855257169,0
per_huruf_hybrid_skeleton_forced_loop_no_sig,19,94,0.10184182015167931,570.230769230769,72.95220755575784,570.230769230769,72.95220755575784,0
per_huruf_hybrid_skeleton_forced_loop_no_sig,19,95,0.10292524377031419,570.3076923076924,72.95903504779244,570.3076923076924,72.95903504779244,0
per_huruf_hybrid_skeleton_forced_loop_no_sig,19,96,0.10400866738894907,570.3846153846155,72.97269003186163,570.3846153846155,72.97269003186163,0
per_huruf_hybrid_skeleton_forced_loop_no_sig,19,97,0.10509209100758396,570.4615384615385,72.99044151115157,570.4615384615385,72.99044151115157,0
per_huruf_hybrid_skeleton_forced_loop_no_sig,19,98,0.10617551462621884,570.5384615384614,73.00955848884843,570.5384615384614,73.00955848884843,0
per_huruf_hybrid_skeleton_forced_loop_no_sig,19,99,0.10725893824485373,570.6153846153846,73.02730996813837,570.6153846153846,73.02730996813837,0
per_huruf_hybrid_skeleton_forced_loop_no_sig,19,100,0.10834236186348861,570.6923076923077,73.04096495220756,570.6923076923077,73.04096495220756,0
per_huruf_hybrid_skeleton_forced_loop_no_sig,19,101,0.1094257854821235,570.7692307692307,73.04779244424213,570.7692307692307,73.04779244424213,0
per_huruf_hybrid_skeleton_forced_loop_no_sig,19,102,0.11050920910075838,570.8461538461538,73.04506144742831,570.8461538461538,73.04506144742831,0
per_huruf_hybrid_skeleton_forced_loop_no_sig,19,103,0.11159263271939328,570.9230769230769,73.0300409649522,570.9230769230769,73.0300409649522,0
per_huruf_hybrid_skeleton_forced_loop_no_sig,19,104,0.11267605633802816,571.0,73.0,571.0,73.0,0
per_huruf_hybrid_skeleton_forced_loop_no_sig,19,105,0.11375947995666305,571.0769230769232,72.9503868912153,571.0769230769232,72.9503868912153,0
per_huruf_hybrid_skeleton_forced_loop_no_sig,19,106,0.11484290357529793,571.1538461538462,72.88120163859809,571.1538461538462,72.88120163859809,0
per_huruf_hybrid_skeleton_forced_loop_no_sig,19,107,0.11592632719393282,571.2307692307692,72.79654073736911,571.2307692307692,72.79654073736911,0
per_huruf_hybrid_skeleton_forced_loop_no_sig,19,108,0.1170097508125677,571.3076923076923,72.70050068274921,571.3076923076923,72.70050068274921,0
per_huruf_hybrid_skeleton_forced_loop_no_sig,19,109,0.1180931744312026,571.3846153846155,72.59717796995903,571.3846153846155,72.59717796995903,0
per_huruf_hybrid_skeleton_forced_loop_no_sig,19,110,0.11917659804983748,571.4615384615385,72.49066909421938,571.4615384615385,72.49066909421938,0
per_huruf_hybrid_skeleton_forced_loop_no_sig,19,111,0.12026002166847237,571.5384615384615,72.38507055075102,571.5384615384615,72.38507055075102,0
per_huruf_hybrid_skeleton_forced_loop_no_sig,19,112,0.12134344528710725,571.6153846153846,72.28447883477469,571.6153846153846,72.28447883477469,0
per_huruf_hybrid_skeleton_forced_loop_no_sig,19,113,0.12242686890574214,571.6923076923076,72.19299044151114,571.6923076923076,72.19299044151114,0
per_huruf_hybrid_skeleton_forced_loop_no_sig,19,114,0.12351029252437702,571.7692307692307,72.11470186618115,571.7692307692307,72.11470186618115,0
per_huruf_hybrid_skeleton_forced_loop_no_sig,19,115,0.12459371614301191,571.8461538461538,72.05370960400546,571.8461538461538,72.05370960400546,0
per_huruf_hybrid_skeleton_forced_loop_no_sig,19,116,0.1256771397616468,571.9230769230769,72.01411015020483,571.9230769230769,72.01411015020483,0
per_huruf_hybrid_skeleton_forced_loop_no_sig,19,117,0.1267605633802817,572.0,72.0,572.0,72.0,0
per_huruf_hybrid_skeleton_forced_loop_no_sig,19,118,0.12784398699891658,572.0769230769231,72.01411015020483,572.0769230769231,72.01411015020483,0
per_huruf_hybrid_skeleton_forced_loop_no_sig,19,119,0.12892741061755145,572.1538461538462,72.05370960400546,572.1538461538462,72.05370960400546,0
per_huruf_hybrid_skeleton_forced_loop_no_sig,19,120,0.13001083423618634,572.2307692307692,72.11470186618115,572.2307692307692,72.11470186618115,0
per_huruf_hybrid_skeleton_forced_loop_no_sig,19,121,0.13109425785482123,572.3076923076923,72.19299044151114,572.3076923076923,72.19299044151114,0
per_huruf_hybrid_skeleton_forced_loop_no_sig,19,122,0.13217768147345613,572.3846153846155,72.28447883477469,572.3846153846155,72.28447883477469,1
per_huruf_hybrid_skeleton_forced_loop_no_sig,19,123,0.133261105092091,572.4615384615386,72.38507055075102,572.4615384615386,72.38507055075102,0
per_huruf_hybrid_skeleton_forced_loop_no_sig,19,124,0.13434452871072589,572.5384615384615,72.49066909421938,572.5384615384615,72.49066909421938,0
per_huruf_hybrid_skeleton_forced_loop_no_sig,19,125,0.13542795232936078,572.6153846153846,72.59717796995903,572.6153846153846,72.59717796995903,0
per_huruf_hybrid_skeleton_forced_loop_no_sig,19,126,0.13651137594799567,572.6923076923077,72.70050068274921,572.6923076923077,72.70050068274921,0
per_huruf_hybrid_skeleton_forced_loop_no_sig,19,127,0.13759479956663054,572.7692307692307,72.79654073736913,572.7692307692307,72.79654073736913,0
per_huruf_hybrid_skeleton_forced_loop_no_sig,19,128,0.13867822318526543,572.8461538461538,72.88120163859809,572.8461538461538,72.88120163859809,0
per_huruf_hybrid_skeleton_forced_loop_no_sig,19,129,0.13976164680390032,572.9230769230769,72.95038689121529,572.9230769230769,72.95038689121529,0
per_huruf_hybrid_skeleton_forced_loop_no_sig,19,130,0.1408450704225352,573.0,73.0,573.0,73.0,0
per_huruf_hybrid_skeleton_forced_loop_no_sig,19,131,0.14192849404117008,573.0769230769232,73.03277196176606,573.0769230769232,73.03277196176606,0
per_huruf_hybrid_skeleton_forced_loop_no_sig,19,132,0.14301191765980498,573.1538461538463,73.05507510241239,573.1538461538463,73.05507510241239,0
per_huruf_hybrid_skeleton_forced_loop_no_sig,19,133,0.14409534127843987,573.2307692307692,73.06827492034591,573.2307692307692,73.06827492034591,0
per_huruf_hybrid_skeleton_forced_loop_no_sig,19,134,0.14517876489707474,573.3076923076923,73.07373691397359,573.3076923076923,73.07373691397359,0
per_huruf_hybrid_skeleton_forced_loop_no_sig,19,135,0.14626218851570963,573.3846153846155,73.07282658170233,573.3846153846155,73.07282658170233,0
per_huruf_hybrid_skeleton_forced_loop_no_sig,19,136,0.14734561213434452,573.4615384615385,73.06690942193902,573.4615384615385,73.06690942193902,0
per_huruf_hybrid_skeleton_forced_loop_no_sig,19,137,0.14842903575297942,573.5384615384615,73.05735093309058,573.5384615384615,73.05735093309058,0
per_huruf_hybrid_skeleton_forced_loop_no_sig,19,138,0.14951245937161428,573.6153846153846,73.04551661356395,573.6153846153846,73.04551661356395,0
per_huruf_hybrid_skeleton_forced_loop_no_sig,19,139,0.15059588299024917,573.6923076923076,73.03277196176604,573.6923076923076,73.03277196176604,0
per_huruf_hybrid_skeleton_forced_loop_no_sig,19,140,0.15167930660888407,573.7692307692307,73.02048247610378,573.7692307692307,73.02048247610378,0
per_huruf_hybrid_skeleton_forced_loop_no_sig,19,141,0.15276273022751896,573.8461538461539,73.01001365498406,573.8461538461539,73.01001365498406,0
per_huruf_hybrid_skeleton_forced_loop_no_sig,19,142,0.15384615384615383,573.9230769230769,73.00273099681384,573.9230769230769,73.00273099681384,0
per_huruf_hybrid_skeleton_forced_loop_no_sig,19,143,0.15492957746478872,574.0,73.0,574.0,73.0,0
per_huruf_hybrid_skeleton_forced_loop_no_sig,19,144,0.1560130010834236,574.0769230769231,73.00000000000001,574.0769230769231,73.00000000000001,0
per_huruf_hybrid_skeleton_forced_loop_no_sig,19,145,0.1570964247020585,574.1538461538463,73.0,574.1538461538463,73.0,0
per_huruf_hybrid_skeleton_forced_loop_no_sig,19,146,0.15817984832069337,574.2307692307692,72.99999999999999,574.2307692307692,72.99999999999999,0
per_huruf_hybrid_skeleton_forced_loop_no_sig,19,147,0.15926327193932827,574.3076923076923,72.99999999999999,574.3076923076923,72.99999999999999,0
per_huruf_hybrid_skeleton_forced_loop_no_sig,19,148,0.16034669555796316,574.3846153846155,73.0,574.3846153846155,73.0,0
per_huruf_hybrid_skeleton_forced_loop_no_sig,19,149,0.16143011917659805,574.4615384615385,73.0,574.4615384615385,73.0,0
per_huruf_hybrid_skeleton_forced_loop_no_sig,19,150,0.16251354279523292,574.5384615384615,73.0,574.5384615384615,73.0,0
per_huruf_hybrid_skeleton_forced_loop_no_sig,19,151,0.1635969664138678,574.6153846153846,73.0,574.6153846153846,73.0,0
per_huruf_hybrid_skeleton_forced_loop_no_sig,19,152,0.1646803900325027,574.6923076923076,73.0,574.6923076923076,73.0,0
per_huruf_hybrid_skeleton_forced_loop_no_sig,19,153,0.1657638136511376,574.7692307692307,73.0,574.7692307692307,73.0,0
per_huruf_hybrid_skeleton_forced_loop_no_sig,19,154,0.16684723726977246,574.8461538461538,73.0,574.8461538461538,73.0,0
per_huruf_hybrid_skeleton_forced_loop_no_sig,19,155,0.16793066088840736,574.9230769230769,73.0,574.9230769230769,73.0,0
per_huruf_hybrid_skeleton_forced_loop_no_sig,19,156,0.16901408450704225,575.0,73.0,575.0,73.0,0
per_huruf_hybrid_skeleton_forced_loop_no_sig,19,157,0.17009750812567714,575.0769230769232,73.00000000000001,575.0769230769232,73.00000000000001,0
per_huruf_hybrid_skeleton_forced_loop_no_sig,19,158,0.171180931744312,575.1538461538463,73.0,575.1538461538463,73.0,0
per_huruf_hybrid_skeleton_forced_loop_no_sig,19,159,0.1722643553629469,575.230769230769,72.99999999999999,575.230769230769,72.99999999999999,0
per_huruf_hybrid_skeleton_forced_loop_no_sig,19,160,0.1733477789815818,575.3076923076923,72.99999999999999,575.3076923076923,72.99999999999999,0
per_huruf_hybrid_skeleton_forced_loop_no_sig,19,161,0.17443120260021666,575.3846153846155,73.0,575.3846153846155,73.0,0
per_huruf_hybrid_skeleton_forced_loop_no_sig,19,162,0.17551462621885155,575.4615384615385,73.0,575.4615384615385,73.0,0
per_huruf_hybrid_skeleton_forced_loop_no_sig,19,163,0.17659804983748645,575.5384615384615,73.0,575.5384615384615,73.0,0
per_huruf_hybrid_skeleton_forced_loop_no_sig,19,164,0.17768147345612134,575.6153846153846,73.0,575.6153846153846,73.0,0
per_huruf_hybrid_skeleton_forced_loop_no_sig,19,165,0.1787648970747562,575.6923076923076,73.0,575.6923076923076,73.0,0
per_huruf_hybrid_skeleton_forced_loop_no_sig,19,166,0.1798483206933911,575.7692307692307,73.0,575.7692307692307,73.0,0
per_huruf_hybrid_skeleton_forced_loop_no_sig,19,167,0.180931744312026,575.8461538461538,73.0,575.8461538461538,73.0,0
per_huruf_hybrid_skeleton_forced_loop_no_sig,19,168,0.1820151679306609,575.9230769230769,73.0,575.9230769230769,73.0,0
per_huruf_hybrid_skeleton_forced_loop_no_sig,19,169,0.18309859154929575,576.0,73.0,576.0,73.0,0
per_huruf_hybrid_skeleton_forced_loop_no_sig,19,170,0.18418201516793065,576.0769230769232,73.00000000000001,576.0769230769232,73.00000000000001,0
per_huruf_hybrid_skeleton_forced_loop_no_sig,19,171,0.18526543878656554,576.1538461538462,73.0,576.1538461538462,73.0,0
per_huruf_hybrid_skeleton_forced_loop_no_sig,19,172,0.18634886240520043,576.2307692307692,72.99999999999999,576.2307692307692,72.99999999999999,0
per_huruf_hybrid_skeleton_forced_loop_no_sig,19,173,0.1874322860238353,576.3076923076923,72.99999999999999,576.3076923076923,72.99999999999999,0
per_huruf_hybrid_skeleton_forced_loop_no_sig,19,174,0.1885157096424702,576.3846153846155,73.0,576.3846153846155,73.0,0
per_huruf_hybrid_skeleton_forced_loop_no_sig,19,175,0.18959913326110509,576.4615384615386,73.0,576.4615384615386,73.0,0
per_huruf_hybrid_skeleton_forced_loop_no_sig,19,176,0.19068255687973998,576.5384615384615,73.0,576.5384615384615,73.0,0
per_huruf_hybrid_skeleton_forced_loop_no_sig,19,177,0.19176598049837484,576.6153846153846,73.0,576.6153846153846,73.0,0
per_huruf_hybrid_skeleton_forced_loop_no_sig,19,178,0.19284940411700974,576.6923076923077,73.0,576.6923076923077,73.0,0
per_huruf_hybrid_skeleton_forced_loop_no_sig,19,179,0.19393282773564463,576.7692307692307,73.0,576.7692307692307,73.0,0
per_huruf_hybrid_skeleton_forced_loop_no_sig,19,180,0.19501625135427952,576.8461538461538,73.0,576.8461538461538,73.0,1
per_huruf_hybrid_skeleton_forced_loop_no_sig,19,181,0.1960996749729144,576.9230769230769,73.0,576.9230769230769,73.0,0
per_huruf_hybrid_skeleton_forced_loop_no_sig,19,182,0.19718309859154928,577.0,73.0,577.0,73.0,0
per_huruf_hybrid_skeleton_forced_loop_no_sig,19,183,0.19826652221018418,577.0769230769231,73.00000000000001,577.0769230769231,73.00000000000001,0
per_huruf_hybrid_skeleton_forced_loop_no_sig,19,184,0.19934994582881907,577.1538461538462,73.0,577.1538461538462,73.0,0
per_huruf_hybrid_skeleton_forced_loop_no_sig,19,185,0.20043336944745394,577.2307692307692,72.99999999999999,577.2307692307692,72.99999999999999,0
per_huruf_hybrid_skeleton_forced_loop_no_sig,19,186,0.20151679306608883,577.3076923076923,72.99999999999999,577.3076923076923,72.99999999999999,0
per_huruf_hybrid_skeleton_forced_loop_no_sig,19,187,0.20260021668472372,577.3846153846154,73.0,577.3846153846154,73.0,0
per_huruf_hybrid_skeleton_forced_loop_no_sig,19,188,0.20368364030335862,577.4615384615386,73.0,577.4615384615386,73.0,0
per_huruf_hybrid_skeleton_forced_loop_no_sig,19,189,0.20476706392199348,577.5384615384615,73.0,577.5384615384615,73.0,0
per_huruf_hybrid_skeleton_forced_loop_no_sig,19,190,0.20585048754062837,577.6153846153846,73.0,577.6153846153846,73.0,0
per_huruf_hybrid_skeleton_forced_loop_no_sig,19,191,0.20693391115926327,577.6923076923076,73.0,577.6923076923076,73.0,0
per_huruf_hybrid_skeleton_forced_loop_no_sig,19,192,0.20801733477789813,577.7692307692307,73.0,577.7692307692307,73.0,0
per_huruf_hybrid_skeleton_forced_loop_no_sig,19,193,0.20910075839653303,577.8461538461538,73.0,577.8461538461538,73.0,0
per_huruf_hybrid_skeleton_forced_loop_no_sig,19,194,0.21018418201516792,577.9230769230769,73.0,577.9230769230769,73.0,0
per_huruf_hybrid_skeleton_forced_loop_no_sig,19,195,0.2112676056338028,578.0,73.0,578.0,73.0,0
per_huruf_hybrid_skeleton_forced_loop_no_sig,19,196,0.21235102925243768,578.0769230769232,73.00000000000001,578.0769230769232,73.00000000000001,0
per_huruf_hybrid_skeleton_forced_loop_no_sig,19,197,0.21343445287107257,578.1538461538462,73.0,578.1538461538462,73.0,0
per_huruf_hybrid_skeleton_forced_loop_no_sig,19,198,0.21451787648970747,578.2307692307692,72.99999999999999,578.2307692307692,72.99999999999999,0
per_huruf_hybrid_skeleton_forced_loop_no_sig,19,199,0.21560130010834236,578.3076923076923,72.99999999999999,578.3076923076923,72.99999999999999,0
per_huruf_hybrid_skeleton_forced_loop_no_sig,19,200,0.21668472372697722,578.3846153846155,73.0,578.3846153846155,73.0,0
per_huruf_hybrid_skeleton_forced_loop_no_sig,19,201,0.21776814734561212,578.4615384615385,73.0,578.4615384615385,73.0,0
per_huruf_hybrid_skeleton_forced_loop_no_sig,19,202,0.218851570964247,578.5384615384615,73.0,578.5384615384615,73.0,0
per_huruf_hybrid_skeleton_forced_loop_no_sig,19,203,0.2199349945828819,578.6153846153846,73.0,578.6153846153846,73.0,0
per_huruf_hybrid_skeleton_forced_loop_no_sig,19,204,0.22101841820151677,578.6923076923076,73.0,578.6923076923076,73.0,0
per_huruf_hybrid_skeleton_forced_loop_no_sig,19,205,0.22210184182015166,578.7692307692307,73.0,578.7692307692307,73.0,0
per_huruf_hybrid_skeleton_forced_loop_no_sig,19,206,0.22318526543878656,578.8461538461538,73.0,578.8461538461538,73.0,0
per_huruf_hybrid_skeleton_forced_loop_no_sig,19,207,0.22426868905742145,578.9230769230769,73.0,578.9230769230769,73.0,0
per_huruf_hybrid_skeleton_forced_loop_no_sig,19,208,0.22535211267605632,579.0,73.0,579.0,73.0,0
per_huruf_hybrid_skeleton_forced_loop_no_sig,19,209,0.2264355362946912,579.0769230769231,73.00000000000001,579.0769230769231,73.00000000000001,0
per_huruf_hybrid_skeleton_forced_loop_no_sig,19,210,0.2275189599133261,579.1538461538462,73.0,579.1538461538462,73.0,0
per_huruf_hybrid_skeleton_forced_loop_no_sig,19,211,0.228602383531961,579.2307692307692,72.99999999999999,579.2307692307692,72.99999999999999,0
per_huruf_hybrid_skeleton_forced_loop_no_sig,19,212,0.22968580715059586,579.3076923076924,72.99999999999999,579.3076923076924,72.99999999999999,0
per_huruf_hybrid_skeleton_forced_loop_no_sig,19,213,0.23076923076923075,579.3846153846154,73.0,579.3846153846154,73.0,0
per_huruf_hybrid_skeleton_forced_loop_no_sig,19,214,0.23185265438786565,579.4615384615386,73.0,579.4615384615386,73.0,0
per_huruf_hybrid_skeleton_forced_loop_no_sig,19,215,0.23293607800650054,579.5384615384615,73.0,579.5384615384615,73.0,0
per_huruf_hybrid_skeleton_forced_loop_no_sig,19,216,0.2340195016251354,579.6153846153846,73.0,579.6153846153846,73.0,0
per_huruf_hybrid_skeleton_forced_loop_no_sig,19,217,0.2351029252437703,579.6923076923076,73.0,579.6923076923076,73.0,0
per_huruf_hybrid_skeleton_forced_loop_no_sig,19,218,0.2361863488624052,579.7692307692307,73.0,579.7692307692307,73.0,0
per_huruf_hybrid_skeleton_forced_loop_no_sig,19,219,0.2372697724810401,579.8461538461538,73.0,579.8461538461538,73.0,0
per_huruf_hybrid_skeleton_forced_loop_no_sig,19,220,0.23835319609967495,579.9230769230769,73.0,579.9230769230769,73.0,0
per_huruf_hybrid_skeleton_forced_loop_no_sig,19,221,0.23943661971830985,580.0,73.0,580.0,73.0,0
per_huruf_hybrid_skeleton_forced_loop_no_sig,19,222,0.24052004333694474,580.0769230769231,73.00000000000001,580.0769230769231,73.00000000000001,0
per_huruf_hybrid_skeleton_forced_loop_no_sig,19,223,0.24160346695557963,580.1538461538462,73.0,580.1538461538462,73.0,0
per_huruf_hybrid_skeleton_forced_loop_no_sig,19,224,0.2426868905742145,580.2307692307692,72.99999999999999,580.2307692307692,72.99999999999999,0
per_huruf_hybrid_skeleton_forced_loop_no_sig,19,225,0.2437703141928494,580.3076923076923,72.99999999999999,580.3076923076923,72.99999999999999,0
per_huruf_hybrid_skeleton_forced_loop_no_sig,19,226,0.24485373781148428,580.3846153846155,73.0,580.3846153846155,73.0,0
per_huruf_hybrid_skeleton_forced_loop_no_sig,19,227,0.24593716143011915,580.4615384615385,73.0,580.4615384615385,73.0,0
per_huruf_hybrid_skeleton_forced_loop_no_sig,19,228,0.24702058504875404,580.5384615384615,73.0,580.5384615384615,73.0,0
per_huruf_hybrid_skeleton_forced_loop_no_sig,19,229,0.24810400866738894,580.6153846153846,73.0,580.6153846153846,73.0,0
per_huruf_hybrid_skeleton_forced_loop_no_sig,19,230,0.24918743228602383,580.6923076923076,73.0,580.6923076923076,73.0,0
per_huruf_hybrid_skeleton_forced_loop_no_sig,19,231,0.2502708559046587,580.7692307692307,73.0,580.7692307692307,73.0,0
per_huruf_hybrid_skeleton_forced_loop_no_sig,19,232,0.2513542795232936,580.8461538461538,73.0,580.8461538461538,73.0,0
per_huruf_hybrid_skeleton_forced_loop_no_sig,19,233,0.2524377031419285,580.9230769230769,73.0,580.9230769230769,73.0,0
per_huruf_hybrid_skeleton_forced_loop_no_sig,19,234,0.2535211267605634,581.0,73.0,581.0,73.0,0
per_huruf_hybrid_skeleton_forced_loop_no_sig,19,235,0.25460455037919827,581.0769230769232,73.00000000000001,581.0769230769232,73.00000000000001,0
per_huruf_hybrid_skeleton_forced_loop_no_sig,19,236,0.25568797399783316,581.1538461538462,73.0,581.1538461538462,73.0,0
per_huruf_hybrid_skeleton_forced_loop_no_sig,19,237,0.256771397616468,581.2307692307693,72.99999999999999,581.2307692307693,72.99999999999999,0
per_huruf_hybrid_skeleton_forced_loop_no_sig,19,238,0.2578548212351029,581.3076923076923,72.99999999999999,581.3076923076923,72.99999999999999,0
per_huruf_hybrid_skeleton_forced_loop_no_sig,19,239,0.2589382448537378,581.3846153846154,73.0,581.3846153846154,73.0,0
per_huruf_hybrid_skeleton_forced_loop_no_sig,19,240,0.2600216684723727,581.4615384615385,73.0,581.4615384615385,73.0,0
per_huruf_hybrid_skeleton_forced_loop_no_sig,19,241,0.2611050920910076,581.5384615384614,73.0,581.5384615384614,73.0,0
per_huruf_hybrid_skeleton_forced_loop_no_sig,19,242,0.26218851570964247,581.6153846153846,73.0,581.6153846153846,73.0,0
per_huruf_hybrid_skeleton_forced_loop_no_sig,19,243,0.26327193932827736,581.6923076923076,73.0,581.6923076923076,73.0,0
per_huruf_hybrid_skeleton_forced_loop_no_sig,19,244,0.26435536294691225,581.7692307692307,73.0,581.7692307692307,73.0,0
per_huruf_hybrid_skeleton_forced_loop_no_sig,19,245,0.2654387865655471,581.8461538461538,73.0,581.8461538461538,73.0,0
per_huruf_hybrid_skeleton_forced_loop_no_sig,19,246,0.266522210184182,581.9230769230769,73.0,581.9230769230769,73.0,0
per_huruf_hybrid_skeleton_forced_loop_no_sig,19,247,0.2676056338028169,582.0,73.0,582.0,73.0,0
per_huruf_hybrid_skeleton_forced_loop_no_sig,19,248,0.26868905742145177,582.0769230769231,73.00273099681385,582.0769230769231,73.00273099681385,0
per_huruf_hybrid_skeleton_forced_loop_no_sig,19,249,0.26977248104008666,582.1538461538462,73.01001365498408,582.1538461538462,73.01001365498408,0
per_huruf_hybrid_skeleton_forced_loop_no_sig,19,250,0.27085590465872156,582.2307692307692,73.02048247610377,582.2307692307692,73.02048247610377,0
per_huruf_hybrid_skeleton_forced_loop_no_sig,19,251,0.27193932827735645,582.3076923076923,73.03277196176603,582.3076923076923,73.03277196176603,0
per_huruf_hybrid_skeleton_forced_loop_no_sig,19,252,0.27302275189599134,582.3846153846154,73.04551661356395,582.3846153846154,73.04551661356395,0
per_huruf_hybrid_skeleton_forced_loop_no_sig,19,253,0.2741061755146262,582.4615384615385,73.05735093309058,582.4615384615385,73.05735093309058,0
per_huruf_hybrid_skeleton_forced_loop_no_sig,19,254,0.2751895991332611,582.5384615384615,73.06690942193902,582.5384615384615,73.06690942193902,0
per_huruf_hybrid_skeleton_forced_loop_no_sig,19,255,0.27627302275189597,582.6153846153846,73.07282658170233,582.6153846153846,73.07282658170233,0
per_huruf_hybrid_skeleton_forced_loop_no_sig,19,256,0.27735644637053086,582.6923076923076,73.07373691397359,582.6923076923076,73.07373691397359,0
per_huruf_hybrid_skeleton_forced_loop_no_sig,19,257,0.27843986998916576,582.7692307692307,73.06827492034591,582.7692307692307,73.06827492034591,0
per_huruf_hybrid_skeleton_forced_loop_no_sig,19,258,0.27952329360780065,582.8461538461538,73.05507510241239,582.8461538461538,73.05507510241239,0
per_huruf_hybrid_skeleton_forced_loop_no_sig,19,259,0.28060671722643554,582.9230769230769,73.03277196176604,582.9230769230769,73.03277196176604,0
per_huruf_hybrid_skeleton_forced_loop_no_sig,19,260,0.2816901408450704,583.0,73.0,583.0,73.0,0
per_huruf_hybrid_skeleton_forced_loop_no_sig,19,261,0.2827735644637053,583.0769230769232,72.95311788802914,583.0769230769232,72.95311788802914,0
per_huruf_hybrid_skeleton_forced_loop_no_sig,19,262,0.28385698808234017,583.1538461538462,72.89121529358216,583.1538461538462,72.89121529358216,0
per_huruf_hybrid_skeleton_forced_loop_no_sig,19,263,0.28494041170097506,583.2307692307692,72.8170232134729,583.2307692307692,72.8170232134729,0
per_huruf_hybrid_skeleton_forced_loop_no_sig,19,264,0.28602383531960995,583.3076923076923,72.73327264451525,583.3076923076923,72.73327264451525,0
per_huruf_hybrid_skeleton_forced_loop_no_sig,19,265,0.28710725893824485,583.3846153846155,72.642694583523,583.3846153846155,72.642694583523,0
per_huruf_hybrid_skeleton_forced_loop_no_sig,19,266,0.28819068255687974,583.4615384615385,72.54802002730996,583.4615384615385,72.54802002730996,0
per_huruf_hybrid_skeleton_forced_loop_no_sig,19,267,0.28927410617551463,583.5384615384615,72.45197997269003,583.5384615384615,72.45197997269003,0
per_huruf_hybrid_skeleton_forced_loop_no_sig,19,268,0.29035752979414947,583.6153846153846,72.35730541647702,583.6153846153846,72.35730541647702,0
per_huruf_hybrid_skeleton_forced_loop_no_sig,19,269,0.29144095341278436,583.6923076923076,72.26672735548475,583.6923076923076,72.26672735548475,0
per_huruf_hybrid_skeleton_forced_loop_no_sig,19,270,0.29252437703141926,583.7692307692307,72.18297678652708,583.7692307692307,72.18297678652708,0
per_huruf_hybrid_skeleton_forced_loop_no_sig,19,271,0.29360780065005415,583.8461538461538,72.10878470641785,583.8461538461538,72.10878470641785,0
per_huruf_hybrid_skeleton_forced_loop_no_sig,19,272,0.29469122426868904,583.9230769230769,72.04688211197087,583.9230769230769,72.04688211197087,0
per_huruf_hybrid_skeleton_forced_loop_no_sig,19,273,0.29577464788732394,584.0,72.0,584.0,72.0,0
per_huruf_hybrid_skeleton_forced_loop_no_sig,19,274,0.29685807150595883,584.0769230769232,71.96995903504781,584.0769230769232,71.96995903504781,0
per_huruf_hybrid_skeleton_forced_loop_no_sig,19,275,0.2979414951245937,584.1538461538462,71.9549385525717,584.1538461538462,71.9549385525717,0
per_huruf_hybrid_skeleton_forced_loop_no_sig,19,276,0.29902491874322856,584.2307692307692,71.95220755575784,584.2307692307692,71.95220755575784,0
per_huruf_hybrid_skeleton_forced_loop_no_sig,19,277,0.30010834236186346,584.3076923076924,71.95903504779244,584.3076923076924,71.95903504779244,0
per_huruf_hybrid_skeleton_forced_loop_no_sig,19,278,0.30119176598049835,584.3846153846155,71.97269003186163,584.3846153846155,71.97269003186163,0
per_huruf_hybrid_skeleton_forced_loop_no_sig,19,279,0.30227518959913324,584.4615384615386,71.99044151115156,584.4615384615386,71.99044151115156,0
per_huruf_hybrid_skeleton_forced_loop_no_sig,19,280,0.30335861321776814,584.5384615384615,72.00955848884843,584.5384615384615,72.00955848884843,0
per_huruf_hybrid_skeleton_forced_loop_no_sig,19,281,0.30444203683640303,584.6153846153846,72.02730996813837,584.6153846153846,72.02730996813837,0
per_huruf_hybrid_skeleton_forced_loop_no_sig,19,282,0.3055254604550379,584.6923076923076,72.04096495220755,584.6923076923076,72.04096495220755,0
per_huruf_hybrid_skeleton_forced_loop_no_sig,19,283,0.3066088840736728,584.7692307692307,72.04779244424213,584.7692307692307,72.04779244424213,0
per_huruf_hybrid_skeleton_forced_loop_no_sig,19,284,0.30769230769230765,584.8461538461538,72.04506144742831,584.8461538461538,72.04506144742831,0
per_huruf_hybrid_skeleton_forced_loop_no_sig,19,285,0.30877573131094255,584.9230769230769,72.0300409649522,584.9230769230769,72.0300409649522,0
per_huruf_hybrid_skeleton_forced_loop_no_sig,19,286,0.30985915492957744,585.0,72.0,585.0,72.0,0
per_huruf_hybrid_skeleton_forced_loop_no_sig,19,287,0.31094257854821233,585.0769230769231,71.955848884843,585.0769230769231,71.955848884843,0
per_huruf_hybrid_skeleton_forced_loop_no_sig,19,288,0.3120260021668472,585.1538461538462,71.90122894856624,585.1538461538462,71.90122894856624,0
per_huruf_hybrid_skeleton_forced_loop_no_sig,19,289,0.3131094257854821,585.230769230769,71.83750568957667,585.230769230769,71.83750568957667,0
per_huruf_hybrid_skeleton_forced_loop_no_sig,19,290,0.314192849404117,585.3076923076923,71.76604460628128,585.3076923076923,71.76604460628128,0
per_huruf_hybrid_skeleton_forced_loop_no_sig,19,291,0.31527627302275185,585.3846153846154,71.68821119708693,585.3846153846154,71.68821119708693,0
per_huruf_hybrid_skeleton_forced_loop_no_sig,19,292,0.31635969664138675,585.4615384615386,71.60537096040053,585.4615384615386,71.60537096040053,0
per_huruf_hybrid_skeleton_forced_loop_no_sig,19,293,0.31744312026002164,585.5384615384615,71.51888939462904,585.5384615384615,71.51888939462904,0
per_huruf_hybrid_skeleton_forced_loop_no_sig,19,294,0.31852654387865653,585.6153846153846,71.43013199817933,585.6153846153846,71.43013199817933,0
per_huruf_hybrid_skeleton_forced_loop_no_sig,19,295,0.3196099674972914,585.6923076923076,71.34046426945835,585.6923076923076,71.34046426945835,0
per_huruf_hybrid_skeleton_forced_loop_no_sig,19,296,0.3206933911159263,585.7692307692307,71.251251706873,585.7692307692307,71.251251706873,0
per_huruf_hybrid_skeleton_forced_loop_no_sig,19,297,0.3217768147345612,585.8461538461538,71.16385980883022,585.8461538461538,71.16385980883022,0
per_huruf_hybrid_skeleton_forced_loop_no_sig,19,298,0.3228602383531961,585.9230769230769,71.07965407373692,585.9230769230769,71.07965407373692,0
per_huruf_hybrid_skeleton_forced_loop_no_sig,19,299,0.32394366197183094,586.0,71.0,586.0,71.0,0
per_huruf_hybrid_skeleton_forced_loop_no_sig,19,300,0.32502708559046584,586.0769230769232,70.92307692307693,586.0769230769232,70.92307692307693,0
per_huruf_hybrid_skeleton_forced_loop_no_sig,19,301,0.32611050920910073,586.1538461538463,70.84615384615385,586.1538461538463,70.84615384615385,0
per_huruf_hybrid_skeleton_forced_loop_no_sig,19,302,0.3271939328277356,586.2307692307692,70.76923076923076,586.2307692307692,70.76923076923076,0
per_huruf_hybrid_skeleton_forced_loop_no_sig,19,303,0.3282773564463705,586.3076923076923,70.69230769230768,586.3076923076923,70.69230769230768,0
per_huruf_hybrid_skeleton_forced_loop_no_sig,19,304,0.3293607800650054,586.3846153846155,70.61538461538463,586.3846153846155,70.61538461538463,0
per_huruf_hybrid_skeleton_forced_loop_no_sig,19,305,0.3304442036836403,586.4615384615386,70.53846153846155,586.4615384615386,70.53846153846155,0
per_huruf_hybrid_skeleton_forced_loop_no_sig,19,306,0.3315276273022752,586.5384615384615,70.46153846153845,586.5384615384615,70.46153846153845,0
per_huruf_hybrid_skeleton_forced_loop_no_sig,19,307,0.33261105092091003,586.6153846153845,70.38461538461539,586.6153846153845,70.38461538461539,0
per_huruf_hybrid_skeleton_forced_loop_no_sig,19,308,0.3336944745395449,586.6923076923076,70.3076923076923,586.6923076923076,70.3076923076923,0
per_huruf_hybrid_skeleton_forced_loop_no_sig,19,309,0.3347778981581798,586.7692307692307,70.23076923076923,586.7692307692307,70.23076923076923,0
per_huruf_hybrid_skeleton_forced_loop_no_sig,19,310,0.3358613217768147,586.8461538461538,70.15384615384616,586.8461538461538,70.15384615384616,0
per_huruf_hybrid_skeleton_forced_loop_no_sig,19,311,0.3369447453954496,586.9230769230769,70.07692307692308,586.9230769230769,70.07692307692308,0
per_huruf_hybrid_skeleton_forced_loop_no_sig,19,312,0.3380281690140845,587.0,70.0,587.0,70.0,0
per_huruf_hybrid_skeleton_forced_loop_no_sig,19,313,0.3391115926327194,587.0796540737371,69.92307692307695,587.0796540737371,69.92307692307695,0
per_huruf_hybrid_skeleton_forced_loop_no_sig,19,314,0.3401950162513543,587.1638598088304,69.84615384615384,587.1638598088304,69.84615384615384,0
per_huruf_hybrid_skeleton_forced_loop_no_sig,19,315,0.3412784398699891,587.251251706873,69.76923076923076,587.251251706873,69.76923076923076,0
per_huruf_hybrid_skeleton_forced_loop_no_sig,19,316,0.342361863488624,587.3404642694583,69.69230769230768,587.3404642694583,69.69230769230768,0
per_huruf_hybrid_skeleton_forced_loop_no_sig,19,317,0.3434452871072589,587.4301319981794,69.61538461538461,587.4301319981794,69.61538461538461,0
per_huruf_hybrid_skeleton_forced_loop_no_sig,19,318,0.3445287107258938,587.5188893946291,69.53846153846155,587.5188893946291,69.53846153846155,0
per_huruf_hybrid_skeleton_forced_loop_no_sig,19,319,0.3456121343445287,587.6053709604006,69.46153846153847,587.6053709604006,69.46153846153847,0
per_huruf_hybrid_skeleton_forced_loop_no_sig,19,320,0.3466955579631636,587.688211197087,69.38461538461539,587.688211197087,69.38461538461539,0
per_huruf_hybrid_skeleton_forced_loop_no_sig,19,321,0.3477789815817985,587.7660446062814,69.3076923076923,587.7660446062814,69.3076923076923,0
per_huruf_hybrid_skeleton_forced_loop_no_sig,19,322,0.3488624052004333,587.8375056895766,69.23076923076923,587.8375056895766,69.23076923076923,0
per_huruf_hybrid_skeleton_forced_loop_no_sig,19,323,0.3499458288190682,587.9012289485662,69.15384615384616,587.9012289485662,69.15384615384616,0
per_huruf_hybrid_skeleton_forced_loop_no_sig,19,324,0.3510292524377031,587.9558488848429,69.07692307692308,587.9558488848429,69.07692307692308,0
per_huruf_hybrid_skeleton_forced_loop_no_sig,19,325,0.352112676056338,588.0,69.0,588.0,69.0,0
per_huruf_hybrid_skeleton_forced_loop_no_sig,19,326,0.3531960996749729,588.0327719617661,68.92307692307692,588.0327719617661,68.92307692307692,0
per_huruf_hybrid_skeleton_forced_loop_no_sig,19,327,0.3542795232936078,588.0550751024124,68.84615384615385,588.0550751024124,68.84615384615385,0
per_huruf_hybrid_skeleton_forced_loop_no_sig,19,328,0.3553629469122427,588.0682749203457,68.76923076923076,588.0682749203457,68.76923076923076,0
per_huruf_hybrid_skeleton_forced_loop_no_sig,19,329,0.3564463705308776,588.0737369139734,68.6923076923077,588.0737369139734,68.6923076923077,0
per_huruf_hybrid_skeleton_forced_loop_no_sig,19,330,0.3575297941495124,588.0728265817023,68.61538461538463,588.0728265817023,68.61538461538463,0
per_huruf_hybrid_skeleton_forced_loop_no_sig,19,331,0.3586132177681473,588.066909421939,68.53846153846155,588.066909421939,68.53846153846155,0
per_huruf_hybrid_skeleton_forced_loop_no_sig,19,332,0.3596966413867822,588.0573509330906,68.46153846153847,588.0573509330906,68.46153846153847,0
per_huruf_hybrid_skeleton_forced_loop_no_sig,19,333,0.3607800650054171,588.0455166135639,68.38461538461539,588.0455166135639,68.38461538461539,0
per_huruf_hybrid_skeleton_forced_loop_no_sig,19,334,0.361863488624052,588.032771961766,68.30769230769229,588.032771961766,68.30769230769229,0
per_huruf_hybrid_skeleton_forced_loop_no_sig,19,335,0.3629469122426869,588.0204824761038,68.23076923076923,588.0204824761038,68.23076923076923,0
per_huruf_hybrid_skeleton_forced_loop_no_sig,19,336,0.3640303358613218,588.010013654984,68.15384615384616,588.010013654984,68.15384615384616,0
per_huruf_hybrid_skeleton_forced_loop_no_sig,19,337,0.36511375947995667,588.0027309968139,68.07692307692308,588.0027309968139,68.07692307692308,0
per_huruf_hybrid_skeleton_forced_loop_no_sig,19,338,0.3661971830985915,588.0,68.0,588.0,68.0,0
per_huruf_hybrid_skeleton_forced_loop_no_sig,19,339,0.3672806067172264,588.0,67.92307692307693,588.0,67.92307692307693,0
per_huruf_hybrid_skeleton_forced_loop_no_sig,19,340,0.3683640303358613,588.0,67.84615384615385,588.0,67.84615384615385,0
per_huruf_hybrid_skeleton_forced_loop_no_sig,19,341,0.3694474539544962,587.9999999999999,67.76923076923076,587.9999999999999,67.76923076923076,0
per_huruf_hybrid_skeleton_forced_loop_no_sig,19,342,0.3705308775731311,587.9999999999999,67.69230769230768,587.9999999999999,67.69230769230768,0
per_huruf_hybrid_skeleton_forced_loop_no_sig,19,343,0.37161430119176597,588.0,67.61538461538463,588.0,67.61538461538463,0
per_huruf_hybrid_skeleton_forced_loop_no_sig,19,344,0.37269772481040087,588.0000000000001,67.53846153846155,588.0000000000001,67.53846153846155,0
per_huruf_hybrid_skeleton_forced_loop_no_sig,19,345,0.37378114842903576,588.0,67.46153846153845,588.0,67.46153846153845,0
per_huruf_hybrid_skeleton_forced_loop_no_sig,19,346,0.3748645720476706,588.0,67.38461538461539,588.0,67.38461538461539,0
per_huruf_hybrid_skeleton_forced_loop_no_sig,19,347,0.3759479956663055,588.0,67.3076923076923,588.0,67.3076923076923,0
per_huruf_hybrid_skeleton_forced_loop_no_sig,19,348,0.3770314192849404,588.0,67.23076923076923,588.0,67.23076923076923,0
per_huruf_hybrid_skeleton_forced_loop_no_sig,19,349,0.3781148429035753,588.0,67.15384615384616,588.0,67.15384615384616,0
per_huruf_hybrid_skeleton_forced_loop_no_sig,19,350,0.37919826652221017,588.0,67.07692307692308,588.0,67.07692307692308,0
per_huruf_hybrid_skeleton_forced_loop_no_sig,19,351,0.38028169014084506,588.0,67.0,588.0,67.0,0
per_huruf_hybrid_skeleton_forced_loop_no_sig,19,352,0.38136511375947996,588.0,66.92307692307693,588.0,66.92307692307693,0
per_huruf_hybrid_skeleton_forced_loop_no_sig,19,353,0.3824485373781148,588.0,66.84615384615385,588.0,66.84615384615385,0
per_huruf_hybrid_skeleton_forced_loop_no_sig,19,354,0.3835319609967497,587.9999999999999,66.76923076923076,587.9999999999999,66.76923076923076,0
per_huruf_hybrid_skeleton_forced_loop_no_sig,19,355,0.3846153846153846,587.9999999999999,66.69230769230768,587.9999999999999,66.69230769230768,0
per_huruf_hybrid_skeleton_forced_loop_no_sig,19,356,0.3856988082340195,588.0,66.61538461538463,588.0,66.61538461538463,0
per_huruf_hybrid_skeleton_forced_loop_no_sig,19,357,0.38678223185265437,588.0000000000001,66.53846153846155,588.0000000000001,66.53846153846155,0
per_huruf_hybrid_skeleton_forced_loop_no_sig,19,358,0.38786565547128926,588.0,66.46153846153847,588.0,66.46153846153847,0
per_huruf_hybrid_skeleton_forced_loop_no_sig,19,359,0.38894907908992415,588.0,66.38461538461539,588.0,66.38461538461539,0
per_huruf_hybrid_skeleton_forced_loop_no_sig,19,360,0.39003250270855905,588.0,66.3076923076923,588.0,66.3076923076923,0
per_huruf_hybrid_skeleton_forced_loop_no_sig,19,361,0.3911159263271939,588.0,66.23076923076923,588.0,66.23076923076923,0
per_huruf_hybrid_skeleton_forced_loop_no_sig,19,362,0.3921993499458288,588.0,66.15384615384616,588.0,66.15384615384616,0
per_huruf_hybrid_skeleton_forced_loop_no_sig,19,363,0.3932827735644637,588.0,66.07692307692308,588.0,66.07692307692308,0
per_huruf_hybrid_skeleton_forced_loop_no_sig,19,364,0.39436619718309857,588.0,66.0,588.0,66.0,0
per_huruf_hybrid_skeleton_forced_loop_no_sig,19,365,0.39544962080173346,588.0027309968139,65.92307692307693,588.0027309968139,65.92307692307693,0
per_huruf_hybrid_skeleton_forced_loop_no_sig,19,366,0.39653304442036835,588.0100136549842,65.84615384615385,588.0100136549842,65.84615384615385,0
per_huruf_hybrid_skeleton_forced_loop_no_sig,19,367,0.39761646803900325,588.0204824761037,65.76923076923077,588.0204824761037,65.76923076923077,0
per_huruf_hybrid_skeleton_forced_loop_no_sig,19,368,0.39869989165763814,588.0327719617659,65.6923076923077,588.0327719617659,65.6923076923077,0
per_huruf_hybrid_skeleton_forced_loop_no_sig,19,369,0.399783315276273,588.0455166135639,65.61538461538461,588.0455166135639,65.61538461538461,0
per_huruf_hybrid_skeleton_forced_loop_no_sig,19,370,0.40086673889490787,588.0573509330907,65.53846153846153,588.0573509330907,65.53846153846153,0
per_huruf_hybrid_skeleton_forced_loop_no_sig,19,371,0.40195016251354276,588.066909421939,65.46153846153847,588.066909421939,65.46153846153847,0
per_huruf_hybrid_skeleton_forced_loop_no_sig,19,372,0.40303358613217766,588.0728265817023,65.38461538461539,588.0728265817023,65.38461538461539,0
per_huruf_hybrid_skeleton_forced_loop_no_sig,19,373,0.40411700975081255,588.0737369139736,65.3076923076923,588.0737369139736,65.3076923076923,0
per_huruf_hybrid_skeleton_forced_loop_no_sig,19,374,0.40520043336944744,588.0682749203459,65.23076923076923,588.0682749203459,65.23076923076923,0
per_huruf_hybrid_skeleton_forced_loop_no_sig,19,375,0.40628385698808234,588.0550751024124,65.15384615384616,588.0550751024124,65.15384615384616,0
per_huruf_hybrid_skeleton_forced_loop_no_sig,19,376,0.40736728060671723,588.032771961766,65.07692307692307,588.032771961766,65.07692307692307,0
per_huruf_hybrid_skeleton_forced_loop_no_sig,19,377,0.40845070422535207,588.0,65.0,588.0,65.0,0
per_huruf_hybrid_skeleton_forced_loop_no_sig,19,378,0.40953412784398696,587.9531178880292,64.92307692307693,587.9531178880292,64.92307692307693,0
per_huruf_hybrid_skeleton_forced_loop_no_sig,19,379,0.41061755146262185,587.8912152935823,64.84615384615385,587.8912152935823,64.84615384615385,0
per_huruf_hybrid_skeleton_forced_loop_no_sig,19,380,0.41170097508125675,587.8170232134729,64.76923076923076,587.8170232134729,64.76923076923076,0
per_huruf_hybrid_skeleton_forced_loop_no_sig,19,381,0.41278439869989164,587.7332726445152,64.6923076923077,587.7332726445152,64.6923076923077,0
per_huruf_hybrid_skeleton_forced_loop_no_sig,19,382,0.41386782231852653,587.6426945835229,64.61538461538463,587.6426945835229,64.61538461538463,0
per_huruf_hybrid_skeleton_forced_loop_no_sig,19,383,0.41495124593716143,587.54802002731,64.53846153846155,587.54802002731,64.53846153846155,0
per_huruf_hybrid_skeleton_forced_loop_no_sig,19,384,0.41603466955579627,587.4519799726901,64.46153846153847,587.4519799726901,64.46153846153847,0
per_huruf_hybrid_skeleton_forced_loop_no_sig,19,385,0.41711809317443116,587.357305416477,64.38461538461539,587.357305416477,64.38461538461539,0
per_huruf_hybrid_skeleton_forced_loop_no_sig,19,386,0.41820151679306605,587.2667273554847,64.3076923076923,587.2667273554847,64.3076923076923,0
per_huruf_hybrid_skeleton_forced_loop_no_sig,19,387,0.41928494041170095,587.182976786527,64.23076923076923,587.182976786527,64.23076923076923,0
per_huruf_hybrid_skeleton_forced_loop_no_sig,19,388,0.42036836403033584,587.1087847064179,64.15384615384616,587.1087847064179,64.15384615384616,0
per_huruf_hybrid_skeleton_forced_loop_no_sig,19,389,0.42145178764897073,587.0468821119708,64.07692307692307,587.0468821119708,64.07692307692307,0
per_huruf_hybrid_skeleton_forced_loop_no_sig,19,390,0.4225352112676056,587.0,64.0,587.0,64.0,0
per_huruf_hybrid_skeleton_forced_loop_no_sig,19,391,0.4236186348862405,586.9699590350479,63.92307692307693,586.9699590350479,63.92307692307693,0
per_huruf_hybrid_skeleton_forced_loop_no_sig,19,392,0.42470205850487536,586.9549385525719,63.846153846153854,586.9549385525719,63.846153846153854,0
per_huruf_hybrid_skeleton_forced_loop_no_sig,19,393,0.42578548212351025,586.9522075557578,63.76923076923076,586.9522075557578,63.76923076923076,0
per_huruf_hybrid_skeleton_forced_loop_no_sig,19,394,0.42686890574214514,586.9590350477924,63.69230769230769,586.9590350477924,63.69230769230769,0
per_huruf_hybrid_skeleton_forced_loop_no_sig,19,395,0.42795232936078004,586.9726900318617,63.61538461538463,586.9726900318617,63.61538461538463,0
per_huruf_hybrid_skeleton_forced_loop_no_sig,19,396,0.42903575297941493,586.9904415111516,63.53846153846155,586.9904415111516,63.53846153846155,0
per_huruf_hybrid_skeleton_forced_loop_no_sig,19,397,0.4301191765980498,587.0095584888484,63.46153846153847,587.0095584888484,63.46153846153847,0
per_huruf_hybrid_skeleton_forced_loop_no_sig,19,398,0.4312026002166847,587.0273099681383,63.38461538461539,587.0273099681383,63.38461538461539,0
per_huruf_hybrid_skeleton_forced_loop_no_sig,19,399,0.4322860238353196,587.0409649522076,63.30769230769231,587.0409649522076,63.30769230769231,0
per_huruf_hybrid_skeleton_forced_loop_no_sig,19,400,0.43336944745395445,587.0477924442421,63.230769230769226,587.0477924442421,63.230769230769226,0
per_huruf_hybrid_skeleton_forced_loop_no_sig,19,401,0.43445287107258934,587.0450614474283,63.15384615384615,587.0450614474283,63.15384615384615,0
per_huruf_hybrid_skeleton_forced_loop_no_sig,19,402,0.43553629469122424,587.0300409649521,63.07692307692307,587.0300409649521,63.07692307692307,0
per_huruf_hybrid_skeleton_forced_loop_no_sig,19,403,0.43661971830985913,587.0,63.0,587.0,63.0,0
per_huruf_hybrid_skeleton_forced_loop_no_sig,19,404,0.437703141928494,586.9531178880292,62.92307692307693,586.9531178880292,62.92307692307693,0
per_huruf_hybrid_skeleton_forced_loop_no_sig,19,405,0.4387865655471289,586.8912152935821,62.84615384615384,586.8912152935821,62.84615384615384,0
per_huruf_hybrid_skeleton_forced_loop_no_sig,19,406,0.4398699891657638,586.8170232134728,62.76923076923077,586.8170232134728,62.76923076923077,0
per_huruf_hybrid_skeleton_forced_loop_no_sig,19,407,0.4409534127843987,586.7332726445152,62.69230769230768,586.7332726445152,62.69230769230768,0
per_huruf_hybrid_skeleton_forced_loop_no_sig,19,408,0.44203683640303354,586.6426945835229,62.61538461538463,586.6426945835229,62.61538461538463,0
per_huruf_hybrid_skeleton_forced_loop_no_sig,19,409,0.44312026002166843,586.5480200273101,62.53846153846154,586.5480200273101,62.53846153846154,0
per_huruf_hybrid_skeleton_forced_loop_no_sig,19,410,0.4442036836403033,586.45197997269,62.46153846153847,586.45197997269,62.46153846153847,0
per_huruf_hybrid_skeleton_forced_loop_no_sig,19,411,0.4452871072589382,586.3573054164771,62.38461538461539,586.3573054164771,62.38461538461539,0
per_huruf_hybrid_skeleton_forced_loop_no_sig,19,412,0.4463705308775731,586.2667273554847,62.30769230769231,586.2667273554847,62.30769230769231,0
per_huruf_hybrid_skeleton_forced_loop_no_sig,19,413,0.447453954496208,586.182976786527,62.230769230769226,586.182976786527,62.230769230769226,0
per_huruf_hybrid_skeleton_forced_loop_no_sig,19,414,0.4485373781148429,586.1087847064179,62.15384615384615,586.1087847064179,62.15384615384615,0
per_huruf_hybrid_skeleton_forced_loop_no_sig,19,415,0.4496208017334778,586.0468821119708,62.07692307692307,586.0468821119708,62.07692307692307,0
per_huruf_hybrid_skeleton_forced_loop_no_sig,19,416,0.45070422535211263,586.0,62.0,586.0,62.0,0
per_huruf_hybrid_skeleton_forced_loop_no_sig,19,417,0.4517876489707475,585.967228038234,61.923076923076934,585.967228038234,61.923076923076934,0
per_huruf_hybrid_skeleton_forced_loop_no_sig,19,418,0.4528710725893824,585.9449248975876,61.846153846153854,585.9449248975876,61.846153846153854,0
per_huruf_hybrid_skeleton_forced_loop_no_sig,19,419,0.4539544962080173,585.9317250796539,61.76923076923076,585.9317250796539,61.76923076923076,0
per_huruf_hybrid_skeleton_forced_loop_no_sig,19,420,0.4550379198266522,585.9262630860263,61.692307692307686,585.9262630860263,61.692307692307686,0
per_huruf_hybrid_skeleton_forced_loop_no_sig,19,421,0.4561213434452871,585.9271734182977,61.61538461538461,585.9271734182977,61.61538461538461,0
per_huruf_hybrid_skeleton_forced_loop_no_sig,19,422,0.457204767063922,585.9330905780611,61.53846153846155,585.9330905780611,61.53846153846155,0
per_huruf_hybrid_skeleton_forced_loop_no_sig,19,423,0.45828819068255683,585.9426490669094,61.46153846153847,585.9426490669094,61.46153846153847,0
per_huruf_hybrid_skeleton_forced_loop_no_sig,19,424,0.4593716143011917,585.9544833864361,61.384615384615394,585.9544833864361,61.384615384615394,0
per_huruf_hybrid_skeleton_forced_loop_no_sig,19,425,0.4604550379198266,585.967228038234,61.3076923076923,585.967228038234,61.3076923076923,0
per_huruf_hybrid_skeleton_forced_loop_no_sig,19,426,0.4615384615384615,585.9795175238962,61.230769230769226,585.9795175238962,61.230769230769226,0
per_huruf_hybrid_skeleton_forced_loop_no_sig,19,427,0.4626218851570964,585.989986345016,61.15384615384616,585.989986345016,61.15384615384616,0
per_huruf_hybrid_skeleton_forced_loop_no_sig,19,428,0.4637053087757313,585.9972690031861,61.07692307692307,585.9972690031861,61.07692307692307,0
per_huruf_hybrid_skeleton_forced_loop_no_sig,19,429,0.4647887323943662,586.0,61.0,586.0,61.0,0
per_huruf_hybrid_skeleton_forced_loop_no_sig,19,430,0.4658721560130011,586.0027309968139,60.92307692307693,586.0027309968139,60.92307692307693,0
per_huruf_hybrid_skeleton_forced_loop_no_sig,19,431,0.4669555796316359,586.0100136549842,60.84615384615385,586.0100136549842,60.84615384615385,0
per_huruf_hybrid_skeleton_forced_loop_no_sig,19,432,0.4680390032502708,586.0204824761037,60.76923076923076,586.0204824761037,60.76923076923076,0
per_huruf_hybrid_skeleton_forced_loop_no_sig,19,433,0.4691224268689057,586.032771961766,60.692307692307686,586.032771961766,60.692307692307686,0
per_huruf_hybrid_skeleton_forced_loop_no_sig,19,434,0.4702058504875406,586.0455166135639,60.61538461538462,586.0455166135639,60.61538461538462,0
per_huruf_hybrid_skeleton_forced_loop_no_sig,19,435,0.4712892741061755,586.0573509330907,60.53846153846153,586.0573509330907,60.53846153846153,0
per_huruf_hybrid_skeleton_forced_loop_no_sig,19,436,0.4723726977248104,586.066909421939,60.46153846153846,586.066909421939,60.46153846153846,0
per_huruf_hybrid_skeleton_forced_loop_no_sig,19,437,0.4734561213434453,586.0728265817023,60.38461538461539,586.0728265817023,60.38461538461539,0
per_huruf_hybrid_skeleton_forced_loop_no_sig,19,438,0.4745395449620802,586.0737369139736,60.30769230769231,586.0737369139736,60.30769230769231,0
per_huruf_hybrid_skeleton_forced_loop_no_sig,19,439,0.475622968580715,586.0682749203459,60.230769230769226,586.0682749203459,60.230769230769226,0
per_huruf_hybrid_skeleton_forced_loop_no_sig,19,440,0.4767063921993499,586.0550751024124,60.15384615384615,586.0550751024124,60.15384615384615,0
per_huruf_hybrid_skeleton_forced_loop_no_sig,19,441,0.4777898158179848,586.032771961766,60.07692307692307,586.032771961766,60.07692307692307,0
per_huruf_hybrid_skeleton_forced_loop_no_sig,19,442,0.4788732394366197,586.0,60.0,586.0,60.0,0
per_huruf_hybrid_skeleton_forced_loop_no_sig,19,443,0.4799566630552546,585.9531178880293,59.92307692307693,585.9531178880293,59.92307692307693,0
per_huruf_hybrid_skeleton_forced_loop_no_sig,19,444,0.4810400866738895,585.8912152935823,59.84615384615385,585.8912152935823,59.84615384615385,0
per_huruf_hybrid_skeleton_forced_loop_no_sig,19,445,0.48212351029252437,585.8170232134728,59.76923076923076,585.8170232134728,59.76923076923076,0
per_huruf_hybrid_skeleton_forced_loop_no_sig,19,446,0.48320693391115926,585.7332726445153,59.69230769230769,585.7332726445153,59.69230769230769,0
per_huruf_hybrid_skeleton_forced_loop_no_sig,19,447,0.4842903575297941,585.642694583523,59.61538461538462,585.642694583523,59.61538461538462,0
per_huruf_hybrid_skeleton_forced_loop_no_sig,19,448,0.485373781148429,585.54802002731,59.53846153846155,585.54802002731,59.53846153846155,0
per_huruf_hybrid_skeleton_forced_loop_no_sig,19,449,0.4864572047670639,585.4519799726901,59.46153846153846,585.4519799726901,59.46153846153846,0
per_huruf_hybrid_skeleton_forced_loop_no_sig,19,450,0.4875406283856988,585.3573054164771,59.38461538461539,585.3573054164771,59.38461538461539,0
per_huruf_hybrid_skeleton_forced_loop_no_sig,19,451,0.4886240520043337,585.2667273554847,59.30769230769231,585.2667273554847,59.30769230769231,0
per_huruf_hybrid_skeleton_forced_loop_no_sig,19,452,0.48970747562296857,585.182976786527,59.230769230769226,585.182976786527,59.230769230769226,0
per_huruf_hybrid_skeleton_forced_loop_no_sig,19,453,0.49079089924160346,585.1087847064179,59.15384615384615,585.1087847064179,59.15384615384615,0
per_huruf_hybrid_skeleton_forced_loop_no_sig,19,454,0.4918743228602383,585.0468821119708,59.07692307692307,585.0468821119708,59.07692307692307,0
per_huruf_hybrid_skeleton_forced_loop_no_sig,19,455,0.4929577464788732,585.0,59.0,585.0,59.0,0
per_huruf_hybrid_skeleton_forced_loop_no_sig,19,456,0.4940411700975081,584.969959035048,58.92307692307693,584.969959035048,58.92307692307693,0
per_huruf_hybrid_skeleton_forced_loop_no_sig,19,457,0.495124593716143,584.9549385525718,58.84615384615385,584.9549385525718,58.84615384615385,0
per_huruf_hybrid_skeleton_forced_loop_no_sig,19,458,0.4962080173347779,584.9522075557578,58.76923076923077,584.9522075557578,58.76923076923077,0
per_huruf_hybrid_skeleton_forced_loop_no_sig,19,459,0.49729144095341277,584.9590350477924,58.692307692307686,584.9590350477924,58.692307692307686,0
per_huruf_hybrid_skeleton_forced_loop_no_sig,19,460,0.49837486457204766,584.9726900318617,58.61538461538462,584.9726900318617,58.61538461538462,0
per_huruf_hybrid_skeleton_forced_loop_no_sig,19,461,0.49945828819068255,584.9904415111516,58.53846153846154,584.9904415111516,58.53846153846154,0
per_huruf_hybrid_skeleton_forced_loop_no_sig,19,462,0.5005417118093174,585.0095584888484,58.46153846153847,585.0095584888484,58.46153846153847,0
per_huruf_hybrid_skeleton_forced_loop_no_sig,19,463,0.5016251354279523,585.0273099681384,58.38461538461539,585.0273099681384,58.38461538461539,0
per_huruf_hybrid_skeleton_forced_loop_no_sig,19,464,0.5027085590465872,585.0409649522076,58.30769230769231,585.0409649522076,58.30769230769231,0
per_huruf_hybrid_skeleton_forced_loop_no_sig,19,465,0.5037919826652221,585.0477924442421,58.230769230769226,585.0477924442421,58.230769230769226,0
per_huruf_hybrid_skeleton_forced_loop_no_sig,19,466,0.504875406283857,585.0450614474283,58.15384615384615,585.0450614474283,58.15384615384615,0
per_huruf_hybrid_skeleton_forced_loop_no_sig,19,467,0.5059588299024919,585.0300409649521,58.07692307692307,585.0300409649521,58.07692307692307,0
per_huruf_hybrid_skeleton_forced_loop_no_sig,19,468,0.5070422535211268,585.0,58.0,585.0,58.0,0
per_huruf_hybrid_skeleton_forced_loop_no_sig,19,469,0.5081256771397616,584.9531178880293,57.92307692307692,584.9531178880293,57.92307692307692,0
per_huruf_hybrid_skeleton_forced_loop_no_sig,19,470,0.5092091007583965,584.8912152935821,57.84615384615385,584.8912152935821,57.84615384615385,0
per_huruf_hybrid_skeleton_forced_loop_no_sig,19,471,0.5102925243770314,584.8170232134729,57.76923076923076,584.8170232134729,57.76923076923076,0
per_huruf_hybrid_skeleton_forced_loop_no_sig,19,472,0.5113759479956663,584.7332726445152,57.692307692307686,584.7332726445152,57.692307692307686,0
per_huruf_hybrid_skeleton_forced_loop_no_sig,19,473,0.5124593716143012,584.6426945835229,57.61538461538462,584.6426945835229,57.61538461538462,0
per_huruf_hybrid_skeleton_forced_loop_no_sig,19,474,0.513542795232936,584.54802002731,57.53846153846155,584.54802002731,57.53846153846155,0
per_huruf_hybrid_skeleton_forced_loop_no_sig,19,475,0.5146262188515709,584.45197997269,57.46153846153846,584.45197997269,57.46153846153846,0
per_huruf_hybrid_skeleton_forced_loop_no_sig,19,476,0.5157096424702058,584.357305416477,57.38461538461539,584.357305416477,57.38461538461539,0
per_huruf_hybrid_skeleton_forced_loop_no_sig,19,477,0.5167930660888407,584.2667273554847,57.30769230769231,584.2667273554847,57.30769230769231,0
per_huruf_hybrid_skeleton_forced_loop_no_sig,19,478,0.5178764897074756,584.182976786527,57.230769230769226,584.182976786527,57.230769230769226,0
per_huruf_hybrid_skeleton_forced_loop_no_sig,19,479,0.5189599133261105,584.1087847064179,57.153846153846146,584.1087847064179,57.153846153846146,0
per_huruf_hybrid_skeleton_forced_loop_no_sig,19,480,0.5200433369447454,584.0468821119708,57.07692307692307,584.0468821119708,57.07692307692307,0
per_huruf_hybrid_skeleton_forced_loop_no_sig,19,481,0.5211267605633803,584.0,57.0,584.0,57.0,0
per_huruf_hybrid_skeleton_forced_loop_no_sig,19,482,0.5222101841820151,583.969959035048,56.92307692307693,583.969959035048,56.92307692307693,0
per_huruf_hybrid_skeleton_forced_loop_no_sig,19,483,0.52329360780065,583.9549385525717,56.846153846153854,583.9549385525717,56.846153846153854,0
per_huruf_hybrid_skeleton_forced_loop_no_sig,19,484,0.5243770314192849,583.9522075557578,56.76923076923075,583.9522075557578,56.76923076923075,0
per_huruf_hybrid_skeleton_forced_loop_no_sig,19,485,0.5254604550379198,583.9590350477923,56.692307692307686,583.9590350477923,56.692307692307686,0
per_huruf_hybrid_skeleton_forced_loop_no_sig,19,486,0.5265438786565547,583.9726900318616,56.61538461538462,583.9726900318616,56.61538461538462,0
per_huruf_hybrid_skeleton_forced_loop_no_sig,19,487,0.5276273022751896,583.9904415111516,56.53846153846154,583.9904415111516,56.53846153846154,0
per_huruf_hybrid_skeleton_forced_loop_no_sig,19,488,0.5287107258938245,584.0095584888485,56.46153846153846,584.0095584888485,56.46153846153846,0
per_huruf_hybrid_skeleton_forced_loop_no_sig,19,489,0.5297941495124593,584.0273099681383,56.38461538461539,584.0273099681383,56.38461538461539,0
per_huruf_hybrid_skeleton_forced_loop_no_sig,19,490,0.5308775731310942,584.0409649522076,56.30769230769231,584.0409649522076,56.30769230769231,0
per_huruf_hybrid_skeleton_forced_loop_no_sig,19,491,0.5319609967497291,584.0477924442421,56.230769230769226,584.0477924442421,56.230769230769226,0
per_huruf_hybrid_skeleton_forced_loop_no_sig,19,492,0.533044420368364,584.0450614474282,56.15384615384615,584.0450614474282,56.15384615384615,0
per_huruf_hybrid_skeleton_forced_loop_no_sig,19,493,0.5341278439869989,584.0300409649521,56.07692307692307,584.0300409649521,56.07692307692307,0
per_huruf_hybrid_skeleton_forced_loop_no_sig,19,494,0.5352112676056338,584.0,56.0,584.0,56.0,0
per_huruf_hybrid_skeleton_forced_loop_no_sig,19,495,0.5362946912242686,583.9531178880292,55.923076923076934,583.9531178880292,55.923076923076934,0
per_huruf_hybrid_skeleton_forced_loop_no_sig,19,496,0.5373781148429035,583.8912152935823,55.846153846153854,583.8912152935823,55.846153846153854,0
per_huruf_hybrid_skeleton_forced_loop_no_sig,19,497,0.5384615384615384,583.8170232134729,55.76923076923076,583.8170232134729,55.76923076923076,0
per_huruf_hybrid_skeleton_forced_loop_no_sig,19,498,0.5395449620801733,583.7332726445152,55.69230769230769,583.7332726445152,55.69230769230769,0
per_huruf_hybrid_skeleton_forced_loop_no_sig,19,499,0.5406283856988082,583.642694583523,55.61538461538462,583.642694583523,55.61538461538462,0
per_huruf_hybrid_skeleton_forced_loop_no_sig,19,500,0.5417118093174431,583.54802002731,55.53846153846154,583.54802002731,55.53846153846154,0
per_huruf_hybrid_skeleton_forced_loop_no_sig,19,501,0.542795232936078,583.4519799726901,55.46153846153847,583.4519799726901,55.46153846153847,0
per_huruf_hybrid_skeleton_forced_loop_no_sig,19,502,0.5438786565547129,583.357305416477,55.38461538461539,583.357305416477,55.38461538461539,0
per_huruf_hybrid_skeleton_forced_loop_no_sig,19,503,0.5449620801733478,583.2667273554847,55.3076923076923,583.2667273554847,55.3076923076923,0
per_huruf_hybrid_skeleton_forced_loop_no_sig,19,504,0.5460455037919827,583.182976786527,55.230769230769226,583.182976786527,55.230769230769226,0
per_huruf_hybrid_skeleton_forced_loop_no_sig,19,505,0.5471289274106175,583.1087847064179,55.15384615384616,583.1087847064179,55.15384615384616,0
per_huruf_hybrid_skeleton_forced_loop_no_sig,19,506,0.5482123510292524,583.0468821119708,55.07692307692307,583.0468821119708,55.07692307692307,0
per_huruf_hybrid_skeleton_forced_loop_no_sig,19,507,0.5492957746478873,583.0,55.0,583.0,55.0,0
per_huruf_hybrid_skeleton_forced_loop_no_sig,19,508,0.5503791982665222,582.967228038234,54.92307692307693,582.967228038234,54.92307692307693,0
per_huruf_hybrid_skeleton_forced_loop_no_sig,19,509,0.551462621885157,582.9449248975877,54.84615384615385,582.9449248975877,54.84615384615385,0
per_huruf_hybrid_skeleton_forced_loop_no_sig,19,510,0.5525460455037919,582.931725079654,54.76923076923077,582.931725079654,54.76923076923077,0
per_huruf_hybrid_skeleton_forced_loop_no_sig,19,511,0.5536294691224268,582.9262630860263,54.692307692307686,582.9262630860263,54.692307692307686,0
per_huruf_hybrid_skeleton_forced_loop_no_sig,19,512,0.5547128927410617,582.9271734182977,54.61538461538462,582.9271734182977,54.61538461538462,0
per_huruf_hybrid_skeleton_forced_loop_no_sig,19,513,0.5557963163596966,582.9330905780611,54.53846153846154,582.9330905780611,54.53846153846154,0
per_huruf_hybrid_skeleton_forced_loop_no_sig,19,514,0.5568797399783315,582.9426490669093,54.46153846153846,582.9426490669093,54.46153846153846,0
per_huruf_hybrid_skeleton_forced_loop_no_sig,19,515,0.5579631635969664,582.9544833864361,54.38461538461539,582.9544833864361,54.38461538461539,0
per_huruf_hybrid_skeleton_forced_loop_no_sig,19,516,0.5590465872156013,582.967228038234,54.30769230769231,582.967228038234,54.30769230769231,0
per_huruf_hybrid_skeleton_forced_loop_no_sig,19,517,0.5601300108342362,582.9795175238962,54.230769230769226,582.9795175238962,54.230769230769226,0
per_huruf_hybrid_skeleton_forced_loop_no_sig,19,518,0.5612134344528711,582.989986345016,54.15384615384616,582.989986345016,54.15384615384616,0
per_huruf_hybrid_skeleton_forced_loop_no_sig,19,519,0.562296858071506,582.9972690031861,54.07692307692307,582.9972690031861,54.07692307692307,0
per_huruf_hybrid_skeleton_forced_loop_no_sig,19,520,0.5633802816901408,583.0,54.0,583.0,54.0,0
per_huruf_hybrid_skeleton_forced_loop_no_sig,19,521,0.5644637053087757,583.0000000000001,53.923076923076934,583.0000000000001,53.923076923076934,0
per_huruf_hybrid_skeleton_forced_loop_no_sig,19,522,0.5655471289274105,583.0,53.84615384615385,583.0,53.84615384615385,0
per_huruf_hybrid_skeleton_forced_loop_no_sig,19,523,0.5666305525460454,582.9999999999999,53.76923076923076,582.9999999999999,53.76923076923076,0
per_huruf_hybrid_skeleton_forced_loop_no_sig,19,524,0.5677139761646803,582.9999999999999,53.69230769230768,582.9999999999999,53.69230769230768,0
per_huruf_hybrid_skeleton_forced_loop_no_sig,19,525,0.5687973997833152,583.0000000000001,53.61538461538461,583.0000000000001,53.61538461538461,0
per_huruf_hybrid_skeleton_forced_loop_no_sig,19,526,0.5698808234019501,583.0,53.53846153846154,583.0,53.53846153846154,0
per_huruf_hybrid_skeleton_forced_loop_no_sig,19,527,0.570964247020585,583.0,53.46153846153845,583.0,53.46153846153845,0
per_huruf_hybrid_skeleton_forced_loop_no_sig,19,528,0.5720476706392199,583.0,53.38461538461539,583.0,53.38461538461539,0
per_huruf_hybrid_skeleton_forced_loop_no_sig,19,529,0.5731310942578548,583.0,53.30769230769231,583.0,53.30769230769231,0
per_huruf_hybrid_skeleton_forced_loop_no_sig,19,530,0.5742145178764897,583.0,53.230769230769226,583.0,53.230769230769226,0
per_huruf_hybrid_skeleton_forced_loop_no_sig,19,531,0.5752979414951246,583.0,53.15384615384616,583.0,53.15384615384616,0
per_huruf_hybrid_skeleton_forced_loop_no_sig,19,532,0.5763813651137595,583.0,53.07692307692307,583.0,53.07692307692307,0
per_huruf_hybrid_skeleton_forced_loop_no_sig,19,533,0.5774647887323944,583.0,53.0,583.0,53.0,0
per_huruf_hybrid_skeleton_forced_loop_no_sig,19,534,0.5785482123510293,583.0027309968139,52.923076923076934,583.0027309968139,52.923076923076934,0
per_huruf_hybrid_skeleton_forced_loop_no_sig,19,535,0.5796316359696642,583.010013654984,52.846153846153854,583.010013654984,52.846153846153854,0
per_huruf_hybrid_skeleton_forced_loop_no_sig,19,536,0.5807150595882989,583.0204824761037,52.76923076923076,583.0204824761037,52.76923076923076,0
per_huruf_hybrid_skeleton_forced_loop_no_sig,19,537,0.5817984832069338,583.032771961766,52.692307692307686,583.032771961766,52.692307692307686,0
per_huruf_hybrid_skeleton_forced_loop_no_sig,19,538,0.5828819068255687,583.045516613564,52.61538461538462,583.045516613564,52.61538461538462,0
per_huruf_hybrid_skeleton_forced_loop_no_sig,19,539,0.5839653304442036,583.0573509330906,52.53846153846154,583.0573509330906,52.53846153846154,0
per_huruf_hybrid_skeleton_forced_loop_no_sig,19,540,0.5850487540628385,583.066909421939,52.46153846153846,583.066909421939,52.46153846153846,0
per_huruf_hybrid_skeleton_forced_loop_no_sig,19,541,0.5861321776814734,583.0728265817023,52.38461538461539,583.0728265817023,52.38461538461539,0
per_huruf_hybrid_skeleton_forced_loop_no_sig,19,542,0.5872156013001083,583.0737369139736,52.30769230769231,583.0737369139736,52.30769230769231,0
per_huruf_hybrid_skeleton_forced_loop_no_sig,19,543,0.5882990249187432,583.0682749203459,52.230769230769226,583.0682749203459,52.230769230769226,0
per_huruf_hybrid_skeleton_forced_loop_no_sig,19,544,0.5893824485373781,583.0550751024124,52.15384615384616,583.0550751024124,52.15384615384616,0
per_huruf_hybrid_skeleton_forced_loop_no_sig,19,545,0.590465872156013,583.032771961766,52.07692307692307,583.032771961766,52.07692307692307,0
per_huruf_hybrid_skeleton_forced_loop_no_sig,19,546,0.5915492957746479,583.0,52.0,583.0,52.0,0
per_huruf_hybrid_skeleton_forced_loop_no_sig,19,547,0.5926327193932828,582.9531178880292,51.923076923076934,582.9531178880292,51.923076923076934,0
per_huruf_hybrid_skeleton_forced_loop_no_sig,19,548,0.5937161430119177,582.8912152935823,51.84615384615384,582.8912152935823,51.84615384615384,0
per_huruf_hybrid_skeleton_forced_loop_no_sig,19,549,0.5947995666305526,582.8170232134729,51.76923076923077,582.8170232134729,51.76923076923077,0
per_huruf_hybrid_skeleton_forced_loop_no_sig,19,550,0.5958829902491874,582.7332726445152,51.69230769230768,582.7332726445152,51.69230769230768,0
per_huruf_hybrid_skeleton_forced_loop_no_sig,19,551,0.5969664138678222,582.6426945835229,51.61538461538462,582.6426945835229,51.61538461538462,0
per_huruf_hybrid_skeleton_forced_loop_no_sig,19,552,0.5980498374864571,582.54802002731,51.53846153846155,582.54802002731,51.53846153846155,0
per_huruf_hybrid_skeleton_forced_loop_no_sig,19,553,0.599133261105092,582.45197997269,51.46153846153846,582.45197997269,51.46153846153846,0
per_huruf_hybrid_skeleton_forced_loop_no_sig,19,554,0.6002166847237269,582.3573054164771,51.38461538461539,582.3573054164771,51.38461538461539,0
per_huruf_hybrid_skeleton_forced_loop_no_sig,19,555,0.6013001083423618,582.2667273554847,51.30769230769231,582.2667273554847,51.30769230769231,0
per_huruf_hybrid_skeleton_forced_loop_no_sig,19,556,0.6023835319609967,582.182976786527,51.230769230769226,582.182976786527,51.230769230769226,0
per_huruf_hybrid_skeleton_forced_loop_no_sig,19,557,0.6034669555796316,582.1087847064177,51.15384615384616,582.1087847064177,51.15384615384616,0
per_huruf_hybrid_skeleton_forced_loop_no_sig,19,558,0.6045503791982665,582.0468821119708,51.07692307692307,582.0468821119708,51.07692307692307,0
per_huruf_hybrid_skeleton_forced_loop_no_sig,19,559,0.6056338028169014,582.0,51.0,582.0,51.0,0
per_huruf_hybrid_skeleton_forced_loop_no_sig,19,560,0.6067172264355363,581.967228038234,50.92307692307693,581.967228038234,50.92307692307693,0
per_huruf_hybrid_skeleton_forced_loop_no_sig,19,561,0.6078006500541712,581.9449248975876,50.84615384615385,581.9449248975876,50.84615384615385,0
per_huruf_hybrid_skeleton_forced_loop_no_sig,19,562,0.6088840736728061,581.931725079654,50.76923076923076,581.931725079654,50.76923076923076,0
per_huruf_hybrid_skeleton_forced_loop_no_sig,19,563,0.609967497291441,581.9262630860263,50.692307692307686,581.9262630860263,50.692307692307686,0
per_huruf_hybrid_skeleton_forced_loop_no_sig,19,564,0.6110509209100758,581.9271734182977,50.61538461538462,581.9271734182977,50.61538461538462,0
per_huruf_hybrid_skeleton_forced_loop_no_sig,19,565,0.6121343445287107,581.9330905780611,50.53846153846155,581.9330905780611,50.53846153846155,0
per_huruf_hybrid_skeleton_forced_loop_no_sig,19,566,0.6132177681473456,581.9426490669093,50.46153846153846,581.9426490669093,50.46153846153846,0
per_huruf_hybrid_skeleton_forced_loop_no_sig,19,567,0.6143011917659804,581.9544833864361,50.38461538461539,581.9544833864361,50.38461538461539,0
per_huruf_hybrid_skeleton_forced_loop_no_sig,19,568,0.6153846153846153,581.9672280382339,50.30769230769231,581.9672280382339,50.30769230769231,0
per_huruf_hybrid_skeleton_forced_loop_no_sig,19,569,0.6164680390032502,581.9795175238962,50.230769230769226,581.9795175238962,50.230769230769226,0
per_huruf_hybrid_skeleton_forced_loop_no_sig,19,570,0.6175514626218851,581.989986345016,50.15384615384616,581.989986345016,50.15384615384616,0
per_huruf_hybrid_skeleton_forced_loop_no_sig,19,571,0.61863488624052,581.9972690031861,50.07692307692307,581.9972690031861,50.07692307692307,0
per_huruf_hybrid_skeleton_forced_loop_no_sig,19,572,0.6197183098591549,582.0,50.0,582.0,50.0,0
per_huruf_hybrid_skeleton_forced_loop_no_sig,19,573,0.6208017334777898,582.0,49.92307692307693,582.0,49.92307692307693,0
per_huruf_hybrid_skeleton_forced_loop_no_sig,19,574,0.6218851570964247,582.0,49.846153846153854,582.0,49.846153846153854,0
per_huruf_hybrid_skeleton_forced_loop_no_sig,19,575,0.6229685807150596,582.0,49.76923076923076,582.0,49.76923076923076,0
per_huruf_hybrid_skeleton_forced_loop_no_sig,19,576,0.6240520043336945,581.9999999999999,49.692307692307686,581.9999999999999,49.692307692307686,0
per_huruf_hybrid_skeleton_forced_loop_no_sig,19,577,0.6251354279523293,582.0,49.61538461538462,582.0,49.61538461538462,0
per_huruf_hybrid_skeleton_forced_loop_no_sig,19,578,0.6262188515709642,582.0,49.53846153846155,582.0,49.53846153846155,0
per_huruf_hybrid_skeleton_forced_loop_no_sig,19,579,0.6273022751895991,582.0,49.46153846153846,582.0,49.46153846153846,0
per_huruf_hybrid_skeleton_forced_loop_no_sig,19,580,0.628385698808234,582.0,49.38461538461538,582.0,49.38461538461538,0
per_huruf_hybrid_skeleton_forced_loop_no_sig,19,581,0.6294691224268689,582.0,49.30769230769231,582.0,49.30769230769231,0
per_huruf_hybrid_skeleton_forced_loop_no_sig,19,582,0.6305525460455037,582.0,49.230769230769226,582.0,49.230769230769226,0
per_huruf_hybrid_skeleton_forced_loop_no_sig,19,583,0.6316359696641386,582.0,49.15384615384615,582.0,49.15384615384615,0
per_huruf_hybrid_skeleton_forced_loop_no_sig,19,584,0.6327193932827735,582.0,49.07692307692307,582.0,49.07692307692307,0
per_huruf_hybrid_skeleton_forced_loop_no_sig,19,585,0.6338028169014084,582.0,49.0,582.0,49.0,0
per_huruf_hybrid_skeleton_forced_loop_no_sig,19,586,0.6348862405200433,582.0,48.923076923076934,582.0,48.923076923076934,0
per_huruf_hybrid_skeleton_forced_loop_no_sig,19,587,0.6359696641386782,582.0,48.84615384615385,582.0,48.84615384615385,0
per_huruf_hybrid_skeleton_forced_loop_no_sig,19,588,0.6370530877573131,582.0,48.76923076923077,582.0,48.76923076923077,0
per_huruf_hybrid_skeleton_forced_loop_no_sig,19,589,0.638136511375948,581.9999999999999,48.692307692307686,581.9999999999999,48.692307692307686,0
per_huruf_hybrid_skeleton_forced_loop_no_sig,19,590,0.6392199349945829,582.0,48.61538461538462,582.0,48.61538461538462,0
per_huruf_hybrid_skeleton_forced_loop_no_sig,19,591,0.6403033586132177,582.0,48.53846153846154,582.0,48.53846153846154,0
per_huruf_hybrid_skeleton_forced_loop_no_sig,19,592,0.6413867822318526,582.0,48.46153846153847,582.0,48.46153846153847,0
per_huruf_hybrid_skeleton_forced_loop_no_sig,19,593,0.6424702058504875,582.0,48.38461538461539,582.0,48.38461538461539,0
per_huruf_hybrid_skeleton_forced_loop_no_sig,19,594,0.6435536294691224,582.0,48.30769230769231,582.0,48.30769230769231,0
per_huruf_hybrid_skeleton_forced_loop_no_sig,19,595,0.6446370530877573,582.0,48.230769230769226,582.0,48.230769230769226,0
per_huruf_hybrid_skeleton_forced_loop_no_sig,19,596,0.6457204767063922,582.0,48.15384615384615,582.0,48.15384615384615,0
per_huruf_hybrid_skeleton_forced_loop_no_sig,19,597,0.6468039003250271,582.0,48.07692307692307,582.0,48.07692307692307,0
per_huruf_hybrid_skeleton_forced_loop_no_sig,19,598,0.6478873239436619,582.0,48.0,582.0,48.0,0
per_huruf_hybrid_skeleton_forced_loop_no_sig,19,599,0.6489707475622968,582.0,47.92307692307693,582.0,47.92307692307693,0
per_huruf_hybrid_skeleton_forced_loop_no_sig,19,600,0.6500541711809317,582.0,47.84615384615385,582.0,47.84615384615385,0
per_huruf_hybrid_skeleton_forced_loop_no_sig,19,601,0.6511375947995666,582.0,47.76923076923077,582.0,47.76923076923077,0
per_huruf_hybrid_skeleton_forced_loop_no_sig,19,602,0.6522210184182015,581.9999999999999,47.692307692307686,581.9999999999999,47.692307692307686,0
per_huruf_hybrid_skeleton_forced_loop_no_sig,19,603,0.6533044420368364,582.0,47.61538461538462,582.0,47.61538461538462,0
per_huruf_hybrid_skeleton_forced_loop_no_sig,19,604,0.6543878656554712,582.0,47.53846153846155,582.0,47.53846153846155,0
per_huruf_hybrid_skeleton_forced_loop_no_sig,19,605,0.6554712892741061,582.0,47.46153846153846,582.0,47.46153846153846,0
per_huruf_hybrid_skeleton_forced_loop_no_sig,19,606,0.656554712892741,582.0,47.38461538461539,582.0,47.38461538461539,0
per_huruf_hybrid_skeleton_forced_loop_no_sig,19,607,0.6576381365113759,582.0,47.30769230769231,582.0,47.30769230769231,0
per_huruf_hybrid_skeleton_forced_loop_no_sig,19,608,0.6587215601300108,582.0,47.230769230769226,582.0,47.230769230769226,0
per_huruf_hybrid_skeleton_forced_loop_no_sig,19,609,0.6598049837486457,582.0,47.15384615384616,582.0,47.15384615384616,0
per_huruf_hybrid_skeleton_forced_loop_no_sig,19,610,0.6608884073672806,582.0,47.07692307692307,582.0,47.07692307692307,0
per_huruf_hybrid_skeleton_forced_loop_no_sig,19,611,0.6619718309859155,582.0,47.0,582.0,47.0,0
per_huruf_hybrid_skeleton_forced_loop_no_sig,19,612,0.6630552546045504,582.0,46.92307692307693,582.0,46.92307692307693,0
per_huruf_hybrid_skeleton_forced_loop_no_sig,19,613,0.6641386782231852,582.0,46.84615384615385,582.0,46.84615384615385,0
per_huruf_hybrid_skeleton_forced_loop_no_sig,19,614,0.6652221018418201,582.0,46.76923076923076,582.0,46.76923076923076,0
per_huruf_hybrid_skeleton_forced_loop_no_sig,19,615,0.666305525460455,581.9999999999999,46.692307692307686,581.9999999999999,46.692307692307686,0
per_huruf_hybrid_skeleton_forced_loop_no_sig,19,616,0.6673889490790899,582.0,46.61538461538462,582.0,46.61538461538462,0
per_huruf_hybrid_skeleton_forced_loop_no_sig,19,617,0.6684723726977247,582.0,46.53846153846154,582.0,46.53846153846154,0
per_huruf_hybrid_skeleton_forced_loop_no_sig,19,618,0.6695557963163596,582.0,46.46153846153846,582.0,46.46153846153846,0
per_huruf_hybrid_skeleton_forced_loop_no_sig,19,619,0.6706392199349945,582.0,46.38461538461539,582.0,46.38461538461539,0
per_huruf_hybrid_skeleton_forced_loop_no_sig,19,620,0.6717226435536294,582.0,46.30769230769231,582.0,46.30769230769231,0
per_huruf_hybrid_skeleton_forced_loop_no_sig,19,621,0.6728060671722643,582.0,46.230769230769226,582.0,46.230769230769226,0
per_huruf_hybrid_skeleton_forced_loop_no_sig,19,622,0.6738894907908992,582.0,46.15384615384615,582.0,46.15384615384615,0
per_huruf_hybrid_skeleton_forced_loop_no_sig,19,623,0.6749729144095341,582.0,46.07692307692307,582.0,46.07692307692307,0
per_huruf_hybrid_skeleton_forced_loop_no_sig,19,624,0.676056338028169,582.0,46.0,582.0,46.0,0
per_huruf_hybrid_skeleton_forced_loop_no_sig,19,625,0.6771397616468039,582.0,45.923076923076934,582.0,45.923076923076934,0
per_huruf_hybrid_skeleton_forced_loop_no_sig,19,626,0.6782231852654388,582.0,45.84615384615385,582.0,45.84615384615385,0
per_huruf_hybrid_skeleton_forced_loop_no_sig,19,627,0.6793066088840737,582.0,45.76923076923077,582.0,45.76923076923077,0
per_huruf_hybrid_skeleton_forced_loop_no_sig,19,628,0.6803900325027086,581.9999999999999,45.69230769230768,581.9999999999999,45.69230769230768,0
per_huruf_hybrid_skeleton_forced_loop_no_sig,19,629,0.6814734561213434,582.0,45.61538461538462,582.0,45.61538461538462,0
per_huruf_hybrid_skeleton_forced_loop_no_sig,19,630,0.6825568797399783,582.0,45.53846153846154,582.0,45.53846153846154,0
per_huruf_hybrid_skeleton_forced_loop_no_sig,19,631,0.6836403033586131,582.0,45.46153846153847,582.0,45.46153846153847,0
per_huruf_hybrid_skeleton_forced_loop_no_sig,19,632,0.684723726977248,582.0,45.38461538461539,582.0,45.38461538461539,0
per_huruf_hybrid_skeleton_forced_loop_no_sig,19,633,0.6858071505958829,582.0,45.30769230769231,582.0,45.30769230769231,0
per_huruf_hybrid_skeleton_forced_loop_no_sig,19,634,0.6868905742145178,582.0,45.230769230769226,582.0,45.230769230769226,0
per_huruf_hybrid_skeleton_forced_loop_no_sig,19,635,0.6879739978331527,582.0,45.15384615384615,582.0,45.15384615384615,0
per_huruf_hybrid_skeleton_forced_loop_no_sig,19,636,0.6890574214517876,582.0,45.07692307692307,582.0,45.07692307692307,0
per_huruf_hybrid_skeleton_forced_loop_no_sig,19,637,0.6901408450704225,582.0,45.0,582.0,45.0,0
per_huruf_hybrid_skeleton_forced_loop_no_sig,19,638,0.6912242686890574,582.0,44.92307692307693,582.0,44.92307692307693,0
per_huruf_hybrid_skeleton_forced_loop_no_sig,19,639,0.6923076923076923,582.0,44.84615384615385,582.0,44.84615384615385,0
per_huruf_hybrid_skeleton_forced_loop_no_sig,19,640,0.6933911159263272,582.0,44.76923076923076,582.0,44.76923076923076,0
per_huruf_hybrid_skeleton_forced_loop_no_sig,19,641,0.6944745395449621,581.9999999999999,44.69230769230769,581.9999999999999,44.69230769230769,0
per_huruf_hybrid_skeleton_forced_loop_no_sig,19,642,0.695557963163597,582.0,44.61538461538462,582.0,44.61538461538462,0
per_huruf_hybrid_skeleton_forced_loop_no_sig,19,643,0.6966413867822319,582.0,44.53846153846154,582.0,44.53846153846154,0
per_huruf_hybrid_skeleton_forced_loop_no_sig,19,644,0.6977248104008666,582.0,44.46153846153846,582.0,44.46153846153846,0
per_huruf_hybrid_skeleton_forced_loop_no_sig,19,645,0.6988082340195015,582.0,44.38461538461539,582.0,44.38461538461539,0
per_huruf_hybrid_skeleton_forced_loop_no_sig,19,646,0.6998916576381364,582.0,44.30769230769231,582.0,44.30769230769231,0
per_huruf_hybrid_skeleton_forced_loop_no_sig,19,647,0.7009750812567713,582.0,44.230769230769226,582.0,44.230769230769226,0
per_huruf_hybrid_skeleton_forced_loop_no_sig,19,648,0.7020585048754062,582.0,44.15384615384615,582.0,44.15384615384615,0
per_huruf_hybrid_skeleton_forced_loop_no_sig,19,649,0.7031419284940411,582.0,44.07692307692307,582.0,44.07692307692307,0
per_huruf_hybrid_skeleton_forced_loop_no_sig,19,650,0.704225352112676,582.0,44.0,582.0,44.0,0
per_huruf_hybrid_skeleton_forced_loop_no_sig,19,651,0.7053087757313109,582.0,43.92307692307693,582.0,43.92307692307693,0
per_huruf_hybrid_skeleton_forced_loop_no_sig,19,652,0.7063921993499458,582.0,43.84615384615385,582.0,43.84615384615385,0
per_huruf_hybrid_skeleton_forced_loop_no_sig,19,653,0.7074756229685807,582.0,43.76923076923076,582.0,43.76923076923076,0
per_huruf_hybrid_skeleton_forced_loop_no_sig,19,654,0.7085590465872156,581.9999999999999,43.692307692307686,581.9999999999999,43.692307692307686,0
per_huruf_hybrid_skeleton_forced_loop_no_sig,19,655,0.7096424702058505,582.0,43.61538461538462,582.0,43.61538461538462,0
per_huruf_hybrid_skeleton_forced_loop_no_sig,19,656,0.7107258938244854,582.0,43.53846153846153,582.0,43.53846153846153,0
per_huruf_hybrid_skeleton_forced_loop_no_sig,19,657,0.7118093174431203,582.0,43.46153846153846,582.0,43.46153846153846,0
per_huruf_hybrid_skeleton_forced_loop_no_sig,19,658,0.7128927410617552,582.0,43.38461538461539,582.0,43.38461538461539,0
per_huruf_hybrid_skeleton_forced_loop_no_sig,19,659,0.71397616468039,582.0,43.30769230769231,582.0,43.30769230769231,0
per_huruf_hybrid_skeleton_forced_loop_no_sig,19,660,0.7150595882990248,582.0,43.230769230769226,582.0,43.230769230769226,0
per_huruf_hybrid_skeleton_forced_loop_no_sig,19,661,0.7161430119176597,582.0,43.15384615384616,582.0,43.15384615384616,0
per_huruf_hybrid_skeleton_forced_loop_no_sig,19,662,0.7172264355362946,582.0,43.07692307692307,582.0,43.07692307692307,0
per_huruf_hybrid_skeleton_forced_loop_no_sig,19,663,0.7183098591549295,582.0,43.0,582.0,43.0,0
per_huruf_hybrid_skeleton_forced_loop_no_sig,19,664,0.7193932827735644,581.9972690031863,42.92307692307693,581.9972690031863,42.92307692307693,0
per_huruf_hybrid_skeleton_forced_loop_no_sig,19,665,0.7204767063921993,581.989986345016,42.84615384615384,581.989986345016,42.84615384615384,0
per_huruf_hybrid_skeleton_forced_loop_no_sig,19,666,0.7215601300108342,581.9795175238962,42.76923076923076,581.9795175238962,42.76923076923076,0
per_huruf_hybrid_skeleton_forced_loop_no_sig,19,667,0.7226435536294691,581.9672280382339,42.692307692307686,581.9672280382339,42.692307692307686,0
per_huruf_hybrid_skeleton_forced_loop_no_sig,19,668,0.723726977248104,581.9544833864361,42.61538461538462,581.9544833864361,42.61538461538462,0
per_huruf_hybrid_skeleton_forced_loop_no_sig,19,669,0.7248104008667389,581.9426490669094,42.53846153846154,581.9426490669094,42.53846153846154,0
per_huruf_hybrid_skeleton_forced_loop_no_sig,19,670,0.7258938244853738,581.933090578061,42.46153846153847,581.933090578061,42.46153846153847,0
per_huruf_hybrid_skeleton_forced_loop_no_sig,19,671,0.7269772481040087,581.9271734182977,42.38461538461539,581.9271734182977,42.38461538461539,0
per_huruf_hybrid_skeleton_forced_loop_no_sig,19,672,0.7280606717226435,581.9262630860263,42.30769230769231,581.9262630860263,42.30769230769231,0
per_huruf_hybrid_skeleton_forced_loop_no_sig,19,673,0.7291440953412784,581.931725079654,42.230769230769226,581.931725079654,42.230769230769226,0
per_huruf_hybrid_skeleton_forced_loop_no_sig,19,674,0.7302275189599133,581.9449248975876,42.15384615384616,581.9449248975876,42.15384615384616,0
per_huruf_hybrid_skeleton_forced_loop_no_sig,19,675,0.7313109425785481,581.967228038234,42.07692307692307,581.967228038234,42.07692307692307,0
per_huruf_hybrid_skeleton_forced_loop_no_sig,19,676,0.732394366197183,582.0,42.0,582.0,42.0,0
per_huruf_hybrid_skeleton_forced_loop_no_sig,19,677,0.7334777898158179,582.046882111971,41.92307692307693,582.046882111971,41.92307692307693,0
per_huruf_hybrid_skeleton_forced_loop_no_sig,19,678,0.7345612134344528,582.1087847064179,41.84615384615385,582.1087847064179,41.84615384615385,0
per_huruf_hybrid_skeleton_forced_loop_no_sig,19,679,0.7356446370530877,582.182976786527,41.76923076923076,582.182976786527,41.76923076923076,0
per_huruf_hybrid_skeleton_forced_loop_no_sig,19,680,0.7367280606717226,582.2667273554847,41.69230769230769,582.2667273554847,41.69230769230769,0
per_huruf_hybrid_skeleton_forced_loop_no_sig,19,681,0.7378114842903575,582.3573054164771,41.61538461538462,582.3573054164771,41.61538461538462,0
per_huruf_hybrid_skeleton_forced_loop_no_sig,19,682,0.7388949079089924,582.4519799726901,41.53846153846154,582.4519799726901,41.53846153846154,0
per_huruf_hybrid_skeleton_forced_loop_no_sig,19,683,0.7399783315276273,582.54802002731,41.46153846153846,582.54802002731,41.46153846153846,0
per_huruf_hybrid_skeleton_forced_loop_no_sig,19,684,0.7410617551462622,582.642694583523,41.38461538461539,582.642694583523,41.38461538461539,0
per_huruf_hybrid_skeleton_forced_loop_no_sig,19,685,0.742145178764897,582.7332726445152,41.30769230769231,582.7332726445152,41.30769230769231,0
per_huruf_hybrid_skeleton_forced_loop_no_sig,19,686,0.7432286023835319,582.8170232134729,41.230769230769226,582.8170232134729,41.230769230769226,0
per_huruf_hybrid_skeleton_forced_loop_no_sig,19,687,0.7443120260021668,582.8912152935821,41.15384615384616,582.8912152935821,41.15384615384616,0
per_huruf_hybrid_skeleton_forced_loop_no_sig,19,688,0.7453954496208017,582.953117888029,41.07692307692307,582.953117888029,41.07692307692307,0
per_huruf_hybrid_skeleton_forced_loop_no_sig,19,689,0.7464788732394366,583.0,41.0,583.0,41.0,0
per_huruf_hybrid_skeleton_forced_loop_no_sig,19,690,0.7475622968580715,583.0300409649523,40.92307692307693,583.0300409649523,40.92307692307693,0
per_huruf_hybrid_skeleton_forced_loop_no_sig,19,691,0.7486457204767063,583.0450614474283,40.846153846153854,583.0450614474283,40.846153846153854,0
per_huruf_hybrid_skeleton_forced_loop_no_sig,19,692,0.7497291440953412,583.0477924442421,40.76923076923076,583.0477924442421,40.76923076923076,0
per_huruf_hybrid_skeleton_forced_loop_no_sig,19,693,0.7508125677139761,583.0409649522074,40.69230769230769,583.0409649522074,40.69230769230769,0
per_huruf_hybrid_skeleton_forced_loop_no_sig,19,694,0.751895991332611,583.0273099681384,40.61538461538462,583.0273099681384,40.61538461538462,0
per_huruf_hybrid_skeleton_forced_loop_no_sig,19,695,0.7529794149512459,583.0095584888485,40.53846153846154,583.0095584888485,40.53846153846154,0
per_huruf_hybrid_skeleton_forced_loop_no_sig,19,696,0.7540628385698808,582.9904415111516,40.46153846153845,582.9904415111516,40.46153846153845,0
per_huruf_hybrid_skeleton_forced_loop_no_sig,19,697,0.7551462621885157,582.9726900318617,40.38461538461539,582.9726900318617,40.38461538461539,0
per_huruf_hybrid_skeleton_forced_loop_no_sig,19,698,0.7562296858071506,582.9590350477924,40.30769230769231,582.9590350477924,40.30769230769231,0
per_huruf_hybrid_skeleton_forced_loop_no_sig,19,699,0.7573131094257854,582.9522075557579,40.230769230769226,582.9522075557579,40.230769230769226,0
per_huruf_hybrid_skeleton_forced_loop_no_sig,19,700,0.7583965330444203,582.9549385525718,40.15384615384615,582.9549385525718,40.15384615384615,0
per_huruf_hybrid_skeleton_forced_loop_no_sig,19,701,0.7594799566630552,582.9699590350477,40.07692307692308,582.9699590350477,40.07692307692308,0
per_huruf_hybrid_skeleton_forced_loop_no_sig,19,702,0.7605633802816901,583.0,40.0,583.0,40.0,0
per_huruf_hybrid_skeleton_forced_loop_no_sig,19,703,0.761646803900325,583.0441511151571,39.923076923076934,583.0441511151571,39.923076923076934,0
per_huruf_hybrid_skeleton_forced_loop_no_sig,19,704,0.7627302275189599,583.0987710514338,39.84615384615384,583.0987710514338,39.84615384615384,0
per_huruf_hybrid_skeleton_forced_loop_no_sig,19,705,0.7638136511375948,583.1624943104232,39.76923076923077,583.1624943104232,39.76923076923077,0
per_huruf_hybrid_skeleton_forced_loop_no_sig,19,706,0.7648970747562296,583.2339553937186,39.692307692307686,583.2339553937186,39.692307692307686,0
per_huruf_hybrid_skeleton_forced_loop_no_sig,19,707,0.7659804983748645,583.311788802913,39.61538461538462,583.311788802913,39.61538461538462,0
per_huruf_hybrid_skeleton_forced_loop_no_sig,19,708,0.7670639219934994,583.3946290395994,39.53846153846154,583.3946290395994,39.53846153846154,0
per_huruf_hybrid_skeleton_forced_loop_no_sig,19,709,0.7681473456121343,583.4811106053709,39.46153846153846,583.4811106053709,39.46153846153846,0
per_huruf_hybrid_skeleton_forced_loop_no_sig,19,710,0.7692307692307692,583.5698680018206,39.38461538461539,583.5698680018206,39.38461538461539,0
per_huruf_hybrid_skeleton_forced_loop_no_sig,19,711,0.7703141928494041,583.6595357305416,39.30769230769231,583.6595357305416,39.30769230769231,0
per_huruf_hybrid_skeleton_forced_loop_no_sig,19,712,0.771397616468039,583.7487482931269,39.230769230769226,583.7487482931269,39.230769230769226,0
per_huruf_hybrid_skeleton_forced_loop_no_sig,19,713,0.7724810400866738,583.8361401911698,39.15384615384615,583.8361401911698,39.15384615384615,0
per_huruf_hybrid_skeleton_forced_loop_no_sig,19,714,0.7735644637053087,583.920345926263,39.07692307692308,583.920345926263,39.07692307692308,0
per_huruf_hybrid_skeleton_forced_loop_no_sig,19,715,0.7746478873239436,584.0,39.0,584.0,39.0,0
per_huruf_hybrid_skeleton_forced_loop_no_sig,19,716,0.7757313109425785,584.0769230769232,38.923076923076934,584.0769230769232,38.923076923076934,0
per_huruf_hybrid_skeleton_forced_loop_no_sig,19,717,0.7768147345612134,584.1538461538462,38.846153846153854,584.1538461538462,38.846153846153854,0
per_huruf_hybrid_skeleton_forced_loop_no_sig,19,718,0.7778981581798483,584.2307692307692,38.76923076923076,584.2307692307692,38.76923076923076,0
per_huruf_hybrid_skeleton_forced_loop_no_sig,19,719,0.7789815817984832,584.3076923076924,38.692307692307686,584.3076923076924,38.692307692307686,0
per_huruf_hybrid_skeleton_forced_loop_no_sig,19,720,0.7800650054171181,584.3846153846155,38.61538461538462,584.3846153846155,38.61538461538462,0
per_huruf_hybrid_skeleton_forced_loop_no_sig,19,721,0.781148429035753,584.4615384615386,38.53846153846154,584.4615384615386,38.53846153846154,0
per_huruf_hybrid_skeleton_forced_loop_no_sig,19,722,0.7822318526543878,584.5384615384615,38.46153846153846,584.5384615384615,38.46153846153846,0
per_huruf_hybrid_skeleton_forced_loop_no_sig,19,723,0.7833152762730227,584.6153846153846,38.38461538461539,584.6153846153846,38.38461538461539,0
per_huruf_hybrid_skeleton_forced_loop_no_sig,19,724,0.7843986998916576,584.6923076923076,38.30769230769231,584.6923076923076,38.30769230769231,0
per_huruf_hybrid_skeleton_forced_loop_no_sig,19,725,0.7854821235102925,584.7692307692307,38.230769230769226,584.7692307692307,38.230769230769226,0
per_huruf_hybrid_skeleton_forced_loop_no_sig,19,726,0.7865655471289273,584.8461538461538,38.15384615384615,584.8461538461538,38.15384615384615,0
per_huruf_hybrid_skeleton_forced_loop_no_sig,19,727,0.7876489707475622,584.9230769230769,38.07692307692308,584.9230769230769,38.07692307692308,0
per_huruf_hybrid_skeleton_forced_loop_no_sig,19,728,0.7887323943661971,585.0,38.0,585.0,38.0,0
per_huruf_hybrid_skeleton_forced_loop_no_sig,19,729,0.789815817984832,585.0769230769231,37.92034592626309,585.0769230769231,37.92034592626309,0
per_huruf_hybrid_skeleton_forced_loop_no_sig,19,730,0.7908992416034669,585.1538461538462,37.836140191169775,585.1538461538462,37.836140191169775,0
per_huruf_hybrid_skeleton_forced_loop_no_sig,19,731,0.7919826652221018,585.230769230769,37.74874829312699,585.230769230769,37.74874829312699,0
per_huruf_hybrid_skeleton_forced_loop_no_sig,19,732,0.7930660888407367,585.3076923076923,37.65953573054164,585.3076923076923,37.65953573054164,0
per_huruf_hybrid_skeleton_forced_loop_no_sig,19,733,0.7941495124593716,585.3846153846154,37.569868001820666,585.3846153846154,37.569868001820666,0
per_huruf_hybrid_skeleton_forced_loop_no_sig,19,734,0.7952329360780065,585.4615384615386,37.48111060537096,585.4615384615386,37.48111060537096,0
per_huruf_hybrid_skeleton_forced_loop_no_sig,19,735,0.7963163596966414,585.5384615384615,37.39462903959945,585.5384615384615,37.39462903959945,0
per_huruf_hybrid_skeleton_forced_loop_no_sig,19,736,0.7973997833152763,585.6153846153846,37.311788802913064,585.6153846153846,37.311788802913064,0
per_huruf_hybrid_skeleton_forced_loop_no_sig,19,737,0.7984832069339111,585.6923076923076,37.2339553937187,585.6923076923076,37.2339553937187,0
per_huruf_hybrid_skeleton_forced_loop_no_sig,19,738,0.799566630552546,585.7692307692307,37.1624943104233,585.7692307692307,37.1624943104233,0
per_huruf_hybrid_skeleton_forced_loop_no_sig,19,739,0.8006500541711808,585.8461538461538,37.09877105143377,585.8461538461538,37.09877105143377,0
per_huruf_hybrid_skeleton_forced_loop_no_sig,19,740,0.8017334777898157,585.9230769230769,37.04415111515703,585.9230769230769,37.04415111515703,0
per_huruf_hybrid_skeleton_forced_loop_no_sig,19,741,0.8028169014084506,586.0,37.0,586.0,37.0,0
per_huruf_hybrid_skeleton_forced_loop_no_sig,19,742,0.8039003250270855,586.0878470641785,36.91260810195722,586.0878470641785,36.91260810195722,0
per_huruf_hybrid_skeleton_forced_loop_no_sig,19,743,0.8049837486457204,586.1939007737826,36.744651797906236,586.1939007737826,36.744651797906236,0
per_huruf_hybrid_skeleton_forced_loop_no_sig,19,744,0.8060671722643553,586.3126991351843,36.52207555757852,586.3126991351843,36.52207555757852,0
per_huruf_hybrid_skeleton_forced_loop_no_sig,19,745,0.8071505958829902,586.4387801547565,36.270823850705504,586.4387801547565,36.270823850705504,0
per_huruf_hybrid_skeleton_forced_loop_no_sig,19,746,0.8082340195016251,586.5666818388713,36.01684114701867,586.5666818388713,36.01684114701867,0
per_huruf_hybrid_skeleton_forced_loop_no_sig,19,747,0.80931744312026,586.6909421939009,35.78607191624943,586.6909421939009,35.78607191624943,0
per_huruf_hybrid_skeleton_forced_loop_no_sig,19,748,0.8104008667388949,586.8060992262176,35.60446062812927,586.8060992262176,35.60446062812927,0
per_huruf_hybrid_skeleton_forced_loop_no_sig,19,749,0.8114842903575298,586.906690942194,35.49795175238962,586.906690942194,35.49795175238962,0
per_huruf_hybrid_skeleton_forced_loop_no_sig,19,750,0.8125677139761647,586.9872553482021,35.49248975876195,586.9872553482021,35.49248975876195,0
per_huruf_hybrid_skeleton_forced_loop_no_sig,19,751,0.8136511375947996,587.0423304506144,35.614019116977694,587.0423304506144,35.614019116977694,0
per_huruf_hybrid_skeleton_forced_loop_no_sig,19,752,0.8147345612134345,587.0664542558034,35.88848429676832,587.0664542558034,35.88848429676832,0
per_huruf_hybrid_skeleton_forced_loop_no_sig,19,753,0.8158179848320692,587.054164770141,36.34182976786527,587.054164770141,36.34182976786527,0
per_huruf_hybrid_skeleton_forced_loop_no_sig,19,754,0.8169014084507041,587.0,37.0,587.0,37.0,0
per_huruf_hybrid_skeleton_forced_loop_no_sig,19,755,0.817984832069339,586.8921256258534,37.93491124260355,586.8921256258534,37.93491124260355,0
per_huruf_hybrid_skeleton_forced_loop_no_sig,19,756,0.8190682556879739,586.728720983159,39.16568047337279,586.728720983159,39.16568047337279,0
per_huruf_hybrid_skeleton_forced_loop_no_sig,19,757,0.8201516793066088,586.5193445607646,40.63905325443786,586.5193445607646,40.63905325443786,0
per_huruf_hybrid_skeleton_forced_loop_no_sig,19,758,0.8212351029252437,586.2735548475192,42.30177514792899,586.2735548475192,42.30177514792899,0
per_huruf_hybrid_skeleton_forced_loop_no_sig,19,759,0.8223185265438786,586.0009103322712,44.10059171597634,586.0009103322712,44.10059171597634,0
per_huruf_hybrid_skeleton_forced_loop_no_sig,19,760,0.8234019501625135,585.7109695038689,45.982248520710066,585.7109695038689,45.982248520710066,0
per_huruf_hybrid_skeleton_forced_loop_no_sig,19,761,0.8244853737811484,585.4132908511607,47.89349112426036,585.4132908511607,47.89349112426036,0
per_huruf_hybrid_skeleton_forced_loop_no_sig,19,762,0.8255687973997833,585.117432862995,49.7810650887574,585.117432862995,49.7810650887574,0
per_huruf_hybrid_skeleton_forced_loop_no_sig,19,763,0.8266522210184182,584.8329540282202,51.59171597633136,584.8329540282202,51.59171597633136,0
per_huruf_hybrid_skeleton_forced_loop_no_sig,19,764,0.8277356446370531,584.569412835685,53.27218934911242,584.569412835685,53.27218934911242,0
per_huruf_hybrid_skeleton_forced_loop_no_sig,19,765,0.828819068255688,584.3363677742376,54.769230769230774,584.3363677742376,54.769230769230774,0
per_huruf_hybrid_skeleton_forced_loop_no_sig,19,766,0.8299024918743229,584.1433773327265,56.02958579881657,584.1433773327265,56.02958579881657,0
per_huruf_hybrid_skeleton_forced_loop_no_sig,19,767,0.8309859154929577,584.0,57.0,584.0,57.0,0
per_huruf_hybrid_skeleton_forced_loop_no_sig,19,768,0.8320693391115925,583.8989531178881,57.69959035047793,583.8989531178881,57.69959035047793,0
per_huruf_hybrid_skeleton_forced_loop_no_sig,19,769,0.8331527627302274,583.8247610377788,58.20027309968139,583.8247610377788,58.20027309968139,0
per_huruf_hybrid_skeleton_forced_loop_no_sig,19,770,0.8342361863488623,583.7746927628584,58.527992717341824,583.7746927628584,58.527992717341824,0
per_huruf_hybrid_skeleton_forced_loop_no_sig,19,771,0.8353196099674972,583.7460172963131,58.70869367319071,583.7460172963131,58.70869367319071,0
per_huruf_hybrid_skeleton_forced_loop_no_sig,19,772,0.8364030335861321,583.736003641329,58.7683204369595,583.736003641329,58.7683204369595,0
per_huruf_hybrid_skeleton_forced_loop_no_sig,19,773,0.837486457204767,583.7419208010924,58.73281747837961,583.7419208010924,58.73281747837961,0
per_huruf_hybrid_skeleton_forced_loop_no_sig,19,774,0.8385698808234019,583.7610377787893,58.62812926718253,583.7610377787893,58.62812926718253,0
per_huruf_hybrid_skeleton_forced_loop_no_sig,19,775,0.8396533044420368,583.7906235776059,58.48020027309968,583.7906235776059,58.48020027309968,0
per_huruf_hybrid_skeleton_forced_loop_no_sig,19,776,0.8407367280606717,583.8279472007282,58.31497496586253,583.8279472007282,58.31497496586253,0
per_huruf_hybrid_skeleton_forced_loop_no_sig,19,777,0.8418201516793066,583.8702776513427,58.15839781520254,583.8702776513427,58.15839781520254,0
per_huruf_hybrid_skeleton_forced_loop_no_sig,19,778,0.8429035752979415,583.9148839326353,58.03641329085116,583.9148839326353,58.03641329085116,0
per_huruf_hybrid_skeleton_forced_loop_no_sig,19,779,0.8439869989165764,583.9590350477924,57.974965862539825,583.9590350477924,57.974965862539825,0
per_huruf_hybrid_skeleton_forced_loop_no_sig,19,780,0.8450704225352113,584.0,58.0,584.0,58.0,0
per_huruf_hybrid_skeleton_forced_loop_no_sig,19,781,0.8461538461538461,584.046882111971,58.07692307692308,584.046882111971,58.07692307692308,0
per_huruf_hybrid_skeleton_forced_loop_no_sig,19,782,0.847237269772481,584.1087847064179,58.15384615384616,584.1087847064179,58.15384615384616,0
per_huruf_hybrid_skeleton_forced_loop_no_sig,19,783,0.8483206933911159,584.182976786527,58.23076923076923,584.182976786527,58.23076923076923,0
per_huruf_hybrid_skeleton_forced_loop_no_sig,19,784,0.8494041170097507,584.2667273554848,58.30769230769231,584.2667273554848,58.30769230769231,0
per_huruf_hybrid_skeleton_forced_loop_no_sig,19,785,0.8504875406283856,584.3573054164771,58.38461538461539,584.3573054164771,58.38461538461539,0
per_huruf_hybrid_skeleton_forced_loop_no_sig,19,786,0.8515709642470205,584.4519799726902,58.46153846153847,584.4519799726902,58.46153846153847,0
per_huruf_hybrid_skeleton_forced_loop_no_sig,19,787,0.8526543878656554,584.54802002731,58.53846153846153,584.54802002731,58.53846153846153,0
per_huruf_hybrid_skeleton_forced_loop_no_sig,19,788,0.8537378114842903,584.642694583523,58.61538461538461,584.642694583523,58.61538461538461,0
per_huruf_hybrid_skeleton_forced_loop_no_sig,19,789,0.8548212351029252,584.7332726445152,58.69230769230769,584.7332726445152,58.69230769230769,0
per_huruf_hybrid_skeleton_forced_loop_no_sig,19,790,0.8559046587215601,584.8170232134728,58.76923076923076,584.8170232134728,58.76923076923076,0
per_huruf_hybrid_skeleton_forced_loop_no_sig,19,791,0.856988082340195,584.8912152935821,58.84615384615384,584.8912152935821,58.84615384615384,0
per_huruf_hybrid_skeleton_forced_loop_no_sig,19,792,0.8580715059588299,584.9531178880292,58.92307692307692,584.9531178880292,58.92307692307692,0
per_huruf_hybrid_skeleton_forced_loop_no_sig,19,793,0.8591549295774648,585.0,59.0,585.0,59.0,0
per_huruf_hybrid_skeleton_forced_loop_no_sig,19,794,0.8602383531960996,585.0273099681384,59.06873008648157,585.0273099681384,59.06873008648157,0
per_huruf_hybrid_skeleton_forced_loop_no_sig,19,795,0.8613217768147345,585.0350477924443,59.12380518889395,585.0350477924443,59.12380518889395,0
per_huruf_hybrid_skeleton_forced_loop_no_sig,19,796,0.8624052004333694,585.0273099681383,59.169321802457894,585.0273099681383,59.169321802457894,0
per_huruf_hybrid_skeleton_forced_loop_no_sig,19,797,0.8634886240520043,585.0081929904416,59.20937642239417,585.0081929904416,59.20937642239417,0
per_huruf_hybrid_skeleton_forced_loop_no_sig,19,798,0.8645720476706392,584.9817933545744,59.24806554392354,584.9817933545744,59.24806554392354,0
per_huruf_hybrid_skeleton_forced_loop_no_sig,19,799,0.8656554712892741,584.9522075557579,59.28948566226673,584.9522075557579,59.28948566226673,0
per_huruf_hybrid_skeleton_forced_loop_no_sig,19,800,0.8667388949079089,584.9235320892125,59.33773327264452,584.9235320892125,59.33773327264452,0
per_huruf_hybrid_skeleton_forced_loop_no_sig,19,801,0.8678223185265438,584.8998634501593,59.39690487027766,584.8998634501593,59.39690487027766,0
per_huruf_hybrid_skeleton_forced_loop_no_sig,19,802,0.8689057421451787,584.8852981338188,59.47109695038689,584.8852981338188,59.47109695038689,0
per_huruf_hybrid_skeleton_forced_loop_no_sig,19,803,0.8699891657638136,584.8839326354118,59.56440600819298,584.8839326354118,59.56440600819298,0
per_huruf_hybrid_skeleton_forced_loop_no_sig,19,804,0.8710725893824485,584.8998634501593,59.6809285389167,584.8998634501593,59.6809285389167,0
per_huruf_hybrid_skeleton_forced_loop_no_sig,19,805,0.8721560130010834,584.9371870732817,59.824761037778785,584.9371870732817,59.824761037778785,0
per_huruf_hybrid_skeleton_forced_loop_no_sig,19,806,0.8732394366197183,585.0,60.0,585.0,60.0,0
per_huruf_hybrid_skeleton_forced_loop_no_sig,19,807,0.8743228602383532,585.0937642239419,60.2175694128357,585.0937642239419,60.2175694128357,0
per_huruf_hybrid_skeleton_forced_loop_no_sig,19,808,0.875406283856988,585.2175694128358,60.48020027309968,585.2175694128358,60.48020027309968,0
per_huruf_hybrid_skeleton_forced_loop_no_sig,19,809,0.8764897074756229,585.3659535730541,60.77969959035047,585.3659535730541,60.77969959035047,0
per_huruf_hybrid_skeleton_forced_loop_no_sig,19,810,0.8775731310942578,585.5334547109694,61.10787437414656,585.5334547109694,61.10787437414656,0
per_huruf_hybrid_skeleton_forced_loop_no_sig,19,811,0.8786565547128927,585.7146108329541,61.45653163404644,585.7146108329541,61.45653163404644,0
per_huruf_hybrid_skeleton_forced_loop_no_sig,19,812,0.8797399783315276,585.9039599453802,61.81747837960856,585.9039599453802,61.81747837960856,0
per_huruf_hybrid_skeleton_forced_loop_no_sig,19,813,0.8808234019501625,586.09604005462,62.182521620391434,586.09604005462,62.182521620391434,0
per_huruf_hybrid_skeleton_forced_loop_no_sig,19,814,0.8819068255687974,586.2853891670459,62.54346836595357,586.2853891670459,62.54346836595357,0
per_huruf_hybrid_skeleton_forced_loop_no_sig,19,815,0.8829902491874322,586.4665452890305,62.89212562585344,586.4665452890305,62.89212562585344,0
per_huruf_hybrid_skeleton_forced_loop_no_sig,19,816,0.8840736728060671,586.6340464269458,63.22030040964951,586.6340464269458,63.22030040964951,0
per_huruf_hybrid_skeleton_forced_loop_no_sig,19,817,0.885157096424702,586.7824305871643,63.51979972690032,586.7824305871643,63.51979972690032,0
per_huruf_hybrid_skeleton_forced_loop_no_sig,19,818,0.8862405200433369,586.9062357760582,63.78243058716431,586.9062357760582,63.78243058716431,0
per_huruf_hybrid_skeleton_forced_loop_no_sig,19,819,0.8873239436619718,587.0,64.0,587.0,64.0,0
per_huruf_hybrid_skeleton_forced_loop_no_sig,19,820,0.8884073672806067,587.1037778789258,64.15612198452436,587.1037778789258,64.15612198452436,0
per_huruf_hybrid_skeleton_forced_loop_no_sig,19,821,0.8894907908992415,587.2503413746019,64.2489758761948,587.2503413746019,64.2489758761948,0
per_huruf_hybrid_skeleton_forced_loop_no_sig,19,822,0.8905742145178764,587.4233045061447,64.29221665908055,587.4233045061447,64.29221665908055,0
per_huruf_hybrid_skeleton_forced_loop_no_sig,19,823,0.8916576381365113,587.6062812926718,64.29949931725079,587.6062812926718,64.29949931725079,0
per_huruf_hybrid_skeleton_forced_loop_no_sig,19,824,0.8927410617551462,587.7828857533001,64.2844788347747,587.7828857533001,64.2844788347747,0
per_huruf_hybrid_skeleton_forced_loop_no_sig,19,825,0.8938244853737811,587.9367319071462,64.26081019572145,587.9367319071462,64.26081019572145,0
per_huruf_hybrid_skeleton_forced_loop_no_sig,19,826,0.894907908992416,588.0514337733273,64.24214838416022,588.0514337733273,64.24214838416022,0
per_huruf_hybrid_skeleton_forced_loop_no_sig,19,827,0.8959913326110509,588.1106053709605,64.24214838416022,588.1106053709605,64.24214838416022,0
per_huruf_hybrid_skeleton_forced_loop_no_sig,19,828,0.8970747562296858,588.0978607191626,64.27446517979062,588.0978607191626,64.27446517979062,0
per_huruf_hybrid_skeleton_forced_loop_no_sig,19,829,0.8981581798483207,587.9968138370505,64.35275375512062,587.9968138370505,64.35275375512062,0
per_huruf_hybrid_skeleton_forced_loop_no_sig,19,830,0.8992416034669556,587.7910787437415,64.49066909421938,587.7910787437415,64.49066909421938,0
per_huruf_hybrid_skeleton_forced_loop_no_sig,19,831,0.9003250270855904,587.4642694583523,64.70186618115612,587.4642694583523,64.70186618115612,0
per_huruf_hybrid_skeleton_forced_loop_no_sig,19,832,0.9014084507042253,587.0,65.0,587.0,65.0,0
per_huruf_hybrid_skeleton_forced_loop_no_sig,19,833,0.9024918743228602,586.3463814292218,65.407828857533,586.3463814292218,65.407828857533,0
per_huruf_hybrid_skeleton_forced_loop_no_sig,19,834,0.903575297941495,585.4870277651343,65.92535275375512,585.4870277651343,65.92535275375512,0
per_huruf_hybrid_skeleton_forced_loop_no_sig,19,835,0.9046587215601299,584.4588074647245,66.53208921256258,584.4588074647245,66.53208921256258,0
per_huruf_hybrid_skeleton_forced_loop_no_sig,19,836,0.9057421451787648,583.2985889849795,67.20755575785161,583.2985889849795,67.20755575785161,0
per_huruf_hybrid_skeleton_forced_loop_no_sig,19,837,0.9068255687973997,582.0432407828858,67.93126991351843,582.0432407828858,67.93126991351843,0
per_huruf_hybrid_skeleton_forced_loop_no_sig,19,838,0.9079089924160346,580.7296313154302,68.68274920345927,580.7296313154302,68.68274920345927,0
per_huruf_hybrid_skeleton_forced_loop_no_sig,19,839,0.9089924160346695,579.3946290395994,69.44151115157032,579.3946290395994,69.44151115157032,0
per_huruf_hybrid_skeleton_forced_loop_no_sig,19,840,0.9100758396533044,578.0751024123806,70.18707328174784,578.0751024123806,70.18707328174784,0
per_huruf_hybrid_skeleton_forced_loop_no_sig,19,841,0.9111592632719393,576.8079198907601,70.89895311788803,576.8079198907601,70.89895311788803,0
per_huruf_hybrid_skeleton_forced_loop_no_sig,19,842,0.9122426868905742,575.6299499317249,71.55666818388713,575.6299499317249,71.55666818388713,0
per_huruf_hybrid_skeleton_forced_loop_no_sig,19,843,0.9133261105092091,574.5780609922622,72.13973600364133,574.5780609922622,72.13973600364133,0
per_huruf_hybrid_skeleton_forced_loop_no_sig,19,844,0.914409534127844,573.6891215293582,72.62767410104688,573.6891215293582,72.62767410104688,0
per_huruf_hybrid_skeleton_forced_loop_no_sig,19,845,0.9154929577464789,573.0,73.0,573.0,73.0,0
per_huruf_hybrid_skeleton_forced_loop_no_sig,19,846,0.9165763813651137,572.4943104233045,73.26490669094221,572.4943104233045,73.26490669094221,0
per_huruf_hybrid_skeleton_forced_loop_no_sig,19,847,0.9176598049837486,572.1201638598088,73.45061447428311,572.1201638598088,73.45061447428311,0
per_huruf_hybrid_skeleton_forced_loop_no_sig,19,848,0.9187432286023834,571.8611743286299,73.56668183887118,571.8611743286299,73.56668183887118,0
per_huruf_hybrid_skeleton_forced_loop_no_sig,19,849,0.9198266522210183,571.7009558488849,73.62266727355484,571.7009558488849,73.62266727355484,0
per_huruf_hybrid_skeleton_forced_loop_no_sig,19,850,0.9209100758396532,571.6231224396905,73.62812926718252,571.6231224396905,73.62812926718252,0
per_huruf_hybrid_skeleton_forced_loop_no_sig,19,851,0.9219934994582881,571.6112881201639,73.59262630860263,571.6112881201639,73.59262630860263,0
per_huruf_hybrid_skeleton_forced_loop_no_sig,19,852,0.923076923076923,571.6490669094219,73.52571688666363,571.6490669094219,73.52571688666363,0
per_huruf_hybrid_skeleton_forced_loop_no_sig,19,853,0.9241603466955579,571.7200728265817,73.43695949021392,571.7200728265817,73.43695949021392,0
per_huruf_hybrid_skeleton_forced_loop_no_sig,19,854,0.9252437703141928,571.8079198907601,73.33591260810195,571.8079198907601,73.33591260810195,0
per_huruf_hybrid_skeleton_forced_loop_no_sig,19,855,0.9263271939328277,571.8962221210741,73.23213472917615,571.8962221210741,73.23213472917615,0
per_huruf_hybrid_skeleton_forced_loop_no_sig,19,856,0.9274106175514626,571.9685935366409,73.13518434228493,571.9685935366409,73.13518434228493,0
per_huruf_hybrid_skeleton_forced_loop_no_sig,19,857,0.9284940411700975,572.0086481565771,73.05461993627674,572.0086481565771,73.05461993627674,0
per_huruf_hybrid_skeleton_forced_loop_no_sig,19,858,0.9295774647887324,572.0,73.0,572.0,73.0,0
per_huruf_hybrid_skeleton_forced_loop_no_sig,19,859,0.9306608884073673,571.967228038234,72.95584888484298,571.967228038234,72.95584888484298,0
per_huruf_hybrid_skeleton_forced_loop_no_sig,19,860,0.9317443120260022,571.9449248975876,72.90122894856623,571.9449248975876,72.90122894856623,0
per_huruf_hybrid_skeleton_forced_loop_no_sig,19,861,0.9328277356446371,571.931725079654,72.83750568957667,571.931725079654,72.83750568957667,0
per_huruf_hybrid_skeleton_forced_loop_no_sig,19,862,0.9339111592632718,571.9262630860264,72.7660446062813,571.9262630860264,72.7660446062813,0
per_huruf_hybrid_skeleton_forced_loop_no_sig,19,863,0.9349945828819067,571.9271734182978,72.68821119708694,571.9271734182978,72.68821119708694,0
per_huruf_hybrid_skeleton_forced_loop_no_sig,19,864,0.9360780065005416,571.9330905780611,72.60537096040055,571.9330905780611,72.60537096040055,0
per_huruf_hybrid_skeleton_forced_loop_no_sig,19,865,0.9371614301191765,571.9426490669094,72.51888939462903,571.9426490669094,72.51888939462903,0
per_huruf_hybrid_skeleton_forced_loop_no_sig,19,866,0.9382448537378114,571.9544833864361,72.43013199817933,571.9544833864361,72.43013199817933,0
per_huruf_hybrid_skeleton_forced_loop_no_sig,19,867,0.9393282773564463,571.9672280382339,72.34046426945835,571.9672280382339,72.34046426945835,0
per_huruf_hybrid_skeleton_forced_loop_no_sig,19,868,0.9404117009750812,571.9795175238962,72.251251706873,571.9795175238962,72.251251706873,0
per_huruf_hybrid_skeleton_forced_loop_no_sig,19,869,0.9414951245937161,571.989986345016,72.16385980883022,571.989986345016,72.16385980883022,0
per_huruf_hybrid_skeleton_forced_loop_no_sig,19,870,0.942578548212351,571.9972690031861,72.07965407373692,571.9972690031861,72.07965407373692,0
per_huruf_hybrid_skeleton_forced_loop_no_sig,19,871,0.9436619718309859,572.0,72.0,572.0,72.0,0
per_huruf_hybrid_skeleton_forced_loop_no_sig,19,872,0.9447453954496208,572.0,71.92307692307695,572.0,71.92307692307695,0
per_huruf_hybrid_skeleton_forced_loop_no_sig,19,873,0.9458288190682557,572.0,71.84615384615385,572.0,71.84615384615385,0
per_huruf_hybrid_skeleton_forced_loop_no_sig,19,874,0.9469122426868906,572.0,71.76923076923076,572.0,71.76923076923076,0
per_huruf_hybrid_skeleton_forced_loop_no_sig,19,875,0.9479956663055255,572.0,71.6923076923077,572.0,71.6923076923077,0
per_huruf_hybrid_skeleton_forced_loop_no_sig,19,876,0.9490790899241603,572.0,71.61538461538461,572.0,71.61538461538461,0
per_huruf_hybrid_skeleton_forced_loop_no_sig,19,877,0.9501625135427951,572.0000000000001,71.53846153846155,572.0000000000001,71.53846153846155,0
per_huruf_hybrid_skeleton_forced_loop_no_sig,19,878,0.95124593716143,572.0,71.46153846153847,572.0,71.46153846153847,0
per_huruf_hybrid_skeleton_forced_loop_no_sig,19,879,0.9523293607800649,572.0,71.38461538461539,572.0,71.38461538461539,0
per_huruf_hybrid_skeleton_forced_loop_no_sig,19,880,0.9534127843986998,572.0,71.3076923076923,572.0,71.3076923076923,0
per_huruf_hybrid_skeleton_forced_loop_no_sig,19,881,0.9544962080173347,572.0,71.23076923076923,572.0,71.23076923076923,0
per_huruf_hybrid_skeleton_forced_loop_no_sig,19,882,0.9555796316359696,572.0,71.15384615384616,572.0,71.15384615384616,0
per_huruf_hybrid_skeleton_forced_loop_no_sig,19,883,0.9566630552546045,572.0,71.07692307692308,572.0,71.07692307692308,0
per_huruf_hybrid_skeleton_forced_loop_no_sig,19,884,0.9577464788732394,572.0,71.0,572.0,71.0,0
per_huruf_hybrid_skeleton_forced_loop_no_sig,19,885,0.9588299024918743,572.0,70.92307692307693,572.0,70.92307692307693,0
per_huruf_hybrid_skeleton_forced_loop_no_sig,19,886,0.9599133261105092,572.0,70.84615384615385,572.0,70.84615384615385,0
per_huruf_hybrid_skeleton_forced_loop_no_sig,19,887,0.9609967497291441,572.0,70.76923076923076,572.0,70.76923076923076,0
per_huruf_hybrid_skeleton_forced_loop_no_sig,19,888,0.962080173347779,572.0,70.69230769230768,572.0,70.69230769230768,0
per_huruf_hybrid_skeleton_forced_loop_no_sig,19,889,0.9631635969664138,572.0,70.61538461538463,572.0,70.61538461538463,0
per_huruf_hybrid_skeleton_forced_loop_no_sig,19,890,0.9642470205850487,572.0000000000001,70.53846153846155,572.0000000000001,70.53846153846155,0
per_huruf_hybrid_skeleton_forced_loop_no_sig,19,891,0.9653304442036836,572.0,70.46153846153845,572.0,70.46153846153845,0
per_huruf_hybrid_skeleton_forced_loop_no_sig,19,892,0.9664138678223185,572.0,70.38461538461539,572.0,70.38461538461539,0
per_huruf_hybrid_skeleton_forced_loop_no_sig,19,893,0.9674972914409533,572.0,70.3076923076923,572.0,70.3076923076923,0
per_huruf_hybrid_skeleton_forced_loop_no_sig,19,894,0.9685807150595882,572.0,70.23076923076923,572.0,70.23076923076923,0
per_huruf_hybrid_skeleton_forced_loop_no_sig,19,895,0.9696641386782231,572.0,70.15384615384616,572.0,70.15384615384616,0
per_huruf_hybrid_skeleton_forced_loop_no_sig,19,896,0.970747562296858,572.0,70.07692307692308,572.0,70.07692307692308,0
per_huruf_hybrid_skeleton_forced_loop_no_sig,19,897,0.9718309859154929,572.0,70.0,572.0,70.0,0
per_huruf_hybrid_skeleton_forced_loop_no_sig,19,898,0.9729144095341278,572.0,69.92307692307695,572.0,69.92307692307695,0
per_huruf_hybrid_skeleton_forced_loop_no_sig,19,899,0.9739978331527627,572.0,69.84615384615384,572.0,69.84615384615384,0
per_huruf_hybrid_skeleton_forced_loop_no_sig,19,900,0.9750812567713976,572.0,69.76923076923076,572.0,69.76923076923076,0
per_huruf_hybrid_skeleton_forced_loop_no_sig,19,901,0.9761646803900325,572.0,69.69230769230768,572.0,69.69230769230768,0
per_huruf_hybrid_skeleton_forced_loop_no_sig,19,902,0.9772481040086674,572.0,69.61538461538461,572.0,69.61538461538461,0
per_huruf_hybrid_skeleton_forced_loop_no_sig,19,903,0.9783315276273022,572.0000000000001,69.53846153846155,572.0000000000001,69.53846153846155,0
per_huruf_hybrid_skeleton_forced_loop_no_sig,19,904,0.9794149512459371,572.0,69.46153846153847,572.0,69.46153846153847,0
per_huruf_hybrid_skeleton_forced_loop_no_sig,19,905,0.980498374864572,572.0,69.38461538461539,572.0,69.38461538461539,0
per_huruf_hybrid_skeleton_forced_loop_no_sig,19,906,0.9815817984832069,572.0,69.3076923076923,572.0,69.3076923076923,0
per_huruf_hybrid_skeleton_forced_loop_no_sig,19,907,0.9826652221018418,572.0,69.23076923076923,572.0,69.23076923076923,0
per_huruf_hybrid_skeleton_forced_loop_no_sig,19,908,0.9837486457204766,572.0,69.15384615384616,572.0,69.15384615384616,0
per_huruf_hybrid_skeleton_forced_loop_no_sig,19,909,0.9848320693391115,572.0,69.07692307692308,572.0,69.07692307692308,0
per_huruf_hybrid_skeleton_forced_loop_no_sig,19,910,0.9859154929577464,572.0,69.0,572.0,69.0,0
per_huruf_hybrid_skeleton_forced_loop_no_sig,19,911,0.9869989165763813,572.0,68.92034592626308,572.0,68.92034592626308,0
per_huruf_hybrid_skeleton_forced_loop_no_sig,19,912,0.9880823401950162,572.0,68.83614019116979,572.0,68.83614019116979,0
per_huruf_hybrid_skeleton_forced_loop_no_sig,19,913,0.9891657638136511,572.0,68.748748293127,572.0,68.748748293127,0
per_huruf_hybrid_skeleton_forced_loop_no_sig,19,914,0.990249187432286,572.0,68.65953573054165,572.0,68.65953573054165,0
per_huruf_hybrid_skeleton_forced_loop_no_sig,19,915,0.9913326110509209,572.0,68.56986800182068,572.0,68.56986800182068,0
per_huruf_hybrid_skeleton_forced_loop_no_sig,19,916,0.9924160346695557,572.0000000000001,68.48111060537097,572.0000000000001,68.48111060537097,0
per_huruf_hybrid_skeleton_forced_loop_no_sig,19,917,0.9934994582881906,572.0,68.39462903959945,572.0,68.39462903959945,0
per_huruf_hybrid_skeleton_forced_loop_no_sig,19,918,0.9945828819068255,572.0,68.31178880291307,572.0,68.31178880291307,0
per_huruf_hybrid_skeleton_forced_loop_no_sig,19,919,0.9956663055254604,572.0,68.2339553937187,572.0,68.2339553937187,0
per_huruf_hybrid_skeleton_forced_loop_no_sig,19,920,0.9967497291440953,572.0,68.1624943104233,572.0,68.1624943104233,0
per_huruf_hybrid_skeleton_forced_loop_no_sig,19,921,0.9978331527627302,572.0,68.09877105143377,572.0,68.09877105143377,0
per_huruf_hybrid_skeleton_forced_loop_no_sig,19,922,0.9989165763813651,572.0,68.04415111515704,572.0,68.04415111515704,0
per_huruf_hybrid_skeleton_forced_loop_no_sig,19,923,1.0,572.0,68.0,572.0,68.0,0
