label,huruf,point_index,t,bezier_xx_x,bezier_xx_y,xx_sc_x,xx_sc_y,is_sample_output_bezier_py
per_huruf_hybrid_skeleton_forced_loop_no_sig,4,0,0.0,67.0,70.0,67.0,70.0,0
per_huruf_hybrid_skeleton_forced_loop_no_sig,4,1,0.00041511000415110004,67.04415111515704,69.8903049613109,67.04415111515704,69.8903049613109,0
per_huruf_hybrid_skeleton_forced_loop_no_sig,4,2,0.0008302200083022001,67.09877105143379,69.79107874374145,67.09877105143379,69.79107874374145,0
per_huruf_hybrid_skeleton_forced_loop_no_sig,4,3,0.0012453300124533001,67.1624943104233,69.70095584888483,67.1624943104233,69.70095584888483,0
per_huruf_hybrid_skeleton_forced_loop_no_sig,4,4,0.0016604400166044002,67.2339553937187,69.61857077833407,67.2339553937187,69.61857077833407,0
per_huruf_hybrid_skeleton_forced_loop_no_sig,4,5,0.0020755500207555004,67.31178880291307,69.5425580336823,67.31178880291307,69.5425580336823,0
per_huruf_hybrid_skeleton_forced_loop_no_sig,4,6,0.0024906600249066002,67.39462903959947,69.47155211652255,67.39462903959947,69.47155211652255,0
per_huruf_hybrid_skeleton_forced_loop_no_sig,4,7,0.0029057700290577,67.48111060537097,69.40418752844788,67.48111060537097,69.40418752844788,0
per_huruf_hybrid_skeleton_forced_loop_no_sig,4,8,0.0033208800332088003,67.56986800182067,69.33909877105143,67.56986800182067,69.33909877105143,0
per_huruf_hybrid_skeleton_forced_loop_no_sig,4,9,0.0037359900373599006,67.65953573054165,69.27492034592626,67.65953573054165,69.27492034592626,0
per_huruf_hybrid_skeleton_forced_loop_no_sig,4,10,0.004151100041511001,67.748748293127,69.21028675466545,67.748748293127,69.21028675466545,0
per_huruf_hybrid_skeleton_forced_loop_no_sig,4,11,0.0045662100456621,67.83614019116979,69.14383249886208,67.83614019116979,69.14383249886208,0
per_huruf_hybrid_skeleton_forced_loop_no_sig,4,12,0.0049813200498132005,67.92034592626308,69.07419208010924,67.92034592626308,69.07419208010924,0
per_huruf_hybrid_skeleton_forced_loop_no_sig,4,13,0.005396430053964301,68.0,69.0,68.0,69.0,0
per_huruf_hybrid_skeleton_forced_loop_no_sig,4,14,0.0058115400581154,68.0769230769231,68.92307692307692,68.0769230769231,68.92307692307692,0
per_huruf_hybrid_skeleton_forced_loop_no_sig,4,15,0.0062266500622665,68.15384615384616,68.84615384615385,68.15384615384616,68.84615384615385,0
per_huruf_hybrid_skeleton_forced_loop_no_sig,4,16,0.006641760066417601,68.23076923076921,68.76923076923076,68.23076923076921,68.76923076923076,0
per_huruf_hybrid_skeleton_forced_loop_no_sig,4,17,0.007056870070568701,68.30769230769229,68.6923076923077,68.30769230769229,68.6923076923077,0
per_huruf_hybrid_skeleton_forced_loop_no_sig,4,18,0.007471980074719801,68.38461538461539,68.61538461538463,68.38461538461539,68.61538461538463,0
per_huruf_hybrid_skeleton_forced_loop_no_sig,4,19,0.0078870900788709,68.46153846153847,68.53846153846155,68.46153846153847,68.53846153846155,0
per_huruf_hybrid_skeleton_forced_loop_no_sig,4,20,0.008302200083022002,68.53846153846153,68.46153846153847,68.53846153846153,68.46153846153847,0
per_huruf_hybrid_skeleton_forced_loop_no_sig,4,21,0.008717310087173101,68.61538461538461,68.38461538461539,68.61538461538461,68.38461538461539,0
per_huruf_hybrid_skeleton_forced_loop_no_sig,4,22,0.0091324200913242,68.6923076923077,68.30769230769229,68.6923076923077,68.30769230769229,0
per_huruf_hybrid_skeleton_forced_loop_no_sig,4,23,0.009547530095475302,68.76923076923077,68.23076923076923,68.76923076923077,68.23076923076923,0
per_huruf_hybrid_skeleton_forced_loop_no_sig,4,24,0.009962640099626401,68.84615384615385,68.15384615384616,68.84615384615385,68.15384615384616,0
per_huruf_hybrid_skeleton_forced_loop_no_sig,4,25,0.0103777501037775,68.92307692307692,68.07692307692308,68.92307692307692,68.07692307692308,0
per_huruf_hybrid_skeleton_forced_loop_no_sig,4,26,0.010792860107928601,69.0,68.0,69.0,68.0,0
per_huruf_hybrid_skeleton_forced_loop_no_sig,4,27,0.0112079701120797,69.07692307692308,67.9203459262631,69.07692307692308,67.9203459262631,0
per_huruf_hybrid_skeleton_forced_loop_no_sig,4,28,0.0116230801162308,69.15384615384615,67.83614019116979,69.15384615384615,67.83614019116979,0
per_huruf_hybrid_skeleton_forced_loop_no_sig,4,29,0.012038190120381901,69.23076923076921,67.74874829312698,69.23076923076921,67.74874829312698,0
per_huruf_hybrid_skeleton_forced_loop_no_sig,4,30,0.012453300124533,69.30769230769229,67.65953573054163,69.30769230769229,67.65953573054163,0
per_huruf_hybrid_skeleton_forced_loop_no_sig,4,31,0.012868410128684102,69.38461538461539,67.56986800182068,69.38461538461539,67.56986800182068,0
per_huruf_hybrid_skeleton_forced_loop_no_sig,4,32,0.013283520132835201,69.46153846153847,67.48111060537097,69.46153846153847,67.48111060537097,0
per_huruf_hybrid_skeleton_forced_loop_no_sig,4,33,0.0136986301369863,69.53846153846155,67.39462903959947,69.53846153846155,67.39462903959947,0
per_huruf_hybrid_skeleton_forced_loop_no_sig,4,34,0.014113740141137402,69.61538461538461,67.31178880291307,69.61538461538461,67.31178880291307,0
per_huruf_hybrid_skeleton_forced_loop_no_sig,4,35,0.014528850145288501,69.6923076923077,67.2339553937187,69.6923076923077,67.2339553937187,0
per_huruf_hybrid_skeleton_forced_loop_no_sig,4,36,0.014943960149439602,69.76923076923077,67.16249431042331,69.76923076923077,67.16249431042331,0
per_huruf_hybrid_skeleton_forced_loop_no_sig,4,37,0.015359070153590702,69.84615384615385,67.09877105143377,69.84615384615385,67.09877105143377,0
per_huruf_hybrid_skeleton_forced_loop_no_sig,4,38,0.0157741801577418,69.92307692307692,67.04415111515704,69.92307692307692,67.04415111515704,0
per_huruf_hybrid_skeleton_forced_loop_no_sig,4,39,0.0161892901618929,70.0,67.0,70.0,67.0,0
per_huruf_hybrid_skeleton_forced_loop_no_sig,4,40,0.016604400166044003,70.0769230769231,66.96722803823397,70.0769230769231,66.96722803823397,1
per_huruf_hybrid_skeleton_forced_loop_no_sig,4,41,0.017019510170195103,70.15384615384615,66.94492489758763,70.15384615384615,66.94492489758763,0
per_huruf_hybrid_skeleton_forced_loop_no_sig,4,42,0.017434620174346202,70.23076923076921,66.93172507965406,70.23076923076921,66.93172507965406,0
per_huruf_hybrid_skeleton_forced_loop_no_sig,4,43,0.0178497301784973,70.3076923076923,66.9262630860264,70.3076923076923,66.9262630860264,0
per_huruf_hybrid_skeleton_forced_loop_no_sig,4,44,0.0182648401826484,70.38461538461539,66.92717341829768,70.38461538461539,66.92717341829768,0
per_huruf_hybrid_skeleton_forced_loop_no_sig,4,45,0.0186799501867995,70.46153846153848,66.933090578061,70.46153846153848,66.933090578061,0
per_huruf_hybrid_skeleton_forced_loop_no_sig,4,46,0.019095060190950603,70.53846153846155,66.94264906690941,70.53846153846155,66.94264906690941,0
per_huruf_hybrid_skeleton_forced_loop_no_sig,4,47,0.019510170195101702,70.61538461538461,66.95448338643605,70.61538461538461,66.95448338643605,0
per_huruf_hybrid_skeleton_forced_loop_no_sig,4,48,0.019925280199252802,70.6923076923077,66.96722803823396,70.6923076923077,66.96722803823396,0
per_huruf_hybrid_skeleton_forced_loop_no_sig,4,49,0.0203403902034039,70.76923076923077,66.97951752389622,70.76923076923077,66.97951752389622,0
per_huruf_hybrid_skeleton_forced_loop_no_sig,4,50,0.020755500207555,70.84615384615385,66.98998634501594,70.84615384615385,66.98998634501594,0
per_huruf_hybrid_skeleton_forced_loop_no_sig,4,51,0.021170610211706103,70.92307692307692,66.99726900318616,70.92307692307692,66.99726900318616,0
per_huruf_hybrid_skeleton_forced_loop_no_sig,4,52,0.021585720215857203,71.0,67.0,71.0,67.0,0
per_huruf_hybrid_skeleton_forced_loop_no_sig,4,53,0.022000830220008302,71.07692307692308,67.00000000000001,71.07692307692308,67.00000000000001,0
per_huruf_hybrid_skeleton_forced_loop_no_sig,4,54,0.0224159402241594,71.15384615384616,67.00000000000001,71.15384615384616,67.00000000000001,0
per_huruf_hybrid_skeleton_forced_loop_no_sig,4,55,0.0228310502283105,71.23076923076921,66.99999999999999,71.23076923076921,66.99999999999999,0
per_huruf_hybrid_skeleton_forced_loop_no_sig,4,56,0.0232461602324616,71.3076923076923,66.99999999999999,71.3076923076923,66.99999999999999,0
per_huruf_hybrid_skeleton_forced_loop_no_sig,4,57,0.023661270236612703,71.38461538461539,67.00000000000001,71.38461538461539,67.00000000000001,0
per_huruf_hybrid_skeleton_forced_loop_no_sig,4,58,0.024076380240763803,71.46153846153847,67.00000000000001,71.46153846153847,67.00000000000001,0
per_huruf_hybrid_skeleton_forced_loop_no_sig,4,59,0.024491490244914902,71.53846153846153,67.0,71.53846153846153,67.0,0
per_huruf_hybrid_skeleton_forced_loop_no_sig,4,60,0.024906600249066,71.61538461538461,67.0,71.61538461538461,67.0,0
per_huruf_hybrid_skeleton_forced_loop_no_sig,4,61,0.0253217102532171,71.6923076923077,67.0,71.6923076923077,67.0,1
per_huruf_hybrid_skeleton_forced_loop_no_sig,4,62,0.025736820257368204,71.76923076923077,67.0,71.76923076923077,67.0,0
per_huruf_hybrid_skeleton_forced_loop_no_sig,4,63,0.026151930261519303,71.84615384615385,67.0,71.84615384615385,67.0,0
per_huruf_hybrid_skeleton_forced_loop_no_sig,4,64,0.026567040265670402,71.92307692307692,67.0,71.92307692307692,67.0,0
per_huruf_hybrid_skeleton_forced_loop_no_sig,4,65,0.026982150269821502,72.0,67.0,72.0,67.0,0
per_huruf_hybrid_skeleton_forced_loop_no_sig,4,66,0.0273972602739726,72.07692307692308,67.00000000000001,72.07692307692308,67.00000000000001,0
per_huruf_hybrid_skeleton_forced_loop_no_sig,4,67,0.027812370278123704,72.15384615384616,67.00000000000001,72.15384615384616,67.00000000000001,0
per_huruf_hybrid_skeleton_forced_loop_no_sig,4,68,0.028227480282274803,72.23076923076923,66.99999999999999,72.23076923076923,66.99999999999999,0
per_huruf_hybrid_skeleton_forced_loop_no_sig,4,69,0.028642590286425903,72.30769230769229,66.99999999999999,72.30769230769229,66.99999999999999,0
per_huruf_hybrid_skeleton_forced_loop_no_sig,4,70,0.029057700290577002,72.38461538461539,67.00000000000001,72.38461538461539,67.00000000000001,0
per_huruf_hybrid_skeleton_forced_loop_no_sig,4,71,0.0294728102947281,72.46153846153845,67.00000000000001,72.46153846153845,67.00000000000001,0
per_huruf_hybrid_skeleton_forced_loop_no_sig,4,72,0.029887920298879204,72.53846153846153,67.0,72.53846153846153,67.0,0
per_huruf_hybrid_skeleton_forced_loop_no_sig,4,73,0.030303030303030304,72.61538461538461,67.0,72.61538461538461,67.0,0
per_huruf_hybrid_skeleton_forced_loop_no_sig,4,74,0.030718140307181403,72.69230769230768,67.0,72.69230769230768,67.0,0
per_huruf_hybrid_skeleton_forced_loop_no_sig,4,75,0.031133250311332503,72.76923076923077,67.0,72.76923076923077,67.0,0
per_huruf_hybrid_skeleton_forced_loop_no_sig,4,76,0.0315483603154836,72.84615384615384,67.0,72.84615384615384,67.0,0
per_huruf_hybrid_skeleton_forced_loop_no_sig,4,77,0.0319634703196347,72.92307692307692,67.0,72.92307692307692,67.0,0
per_huruf_hybrid_skeleton_forced_loop_no_sig,4,78,0.0323785803237858,73.0,67.0,73.0,67.0,0
per_huruf_hybrid_skeleton_forced_loop_no_sig,4,79,0.0327936903279369,73.07692307692308,67.00000000000001,73.07692307692308,67.00000000000001,0
per_huruf_hybrid_skeleton_forced_loop_no_sig,4,80,0.033208800332088007,73.15384615384615,67.00000000000001,73.15384615384615,67.00000000000001,0
per_huruf_hybrid_skeleton_forced_loop_no_sig,4,81,0.033623910336239106,73.23076923076923,66.99999999999999,73.23076923076923,66.99999999999999,1
per_huruf_hybrid_skeleton_forced_loop_no_sig,4,82,0.034039020340390205,73.3076923076923,66.99999999999999,73.3076923076923,66.99999999999999,0
per_huruf_hybrid_skeleton_forced_loop_no_sig,4,83,0.034454130344541305,73.38461538461539,67.00000000000001,73.38461538461539,67.00000000000001,0
per_huruf_hybrid_skeleton_forced_loop_no_sig,4,84,0.034869240348692404,73.46153846153847,67.00000000000001,73.46153846153847,67.00000000000001,0
per_huruf_hybrid_skeleton_forced_loop_no_sig,4,85,0.0352843503528435,73.53846153846155,67.0,73.53846153846155,67.0,0
per_huruf_hybrid_skeleton_forced_loop_no_sig,4,86,0.0356994603569946,73.61538461538461,67.0,73.61538461538461,67.0,0
per_huruf_hybrid_skeleton_forced_loop_no_sig,4,87,0.0361145703611457,73.6923076923077,67.0,73.6923076923077,67.0,0
per_huruf_hybrid_skeleton_forced_loop_no_sig,4,88,0.0365296803652968,73.76923076923077,67.0,73.76923076923077,67.0,0
per_huruf_hybrid_skeleton_forced_loop_no_sig,4,89,0.0369447903694479,73.84615384615384,67.0,73.84615384615384,67.0,0
per_huruf_hybrid_skeleton_forced_loop_no_sig,4,90,0.037359900373599,73.92307692307692,67.0,73.92307692307692,67.0,0
per_huruf_hybrid_skeleton_forced_loop_no_sig,4,91,0.03777501037775011,74.0,67.0,74.0,67.0,1
per_huruf_hybrid_skeleton_forced_loop_no_sig,4,92,0.038190120381901206,74.07692307692308,67.00000000000001,74.07692307692308,67.00000000000001,0
per_huruf_hybrid_skeleton_forced_loop_no_sig,4,93,0.038605230386052306,74.15384615384615,67.00000000000001,74.15384615384615,67.00000000000001,0
per_huruf_hybrid_skeleton_forced_loop_no_sig,4,94,0.039020340390203405,74.23076923076923,66.99999999999999,74.23076923076923,66.99999999999999,0
per_huruf_hybrid_skeleton_forced_loop_no_sig,4,95,0.039435450394354504,74.30769230769229,66.99999999999999,74.30769230769229,66.99999999999999,0
per_huruf_hybrid_skeleton_forced_loop_no_sig,4,96,0.039850560398505604,74.3846153846154,67.00000000000001,74.3846153846154,67.00000000000001,0
per_huruf_hybrid_skeleton_forced_loop_no_sig,4,97,0.0402656704026567,74.46153846153847,67.00000000000001,74.46153846153847,67.00000000000001,0
per_huruf_hybrid_skeleton_forced_loop_no_sig,4,98,0.0406807804068078,74.53846153846153,67.0,74.53846153846153,67.0,0
per_huruf_hybrid_skeleton_forced_loop_no_sig,4,99,0.0410958904109589,74.61538461538461,67.0,74.61538461538461,67.0,0
per_huruf_hybrid_skeleton_forced_loop_no_sig,4,100,0.04151100041511,74.6923076923077,67.0,74.6923076923077,67.0,0
per_huruf_hybrid_skeleton_forced_loop_no_sig,4,101,0.0419261104192611,74.76923076923077,67.0,74.76923076923077,67.0,0
per_huruf_hybrid_skeleton_forced_loop_no_sig,4,102,0.04234122042341221,74.84615384615384,67.0,74.84615384615384,67.0,0
per_huruf_hybrid_skeleton_forced_loop_no_sig,4,103,0.042756330427563306,74.92307692307692,67.0,74.92307692307692,67.0,0
per_huruf_hybrid_skeleton_forced_loop_no_sig,4,104,0.043171440431714406,75.0,67.0,75.0,67.0,0
per_huruf_hybrid_skeleton_forced_loop_no_sig,4,105,0.043586550435865505,75.07692307692308,66.99726900318618,75.07692307692308,66.99726900318618,0
per_huruf_hybrid_skeleton_forced_loop_no_sig,4,106,0.044001660440016604,75.15384615384616,66.98998634501594,75.15384615384616,66.98998634501594,0
per_huruf_hybrid_skeleton_forced_loop_no_sig,4,107,0.044416770444167704,75.23076923076923,66.9795175238962,75.23076923076923,66.9795175238962,0
per_huruf_hybrid_skeleton_forced_loop_no_sig,4,108,0.0448318804483188,75.3076923076923,66.96722803823394,75.3076923076923,66.96722803823394,0
per_huruf_hybrid_skeleton_forced_loop_no_sig,4,109,0.0452469904524699,75.3846153846154,66.95448338643605,75.3846153846154,66.95448338643605,0
per_huruf_hybrid_skeleton_forced_loop_no_sig,4,110,0.045662100456621,75.46153846153847,66.94264906690942,75.46153846153847,66.94264906690942,0
per_huruf_hybrid_skeleton_forced_loop_no_sig,4,111,0.0460772104607721,75.53846153846153,66.93309057806098,75.53846153846153,66.93309057806098,0
per_huruf_hybrid_skeleton_forced_loop_no_sig,4,112,0.0464923204649232,75.61538461538461,66.92717341829768,75.61538461538461,66.92717341829768,0
per_huruf_hybrid_skeleton_forced_loop_no_sig,4,113,0.04690743046907431,75.6923076923077,66.9262630860264,75.6923076923077,66.9262630860264,0
per_huruf_hybrid_skeleton_forced_loop_no_sig,4,114,0.047322540473225407,75.76923076923077,66.93172507965406,75.76923076923077,66.93172507965406,0
per_huruf_hybrid_skeleton_forced_loop_no_sig,4,115,0.047737650477376506,75.84615384615384,66.94492489758761,75.84615384615384,66.94492489758761,0
per_huruf_hybrid_skeleton_forced_loop_no_sig,4,116,0.048152760481527605,75.92307692307692,66.96722803823396,75.92307692307692,66.96722803823396,0
per_huruf_hybrid_skeleton_forced_loop_no_sig,4,117,0.048567870485678705,76.0,67.0,76.0,67.0,0
per_huruf_hybrid_skeleton_forced_loop_no_sig,4,118,0.048982980489829804,76.07965407373693,67.04415111515704,76.07965407373693,67.04415111515704,0
per_huruf_hybrid_skeleton_forced_loop_no_sig,4,119,0.0493980904939809,76.16385980883024,67.09877105143379,76.16385980883024,67.09877105143379,0
per_huruf_hybrid_skeleton_forced_loop_no_sig,4,120,0.049813200498132,76.25125170687299,67.1624943104233,76.25125170687299,67.1624943104233,0
per_huruf_hybrid_skeleton_forced_loop_no_sig,4,121,0.0502283105022831,76.34046426945834,67.2339553937187,76.34046426945834,67.2339553937187,0
per_huruf_hybrid_skeleton_forced_loop_no_sig,4,122,0.0506434205064342,76.43013199817933,67.31178880291307,76.43013199817933,67.31178880291307,1
per_huruf_hybrid_skeleton_forced_loop_no_sig,4,123,0.05105853051058531,76.51888939462904,67.39462903959947,76.51888939462904,67.39462903959947,0
per_huruf_hybrid_skeleton_forced_loop_no_sig,4,124,0.05147364051473641,76.60537096040055,67.48111060537097,76.60537096040055,67.48111060537097,0
per_huruf_hybrid_skeleton_forced_loop_no_sig,4,125,0.05188875051888751,76.68821119708693,67.56986800182067,76.68821119708693,67.56986800182067,0
per_huruf_hybrid_skeleton_forced_loop_no_sig,4,126,0.052303860523038606,76.76604460628128,67.65953573054165,76.76604460628128,67.65953573054165,0
per_huruf_hybrid_skeleton_forced_loop_no_sig,4,127,0.052718970527189705,76.83750568957669,67.748748293127,76.83750568957669,67.748748293127,0
per_huruf_hybrid_skeleton_forced_loop_no_sig,4,128,0.053134080531340805,76.90122894856623,67.83614019116979,76.90122894856623,67.83614019116979,0
per_huruf_hybrid_skeleton_forced_loop_no_sig,4,129,0.053549190535491904,76.95584888484296,67.92034592626308,76.95584888484296,67.92034592626308,0
per_huruf_hybrid_skeleton_forced_loop_no_sig,4,130,0.053964300539643004,77.0,68.0,77.0,68.0,0
per_huruf_hybrid_skeleton_forced_loop_no_sig,4,131,0.0543794105437941,77.03004096495222,68.0769230769231,77.03004096495222,68.0769230769231,0
per_huruf_hybrid_skeleton_forced_loop_no_sig,4,132,0.0547945205479452,77.04506144742831,68.15384615384616,77.04506144742831,68.15384615384616,0
per_huruf_hybrid_skeleton_forced_loop_no_sig,4,133,0.0552096305520963,77.04779244424213,68.23076923076921,77.04779244424213,68.23076923076921,0
per_huruf_hybrid_skeleton_forced_loop_no_sig,4,134,0.05562474055624741,77.04096495220755,68.30769230769229,77.04096495220755,68.30769230769229,0
per_huruf_hybrid_skeleton_forced_loop_no_sig,4,135,0.05603985056039851,77.02730996813838,68.38461538461539,77.02730996813838,68.38461538461539,0
per_huruf_hybrid_skeleton_forced_loop_no_sig,4,136,0.05645496056454961,77.00955848884843,68.46153846153847,77.00955848884843,68.46153846153847,0
per_huruf_hybrid_skeleton_forced_loop_no_sig,4,137,0.056870070568700706,76.99044151115157,68.53846153846153,76.99044151115157,68.53846153846153,0
per_huruf_hybrid_skeleton_forced_loop_no_sig,4,138,0.057285180572851806,76.97269003186163,68.61538461538461,76.97269003186163,68.61538461538461,0
per_huruf_hybrid_skeleton_forced_loop_no_sig,4,139,0.057700290577002905,76.95903504779244,68.6923076923077,76.95903504779244,68.6923076923077,0
per_huruf_hybrid_skeleton_forced_loop_no_sig,4,140,0.058115400581154004,76.95220755575784,68.76923076923077,76.95220755575784,68.76923076923077,0
per_huruf_hybrid_skeleton_forced_loop_no_sig,4,141,0.058530510585305104,76.95493855257169,68.84615384615385,76.95493855257169,68.84615384615385,0
per_huruf_hybrid_skeleton_forced_loop_no_sig,4,142,0.0589456205894562,76.9699590350478,68.92307692307692,76.9699590350478,68.92307692307692,0
per_huruf_hybrid_skeleton_forced_loop_no_sig,4,143,0.0593607305936073,77.0,69.0,77.0,69.0,0
per_huruf_hybrid_skeleton_forced_loop_no_sig,4,144,0.05977584059775841,77.04688211197087,69.07692307692308,77.04688211197087,69.07692307692308,0
per_huruf_hybrid_skeleton_forced_loop_no_sig,4,145,0.06019095060190951,77.10878470641785,69.15384615384615,77.10878470641785,69.15384615384615,0
per_huruf_hybrid_skeleton_forced_loop_no_sig,4,146,0.06060606060606061,77.18297678652706,69.23076923076921,77.18297678652706,69.23076923076921,0
per_huruf_hybrid_skeleton_forced_loop_no_sig,4,147,0.06102117061021171,77.26672735548475,69.30769230769229,77.26672735548475,69.30769230769229,0
per_huruf_hybrid_skeleton_forced_loop_no_sig,4,148,0.061436280614362807,77.35730541647702,69.38461538461539,77.35730541647702,69.38461538461539,0
per_huruf_hybrid_skeleton_forced_loop_no_sig,4,149,0.061851390618513906,77.45197997269004,69.46153846153847,77.45197997269004,69.46153846153847,0
per_huruf_hybrid_skeleton_forced_loop_no_sig,4,150,0.062266500622665005,77.54802002730997,69.53846153846155,77.54802002730997,69.53846153846155,0
per_huruf_hybrid_skeleton_forced_loop_no_sig,4,151,0.06268161062681611,77.642694583523,69.61538461538461,77.642694583523,69.61538461538461,0
per_huruf_hybrid_skeleton_forced_loop_no_sig,4,152,0.0630967206309672,77.73327264451524,69.6923076923077,77.73327264451524,69.6923076923077,0
per_huruf_hybrid_skeleton_forced_loop_no_sig,4,153,0.06351183063511831,77.81702321347291,69.76923076923077,77.81702321347291,69.76923076923077,0
per_huruf_hybrid_skeleton_forced_loop_no_sig,4,154,0.0639269406392694,77.89121529358215,69.84615384615385,77.89121529358215,69.84615384615385,0
per_huruf_hybrid_skeleton_forced_loop_no_sig,4,155,0.06434205064342051,77.95311788802913,69.92307692307692,77.95311788802913,69.92307692307692,0
per_huruf_hybrid_skeleton_forced_loop_no_sig,4,156,0.0647571606475716,78.0,70.0,78.0,70.0,0
per_huruf_hybrid_skeleton_forced_loop_no_sig,4,157,0.06517227065172271,78.03004096495222,70.0769230769231,78.03004096495222,70.0769230769231,0
per_huruf_hybrid_skeleton_forced_loop_no_sig,4,158,0.0655873806558738,78.04506144742832,70.15384615384615,78.04506144742832,70.15384615384615,0
per_huruf_hybrid_skeleton_forced_loop_no_sig,4,159,0.0660024906600249,78.04779244424213,70.23076923076921,78.04779244424213,70.23076923076921,0
per_huruf_hybrid_skeleton_forced_loop_no_sig,4,160,0.06641760066417601,78.04096495220755,70.3076923076923,78.04096495220755,70.3076923076923,0
per_huruf_hybrid_skeleton_forced_loop_no_sig,4,161,0.0668327106683271,78.02730996813838,70.38461538461539,78.02730996813838,70.38461538461539,0
per_huruf_hybrid_skeleton_forced_loop_no_sig,4,162,0.06724782067247821,78.00955848884844,70.46153846153848,78.00955848884844,70.46153846153848,0
per_huruf_hybrid_skeleton_forced_loop_no_sig,4,163,0.0676629306766293,77.99044151115157,70.53846153846155,77.99044151115157,70.53846153846155,0
per_huruf_hybrid_skeleton_forced_loop_no_sig,4,164,0.06807804068078041,77.97269003186163,70.61538461538461,77.97269003186163,70.61538461538461,0
per_huruf_hybrid_skeleton_forced_loop_no_sig,4,165,0.0684931506849315,77.95903504779244,70.6923076923077,77.95903504779244,70.6923076923077,0
per_huruf_hybrid_skeleton_forced_loop_no_sig,4,166,0.06890826068908261,77.95220755575785,70.76923076923077,77.95220755575785,70.76923076923077,0
per_huruf_hybrid_skeleton_forced_loop_no_sig,4,167,0.0693233706932337,77.95493855257169,70.84615384615385,77.95493855257169,70.84615384615385,0
per_huruf_hybrid_skeleton_forced_loop_no_sig,4,168,0.06973848069738481,77.9699590350478,70.92307692307692,77.9699590350478,70.92307692307692,0
per_huruf_hybrid_skeleton_forced_loop_no_sig,4,169,0.0701535907015359,78.0,71.0,78.0,71.0,0
per_huruf_hybrid_skeleton_forced_loop_no_sig,4,170,0.070568700705687,78.04688211197089,71.07692307692308,78.04688211197089,71.07692307692308,0
per_huruf_hybrid_skeleton_forced_loop_no_sig,4,171,0.07098381070983811,78.10878470641785,71.15384615384616,78.10878470641785,71.15384615384616,0
per_huruf_hybrid_skeleton_forced_loop_no_sig,4,172,0.0713989207139892,78.18297678652706,71.23076923076921,78.18297678652706,71.23076923076921,0
per_huruf_hybrid_skeleton_forced_loop_no_sig,4,173,0.07181403071814031,78.26672735548475,71.3076923076923,78.26672735548475,71.3076923076923,0
per_huruf_hybrid_skeleton_forced_loop_no_sig,4,174,0.0722291407222914,78.35730541647702,71.38461538461539,78.35730541647702,71.38461538461539,0
per_huruf_hybrid_skeleton_forced_loop_no_sig,4,175,0.07264425072644251,78.45197997269004,71.46153846153847,78.45197997269004,71.46153846153847,0
per_huruf_hybrid_skeleton_forced_loop_no_sig,4,176,0.0730593607305936,78.54802002730996,71.53846153846153,78.54802002730996,71.53846153846153,0
per_huruf_hybrid_skeleton_forced_loop_no_sig,4,177,0.07347447073474471,78.64269458352298,71.61538461538461,78.64269458352298,71.61538461538461,0
per_huruf_hybrid_skeleton_forced_loop_no_sig,4,178,0.0738895807388958,78.73327264451524,71.6923076923077,78.73327264451524,71.6923076923077,0
per_huruf_hybrid_skeleton_forced_loop_no_sig,4,179,0.07430469074304691,78.81702321347291,71.76923076923077,78.81702321347291,71.76923076923077,0
per_huruf_hybrid_skeleton_forced_loop_no_sig,4,180,0.074719800747198,78.89121529358215,71.84615384615385,78.89121529358215,71.84615384615385,1
per_huruf_hybrid_skeleton_forced_loop_no_sig,4,181,0.07513491075134911,78.95311788802913,71.92307692307692,78.95311788802913,71.92307692307692,0
per_huruf_hybrid_skeleton_forced_loop_no_sig,4,182,0.07555002075550021,79.0,72.0,79.0,72.0,0
per_huruf_hybrid_skeleton_forced_loop_no_sig,4,183,0.0759651307596513,79.0355029585799,72.07692307692308,79.0355029585799,72.07692307692308,0
per_huruf_hybrid_skeleton_forced_loop_no_sig,4,184,0.07638024076380241,79.06508875739647,72.15384615384616,79.06508875739647,72.15384615384616,0
per_huruf_hybrid_skeleton_forced_loop_no_sig,4,185,0.0767953507679535,79.0887573964497,72.23076923076923,79.0887573964497,72.23076923076923,0
per_huruf_hybrid_skeleton_forced_loop_no_sig,4,186,0.07721046077210461,79.10650887573964,72.30769230769229,79.10650887573964,72.30769230769229,0
per_huruf_hybrid_skeleton_forced_loop_no_sig,4,187,0.0776255707762557,79.11834319526629,72.38461538461539,79.11834319526629,72.38461538461539,0
per_huruf_hybrid_skeleton_forced_loop_no_sig,4,188,0.07804068078040681,79.12426035502959,72.46153846153845,79.12426035502959,72.46153846153845,0
per_huruf_hybrid_skeleton_forced_loop_no_sig,4,189,0.0784557907845579,79.12426035502959,72.53846153846153,79.12426035502959,72.53846153846153,0
per_huruf_hybrid_skeleton_forced_loop_no_sig,4,190,0.07887090078870901,79.11834319526629,72.61538461538461,79.11834319526629,72.61538461538461,0
per_huruf_hybrid_skeleton_forced_loop_no_sig,4,191,0.0792860107928601,79.10650887573964,72.69230769230768,79.10650887573964,72.69230769230768,0
per_huruf_hybrid_skeleton_forced_loop_no_sig,4,192,0.07970112079701121,79.0887573964497,72.76923076923077,79.0887573964497,72.76923076923077,0
per_huruf_hybrid_skeleton_forced_loop_no_sig,4,193,0.08011623080116231,79.06508875739645,72.84615384615384,79.06508875739645,72.84615384615384,0
per_huruf_hybrid_skeleton_forced_loop_no_sig,4,194,0.0805313408053134,79.03550295857988,72.92307692307692,79.03550295857988,72.92307692307692,0
per_huruf_hybrid_skeleton_forced_loop_no_sig,4,195,0.08094645080946451,79.0,73.0,79.0,73.0,0
per_huruf_hybrid_skeleton_forced_loop_no_sig,4,196,0.0813615608136156,78.95584888484298,73.07692307692308,78.95584888484298,73.07692307692308,0
per_huruf_hybrid_skeleton_forced_loop_no_sig,4,197,0.08177667081776671,78.90122894856623,73.15384615384615,78.90122894856623,73.15384615384615,0
per_huruf_hybrid_skeleton_forced_loop_no_sig,4,198,0.0821917808219178,78.83750568957669,73.23076923076923,78.83750568957669,73.23076923076923,0
per_huruf_hybrid_skeleton_forced_loop_no_sig,4,199,0.08260689082606891,78.76604460628128,73.3076923076923,78.76604460628128,73.3076923076923,0
per_huruf_hybrid_skeleton_forced_loop_no_sig,4,200,0.08302200083022,78.68821119708694,73.38461538461539,78.68821119708694,73.38461538461539,0
per_huruf_hybrid_skeleton_forced_loop_no_sig,4,201,0.08343711083437111,78.60537096040055,73.46153846153847,78.60537096040055,73.46153846153847,0
per_huruf_hybrid_skeleton_forced_loop_no_sig,4,202,0.0838522208385222,78.51888939462904,73.53846153846155,78.51888939462904,73.53846153846155,0
per_huruf_hybrid_skeleton_forced_loop_no_sig,4,203,0.08426733084267331,78.43013199817933,73.61538461538461,78.43013199817933,73.61538461538461,0
per_huruf_hybrid_skeleton_forced_loop_no_sig,4,204,0.08468244084682441,78.34046426945834,73.6923076923077,78.34046426945834,73.6923076923077,0
per_huruf_hybrid_skeleton_forced_loop_no_sig,4,205,0.0850975508509755,78.251251706873,73.76923076923077,78.251251706873,73.76923076923077,0
per_huruf_hybrid_skeleton_forced_loop_no_sig,4,206,0.08551266085512661,78.16385980883022,73.84615384615384,78.16385980883022,73.84615384615384,0
per_huruf_hybrid_skeleton_forced_loop_no_sig,4,207,0.0859277708592777,78.07965407373692,73.92307692307692,78.07965407373692,73.92307692307692,0
per_huruf_hybrid_skeleton_forced_loop_no_sig,4,208,0.08634288086342881,78.0,74.0,78.0,74.0,0
per_huruf_hybrid_skeleton_forced_loop_no_sig,4,209,0.0867579908675799,77.92307692307695,74.07692307692308,77.92307692307695,74.07692307692308,0
per_huruf_hybrid_skeleton_forced_loop_no_sig,4,210,0.08717310087173101,77.84615384615385,74.15384615384615,77.84615384615385,74.15384615384615,0
per_huruf_hybrid_skeleton_forced_loop_no_sig,4,211,0.0875882108758821,77.76923076923076,74.23076923076923,77.76923076923076,74.23076923076923,0
per_huruf_hybrid_skeleton_forced_loop_no_sig,4,212,0.08800332088003321,77.69230769230768,74.30769230769229,77.69230769230768,74.30769230769229,0
per_huruf_hybrid_skeleton_forced_loop_no_sig,4,213,0.0884184308841843,77.61538461538463,74.3846153846154,77.61538461538463,74.3846153846154,0
per_huruf_hybrid_skeleton_forced_loop_no_sig,4,214,0.08883354088833541,77.53846153846155,74.46153846153847,77.53846153846155,74.46153846153847,0
per_huruf_hybrid_skeleton_forced_loop_no_sig,4,215,0.08924865089248651,77.46153846153847,74.53846153846153,77.46153846153847,74.53846153846153,0
per_huruf_hybrid_skeleton_forced_loop_no_sig,4,216,0.0896637608966376,77.38461538461539,74.61538461538461,77.38461538461539,74.61538461538461,0
per_huruf_hybrid_skeleton_forced_loop_no_sig,4,217,0.09007887090078871,77.3076923076923,74.6923076923077,77.3076923076923,74.6923076923077,0
per_huruf_hybrid_skeleton_forced_loop_no_sig,4,218,0.0904939809049398,77.23076923076923,74.76923076923077,77.23076923076923,74.76923076923077,0
per_huruf_hybrid_skeleton_forced_loop_no_sig,4,219,0.09090909090909091,77.15384615384616,74.84615384615384,77.15384615384616,74.84615384615384,0
per_huruf_hybrid_skeleton_forced_loop_no_sig,4,220,0.091324200913242,77.07692307692307,74.92307692307692,77.07692307692307,74.92307692307692,0
per_huruf_hybrid_skeleton_forced_loop_no_sig,4,221,0.09173931091739311,77.0,75.0,77.0,75.0,0
per_huruf_hybrid_skeleton_forced_loop_no_sig,4,222,0.0921544209215442,76.92307692307695,75.08238507055076,76.92307692307695,75.08238507055076,0
per_huruf_hybrid_skeleton_forced_loop_no_sig,4,223,0.09256953092569531,76.84615384615385,75.1738734638143,76.84615384615385,75.1738734638143,0
per_huruf_hybrid_skeleton_forced_loop_no_sig,4,224,0.0929846409298464,76.76923076923077,75.27173418297679,76.76923076923077,75.27173418297679,0
per_huruf_hybrid_skeleton_forced_loop_no_sig,4,225,0.09339975093399751,76.6923076923077,75.3732362312244,76.6923076923077,75.3732362312244,0
per_huruf_hybrid_skeleton_forced_loop_no_sig,4,226,0.09381486093814861,76.61538461538463,75.4756486117433,76.61538461538463,75.4756486117433,0
per_huruf_hybrid_skeleton_forced_loop_no_sig,4,227,0.0942299709422997,76.53846153846155,75.57624032771962,76.53846153846155,75.57624032771962,0
per_huruf_hybrid_skeleton_forced_loop_no_sig,4,228,0.09464508094645081,76.46153846153845,75.67228038233955,76.46153846153845,75.67228038233955,0
per_huruf_hybrid_skeleton_forced_loop_no_sig,4,229,0.0950601909506019,76.38461538461539,75.76103777878926,76.38461538461539,75.76103777878926,0
per_huruf_hybrid_skeleton_forced_loop_no_sig,4,230,0.09547530095475301,76.3076923076923,75.83978152025489,76.3076923076923,75.83978152025489,0
per_huruf_hybrid_skeleton_forced_loop_no_sig,4,231,0.0958904109589041,76.23076923076923,75.90578060992262,76.23076923076923,75.90578060992262,0
per_huruf_hybrid_skeleton_forced_loop_no_sig,4,232,0.09630552096305521,76.15384615384615,75.9563040509786,76.15384615384615,75.9563040509786,0
per_huruf_hybrid_skeleton_forced_loop_no_sig,4,233,0.0967206309672063,76.07692307692307,75.98862084660901,76.07692307692307,75.98862084660901,0
per_huruf_hybrid_skeleton_forced_loop_no_sig,4,234,0.09713574097135741,76.0,76.0,76.0,76.0,0
per_huruf_hybrid_skeleton_forced_loop_no_sig,4,235,0.09755085097550852,75.92307692307693,75.98588984979519,75.92307692307693,75.98588984979519,0
per_huruf_hybrid_skeleton_forced_loop_no_sig,4,236,0.09796596097965961,75.84615384615384,75.94629039599454,75.84615384615384,75.94629039599454,0
per_huruf_hybrid_skeleton_forced_loop_no_sig,4,237,0.09838107098381071,75.76923076923076,75.88529813381885,75.76923076923076,75.88529813381885,0
per_huruf_hybrid_skeleton_forced_loop_no_sig,4,238,0.0987961809879618,75.6923076923077,75.80700955848884,75.6923076923077,75.80700955848884,0
per_huruf_hybrid_skeleton_forced_loop_no_sig,4,239,0.09921129099211291,75.61538461538463,75.71552116522533,75.61538461538463,75.71552116522533,0
per_huruf_hybrid_skeleton_forced_loop_no_sig,4,240,0.099626400996264,75.53846153846155,75.61492944924899,75.53846153846155,75.61492944924899,0
per_huruf_hybrid_skeleton_forced_loop_no_sig,4,241,0.10004151100041511,75.46153846153845,75.50933090578062,75.46153846153845,75.50933090578062,0
per_huruf_hybrid_skeleton_forced_loop_no_sig,4,242,0.1004566210045662,75.38461538461539,75.40282203004097,75.38461538461539,75.40282203004097,0
per_huruf_hybrid_skeleton_forced_loop_no_sig,4,243,0.10087173100871731,75.3076923076923,75.29949931725079,75.3076923076923,75.29949931725079,0
per_huruf_hybrid_skeleton_forced_loop_no_sig,4,244,0.1012868410128684,75.23076923076923,75.20345926263086,75.23076923076923,75.20345926263086,0
per_huruf_hybrid_skeleton_forced_loop_no_sig,4,245,0.10170195101701951,75.15384615384616,75.11879836140191,75.15384615384616,75.11879836140191,0
per_huruf_hybrid_skeleton_forced_loop_no_sig,4,246,0.10211706102117062,75.07692307692307,75.04961310878471,75.07692307692307,75.04961310878471,0
per_huruf_hybrid_skeleton_forced_loop_no_sig,4,247,0.10253217102532171,75.0,75.0,75.0,75.0,0
per_huruf_hybrid_skeleton_forced_loop_no_sig,4,248,0.10294728102947281,74.92307692307693,74.96722803823397,74.92307692307693,74.96722803823397,0
per_huruf_hybrid_skeleton_forced_loop_no_sig,4,249,0.10336239103362391,74.84615384615384,74.94492489758763,74.84615384615384,74.94492489758763,0
per_huruf_hybrid_skeleton_forced_loop_no_sig,4,250,0.10377750103777501,74.76923076923076,74.93172507965407,74.76923076923076,74.93172507965407,0
per_huruf_hybrid_skeleton_forced_loop_no_sig,4,251,0.1041926110419261,74.69230769230768,74.92626308602638,74.69230769230768,74.92626308602638,0
per_huruf_hybrid_skeleton_forced_loop_no_sig,4,252,0.10460772104607721,74.61538461538461,74.9271734182977,74.61538461538461,74.9271734182977,0
per_huruf_hybrid_skeleton_forced_loop_no_sig,4,253,0.1050228310502283,74.53846153846153,74.93309057806098,74.53846153846153,74.93309057806098,0
per_huruf_hybrid_skeleton_forced_loop_no_sig,4,254,0.10543794105437941,74.46153846153847,74.94264906690942,74.46153846153847,74.94264906690942,0
per_huruf_hybrid_skeleton_forced_loop_no_sig,4,255,0.1058530510585305,74.38461538461539,74.95448338643604,74.38461538461539,74.95448338643604,0
per_huruf_hybrid_skeleton_forced_loop_no_sig,4,256,0.10626816106268161,74.3076923076923,74.96722803823396,74.3076923076923,74.96722803823396,0
per_huruf_hybrid_skeleton_forced_loop_no_sig,4,257,0.10668327106683272,74.23076923076923,74.97951752389622,74.23076923076923,74.97951752389622,0
per_huruf_hybrid_skeleton_forced_loop_no_sig,4,258,0.10709838107098381,74.15384615384616,74.98998634501592,74.15384615384616,74.98998634501592,0
per_huruf_hybrid_skeleton_forced_loop_no_sig,4,259,0.10751349107513491,74.07692307692308,74.99726900318616,74.07692307692308,74.99726900318616,0
per_huruf_hybrid_skeleton_forced_loop_no_sig,4,260,0.10792860107928601,74.0,75.0,74.0,75.0,0
per_huruf_hybrid_skeleton_forced_loop_no_sig,4,261,0.10834371108343711,73.92307692307693,75.00000000000001,73.92307692307693,75.00000000000001,0
per_huruf_hybrid_skeleton_forced_loop_no_sig,4,262,0.1087588210875882,73.84615384615385,75.0,73.84615384615385,75.0,0
per_huruf_hybrid_skeleton_forced_loop_no_sig,4,263,0.10917393109173931,73.76923076923077,75.0,73.76923076923077,75.0,0
per_huruf_hybrid_skeleton_forced_loop_no_sig,4,264,0.1095890410958904,73.69230769230768,74.99999999999999,73.69230769230768,74.99999999999999,0
per_huruf_hybrid_skeleton_forced_loop_no_sig,4,265,0.11000415110004151,73.61538461538461,75.00000000000001,73.61538461538461,75.00000000000001,0
per_huruf_hybrid_skeleton_forced_loop_no_sig,4,266,0.1104192611041926,73.53846153846153,75.0,73.53846153846153,75.0,0
per_huruf_hybrid_skeleton_forced_loop_no_sig,4,267,0.11083437110834371,73.46153846153845,75.0,73.46153846153845,75.0,0
per_huruf_hybrid_skeleton_forced_loop_no_sig,4,268,0.11124948111249482,73.38461538461539,75.0,73.38461538461539,75.0,0
per_huruf_hybrid_skeleton_forced_loop_no_sig,4,269,0.11166459111664591,73.30769230769229,75.0,73.30769230769229,75.0,0
per_huruf_hybrid_skeleton_forced_loop_no_sig,4,270,0.11207970112079702,73.23076923076923,75.0,73.23076923076923,75.0,0
per_huruf_hybrid_skeleton_forced_loop_no_sig,4,271,0.11249481112494811,73.15384615384616,75.0,73.15384615384616,75.0,0
per_huruf_hybrid_skeleton_forced_loop_no_sig,4,272,0.11290992112909921,73.07692307692307,75.0,73.07692307692307,75.0,0
per_huruf_hybrid_skeleton_forced_loop_no_sig,4,273,0.1133250311332503,73.0,75.0,73.0,75.0,0
per_huruf_hybrid_skeleton_forced_loop_no_sig,4,274,0.11374014113740141,72.92307692307693,75.00000000000001,72.92307692307693,75.00000000000001,0
per_huruf_hybrid_skeleton_forced_loop_no_sig,4,275,0.1141552511415525,72.84615384615385,75.0,72.84615384615385,75.0,0
per_huruf_hybrid_skeleton_forced_loop_no_sig,4,276,0.11457036114570361,72.76923076923076,75.0,72.76923076923076,75.0,0
per_huruf_hybrid_skeleton_forced_loop_no_sig,4,277,0.1149854711498547,72.6923076923077,74.99999999999999,72.6923076923077,74.99999999999999,0
per_huruf_hybrid_skeleton_forced_loop_no_sig,4,278,0.11540058115400581,72.61538461538461,75.00000000000001,72.61538461538461,75.00000000000001,0
per_huruf_hybrid_skeleton_forced_loop_no_sig,4,279,0.11581569115815692,72.53846153846153,75.0,72.53846153846153,75.0,0
per_huruf_hybrid_skeleton_forced_loop_no_sig,4,280,0.11623080116230801,72.46153846153845,75.0,72.46153846153845,75.0,0
per_huruf_hybrid_skeleton_forced_loop_no_sig,4,281,0.11664591116645912,72.38461538461539,75.0,72.38461538461539,75.0,0
per_huruf_hybrid_skeleton_forced_loop_no_sig,4,282,0.11706102117061021,72.3076923076923,75.0,72.3076923076923,75.0,0
per_huruf_hybrid_skeleton_forced_loop_no_sig,4,283,0.11747613117476131,72.23076923076923,75.0,72.23076923076923,75.0,0
per_huruf_hybrid_skeleton_forced_loop_no_sig,4,284,0.1178912411789124,72.15384615384616,75.0,72.15384615384616,75.0,0
per_huruf_hybrid_skeleton_forced_loop_no_sig,4,285,0.11830635118306351,72.07692307692307,75.0,72.07692307692307,75.0,0
per_huruf_hybrid_skeleton_forced_loop_no_sig,4,286,0.1187214611872146,72.0,75.0,72.0,75.0,0
per_huruf_hybrid_skeleton_forced_loop_no_sig,4,287,0.11913657119136571,71.92307692307695,75.00273099681385,71.92307692307695,75.00273099681385,0
per_huruf_hybrid_skeleton_forced_loop_no_sig,4,288,0.11955168119551682,71.84615384615385,75.01001365498406,71.84615384615385,75.01001365498406,0
per_huruf_hybrid_skeleton_forced_loop_no_sig,4,289,0.11996679119966791,71.76923076923076,75.02048247610378,71.76923076923076,75.02048247610378,0
per_huruf_hybrid_skeleton_forced_loop_no_sig,4,290,0.12038190120381902,71.6923076923077,75.03277196176603,71.6923076923077,75.03277196176603,0
per_huruf_hybrid_skeleton_forced_loop_no_sig,4,291,0.12079701120797011,71.61538461538461,75.04551661356396,71.61538461538461,75.04551661356396,0
per_huruf_hybrid_skeleton_forced_loop_no_sig,4,292,0.12121212121212122,71.53846153846155,75.05735093309059,71.53846153846155,75.05735093309059,0
per_huruf_hybrid_skeleton_forced_loop_no_sig,4,293,0.12162723121627231,71.46153846153847,75.06690942193902,71.46153846153847,75.06690942193902,0
per_huruf_hybrid_skeleton_forced_loop_no_sig,4,294,0.12204234122042341,71.38461538461539,75.07282658170233,71.38461538461539,75.07282658170233,0
per_huruf_hybrid_skeleton_forced_loop_no_sig,4,295,0.1224574512245745,71.3076923076923,75.0737369139736,71.3076923076923,75.0737369139736,0
per_huruf_hybrid_skeleton_forced_loop_no_sig,4,296,0.12287256122872561,71.23076923076923,75.06827492034591,71.23076923076923,75.06827492034591,0
per_huruf_hybrid_skeleton_forced_loop_no_sig,4,297,0.1232876712328767,71.15384615384616,75.05507510241239,71.15384615384616,75.05507510241239,0
per_huruf_hybrid_skeleton_forced_loop_no_sig,4,298,0.12370278123702781,71.07692307692308,75.03277196176604,71.07692307692308,75.03277196176604,0
per_huruf_hybrid_skeleton_forced_loop_no_sig,4,299,0.12411789124117892,71.0,75.0,71.0,75.0,0
per_huruf_hybrid_skeleton_forced_loop_no_sig,4,300,0.12453300124533001,70.92307692307693,74.95311788802914,70.92307692307693,74.95311788802914,0
per_huruf_hybrid_skeleton_forced_loop_no_sig,4,301,0.12494811124948112,70.84615384615385,74.89121529358216,70.84615384615385,74.89121529358216,0
per_huruf_hybrid_skeleton_forced_loop_no_sig,4,302,0.12536322125363222,70.76923076923076,74.81702321347292,70.76923076923076,74.81702321347292,0
per_huruf_hybrid_skeleton_forced_loop_no_sig,4,303,0.12577833125778332,70.69230769230768,74.73327264451524,70.69230769230768,74.73327264451524,0
per_huruf_hybrid_skeleton_forced_loop_no_sig,4,304,0.1261934412619344,70.61538461538463,74.642694583523,70.61538461538463,74.642694583523,0
per_huruf_hybrid_skeleton_forced_loop_no_sig,4,305,0.1266085512660855,70.53846153846155,74.54802002730997,70.53846153846155,74.54802002730997,0
per_huruf_hybrid_skeleton_forced_loop_no_sig,4,306,0.12702366127023662,70.46153846153845,74.45197997269004,70.46153846153845,74.45197997269004,0
per_huruf_hybrid_skeleton_forced_loop_no_sig,4,307,0.1274387712743877,70.38461538461539,74.35730541647702,70.38461538461539,74.35730541647702,0
per_huruf_hybrid_skeleton_forced_loop_no_sig,4,308,0.1278538812785388,70.3076923076923,74.26672735548476,70.3076923076923,74.26672735548476,0
per_huruf_hybrid_skeleton_forced_loop_no_sig,4,309,0.1282689912826899,70.23076923076923,74.18297678652708,70.23076923076923,74.18297678652708,0
per_huruf_hybrid_skeleton_forced_loop_no_sig,4,310,0.12868410128684102,70.15384615384616,74.10878470641785,70.15384615384616,74.10878470641785,0
per_huruf_hybrid_skeleton_forced_loop_no_sig,4,311,0.1290992112909921,70.07692307692308,74.04688211197087,70.07692307692308,74.04688211197087,0
per_huruf_hybrid_skeleton_forced_loop_no_sig,4,312,0.1295143212951432,70.0,74.0,70.0,74.0,0
per_huruf_hybrid_skeleton_forced_loop_no_sig,4,313,0.12992943129929432,69.92307692307695,73.96722803823396,69.92307692307695,73.96722803823396,0
per_huruf_hybrid_skeleton_forced_loop_no_sig,4,314,0.13034454130344542,69.84615384615384,73.94492489758761,69.84615384615384,73.94492489758761,0
per_huruf_hybrid_skeleton_forced_loop_no_sig,4,315,0.1307596513075965,69.76923076923076,73.93172507965407,69.76923076923076,73.93172507965407,0
per_huruf_hybrid_skeleton_forced_loop_no_sig,4,316,0.1311747613117476,69.69230769230768,73.92626308602638,69.69230769230768,73.92626308602638,0
per_huruf_hybrid_skeleton_forced_loop_no_sig,4,317,0.13158987131589872,69.61538461538461,73.92717341829768,69.61538461538461,73.92717341829768,0
per_huruf_hybrid_skeleton_forced_loop_no_sig,4,318,0.1320049813200498,69.53846153846155,73.93309057806098,69.53846153846155,73.93309057806098,0
per_huruf_hybrid_skeleton_forced_loop_no_sig,4,319,0.1324200913242009,69.46153846153847,73.94264906690942,69.46153846153847,73.94264906690942,0
per_huruf_hybrid_skeleton_forced_loop_no_sig,4,320,0.13283520132835203,69.38461538461539,73.95448338643605,69.38461538461539,73.95448338643605,0
per_huruf_hybrid_skeleton_forced_loop_no_sig,4,321,0.13325031133250312,69.3076923076923,73.96722803823394,69.3076923076923,73.96722803823394,0
per_huruf_hybrid_skeleton_forced_loop_no_sig,4,322,0.1336654213366542,69.23076923076923,73.97951752389622,69.23076923076923,73.97951752389622,0
per_huruf_hybrid_skeleton_forced_loop_no_sig,4,323,0.1340805313408053,69.15384615384616,73.98998634501594,69.15384615384616,73.98998634501594,0
per_huruf_hybrid_skeleton_forced_loop_no_sig,4,324,0.13449564134495642,69.07692307692308,73.99726900318616,69.07692307692308,73.99726900318616,0
per_huruf_hybrid_skeleton_forced_loop_no_sig,4,325,0.13491075134910752,69.0,74.0,69.0,74.0,0
per_huruf_hybrid_skeleton_forced_loop_no_sig,4,326,0.1353258613532586,68.92307692307692,74.00273099681384,68.92307692307692,74.00273099681384,0
per_huruf_hybrid_skeleton_forced_loop_no_sig,4,327,0.1357409713574097,68.84615384615385,74.01001365498406,68.84615384615385,74.01001365498406,0
per_huruf_hybrid_skeleton_forced_loop_no_sig,4,328,0.13615608136156082,68.76923076923076,74.02048247610377,68.76923076923076,74.02048247610377,0
per_huruf_hybrid_skeleton_forced_loop_no_sig,4,329,0.1365711913657119,68.6923076923077,74.03277196176603,68.6923076923077,74.03277196176603,0
per_huruf_hybrid_skeleton_forced_loop_no_sig,4,330,0.136986301369863,68.61538461538463,74.04551661356396,68.61538461538463,74.04551661356396,0
per_huruf_hybrid_skeleton_forced_loop_no_sig,4,331,0.13740141137401413,68.53846153846155,74.05735093309059,68.53846153846155,74.05735093309059,0
per_huruf_hybrid_skeleton_forced_loop_no_sig,4,332,0.13781652137816522,68.46153846153847,74.06690942193902,68.46153846153847,74.06690942193902,0
per_huruf_hybrid_skeleton_forced_loop_no_sig,4,333,0.1382316313823163,68.38461538461539,74.07282658170233,68.38461538461539,74.07282658170233,0
per_huruf_hybrid_skeleton_forced_loop_no_sig,4,334,0.1386467413864674,68.30769230769229,74.07373691397359,68.30769230769229,74.07373691397359,0
per_huruf_hybrid_skeleton_forced_loop_no_sig,4,335,0.13906185139061852,68.23076923076923,74.06827492034591,68.23076923076923,74.06827492034591,0
per_huruf_hybrid_skeleton_forced_loop_no_sig,4,336,0.13947696139476962,68.15384615384616,74.05507510241239,68.15384615384616,74.05507510241239,0
per_huruf_hybrid_skeleton_forced_loop_no_sig,4,337,0.1398920713989207,68.07692307692308,74.03277196176604,68.07692307692308,74.03277196176604,0
per_huruf_hybrid_skeleton_forced_loop_no_sig,4,338,0.1403071814030718,68.0,74.0,68.0,74.0,0
per_huruf_hybrid_skeleton_forced_loop_no_sig,4,339,0.14072229140722292,67.9203459262631,73.95584888484298,67.9203459262631,73.95584888484298,0
per_huruf_hybrid_skeleton_forced_loop_no_sig,4,340,0.141137401411374,67.83614019116979,73.90122894856623,67.83614019116979,73.90122894856623,0
per_huruf_hybrid_skeleton_forced_loop_no_sig,4,341,0.1415525114155251,67.74874829312698,73.83750568957669,67.74874829312698,73.83750568957669,0
per_huruf_hybrid_skeleton_forced_loop_no_sig,4,342,0.14196762141967623,67.65953573054163,73.76604460628127,67.65953573054163,73.76604460628127,0
per_huruf_hybrid_skeleton_forced_loop_no_sig,4,343,0.14238273142382732,67.56986800182068,73.68821119708693,67.56986800182068,73.68821119708693,0
per_huruf_hybrid_skeleton_forced_loop_no_sig,4,344,0.1427978414279784,67.48111060537097,73.60537096040053,67.48111060537097,73.60537096040053,0
per_huruf_hybrid_skeleton_forced_loop_no_sig,4,345,0.1432129514321295,67.39462903959947,73.51888939462903,67.39462903959947,73.51888939462903,0
per_huruf_hybrid_skeleton_forced_loop_no_sig,4,346,0.14362806143628062,67.31178880291307,73.43013199817933,67.31178880291307,73.43013199817933,0
per_huruf_hybrid_skeleton_forced_loop_no_sig,4,347,0.14404317144043172,67.2339553937187,73.34046426945835,67.2339553937187,73.34046426945835,0
per_huruf_hybrid_skeleton_forced_loop_no_sig,4,348,0.1444582814445828,67.16249431042331,73.251251706873,67.16249431042331,73.251251706873,0
per_huruf_hybrid_skeleton_forced_loop_no_sig,4,349,0.1448733914487339,67.09877105143377,73.16385980883022,67.09877105143377,73.16385980883022,0
per_huruf_hybrid_skeleton_forced_loop_no_sig,4,350,0.14528850145288502,67.04415111515704,73.07965407373692,67.04415111515704,73.07965407373692,0
per_huruf_hybrid_skeleton_forced_loop_no_sig,4,351,0.14570361145703611,67.0,73.0,67.0,73.0,0
per_huruf_hybrid_skeleton_forced_loop_no_sig,4,352,0.1461187214611872,66.96722803823397,72.92580791989077,66.96722803823397,72.92580791989077,0
per_huruf_hybrid_skeleton_forced_loop_no_sig,4,353,0.14653383146533833,66.94492489758763,72.85616750113792,66.94492489758763,72.85616750113792,0
per_huruf_hybrid_skeleton_forced_loop_no_sig,4,354,0.14694894146948942,66.93172507965406,72.78971324533454,66.93172507965406,72.78971324533454,0
per_huruf_hybrid_skeleton_forced_loop_no_sig,4,355,0.1473640514736405,66.9262630860264,72.72507965407374,66.9262630860264,72.72507965407374,0
per_huruf_hybrid_skeleton_forced_loop_no_sig,4,356,0.1477791614777916,66.92717341829768,72.66090122894857,66.92717341829768,72.66090122894857,0
per_huruf_hybrid_skeleton_forced_loop_no_sig,4,357,0.14819427148194272,66.933090578061,72.59581247155212,66.933090578061,72.59581247155212,0
per_huruf_hybrid_skeleton_forced_loop_no_sig,4,358,0.14860938148609382,66.94264906690941,72.52844788347747,66.94264906690941,72.52844788347747,0
per_huruf_hybrid_skeleton_forced_loop_no_sig,4,359,0.1490244914902449,66.95448338643605,72.4574419663177,66.95448338643605,72.4574419663177,0
per_huruf_hybrid_skeleton_forced_loop_no_sig,4,360,0.149439601494396,66.96722803823396,72.38142922166591,66.96722803823396,72.38142922166591,0
per_huruf_hybrid_skeleton_forced_loop_no_sig,4,361,0.14985471149854712,66.97951752389622,72.29904415111515,66.97951752389622,72.29904415111515,0
per_huruf_hybrid_skeleton_forced_loop_no_sig,4,362,0.15026982150269821,66.98998634501594,72.20892125625855,66.98998634501594,72.20892125625855,0
per_huruf_hybrid_skeleton_forced_loop_no_sig,4,363,0.1506849315068493,66.99726900318616,72.10969503868913,66.99726900318616,72.10969503868913,0
per_huruf_hybrid_skeleton_forced_loop_no_sig,4,364,0.15110004151100043,67.0,72.0,67.0,72.0,0
per_huruf_hybrid_skeleton_forced_loop_no_sig,4,365,0.15151515151515152,66.99726900318618,71.87619481110607,66.99726900318618,71.87619481110607,0
per_huruf_hybrid_skeleton_forced_loop_no_sig,4,366,0.1519302615193026,66.98998634501594,71.737369139736,66.98998634501594,71.737369139736,0
per_huruf_hybrid_skeleton_forced_loop_no_sig,4,367,0.1523453715234537,66.9795175238962,71.58625398270368,66.9795175238962,71.58625398270368,0
per_huruf_hybrid_skeleton_forced_loop_no_sig,4,368,0.15276048152760482,66.96722803823394,71.42558033682293,66.96722803823394,71.42558033682293,0
per_huruf_hybrid_skeleton_forced_loop_no_sig,4,369,0.15317559153175592,66.95448338643605,71.25807919890761,66.95448338643605,71.25807919890761,0
per_huruf_hybrid_skeleton_forced_loop_no_sig,4,370,0.153590701535907,66.94264906690942,71.08648156577152,66.94264906690942,71.08648156577152,0
per_huruf_hybrid_skeleton_forced_loop_no_sig,4,371,0.1540058115400581,66.93309057806098,70.9135184342285,66.93309057806098,70.9135184342285,0
per_huruf_hybrid_skeleton_forced_loop_no_sig,4,372,0.15442092154420922,66.92717341829768,70.7419208010924,66.92717341829768,70.7419208010924,0
per_huruf_hybrid_skeleton_forced_loop_no_sig,4,373,0.15483603154836031,66.9262630860264,70.57441966317705,66.9262630860264,70.57441966317705,0
per_huruf_hybrid_skeleton_forced_loop_no_sig,4,374,0.1552511415525114,66.93172507965406,70.4137460172963,66.93172507965406,70.4137460172963,0
per_huruf_hybrid_skeleton_forced_loop_no_sig,4,375,0.15566625155666253,66.94492489758761,70.262630860264,66.94492489758761,70.262630860264,0
per_huruf_hybrid_skeleton_forced_loop_no_sig,4,376,0.15608136156081362,66.96722803823396,70.12380518889394,66.96722803823396,70.12380518889394,0
per_huruf_hybrid_skeleton_forced_loop_no_sig,4,377,0.1564964715649647,67.0,70.0,67.0,70.0,0
per_huruf_hybrid_skeleton_forced_loop_no_sig,4,378,0.1569115815691158,67.0,70.0,67.0,70.0,0
per_huruf_hybrid_skeleton_forced_loop_no_sig,4,379,0.15732669157326692,80.0,72.0,80.0,72.0,0
per_huruf_hybrid_skeleton_forced_loop_no_sig,4,380,0.15774180157741802,80.04415111515704,72.0,80.04415111515704,72.0,0
per_huruf_hybrid_skeleton_forced_loop_no_sig,4,381,0.1581569115815691,80.09877105143379,72.0,80.09877105143379,72.0,0
per_huruf_hybrid_skeleton_forced_loop_no_sig,4,382,0.1585720215857202,80.1624943104233,71.99999999999999,80.1624943104233,71.99999999999999,0
per_huruf_hybrid_skeleton_forced_loop_no_sig,4,383,0.15898713158987132,80.2339553937187,72.0,80.2339553937187,72.0,0
per_huruf_hybrid_skeleton_forced_loop_no_sig,4,384,0.15940224159402241,80.31178880291309,72.0,80.31178880291309,72.0,0
per_huruf_hybrid_skeleton_forced_loop_no_sig,4,385,0.1598173515981735,80.39462903959947,72.0,80.39462903959947,72.0,0
per_huruf_hybrid_skeleton_forced_loop_no_sig,4,386,0.16023246160232463,80.48111060537096,72.0,80.48111060537096,72.0,0
per_huruf_hybrid_skeleton_forced_loop_no_sig,4,387,0.16064757160647572,80.56986800182068,72.0,80.56986800182068,72.0,0
per_huruf_hybrid_skeleton_forced_loop_no_sig,4,388,0.1610626816106268,80.65953573054165,72.0,80.65953573054165,72.0,0
per_huruf_hybrid_skeleton_forced_loop_no_sig,4,389,0.1614777916147779,80.74874829312698,72.0,80.74874829312698,72.0,0
per_huruf_hybrid_skeleton_forced_loop_no_sig,4,390,0.16189290161892902,80.83614019116979,72.0,80.83614019116979,72.0,0
per_huruf_hybrid_skeleton_forced_loop_no_sig,4,391,0.16230801162308012,80.92034592626308,72.0,80.92034592626308,72.0,0
per_huruf_hybrid_skeleton_forced_loop_no_sig,4,392,0.1627231216272312,81.0,72.0,81.0,72.0,0
per_huruf_hybrid_skeleton_forced_loop_no_sig,4,393,0.1631382316313823,81.0769230769231,72.00273099681384,81.0769230769231,72.00273099681384,0
per_huruf_hybrid_skeleton_forced_loop_no_sig,4,394,0.16355334163553342,81.15384615384616,72.01001365498408,81.15384615384616,72.01001365498408,0
per_huruf_hybrid_skeleton_forced_loop_no_sig,4,395,0.16396845163968451,81.23076923076923,72.02048247610377,81.23076923076923,72.02048247610377,0
per_huruf_hybrid_skeleton_forced_loop_no_sig,4,396,0.1643835616438356,81.30769230769229,72.03277196176604,81.30769230769229,72.03277196176604,0
per_huruf_hybrid_skeleton_forced_loop_no_sig,4,397,0.16479867164798673,81.38461538461539,72.04551661356396,81.38461538461539,72.04551661356396,0
per_huruf_hybrid_skeleton_forced_loop_no_sig,4,398,0.16521378165213782,81.46153846153847,72.05735093309058,81.46153846153847,72.05735093309058,0
per_huruf_hybrid_skeleton_forced_loop_no_sig,4,399,0.1656288916562889,81.53846153846153,72.06690942193902,81.53846153846153,72.06690942193902,0
per_huruf_hybrid_skeleton_forced_loop_no_sig,4,400,0.16604400166044,81.61538461538461,72.07282658170233,81.61538461538461,72.07282658170233,0
per_huruf_hybrid_skeleton_forced_loop_no_sig,4,401,0.16645911166459113,81.6923076923077,72.0737369139736,81.6923076923077,72.0737369139736,0
per_huruf_hybrid_skeleton_forced_loop_no_sig,4,402,0.16687422166874222,81.76923076923076,72.06827492034591,81.76923076923076,72.06827492034591,0
per_huruf_hybrid_skeleton_forced_loop_no_sig,4,403,0.1672893316728933,81.84615384615385,72.05507510241239,81.84615384615385,72.05507510241239,0
per_huruf_hybrid_skeleton_forced_loop_no_sig,4,404,0.1677044416770444,81.92307692307692,72.03277196176604,81.92307692307692,72.03277196176604,0
per_huruf_hybrid_skeleton_forced_loop_no_sig,4,405,0.16811955168119552,82.0,72.0,82.0,72.0,0
per_huruf_hybrid_skeleton_forced_loop_no_sig,4,406,0.16853466168534662,82.0769230769231,71.95311788802915,82.0769230769231,71.95311788802915,0
per_huruf_hybrid_skeleton_forced_loop_no_sig,4,407,0.1689497716894977,82.15384615384615,71.89121529358216,82.15384615384615,71.89121529358216,0
per_huruf_hybrid_skeleton_forced_loop_no_sig,4,408,0.16936488169364883,82.23076923076923,71.8170232134729,82.23076923076923,71.8170232134729,0
per_huruf_hybrid_skeleton_forced_loop_no_sig,4,409,0.16977999169779992,82.30769230769229,71.73327264451524,82.30769230769229,71.73327264451524,0
per_huruf_hybrid_skeleton_forced_loop_no_sig,4,410,0.170195101701951,82.3846153846154,71.64269458352298,82.3846153846154,71.64269458352298,0
per_huruf_hybrid_skeleton_forced_loop_no_sig,4,411,0.1706102117061021,82.46153846153847,71.54802002730997,82.46153846153847,71.54802002730997,0
per_huruf_hybrid_skeleton_forced_loop_no_sig,4,412,0.17102532171025323,82.53846153846155,71.45197997269003,82.53846153846155,71.45197997269003,0
per_huruf_hybrid_skeleton_forced_loop_no_sig,4,413,0.17144043171440432,82.61538461538461,71.35730541647702,82.61538461538461,71.35730541647702,0
per_huruf_hybrid_skeleton_forced_loop_no_sig,4,414,0.1718555417185554,82.6923076923077,71.26672735548475,82.6923076923077,71.26672735548475,0
per_huruf_hybrid_skeleton_forced_loop_no_sig,4,415,0.1722706517227065,82.76923076923076,71.18297678652708,82.76923076923076,71.18297678652708,0
per_huruf_hybrid_skeleton_forced_loop_no_sig,4,416,0.17268576172685762,82.84615384615384,71.10878470641785,82.84615384615384,71.10878470641785,0
per_huruf_hybrid_skeleton_forced_loop_no_sig,4,417,0.17310087173100872,82.92307692307692,71.04688211197087,82.92307692307692,71.04688211197087,0
per_huruf_hybrid_skeleton_forced_loop_no_sig,4,418,0.1735159817351598,83.0,71.0,83.0,71.0,0
per_huruf_hybrid_skeleton_forced_loop_no_sig,4,419,0.17393109173931093,83.0769230769231,70.96995903504781,83.0769230769231,70.96995903504781,0
per_huruf_hybrid_skeleton_forced_loop_no_sig,4,420,0.17434620174346202,83.15384615384615,70.95493855257169,83.15384615384615,70.95493855257169,0
per_huruf_hybrid_skeleton_forced_loop_no_sig,4,421,0.1747613117476131,83.23076923076921,70.95220755575784,83.23076923076921,70.95220755575784,0
per_huruf_hybrid_skeleton_forced_loop_no_sig,4,422,0.1751764217517642,83.3076923076923,70.95903504779244,83.3076923076923,70.95903504779244,0
per_huruf_hybrid_skeleton_forced_loop_no_sig,4,423,0.17559153175591533,83.3846153846154,70.97269003186163,83.3846153846154,70.97269003186163,0
per_huruf_hybrid_skeleton_forced_loop_no_sig,4,424,0.17600664176006642,83.46153846153847,70.99044151115157,83.46153846153847,70.99044151115157,0
per_huruf_hybrid_skeleton_forced_loop_no_sig,4,425,0.1764217517642175,83.53846153846155,71.00955848884843,83.53846153846155,71.00955848884843,0
per_huruf_hybrid_skeleton_forced_loop_no_sig,4,426,0.1768368617683686,83.61538461538461,71.02730996813837,83.61538461538461,71.02730996813837,0
per_huruf_hybrid_skeleton_forced_loop_no_sig,4,427,0.17725197177251972,83.6923076923077,71.04096495220756,83.6923076923077,71.04096495220756,0
per_huruf_hybrid_skeleton_forced_loop_no_sig,4,428,0.17766708177667082,83.76923076923076,71.04779244424213,83.76923076923076,71.04779244424213,0
per_huruf_hybrid_skeleton_forced_loop_no_sig,4,429,0.1780821917808219,83.84615384615384,71.04506144742831,83.84615384615384,71.04506144742831,0
per_huruf_hybrid_skeleton_forced_loop_no_sig,4,430,0.17849730178497303,83.92307692307692,71.0300409649522,83.92307692307692,71.0300409649522,0
per_huruf_hybrid_skeleton_forced_loop_no_sig,4,431,0.17891241178912412,84.0,71.0,84.0,71.0,0
per_huruf_hybrid_skeleton_forced_loop_no_sig,4,432,0.1793275217932752,84.07692307692308,70.95311788802914,84.07692307692308,70.95311788802914,0
per_huruf_hybrid_skeleton_forced_loop_no_sig,4,433,0.1797426317974263,84.15384615384616,70.89121529358215,84.15384615384616,70.89121529358215,0
per_huruf_hybrid_skeleton_forced_loop_no_sig,4,434,0.18015774180157743,84.23076923076921,70.81702321347291,84.23076923076921,70.81702321347291,0
per_huruf_hybrid_skeleton_forced_loop_no_sig,4,435,0.18057285180572852,84.3076923076923,70.73327264451524,84.3076923076923,70.73327264451524,0
per_huruf_hybrid_skeleton_forced_loop_no_sig,4,436,0.1809879618098796,84.3846153846154,70.642694583523,84.3846153846154,70.642694583523,0
per_huruf_hybrid_skeleton_forced_loop_no_sig,4,437,0.1814030718140307,84.46153846153847,70.54802002730997,84.46153846153847,70.54802002730997,0
per_huruf_hybrid_skeleton_forced_loop_no_sig,4,438,0.18181818181818182,84.53846153846153,70.45197997269003,84.53846153846153,70.45197997269003,0
per_huruf_hybrid_skeleton_forced_loop_no_sig,4,439,0.18223329182233292,84.61538461538461,70.35730541647702,84.61538461538461,70.35730541647702,0
per_huruf_hybrid_skeleton_forced_loop_no_sig,4,440,0.182648401826484,84.69230769230768,70.26672735548475,84.69230769230768,70.26672735548475,0
per_huruf_hybrid_skeleton_forced_loop_no_sig,4,441,0.18306351183063513,84.76923076923076,70.18297678652708,84.76923076923076,70.18297678652708,0
per_huruf_hybrid_skeleton_forced_loop_no_sig,4,442,0.18347862183478622,84.84615384615385,70.10878470641785,84.84615384615385,70.10878470641785,0
per_huruf_hybrid_skeleton_forced_loop_no_sig,4,443,0.1838937318389373,84.92307692307692,70.04688211197087,84.92307692307692,70.04688211197087,0
per_huruf_hybrid_skeleton_forced_loop_no_sig,4,444,0.1843088418430884,85.0,70.0,85.0,70.0,0
per_huruf_hybrid_skeleton_forced_loop_no_sig,4,445,0.18472395184723953,85.07692307692308,69.96995903504781,85.07692307692308,69.96995903504781,0
per_huruf_hybrid_skeleton_forced_loop_no_sig,4,446,0.18513906185139062,85.15384615384615,69.95493855257168,85.15384615384615,69.95493855257168,0
per_huruf_hybrid_skeleton_forced_loop_no_sig,4,447,0.1855541718555417,85.23076923076921,69.95220755575784,85.23076923076921,69.95220755575784,0
per_huruf_hybrid_skeleton_forced_loop_no_sig,4,448,0.1859692818596928,85.30769230769229,69.95903504779244,85.30769230769229,69.95903504779244,0
per_huruf_hybrid_skeleton_forced_loop_no_sig,4,449,0.18638439186384392,85.38461538461539,69.97269003186163,85.38461538461539,69.97269003186163,0
per_huruf_hybrid_skeleton_forced_loop_no_sig,4,450,0.18679950186799502,85.46153846153845,69.99044151115157,85.46153846153845,69.99044151115157,0
per_huruf_hybrid_skeleton_forced_loop_no_sig,4,451,0.1872146118721461,85.53846153846153,70.00955848884843,85.53846153846153,70.00955848884843,0
per_huruf_hybrid_skeleton_forced_loop_no_sig,4,452,0.18762972187629723,85.61538461538461,70.02730996813837,85.61538461538461,70.02730996813837,0
per_huruf_hybrid_skeleton_forced_loop_no_sig,4,453,0.18804483188044832,85.6923076923077,70.04096495220756,85.6923076923077,70.04096495220756,0
per_huruf_hybrid_skeleton_forced_loop_no_sig,4,454,0.1884599418845994,85.76923076923076,70.04779244424213,85.76923076923076,70.04779244424213,0
per_huruf_hybrid_skeleton_forced_loop_no_sig,4,455,0.1888750518887505,85.84615384615385,70.04506144742831,85.84615384615385,70.04506144742831,0
per_huruf_hybrid_skeleton_forced_loop_no_sig,4,456,0.18929016189290163,85.92307692307692,70.0300409649522,85.92307692307692,70.0300409649522,0
per_huruf_hybrid_skeleton_forced_loop_no_sig,4,457,0.18970527189705272,86.0,70.0,86.0,70.0,0
per_huruf_hybrid_skeleton_forced_loop_no_sig,4,458,0.1901203819012038,86.07692307692308,69.955848884843,86.07692307692308,69.955848884843,0
per_huruf_hybrid_skeleton_forced_loop_no_sig,4,459,0.19053549190535493,86.15384615384615,69.90122894856623,86.15384615384615,69.90122894856623,0
per_huruf_hybrid_skeleton_forced_loop_no_sig,4,460,0.19095060190950602,86.23076923076921,69.83750568957667,86.23076923076921,69.83750568957667,0
per_huruf_hybrid_skeleton_forced_loop_no_sig,4,461,0.19136571191365712,86.30769230769229,69.76604460628128,86.30769230769229,69.76604460628128,0
per_huruf_hybrid_skeleton_forced_loop_no_sig,4,462,0.1917808219178082,86.3846153846154,69.68821119708693,86.3846153846154,69.68821119708693,0
per_huruf_hybrid_skeleton_forced_loop_no_sig,4,463,0.19219593192195933,86.46153846153845,69.60537096040055,86.46153846153845,69.60537096040055,0
per_huruf_hybrid_skeleton_forced_loop_no_sig,4,464,0.19261104192611042,86.53846153846155,69.51888939462904,86.53846153846155,69.51888939462904,0
per_huruf_hybrid_skeleton_forced_loop_no_sig,4,465,0.1930261519302615,86.61538461538461,69.43013199817933,86.61538461538461,69.43013199817933,0
per_huruf_hybrid_skeleton_forced_loop_no_sig,4,466,0.1934412619344126,86.69230769230768,69.34046426945835,86.69230769230768,69.34046426945835,0
per_huruf_hybrid_skeleton_forced_loop_no_sig,4,467,0.19385637193856373,86.76923076923076,69.251251706873,86.76923076923076,69.251251706873,0
per_huruf_hybrid_skeleton_forced_loop_no_sig,4,468,0.19427148194271482,86.84615384615385,69.16385980883022,86.84615384615385,69.16385980883022,0
per_huruf_hybrid_skeleton_forced_loop_no_sig,4,469,0.1946865919468659,86.92307692307693,69.07965407373692,86.92307692307693,69.07965407373692,0
per_huruf_hybrid_skeleton_forced_loop_no_sig,4,470,0.19510170195101703,87.0,69.0,87.0,69.0,0
per_huruf_hybrid_skeleton_forced_loop_no_sig,4,471,0.19551681195516812,87.07692307692308,68.92034592626308,87.07692307692308,68.92034592626308,0
per_huruf_hybrid_skeleton_forced_loop_no_sig,4,472,0.19593192195931922,87.15384615384616,68.83614019116979,87.15384615384616,68.83614019116979,0
per_huruf_hybrid_skeleton_forced_loop_no_sig,4,473,0.1963470319634703,87.23076923076921,68.748748293127,87.23076923076921,68.748748293127,0
per_huruf_hybrid_skeleton_forced_loop_no_sig,4,474,0.19676214196762143,87.3076923076923,68.65953573054165,87.3076923076923,68.65953573054165,0
per_huruf_hybrid_skeleton_forced_loop_no_sig,4,475,0.19717725197177252,87.38461538461539,68.56986800182068,87.38461538461539,68.56986800182068,0
per_huruf_hybrid_skeleton_forced_loop_no_sig,4,476,0.1975923619759236,87.46153846153845,68.48111060537097,87.46153846153845,68.48111060537097,0
per_huruf_hybrid_skeleton_forced_loop_no_sig,4,477,0.1980074719800747,87.53846153846153,68.39462903959945,87.53846153846153,68.39462903959945,0
per_huruf_hybrid_skeleton_forced_loop_no_sig,4,478,0.19842258198422583,87.61538461538461,68.31178880291307,87.61538461538461,68.31178880291307,0
per_huruf_hybrid_skeleton_forced_loop_no_sig,4,479,0.19883769198837692,87.6923076923077,68.2339553937187,87.6923076923077,68.2339553937187,0
per_huruf_hybrid_skeleton_forced_loop_no_sig,4,480,0.199252801992528,87.76923076923077,68.1624943104233,87.76923076923077,68.1624943104233,0
per_huruf_hybrid_skeleton_forced_loop_no_sig,4,481,0.19966791199667913,87.84615384615384,68.09877105143377,87.84615384615384,68.09877105143377,0
per_huruf_hybrid_skeleton_forced_loop_no_sig,4,482,0.20008302200083022,87.92307692307692,68.04415111515704,87.92307692307692,68.04415111515704,0
per_huruf_hybrid_skeleton_forced_loop_no_sig,4,483,0.20049813200498132,88.0,68.0,88.0,68.0,0
per_huruf_hybrid_skeleton_forced_loop_no_sig,4,484,0.2009132420091324,88.0769230769231,67.9699590350478,88.0769230769231,67.9699590350478,0
per_huruf_hybrid_skeleton_forced_loop_no_sig,4,485,0.20132835201328353,88.15384615384617,67.95493855257169,88.15384615384617,67.95493855257169,0
per_huruf_hybrid_skeleton_forced_loop_no_sig,4,486,0.20174346201743462,88.23076923076921,67.95220755575784,88.23076923076921,67.95220755575784,0
per_huruf_hybrid_skeleton_forced_loop_no_sig,4,487,0.20215857202158571,88.3076923076923,67.95903504779244,88.3076923076923,67.95903504779244,0
per_huruf_hybrid_skeleton_forced_loop_no_sig,4,488,0.2025736820257368,88.3846153846154,67.97269003186163,88.3846153846154,67.97269003186163,0
per_huruf_hybrid_skeleton_forced_loop_no_sig,4,489,0.20298879202988793,88.46153846153847,67.99044151115157,88.46153846153847,67.99044151115157,0
per_huruf_hybrid_skeleton_forced_loop_no_sig,4,490,0.20340390203403902,88.53846153846153,68.00955848884843,88.53846153846153,68.00955848884843,0
per_huruf_hybrid_skeleton_forced_loop_no_sig,4,491,0.2038190120381901,88.61538461538461,68.02730996813837,88.61538461538461,68.02730996813837,0
per_huruf_hybrid_skeleton_forced_loop_no_sig,4,492,0.20423412204234123,88.6923076923077,68.04096495220756,88.6923076923077,68.04096495220756,0
per_huruf_hybrid_skeleton_forced_loop_no_sig,4,493,0.20464923204649232,88.76923076923076,68.04779244424215,88.76923076923076,68.04779244424215,0
per_huruf_hybrid_skeleton_forced_loop_no_sig,4,494,0.20506434205064342,88.84615384615384,68.04506144742831,88.84615384615384,68.04506144742831,0
per_huruf_hybrid_skeleton_forced_loop_no_sig,4,495,0.2054794520547945,88.92307692307692,68.0300409649522,88.92307692307692,68.0300409649522,0
per_huruf_hybrid_skeleton_forced_loop_no_sig,4,496,0.20589456205894563,89.0,68.0,89.0,68.0,0
per_huruf_hybrid_skeleton_forced_loop_no_sig,4,497,0.20630967206309672,89.0769230769231,67.95311788802914,89.0769230769231,67.95311788802914,0
per_huruf_hybrid_skeleton_forced_loop_no_sig,4,498,0.20672478206724781,89.15384615384616,67.89121529358216,89.15384615384616,67.89121529358216,0
per_huruf_hybrid_skeleton_forced_loop_no_sig,4,499,0.2071398920713989,89.23076923076923,67.81702321347291,89.23076923076923,67.81702321347291,0
per_huruf_hybrid_skeleton_forced_loop_no_sig,4,500,0.20755500207555003,89.30769230769229,67.73327264451524,89.30769230769229,67.73327264451524,0
per_huruf_hybrid_skeleton_forced_loop_no_sig,4,501,0.20797011207970112,89.38461538461539,67.642694583523,89.38461538461539,67.642694583523,0
per_huruf_hybrid_skeleton_forced_loop_no_sig,4,502,0.2083852220838522,89.46153846153845,67.54802002730997,89.46153846153845,67.54802002730997,0
per_huruf_hybrid_skeleton_forced_loop_no_sig,4,503,0.20880033208800333,89.53846153846155,67.45197997269003,89.53846153846155,67.45197997269003,0
per_huruf_hybrid_skeleton_forced_loop_no_sig,4,504,0.20921544209215442,89.61538461538461,67.35730541647702,89.61538461538461,67.35730541647702,0
per_huruf_hybrid_skeleton_forced_loop_no_sig,4,505,0.20963055209630552,89.69230769230768,67.26672735548476,89.69230769230768,67.26672735548476,0
per_huruf_hybrid_skeleton_forced_loop_no_sig,4,506,0.2100456621004566,89.76923076923077,67.18297678652708,89.76923076923077,67.18297678652708,0
per_huruf_hybrid_skeleton_forced_loop_no_sig,4,507,0.21046077210460773,89.84615384615384,67.10878470641785,89.84615384615384,67.10878470641785,0
per_huruf_hybrid_skeleton_forced_loop_no_sig,4,508,0.21087588210875882,89.92307692307692,67.04688211197087,89.92307692307692,67.04688211197087,0
per_huruf_hybrid_skeleton_forced_loop_no_sig,4,509,0.21129099211290991,90.0,67.0,90.0,67.0,0
per_huruf_hybrid_skeleton_forced_loop_no_sig,4,510,0.211706102117061,90.0769230769231,66.96995903504781,90.0769230769231,66.96995903504781,0
per_huruf_hybrid_skeleton_forced_loop_no_sig,4,511,0.21212121212121213,90.15384615384616,66.95493855257169,90.15384615384616,66.95493855257169,0
per_huruf_hybrid_skeleton_forced_loop_no_sig,4,512,0.21253632212536322,90.23076923076923,66.95220755575784,90.23076923076923,66.95220755575784,0
per_huruf_hybrid_skeleton_forced_loop_no_sig,4,513,0.2129514321295143,90.30769230769229,66.95903504779244,90.30769230769229,66.95903504779244,0
per_huruf_hybrid_skeleton_forced_loop_no_sig,4,514,0.21336654213366543,90.38461538461539,66.97269003186163,90.38461538461539,66.97269003186163,0
per_huruf_hybrid_skeleton_forced_loop_no_sig,4,515,0.21378165213781652,90.46153846153847,66.99044151115157,90.46153846153847,66.99044151115157,0
per_huruf_hybrid_skeleton_forced_loop_no_sig,4,516,0.21419676214196762,90.53846153846153,67.00955848884843,90.53846153846153,67.00955848884843,0
per_huruf_hybrid_skeleton_forced_loop_no_sig,4,517,0.2146118721461187,90.61538461538461,67.02730996813838,90.61538461538461,67.02730996813838,0
per_huruf_hybrid_skeleton_forced_loop_no_sig,4,518,0.21502698215026983,90.6923076923077,67.04096495220756,90.6923076923077,67.04096495220756,0
per_huruf_hybrid_skeleton_forced_loop_no_sig,4,519,0.21544209215442092,90.76923076923076,67.04779244424213,90.76923076923076,67.04779244424213,0
per_huruf_hybrid_skeleton_forced_loop_no_sig,4,520,0.21585720215857201,90.84615384615384,67.04506144742831,90.84615384615384,67.04506144742831,0
per_huruf_hybrid_skeleton_forced_loop_no_sig,4,521,0.2162723121627231,90.92307692307692,67.0300409649522,90.92307692307692,67.0300409649522,0
per_huruf_hybrid_skeleton_forced_loop_no_sig,4,522,0.21668742216687423,91.0,67.0,91.0,67.0,0
per_huruf_hybrid_skeleton_forced_loop_no_sig,4,523,0.21710253217102532,91.07692307692308,66.95584888484298,91.07692307692308,66.95584888484298,0
per_huruf_hybrid_skeleton_forced_loop_no_sig,4,524,0.2175176421751764,91.15384615384615,66.90122894856624,91.15384615384615,66.90122894856624,0
per_huruf_hybrid_skeleton_forced_loop_no_sig,4,525,0.21793275217932753,91.23076923076921,66.83750568957669,91.23076923076921,66.83750568957669,0
per_huruf_hybrid_skeleton_forced_loop_no_sig,4,526,0.21834786218347862,91.30769230769229,66.76604460628128,91.30769230769229,66.76604460628128,0
per_huruf_hybrid_skeleton_forced_loop_no_sig,4,527,0.21876297218762972,91.3846153846154,66.68821119708694,91.3846153846154,66.68821119708694,0
per_huruf_hybrid_skeleton_forced_loop_no_sig,4,528,0.2191780821917808,91.46153846153845,66.60537096040055,91.46153846153845,66.60537096040055,0
per_huruf_hybrid_skeleton_forced_loop_no_sig,4,529,0.21959319219593193,91.53846153846153,66.51888939462904,91.53846153846153,66.51888939462904,0
per_huruf_hybrid_skeleton_forced_loop_no_sig,4,530,0.22000830220008302,91.61538461538463,66.43013199817933,91.61538461538463,66.43013199817933,0
per_huruf_hybrid_skeleton_forced_loop_no_sig,4,531,0.22042341220423411,91.69230769230768,66.34046426945835,91.69230769230768,66.34046426945835,0
per_huruf_hybrid_skeleton_forced_loop_no_sig,4,532,0.2208385222083852,91.76923076923076,66.251251706873,91.76923076923076,66.251251706873,0
per_huruf_hybrid_skeleton_forced_loop_no_sig,4,533,0.22125363221253633,91.84615384615384,66.16385980883022,91.84615384615384,66.16385980883022,0
per_huruf_hybrid_skeleton_forced_loop_no_sig,4,534,0.22166874221668742,91.92307692307692,66.07965407373692,91.92307692307692,66.07965407373692,0
per_huruf_hybrid_skeleton_forced_loop_no_sig,4,535,0.2220838522208385,92.0,66.0,92.0,66.0,0
per_huruf_hybrid_skeleton_forced_loop_no_sig,4,536,0.22249896222498963,92.0769230769231,65.92307692307693,92.0769230769231,65.92307692307693,0
per_huruf_hybrid_skeleton_forced_loop_no_sig,4,537,0.22291407222914073,92.15384615384615,65.84615384615385,92.15384615384615,65.84615384615385,0
per_huruf_hybrid_skeleton_forced_loop_no_sig,4,538,0.22332918223329182,92.23076923076921,65.76923076923077,92.23076923076921,65.76923076923077,0
per_huruf_hybrid_skeleton_forced_loop_no_sig,4,539,0.2237442922374429,92.3076923076923,65.6923076923077,92.3076923076923,65.6923076923077,0
per_huruf_hybrid_skeleton_forced_loop_no_sig,4,540,0.22415940224159403,92.3846153846154,65.61538461538461,92.3846153846154,65.61538461538461,0
per_huruf_hybrid_skeleton_forced_loop_no_sig,4,541,0.22457451224574512,92.46153846153847,65.53846153846153,92.46153846153847,65.53846153846153,0
per_huruf_hybrid_skeleton_forced_loop_no_sig,4,542,0.22498962224989622,92.53846153846155,65.46153846153847,92.53846153846155,65.46153846153847,0
per_huruf_hybrid_skeleton_forced_loop_no_sig,4,543,0.2254047322540473,92.61538461538463,65.38461538461539,92.61538461538463,65.38461538461539,0
per_huruf_hybrid_skeleton_forced_loop_no_sig,4,544,0.22581984225819843,92.69230769230768,65.3076923076923,92.69230769230768,65.3076923076923,0
per_huruf_hybrid_skeleton_forced_loop_no_sig,4,545,0.22623495226234952,92.76923076923076,65.23076923076923,92.76923076923076,65.23076923076923,0
per_huruf_hybrid_skeleton_forced_loop_no_sig,4,546,0.2266500622665006,92.84615384615384,65.15384615384616,92.84615384615384,65.15384615384616,0
per_huruf_hybrid_skeleton_forced_loop_no_sig,4,547,0.22706517227065173,92.92307692307692,65.07692307692307,92.92307692307692,65.07692307692307,0
per_huruf_hybrid_skeleton_forced_loop_no_sig,4,548,0.22748028227480283,93.0,65.0,93.0,65.0,0
per_huruf_hybrid_skeleton_forced_loop_no_sig,4,549,0.22789539227895392,93.07692307692308,64.9203459262631,93.07692307692308,64.9203459262631,0
per_huruf_hybrid_skeleton_forced_loop_no_sig,4,550,0.228310502283105,93.15384615384616,64.83614019116979,93.15384615384616,64.83614019116979,0
per_huruf_hybrid_skeleton_forced_loop_no_sig,4,551,0.22872561228725613,93.23076923076921,64.74874829312698,93.23076923076921,64.74874829312698,0
per_huruf_hybrid_skeleton_forced_loop_no_sig,4,552,0.22914072229140722,93.30769230769229,64.65953573054165,93.30769230769229,64.65953573054165,0
per_huruf_hybrid_skeleton_forced_loop_no_sig,4,553,0.22955583229555832,93.3846153846154,64.56986800182068,93.3846153846154,64.56986800182068,0
per_huruf_hybrid_skeleton_forced_loop_no_sig,4,554,0.2299709422997094,93.46153846153847,64.48111060537097,93.46153846153847,64.48111060537097,0
per_huruf_hybrid_skeleton_forced_loop_no_sig,4,555,0.23038605230386053,93.53846153846153,64.39462903959947,93.53846153846153,64.39462903959947,0
per_huruf_hybrid_skeleton_forced_loop_no_sig,4,556,0.23080116230801162,93.61538461538463,64.31178880291307,93.61538461538463,64.31178880291307,0
per_huruf_hybrid_skeleton_forced_loop_no_sig,4,557,0.2312162723121627,93.6923076923077,64.2339553937187,93.6923076923077,64.2339553937187,0
per_huruf_hybrid_skeleton_forced_loop_no_sig,4,558,0.23163138231631383,93.76923076923076,64.1624943104233,93.76923076923076,64.1624943104233,0
per_huruf_hybrid_skeleton_forced_loop_no_sig,4,559,0.23204649232046493,93.84615384615384,64.09877105143377,93.84615384615384,64.09877105143377,0
per_huruf_hybrid_skeleton_forced_loop_no_sig,4,560,0.23246160232461602,93.92307692307692,64.04415111515704,93.92307692307692,64.04415111515704,0
per_huruf_hybrid_skeleton_forced_loop_no_sig,4,561,0.2328767123287671,94.0,64.0,94.0,64.0,0
per_huruf_hybrid_skeleton_forced_loop_no_sig,4,562,0.23329182233291823,94.07692307692308,63.96995903504781,94.07692307692308,63.96995903504781,0
per_huruf_hybrid_skeleton_forced_loop_no_sig,4,563,0.23370693233706932,94.15384615384615,63.95493855257169,94.15384615384615,63.95493855257169,0
per_huruf_hybrid_skeleton_forced_loop_no_sig,4,564,0.23412204234122042,94.23076923076923,63.952207555757845,94.23076923076923,63.952207555757845,0
per_huruf_hybrid_skeleton_forced_loop_no_sig,4,565,0.2345371523453715,94.30769230769229,63.95903504779243,94.30769230769229,63.95903504779243,0
per_huruf_hybrid_skeleton_forced_loop_no_sig,4,566,0.23495226234952263,94.38461538461539,63.972690031861646,94.38461538461539,63.972690031861646,0
per_huruf_hybrid_skeleton_forced_loop_no_sig,4,567,0.23536737235367372,94.46153846153847,63.99044151115157,94.46153846153847,63.99044151115157,0
per_huruf_hybrid_skeleton_forced_loop_no_sig,4,568,0.2357824823578248,94.53846153846153,64.00955848884843,94.53846153846153,64.00955848884843,0
per_huruf_hybrid_skeleton_forced_loop_no_sig,4,569,0.23619759236197593,94.61538461538461,64.02730996813838,94.61538461538461,64.02730996813838,0
per_huruf_hybrid_skeleton_forced_loop_no_sig,4,570,0.23661270236612703,94.6923076923077,64.04096495220756,94.6923076923077,64.04096495220756,0
per_huruf_hybrid_skeleton_forced_loop_no_sig,4,571,0.23702781237027812,94.76923076923076,64.04779244424215,94.76923076923076,64.04779244424215,0
per_huruf_hybrid_skeleton_forced_loop_no_sig,4,572,0.2374429223744292,94.84615384615385,64.04506144742831,94.84615384615385,64.04506144742831,0
per_huruf_hybrid_skeleton_forced_loop_no_sig,4,573,0.23785803237858033,94.92307692307692,64.0300409649522,94.92307692307692,64.0300409649522,0
per_huruf_hybrid_skeleton_forced_loop_no_sig,4,574,0.23827314238273142,95.0,64.0,95.0,64.0,0
per_huruf_hybrid_skeleton_forced_loop_no_sig,4,575,0.23868825238688252,95.0769230769231,63.95584888484297,95.0769230769231,63.95584888484297,0
per_huruf_hybrid_skeleton_forced_loop_no_sig,4,576,0.23910336239103364,95.15384615384616,63.901228948566235,95.15384615384616,63.901228948566235,0
per_huruf_hybrid_skeleton_forced_loop_no_sig,4,577,0.23951847239518473,95.23076923076923,63.83750568957669,95.23076923076923,63.83750568957669,0
per_huruf_hybrid_skeleton_forced_loop_no_sig,4,578,0.23993358239933582,95.3076923076923,63.76604460628129,95.3076923076923,63.76604460628129,0
per_huruf_hybrid_skeleton_forced_loop_no_sig,4,579,0.2403486924034869,95.3846153846154,63.68821119708695,95.3846153846154,63.68821119708695,0
per_huruf_hybrid_skeleton_forced_loop_no_sig,4,580,0.24076380240763803,95.46153846153847,63.60537096040055,95.46153846153847,63.60537096040055,0
per_huruf_hybrid_skeleton_forced_loop_no_sig,4,581,0.24117891241178913,95.53846153846155,63.51888939462904,95.53846153846155,63.51888939462904,0
per_huruf_hybrid_skeleton_forced_loop_no_sig,4,582,0.24159402241594022,95.61538461538463,63.43013199817934,95.61538461538463,63.43013199817934,0
per_huruf_hybrid_skeleton_forced_loop_no_sig,4,583,0.2420091324200913,95.6923076923077,63.34046426945835,95.6923076923077,63.34046426945835,0
per_huruf_hybrid_skeleton_forced_loop_no_sig,4,584,0.24242424242424243,95.76923076923076,63.251251706873,95.76923076923076,63.251251706873,0
per_huruf_hybrid_skeleton_forced_loop_no_sig,4,585,0.24283935242839352,95.84615384615384,63.163859808830225,95.84615384615384,63.163859808830225,0
per_huruf_hybrid_skeleton_forced_loop_no_sig,4,586,0.24325446243254462,95.92307692307692,63.07965407373691,95.92307692307692,63.07965407373691,0
per_huruf_hybrid_skeleton_forced_loop_no_sig,4,587,0.24366957243669574,96.0,63.0,96.0,63.0,0
per_huruf_hybrid_skeleton_forced_loop_no_sig,4,588,0.24408468244084683,96.0769230769231,62.92307692307693,96.0769230769231,62.92307692307693,0
per_huruf_hybrid_skeleton_forced_loop_no_sig,4,589,0.24449979244499792,96.15384615384616,62.84615384615384,96.15384615384616,62.84615384615384,0
per_huruf_hybrid_skeleton_forced_loop_no_sig,4,590,0.244914902449149,96.23076923076921,62.76923076923077,96.23076923076921,62.76923076923077,0
per_huruf_hybrid_skeleton_forced_loop_no_sig,4,591,0.24533001245330013,96.3076923076923,62.69230769230768,96.3076923076923,62.69230769230768,0
per_huruf_hybrid_skeleton_forced_loop_no_sig,4,592,0.24574512245745123,96.38461538461539,62.61538461538463,96.38461538461539,62.61538461538463,0
per_huruf_hybrid_skeleton_forced_loop_no_sig,4,593,0.24616023246160232,96.46153846153847,62.53846153846154,96.46153846153847,62.53846153846154,0
per_huruf_hybrid_skeleton_forced_loop_no_sig,4,594,0.2465753424657534,96.53846153846153,62.46153846153847,96.53846153846153,62.46153846153847,0
per_huruf_hybrid_skeleton_forced_loop_no_sig,4,595,0.24699045246990453,96.61538461538463,62.38461538461539,96.61538461538463,62.38461538461539,0
per_huruf_hybrid_skeleton_forced_loop_no_sig,4,596,0.24740556247405562,96.6923076923077,62.30769230769231,96.6923076923077,62.30769230769231,0
per_huruf_hybrid_skeleton_forced_loop_no_sig,4,597,0.24782067247820672,96.76923076923076,62.230769230769226,96.76923076923076,62.230769230769226,0
per_huruf_hybrid_skeleton_forced_loop_no_sig,4,598,0.24823578248235784,96.84615384615384,62.15384615384615,96.84615384615384,62.15384615384615,0
per_huruf_hybrid_skeleton_forced_loop_no_sig,4,599,0.24865089248650893,96.92307692307692,62.07692307692307,96.92307692307692,62.07692307692307,0
per_huruf_hybrid_skeleton_forced_loop_no_sig,4,600,0.24906600249066002,97.0,62.0,97.0,62.0,0
per_huruf_hybrid_skeleton_forced_loop_no_sig,4,601,0.2494811124948111,97.0769230769231,61.923076923076934,97.0769230769231,61.923076923076934,0
per_huruf_hybrid_skeleton_forced_loop_no_sig,4,602,0.24989622249896223,97.15384615384616,61.846153846153854,97.15384615384616,61.846153846153854,0
per_huruf_hybrid_skeleton_forced_loop_no_sig,4,603,0.2503113325031133,97.23076923076921,61.76923076923076,97.23076923076921,61.76923076923076,0
per_huruf_hybrid_skeleton_forced_loop_no_sig,4,604,0.25072644250726445,97.30769230769229,61.692307692307686,97.30769230769229,61.692307692307686,0
per_huruf_hybrid_skeleton_forced_loop_no_sig,4,605,0.2511415525114155,97.3846153846154,61.61538461538461,97.3846153846154,61.61538461538461,0
per_huruf_hybrid_skeleton_forced_loop_no_sig,4,606,0.25155666251556663,97.46153846153848,61.53846153846155,97.46153846153848,61.53846153846155,0
per_huruf_hybrid_skeleton_forced_loop_no_sig,4,607,0.2519717725197177,97.53846153846155,61.46153846153847,97.53846153846155,61.46153846153847,0
per_huruf_hybrid_skeleton_forced_loop_no_sig,4,608,0.2523868825238688,97.61538461538463,61.384615384615394,97.61538461538463,61.384615384615394,0
per_huruf_hybrid_skeleton_forced_loop_no_sig,4,609,0.25280199252801994,97.69230769230771,61.3076923076923,97.69230769230771,61.3076923076923,0
per_huruf_hybrid_skeleton_forced_loop_no_sig,4,610,0.253217102532171,97.76923076923076,61.230769230769226,97.76923076923076,61.230769230769226,0
per_huruf_hybrid_skeleton_forced_loop_no_sig,4,611,0.2536322125363221,97.84615384615385,61.15384615384616,97.84615384615385,61.15384615384616,0
per_huruf_hybrid_skeleton_forced_loop_no_sig,4,612,0.25404732254047324,97.92307692307692,61.07692307692307,97.92307692307692,61.07692307692307,0
per_huruf_hybrid_skeleton_forced_loop_no_sig,4,613,0.2544624325446243,98.0,61.0,98.0,61.0,0
per_huruf_hybrid_skeleton_forced_loop_no_sig,4,614,0.2548775425487754,98.0769230769231,60.92307692307693,98.0769230769231,60.92307692307693,0
per_huruf_hybrid_skeleton_forced_loop_no_sig,4,615,0.25529265255292655,98.15384615384616,60.84615384615385,98.15384615384616,60.84615384615385,0
per_huruf_hybrid_skeleton_forced_loop_no_sig,4,616,0.2557077625570776,98.23076923076921,60.76923076923076,98.23076923076921,60.76923076923076,0
per_huruf_hybrid_skeleton_forced_loop_no_sig,4,617,0.25612287256122873,98.30769230769229,60.692307692307686,98.30769230769229,60.692307692307686,0
per_huruf_hybrid_skeleton_forced_loop_no_sig,4,618,0.2565379825653798,98.38461538461539,60.61538461538462,98.38461538461539,60.61538461538462,0
per_huruf_hybrid_skeleton_forced_loop_no_sig,4,619,0.2569530925695309,98.46153846153847,60.53846153846153,98.46153846153847,60.53846153846153,0
per_huruf_hybrid_skeleton_forced_loop_no_sig,4,620,0.25736820257368204,98.53846153846153,60.46153846153846,98.53846153846153,60.46153846153846,0
per_huruf_hybrid_skeleton_forced_loop_no_sig,4,621,0.2577833125778331,98.61538461538461,60.38461538461539,98.61538461538461,60.38461538461539,0
per_huruf_hybrid_skeleton_forced_loop_no_sig,4,622,0.2581984225819842,98.69230769230768,60.30769230769231,98.69230769230768,60.30769230769231,0
per_huruf_hybrid_skeleton_forced_loop_no_sig,4,623,0.25861353258613534,98.76923076923077,60.230769230769226,98.76923076923077,60.230769230769226,0
per_huruf_hybrid_skeleton_forced_loop_no_sig,4,624,0.2590286425902864,98.84615384615384,60.15384615384615,98.84615384615384,60.15384615384615,0
per_huruf_hybrid_skeleton_forced_loop_no_sig,4,625,0.2594437525944375,98.92307692307692,60.07692307692307,98.92307692307692,60.07692307692307,0
per_huruf_hybrid_skeleton_forced_loop_no_sig,4,626,0.25985886259858865,99.0,60.0,99.0,60.0,0
per_huruf_hybrid_skeleton_forced_loop_no_sig,4,627,0.2602739726027397,99.0769230769231,59.92307692307693,99.0769230769231,59.92307692307693,0
per_huruf_hybrid_skeleton_forced_loop_no_sig,4,628,0.26068908260689083,99.15384615384616,59.84615384615385,99.15384615384616,59.84615384615385,0
per_huruf_hybrid_skeleton_forced_loop_no_sig,4,629,0.2611041926110419,99.23076923076921,59.76923076923076,99.23076923076921,59.76923076923076,0
per_huruf_hybrid_skeleton_forced_loop_no_sig,4,630,0.261519302615193,99.3076923076923,59.69230769230769,99.3076923076923,59.69230769230769,0
per_huruf_hybrid_skeleton_forced_loop_no_sig,4,631,0.26193441261934414,99.3846153846154,59.61538461538462,99.3846153846154,59.61538461538462,0
per_huruf_hybrid_skeleton_forced_loop_no_sig,4,632,0.2623495226234952,99.46153846153848,59.53846153846155,99.46153846153848,59.53846153846155,0
per_huruf_hybrid_skeleton_forced_loop_no_sig,4,633,0.2627646326276463,99.53846153846153,59.46153846153846,99.53846153846153,59.46153846153846,0
per_huruf_hybrid_skeleton_forced_loop_no_sig,4,634,0.26317974263179744,99.61538461538461,59.38461538461539,99.61538461538461,59.38461538461539,0
per_huruf_hybrid_skeleton_forced_loop_no_sig,4,635,0.2635948526359485,99.69230769230771,59.30769230769231,99.69230769230771,59.30769230769231,0
per_huruf_hybrid_skeleton_forced_loop_no_sig,4,636,0.2640099626400996,99.76923076923076,59.230769230769226,99.76923076923076,59.230769230769226,0
per_huruf_hybrid_skeleton_forced_loop_no_sig,4,637,0.26442507264425075,99.84615384615385,59.15384615384615,99.84615384615385,59.15384615384615,0
per_huruf_hybrid_skeleton_forced_loop_no_sig,4,638,0.2648401826484018,99.92307692307692,59.07692307692307,99.92307692307692,59.07692307692307,0
per_huruf_hybrid_skeleton_forced_loop_no_sig,4,639,0.26525529265255293,100.0,59.0,100.0,59.0,0
per_huruf_hybrid_skeleton_forced_loop_no_sig,4,640,0.26567040265670405,100.07692307692308,58.92307692307693,100.07692307692308,58.92307692307693,0
per_huruf_hybrid_skeleton_forced_loop_no_sig,4,641,0.2660855126608551,100.15384615384615,58.84615384615385,100.15384615384615,58.84615384615385,0
per_huruf_hybrid_skeleton_forced_loop_no_sig,4,642,0.26650062266500624,100.23076923076921,58.76923076923077,100.23076923076921,58.76923076923077,0
per_huruf_hybrid_skeleton_forced_loop_no_sig,4,643,0.2669157326691573,100.3076923076923,58.692307692307686,100.3076923076923,58.692307692307686,0
per_huruf_hybrid_skeleton_forced_loop_no_sig,4,644,0.2673308426733084,100.38461538461539,58.61538461538462,100.38461538461539,58.61538461538462,0
per_huruf_hybrid_skeleton_forced_loop_no_sig,4,645,0.26774595267745954,100.46153846153847,58.53846153846154,100.46153846153847,58.53846153846154,0
per_huruf_hybrid_skeleton_forced_loop_no_sig,4,646,0.2681610626816106,100.53846153846155,58.46153846153847,100.53846153846155,58.46153846153847,0
per_huruf_hybrid_skeleton_forced_loop_no_sig,4,647,0.2685761726857617,100.61538461538461,58.38461538461539,100.61538461538461,58.38461538461539,0
per_huruf_hybrid_skeleton_forced_loop_no_sig,4,648,0.26899128268991285,100.6923076923077,58.30769230769231,100.6923076923077,58.30769230769231,0
per_huruf_hybrid_skeleton_forced_loop_no_sig,4,649,0.2694063926940639,100.76923076923077,58.230769230769226,100.76923076923077,58.230769230769226,0
per_huruf_hybrid_skeleton_forced_loop_no_sig,4,650,0.26982150269821503,100.84615384615385,58.15384615384615,100.84615384615385,58.15384615384615,0
per_huruf_hybrid_skeleton_forced_loop_no_sig,4,651,0.27023661270236615,100.92307692307692,58.07692307692307,100.92307692307692,58.07692307692307,0
per_huruf_hybrid_skeleton_forced_loop_no_sig,4,652,0.2706517227065172,101.0,58.0,101.0,58.0,0
per_huruf_hybrid_skeleton_forced_loop_no_sig,4,653,0.27106683271066834,101.0769230769231,57.92307692307692,101.0769230769231,57.92307692307692,0
per_huruf_hybrid_skeleton_forced_loop_no_sig,4,654,0.2714819427148194,101.15384615384616,57.84615384615385,101.15384615384616,57.84615384615385,0
per_huruf_hybrid_skeleton_forced_loop_no_sig,4,655,0.2718970527189705,101.23076923076923,57.76923076923076,101.23076923076923,57.76923076923076,0
per_huruf_hybrid_skeleton_forced_loop_no_sig,4,656,0.27231216272312164,101.30769230769229,57.692307692307686,101.30769230769229,57.692307692307686,0
per_huruf_hybrid_skeleton_forced_loop_no_sig,4,657,0.2727272727272727,101.3846153846154,57.61538461538462,101.3846153846154,57.61538461538462,0
per_huruf_hybrid_skeleton_forced_loop_no_sig,4,658,0.2731423827314238,101.46153846153848,57.53846153846155,101.46153846153848,57.53846153846155,0
per_huruf_hybrid_skeleton_forced_loop_no_sig,4,659,0.27355749273557495,101.53846153846153,57.46153846153846,101.53846153846153,57.46153846153846,0
per_huruf_hybrid_skeleton_forced_loop_no_sig,4,660,0.273972602739726,101.61538461538461,57.38461538461539,101.61538461538461,57.38461538461539,0
per_huruf_hybrid_skeleton_forced_loop_no_sig,4,661,0.27438771274387713,101.6923076923077,57.30769230769231,101.6923076923077,57.30769230769231,0
per_huruf_hybrid_skeleton_forced_loop_no_sig,4,662,0.27480282274802825,101.76923076923077,57.230769230769226,101.76923076923077,57.230769230769226,0
per_huruf_hybrid_skeleton_forced_loop_no_sig,4,663,0.2752179327521793,101.84615384615384,57.153846153846146,101.84615384615384,57.153846153846146,0
per_huruf_hybrid_skeleton_forced_loop_no_sig,4,664,0.27563304275633044,101.92307692307692,57.07692307692307,101.92307692307692,57.07692307692307,0
per_huruf_hybrid_skeleton_forced_loop_no_sig,4,665,0.2760481527604815,102.0,57.0,102.0,57.0,0
per_huruf_hybrid_skeleton_forced_loop_no_sig,4,666,0.2764632627646326,102.07965407373693,56.92307692307693,102.07965407373693,56.92307692307693,0
per_huruf_hybrid_skeleton_forced_loop_no_sig,4,667,0.27687837276878374,102.16385980883024,56.846153846153854,102.16385980883024,56.846153846153854,0
per_huruf_hybrid_skeleton_forced_loop_no_sig,4,668,0.2772934827729348,102.25125170687299,56.76923076923075,102.25125170687299,56.76923076923075,0
per_huruf_hybrid_skeleton_forced_loop_no_sig,4,669,0.2777085927770859,102.34046426945834,56.692307692307686,102.34046426945834,56.692307692307686,0
per_huruf_hybrid_skeleton_forced_loop_no_sig,4,670,0.27812370278123705,102.43013199817933,56.61538461538462,102.43013199817933,56.61538461538462,0
per_huruf_hybrid_skeleton_forced_loop_no_sig,4,671,0.2785388127853881,102.51888939462904,56.53846153846154,102.51888939462904,56.53846153846154,0
per_huruf_hybrid_skeleton_forced_loop_no_sig,4,672,0.27895392278953923,102.60537096040053,56.46153846153846,102.60537096040053,56.46153846153846,0
per_huruf_hybrid_skeleton_forced_loop_no_sig,4,673,0.27936903279369035,102.68821119708693,56.38461538461539,102.68821119708693,56.38461538461539,0
per_huruf_hybrid_skeleton_forced_loop_no_sig,4,674,0.2797841427978414,102.76604460628128,56.30769230769231,102.76604460628128,56.30769230769231,0
per_huruf_hybrid_skeleton_forced_loop_no_sig,4,675,0.28019925280199254,102.83750568957669,56.230769230769226,102.83750568957669,56.230769230769226,0
per_huruf_hybrid_skeleton_forced_loop_no_sig,4,676,0.2806143628061436,102.90122894856623,56.15384615384615,102.90122894856623,56.15384615384615,0
per_huruf_hybrid_skeleton_forced_loop_no_sig,4,677,0.2810294728102947,102.95584888484296,56.07692307692307,102.95584888484296,56.07692307692307,0
per_huruf_hybrid_skeleton_forced_loop_no_sig,4,678,0.28144458281444584,103.0,56.0,103.0,56.0,0
per_huruf_hybrid_skeleton_forced_loop_no_sig,4,679,0.2818596928185969,103.03004096495222,55.923076923076934,103.03004096495222,55.923076923076934,0
per_huruf_hybrid_skeleton_forced_loop_no_sig,4,680,0.282274802822748,103.04506144742832,55.846153846153854,103.04506144742832,55.846153846153854,0
per_huruf_hybrid_skeleton_forced_loop_no_sig,4,681,0.28268991282689915,103.04779244424213,55.76923076923076,103.04779244424213,55.76923076923076,0
per_huruf_hybrid_skeleton_forced_loop_no_sig,4,682,0.2831050228310502,103.04096495220755,55.69230769230769,103.04096495220755,55.69230769230769,0
per_huruf_hybrid_skeleton_forced_loop_no_sig,4,683,0.28352013283520133,103.02730996813838,55.61538461538462,103.02730996813838,55.61538461538462,0
per_huruf_hybrid_skeleton_forced_loop_no_sig,4,684,0.28393524283935245,103.00955848884843,55.53846153846154,103.00955848884843,55.53846153846154,0
per_huruf_hybrid_skeleton_forced_loop_no_sig,4,685,0.2843503528435035,102.99044151115157,55.46153846153847,102.99044151115157,55.46153846153847,0
per_huruf_hybrid_skeleton_forced_loop_no_sig,4,686,0.28476546284765464,102.97269003186165,55.38461538461539,102.97269003186165,55.38461538461539,0
per_huruf_hybrid_skeleton_forced_loop_no_sig,4,687,0.2851805728518057,102.95903504779244,55.3076923076923,102.95903504779244,55.3076923076923,0
per_huruf_hybrid_skeleton_forced_loop_no_sig,4,688,0.2855956828559568,102.95220755575784,55.230769230769226,102.95220755575784,55.230769230769226,0
per_huruf_hybrid_skeleton_forced_loop_no_sig,4,689,0.28601079286010794,102.95493855257169,55.15384615384616,102.95493855257169,55.15384615384616,0
per_huruf_hybrid_skeleton_forced_loop_no_sig,4,690,0.286425902864259,102.9699590350478,55.07692307692307,102.9699590350478,55.07692307692307,0
per_huruf_hybrid_skeleton_forced_loop_no_sig,4,691,0.28684101286841013,103.0,55.0,103.0,55.0,0
per_huruf_hybrid_skeleton_forced_loop_no_sig,4,692,0.28725612287256125,103.04688211197089,54.92307692307693,103.04688211197089,54.92307692307693,0
per_huruf_hybrid_skeleton_forced_loop_no_sig,4,693,0.2876712328767123,103.10878470641785,54.84615384615385,103.10878470641785,54.84615384615385,0
per_huruf_hybrid_skeleton_forced_loop_no_sig,4,694,0.28808634288086343,103.18297678652706,54.76923076923077,103.18297678652706,54.76923076923077,0
per_huruf_hybrid_skeleton_forced_loop_no_sig,4,695,0.28850145288501455,103.26672735548475,54.692307692307686,103.26672735548475,54.692307692307686,0
per_huruf_hybrid_skeleton_forced_loop_no_sig,4,696,0.2889165628891656,103.35730541647703,54.61538461538462,103.35730541647703,54.61538461538462,0
per_huruf_hybrid_skeleton_forced_loop_no_sig,4,697,0.28933167289331674,103.45197997269004,54.53846153846154,103.45197997269004,54.53846153846154,0
per_huruf_hybrid_skeleton_forced_loop_no_sig,4,698,0.2897467828974678,103.54802002730997,54.46153846153846,103.54802002730997,54.46153846153846,0
per_huruf_hybrid_skeleton_forced_loop_no_sig,4,699,0.2901618929016189,103.642694583523,54.38461538461539,103.642694583523,54.38461538461539,0
per_huruf_hybrid_skeleton_forced_loop_no_sig,4,700,0.29057700290577004,103.73327264451524,54.30769230769231,103.73327264451524,54.30769230769231,0
per_huruf_hybrid_skeleton_forced_loop_no_sig,4,701,0.2909921129099211,103.81702321347291,54.230769230769226,103.81702321347291,54.230769230769226,0
per_huruf_hybrid_skeleton_forced_loop_no_sig,4,702,0.29140722291407223,103.89121529358216,54.15384615384616,103.89121529358216,54.15384615384616,0
per_huruf_hybrid_skeleton_forced_loop_no_sig,4,703,0.29182233291822335,103.95311788802913,54.07692307692307,103.95311788802913,54.07692307692307,0
per_huruf_hybrid_skeleton_forced_loop_no_sig,4,704,0.2922374429223744,104.0,54.0,104.0,54.0,0
per_huruf_hybrid_skeleton_forced_loop_no_sig,4,705,0.29265255292652553,104.03004096495222,53.923076923076934,104.03004096495222,53.923076923076934,0
per_huruf_hybrid_skeleton_forced_loop_no_sig,4,706,0.29306766293067665,104.04506144742832,53.84615384615385,104.04506144742832,53.84615384615385,0
per_huruf_hybrid_skeleton_forced_loop_no_sig,4,707,0.2934827729348277,104.04779244424213,53.76923076923076,104.04779244424213,53.76923076923076,0
per_huruf_hybrid_skeleton_forced_loop_no_sig,4,708,0.29389788293897884,104.04096495220755,53.69230769230768,104.04096495220755,53.69230769230768,0
per_huruf_hybrid_skeleton_forced_loop_no_sig,4,709,0.2943129929431299,104.02730996813838,53.61538461538461,104.02730996813838,53.61538461538461,0
per_huruf_hybrid_skeleton_forced_loop_no_sig,4,710,0.294728102947281,104.00955848884844,53.53846153846154,104.00955848884844,53.53846153846154,0
per_huruf_hybrid_skeleton_forced_loop_no_sig,4,711,0.29514321295143214,103.99044151115157,53.46153846153845,103.99044151115157,53.46153846153845,0
per_huruf_hybrid_skeleton_forced_loop_no_sig,4,712,0.2955583229555832,103.97269003186165,53.38461538461539,103.97269003186165,53.38461538461539,0
per_huruf_hybrid_skeleton_forced_loop_no_sig,4,713,0.29597343295973433,103.95903504779244,53.30769230769231,103.95903504779244,53.30769230769231,0
per_huruf_hybrid_skeleton_forced_loop_no_sig,4,714,0.29638854296388545,103.95220755575784,53.230769230769226,103.95220755575784,53.230769230769226,0
per_huruf_hybrid_skeleton_forced_loop_no_sig,4,715,0.2968036529680365,103.95493855257169,53.15384615384616,103.95493855257169,53.15384615384616,0
per_huruf_hybrid_skeleton_forced_loop_no_sig,4,716,0.29721876297218763,103.9699590350478,53.07692307692307,103.9699590350478,53.07692307692307,0
per_huruf_hybrid_skeleton_forced_loop_no_sig,4,717,0.29763387297633875,104.0,53.0,104.0,53.0,0
per_huruf_hybrid_skeleton_forced_loop_no_sig,4,718,0.2980489829804898,104.04415111515705,52.923076923076934,104.04415111515705,52.923076923076934,0
per_huruf_hybrid_skeleton_forced_loop_no_sig,4,719,0.29846409298464094,104.09877105143379,52.846153846153854,104.09877105143379,52.846153846153854,0
per_huruf_hybrid_skeleton_forced_loop_no_sig,4,720,0.298879202988792,104.16249431042328,52.76923076923076,104.16249431042328,52.76923076923076,0
per_huruf_hybrid_skeleton_forced_loop_no_sig,4,721,0.2992943129929431,104.23395539371869,52.692307692307686,104.23395539371869,52.692307692307686,0
per_huruf_hybrid_skeleton_forced_loop_no_sig,4,722,0.29970942299709424,104.31178880291307,52.61538461538462,104.31178880291307,52.61538461538462,0
per_huruf_hybrid_skeleton_forced_loop_no_sig,4,723,0.3001245330012453,104.39462903959947,52.53846153846154,104.39462903959947,52.53846153846154,0
per_huruf_hybrid_skeleton_forced_loop_no_sig,4,724,0.30053964300539643,104.48111060537097,52.46153846153846,104.48111060537097,52.46153846153846,0
per_huruf_hybrid_skeleton_forced_loop_no_sig,4,725,0.30095475300954755,104.56986800182068,52.38461538461539,104.56986800182068,52.38461538461539,0
per_huruf_hybrid_skeleton_forced_loop_no_sig,4,726,0.3013698630136986,104.65953573054165,52.30769230769231,104.65953573054165,52.30769230769231,0
per_huruf_hybrid_skeleton_forced_loop_no_sig,4,727,0.30178497301784973,104.74874829312698,52.230769230769226,104.74874829312698,52.230769230769226,0
per_huruf_hybrid_skeleton_forced_loop_no_sig,4,728,0.30220008302200085,104.83614019116979,52.15384615384616,104.83614019116979,52.15384615384616,0
per_huruf_hybrid_skeleton_forced_loop_no_sig,4,729,0.3026151930261519,104.92034592626308,52.07692307692307,104.92034592626308,52.07692307692307,0
per_huruf_hybrid_skeleton_forced_loop_no_sig,4,730,0.30303030303030304,105.0,52.0,105.0,52.0,0
per_huruf_hybrid_skeleton_forced_loop_no_sig,4,731,0.3034454130344541,105.0769230769231,51.923076923076934,105.0769230769231,51.923076923076934,0
per_huruf_hybrid_skeleton_forced_loop_no_sig,4,732,0.3038605230386052,105.15384615384616,51.84615384615384,105.15384615384616,51.84615384615384,0
per_huruf_hybrid_skeleton_forced_loop_no_sig,4,733,0.30427563304275634,105.2307692307692,51.76923076923077,105.2307692307692,51.76923076923077,0
per_huruf_hybrid_skeleton_forced_loop_no_sig,4,734,0.3046907430469074,105.30769230769229,51.69230769230768,105.30769230769229,51.69230769230768,0
per_huruf_hybrid_skeleton_forced_loop_no_sig,4,735,0.30510585305105853,105.38461538461539,51.61538461538462,105.38461538461539,51.61538461538462,0
per_huruf_hybrid_skeleton_forced_loop_no_sig,4,736,0.30552096305520965,105.46153846153847,51.53846153846155,105.46153846153847,51.53846153846155,0
per_huruf_hybrid_skeleton_forced_loop_no_sig,4,737,0.3059360730593607,105.53846153846155,51.46153846153846,105.53846153846155,51.46153846153846,0
per_huruf_hybrid_skeleton_forced_loop_no_sig,4,738,0.30635118306351183,105.61538461538463,51.38461538461539,105.61538461538463,51.38461538461539,0
per_huruf_hybrid_skeleton_forced_loop_no_sig,4,739,0.30676629306766295,105.69230769230768,51.30769230769231,105.69230769230768,51.30769230769231,0
per_huruf_hybrid_skeleton_forced_loop_no_sig,4,740,0.307181403071814,105.76923076923077,51.230769230769226,105.76923076923077,51.230769230769226,0
per_huruf_hybrid_skeleton_forced_loop_no_sig,4,741,0.30759651307596514,105.84615384615385,51.15384615384616,105.84615384615385,51.15384615384616,0
per_huruf_hybrid_skeleton_forced_loop_no_sig,4,742,0.3080116230801162,105.92307692307692,51.07692307692307,105.92307692307692,51.07692307692307,0
per_huruf_hybrid_skeleton_forced_loop_no_sig,4,743,0.3084267330842673,106.0,51.0,106.0,51.0,0
per_huruf_hybrid_skeleton_forced_loop_no_sig,4,744,0.30884184308841844,106.0769230769231,50.92307692307693,106.0769230769231,50.92307692307693,0
per_huruf_hybrid_skeleton_forced_loop_no_sig,4,745,0.3092569530925695,106.15384615384616,50.84615384615385,106.15384615384616,50.84615384615385,0
per_huruf_hybrid_skeleton_forced_loop_no_sig,4,746,0.30967206309672063,106.23076923076923,50.76923076923076,106.23076923076923,50.76923076923076,0
per_huruf_hybrid_skeleton_forced_loop_no_sig,4,747,0.31008717310087175,106.30769230769229,50.692307692307686,106.30769230769229,50.692307692307686,0
per_huruf_hybrid_skeleton_forced_loop_no_sig,4,748,0.3105022831050228,106.38461538461539,50.61538461538462,106.38461538461539,50.61538461538462,0
per_huruf_hybrid_skeleton_forced_loop_no_sig,4,749,0.31091739310917393,106.46153846153847,50.53846153846155,106.46153846153847,50.53846153846155,0
per_huruf_hybrid_skeleton_forced_loop_no_sig,4,750,0.31133250311332505,106.53846153846155,50.46153846153846,106.53846153846155,50.46153846153846,0
per_huruf_hybrid_skeleton_forced_loop_no_sig,4,751,0.3117476131174761,106.61538461538463,50.38461538461539,106.61538461538463,50.38461538461539,0
per_huruf_hybrid_skeleton_forced_loop_no_sig,4,752,0.31216272312162724,106.69230769230768,50.30769230769231,106.69230769230768,50.30769230769231,0
per_huruf_hybrid_skeleton_forced_loop_no_sig,4,753,0.3125778331257783,106.76923076923076,50.230769230769226,106.76923076923076,50.230769230769226,0
per_huruf_hybrid_skeleton_forced_loop_no_sig,4,754,0.3129929431299294,106.84615384615385,50.15384615384616,106.84615384615385,50.15384615384616,0
per_huruf_hybrid_skeleton_forced_loop_no_sig,4,755,0.31340805313408054,106.92307692307693,50.07692307692307,106.92307692307693,50.07692307692307,0
per_huruf_hybrid_skeleton_forced_loop_no_sig,4,756,0.3138231631382316,107.0,50.0,107.0,50.0,0
per_huruf_hybrid_skeleton_forced_loop_no_sig,4,757,0.31423827314238273,107.07692307692308,49.92307692307693,107.07692307692308,49.92307692307693,0
per_huruf_hybrid_skeleton_forced_loop_no_sig,4,758,0.31465338314653385,107.15384615384616,49.846153846153854,107.15384615384616,49.846153846153854,0
per_huruf_hybrid_skeleton_forced_loop_no_sig,4,759,0.3150684931506849,107.23076923076923,49.76923076923076,107.23076923076923,49.76923076923076,0
per_huruf_hybrid_skeleton_forced_loop_no_sig,4,760,0.31548360315483603,107.30769230769229,49.692307692307686,107.30769230769229,49.692307692307686,0
per_huruf_hybrid_skeleton_forced_loop_no_sig,4,761,0.31589871315898715,107.3846153846154,49.61538461538462,107.3846153846154,49.61538461538462,0
per_huruf_hybrid_skeleton_forced_loop_no_sig,4,762,0.3163138231631382,107.46153846153847,49.53846153846155,107.46153846153847,49.53846153846155,0
per_huruf_hybrid_skeleton_forced_loop_no_sig,4,763,0.31672893316728934,107.53846153846153,49.46153846153846,107.53846153846153,49.46153846153846,0
per_huruf_hybrid_skeleton_forced_loop_no_sig,4,764,0.3171440431714404,107.61538461538461,49.38461538461538,107.61538461538461,49.38461538461538,0
per_huruf_hybrid_skeleton_forced_loop_no_sig,4,765,0.3175591531755915,107.6923076923077,49.30769230769231,107.6923076923077,49.30769230769231,0
per_huruf_hybrid_skeleton_forced_loop_no_sig,4,766,0.31797426317974264,107.76923076923077,49.230769230769226,107.76923076923077,49.230769230769226,0
per_huruf_hybrid_skeleton_forced_loop_no_sig,4,767,0.3183893731838937,107.84615384615385,49.15384615384615,107.84615384615385,49.15384615384615,0
per_huruf_hybrid_skeleton_forced_loop_no_sig,4,768,0.31880448318804483,107.92307692307692,49.07692307692307,107.92307692307692,49.07692307692307,0
per_huruf_hybrid_skeleton_forced_loop_no_sig,4,769,0.31921959319219595,108.0,49.0,108.0,49.0,0
per_huruf_hybrid_skeleton_forced_loop_no_sig,4,770,0.319634703196347,108.07692307692311,48.923076923076934,108.07692307692311,48.923076923076934,0
per_huruf_hybrid_skeleton_forced_loop_no_sig,4,771,0.32004981320049813,108.15384615384616,48.84615384615385,108.15384615384616,48.84615384615385,0
per_huruf_hybrid_skeleton_forced_loop_no_sig,4,772,0.32046492320464925,108.23076923076923,48.76923076923077,108.23076923076923,48.76923076923077,0
per_huruf_hybrid_skeleton_forced_loop_no_sig,4,773,0.3208800332088003,108.30769230769229,48.692307692307686,108.30769230769229,48.692307692307686,0
per_huruf_hybrid_skeleton_forced_loop_no_sig,4,774,0.32129514321295144,108.3846153846154,48.61538461538462,108.3846153846154,48.61538461538462,0
per_huruf_hybrid_skeleton_forced_loop_no_sig,4,775,0.3217102532171025,108.46153846153848,48.53846153846154,108.46153846153848,48.53846153846154,0
per_huruf_hybrid_skeleton_forced_loop_no_sig,4,776,0.3221253632212536,108.53846153846155,48.46153846153847,108.53846153846155,48.46153846153847,0
per_huruf_hybrid_skeleton_forced_loop_no_sig,4,777,0.32254047322540474,108.61538461538461,48.38461538461539,108.61538461538461,48.38461538461539,0
per_huruf_hybrid_skeleton_forced_loop_no_sig,4,778,0.3229555832295558,108.6923076923077,48.30769230769231,108.6923076923077,48.30769230769231,0
per_huruf_hybrid_skeleton_forced_loop_no_sig,4,779,0.32337069323370693,108.76923076923076,48.230769230769226,108.76923076923076,48.230769230769226,0
per_huruf_hybrid_skeleton_forced_loop_no_sig,4,780,0.32378580323785805,108.84615384615385,48.15384615384615,108.84615384615385,48.15384615384615,0
per_huruf_hybrid_skeleton_forced_loop_no_sig,4,781,0.3242009132420091,108.92307692307693,48.07692307692307,108.92307692307693,48.07692307692307,0
per_huruf_hybrid_skeleton_forced_loop_no_sig,4,782,0.32461602324616023,109.0,48.0,109.0,48.0,0
per_huruf_hybrid_skeleton_forced_loop_no_sig,4,783,0.32503113325031135,109.0769230769231,47.92307692307693,109.0769230769231,47.92307692307693,0
per_huruf_hybrid_skeleton_forced_loop_no_sig,4,784,0.3254462432544624,109.15384615384615,47.84615384615385,109.15384615384615,47.84615384615385,0
per_huruf_hybrid_skeleton_forced_loop_no_sig,4,785,0.32586135325861354,109.23076923076921,47.76923076923077,109.23076923076921,47.76923076923077,0
per_huruf_hybrid_skeleton_forced_loop_no_sig,4,786,0.3262764632627646,109.30769230769229,47.692307692307686,109.30769230769229,47.692307692307686,0
per_huruf_hybrid_skeleton_forced_loop_no_sig,4,787,0.3266915732669157,109.3846153846154,47.61538461538462,109.3846153846154,47.61538461538462,0
per_huruf_hybrid_skeleton_forced_loop_no_sig,4,788,0.32710668327106684,109.46153846153847,47.53846153846155,109.46153846153847,47.53846153846155,0
per_huruf_hybrid_skeleton_forced_loop_no_sig,4,789,0.3275217932752179,109.53846153846155,47.46153846153846,109.53846153846155,47.46153846153846,0
per_huruf_hybrid_skeleton_forced_loop_no_sig,4,790,0.32793690327936903,109.61538461538461,47.38461538461539,109.61538461538461,47.38461538461539,0
per_huruf_hybrid_skeleton_forced_loop_no_sig,4,791,0.32835201328352015,109.6923076923077,47.30769230769231,109.6923076923077,47.30769230769231,0
per_huruf_hybrid_skeleton_forced_loop_no_sig,4,792,0.3287671232876712,109.76923076923077,47.230769230769226,109.76923076923077,47.230769230769226,0
per_huruf_hybrid_skeleton_forced_loop_no_sig,4,793,0.32918223329182233,109.84615384615387,47.15384615384616,109.84615384615387,47.15384615384616,0
per_huruf_hybrid_skeleton_forced_loop_no_sig,4,794,0.32959734329597346,109.92307692307692,47.07692307692307,109.92307692307692,47.07692307692307,0
per_huruf_hybrid_skeleton_forced_loop_no_sig,4,795,0.3300124533001245,110.0,47.0,110.0,47.0,0
per_huruf_hybrid_skeleton_forced_loop_no_sig,4,796,0.33042756330427564,110.0769230769231,46.92307692307693,110.0769230769231,46.92307692307693,0
per_huruf_hybrid_skeleton_forced_loop_no_sig,4,797,0.3308426733084267,110.15384615384615,46.84615384615385,110.15384615384615,46.84615384615385,0
per_huruf_hybrid_skeleton_forced_loop_no_sig,4,798,0.3312577833125778,110.23076923076921,46.76923076923076,110.23076923076921,46.76923076923076,0
per_huruf_hybrid_skeleton_forced_loop_no_sig,4,799,0.33167289331672895,110.30769230769229,46.692307692307686,110.30769230769229,46.692307692307686,0
per_huruf_hybrid_skeleton_forced_loop_no_sig,4,800,0.33208800332088,110.3846153846154,46.61538461538462,110.3846153846154,46.61538461538462,0
per_huruf_hybrid_skeleton_forced_loop_no_sig,4,801,0.33250311332503113,110.46153846153847,46.53846153846154,110.46153846153847,46.53846153846154,0
per_huruf_hybrid_skeleton_forced_loop_no_sig,4,802,0.33291822332918225,110.53846153846153,46.46153846153846,110.53846153846153,46.46153846153846,0
per_huruf_hybrid_skeleton_forced_loop_no_sig,4,803,0.3333333333333333,110.61538461538461,46.38461538461539,110.61538461538461,46.38461538461539,0
per_huruf_hybrid_skeleton_forced_loop_no_sig,4,804,0.33374844333748444,110.69230769230768,46.30769230769231,110.69230769230768,46.30769230769231,0
per_huruf_hybrid_skeleton_forced_loop_no_sig,4,805,0.33416355334163556,110.76923076923076,46.230769230769226,110.76923076923076,46.230769230769226,0
per_huruf_hybrid_skeleton_forced_loop_no_sig,4,806,0.3345786633457866,110.84615384615385,46.15384615384615,110.84615384615385,46.15384615384615,0
per_huruf_hybrid_skeleton_forced_loop_no_sig,4,807,0.33499377334993774,110.92307692307693,46.07692307692307,110.92307692307693,46.07692307692307,0
per_huruf_hybrid_skeleton_forced_loop_no_sig,4,808,0.3354088833540888,111.0,46.0,111.0,46.0,0
per_huruf_hybrid_skeleton_forced_loop_no_sig,4,809,0.3358239933582399,111.0769230769231,45.923076923076934,111.0769230769231,45.923076923076934,0
per_huruf_hybrid_skeleton_forced_loop_no_sig,4,810,0.33623910336239105,111.15384615384617,45.84615384615385,111.15384615384617,45.84615384615385,0
per_huruf_hybrid_skeleton_forced_loop_no_sig,4,811,0.3366542133665421,111.2307692307692,45.76923076923077,111.2307692307692,45.76923076923077,0
per_huruf_hybrid_skeleton_forced_loop_no_sig,4,812,0.33706932337069323,111.3076923076923,45.69230769230768,111.3076923076923,45.69230769230768,0
per_huruf_hybrid_skeleton_forced_loop_no_sig,4,813,0.33748443337484435,111.3846153846154,45.61538461538462,111.3846153846154,45.61538461538462,0
per_huruf_hybrid_skeleton_forced_loop_no_sig,4,814,0.3378995433789954,111.46153846153847,45.53846153846154,111.46153846153847,45.53846153846154,0
per_huruf_hybrid_skeleton_forced_loop_no_sig,4,815,0.33831465338314654,111.53846153846153,45.46153846153847,111.53846153846153,45.46153846153847,0
per_huruf_hybrid_skeleton_forced_loop_no_sig,4,816,0.33872976338729766,111.61538461538461,45.38461538461539,111.61538461538461,45.38461538461539,0
per_huruf_hybrid_skeleton_forced_loop_no_sig,4,817,0.3391448733914487,111.69230769230768,45.30769230769231,111.69230769230768,45.30769230769231,0
per_huruf_hybrid_skeleton_forced_loop_no_sig,4,818,0.33955998339559984,111.76923076923076,45.230769230769226,111.76923076923076,45.230769230769226,0
per_huruf_hybrid_skeleton_forced_loop_no_sig,4,819,0.3399750933997509,111.84615384615384,45.15384615384615,111.84615384615384,45.15384615384615,0
per_huruf_hybrid_skeleton_forced_loop_no_sig,4,820,0.340390203403902,111.92307692307692,45.07692307692307,111.92307692307692,45.07692307692307,0
per_huruf_hybrid_skeleton_forced_loop_no_sig,4,821,0.34080531340805315,112.0,45.0,112.0,45.0,0
per_huruf_hybrid_skeleton_forced_loop_no_sig,4,822,0.3412204234122042,112.07692307692308,44.92307692307693,112.07692307692308,44.92307692307693,0
per_huruf_hybrid_skeleton_forced_loop_no_sig,4,823,0.34163553341635533,112.15384615384616,44.84615384615385,112.15384615384616,44.84615384615385,0
per_huruf_hybrid_skeleton_forced_loop_no_sig,4,824,0.34205064342050645,112.2307692307692,44.76923076923076,112.2307692307692,44.76923076923076,0
per_huruf_hybrid_skeleton_forced_loop_no_sig,4,825,0.3424657534246575,112.3076923076923,44.69230769230769,112.3076923076923,44.69230769230769,0
per_huruf_hybrid_skeleton_forced_loop_no_sig,4,826,0.34288086342880864,112.3846153846154,44.61538461538462,112.3846153846154,44.61538461538462,0
per_huruf_hybrid_skeleton_forced_loop_no_sig,4,827,0.34329597343295976,112.46153846153848,44.53846153846154,112.46153846153848,44.53846153846154,0
per_huruf_hybrid_skeleton_forced_loop_no_sig,4,828,0.3437110834371108,112.53846153846155,44.46153846153846,112.53846153846155,44.46153846153846,0
per_huruf_hybrid_skeleton_forced_loop_no_sig,4,829,0.34412619344126194,112.61538461538461,44.38461538461539,112.61538461538461,44.38461538461539,0
per_huruf_hybrid_skeleton_forced_loop_no_sig,4,830,0.344541303445413,112.69230769230768,44.30769230769231,112.69230769230768,44.30769230769231,0
per_huruf_hybrid_skeleton_forced_loop_no_sig,4,831,0.3449564134495641,112.76923076923075,44.230769230769226,112.76923076923075,44.230769230769226,0
per_huruf_hybrid_skeleton_forced_loop_no_sig,4,832,0.34537152345371525,112.84615384615384,44.15384615384615,112.84615384615384,44.15384615384615,0
per_huruf_hybrid_skeleton_forced_loop_no_sig,4,833,0.3457866334578663,112.92307692307693,44.07692307692307,112.92307692307693,44.07692307692307,0
per_huruf_hybrid_skeleton_forced_loop_no_sig,4,834,0.34620174346201743,113.0,44.0,113.0,44.0,0
per_huruf_hybrid_skeleton_forced_loop_no_sig,4,835,0.34661685346616855,113.07965407373693,43.92307692307693,113.07965407373693,43.92307692307693,0
per_huruf_hybrid_skeleton_forced_loop_no_sig,4,836,0.3470319634703196,113.16385980883022,43.84615384615385,113.16385980883022,43.84615384615385,0
per_huruf_hybrid_skeleton_forced_loop_no_sig,4,837,0.34744707347447074,113.25125170687299,43.76923076923076,113.25125170687299,43.76923076923076,0
per_huruf_hybrid_skeleton_forced_loop_no_sig,4,838,0.34786218347862186,113.34046426945834,43.692307692307686,113.34046426945834,43.692307692307686,0
per_huruf_hybrid_skeleton_forced_loop_no_sig,4,839,0.3482772934827729,113.43013199817935,43.61538461538462,113.43013199817935,43.61538461538462,0
per_huruf_hybrid_skeleton_forced_loop_no_sig,4,840,0.34869240348692404,113.51888939462906,43.53846153846153,113.51888939462906,43.53846153846153,0
per_huruf_hybrid_skeleton_forced_loop_no_sig,4,841,0.3491075134910751,113.60537096040055,43.46153846153846,113.60537096040055,43.46153846153846,0
per_huruf_hybrid_skeleton_forced_loop_no_sig,4,842,0.3495226234952262,113.68821119708693,43.38461538461539,113.68821119708693,43.38461538461539,0
per_huruf_hybrid_skeleton_forced_loop_no_sig,4,843,0.34993773349937735,113.76604460628128,43.30769230769231,113.76604460628128,43.30769230769231,0
per_huruf_hybrid_skeleton_forced_loop_no_sig,4,844,0.3503528435035284,113.83750568957669,43.230769230769226,113.83750568957669,43.230769230769226,0
per_huruf_hybrid_skeleton_forced_loop_no_sig,4,845,0.35076795350767953,113.90122894856623,43.15384615384616,113.90122894856623,43.15384615384616,0
per_huruf_hybrid_skeleton_forced_loop_no_sig,4,846,0.35118306351183065,113.95584888484296,43.07692307692307,113.95584888484296,43.07692307692307,0
per_huruf_hybrid_skeleton_forced_loop_no_sig,4,847,0.3515981735159817,114.0,43.0,114.0,43.0,0
per_huruf_hybrid_skeleton_forced_loop_no_sig,4,848,0.35201328352013284,114.03004096495222,42.92307692307693,114.03004096495222,42.92307692307693,0
per_huruf_hybrid_skeleton_forced_loop_no_sig,4,849,0.35242839352428396,114.04506144742831,42.84615384615384,114.04506144742831,42.84615384615384,0
per_huruf_hybrid_skeleton_forced_loop_no_sig,4,850,0.352843503528435,114.04779244424215,42.76923076923076,114.04779244424215,42.76923076923076,0
per_huruf_hybrid_skeleton_forced_loop_no_sig,4,851,0.35325861353258614,114.04096495220755,42.692307692307686,114.04096495220755,42.692307692307686,0
per_huruf_hybrid_skeleton_forced_loop_no_sig,4,852,0.3536737235367372,114.02730996813838,42.61538461538462,114.02730996813838,42.61538461538462,0
per_huruf_hybrid_skeleton_forced_loop_no_sig,4,853,0.3540888335408883,114.00955848884844,42.53846153846154,114.00955848884844,42.53846153846154,0
per_huruf_hybrid_skeleton_forced_loop_no_sig,4,854,0.35450394354503945,113.99044151115156,42.46153846153847,113.99044151115156,42.46153846153847,0
per_huruf_hybrid_skeleton_forced_loop_no_sig,4,855,0.3549190535491905,113.97269003186163,42.38461538461539,113.97269003186163,42.38461538461539,0
per_huruf_hybrid_skeleton_forced_loop_no_sig,4,856,0.35533416355334163,113.95903504779244,42.30769230769231,113.95903504779244,42.30769230769231,0
per_huruf_hybrid_skeleton_forced_loop_no_sig,4,857,0.35574927355749275,113.95220755575784,42.230769230769226,113.95220755575784,42.230769230769226,0
per_huruf_hybrid_skeleton_forced_loop_no_sig,4,858,0.3561643835616438,113.95493855257169,42.15384615384616,113.95493855257169,42.15384615384616,0
per_huruf_hybrid_skeleton_forced_loop_no_sig,4,859,0.35657949356579494,113.9699590350478,42.07692307692307,113.9699590350478,42.07692307692307,0
per_huruf_hybrid_skeleton_forced_loop_no_sig,4,860,0.35699460356994606,114.0,42.0,114.0,42.0,0
per_huruf_hybrid_skeleton_forced_loop_no_sig,4,861,0.3574097135740971,114.04415111515705,41.92307692307693,114.04415111515705,41.92307692307693,0
per_huruf_hybrid_skeleton_forced_loop_no_sig,4,862,0.35782482357824824,114.09877105143377,41.84615384615385,114.09877105143377,41.84615384615385,0
per_huruf_hybrid_skeleton_forced_loop_no_sig,4,863,0.3582399335823993,114.1624943104233,41.76923076923076,114.1624943104233,41.76923076923076,0
per_huruf_hybrid_skeleton_forced_loop_no_sig,4,864,0.3586550435865504,114.23395539371869,41.69230769230769,114.23395539371869,41.69230769230769,0
per_huruf_hybrid_skeleton_forced_loop_no_sig,4,865,0.35907015359070155,114.31178880291307,41.61538461538462,114.31178880291307,41.61538461538462,0
per_huruf_hybrid_skeleton_forced_loop_no_sig,4,866,0.3594852635948526,114.39462903959947,41.53846153846154,114.39462903959947,41.53846153846154,0
per_huruf_hybrid_skeleton_forced_loop_no_sig,4,867,0.35990037359900373,114.48111060537096,41.46153846153846,114.48111060537096,41.46153846153846,0
per_huruf_hybrid_skeleton_forced_loop_no_sig,4,868,0.36031548360315485,114.56986800182068,41.38461538461539,114.56986800182068,41.38461538461539,0
per_huruf_hybrid_skeleton_forced_loop_no_sig,4,869,0.3607305936073059,114.65953573054165,41.30769230769231,114.65953573054165,41.30769230769231,0
per_huruf_hybrid_skeleton_forced_loop_no_sig,4,870,0.36114570361145704,114.74874829312698,41.230769230769226,114.74874829312698,41.230769230769226,0
per_huruf_hybrid_skeleton_forced_loop_no_sig,4,871,0.36156081361560816,114.83614019116978,41.15384615384616,114.83614019116978,41.15384615384616,0
per_huruf_hybrid_skeleton_forced_loop_no_sig,4,872,0.3619759236197592,114.92034592626308,41.07692307692307,114.92034592626308,41.07692307692307,0
per_huruf_hybrid_skeleton_forced_loop_no_sig,4,873,0.36239103362391034,115.0,41.0,115.0,41.0,0
per_huruf_hybrid_skeleton_forced_loop_no_sig,4,874,0.3628061436280614,115.07965407373695,40.92307692307693,115.07965407373695,40.92307692307693,0
per_huruf_hybrid_skeleton_forced_loop_no_sig,4,875,0.3632212536322125,115.16385980883022,40.846153846153854,115.16385980883022,40.846153846153854,0
per_huruf_hybrid_skeleton_forced_loop_no_sig,4,876,0.36363636363636365,115.251251706873,40.76923076923076,115.251251706873,40.76923076923076,0
per_huruf_hybrid_skeleton_forced_loop_no_sig,4,877,0.3640514736405147,115.34046426945834,40.69230769230769,115.34046426945834,40.69230769230769,0
per_huruf_hybrid_skeleton_forced_loop_no_sig,4,878,0.36446658364466583,115.43013199817935,40.61538461538462,115.43013199817935,40.61538461538462,0
per_huruf_hybrid_skeleton_forced_loop_no_sig,4,879,0.36488169364881695,115.51888939462906,40.53846153846154,115.51888939462906,40.53846153846154,0
per_huruf_hybrid_skeleton_forced_loop_no_sig,4,880,0.365296803652968,115.60537096040053,40.46153846153845,115.60537096040053,40.46153846153845,0
per_huruf_hybrid_skeleton_forced_loop_no_sig,4,881,0.36571191365711914,115.68821119708693,40.38461538461539,115.68821119708693,40.38461538461539,0
per_huruf_hybrid_skeleton_forced_loop_no_sig,4,882,0.36612702366127026,115.76604460628128,40.30769230769231,115.76604460628128,40.30769230769231,0
per_huruf_hybrid_skeleton_forced_loop_no_sig,4,883,0.3665421336654213,115.83750568957669,40.230769230769226,115.83750568957669,40.230769230769226,0
per_huruf_hybrid_skeleton_forced_loop_no_sig,4,884,0.36695724366957244,115.90122894856623,40.15384615384615,115.90122894856623,40.15384615384615,0
per_huruf_hybrid_skeleton_forced_loop_no_sig,4,885,0.3673723536737235,115.95584888484296,40.07692307692308,115.95584888484296,40.07692307692308,0
per_huruf_hybrid_skeleton_forced_loop_no_sig,4,886,0.3677874636778746,116.0,40.0,116.0,40.0,0
per_huruf_hybrid_skeleton_forced_loop_no_sig,4,887,0.36820257368202575,116.03004096495224,39.923076923076934,116.03004096495224,39.923076923076934,0
per_huruf_hybrid_skeleton_forced_loop_no_sig,4,888,0.3686176836861768,116.04506144742832,39.84615384615384,116.04506144742832,39.84615384615384,0
per_huruf_hybrid_skeleton_forced_loop_no_sig,4,889,0.36903279369032793,116.04779244424213,39.76923076923077,116.04779244424213,39.76923076923077,0
per_huruf_hybrid_skeleton_forced_loop_no_sig,4,890,0.36944790369447905,116.04096495220755,39.692307692307686,116.04096495220755,39.692307692307686,0
per_huruf_hybrid_skeleton_forced_loop_no_sig,4,891,0.3698630136986301,116.0273099681384,39.61538461538462,116.0273099681384,39.61538461538462,0
per_huruf_hybrid_skeleton_forced_loop_no_sig,4,892,0.37027812370278124,116.00955848884844,39.53846153846154,116.00955848884844,39.53846153846154,0
per_huruf_hybrid_skeleton_forced_loop_no_sig,4,893,0.37069323370693236,115.99044151115157,39.46153846153846,115.99044151115157,39.46153846153846,0
per_huruf_hybrid_skeleton_forced_loop_no_sig,4,894,0.3711083437110834,115.97269003186165,39.38461538461539,115.97269003186165,39.38461538461539,0
per_huruf_hybrid_skeleton_forced_loop_no_sig,4,895,0.37152345371523454,115.95903504779244,39.30769230769231,115.95903504779244,39.30769230769231,0
per_huruf_hybrid_skeleton_forced_loop_no_sig,4,896,0.3719385637193856,115.95220755575784,39.230769230769226,115.95220755575784,39.230769230769226,0
per_huruf_hybrid_skeleton_forced_loop_no_sig,4,897,0.3723536737235367,115.95493855257169,39.15384615384615,115.95493855257169,39.15384615384615,0
per_huruf_hybrid_skeleton_forced_loop_no_sig,4,898,0.37276878372768785,115.9699590350478,39.07692307692308,115.9699590350478,39.07692307692308,0
per_huruf_hybrid_skeleton_forced_loop_no_sig,4,899,0.3731838937318389,116.0,39.0,116.0,39.0,0
per_huruf_hybrid_skeleton_forced_loop_no_sig,4,900,0.37359900373599003,116.04415111515705,38.923076923076934,116.04415111515705,38.923076923076934,0
per_huruf_hybrid_skeleton_forced_loop_no_sig,4,901,0.37401411374014115,116.09877105143379,38.846153846153854,116.09877105143379,38.846153846153854,0
per_huruf_hybrid_skeleton_forced_loop_no_sig,4,902,0.3744292237442922,116.16249431042328,38.76923076923076,116.16249431042328,38.76923076923076,0
per_huruf_hybrid_skeleton_forced_loop_no_sig,4,903,0.37484433374844334,116.2339553937187,38.692307692307686,116.2339553937187,38.692307692307686,0
per_huruf_hybrid_skeleton_forced_loop_no_sig,4,904,0.37525944375259446,116.31178880291309,38.61538461538462,116.31178880291309,38.61538461538462,0
per_huruf_hybrid_skeleton_forced_loop_no_sig,4,905,0.3756745537567455,116.39462903959947,38.53846153846154,116.39462903959947,38.53846153846154,0
per_huruf_hybrid_skeleton_forced_loop_no_sig,4,906,0.37608966376089664,116.48111060537097,38.46153846153846,116.48111060537097,38.46153846153846,0
per_huruf_hybrid_skeleton_forced_loop_no_sig,4,907,0.37650477376504776,116.56986800182068,38.38461538461539,116.56986800182068,38.38461538461539,0
per_huruf_hybrid_skeleton_forced_loop_no_sig,4,908,0.3769198837691988,116.65953573054165,38.30769230769231,116.65953573054165,38.30769230769231,0
per_huruf_hybrid_skeleton_forced_loop_no_sig,4,909,0.37733499377334995,116.74874829312698,38.230769230769226,116.74874829312698,38.230769230769226,0
per_huruf_hybrid_skeleton_forced_loop_no_sig,4,910,0.377750103777501,116.83614019116978,38.15384615384615,116.83614019116978,38.15384615384615,0
per_huruf_hybrid_skeleton_forced_loop_no_sig,4,911,0.37816521378165213,116.92034592626308,38.07692307692308,116.92034592626308,38.07692307692308,0
per_huruf_hybrid_skeleton_forced_loop_no_sig,4,912,0.37858032378580325,117.0,38.0,117.0,38.0,0
per_huruf_hybrid_skeleton_forced_loop_no_sig,4,913,0.3789954337899543,117.0769230769231,37.92307692307693,117.0769230769231,37.92307692307693,0
per_huruf_hybrid_skeleton_forced_loop_no_sig,4,914,0.37941054379410544,117.15384615384616,37.84615384615385,117.15384615384616,37.84615384615385,0
per_huruf_hybrid_skeleton_forced_loop_no_sig,4,915,0.37982565379825656,117.23076923076921,37.76923076923077,117.23076923076921,37.76923076923077,0
per_huruf_hybrid_skeleton_forced_loop_no_sig,4,916,0.3802407638024076,117.3076923076923,37.69230769230769,117.3076923076923,37.69230769230769,0
per_huruf_hybrid_skeleton_forced_loop_no_sig,4,917,0.38065587380655874,117.3846153846154,37.61538461538461,117.3846153846154,37.61538461538461,0
per_huruf_hybrid_skeleton_forced_loop_no_sig,4,918,0.38107098381070986,117.46153846153848,37.53846153846154,117.46153846153848,37.53846153846154,0
per_huruf_hybrid_skeleton_forced_loop_no_sig,4,919,0.3814860938148609,117.53846153846155,37.46153846153847,117.53846153846155,37.46153846153847,0
per_huruf_hybrid_skeleton_forced_loop_no_sig,4,920,0.38190120381901205,117.61538461538461,37.38461538461539,117.61538461538461,37.38461538461539,0
per_huruf_hybrid_skeleton_forced_loop_no_sig,4,921,0.3823163138231631,117.69230769230768,37.30769230769231,117.69230769230768,37.30769230769231,0
per_huruf_hybrid_skeleton_forced_loop_no_sig,4,922,0.38273142382731423,117.76923076923076,37.230769230769226,117.76923076923076,37.230769230769226,0
per_huruf_hybrid_skeleton_forced_loop_no_sig,4,923,0.38314653383146535,117.84615384615384,37.15384615384615,117.84615384615384,37.15384615384615,0
per_huruf_hybrid_skeleton_forced_loop_no_sig,4,924,0.3835616438356164,117.92307692307692,37.07692307692308,117.92307692307692,37.07692307692308,0
per_huruf_hybrid_skeleton_forced_loop_no_sig,4,925,0.38397675383976754,118.0,37.0,118.0,37.0,0
per_huruf_hybrid_skeleton_forced_loop_no_sig,4,926,0.38439186384391866,118.07965407373692,36.92307692307693,118.07965407373692,36.92307692307693,0
per_huruf_hybrid_skeleton_forced_loop_no_sig,4,927,0.3848069738480697,118.16385980883022,36.84615384615385,118.16385980883022,36.84615384615385,0
per_huruf_hybrid_skeleton_forced_loop_no_sig,4,928,0.38522208385222084,118.25125170687299,36.76923076923076,118.25125170687299,36.76923076923076,0
per_huruf_hybrid_skeleton_forced_loop_no_sig,4,929,0.38563719385637196,118.34046426945834,36.69230769230769,118.34046426945834,36.69230769230769,0
per_huruf_hybrid_skeleton_forced_loop_no_sig,4,930,0.386052303860523,118.43013199817933,36.61538461538461,118.43013199817933,36.61538461538461,0
per_huruf_hybrid_skeleton_forced_loop_no_sig,4,931,0.38646741386467415,118.51888939462904,36.53846153846154,118.51888939462904,36.53846153846154,0
per_huruf_hybrid_skeleton_forced_loop_no_sig,4,932,0.3868825238688252,118.60537096040053,36.46153846153846,118.60537096040053,36.46153846153846,0
per_huruf_hybrid_skeleton_forced_loop_no_sig,4,933,0.38729763387297633,118.68821119708693,36.38461538461539,118.68821119708693,36.38461538461539,0
per_huruf_hybrid_skeleton_forced_loop_no_sig,4,934,0.38771274387712745,118.7660446062813,36.30769230769231,118.7660446062813,36.30769230769231,0
per_huruf_hybrid_skeleton_forced_loop_no_sig,4,935,0.3881278538812785,118.83750568957669,36.230769230769226,118.83750568957669,36.230769230769226,0
per_huruf_hybrid_skeleton_forced_loop_no_sig,4,936,0.38854296388542964,118.90122894856623,36.15384615384616,118.90122894856623,36.15384615384616,0
per_huruf_hybrid_skeleton_forced_loop_no_sig,4,937,0.38895807388958076,118.95584888484296,36.07692307692308,118.95584888484296,36.07692307692308,0
per_huruf_hybrid_skeleton_forced_loop_no_sig,4,938,0.3893731838937318,119.0,36.0,119.0,36.0,0
per_huruf_hybrid_skeleton_forced_loop_no_sig,4,939,0.38978829389788294,119.03004096495222,35.92307692307693,119.03004096495222,35.92307692307693,0
per_huruf_hybrid_skeleton_forced_loop_no_sig,4,940,0.39020340390203406,119.04506144742831,35.84615384615384,119.04506144742831,35.84615384615384,0
per_huruf_hybrid_skeleton_forced_loop_no_sig,4,941,0.3906185139061851,119.04779244424213,35.76923076923076,119.04779244424213,35.76923076923076,0
per_huruf_hybrid_skeleton_forced_loop_no_sig,4,942,0.39103362391033625,119.04096495220755,35.692307692307686,119.04096495220755,35.692307692307686,0
per_huruf_hybrid_skeleton_forced_loop_no_sig,4,943,0.3914487339144873,119.02730996813837,35.61538461538461,119.02730996813837,35.61538461538461,0
per_huruf_hybrid_skeleton_forced_loop_no_sig,4,944,0.39186384391863843,119.00955848884843,35.53846153846155,119.00955848884843,35.53846153846155,0
per_huruf_hybrid_skeleton_forced_loop_no_sig,4,945,0.39227895392278955,118.99044151115157,35.46153846153847,118.99044151115157,35.46153846153847,0
per_huruf_hybrid_skeleton_forced_loop_no_sig,4,946,0.3926940639269406,118.97269003186162,35.38461538461539,118.97269003186162,35.38461538461539,0
per_huruf_hybrid_skeleton_forced_loop_no_sig,4,947,0.39310917393109174,118.95903504779244,35.30769230769231,118.95903504779244,35.30769230769231,0
per_huruf_hybrid_skeleton_forced_loop_no_sig,4,948,0.39352428393524286,118.95220755575784,35.230769230769226,118.95220755575784,35.230769230769226,0
per_huruf_hybrid_skeleton_forced_loop_no_sig,4,949,0.3939393939393939,118.95493855257169,35.15384615384616,118.95493855257169,35.15384615384616,0
per_huruf_hybrid_skeleton_forced_loop_no_sig,4,950,0.39435450394354504,118.9699590350478,35.07692307692307,118.9699590350478,35.07692307692307,0
per_huruf_hybrid_skeleton_forced_loop_no_sig,4,951,0.39476961394769616,119.0,35.0,119.0,35.0,0
per_huruf_hybrid_skeleton_forced_loop_no_sig,4,952,0.3951847239518472,119.04415111515705,34.92307692307693,119.04415111515705,34.92307692307693,0
per_huruf_hybrid_skeleton_forced_loop_no_sig,4,953,0.39559983395599835,119.09877105143377,34.84615384615385,119.09877105143377,34.84615384615385,0
per_huruf_hybrid_skeleton_forced_loop_no_sig,4,954,0.3960149439601494,119.1624943104233,34.76923076923076,119.1624943104233,34.76923076923076,0
per_huruf_hybrid_skeleton_forced_loop_no_sig,4,955,0.39643005396430053,119.2339553937187,34.69230769230769,119.2339553937187,34.69230769230769,0
per_huruf_hybrid_skeleton_forced_loop_no_sig,4,956,0.39684516396845165,119.31178880291306,34.61538461538461,119.31178880291306,34.61538461538461,0
per_huruf_hybrid_skeleton_forced_loop_no_sig,4,957,0.3972602739726027,119.39462903959947,34.53846153846154,119.39462903959947,34.53846153846154,0
per_huruf_hybrid_skeleton_forced_loop_no_sig,4,958,0.39767538397675384,119.48111060537097,34.46153846153846,119.48111060537097,34.46153846153846,0
per_huruf_hybrid_skeleton_forced_loop_no_sig,4,959,0.39809049398090496,119.56986800182068,34.38461538461539,119.56986800182068,34.38461538461539,0
per_huruf_hybrid_skeleton_forced_loop_no_sig,4,960,0.398505603985056,119.65953573054165,34.30769230769231,119.65953573054165,34.30769230769231,0
per_huruf_hybrid_skeleton_forced_loop_no_sig,4,961,0.39892071398920714,119.74874829312698,34.230769230769226,119.74874829312698,34.230769230769226,0
per_huruf_hybrid_skeleton_forced_loop_no_sig,4,962,0.39933582399335826,119.83614019116978,34.15384615384616,119.83614019116978,34.15384615384616,0
per_huruf_hybrid_skeleton_forced_loop_no_sig,4,963,0.39975093399750933,119.92034592626308,34.07692307692307,119.92034592626308,34.07692307692307,0
per_huruf_hybrid_skeleton_forced_loop_no_sig,4,964,0.40016604400166045,120.0,34.0,120.0,34.0,0
per_huruf_hybrid_skeleton_forced_loop_no_sig,4,965,0.4005811540058115,120.07692307692308,33.92307692307693,120.07692307692308,33.92307692307693,0
per_huruf_hybrid_skeleton_forced_loop_no_sig,4,966,0.40099626400996263,120.15384615384616,33.846153846153854,120.15384615384616,33.846153846153854,0
per_huruf_hybrid_skeleton_forced_loop_no_sig,4,967,0.40141137401411375,120.23076923076921,33.76923076923077,120.23076923076921,33.76923076923077,0
per_huruf_hybrid_skeleton_forced_loop_no_sig,4,968,0.4018264840182648,120.3076923076923,33.69230769230769,120.3076923076923,33.69230769230769,0
per_huruf_hybrid_skeleton_forced_loop_no_sig,4,969,0.40224159402241594,120.38461538461539,33.61538461538461,120.38461538461539,33.61538461538461,0
per_huruf_hybrid_skeleton_forced_loop_no_sig,4,970,0.40265670402656706,120.46153846153847,33.53846153846154,120.46153846153847,33.53846153846154,0
per_huruf_hybrid_skeleton_forced_loop_no_sig,4,971,0.4030718140307181,120.53846153846153,33.46153846153846,120.53846153846153,33.46153846153846,0
per_huruf_hybrid_skeleton_forced_loop_no_sig,4,972,0.40348692403486924,120.61538461538463,33.38461538461539,120.61538461538463,33.38461538461539,0
per_huruf_hybrid_skeleton_forced_loop_no_sig,4,973,0.40390203403902036,120.6923076923077,33.30769230769231,120.6923076923077,33.30769230769231,0
per_huruf_hybrid_skeleton_forced_loop_no_sig,4,974,0.40431714404317143,120.76923076923075,33.230769230769226,120.76923076923075,33.230769230769226,0
per_huruf_hybrid_skeleton_forced_loop_no_sig,4,975,0.40473225404732255,120.84615384615384,33.15384615384615,120.84615384615384,33.15384615384615,0
per_huruf_hybrid_skeleton_forced_loop_no_sig,4,976,0.4051473640514736,120.92307692307693,33.07692307692308,120.92307692307693,33.07692307692308,0
per_huruf_hybrid_skeleton_forced_loop_no_sig,4,977,0.40556247405562473,121.0,33.0,121.0,33.0,0
per_huruf_hybrid_skeleton_forced_loop_no_sig,4,978,0.40597758405977585,121.07692307692311,32.92307692307693,121.07692307692311,32.92307692307693,0
per_huruf_hybrid_skeleton_forced_loop_no_sig,4,979,0.4063926940639269,121.15384615384616,32.84615384615385,121.15384615384616,32.84615384615385,0
per_huruf_hybrid_skeleton_forced_loop_no_sig,4,980,0.40680780406807804,121.23076923076921,32.76923076923076,121.23076923076921,32.76923076923076,0
per_huruf_hybrid_skeleton_forced_loop_no_sig,4,981,0.40722291407222916,121.3076923076923,32.69230769230769,121.3076923076923,32.69230769230769,0
per_huruf_hybrid_skeleton_forced_loop_no_sig,4,982,0.4076380240763802,121.3846153846154,32.61538461538461,121.3846153846154,32.61538461538461,0
per_huruf_hybrid_skeleton_forced_loop_no_sig,4,983,0.40805313408053134,121.46153846153847,32.53846153846154,121.46153846153847,32.53846153846154,0
per_huruf_hybrid_skeleton_forced_loop_no_sig,4,984,0.40846824408468246,121.53846153846155,32.46153846153846,121.53846153846155,32.46153846153846,0
per_huruf_hybrid_skeleton_forced_loop_no_sig,4,985,0.40888335408883353,121.61538461538463,32.38461538461539,121.61538461538463,32.38461538461539,0
per_huruf_hybrid_skeleton_forced_loop_no_sig,4,986,0.40929846409298465,121.6923076923077,32.30769230769231,121.6923076923077,32.30769230769231,0
per_huruf_hybrid_skeleton_forced_loop_no_sig,4,987,0.4097135740971357,121.76923076923076,32.230769230769226,121.76923076923076,32.230769230769226,0
per_huruf_hybrid_skeleton_forced_loop_no_sig,4,988,0.41012868410128683,121.84615384615384,32.15384615384616,121.84615384615384,32.15384615384616,0
per_huruf_hybrid_skeleton_forced_loop_no_sig,4,989,0.41054379410543795,121.92307692307692,32.07692307692308,121.92307692307692,32.07692307692308,0
per_huruf_hybrid_skeleton_forced_loop_no_sig,4,990,0.410958904109589,122.0,32.0,122.0,32.0,0
per_huruf_hybrid_skeleton_forced_loop_no_sig,4,991,0.41137401411374014,122.0769230769231,31.923076923076927,122.0769230769231,31.923076923076927,0
per_huruf_hybrid_skeleton_forced_loop_no_sig,4,992,0.41178912411789126,122.15384615384615,31.846153846153847,122.15384615384615,31.846153846153847,0
per_huruf_hybrid_skeleton_forced_loop_no_sig,4,993,0.4122042341220423,122.2307692307692,31.769230769230766,122.2307692307692,31.769230769230766,0
per_huruf_hybrid_skeleton_forced_loop_no_sig,4,994,0.41261934412619344,122.30769230769229,31.69230769230769,122.30769230769229,31.69230769230769,0
per_huruf_hybrid_skeleton_forced_loop_no_sig,4,995,0.41303445413034456,122.38461538461539,31.61538461538462,122.38461538461539,31.61538461538462,0
per_huruf_hybrid_skeleton_forced_loop_no_sig,4,996,0.41344956413449563,122.46153846153847,31.53846153846154,122.46153846153847,31.53846153846154,0
per_huruf_hybrid_skeleton_forced_loop_no_sig,4,997,0.41386467413864675,122.53846153846153,31.46153846153846,122.53846153846153,31.46153846153846,0
per_huruf_hybrid_skeleton_forced_loop_no_sig,4,998,0.4142797841427978,122.61538461538463,31.384615384615383,122.61538461538463,31.384615384615383,0
per_huruf_hybrid_skeleton_forced_loop_no_sig,4,999,0.41469489414694893,122.69230769230768,31.307692307692307,122.69230769230768,31.307692307692307,0
per_huruf_hybrid_skeleton_forced_loop_no_sig,4,1000,0.41511000415110005,122.76923076923077,31.230769230769226,122.76923076923077,31.230769230769226,0
per_huruf_hybrid_skeleton_forced_loop_no_sig,4,1001,0.4155251141552511,122.84615384615385,31.153846153846153,122.84615384615385,31.153846153846153,0
per_huruf_hybrid_skeleton_forced_loop_no_sig,4,1002,0.41594022415940224,122.92307692307693,31.076923076923073,122.92307692307693,31.076923076923073,0
per_huruf_hybrid_skeleton_forced_loop_no_sig,4,1003,0.41635533416355336,123.0,31.0,123.0,31.0,0
per_huruf_hybrid_skeleton_forced_loop_no_sig,4,1004,0.4167704441677044,123.07965407373693,30.923076923076927,123.07965407373693,30.923076923076927,0
per_huruf_hybrid_skeleton_forced_loop_no_sig,4,1005,0.41718555417185554,123.16385980883022,30.846153846153847,123.16385980883022,30.846153846153847,0
per_huruf_hybrid_skeleton_forced_loop_no_sig,4,1006,0.41760066417600666,123.25125170687299,30.769230769230763,123.25125170687299,30.769230769230763,0
per_huruf_hybrid_skeleton_forced_loop_no_sig,4,1007,0.41801577418015773,123.34046426945834,30.69230769230769,123.34046426945834,30.69230769230769,0
per_huruf_hybrid_skeleton_forced_loop_no_sig,4,1008,0.41843088418430885,123.43013199817935,30.61538461538462,123.43013199817935,30.61538461538462,0
per_huruf_hybrid_skeleton_forced_loop_no_sig,4,1009,0.4188459941884599,123.51888939462904,30.53846153846154,123.51888939462904,30.53846153846154,0
per_huruf_hybrid_skeleton_forced_loop_no_sig,4,1010,0.41926110419261103,123.60537096040053,30.461538461538463,123.60537096040053,30.461538461538463,0
per_huruf_hybrid_skeleton_forced_loop_no_sig,4,1011,0.41967621419676215,123.68821119708694,30.384615384615387,123.68821119708694,30.384615384615387,0
per_huruf_hybrid_skeleton_forced_loop_no_sig,4,1012,0.4200913242009132,123.7660446062813,30.30769230769231,123.7660446062813,30.30769230769231,0
per_huruf_hybrid_skeleton_forced_loop_no_sig,4,1013,0.42050643420506434,123.83750568957669,30.230769230769226,123.83750568957669,30.230769230769226,0
per_huruf_hybrid_skeleton_forced_loop_no_sig,4,1014,0.42092154420921546,123.90122894856623,30.153846153846153,123.90122894856623,30.153846153846153,0
per_huruf_hybrid_skeleton_forced_loop_no_sig,4,1015,0.4213366542133665,123.95584888484296,30.076923076923073,123.95584888484296,30.076923076923073,0
per_huruf_hybrid_skeleton_forced_loop_no_sig,4,1016,0.42175176421751764,124.0,30.0,124.0,30.0,0
per_huruf_hybrid_skeleton_forced_loop_no_sig,4,1017,0.42216687422166876,124.03004096495222,29.923076923076927,124.03004096495222,29.923076923076927,0
per_huruf_hybrid_skeleton_forced_loop_no_sig,4,1018,0.42258198422581983,124.0450614474283,29.84615384615385,124.0450614474283,29.84615384615385,0
per_huruf_hybrid_skeleton_forced_loop_no_sig,4,1019,0.42299709422997095,124.04779244424213,29.76923076923077,124.04779244424213,29.76923076923077,0
per_huruf_hybrid_skeleton_forced_loop_no_sig,4,1020,0.423412204234122,124.04096495220755,29.69230769230769,124.04096495220755,29.69230769230769,0
per_huruf_hybrid_skeleton_forced_loop_no_sig,4,1021,0.42382731423827313,124.02730996813838,29.61538461538462,124.02730996813838,29.61538461538462,0
per_huruf_hybrid_skeleton_forced_loop_no_sig,4,1022,0.42424242424242425,124.00955848884843,29.53846153846154,124.00955848884843,29.53846153846154,0
per_huruf_hybrid_skeleton_forced_loop_no_sig,4,1023,0.4246575342465753,123.99044151115157,29.461538461538467,123.99044151115157,29.461538461538467,0
per_huruf_hybrid_skeleton_forced_loop_no_sig,4,1024,0.42507264425072644,123.97269003186163,29.384615384615387,123.97269003186163,29.384615384615387,0
per_huruf_hybrid_skeleton_forced_loop_no_sig,4,1025,0.42548775425487756,123.95903504779244,29.307692307692307,123.95903504779244,29.307692307692307,0
per_huruf_hybrid_skeleton_forced_loop_no_sig,4,1026,0.4259028642590286,123.95220755575784,29.230769230769226,123.95220755575784,29.230769230769226,0
per_huruf_hybrid_skeleton_forced_loop_no_sig,4,1027,0.42631797426317974,123.95493855257169,29.153846153846153,123.95493855257169,29.153846153846153,0
per_huruf_hybrid_skeleton_forced_loop_no_sig,4,1028,0.42673308426733086,123.9699590350478,29.076923076923073,123.9699590350478,29.076923076923073,0
per_huruf_hybrid_skeleton_forced_loop_no_sig,4,1029,0.42714819427148193,124.0,29.0,124.0,29.0,0
per_huruf_hybrid_skeleton_forced_loop_no_sig,4,1030,0.42756330427563305,124.04415111515704,28.923076923076927,124.04415111515704,28.923076923076927,0
per_huruf_hybrid_skeleton_forced_loop_no_sig,4,1031,0.4279784142797841,124.09877105143376,28.84615384615385,124.09877105143376,28.84615384615385,0
per_huruf_hybrid_skeleton_forced_loop_no_sig,4,1032,0.42839352428393523,124.16249431042328,28.769230769230766,124.16249431042328,28.769230769230766,0
per_huruf_hybrid_skeleton_forced_loop_no_sig,4,1033,0.42880863428808635,124.2339553937187,28.692307692307686,124.2339553937187,28.692307692307686,0
per_huruf_hybrid_skeleton_forced_loop_no_sig,4,1034,0.4292237442922374,124.31178880291309,28.61538461538462,124.31178880291309,28.61538461538462,0
per_huruf_hybrid_skeleton_forced_loop_no_sig,4,1035,0.42963885429638854,124.39462903959947,28.53846153846154,124.39462903959947,28.53846153846154,0
per_huruf_hybrid_skeleton_forced_loop_no_sig,4,1036,0.43005396430053966,124.48111060537096,28.46153846153846,124.48111060537096,28.46153846153846,0
per_huruf_hybrid_skeleton_forced_loop_no_sig,4,1037,0.4304690743046907,124.56986800182067,28.384615384615387,124.56986800182067,28.384615384615387,0
per_huruf_hybrid_skeleton_forced_loop_no_sig,4,1038,0.43088418430884184,124.65953573054165,28.307692307692307,124.65953573054165,28.307692307692307,0
per_huruf_hybrid_skeleton_forced_loop_no_sig,4,1039,0.43129929431299296,124.74874829312697,28.230769230769226,124.74874829312697,28.230769230769226,0
per_huruf_hybrid_skeleton_forced_loop_no_sig,4,1040,0.43171440431714403,124.83614019116978,28.153846153846153,124.83614019116978,28.153846153846153,0
per_huruf_hybrid_skeleton_forced_loop_no_sig,4,1041,0.43212951432129515,124.92034592626308,28.076923076923077,124.92034592626308,28.076923076923077,0
per_huruf_hybrid_skeleton_forced_loop_no_sig,4,1042,0.4325446243254462,125.0,28.0,125.0,28.0,0
per_huruf_hybrid_skeleton_forced_loop_no_sig,4,1043,0.43295973432959733,125.0769230769231,27.923076923076923,125.0769230769231,27.923076923076923,0
per_huruf_hybrid_skeleton_forced_loop_no_sig,4,1044,0.43337484433374845,125.15384615384615,27.84615384615385,125.15384615384615,27.84615384615385,0
per_huruf_hybrid_skeleton_forced_loop_no_sig,4,1045,0.4337899543378995,125.23076923076921,27.769230769230766,125.23076923076921,27.769230769230766,0
per_huruf_hybrid_skeleton_forced_loop_no_sig,4,1046,0.43420506434205064,125.30769230769229,27.69230769230769,125.30769230769229,27.69230769230769,0
per_huruf_hybrid_skeleton_forced_loop_no_sig,4,1047,0.43462017434620176,125.38461538461542,27.61538461538462,125.38461538461542,27.61538461538462,0
per_huruf_hybrid_skeleton_forced_loop_no_sig,4,1048,0.4350352843503528,125.46153846153847,27.53846153846154,125.46153846153847,27.53846153846154,0
per_huruf_hybrid_skeleton_forced_loop_no_sig,4,1049,0.43545039435450394,125.53846153846155,27.461538461538463,125.53846153846155,27.461538461538463,0
per_huruf_hybrid_skeleton_forced_loop_no_sig,4,1050,0.43586550435865506,125.61538461538463,27.384615384615387,125.61538461538463,27.384615384615387,0
per_huruf_hybrid_skeleton_forced_loop_no_sig,4,1051,0.43628061436280613,125.69230769230768,27.307692307692307,125.69230769230768,27.307692307692307,0
per_huruf_hybrid_skeleton_forced_loop_no_sig,4,1052,0.43669572436695725,125.76923076923076,27.230769230769226,125.76923076923076,27.230769230769226,0
per_huruf_hybrid_skeleton_forced_loop_no_sig,4,1053,0.4371108343711083,125.84615384615385,27.153846153846153,125.84615384615385,27.153846153846153,0
per_huruf_hybrid_skeleton_forced_loop_no_sig,4,1054,0.43752594437525943,125.92307692307692,27.076923076923077,125.92307692307692,27.076923076923077,0
per_huruf_hybrid_skeleton_forced_loop_no_sig,4,1055,0.43794105437941055,126.0,27.0,126.0,27.0,0
per_huruf_hybrid_skeleton_forced_loop_no_sig,4,1056,0.4383561643835616,126.07692307692308,26.923076923076927,126.07692307692308,26.923076923076927,0
per_huruf_hybrid_skeleton_forced_loop_no_sig,4,1057,0.43877127438771274,126.15384615384617,26.84615384615385,126.15384615384617,26.84615384615385,0
per_huruf_hybrid_skeleton_forced_loop_no_sig,4,1058,0.43918638439186386,126.23076923076921,26.769230769230766,126.23076923076921,26.769230769230766,0
per_huruf_hybrid_skeleton_forced_loop_no_sig,4,1059,0.4396014943960149,126.30769230769229,26.69230769230769,126.30769230769229,26.69230769230769,0
per_huruf_hybrid_skeleton_forced_loop_no_sig,4,1060,0.44001660440016604,126.3846153846154,26.615384615384617,126.3846153846154,26.615384615384617,0
per_huruf_hybrid_skeleton_forced_loop_no_sig,4,1061,0.44043171440431717,126.46153846153847,26.53846153846154,126.46153846153847,26.53846153846154,0
per_huruf_hybrid_skeleton_forced_loop_no_sig,4,1062,0.44084682440846823,126.53846153846155,26.46153846153846,126.53846153846155,26.46153846153846,0
per_huruf_hybrid_skeleton_forced_loop_no_sig,4,1063,0.44126193441261935,126.61538461538463,26.384615384615387,126.61538461538463,26.384615384615387,0
per_huruf_hybrid_skeleton_forced_loop_no_sig,4,1064,0.4416770444167704,126.6923076923077,26.307692307692307,126.6923076923077,26.307692307692307,0
per_huruf_hybrid_skeleton_forced_loop_no_sig,4,1065,0.44209215442092153,126.76923076923075,26.230769230769226,126.76923076923075,26.230769230769226,0
per_huruf_hybrid_skeleton_forced_loop_no_sig,4,1066,0.44250726442507266,126.84615384615385,26.153846153846153,126.84615384615385,26.153846153846153,0
per_huruf_hybrid_skeleton_forced_loop_no_sig,4,1067,0.4429223744292237,126.92307692307693,26.076923076923073,126.92307692307693,26.076923076923073,0
per_huruf_hybrid_skeleton_forced_loop_no_sig,4,1068,0.44333748443337484,127.0,26.0,127.0,26.0,0
per_huruf_hybrid_skeleton_forced_loop_no_sig,4,1069,0.44375259443752596,127.07965407373695,25.923076923076923,127.07965407373695,25.923076923076923,0
per_huruf_hybrid_skeleton_forced_loop_no_sig,4,1070,0.444167704441677,127.16385980883022,25.846153846153847,127.16385980883022,25.846153846153847,0
per_huruf_hybrid_skeleton_forced_loop_no_sig,4,1071,0.44458281444582815,127.25125170687299,25.769230769230766,127.25125170687299,25.769230769230766,0
per_huruf_hybrid_skeleton_forced_loop_no_sig,4,1072,0.44499792444997927,127.34046426945834,25.69230769230769,127.34046426945834,25.69230769230769,0
per_huruf_hybrid_skeleton_forced_loop_no_sig,4,1073,0.44541303445413033,127.43013199817935,25.615384615384617,127.43013199817935,25.615384615384617,0
per_huruf_hybrid_skeleton_forced_loop_no_sig,4,1074,0.44582814445828145,127.51888939462904,25.53846153846154,127.51888939462904,25.53846153846154,0
per_huruf_hybrid_skeleton_forced_loop_no_sig,4,1075,0.4462432544624325,127.60537096040055,25.461538461538463,127.60537096040055,25.461538461538463,0
per_huruf_hybrid_skeleton_forced_loop_no_sig,4,1076,0.44665836446658364,127.68821119708694,25.384615384615383,127.68821119708694,25.384615384615383,0
per_huruf_hybrid_skeleton_forced_loop_no_sig,4,1077,0.44707347447073476,127.76604460628128,25.307692307692307,127.76604460628128,25.307692307692307,0
per_huruf_hybrid_skeleton_forced_loop_no_sig,4,1078,0.4474885844748858,127.83750568957669,25.230769230769226,127.83750568957669,25.230769230769226,0
per_huruf_hybrid_skeleton_forced_loop_no_sig,4,1079,0.44790369447903694,127.90122894856623,25.153846153846153,127.90122894856623,25.153846153846153,0
per_huruf_hybrid_skeleton_forced_loop_no_sig,4,1080,0.44831880448318806,127.95584888484296,25.076923076923073,127.95584888484296,25.076923076923073,0
per_huruf_hybrid_skeleton_forced_loop_no_sig,4,1081,0.4487339144873391,128.0,25.0,128.0,25.0,0
per_huruf_hybrid_skeleton_forced_loop_no_sig,4,1082,0.44914902449149025,128.03004096495224,24.923076923076927,128.03004096495224,24.923076923076927,0
per_huruf_hybrid_skeleton_forced_loop_no_sig,4,1083,0.44956413449564137,128.0450614474283,24.846153846153847,128.0450614474283,24.846153846153847,0
per_huruf_hybrid_skeleton_forced_loop_no_sig,4,1084,0.44997924449979243,128.0477924442421,24.769230769230766,128.0477924442421,24.769230769230766,0
per_huruf_hybrid_skeleton_forced_loop_no_sig,4,1085,0.45039435450394355,128.04096495220756,24.69230769230769,128.04096495220756,24.69230769230769,0
per_huruf_hybrid_skeleton_forced_loop_no_sig,4,1086,0.4508094645080946,128.02730996813838,24.615384615384617,128.02730996813838,24.615384615384617,0
per_huruf_hybrid_skeleton_forced_loop_no_sig,4,1087,0.45122457451224574,128.00955848884843,24.53846153846154,128.00955848884843,24.53846153846154,0
per_huruf_hybrid_skeleton_forced_loop_no_sig,4,1088,0.45163968451639686,127.99044151115156,24.46153846153846,127.99044151115156,24.46153846153846,0
per_huruf_hybrid_skeleton_forced_loop_no_sig,4,1089,0.4520547945205479,127.97269003186163,24.384615384615387,127.97269003186163,24.384615384615387,0
per_huruf_hybrid_skeleton_forced_loop_no_sig,4,1090,0.45246990452469904,127.95903504779244,24.307692307692307,127.95903504779244,24.307692307692307,0
per_huruf_hybrid_skeleton_forced_loop_no_sig,4,1091,0.45288501452885016,127.95220755575784,24.230769230769226,127.95220755575784,24.230769230769226,0
per_huruf_hybrid_skeleton_forced_loop_no_sig,4,1092,0.4533001245330012,127.95493855257169,24.153846153846153,127.95493855257169,24.153846153846153,0
per_huruf_hybrid_skeleton_forced_loop_no_sig,4,1093,0.45371523453715235,127.9699590350478,24.076923076923073,127.9699590350478,24.076923076923073,0
per_huruf_hybrid_skeleton_forced_loop_no_sig,4,1094,0.45413034454130347,128.0,24.0,128.0,24.0,0
per_huruf_hybrid_skeleton_forced_loop_no_sig,4,1095,0.45454545454545453,128.04415111515704,23.923076923076923,128.04415111515704,23.923076923076923,0
per_huruf_hybrid_skeleton_forced_loop_no_sig,4,1096,0.45496056454960565,128.09877105143377,23.84615384615385,128.09877105143377,23.84615384615385,0
per_huruf_hybrid_skeleton_forced_loop_no_sig,4,1097,0.4553756745537567,128.16249431042328,23.76923076923077,128.16249431042328,23.76923076923077,0
per_huruf_hybrid_skeleton_forced_loop_no_sig,4,1098,0.45579078455790784,128.23395539371867,23.692307692307693,128.23395539371867,23.692307692307693,0
per_huruf_hybrid_skeleton_forced_loop_no_sig,4,1099,0.45620589456205896,128.31178880291307,23.61538461538462,128.31178880291307,23.61538461538462,0
per_huruf_hybrid_skeleton_forced_loop_no_sig,4,1100,0.45662100456621,128.39462903959944,23.53846153846154,128.39462903959944,23.53846153846154,0
per_huruf_hybrid_skeleton_forced_loop_no_sig,4,1101,0.45703611457036114,128.48111060537096,23.46153846153846,128.48111060537096,23.46153846153846,0
per_huruf_hybrid_skeleton_forced_loop_no_sig,4,1102,0.45745122457451226,128.56986800182068,23.384615384615387,128.56986800182068,23.384615384615387,0
per_huruf_hybrid_skeleton_forced_loop_no_sig,4,1103,0.4578663345786633,128.65953573054162,23.307692307692307,128.65953573054162,23.307692307692307,0
per_huruf_hybrid_skeleton_forced_loop_no_sig,4,1104,0.45828144458281445,128.74874829312697,23.230769230769226,128.74874829312697,23.230769230769226,0
per_huruf_hybrid_skeleton_forced_loop_no_sig,4,1105,0.45869655458696557,128.83614019116976,23.153846153846153,128.83614019116976,23.153846153846153,0
per_huruf_hybrid_skeleton_forced_loop_no_sig,4,1106,0.45911166459111663,128.92034592626308,23.076923076923073,128.92034592626308,23.076923076923073,0
per_huruf_hybrid_skeleton_forced_loop_no_sig,4,1107,0.45952677459526775,129.0,23.0,129.0,23.0,0
per_huruf_hybrid_skeleton_forced_loop_no_sig,4,1108,0.4599418845994188,129.0769230769231,22.923076923076923,129.0769230769231,22.923076923076923,0
per_huruf_hybrid_skeleton_forced_loop_no_sig,4,1109,0.46035699460356994,129.15384615384616,22.846153846153847,129.15384615384616,22.846153846153847,0
per_huruf_hybrid_skeleton_forced_loop_no_sig,4,1110,0.46077210460772106,129.23076923076923,22.769230769230766,129.23076923076923,22.769230769230766,0
per_huruf_hybrid_skeleton_forced_loop_no_sig,4,1111,0.4611872146118721,129.3076923076923,22.69230769230769,129.3076923076923,22.69230769230769,0
per_huruf_hybrid_skeleton_forced_loop_no_sig,4,1112,0.46160232461602324,129.38461538461542,22.615384615384617,129.38461538461542,22.615384615384617,0
per_huruf_hybrid_skeleton_forced_loop_no_sig,4,1113,0.46201743462017436,129.46153846153848,22.538461538461537,129.46153846153848,22.538461538461537,0
per_huruf_hybrid_skeleton_forced_loop_no_sig,4,1114,0.4624325446243254,129.53846153846155,22.461538461538463,129.53846153846155,22.461538461538463,0
per_huruf_hybrid_skeleton_forced_loop_no_sig,4,1115,0.46284765462847655,129.6153846153846,22.384615384615383,129.6153846153846,22.384615384615383,0
per_huruf_hybrid_skeleton_forced_loop_no_sig,4,1116,0.46326276463262767,129.69230769230768,22.307692307692307,129.69230769230768,22.307692307692307,0
per_huruf_hybrid_skeleton_forced_loop_no_sig,4,1117,0.46367787463677873,129.76923076923077,22.230769230769226,129.76923076923077,22.230769230769226,0
per_huruf_hybrid_skeleton_forced_loop_no_sig,4,1118,0.46409298464092985,129.84615384615387,22.153846153846153,129.84615384615387,22.153846153846153,0
per_huruf_hybrid_skeleton_forced_loop_no_sig,4,1119,0.4645080946450809,129.9230769230769,22.076923076923073,129.9230769230769,22.076923076923073,0
per_huruf_hybrid_skeleton_forced_loop_no_sig,4,1120,0.46492320464923204,130.0,22.0,130.0,22.0,0
per_huruf_hybrid_skeleton_forced_loop_no_sig,4,1121,0.46533831465338316,130.0769230769231,21.923076923076923,130.0769230769231,21.923076923076923,0
per_huruf_hybrid_skeleton_forced_loop_no_sig,4,1122,0.4657534246575342,130.15384615384616,21.846153846153847,130.15384615384616,21.846153846153847,0
per_huruf_hybrid_skeleton_forced_loop_no_sig,4,1123,0.46616853466168534,130.23076923076923,21.769230769230766,130.23076923076923,21.769230769230766,0
per_huruf_hybrid_skeleton_forced_loop_no_sig,4,1124,0.46658364466583646,130.3076923076923,21.692307692307693,130.3076923076923,21.692307692307693,0
per_huruf_hybrid_skeleton_forced_loop_no_sig,4,1125,0.4669987546699875,130.3846153846154,21.615384615384617,130.3846153846154,21.615384615384617,0
per_huruf_hybrid_skeleton_forced_loop_no_sig,4,1126,0.46741386467413865,130.46153846153845,21.53846153846154,130.46153846153845,21.53846153846154,0
per_huruf_hybrid_skeleton_forced_loop_no_sig,4,1127,0.46782897467828977,130.53846153846155,21.46153846153846,130.53846153846155,21.46153846153846,0
per_huruf_hybrid_skeleton_forced_loop_no_sig,4,1128,0.46824408468244083,130.6153846153846,21.384615384615383,130.6153846153846,21.384615384615383,0
per_huruf_hybrid_skeleton_forced_loop_no_sig,4,1129,0.46865919468659195,130.69230769230768,21.307692307692307,130.69230769230768,21.307692307692307,0
per_huruf_hybrid_skeleton_forced_loop_no_sig,4,1130,0.469074304690743,130.76923076923075,21.230769230769226,130.76923076923075,21.230769230769226,0
per_huruf_hybrid_skeleton_forced_loop_no_sig,4,1131,0.46948941469489414,130.84615384615384,21.153846153846153,130.84615384615384,21.153846153846153,0
per_huruf_hybrid_skeleton_forced_loop_no_sig,4,1132,0.46990452469904526,130.9230769230769,21.076923076923073,130.9230769230769,21.076923076923073,0
per_huruf_hybrid_skeleton_forced_loop_no_sig,4,1133,0.4703196347031963,131.0,21.0,131.0,21.0,0
per_huruf_hybrid_skeleton_forced_loop_no_sig,4,1134,0.47073474470734744,131.07692307692307,20.923076923076923,131.07692307692307,20.923076923076923,0
per_huruf_hybrid_skeleton_forced_loop_no_sig,4,1135,0.47114985471149856,131.1538461538462,20.84615384615385,131.1538461538462,20.84615384615385,0
per_huruf_hybrid_skeleton_forced_loop_no_sig,4,1136,0.4715649647156496,131.23076923076923,20.769230769230763,131.23076923076923,20.769230769230763,0
per_huruf_hybrid_skeleton_forced_loop_no_sig,4,1137,0.47198007471980075,131.30769230769232,20.69230769230769,131.30769230769232,20.69230769230769,0
per_huruf_hybrid_skeleton_forced_loop_no_sig,4,1138,0.47239518472395187,131.3846153846154,20.615384615384617,131.3846153846154,20.615384615384617,0
per_huruf_hybrid_skeleton_forced_loop_no_sig,4,1139,0.47281029472810293,131.46153846153848,20.53846153846154,131.46153846153848,20.53846153846154,0
per_huruf_hybrid_skeleton_forced_loop_no_sig,4,1140,0.47322540473225405,131.53846153846155,20.46153846153846,131.53846153846155,20.46153846153846,0
per_huruf_hybrid_skeleton_forced_loop_no_sig,4,1141,0.4736405147364051,131.6153846153846,20.384615384615383,131.6153846153846,20.384615384615383,0
per_huruf_hybrid_skeleton_forced_loop_no_sig,4,1142,0.47405562474055624,131.69230769230768,20.307692307692307,131.69230769230768,20.307692307692307,0
per_huruf_hybrid_skeleton_forced_loop_no_sig,4,1143,0.47447073474470736,131.76923076923077,20.23076923076923,131.76923076923077,20.23076923076923,0
per_huruf_hybrid_skeleton_forced_loop_no_sig,4,1144,0.4748858447488584,131.84615384615384,20.153846153846153,131.84615384615384,20.153846153846153,0
per_huruf_hybrid_skeleton_forced_loop_no_sig,4,1145,0.47530095475300954,131.9230769230769,20.076923076923077,131.9230769230769,20.076923076923077,0
per_huruf_hybrid_skeleton_forced_loop_no_sig,4,1146,0.47571606475716066,132.0,20.0,132.0,20.0,0
per_huruf_hybrid_skeleton_forced_loop_no_sig,4,1147,0.4761311747613117,132.0769230769231,19.92307692307693,132.0769230769231,19.92307692307693,0
per_huruf_hybrid_skeleton_forced_loop_no_sig,4,1148,0.47654628476546285,132.15384615384616,19.84615384615385,132.15384615384616,19.84615384615385,0
per_huruf_hybrid_skeleton_forced_loop_no_sig,4,1149,0.47696139476961397,132.2307692307692,19.76923076923077,132.2307692307692,19.76923076923077,0
per_huruf_hybrid_skeleton_forced_loop_no_sig,4,1150,0.47737650477376503,132.3076923076923,19.692307692307693,132.3076923076923,19.692307692307693,0
per_huruf_hybrid_skeleton_forced_loop_no_sig,4,1151,0.47779161477791615,132.38461538461542,19.615384615384617,132.38461538461542,19.615384615384617,0
per_huruf_hybrid_skeleton_forced_loop_no_sig,4,1152,0.47820672478206727,132.46153846153845,19.53846153846154,132.46153846153845,19.53846153846154,0
per_huruf_hybrid_skeleton_forced_loop_no_sig,4,1153,0.47862183478621834,132.53846153846155,19.46153846153846,132.53846153846155,19.46153846153846,0
per_huruf_hybrid_skeleton_forced_loop_no_sig,4,1154,0.47903694479036946,132.6153846153846,19.384615384615387,132.6153846153846,19.384615384615387,0
per_huruf_hybrid_skeleton_forced_loop_no_sig,4,1155,0.4794520547945205,132.69230769230768,19.307692307692307,132.69230769230768,19.307692307692307,0
per_huruf_hybrid_skeleton_forced_loop_no_sig,4,1156,0.47986716479867164,132.76923076923075,19.23076923076923,132.76923076923075,19.23076923076923,0
per_huruf_hybrid_skeleton_forced_loop_no_sig,4,1157,0.48028227480282276,132.84615384615387,19.153846153846153,132.84615384615387,19.153846153846153,0
per_huruf_hybrid_skeleton_forced_loop_no_sig,4,1158,0.4806973848069738,132.9230769230769,19.076923076923077,132.9230769230769,19.076923076923077,0
per_huruf_hybrid_skeleton_forced_loop_no_sig,4,1159,0.48111249481112495,133.0,19.0,133.0,19.0,0
per_huruf_hybrid_skeleton_forced_loop_no_sig,4,1160,0.48152760481527607,133.0769230769231,18.923076923076927,133.0769230769231,18.923076923076927,0
per_huruf_hybrid_skeleton_forced_loop_no_sig,4,1161,0.48194271481942713,133.15384615384616,18.846153846153847,133.15384615384616,18.846153846153847,0
per_huruf_hybrid_skeleton_forced_loop_no_sig,4,1162,0.48235782482357825,133.2307692307692,18.769230769230766,133.2307692307692,18.769230769230766,0
per_huruf_hybrid_skeleton_forced_loop_no_sig,4,1163,0.48277293482772937,133.3076923076923,18.692307692307693,133.3076923076923,18.692307692307693,0
per_huruf_hybrid_skeleton_forced_loop_no_sig,4,1164,0.48318804483188044,133.38461538461542,18.615384615384617,133.38461538461542,18.615384615384617,0
per_huruf_hybrid_skeleton_forced_loop_no_sig,4,1165,0.48360315483603156,133.46153846153848,18.53846153846154,133.46153846153848,18.53846153846154,0
per_huruf_hybrid_skeleton_forced_loop_no_sig,4,1166,0.4840182648401826,133.53846153846155,18.461538461538463,133.53846153846155,18.461538461538463,0
per_huruf_hybrid_skeleton_forced_loop_no_sig,4,1167,0.48443337484433374,133.6153846153846,18.384615384615383,133.6153846153846,18.384615384615383,0
per_huruf_hybrid_skeleton_forced_loop_no_sig,4,1168,0.48484848484848486,133.69230769230768,18.307692307692307,133.69230769230768,18.307692307692307,0
per_huruf_hybrid_skeleton_forced_loop_no_sig,4,1169,0.4852635948526359,133.76923076923077,18.23076923076923,133.76923076923077,18.23076923076923,0
per_huruf_hybrid_skeleton_forced_loop_no_sig,4,1170,0.48567870485678705,133.84615384615384,18.153846153846153,133.84615384615384,18.153846153846153,0
per_huruf_hybrid_skeleton_forced_loop_no_sig,4,1171,0.48609381486093817,133.9230769230769,18.076923076923077,133.9230769230769,18.076923076923077,0
per_huruf_hybrid_skeleton_forced_loop_no_sig,4,1172,0.48650892486508923,134.0,18.0,134.0,18.0,0
per_huruf_hybrid_skeleton_forced_loop_no_sig,4,1173,0.48692403486924035,134.07692307692312,17.923076923076927,134.07692307692312,17.923076923076927,0
per_huruf_hybrid_skeleton_forced_loop_no_sig,4,1174,0.48733914487339147,134.15384615384616,17.84615384615385,134.15384615384616,17.84615384615385,0
per_huruf_hybrid_skeleton_forced_loop_no_sig,4,1175,0.48775425487754254,134.2307692307692,17.769230769230766,134.2307692307692,17.769230769230766,0
per_huruf_hybrid_skeleton_forced_loop_no_sig,4,1176,0.48816936488169366,134.3076923076923,17.692307692307693,134.3076923076923,17.692307692307693,0
per_huruf_hybrid_skeleton_forced_loop_no_sig,4,1177,0.4885844748858447,134.38461538461542,17.615384615384617,134.38461538461542,17.615384615384617,0
per_huruf_hybrid_skeleton_forced_loop_no_sig,4,1178,0.48899958488999584,134.46153846153845,17.53846153846154,134.46153846153845,17.53846153846154,0
per_huruf_hybrid_skeleton_forced_loop_no_sig,4,1179,0.48941469489414696,134.53846153846155,17.46153846153846,134.53846153846155,17.46153846153846,0
per_huruf_hybrid_skeleton_forced_loop_no_sig,4,1180,0.489829804898298,134.6153846153846,17.384615384615383,134.6153846153846,17.384615384615383,0
per_huruf_hybrid_skeleton_forced_loop_no_sig,4,1181,0.49024491490244915,134.69230769230768,17.307692307692307,134.69230769230768,17.307692307692307,0
per_huruf_hybrid_skeleton_forced_loop_no_sig,4,1182,0.49066002490660027,134.76923076923075,17.23076923076923,134.76923076923075,17.23076923076923,0
per_huruf_hybrid_skeleton_forced_loop_no_sig,4,1183,0.49107513491075133,134.84615384615384,17.153846153846153,134.84615384615384,17.153846153846153,0
per_huruf_hybrid_skeleton_forced_loop_no_sig,4,1184,0.49149024491490245,134.9230769230769,17.076923076923077,134.9230769230769,17.076923076923077,0
per_huruf_hybrid_skeleton_forced_loop_no_sig,4,1185,0.4919053549190536,135.0,17.0,135.0,17.0,0
per_huruf_hybrid_skeleton_forced_loop_no_sig,4,1186,0.49232046492320464,135.07692307692307,16.923076923076927,135.07692307692307,16.923076923076927,0
per_huruf_hybrid_skeleton_forced_loop_no_sig,4,1187,0.49273557492735576,135.15384615384616,16.846153846153847,135.15384615384616,16.846153846153847,0
per_huruf_hybrid_skeleton_forced_loop_no_sig,4,1188,0.4931506849315068,135.23076923076923,16.769230769230766,135.23076923076923,16.769230769230766,0
per_huruf_hybrid_skeleton_forced_loop_no_sig,4,1189,0.49356579493565794,135.3076923076923,16.69230769230769,135.3076923076923,16.69230769230769,0
per_huruf_hybrid_skeleton_forced_loop_no_sig,4,1190,0.49398090493980906,135.38461538461542,16.615384615384617,135.38461538461542,16.615384615384617,0
per_huruf_hybrid_skeleton_forced_loop_no_sig,4,1191,0.4943960149439601,135.46153846153848,16.53846153846154,135.46153846153848,16.53846153846154,0
per_huruf_hybrid_skeleton_forced_loop_no_sig,4,1192,0.49481112494811125,135.53846153846155,16.461538461538463,135.53846153846155,16.461538461538463,0
per_huruf_hybrid_skeleton_forced_loop_no_sig,4,1193,0.49522623495226237,135.6153846153846,16.384615384615387,135.6153846153846,16.384615384615387,0
per_huruf_hybrid_skeleton_forced_loop_no_sig,4,1194,0.49564134495641343,135.69230769230768,16.307692307692307,135.69230769230768,16.307692307692307,0
per_huruf_hybrid_skeleton_forced_loop_no_sig,4,1195,0.49605645496056455,135.76923076923077,16.230769230769226,135.76923076923077,16.230769230769226,0
per_huruf_hybrid_skeleton_forced_loop_no_sig,4,1196,0.4964715649647157,135.84615384615387,16.153846153846153,135.84615384615387,16.153846153846153,0
per_huruf_hybrid_skeleton_forced_loop_no_sig,4,1197,0.49688667496886674,135.9230769230769,16.076923076923077,135.9230769230769,16.076923076923077,0
per_huruf_hybrid_skeleton_forced_loop_no_sig,4,1198,0.49730178497301786,136.0,16.0,136.0,16.0,0
per_huruf_hybrid_skeleton_forced_loop_no_sig,4,1199,0.4977168949771689,136.0769230769231,15.923076923076923,136.0769230769231,15.923076923076923,0
per_huruf_hybrid_skeleton_forced_loop_no_sig,4,1200,0.49813200498132004,136.15384615384616,15.846153846153845,136.15384615384616,15.846153846153845,0
per_huruf_hybrid_skeleton_forced_loop_no_sig,4,1201,0.49854711498547116,136.23076923076923,15.769230769230766,136.23076923076923,15.769230769230766,0
per_huruf_hybrid_skeleton_forced_loop_no_sig,4,1202,0.4989622249896222,136.30769230769232,15.69230769230769,136.30769230769232,15.69230769230769,0
per_huruf_hybrid_skeleton_forced_loop_no_sig,4,1203,0.49937733499377335,136.38461538461542,15.615384615384617,136.38461538461542,15.615384615384617,0
per_huruf_hybrid_skeleton_forced_loop_no_sig,4,1204,0.49979244499792447,136.46153846153848,15.53846153846154,136.46153846153848,15.53846153846154,0
per_huruf_hybrid_skeleton_forced_loop_no_sig,4,1205,0.5002075550020756,136.53846153846155,15.461538461538462,136.53846153846155,15.461538461538462,0
per_huruf_hybrid_skeleton_forced_loop_no_sig,4,1206,0.5006226650062267,136.6153846153846,15.384615384615385,136.6153846153846,15.384615384615385,0
per_huruf_hybrid_skeleton_forced_loop_no_sig,4,1207,0.5010377750103777,136.69230769230768,15.307692307692308,136.69230769230768,15.307692307692308,0
per_huruf_hybrid_skeleton_forced_loop_no_sig,4,1208,0.5014528850145289,136.76923076923075,15.23076923076923,136.76923076923075,15.23076923076923,0
per_huruf_hybrid_skeleton_forced_loop_no_sig,4,1209,0.50186799501868,136.84615384615387,15.153846153846153,136.84615384615387,15.153846153846153,0
per_huruf_hybrid_skeleton_forced_loop_no_sig,4,1210,0.502283105022831,136.9230769230769,15.076923076923077,136.9230769230769,15.076923076923077,0
per_huruf_hybrid_skeleton_forced_loop_no_sig,4,1211,0.5026982150269822,137.0,15.0,137.0,15.0,0
per_huruf_hybrid_skeleton_forced_loop_no_sig,4,1212,0.5031133250311333,137.0769230769231,14.923076923076923,137.0769230769231,14.923076923076923,0
per_huruf_hybrid_skeleton_forced_loop_no_sig,4,1213,0.5035284350352843,137.15384615384616,14.846153846153847,137.15384615384616,14.846153846153847,0
per_huruf_hybrid_skeleton_forced_loop_no_sig,4,1214,0.5039435450394354,137.23076923076923,14.769230769230766,137.23076923076923,14.769230769230766,0
per_huruf_hybrid_skeleton_forced_loop_no_sig,4,1215,0.5043586550435866,137.3076923076923,14.69230769230769,137.3076923076923,14.69230769230769,0
per_huruf_hybrid_skeleton_forced_loop_no_sig,4,1216,0.5047737650477376,137.38461538461542,14.615384615384617,137.38461538461542,14.615384615384617,0
per_huruf_hybrid_skeleton_forced_loop_no_sig,4,1217,0.5051888750518887,137.46153846153848,14.53846153846154,137.46153846153848,14.53846153846154,0
per_huruf_hybrid_skeleton_forced_loop_no_sig,4,1218,0.5056039850560399,137.53846153846155,14.461538461538462,137.53846153846155,14.461538461538462,0
per_huruf_hybrid_skeleton_forced_loop_no_sig,4,1219,0.5060190950601909,137.6153846153846,14.384615384615385,137.6153846153846,14.384615384615385,0
per_huruf_hybrid_skeleton_forced_loop_no_sig,4,1220,0.506434205064342,137.69230769230768,14.307692307692307,137.69230769230768,14.307692307692307,0
per_huruf_hybrid_skeleton_forced_loop_no_sig,4,1221,0.5068493150684932,137.76923076923077,14.23076923076923,137.76923076923077,14.23076923076923,0
per_huruf_hybrid_skeleton_forced_loop_no_sig,4,1222,0.5072644250726442,137.84615384615387,14.153846153846153,137.84615384615387,14.153846153846153,0
per_huruf_hybrid_skeleton_forced_loop_no_sig,4,1223,0.5076795350767953,137.9230769230769,14.076923076923077,137.9230769230769,14.076923076923077,0
per_huruf_hybrid_skeleton_forced_loop_no_sig,4,1224,0.5080946450809465,138.0,14.0,138.0,14.0,0
per_huruf_hybrid_skeleton_forced_loop_no_sig,4,1225,0.5085097550850975,138.0769230769231,13.923076923076925,138.0769230769231,13.923076923076925,0
per_huruf_hybrid_skeleton_forced_loop_no_sig,4,1226,0.5089248650892486,138.15384615384616,13.846153846153847,138.15384615384616,13.846153846153847,0
per_huruf_hybrid_skeleton_forced_loop_no_sig,4,1227,0.5093399750933998,138.23076923076923,13.769230769230766,138.23076923076923,13.769230769230766,0
per_huruf_hybrid_skeleton_forced_loop_no_sig,4,1228,0.5097550850975509,138.3076923076923,13.692307692307692,138.3076923076923,13.692307692307692,0
per_huruf_hybrid_skeleton_forced_loop_no_sig,4,1229,0.5101701951017019,138.3846153846154,13.615384615384615,138.3846153846154,13.615384615384615,0
per_huruf_hybrid_skeleton_forced_loop_no_sig,4,1230,0.5105853051058531,138.46153846153848,13.538461538461538,138.46153846153848,13.538461538461538,0
per_huruf_hybrid_skeleton_forced_loop_no_sig,4,1231,0.5110004151100042,138.53846153846155,13.461538461538462,138.53846153846155,13.461538461538462,0
per_huruf_hybrid_skeleton_forced_loop_no_sig,4,1232,0.5114155251141552,138.6153846153846,13.384615384615387,138.6153846153846,13.384615384615387,0
per_huruf_hybrid_skeleton_forced_loop_no_sig,4,1233,0.5118306351183064,138.69230769230768,13.307692307692307,138.69230769230768,13.307692307692307,0
per_huruf_hybrid_skeleton_forced_loop_no_sig,4,1234,0.5122457451224575,138.76923076923075,13.23076923076923,138.76923076923075,13.23076923076923,0
per_huruf_hybrid_skeleton_forced_loop_no_sig,4,1235,0.5126608551266085,138.84615384615387,13.153846153846153,138.84615384615387,13.153846153846153,0
per_huruf_hybrid_skeleton_forced_loop_no_sig,4,1236,0.5130759651307596,138.9230769230769,13.076923076923077,138.9230769230769,13.076923076923077,0
per_huruf_hybrid_skeleton_forced_loop_no_sig,4,1237,0.5134910751349108,139.0,13.0,139.0,13.0,0
per_huruf_hybrid_skeleton_forced_loop_no_sig,4,1238,0.5139061851390618,139.0769230769231,12.920345926263087,139.0769230769231,12.920345926263087,0
per_huruf_hybrid_skeleton_forced_loop_no_sig,4,1239,0.5143212951432129,139.15384615384616,12.836140191169777,139.15384615384616,12.836140191169777,0
per_huruf_hybrid_skeleton_forced_loop_no_sig,4,1240,0.5147364051473641,139.2307692307692,12.748748293126988,139.2307692307692,12.748748293126988,0
per_huruf_hybrid_skeleton_forced_loop_no_sig,4,1241,0.5151515151515151,139.3076923076923,12.659535730541647,139.3076923076923,12.659535730541647,0
per_huruf_hybrid_skeleton_forced_loop_no_sig,4,1242,0.5155666251556662,139.3846153846154,12.569868001820666,139.3846153846154,12.569868001820666,0
per_huruf_hybrid_skeleton_forced_loop_no_sig,4,1243,0.5159817351598174,139.46153846153848,12.481110605370962,139.46153846153848,12.481110605370962,0
per_huruf_hybrid_skeleton_forced_loop_no_sig,4,1244,0.5163968451639684,139.53846153846155,12.394629039599455,139.53846153846155,12.394629039599455,0
per_huruf_hybrid_skeleton_forced_loop_no_sig,4,1245,0.5168119551681195,139.6153846153846,12.311788802913064,139.6153846153846,12.311788802913064,0
per_huruf_hybrid_skeleton_forced_loop_no_sig,4,1246,0.5172270651722707,139.69230769230768,12.233955393718706,139.69230769230768,12.233955393718706,0
per_huruf_hybrid_skeleton_forced_loop_no_sig,4,1247,0.5176421751764217,139.76923076923077,12.162494310423302,139.76923076923077,12.162494310423302,0
per_huruf_hybrid_skeleton_forced_loop_no_sig,4,1248,0.5180572851805728,139.84615384615387,12.098771051433774,139.84615384615387,12.098771051433774,0
per_huruf_hybrid_skeleton_forced_loop_no_sig,4,1249,0.518472395184724,139.9230769230769,12.044151115157032,139.9230769230769,12.044151115157032,0
per_huruf_hybrid_skeleton_forced_loop_no_sig,4,1250,0.518887505188875,140.0,12.0,140.0,12.0,0
per_huruf_hybrid_skeleton_forced_loop_no_sig,4,1251,0.5193026151930261,140.0769230769231,11.967228038233957,140.0769230769231,11.967228038233957,0
per_huruf_hybrid_skeleton_forced_loop_no_sig,4,1252,0.5197177251971773,140.15384615384616,11.94492489758762,140.15384615384616,11.94492489758762,0
per_huruf_hybrid_skeleton_forced_loop_no_sig,4,1253,0.5201328352013284,140.23076923076923,11.931725079654072,140.23076923076923,11.931725079654072,0
per_huruf_hybrid_skeleton_forced_loop_no_sig,4,1254,0.5205479452054794,140.3076923076923,11.9262630860264,140.3076923076923,11.9262630860264,0
per_huruf_hybrid_skeleton_forced_loop_no_sig,4,1255,0.5209630552096306,140.3846153846154,11.92717341829768,140.3846153846154,11.92717341829768,0
per_huruf_hybrid_skeleton_forced_loop_no_sig,4,1256,0.5213781652137817,140.46153846153845,11.933090578060993,140.46153846153845,11.933090578060993,0
per_huruf_hybrid_skeleton_forced_loop_no_sig,4,1257,0.5217932752179327,140.53846153846155,11.942649066909421,140.53846153846155,11.942649066909421,0
per_huruf_hybrid_skeleton_forced_loop_no_sig,4,1258,0.5222083852220838,140.6153846153846,11.954483386436051,140.6153846153846,11.954483386436051,0
per_huruf_hybrid_skeleton_forced_loop_no_sig,4,1259,0.522623495226235,140.69230769230768,11.967228038233955,140.69230769230768,11.967228038233955,0
per_huruf_hybrid_skeleton_forced_loop_no_sig,4,1260,0.523038605230386,140.76923076923075,11.97951752389622,140.76923076923075,11.97951752389622,0
per_huruf_hybrid_skeleton_forced_loop_no_sig,4,1261,0.5234537152345371,140.84615384615387,11.989986345015932,140.84615384615387,11.989986345015932,0
per_huruf_hybrid_skeleton_forced_loop_no_sig,4,1262,0.5238688252386883,140.9230769230769,11.997269003186162,140.9230769230769,11.997269003186162,0
per_huruf_hybrid_skeleton_forced_loop_no_sig,4,1263,0.5242839352428393,141.0,12.0,141.0,12.0,0
per_huruf_hybrid_skeleton_forced_loop_no_sig,4,1264,0.5246990452469904,141.0769230769231,12.002730996813838,141.0769230769231,12.002730996813838,0
per_huruf_hybrid_skeleton_forced_loop_no_sig,4,1265,0.5251141552511416,141.1538461538462,12.01001365498407,141.1538461538462,12.01001365498407,0
per_huruf_hybrid_skeleton_forced_loop_no_sig,4,1266,0.5255292652552926,141.2307692307692,12.020482476103776,141.2307692307692,12.020482476103776,0
per_huruf_hybrid_skeleton_forced_loop_no_sig,4,1267,0.5259443752594437,141.3076923076923,12.032771961766043,141.3076923076923,12.032771961766043,0
per_huruf_hybrid_skeleton_forced_loop_no_sig,4,1268,0.5263594852635949,141.3846153846154,12.045516613563953,141.3846153846154,12.045516613563953,0
per_huruf_hybrid_skeleton_forced_loop_no_sig,4,1269,0.526774595267746,141.46153846153845,12.057350933090579,141.46153846153845,12.057350933090579,0
per_huruf_hybrid_skeleton_forced_loop_no_sig,4,1270,0.527189705271897,141.53846153846155,12.066909421939009,141.53846153846155,12.066909421939009,0
per_huruf_hybrid_skeleton_forced_loop_no_sig,4,1271,0.5276048152760482,141.6153846153846,12.072826581702323,141.6153846153846,12.072826581702323,0
per_huruf_hybrid_skeleton_forced_loop_no_sig,4,1272,0.5280199252801993,141.69230769230768,12.0737369139736,141.69230769230768,12.0737369139736,0
per_huruf_hybrid_skeleton_forced_loop_no_sig,4,1273,0.5284350352843503,141.76923076923077,12.068274920345925,141.76923076923077,12.068274920345925,0
per_huruf_hybrid_skeleton_forced_loop_no_sig,4,1274,0.5288501452885015,141.84615384615387,12.055075102412381,141.84615384615387,12.055075102412381,0
per_huruf_hybrid_skeleton_forced_loop_no_sig,4,1275,0.5292652552926526,141.9230769230769,12.032771961766043,141.9230769230769,12.032771961766043,0
per_huruf_hybrid_skeleton_forced_loop_no_sig,4,1276,0.5296803652968036,142.0,12.0,142.0,12.0,0
per_huruf_hybrid_skeleton_forced_loop_no_sig,4,1277,0.5300954753009548,142.0769230769231,11.95311788802913,142.0769230769231,11.95311788802913,0
per_huruf_hybrid_skeleton_forced_loop_no_sig,4,1278,0.5305105853051059,142.15384615384616,11.891215293582158,142.15384615384616,11.891215293582158,0
per_huruf_hybrid_skeleton_forced_loop_no_sig,4,1279,0.5309256953092569,142.23076923076923,11.817023213472917,142.23076923076923,11.817023213472917,0
per_huruf_hybrid_skeleton_forced_loop_no_sig,4,1280,0.5313408053134081,142.3076923076923,11.733272644515248,142.3076923076923,11.733272644515248,0
per_huruf_hybrid_skeleton_forced_loop_no_sig,4,1281,0.5317559153175592,142.3846153846154,11.642694583522987,142.3846153846154,11.642694583522987,0
per_huruf_hybrid_skeleton_forced_loop_no_sig,4,1282,0.5321710253217102,142.46153846153848,11.548020027309967,142.46153846153848,11.548020027309967,0
per_huruf_hybrid_skeleton_forced_loop_no_sig,4,1283,0.5325861353258613,142.53846153846152,11.451979972690031,142.53846153846152,11.451979972690031,0
per_huruf_hybrid_skeleton_forced_loop_no_sig,4,1284,0.5330012453300125,142.6153846153846,11.357305416477013,142.6153846153846,11.357305416477013,0
per_huruf_hybrid_skeleton_forced_loop_no_sig,4,1285,0.5334163553341635,142.69230769230768,11.26672735548475,142.69230769230768,11.26672735548475,0
per_huruf_hybrid_skeleton_forced_loop_no_sig,4,1286,0.5338314653383146,142.76923076923077,11.182976786527082,142.76923076923077,11.182976786527082,0
per_huruf_hybrid_skeleton_forced_loop_no_sig,4,1287,0.5342465753424658,142.84615384615387,11.108784706417842,142.84615384615387,11.108784706417842,0
per_huruf_hybrid_skeleton_forced_loop_no_sig,4,1288,0.5346616853466168,142.9230769230769,11.046882111970868,142.9230769230769,11.046882111970868,0
per_huruf_hybrid_skeleton_forced_loop_no_sig,4,1289,0.5350767953507679,143.0,11.0,143.0,11.0,0
per_huruf_hybrid_skeleton_forced_loop_no_sig,4,1290,0.5354919053549191,143.0769230769231,10.967228038233955,143.0769230769231,10.967228038233955,0
per_huruf_hybrid_skeleton_forced_loop_no_sig,4,1291,0.5359070153590701,143.15384615384616,10.944924897587619,143.15384615384616,10.944924897587619,0
per_huruf_hybrid_skeleton_forced_loop_no_sig,4,1292,0.5363221253632212,143.2307692307692,10.931725079654072,143.2307692307692,10.931725079654072,0
per_huruf_hybrid_skeleton_forced_loop_no_sig,4,1293,0.5367372353673724,143.30769230769232,10.9262630860264,143.30769230769232,10.9262630860264,0
per_huruf_hybrid_skeleton_forced_loop_no_sig,4,1294,0.5371523453715235,143.3846153846154,10.927173418297679,143.3846153846154,10.927173418297679,0
per_huruf_hybrid_skeleton_forced_loop_no_sig,4,1295,0.5375674553756745,143.46153846153848,10.933090578060993,143.46153846153848,10.933090578060993,0
per_huruf_hybrid_skeleton_forced_loop_no_sig,4,1296,0.5379825653798257,143.53846153846155,10.942649066909423,143.53846153846155,10.942649066909423,0
per_huruf_hybrid_skeleton_forced_loop_no_sig,4,1297,0.5383976753839768,143.6153846153846,10.95448338643605,143.6153846153846,10.95448338643605,0
per_huruf_hybrid_skeleton_forced_loop_no_sig,4,1298,0.5388127853881278,143.69230769230768,10.967228038233955,143.69230769230768,10.967228038233955,0
per_huruf_hybrid_skeleton_forced_loop_no_sig,4,1299,0.539227895392279,143.76923076923077,10.97951752389622,143.76923076923077,10.97951752389622,0
per_huruf_hybrid_skeleton_forced_loop_no_sig,4,1300,0.5396430053964301,143.84615384615387,10.98998634501593,143.84615384615387,10.98998634501593,0
per_huruf_hybrid_skeleton_forced_loop_no_sig,4,1301,0.5400581154005811,143.9230769230769,10.997269003186162,143.9230769230769,10.997269003186162,0
per_huruf_hybrid_skeleton_forced_loop_no_sig,4,1302,0.5404732254047323,144.0,11.0,144.0,11.0,0
per_huruf_hybrid_skeleton_forced_loop_no_sig,4,1303,0.5408883354088834,144.07692307692312,10.997269003186164,144.07692307692312,10.997269003186164,0
per_huruf_hybrid_skeleton_forced_loop_no_sig,4,1304,0.5413034454130344,144.15384615384616,10.98998634501593,144.15384615384616,10.98998634501593,0
per_huruf_hybrid_skeleton_forced_loop_no_sig,4,1305,0.5417185554171855,144.2307692307692,10.97951752389622,144.2307692307692,10.97951752389622,0
per_huruf_hybrid_skeleton_forced_loop_no_sig,4,1306,0.5421336654213367,144.30769230769232,10.967228038233955,144.30769230769232,10.967228038233955,0
per_huruf_hybrid_skeleton_forced_loop_no_sig,4,1307,0.5425487754254877,144.3846153846154,10.954483386436051,144.3846153846154,10.954483386436051,0
per_huruf_hybrid_skeleton_forced_loop_no_sig,4,1308,0.5429638854296388,144.46153846153845,10.942649066909421,144.46153846153845,10.942649066909421,0
per_huruf_hybrid_skeleton_forced_loop_no_sig,4,1309,0.54337899543379,144.53846153846155,10.933090578060993,144.53846153846155,10.933090578060993,0
per_huruf_hybrid_skeleton_forced_loop_no_sig,4,1310,0.543794105437941,144.6153846153846,10.927173418297679,144.6153846153846,10.927173418297679,0
per_huruf_hybrid_skeleton_forced_loop_no_sig,4,1311,0.5442092154420921,144.69230769230768,10.926263086026399,144.69230769230768,10.926263086026399,0
per_huruf_hybrid_skeleton_forced_loop_no_sig,4,1312,0.5446243254462433,144.76923076923075,10.931725079654072,144.76923076923075,10.931725079654072,0
per_huruf_hybrid_skeleton_forced_loop_no_sig,4,1313,0.5450394354503943,144.84615384615384,10.944924897587619,144.84615384615384,10.944924897587619,0
per_huruf_hybrid_skeleton_forced_loop_no_sig,4,1314,0.5454545454545454,144.9230769230769,10.967228038233955,144.9230769230769,10.967228038233955,0
per_huruf_hybrid_skeleton_forced_loop_no_sig,4,1315,0.5458696554586966,145.0,11.0,145.0,11.0,0
per_huruf_hybrid_skeleton_forced_loop_no_sig,4,1316,0.5462847654628477,145.07965407373692,11.044151115157034,145.07965407373692,11.044151115157034,0
per_huruf_hybrid_skeleton_forced_loop_no_sig,4,1317,0.5466998754669987,145.16385980883024,11.098771051433774,145.16385980883024,11.098771051433774,0
per_huruf_hybrid_skeleton_forced_loop_no_sig,4,1318,0.5471149854711499,145.251251706873,11.1624943104233,145.251251706873,11.1624943104233,0
per_huruf_hybrid_skeleton_forced_loop_no_sig,4,1319,0.547530095475301,145.34046426945832,11.233955393718706,145.34046426945832,11.233955393718706,0
per_huruf_hybrid_skeleton_forced_loop_no_sig,4,1320,0.547945205479452,145.43013199817935,11.311788802913064,145.43013199817935,11.311788802913064,0
per_huruf_hybrid_skeleton_forced_loop_no_sig,4,1321,0.5483603154836032,145.51888939462904,11.394629039599455,145.51888939462904,11.394629039599455,0
per_huruf_hybrid_skeleton_forced_loop_no_sig,4,1322,0.5487754254877543,145.60537096040053,11.481110605370962,145.60537096040053,11.481110605370962,0
per_huruf_hybrid_skeleton_forced_loop_no_sig,4,1323,0.5491905354919053,145.68821119708696,11.569868001820664,145.68821119708696,11.569868001820664,0
per_huruf_hybrid_skeleton_forced_loop_no_sig,4,1324,0.5496056454960565,145.7660446062813,11.659535730541647,145.7660446062813,11.659535730541647,0
per_huruf_hybrid_skeleton_forced_loop_no_sig,4,1325,0.5500207555002076,145.8375056895767,11.74874829312699,145.8375056895767,11.74874829312699,0
per_huruf_hybrid_skeleton_forced_loop_no_sig,4,1326,0.5504358655043586,145.90122894856623,11.836140191169777,145.90122894856623,11.836140191169777,0
per_huruf_hybrid_skeleton_forced_loop_no_sig,4,1327,0.5508509755085097,145.95584888484296,11.920345926263085,145.95584888484296,11.920345926263085,0
per_huruf_hybrid_skeleton_forced_loop_no_sig,4,1328,0.5512660855126609,146.0,12.0,146.0,12.0,0
per_huruf_hybrid_skeleton_forced_loop_no_sig,4,1329,0.5516811955168119,146.03277196176606,12.076923076923078,146.03277196176606,12.076923076923078,0
per_huruf_hybrid_skeleton_forced_loop_no_sig,4,1330,0.552096305520963,146.0550751024124,12.153846153846155,146.0550751024124,12.153846153846155,0
per_huruf_hybrid_skeleton_forced_loop_no_sig,4,1331,0.5525114155251142,146.0682749203459,12.23076923076923,146.0682749203459,12.23076923076923,0
per_huruf_hybrid_skeleton_forced_loop_no_sig,4,1332,0.5529265255292652,146.0737369139736,12.307692307692307,146.0737369139736,12.307692307692307,0
per_huruf_hybrid_skeleton_forced_loop_no_sig,4,1333,0.5533416355334163,146.07282658170232,12.384615384615385,146.07282658170232,12.384615384615385,0
per_huruf_hybrid_skeleton_forced_loop_no_sig,4,1334,0.5537567455375675,146.066909421939,12.461538461538462,146.066909421939,12.461538461538462,0
per_huruf_hybrid_skeleton_forced_loop_no_sig,4,1335,0.5541718555417185,146.05735093309056,12.53846153846154,146.05735093309056,12.53846153846154,0
per_huruf_hybrid_skeleton_forced_loop_no_sig,4,1336,0.5545869655458696,146.04551661356396,12.615384615384617,146.04551661356396,12.615384615384617,0
per_huruf_hybrid_skeleton_forced_loop_no_sig,4,1337,0.5550020755500208,146.03277196176606,12.69230769230769,146.03277196176606,12.69230769230769,0
per_huruf_hybrid_skeleton_forced_loop_no_sig,4,1338,0.5554171855541719,146.02048247610378,12.769230769230768,146.02048247610378,12.769230769230768,0
per_huruf_hybrid_skeleton_forced_loop_no_sig,4,1339,0.5558322955583229,146.01001365498405,12.846153846153847,146.01001365498405,12.846153846153847,0
per_huruf_hybrid_skeleton_forced_loop_no_sig,4,1340,0.5562474055624741,146.00273099681382,12.923076923076922,146.00273099681382,12.923076923076922,0
per_huruf_hybrid_skeleton_forced_loop_no_sig,4,1341,0.5566625155666252,146.0,13.0,146.0,13.0,0
per_huruf_hybrid_skeleton_forced_loop_no_sig,4,1342,0.5570776255707762,146.00000000000003,13.076923076923078,146.00000000000003,13.076923076923078,0
per_huruf_hybrid_skeleton_forced_loop_no_sig,4,1343,0.5574927355749274,146.0,13.153846153846157,146.0,13.153846153846157,0
per_huruf_hybrid_skeleton_forced_loop_no_sig,4,1344,0.5579078455790785,145.99999999999997,13.230769230769228,145.99999999999997,13.230769230769228,0
per_huruf_hybrid_skeleton_forced_loop_no_sig,4,1345,0.5583229555832295,145.99999999999997,13.307692307692307,145.99999999999997,13.307692307692307,0
per_huruf_hybrid_skeleton_forced_loop_no_sig,4,1346,0.5587380655873807,146.0,13.384615384615387,146.0,13.384615384615387,0
per_huruf_hybrid_skeleton_forced_loop_no_sig,4,1347,0.5591531755915318,146.0,13.461538461538462,146.0,13.461538461538462,0
per_huruf_hybrid_skeleton_forced_loop_no_sig,4,1348,0.5595682855956828,146.0,13.538461538461538,146.0,13.538461538461538,0
per_huruf_hybrid_skeleton_forced_loop_no_sig,4,1349,0.5599833955998339,146.0,13.615384615384617,146.0,13.615384615384617,0
per_huruf_hybrid_skeleton_forced_loop_no_sig,4,1350,0.5603985056039851,146.0,13.69230769230769,146.0,13.69230769230769,0
per_huruf_hybrid_skeleton_forced_loop_no_sig,4,1351,0.5608136156081361,146.0,13.769230769230768,146.0,13.769230769230768,0
per_huruf_hybrid_skeleton_forced_loop_no_sig,4,1352,0.5612287256122872,146.0,13.846153846153845,146.0,13.846153846153845,0
per_huruf_hybrid_skeleton_forced_loop_no_sig,4,1353,0.5616438356164384,146.0,13.923076923076923,146.0,13.923076923076923,0
per_huruf_hybrid_skeleton_forced_loop_no_sig,4,1354,0.5620589456205894,146.0,14.0,146.0,14.0,0
per_huruf_hybrid_skeleton_forced_loop_no_sig,4,1355,0.5624740556247405,146.00000000000003,14.076923076923078,146.00000000000003,14.076923076923078,0
per_huruf_hybrid_skeleton_forced_loop_no_sig,4,1356,0.5628891656288917,146.0,14.153846153846155,146.0,14.153846153846155,0
per_huruf_hybrid_skeleton_forced_loop_no_sig,4,1357,0.5633042756330428,145.99999999999997,14.23076923076923,145.99999999999997,14.23076923076923,0
per_huruf_hybrid_skeleton_forced_loop_no_sig,4,1358,0.5637193856371938,145.99999999999997,14.307692307692307,145.99999999999997,14.307692307692307,0
per_huruf_hybrid_skeleton_forced_loop_no_sig,4,1359,0.564134495641345,146.0,14.384615384615387,146.0,14.384615384615387,0
per_huruf_hybrid_skeleton_forced_loop_no_sig,4,1360,0.564549605645496,146.0,14.461538461538462,146.0,14.461538461538462,0
per_huruf_hybrid_skeleton_forced_loop_no_sig,4,1361,0.5649647156496471,146.0,14.538461538461538,146.0,14.538461538461538,0
per_huruf_hybrid_skeleton_forced_loop_no_sig,4,1362,0.5653798256537983,146.0,14.615384615384617,146.0,14.615384615384617,0
per_huruf_hybrid_skeleton_forced_loop_no_sig,4,1363,0.5657949356579494,146.0,14.692307692307692,146.0,14.692307692307692,0
per_huruf_hybrid_skeleton_forced_loop_no_sig,4,1364,0.5662100456621004,146.0,14.769230769230766,146.0,14.769230769230766,0
per_huruf_hybrid_skeleton_forced_loop_no_sig,4,1365,0.5666251556662516,146.0,14.846153846153847,146.0,14.846153846153847,0
per_huruf_hybrid_skeleton_forced_loop_no_sig,4,1366,0.5670402656704027,146.0,14.923076923076922,146.0,14.923076923076922,0
per_huruf_hybrid_skeleton_forced_loop_no_sig,4,1367,0.5674553756745537,146.0,15.0,146.0,15.0,0
per_huruf_hybrid_skeleton_forced_loop_no_sig,4,1368,0.5678704856787049,146.00273099681385,15.07692307692308,146.00273099681385,15.07692307692308,0
per_huruf_hybrid_skeleton_forced_loop_no_sig,4,1369,0.568285595682856,146.01001365498408,15.153846153846155,146.01001365498408,15.153846153846155,0
per_huruf_hybrid_skeleton_forced_loop_no_sig,4,1370,0.568700705687007,146.02048247610375,15.230769230769228,146.02048247610375,15.230769230769228,0
per_huruf_hybrid_skeleton_forced_loop_no_sig,4,1371,0.5691158156911581,146.032771961766,15.307692307692307,146.032771961766,15.307692307692307,0
per_huruf_hybrid_skeleton_forced_loop_no_sig,4,1372,0.5695309256953093,146.04551661356396,15.384615384615387,146.04551661356396,15.384615384615387,0
per_huruf_hybrid_skeleton_forced_loop_no_sig,4,1373,0.5699460356994603,146.05735093309056,15.461538461538463,146.05735093309056,15.461538461538463,0
per_huruf_hybrid_skeleton_forced_loop_no_sig,4,1374,0.5703611457036114,146.06690942193902,15.538461538461538,146.06690942193902,15.538461538461538,0
per_huruf_hybrid_skeleton_forced_loop_no_sig,4,1375,0.5707762557077626,146.07282658170232,15.615384615384615,146.07282658170232,15.615384615384615,0
per_huruf_hybrid_skeleton_forced_loop_no_sig,4,1376,0.5711913657119136,146.0737369139736,15.692307692307692,146.0737369139736,15.692307692307692,0
per_huruf_hybrid_skeleton_forced_loop_no_sig,4,1377,0.5716064757160647,146.0682749203459,15.769230769230768,146.0682749203459,15.769230769230768,0
per_huruf_hybrid_skeleton_forced_loop_no_sig,4,1378,0.5720215857202159,146.0550751024124,15.846153846153847,146.0550751024124,15.846153846153847,0
per_huruf_hybrid_skeleton_forced_loop_no_sig,4,1379,0.572436695724367,146.03277196176603,15.923076923076923,146.03277196176603,15.923076923076923,0
per_huruf_hybrid_skeleton_forced_loop_no_sig,4,1380,0.572851805728518,146.0,16.0,146.0,16.0,0
per_huruf_hybrid_skeleton_forced_loop_no_sig,4,1381,0.5732669157326692,145.9640418752845,16.0933090578061,145.9640418752845,16.0933090578061,0
per_huruf_hybrid_skeleton_forced_loop_no_sig,4,1382,0.5736820257368203,145.93126991351843,16.21392808375057,145.93126991351843,16.21392808375057,0
per_huruf_hybrid_skeleton_forced_loop_no_sig,4,1383,0.5740971357409713,145.89895311788803,16.353664087391895,145.89895311788803,16.353664087391895,0
per_huruf_hybrid_skeleton_forced_loop_no_sig,4,1384,0.5745122457451225,145.86436049157945,16.504324078288576,145.86436049157945,16.504324078288576,0
per_huruf_hybrid_skeleton_forced_loop_no_sig,4,1385,0.5749273557492736,145.82476103777879,16.657715065999092,145.82476103777879,16.657715065999092,0
per_huruf_hybrid_skeleton_forced_loop_no_sig,4,1386,0.5753424657534246,145.7774237596723,16.80564406008193,145.7774237596723,16.80564406008193,0
per_huruf_hybrid_skeleton_forced_loop_no_sig,4,1387,0.5757575757575758,145.71961766044606,16.939918070095587,145.71961766044606,16.939918070095587,0
per_huruf_hybrid_skeleton_forced_loop_no_sig,4,1388,0.5761726857617269,145.6486117432863,17.052344105598543,145.6486117432863,17.052344105598543,0
per_huruf_hybrid_skeleton_forced_loop_no_sig,4,1389,0.5765877957658779,145.56167501137915,17.134729176149293,145.56167501137915,17.134729176149293,0
per_huruf_hybrid_skeleton_forced_loop_no_sig,4,1390,0.5770029057700291,145.45607646791078,17.178880291306328,145.45607646791078,17.178880291306328,0
per_huruf_hybrid_skeleton_forced_loop_no_sig,4,1391,0.5774180157741802,145.32908511606735,17.17660446062813,145.32908511606735,17.17660446062813,0
per_huruf_hybrid_skeleton_forced_loop_no_sig,4,1392,0.5778331257783312,145.17796995903504,17.11970869367319,145.17796995903504,17.11970869367319,0
per_huruf_hybrid_skeleton_forced_loop_no_sig,4,1393,0.5782482357824823,145.0,17.0,145.0,17.0,0
per_huruf_hybrid_skeleton_forced_loop_no_sig,4,1394,0.5786633457866335,144.7824305871643,16.79563040509786,144.7824305871643,16.79563040509786,0
per_huruf_hybrid_skeleton_forced_loop_no_sig,4,1395,0.5790784557907845,144.51979972690032,16.5011379153391,144.51979972690032,16.5011379153391,0
per_huruf_hybrid_skeleton_forced_loop_no_sig,4,1396,0.5794935657949356,144.22030040964952,16.132908511606736,144.22030040964952,16.132908511606736,0
per_huruf_hybrid_skeleton_forced_loop_no_sig,4,1397,0.5799086757990868,143.8921256258534,15.707328174783793,143.8921256258534,15.707328174783793,0
per_huruf_hybrid_skeleton_forced_loop_no_sig,4,1398,0.5803237858032378,143.54346836595357,15.240782885753301,143.54346836595357,15.240782885753301,0
per_huruf_hybrid_skeleton_forced_loop_no_sig,4,1399,0.5807388958073889,143.18252162039147,14.749658625398272,143.18252162039147,14.749658625398272,0
per_huruf_hybrid_skeleton_forced_loop_no_sig,4,1400,0.5811540058115401,142.81747837960856,14.250341374601728,142.81747837960856,14.250341374601728,0
per_huruf_hybrid_skeleton_forced_loop_no_sig,4,1401,0.5815691158156912,142.45653163404643,13.7592171142467,142.45653163404643,13.7592171142467,0
per_huruf_hybrid_skeleton_forced_loop_no_sig,4,1402,0.5819842258198422,142.10787437414655,13.292671825216203,142.10787437414655,13.292671825216203,0
per_huruf_hybrid_skeleton_forced_loop_no_sig,4,1403,0.5823993358239934,141.77969959035045,12.86709148839326,141.77969959035045,12.86709148839326,0
per_huruf_hybrid_skeleton_forced_loop_no_sig,4,1404,0.5828144458281445,141.48020027309968,12.4988620846609,141.48020027309968,12.4988620846609,0
per_huruf_hybrid_skeleton_forced_loop_no_sig,4,1405,0.5832295558322955,141.21756941283567,12.204369594902138,141.21756941283567,12.204369594902138,0
per_huruf_hybrid_skeleton_forced_loop_no_sig,4,1406,0.5836446658364467,141.0,12.0,141.0,12.0,0
per_huruf_hybrid_skeleton_forced_loop_no_sig,4,1407,0.5840597758405978,140.8247610377788,11.88029130632681,140.8247610377788,11.88029130632681,0
per_huruf_hybrid_skeleton_forced_loop_no_sig,4,1408,0.5844748858447488,140.68092853891667,11.823395539371873,140.68092853891667,11.823395539371873,0
per_huruf_hybrid_skeleton_forced_loop_no_sig,4,1409,0.5848899958489,140.56440600819298,11.821119708693672,140.56440600819298,11.821119708693672,0
per_huruf_hybrid_skeleton_forced_loop_no_sig,4,1410,0.5853051058530511,140.47109695038688,11.865270823850704,140.47109695038688,11.865270823850704,0
per_huruf_hybrid_skeleton_forced_loop_no_sig,4,1411,0.5857202158572021,140.39690487027767,11.947655894401457,140.39690487027767,11.947655894401457,0
per_huruf_hybrid_skeleton_forced_loop_no_sig,4,1412,0.5861353258613533,140.33773327264453,12.060081929904415,140.33773327264453,12.060081929904415,0
per_huruf_hybrid_skeleton_forced_loop_no_sig,4,1413,0.5865504358655044,140.2894856622667,12.194355939918072,140.2894856622667,12.194355939918072,0
per_huruf_hybrid_skeleton_forced_loop_no_sig,4,1414,0.5869655458696554,140.24806554392353,12.342284934000912,140.24806554392353,12.342284934000912,0
per_huruf_hybrid_skeleton_forced_loop_no_sig,4,1415,0.5873806558738065,140.20937642239417,12.495675921711424,140.20937642239417,12.495675921711424,0
per_huruf_hybrid_skeleton_forced_loop_no_sig,4,1416,0.5877957658779577,140.1693218024579,12.646335912608102,140.1693218024579,12.646335912608102,0
per_huruf_hybrid_skeleton_forced_loop_no_sig,4,1417,0.5882108758821087,140.12380518889395,12.786071916249432,140.12380518889395,12.786071916249432,0
per_huruf_hybrid_skeleton_forced_loop_no_sig,4,1418,0.5886259858862598,140.06873008648157,12.906690942193901,140.06873008648157,12.906690942193901,0
per_huruf_hybrid_skeleton_forced_loop_no_sig,4,1419,0.589041095890411,140.0,13.0,140.0,13.0,0
per_huruf_hybrid_skeleton_forced_loop_no_sig,4,1420,0.589456205894562,139.95038689121532,13.052344105598545,139.95038689121532,13.052344105598545,0
per_huruf_hybrid_skeleton_forced_loop_no_sig,4,1421,0.5898713158987131,139.94629039599454,13.063723258989533,139.94629039599454,13.063723258989533,0
per_huruf_hybrid_skeleton_forced_loop_no_sig,4,1422,0.5902864259028643,139.97405553026854,13.046426945835227,139.97405553026854,13.046426945835227,0
per_huruf_hybrid_skeleton_forced_loop_no_sig,4,1423,0.5907015359070154,140.02002730996813,13.012744651797904,140.02002730996813,13.012744651797904,0
per_huruf_hybrid_skeleton_forced_loop_no_sig,4,1424,0.5911166459111664,140.07055075102411,12.974965862539829,140.07055075102411,12.974965862539829,0
per_huruf_hybrid_skeleton_forced_loop_no_sig,4,1425,0.5915317559153176,140.11197086936733,12.94538006372326,140.11197086936733,12.94538006372326,0
per_huruf_hybrid_skeleton_forced_loop_no_sig,4,1426,0.5919468659194687,140.13063268092853,12.936276741010468,140.13063268092853,12.936276741010468,0
per_huruf_hybrid_skeleton_forced_loop_no_sig,4,1427,0.5923619759236197,140.1128812016386,12.959945380063724,140.1128812016386,12.959945380063724,0
per_huruf_hybrid_skeleton_forced_loop_no_sig,4,1428,0.5927770859277709,140.0450614474283,13.028675466545288,140.0450614474283,13.028675466545288,0
per_huruf_hybrid_skeleton_forced_loop_no_sig,4,1429,0.593192195931922,139.91351843422848,13.154756486117432,139.91351843422848,13.154756486117432,0
per_huruf_hybrid_skeleton_forced_loop_no_sig,4,1430,0.593607305936073,139.70459717796996,13.350477924442421,139.70459717796996,13.350477924442421,0
per_huruf_hybrid_skeleton_forced_loop_no_sig,4,1431,0.5940224159402242,139.40464269458352,13.628129267182521,139.40464269458352,13.628129267182521,0
per_huruf_hybrid_skeleton_forced_loop_no_sig,4,1432,0.5944375259443753,139.0,14.0,139.0,14.0,0
per_huruf_hybrid_skeleton_forced_loop_no_sig,4,1433,0.5948526359485263,138.45425580336826,14.498862084660901,138.45425580336826,14.498862084660901,0
per_huruf_hybrid_skeleton_forced_loop_no_sig,4,1434,0.5952677459526775,137.75830678197542,15.132908511606738,137.75830678197542,15.132908511606738,0
per_huruf_hybrid_skeleton_forced_loop_no_sig,4,1435,0.5956828559568286,136.9394629039599,15.87756030951297,136.9394629039599,15.87756030951297,0
per_huruf_hybrid_skeleton_forced_loop_no_sig,4,1436,0.5960979659609796,136.02503413746018,16.708238507055075,136.02503413746018,16.708238507055075,0
per_huruf_hybrid_skeleton_forced_loop_no_sig,4,1437,0.5965130759651307,135.0423304506145,17.600364132908517,135.0423304506145,17.600364132908517,0
per_huruf_hybrid_skeleton_forced_loop_no_sig,4,1438,0.5969281859692819,134.01866181156123,18.52935821574875,134.01866181156123,18.52935821574875,0
per_huruf_hybrid_skeleton_forced_loop_no_sig,4,1439,0.5973432959734329,132.9813381884388,19.470641784251256,132.9813381884388,19.470641784251256,0
per_huruf_hybrid_skeleton_forced_loop_no_sig,4,1440,0.597758405977584,131.95766954938554,20.39963586709149,131.95766954938554,20.39963586709149,0
per_huruf_hybrid_skeleton_forced_loop_no_sig,4,1441,0.5981735159817352,130.97496586253982,21.291761492944925,130.97496586253982,21.291761492944925,0
per_huruf_hybrid_skeleton_forced_loop_no_sig,4,1442,0.5985886259858862,130.06053709604004,22.122439690487028,130.06053709604004,22.122439690487028,0
per_huruf_hybrid_skeleton_forced_loop_no_sig,4,1443,0.5990037359900373,129.24169321802458,22.867091488393264,129.24169321802458,22.867091488393264,0
per_huruf_hybrid_skeleton_forced_loop_no_sig,4,1444,0.5994188459941885,128.54574419663177,23.501137915339097,128.54574419663177,23.501137915339097,0
per_huruf_hybrid_skeleton_forced_loop_no_sig,4,1445,0.5998339559983396,128.0,24.0,128.0,24.0,0
per_huruf_hybrid_skeleton_forced_loop_no_sig,4,1446,0.6002490660024906,127.59535730541648,24.37187073281748,127.59535730541648,24.37187073281748,0
per_huruf_hybrid_skeleton_forced_loop_no_sig,4,1447,0.6006641760066418,127.29540282203004,24.649522075557577,127.29540282203004,24.649522075557577,0
per_huruf_hybrid_skeleton_forced_loop_no_sig,4,1448,0.6010792860107929,127.08648156577149,24.845243513882565,127.08648156577149,24.845243513882565,0
per_huruf_hybrid_skeleton_forced_loop_no_sig,4,1449,0.6014943960149439,126.95493855257168,24.97132453345471,126.95493855257168,24.97132453345471,0
per_huruf_hybrid_skeleton_forced_loop_no_sig,4,1450,0.6019095060190951,126.88711879836141,25.040054619936278,126.88711879836141,25.040054619936278,0
per_huruf_hybrid_skeleton_forced_loop_no_sig,4,1451,0.6023246160232462,126.86936731907147,25.063723258989533,126.86936731907147,25.063723258989533,0
per_huruf_hybrid_skeleton_forced_loop_no_sig,4,1452,0.6027397260273972,126.88802913063267,25.05461993627674,126.88802913063267,25.05461993627674,0
per_huruf_hybrid_skeleton_forced_loop_no_sig,4,1453,0.6031548360315484,126.92944924897587,25.02503413746017,126.92944924897587,25.02503413746017,0
per_huruf_hybrid_skeleton_forced_loop_no_sig,4,1454,0.6035699460356995,126.97997269003186,24.98725534820209,126.97997269003186,24.98725534820209,0
per_huruf_hybrid_skeleton_forced_loop_no_sig,4,1455,0.6039850560398505,127.02594446973143,24.95357305416477,127.02594446973143,24.95357305416477,0
per_huruf_hybrid_skeleton_forced_loop_no_sig,4,1456,0.6044001660440017,127.05370960400546,24.93627674101047,127.05370960400546,24.93627674101047,0
per_huruf_hybrid_skeleton_forced_loop_no_sig,4,1457,0.6048152760481528,127.04961310878471,24.947655894401457,127.04961310878471,24.947655894401457,0
per_huruf_hybrid_skeleton_forced_loop_no_sig,4,1458,0.6052303860523038,127.0,25.0,127.0,25.0,0
per_huruf_hybrid_skeleton_forced_loop_no_sig,4,1459,0.6056454960564549,126.92307692307695,25.07692307692308,126.92307692307695,25.07692307692308,0
per_huruf_hybrid_skeleton_forced_loop_no_sig,4,1460,0.6060606060606061,126.84615384615385,25.153846153846157,126.84615384615385,25.153846153846157,0
per_huruf_hybrid_skeleton_forced_loop_no_sig,4,1461,0.6064757160647571,126.76923076923075,25.23076923076923,126.76923076923075,25.23076923076923,0
per_huruf_hybrid_skeleton_forced_loop_no_sig,4,1462,0.6068908260689082,126.6923076923077,25.307692307692307,126.6923076923077,25.307692307692307,0
per_huruf_hybrid_skeleton_forced_loop_no_sig,4,1463,0.6073059360730594,126.61538461538464,25.384615384615387,126.61538461538464,25.384615384615387,0
per_huruf_hybrid_skeleton_forced_loop_no_sig,4,1464,0.6077210460772104,126.53846153846155,25.461538461538463,126.53846153846155,25.461538461538463,0
per_huruf_hybrid_skeleton_forced_loop_no_sig,4,1465,0.6081361560813615,126.46153846153847,25.53846153846154,126.46153846153847,25.53846153846154,0
per_huruf_hybrid_skeleton_forced_loop_no_sig,4,1466,0.6085512660855127,126.38461538461539,25.61538461538462,126.38461538461539,25.61538461538462,0
per_huruf_hybrid_skeleton_forced_loop_no_sig,4,1467,0.6089663760896638,126.30769230769229,25.69230769230769,126.30769230769229,25.69230769230769,0
per_huruf_hybrid_skeleton_forced_loop_no_sig,4,1468,0.6093814860938148,126.23076923076921,25.769230769230766,126.23076923076921,25.769230769230766,0
per_huruf_hybrid_skeleton_forced_loop_no_sig,4,1469,0.609796596097966,126.15384615384616,25.846153846153847,126.15384615384616,25.846153846153847,0
per_huruf_hybrid_skeleton_forced_loop_no_sig,4,1470,0.6102117061021171,126.07692307692307,25.92307692307692,126.07692307692307,25.92307692307692,0
per_huruf_hybrid_skeleton_forced_loop_no_sig,4,1471,0.6106268161062681,126.0,26.0,126.0,26.0,0
per_huruf_hybrid_skeleton_forced_loop_no_sig,4,1472,0.6110419261104193,125.92307692307693,26.074192080109242,125.92307692307693,26.074192080109242,0
per_huruf_hybrid_skeleton_forced_loop_no_sig,4,1473,0.6114570361145704,125.84615384615385,26.14383249886209,125.84615384615385,26.14383249886209,0
per_huruf_hybrid_skeleton_forced_loop_no_sig,4,1474,0.6118721461187214,125.76923076923076,26.21028675466545,125.76923076923076,26.21028675466545,0
per_huruf_hybrid_skeleton_forced_loop_no_sig,4,1475,0.6122872561228726,125.69230769230768,26.274920345926258,125.69230769230768,26.274920345926258,0
per_huruf_hybrid_skeleton_forced_loop_no_sig,4,1476,0.6127023661270237,125.61538461538463,26.339098771051436,125.61538461538463,26.339098771051436,0
per_huruf_hybrid_skeleton_forced_loop_no_sig,4,1477,0.6131174761311747,125.53846153846156,26.404187528447885,125.53846153846156,26.404187528447885,0
per_huruf_hybrid_skeleton_forced_loop_no_sig,4,1478,0.6135325861353259,125.46153846153845,26.471552116522528,125.46153846153845,26.471552116522528,0
per_huruf_hybrid_skeleton_forced_loop_no_sig,4,1479,0.613947696139477,125.38461538461539,26.542558033682297,125.38461538461539,26.542558033682297,0
per_huruf_hybrid_skeleton_forced_loop_no_sig,4,1480,0.614362806143628,125.30769230769229,26.618570778334092,125.30769230769229,26.618570778334092,0
per_huruf_hybrid_skeleton_forced_loop_no_sig,4,1481,0.6147779161477791,125.23076923076923,26.70095584888484,125.23076923076923,26.70095584888484,0
per_huruf_hybrid_skeleton_forced_loop_no_sig,4,1482,0.6151930261519303,125.15384615384616,26.79107874374147,125.15384615384616,26.79107874374147,0
per_huruf_hybrid_skeleton_forced_loop_no_sig,4,1483,0.6156081361560813,125.07692307692308,26.89030496131088,125.07692307692308,26.89030496131088,0
per_huruf_hybrid_skeleton_forced_loop_no_sig,4,1484,0.6160232461602324,125.0,27.0,125.0,27.0,0
per_huruf_hybrid_skeleton_forced_loop_no_sig,4,1485,0.6164383561643836,124.92307692307696,27.12380518889395,124.92307692307696,27.12380518889395,0
per_huruf_hybrid_skeleton_forced_loop_no_sig,4,1486,0.6168534661685346,124.84615384615385,27.262630860264,124.84615384615385,27.262630860264,0
per_huruf_hybrid_skeleton_forced_loop_no_sig,4,1487,0.6172685761726857,124.76923076923076,27.413746017296308,124.76923076923076,27.413746017296308,0
per_huruf_hybrid_skeleton_forced_loop_no_sig,4,1488,0.6176836861768369,124.69230769230768,27.574419663177057,124.69230769230768,27.574419663177057,0
per_huruf_hybrid_skeleton_forced_loop_no_sig,4,1489,0.618098796180988,124.61538461538464,27.7419208010924,124.61538461538464,27.7419208010924,0
per_huruf_hybrid_skeleton_forced_loop_no_sig,4,1490,0.618513906185139,124.53846153846155,27.913518434228497,124.53846153846155,27.913518434228497,0
per_huruf_hybrid_skeleton_forced_loop_no_sig,4,1491,0.6189290161892902,124.46153846153845,28.086481565771507,124.46153846153845,28.086481565771507,0
per_huruf_hybrid_skeleton_forced_loop_no_sig,4,1492,0.6193441261934413,124.38461538461539,28.258079198907602,124.38461538461539,28.258079198907602,0
per_huruf_hybrid_skeleton_forced_loop_no_sig,4,1493,0.6197592361975923,124.30769230769232,28.42558033682294,124.30769230769232,28.42558033682294,0
per_huruf_hybrid_skeleton_forced_loop_no_sig,4,1494,0.6201743462017435,124.23076923076921,28.586253982703685,124.23076923076921,28.586253982703685,0
per_huruf_hybrid_skeleton_forced_loop_no_sig,4,1495,0.6205894562058946,124.15384615384616,28.737369139736003,124.15384615384616,28.737369139736003,0
per_huruf_hybrid_skeleton_forced_loop_no_sig,4,1496,0.6210045662100456,124.07692307692307,28.876194811106053,124.07692307692307,28.876194811106053,0
per_huruf_hybrid_skeleton_forced_loop_no_sig,4,1497,0.6214196762141968,124.0,29.0,124.0,29.0,0
per_huruf_hybrid_skeleton_forced_loop_no_sig,4,1498,0.6218347862183479,123.92307692307695,29.10969503868912,123.92307692307695,29.10969503868912,0
per_huruf_hybrid_skeleton_forced_loop_no_sig,4,1499,0.6222498962224989,123.84615384615384,29.208921256258538,123.84615384615384,29.208921256258538,0
per_huruf_hybrid_skeleton_forced_loop_no_sig,4,1500,0.6226650062266501,123.76923076923076,29.299044151115154,123.76923076923076,29.299044151115154,0
per_huruf_hybrid_skeleton_forced_loop_no_sig,4,1501,0.6230801162308012,123.69230769230768,29.381429221665904,123.69230769230768,29.381429221665904,0
per_huruf_hybrid_skeleton_forced_loop_no_sig,4,1502,0.6234952262349522,123.61538461538463,29.45744196631771,123.61538461538463,29.45744196631771,0
per_huruf_hybrid_skeleton_forced_loop_no_sig,4,1503,0.6239103362391033,123.53846153846155,29.52844788347747,123.53846153846155,29.52844788347747,0
per_huruf_hybrid_skeleton_forced_loop_no_sig,4,1504,0.6243254462432545,123.46153846153847,29.59581247155212,123.46153846153847,29.59581247155212,0
per_huruf_hybrid_skeleton_forced_loop_no_sig,4,1505,0.6247405562474055,123.38461538461539,29.66090122894857,123.38461538461539,29.66090122894857,0
per_huruf_hybrid_skeleton_forced_loop_no_sig,4,1506,0.6251556662515566,123.30769230769229,29.72507965407374,123.30769230769229,29.72507965407374,0
per_huruf_hybrid_skeleton_forced_loop_no_sig,4,1507,0.6255707762557078,123.23076923076923,29.789713245334546,123.23076923076923,29.789713245334546,0
per_huruf_hybrid_skeleton_forced_loop_no_sig,4,1508,0.6259858862598588,123.15384615384616,29.856167501137918,123.15384615384616,29.856167501137918,0
per_huruf_hybrid_skeleton_forced_loop_no_sig,4,1509,0.6264009962640099,123.07692307692308,29.925807919890758,123.07692307692308,29.925807919890758,0
per_huruf_hybrid_skeleton_forced_loop_no_sig,4,1510,0.6268161062681611,123.0,30.0,123.0,30.0,0
per_huruf_hybrid_skeleton_forced_loop_no_sig,4,1511,0.6272312162723122,122.92853891670462,30.06873008648157,122.92853891670462,30.06873008648157,0
per_huruf_hybrid_skeleton_forced_loop_no_sig,4,1512,0.6276463262764632,122.866181156122,30.123805188893947,122.866181156122,30.123805188893947,0
per_huruf_hybrid_skeleton_forced_loop_no_sig,4,1513,0.6280614362806144,122.8101957214383,30.169321802457894,122.8101957214383,30.169321802457894,0
per_huruf_hybrid_skeleton_forced_loop_no_sig,4,1514,0.6284765462847655,122.75785161583977,30.209376422394172,122.75785161583977,30.209376422394172,0
per_huruf_hybrid_skeleton_forced_loop_no_sig,4,1515,0.6288916562889165,122.70641784251254,30.248065543923538,122.70641784251254,30.248065543923538,0
per_huruf_hybrid_skeleton_forced_loop_no_sig,4,1516,0.6293067662930677,122.6531634046427,30.289485662266728,122.6531634046427,30.289485662266728,0
per_huruf_hybrid_skeleton_forced_loop_no_sig,4,1517,0.6297218762972188,122.59535730541648,30.337733272644517,122.59535730541648,30.337733272644517,0
per_huruf_hybrid_skeleton_forced_loop_no_sig,4,1518,0.6301369863013698,122.53026854802003,30.396904870277652,122.53026854802003,30.396904870277652,0
per_huruf_hybrid_skeleton_forced_loop_no_sig,4,1519,0.630552096305521,122.4551661356395,30.471096950386894,122.4551661356395,30.471096950386894,0
per_huruf_hybrid_skeleton_forced_loop_no_sig,4,1520,0.6309672063096721,122.36731907146107,30.56440600819299,122.36731907146107,30.56440600819299,0
per_huruf_hybrid_skeleton_forced_loop_no_sig,4,1521,0.6313823163138231,122.26399635867092,30.680928538916707,122.26399635867092,30.680928538916707,0
per_huruf_hybrid_skeleton_forced_loop_no_sig,4,1522,0.6317974263179743,122.14246700045516,30.82476103777879,122.14246700045516,30.82476103777879,0
per_huruf_hybrid_skeleton_forced_loop_no_sig,4,1523,0.6322125363221254,122.0,31.0,122.0,31.0,0
per_huruf_hybrid_skeleton_forced_loop_no_sig,4,1524,0.6326276463262764,121.8293126991352,31.217569412835687,121.8293126991352,31.217569412835687,0
per_huruf_hybrid_skeleton_forced_loop_no_sig,4,1525,0.6330427563304275,121.62858443331817,31.480200273099683,121.62858443331817,31.480200273099683,0
per_huruf_hybrid_skeleton_forced_loop_no_sig,4,1526,0.6334578663345787,121.40327719617659,31.779699590350468,121.40327719617659,31.779699590350468,0
per_huruf_hybrid_skeleton_forced_loop_no_sig,4,1527,0.6338729763387297,121.15885298133819,32.10787437414656,121.15885298133819,32.10787437414656,0
per_huruf_hybrid_skeleton_forced_loop_no_sig,4,1528,0.6342880863428808,120.90077378243059,32.45653163404643,120.90077378243059,32.45653163404643,0
per_huruf_hybrid_skeleton_forced_loop_no_sig,4,1529,0.634703196347032,120.6345015930815,32.81747837960856,120.6345015930815,32.81747837960856,0
per_huruf_hybrid_skeleton_forced_loop_no_sig,4,1530,0.635118306351183,120.36549840691853,33.18252162039144,120.36549840691853,33.18252162039144,0
per_huruf_hybrid_skeleton_forced_loop_no_sig,4,1531,0.6355334163553341,120.09922621756942,33.54346836595357,120.09922621756942,33.54346836595357,0
per_huruf_hybrid_skeleton_forced_loop_no_sig,4,1532,0.6359485263594853,119.84114701866181,33.89212562585343,119.84114701866181,33.89212562585343,0
per_huruf_hybrid_skeleton_forced_loop_no_sig,4,1533,0.6363636363636364,119.59672280382338,34.22030040964952,119.59672280382338,34.22030040964952,0
per_huruf_hybrid_skeleton_forced_loop_no_sig,4,1534,0.6367787463677874,119.37141556668183,34.51979972690032,119.37141556668183,34.51979972690032,0
per_huruf_hybrid_skeleton_forced_loop_no_sig,4,1535,0.6371938563719386,119.17068730086481,34.78243058716431,119.17068730086481,34.78243058716431,0
per_huruf_hybrid_skeleton_forced_loop_no_sig,4,1536,0.6376089663760897,119.0,35.0,119.0,35.0,0
per_huruf_hybrid_skeleton_forced_loop_no_sig,4,1537,0.6380240763802407,118.85753299954486,35.17523896222122,118.85753299954486,35.17523896222122,0
per_huruf_hybrid_skeleton_forced_loop_no_sig,4,1538,0.6384391863843919,118.73600364132909,35.3190714610833,118.73600364132909,35.3190714610833,0
per_huruf_hybrid_skeleton_forced_loop_no_sig,4,1539,0.638854296388543,118.6326809285389,35.435593991807,118.6326809285389,35.435593991807,0
per_huruf_hybrid_skeleton_forced_loop_no_sig,4,1540,0.639269406392694,118.54483386436048,35.52890304961311,118.54483386436048,35.52890304961311,0
per_huruf_hybrid_skeleton_forced_loop_no_sig,4,1541,0.6396845163968452,118.46973145197997,35.60309512972235,118.46973145197997,35.60309512972235,0
per_huruf_hybrid_skeleton_forced_loop_no_sig,4,1542,0.6400996264009963,118.40464269458352,35.66226672735549,118.40464269458352,35.66226672735549,0
per_huruf_hybrid_skeleton_forced_loop_no_sig,4,1543,0.6405147364051473,118.3468365953573,35.71051433773327,118.3468365953573,35.71051433773327,0
per_huruf_hybrid_skeleton_forced_loop_no_sig,4,1544,0.6409298464092985,118.29358215748749,35.75193445607647,118.29358215748749,35.75193445607647,0
per_huruf_hybrid_skeleton_forced_loop_no_sig,4,1545,0.6413449564134496,118.2421483841602,35.79062357760582,118.2421483841602,35.79062357760582,0
per_huruf_hybrid_skeleton_forced_loop_no_sig,4,1546,0.6417600664176006,118.18980427856165,35.8306781975421,118.18980427856165,35.8306781975421,0
per_huruf_hybrid_skeleton_forced_loop_no_sig,4,1547,0.6421751764217518,118.133818843878,35.87619481110606,118.133818843878,35.87619481110606,0
per_huruf_hybrid_skeleton_forced_loop_no_sig,4,1548,0.6425902864259029,118.07146108329539,35.931269913518435,118.07146108329539,35.931269913518435,0
per_huruf_hybrid_skeleton_forced_loop_no_sig,4,1549,0.6430053964300539,118.0,36.0,118.0,36.0,0
per_huruf_hybrid_skeleton_forced_loop_no_sig,4,1550,0.643420506434205,117.92307692307693,36.07692307692308,117.92307692307693,36.07692307692308,0
per_huruf_hybrid_skeleton_forced_loop_no_sig,4,1551,0.6438356164383562,117.84615384615385,36.15384615384615,117.84615384615385,36.15384615384615,0
per_huruf_hybrid_skeleton_forced_loop_no_sig,4,1552,0.6442507264425072,117.76923076923077,36.230769230769226,117.76923076923077,36.230769230769226,0
per_huruf_hybrid_skeleton_forced_loop_no_sig,4,1553,0.6446658364466583,117.6923076923077,36.30769230769231,117.6923076923077,36.30769230769231,0
per_huruf_hybrid_skeleton_forced_loop_no_sig,4,1554,0.6450809464508095,117.61538461538463,36.38461538461539,117.61538461538463,36.38461538461539,0
per_huruf_hybrid_skeleton_forced_loop_no_sig,4,1555,0.6454960564549606,117.53846153846155,36.46153846153846,117.53846153846155,36.46153846153846,0
per_huruf_hybrid_skeleton_forced_loop_no_sig,4,1556,0.6459111664591116,117.46153846153847,36.53846153846154,117.46153846153847,36.53846153846154,0
per_huruf_hybrid_skeleton_forced_loop_no_sig,4,1557,0.6463262764632628,117.38461538461539,36.61538461538461,117.38461538461539,36.61538461538461,0
per_huruf_hybrid_skeleton_forced_loop_no_sig,4,1558,0.6467413864674139,117.30769230769229,36.69230769230769,117.30769230769229,36.69230769230769,0
per_huruf_hybrid_skeleton_forced_loop_no_sig,4,1559,0.6471564964715649,117.23076923076921,36.76923076923077,117.23076923076921,36.76923076923077,0
per_huruf_hybrid_skeleton_forced_loop_no_sig,4,1560,0.6475716064757161,117.15384615384615,36.84615384615385,117.15384615384615,36.84615384615385,0
per_huruf_hybrid_skeleton_forced_loop_no_sig,4,1561,0.6479867164798672,117.07692307692308,36.92307692307692,117.07692307692308,36.92307692307692,0
per_huruf_hybrid_skeleton_forced_loop_no_sig,4,1562,0.6484018264840182,117.0,37.0,117.0,37.0,0
per_huruf_hybrid_skeleton_forced_loop_no_sig,4,1563,0.6488169364881694,116.92034592626311,37.07692307692309,116.92034592626311,37.07692307692309,0
per_huruf_hybrid_skeleton_forced_loop_no_sig,4,1564,0.6492320464923205,116.83614019116979,37.15384615384615,116.83614019116979,37.15384615384615,0
per_huruf_hybrid_skeleton_forced_loop_no_sig,4,1565,0.6496471564964715,116.748748293127,37.230769230769226,116.748748293127,37.230769230769226,0
per_huruf_hybrid_skeleton_forced_loop_no_sig,4,1566,0.6500622665006227,116.65953573054165,37.30769230769231,116.65953573054165,37.30769230769231,0
per_huruf_hybrid_skeleton_forced_loop_no_sig,4,1567,0.6504773765047738,116.56986800182067,37.38461538461539,116.56986800182067,37.38461538461539,0
per_huruf_hybrid_skeleton_forced_loop_no_sig,4,1568,0.6508924865089248,116.48111060537097,37.46153846153846,116.48111060537097,37.46153846153846,0
per_huruf_hybrid_skeleton_forced_loop_no_sig,4,1569,0.651307596513076,116.39462903959947,37.53846153846154,116.39462903959947,37.53846153846154,0
per_huruf_hybrid_skeleton_forced_loop_no_sig,4,1570,0.6517227065172271,116.31178880291307,37.61538461538461,116.31178880291307,37.61538461538461,0
per_huruf_hybrid_skeleton_forced_loop_no_sig,4,1571,0.6521378165213781,116.2339553937187,37.69230769230769,116.2339553937187,37.69230769230769,0
per_huruf_hybrid_skeleton_forced_loop_no_sig,4,1572,0.6525529265255292,116.1624943104233,37.76923076923077,116.1624943104233,37.76923076923077,0
per_huruf_hybrid_skeleton_forced_loop_no_sig,4,1573,0.6529680365296804,116.09877105143377,37.84615384615385,116.09877105143377,37.84615384615385,0
per_huruf_hybrid_skeleton_forced_loop_no_sig,4,1574,0.6533831465338314,116.04415111515704,37.92307692307692,116.04415111515704,37.92307692307692,0
per_huruf_hybrid_skeleton_forced_loop_no_sig,4,1575,0.6537982565379825,116.0,38.0,116.0,38.0,0
per_huruf_hybrid_skeleton_forced_loop_no_sig,4,1576,0.6542133665421337,115.96995903504782,38.07692307692309,115.96995903504782,38.07692307692309,0
per_huruf_hybrid_skeleton_forced_loop_no_sig,4,1577,0.6546284765462848,115.9549385525717,38.15384615384616,115.9549385525717,38.15384615384616,0
per_huruf_hybrid_skeleton_forced_loop_no_sig,4,1578,0.6550435865504358,115.95220755575784,38.230769230769226,115.95220755575784,38.230769230769226,0
per_huruf_hybrid_skeleton_forced_loop_no_sig,4,1579,0.655458696554587,115.95903504779243,38.3076923076923,115.95903504779243,38.3076923076923,0
per_huruf_hybrid_skeleton_forced_loop_no_sig,4,1580,0.6558738065587381,115.97269003186163,38.384615384615394,115.97269003186163,38.384615384615394,0
per_huruf_hybrid_skeleton_forced_loop_no_sig,4,1581,0.6562889165628891,115.99044151115159,38.46153846153847,115.99044151115159,38.46153846153847,0
per_huruf_hybrid_skeleton_forced_loop_no_sig,4,1582,0.6567040265670403,116.00955848884843,38.53846153846154,116.00955848884843,38.53846153846154,0
per_huruf_hybrid_skeleton_forced_loop_no_sig,4,1583,0.6571191365711914,116.02730996813838,38.61538461538462,116.02730996813838,38.61538461538462,0
per_huruf_hybrid_skeleton_forced_loop_no_sig,4,1584,0.6575342465753424,116.04096495220756,38.692307692307686,116.04096495220756,38.692307692307686,0
per_huruf_hybrid_skeleton_forced_loop_no_sig,4,1585,0.6579493565794936,116.04779244424213,38.76923076923077,116.04779244424213,38.76923076923077,0
per_huruf_hybrid_skeleton_forced_loop_no_sig,4,1586,0.6583644665836447,116.04506144742831,38.84615384615385,116.04506144742831,38.84615384615385,0
per_huruf_hybrid_skeleton_forced_loop_no_sig,4,1587,0.6587795765877957,116.0300409649522,38.92307692307692,116.0300409649522,38.92307692307692,0
per_huruf_hybrid_skeleton_forced_loop_no_sig,4,1588,0.6591946865919469,116.0,39.0,116.0,39.0,0
per_huruf_hybrid_skeleton_forced_loop_no_sig,4,1589,0.659609796596098,115.955848884843,39.07419208010925,115.955848884843,39.07419208010925,0
per_huruf_hybrid_skeleton_forced_loop_no_sig,4,1590,0.660024906600249,115.90122894856623,39.14383249886209,115.90122894856623,39.14383249886209,0
per_huruf_hybrid_skeleton_forced_loop_no_sig,4,1591,0.6604400166044002,115.83750568957666,39.21028675466544,115.83750568957666,39.21028675466544,0
per_huruf_hybrid_skeleton_forced_loop_no_sig,4,1592,0.6608551266085513,115.76604460628127,39.27492034592626,115.76604460628127,39.27492034592626,0
per_huruf_hybrid_skeleton_forced_loop_no_sig,4,1593,0.6612702366127023,115.68821119708694,39.33909877105144,115.68821119708694,39.33909877105144,0
per_huruf_hybrid_skeleton_forced_loop_no_sig,4,1594,0.6616853466168534,115.60537096040056,39.404187528447885,115.60537096040056,39.404187528447885,0
per_huruf_hybrid_skeleton_forced_loop_no_sig,4,1595,0.6621004566210046,115.51888939462904,39.47155211652253,115.51888939462904,39.47155211652253,0
per_huruf_hybrid_skeleton_forced_loop_no_sig,4,1596,0.6625155666251556,115.43013199817932,39.5425580336823,115.43013199817932,39.5425580336823,0
per_huruf_hybrid_skeleton_forced_loop_no_sig,4,1597,0.6629306766293067,115.34046426945835,39.61857077833409,115.34046426945835,39.61857077833409,0
per_huruf_hybrid_skeleton_forced_loop_no_sig,4,1598,0.6633457866334579,115.25125170687299,39.700955848884846,115.25125170687299,39.700955848884846,0
per_huruf_hybrid_skeleton_forced_loop_no_sig,4,1599,0.663760896637609,115.16385980883022,39.791078743741465,115.16385980883022,39.791078743741465,0
per_huruf_hybrid_skeleton_forced_loop_no_sig,4,1600,0.66417600664176,115.07965407373692,39.890304961310875,115.07965407373692,39.890304961310875,0
per_huruf_hybrid_skeleton_forced_loop_no_sig,4,1601,0.6645911166459112,115.0,40.0,115.0,40.0,0
per_huruf_hybrid_skeleton_forced_loop_no_sig,4,1602,0.6650062266500623,114.92307692307695,40.123805188893954,114.92307692307695,40.123805188893954,0
per_huruf_hybrid_skeleton_forced_loop_no_sig,4,1603,0.6654213366542133,114.84615384615385,40.262630860264,114.84615384615385,40.262630860264,0
per_huruf_hybrid_skeleton_forced_loop_no_sig,4,1604,0.6658364466583645,114.76923076923075,40.41374601729631,114.76923076923075,40.41374601729631,0
per_huruf_hybrid_skeleton_forced_loop_no_sig,4,1605,0.6662515566625156,114.69230769230768,40.57441966317706,114.69230769230768,40.57441966317706,0
per_huruf_hybrid_skeleton_forced_loop_no_sig,4,1606,0.6666666666666666,114.61538461538463,40.741920801092405,114.61538461538463,40.741920801092405,0
per_huruf_hybrid_skeleton_forced_loop_no_sig,4,1607,0.6670817766708178,114.53846153846156,40.9135184342285,114.53846153846156,40.9135184342285,0
per_huruf_hybrid_skeleton_forced_loop_no_sig,4,1608,0.6674968866749689,114.46153846153847,41.08648156577151,114.46153846153847,41.08648156577151,0
per_huruf_hybrid_skeleton_forced_loop_no_sig,4,1609,0.6679119966791199,114.38461538461539,41.2580791989076,114.38461538461539,41.2580791989076,0
per_huruf_hybrid_skeleton_forced_loop_no_sig,4,1610,0.6683271066832711,114.3076923076923,41.42558033682294,114.3076923076923,41.42558033682294,0
per_huruf_hybrid_skeleton_forced_loop_no_sig,4,1611,0.6687422166874222,114.23076923076921,41.58625398270368,114.23076923076921,41.58625398270368,0
per_huruf_hybrid_skeleton_forced_loop_no_sig,4,1612,0.6691573266915732,114.15384615384615,41.737369139736,114.15384615384615,41.737369139736,0
per_huruf_hybrid_skeleton_forced_loop_no_sig,4,1613,0.6695724366957244,114.07692307692307,41.876194811106046,114.07692307692307,41.876194811106046,0
per_huruf_hybrid_skeleton_forced_loop_no_sig,4,1614,0.6699875466998755,114.0,42.0,114.0,42.0,0
per_huruf_hybrid_skeleton_forced_loop_no_sig,4,1615,0.6704026567040265,113.92307692307693,42.10969503868912,113.92307692307693,42.10969503868912,0
per_huruf_hybrid_skeleton_forced_loop_no_sig,4,1616,0.6708177667081776,113.84615384615385,42.20892125625854,113.84615384615385,42.20892125625854,0
per_huruf_hybrid_skeleton_forced_loop_no_sig,4,1617,0.6712328767123288,113.76923076923075,42.29904415111515,113.76923076923075,42.29904415111515,0
per_huruf_hybrid_skeleton_forced_loop_no_sig,4,1618,0.6716479867164799,113.69230769230768,42.3814292216659,113.69230769230768,42.3814292216659,0
per_huruf_hybrid_skeleton_forced_loop_no_sig,4,1619,0.6720630967206309,113.61538461538463,42.45744196631771,113.61538461538463,42.45744196631771,0
per_huruf_hybrid_skeleton_forced_loop_no_sig,4,1620,0.6724782067247821,113.53846153846155,42.52844788347747,113.53846153846155,42.52844788347747,0
per_huruf_hybrid_skeleton_forced_loop_no_sig,4,1621,0.6728933167289332,113.46153846153848,42.59581247155211,113.46153846153848,42.59581247155211,0
per_huruf_hybrid_skeleton_forced_loop_no_sig,4,1622,0.6733084267330842,113.38461538461539,42.66090122894856,113.38461538461539,42.66090122894856,0
per_huruf_hybrid_skeleton_forced_loop_no_sig,4,1623,0.6737235367372354,113.30769230769229,42.72507965407374,113.30769230769229,42.72507965407374,0
per_huruf_hybrid_skeleton_forced_loop_no_sig,4,1624,0.6741386467413865,113.23076923076921,42.78971324533454,113.23076923076921,42.78971324533454,0
per_huruf_hybrid_skeleton_forced_loop_no_sig,4,1625,0.6745537567455375,113.15384615384615,42.85616750113792,113.15384615384615,42.85616750113792,0
per_huruf_hybrid_skeleton_forced_loop_no_sig,4,1626,0.6749688667496887,113.07692307692308,42.92580791989076,113.07692307692308,42.92580791989076,0
per_huruf_hybrid_skeleton_forced_loop_no_sig,4,1627,0.6753839767538398,113.0,43.0,113.0,43.0,0
per_huruf_hybrid_skeleton_forced_loop_no_sig,4,1628,0.6757990867579908,112.92307692307695,43.07692307692307,112.92307692307695,43.07692307692307,0
per_huruf_hybrid_skeleton_forced_loop_no_sig,4,1629,0.676214196762142,112.84615384615387,43.15384615384615,112.84615384615387,43.15384615384615,0
per_huruf_hybrid_skeleton_forced_loop_no_sig,4,1630,0.6766293067662931,112.76923076923076,43.230769230769226,112.76923076923076,43.230769230769226,0
per_huruf_hybrid_skeleton_forced_loop_no_sig,4,1631,0.6770444167704441,112.6923076923077,43.30769230769231,112.6923076923077,43.30769230769231,0
per_huruf_hybrid_skeleton_forced_loop_no_sig,4,1632,0.6774595267745953,112.61538461538463,43.38461538461539,112.61538461538463,43.38461538461539,0
per_huruf_hybrid_skeleton_forced_loop_no_sig,4,1633,0.6778746367787464,112.53846153846155,43.46153846153847,112.53846153846155,43.46153846153847,0
per_huruf_hybrid_skeleton_forced_loop_no_sig,4,1634,0.6782897467828974,112.46153846153845,43.53846153846154,112.46153846153845,43.53846153846154,0
per_huruf_hybrid_skeleton_forced_loop_no_sig,4,1635,0.6787048567870486,112.38461538461539,43.61538461538461,112.38461538461539,43.61538461538461,0
per_huruf_hybrid_skeleton_forced_loop_no_sig,4,1636,0.6791199667911997,112.30769230769229,43.69230769230769,112.30769230769229,43.69230769230769,0
per_huruf_hybrid_skeleton_forced_loop_no_sig,4,1637,0.6795350767953507,112.23076923076921,43.76923076923076,112.23076923076921,43.76923076923076,0
per_huruf_hybrid_skeleton_forced_loop_no_sig,4,1638,0.6799501867995018,112.15384615384615,43.84615384615385,112.15384615384615,43.84615384615385,0
per_huruf_hybrid_skeleton_forced_loop_no_sig,4,1639,0.680365296803653,112.07692307692307,43.92307692307692,112.07692307692307,43.92307692307692,0
per_huruf_hybrid_skeleton_forced_loop_no_sig,4,1640,0.680780406807804,112.0,44.0,112.0,44.0,0
per_huruf_hybrid_skeleton_forced_loop_no_sig,4,1641,0.6811955168119551,111.92307692307693,44.07692307692308,111.92307692307693,44.07692307692308,0
per_huruf_hybrid_skeleton_forced_loop_no_sig,4,1642,0.6816106268161063,111.84615384615385,44.15384615384616,111.84615384615385,44.15384615384616,0
per_huruf_hybrid_skeleton_forced_loop_no_sig,4,1643,0.6820257368202574,111.76923076923075,44.23076923076923,111.76923076923075,44.23076923076923,0
per_huruf_hybrid_skeleton_forced_loop_no_sig,4,1644,0.6824408468244084,111.6923076923077,44.30769230769231,111.6923076923077,44.30769230769231,0
per_huruf_hybrid_skeleton_forced_loop_no_sig,4,1645,0.6828559568285596,111.61538461538463,44.38461538461539,111.61538461538463,44.38461538461539,0
per_huruf_hybrid_skeleton_forced_loop_no_sig,4,1646,0.6832710668327107,111.53846153846155,44.46153846153846,111.53846153846155,44.46153846153846,0
per_huruf_hybrid_skeleton_forced_loop_no_sig,4,1647,0.6836861768368617,111.46153846153847,44.53846153846155,111.46153846153847,44.53846153846155,0
per_huruf_hybrid_skeleton_forced_loop_no_sig,4,1648,0.6841012868410129,111.38461538461539,44.61538461538461,111.38461538461539,44.61538461538461,0
per_huruf_hybrid_skeleton_forced_loop_no_sig,4,1649,0.684516396845164,111.30769230769229,44.69230769230769,111.30769230769229,44.69230769230769,0
per_huruf_hybrid_skeleton_forced_loop_no_sig,4,1650,0.684931506849315,111.23076923076923,44.76923076923077,111.23076923076923,44.76923076923077,0
per_huruf_hybrid_skeleton_forced_loop_no_sig,4,1651,0.6853466168534662,111.15384615384616,44.84615384615385,111.15384615384616,44.84615384615385,0
per_huruf_hybrid_skeleton_forced_loop_no_sig,4,1652,0.6857617268576173,111.07692307692308,44.92307692307692,111.07692307692308,44.92307692307692,0
per_huruf_hybrid_skeleton_forced_loop_no_sig,4,1653,0.6861768368617683,111.0,45.0,111.0,45.0,0
per_huruf_hybrid_skeleton_forced_loop_no_sig,4,1654,0.6865919468659195,110.92307692307695,45.07692307692308,110.92307692307695,45.07692307692308,0
per_huruf_hybrid_skeleton_forced_loop_no_sig,4,1655,0.6870070568700706,110.84615384615385,45.15384615384615,110.84615384615385,45.15384615384615,0
per_huruf_hybrid_skeleton_forced_loop_no_sig,4,1656,0.6874221668742216,110.76923076923076,45.230769230769226,110.76923076923076,45.230769230769226,0
per_huruf_hybrid_skeleton_forced_loop_no_sig,4,1657,0.6878372768783728,110.69230769230768,45.30769230769231,110.69230769230768,45.30769230769231,0
per_huruf_hybrid_skeleton_forced_loop_no_sig,4,1658,0.6882523868825239,110.61538461538463,45.384615384615394,110.61538461538463,45.384615384615394,0
per_huruf_hybrid_skeleton_forced_loop_no_sig,4,1659,0.688667496886675,110.53846153846155,45.46153846153847,110.53846153846155,45.46153846153847,0
per_huruf_hybrid_skeleton_forced_loop_no_sig,4,1660,0.689082606890826,110.46153846153847,45.53846153846153,110.46153846153847,45.53846153846153,0
per_huruf_hybrid_skeleton_forced_loop_no_sig,4,1661,0.6894977168949772,110.38461538461539,45.61538461538462,110.38461538461539,45.61538461538462,0
per_huruf_hybrid_skeleton_forced_loop_no_sig,4,1662,0.6899128268991283,110.3076923076923,45.69230769230769,110.3076923076923,45.69230769230769,0
per_huruf_hybrid_skeleton_forced_loop_no_sig,4,1663,0.6903279369032793,110.23076923076923,45.76923076923076,110.23076923076923,45.76923076923076,0
per_huruf_hybrid_skeleton_forced_loop_no_sig,4,1664,0.6907430469074305,110.15384615384616,45.84615384615385,110.15384615384616,45.84615384615385,0
per_huruf_hybrid_skeleton_forced_loop_no_sig,4,1665,0.6911581569115816,110.07692307692307,45.92307692307692,110.07692307692307,45.92307692307692,0
per_huruf_hybrid_skeleton_forced_loop_no_sig,4,1666,0.6915732669157326,110.0,46.0,110.0,46.0,0
per_huruf_hybrid_skeleton_forced_loop_no_sig,4,1667,0.6919883769198838,109.92307692307693,46.07692307692308,109.92307692307693,46.07692307692308,0
per_huruf_hybrid_skeleton_forced_loop_no_sig,4,1668,0.6924034869240349,109.84615384615387,46.15384615384616,109.84615384615387,46.15384615384616,0
per_huruf_hybrid_skeleton_forced_loop_no_sig,4,1669,0.6928185969281859,109.76923076923076,46.23076923076922,109.76923076923076,46.23076923076922,0
per_huruf_hybrid_skeleton_forced_loop_no_sig,4,1670,0.6932337069323371,109.69230769230768,46.3076923076923,109.69230769230768,46.3076923076923,0
per_huruf_hybrid_skeleton_forced_loop_no_sig,4,1671,0.6936488169364882,109.61538461538464,46.384615384615394,109.61538461538464,46.384615384615394,0
per_huruf_hybrid_skeleton_forced_loop_no_sig,4,1672,0.6940639269406392,109.53846153846155,46.46153846153847,109.53846153846155,46.46153846153847,0
per_huruf_hybrid_skeleton_forced_loop_no_sig,4,1673,0.6944790369447904,109.46153846153845,46.53846153846154,109.46153846153845,46.53846153846154,0
per_huruf_hybrid_skeleton_forced_loop_no_sig,4,1674,0.6948941469489415,109.38461538461539,46.61538461538462,109.38461538461539,46.61538461538462,0
per_huruf_hybrid_skeleton_forced_loop_no_sig,4,1675,0.6953092569530925,109.3076923076923,46.69230769230769,109.3076923076923,46.69230769230769,0
per_huruf_hybrid_skeleton_forced_loop_no_sig,4,1676,0.6957243669572437,109.23076923076923,46.76923076923076,109.23076923076923,46.76923076923076,0
per_huruf_hybrid_skeleton_forced_loop_no_sig,4,1677,0.6961394769613948,109.15384615384616,46.84615384615385,109.15384615384616,46.84615384615385,0
per_huruf_hybrid_skeleton_forced_loop_no_sig,4,1678,0.6965545869655458,109.07692307692308,46.92307692307692,109.07692307692308,46.92307692307692,0
per_huruf_hybrid_skeleton_forced_loop_no_sig,4,1679,0.696969696969697,109.0,47.0,109.0,47.0,0
per_huruf_hybrid_skeleton_forced_loop_no_sig,4,1680,0.6973848069738481,108.93126991351845,47.065999089667734,108.93126991351845,47.065999089667734,0
per_huruf_hybrid_skeleton_forced_loop_no_sig,4,1681,0.6977999169779991,108.87619481110607,47.11379153390988,108.87619481110607,47.11379153390988,0
per_huruf_hybrid_skeleton_forced_loop_no_sig,4,1682,0.6982150269821502,108.8306781975421,47.148839326354114,108.8306781975421,47.148839326354114,0
per_huruf_hybrid_skeleton_forced_loop_no_sig,4,1683,0.6986301369863014,108.79062357760581,47.17660446062813,108.79062357760581,47.17660446062813,0
per_huruf_hybrid_skeleton_forced_loop_no_sig,4,1684,0.6990452469904525,108.75193445607648,47.20254893035958,108.75193445607648,47.20254893035958,0
per_huruf_hybrid_skeleton_forced_loop_no_sig,4,1685,0.6994603569946035,108.71051433773327,47.23213472917615,108.71051433773327,47.23213472917615,0
per_huruf_hybrid_skeleton_forced_loop_no_sig,4,1686,0.6998754669987547,108.66226672735549,47.27082385070551,108.66226672735549,47.27082385070551,0
per_huruf_hybrid_skeleton_forced_loop_no_sig,4,1687,0.7002905770029058,108.60309512972235,47.32407828857533,108.60309512972235,47.32407828857533,0
per_huruf_hybrid_skeleton_forced_loop_no_sig,4,1688,0.7007056870070568,108.5289030496131,47.39736003641329,108.5289030496131,47.39736003641329,0
per_huruf_hybrid_skeleton_forced_loop_no_sig,4,1689,0.701120797011208,108.435593991807,47.49613108784706,108.435593991807,47.49613108784706,0
per_huruf_hybrid_skeleton_forced_loop_no_sig,4,1690,0.7015359070153591,108.3190714610833,47.62585343650433,108.3190714610833,47.62585343650433,0
per_huruf_hybrid_skeleton_forced_loop_no_sig,4,1691,0.7019510170195101,108.1752389622212,47.79198907601274,108.1752389622212,47.79198907601274,0
per_huruf_hybrid_skeleton_forced_loop_no_sig,4,1692,0.7023661270236613,108.0,48.0,108.0,48.0,0
per_huruf_hybrid_skeleton_forced_loop_no_sig,4,1693,0.7027812370278124,107.78243058716433,48.26445152480656,107.78243058716433,48.26445152480656,0
per_huruf_hybrid_skeleton_forced_loop_no_sig,4,1694,0.7031963470319634,107.51979972690033,48.58898497951752,107.51979972690033,48.58898497951752,0
per_huruf_hybrid_skeleton_forced_loop_no_sig,4,1695,0.7036114570361146,107.22030040964951,48.96267637687755,107.22030040964951,48.96267637687755,0
per_huruf_hybrid_skeleton_forced_loop_no_sig,4,1696,0.7040265670402657,106.89212562585344,49.37460172963131,106.89212562585344,49.37460172963131,0
per_huruf_hybrid_skeleton_forced_loop_no_sig,4,1697,0.7044416770444167,106.54346836595357,49.81383705052344,106.54346836595357,49.81383705052344,0
per_huruf_hybrid_skeleton_forced_loop_no_sig,4,1698,0.7048567870485679,106.18252162039144,50.26945835229859,106.18252162039144,50.26945835229859,0
per_huruf_hybrid_skeleton_forced_loop_no_sig,4,1699,0.705271897052719,105.81747837960856,50.730541647701415,105.81747837960856,50.730541647701415,0
per_huruf_hybrid_skeleton_forced_loop_no_sig,4,1700,0.70568700705687,105.45653163404643,51.18616294947657,105.45653163404643,51.18616294947657,0
per_huruf_hybrid_skeleton_forced_loop_no_sig,4,1701,0.7061021170610212,105.10787437414656,51.62539827036868,105.10787437414656,51.62539827036868,0
per_huruf_hybrid_skeleton_forced_loop_no_sig,4,1702,0.7065172270651723,104.77969959035048,52.03732362312243,104.77969959035048,52.03732362312243,0
per_huruf_hybrid_skeleton_forced_loop_no_sig,4,1703,0.7069323370693233,104.48020027309968,52.41101502048248,104.48020027309968,52.41101502048248,0
per_huruf_hybrid_skeleton_forced_loop_no_sig,4,1704,0.7073474470734744,104.21756941283567,52.73554847519344,104.21756941283567,52.73554847519344,0
per_huruf_hybrid_skeleton_forced_loop_no_sig,4,1705,0.7077625570776256,104.0,53.0,104.0,53.0,0
per_huruf_hybrid_skeleton_forced_loop_no_sig,4,1706,0.7081776670817767,103.82203004096496,53.20801092398725,103.82203004096496,53.20801092398725,0
per_huruf_hybrid_skeleton_forced_loop_no_sig,4,1707,0.7085927770859277,103.67091488393265,53.37414656349568,103.67091488393265,53.37414656349568,0
per_huruf_hybrid_skeleton_forced_loop_no_sig,4,1708,0.7090078870900789,103.54392353208918,53.50386891215293,103.54392353208918,53.50386891215293,0
per_huruf_hybrid_skeleton_forced_loop_no_sig,4,1709,0.70942299709423,103.43832498862083,53.602639963586704,103.43832498862083,53.602639963586704,0
per_huruf_hybrid_skeleton_forced_loop_no_sig,4,1710,0.709838107098381,103.35138825671372,53.67592171142468,103.35138825671372,53.67592171142468,0
per_huruf_hybrid_skeleton_forced_loop_no_sig,4,1711,0.7102532171025322,103.28038233955394,53.729176149294496,103.28038233955394,53.729176149294496,0
per_huruf_hybrid_skeleton_forced_loop_no_sig,4,1712,0.7106683271066833,103.22257624032773,53.767865270823854,103.22257624032773,53.767865270823854,0
per_huruf_hybrid_skeleton_forced_loop_no_sig,4,1713,0.7110834371108343,103.17523896222121,53.79745106964042,103.17523896222121,53.79745106964042,0
per_huruf_hybrid_skeleton_forced_loop_no_sig,4,1714,0.7114985471149855,103.13563950842057,53.823395539371866,103.13563950842057,53.823395539371866,0
per_huruf_hybrid_skeleton_forced_loop_no_sig,4,1715,0.7119136571191366,103.10104688211197,53.85116067364588,103.10104688211197,53.85116067364588,0
per_huruf_hybrid_skeleton_forced_loop_no_sig,4,1716,0.7123287671232876,103.06873008648158,53.886208466090125,103.06873008648158,53.886208466090125,0
per_huruf_hybrid_skeleton_forced_loop_no_sig,4,1717,0.7127438771274388,103.03595812471552,53.934000910332266,103.03595812471552,53.934000910332266,0
per_huruf_hybrid_skeleton_forced_loop_no_sig,4,1718,0.7131589871315899,103.0,54.0,103.0,54.0,0
per_huruf_hybrid_skeleton_forced_loop_no_sig,4,1719,0.7135740971357409,102.96995903504781,54.07692307692309,102.96995903504781,54.07692307692309,0
per_huruf_hybrid_skeleton_forced_loop_no_sig,4,1720,0.7139892071398921,102.9549385525717,54.15384615384616,102.9549385525717,54.15384615384616,0
per_huruf_hybrid_skeleton_forced_loop_no_sig,4,1721,0.7144043171440432,102.95220755575782,54.230769230769226,102.95220755575782,54.230769230769226,0
per_huruf_hybrid_skeleton_forced_loop_no_sig,4,1722,0.7148194271481942,102.95903504779243,54.30769230769231,102.95903504779243,54.30769230769231,0
per_huruf_hybrid_skeleton_forced_loop_no_sig,4,1723,0.7152345371523454,102.97269003186163,54.384615384615394,102.97269003186163,54.384615384615394,0
per_huruf_hybrid_skeleton_forced_loop_no_sig,4,1724,0.7156496471564965,102.99044151115157,54.46153846153847,102.99044151115157,54.46153846153847,0
per_huruf_hybrid_skeleton_forced_loop_no_sig,4,1725,0.7160647571606475,103.00955848884843,54.53846153846154,103.00955848884843,54.53846153846154,0
per_huruf_hybrid_skeleton_forced_loop_no_sig,4,1726,0.7164798671647986,103.02730996813838,54.61538461538461,103.02730996813838,54.61538461538461,0
per_huruf_hybrid_skeleton_forced_loop_no_sig,4,1727,0.7168949771689498,103.04096495220756,54.692307692307686,103.04096495220756,54.692307692307686,0
per_huruf_hybrid_skeleton_forced_loop_no_sig,4,1728,0.7173100871731009,103.04779244424215,54.76923076923077,103.04779244424215,54.76923076923077,0
per_huruf_hybrid_skeleton_forced_loop_no_sig,4,1729,0.7177251971772519,103.04506144742832,54.846153846153854,103.04506144742832,54.846153846153854,0
per_huruf_hybrid_skeleton_forced_loop_no_sig,4,1730,0.7181403071814031,103.0300409649522,54.92307692307692,103.0300409649522,54.92307692307692,0
per_huruf_hybrid_skeleton_forced_loop_no_sig,4,1731,0.7185554171855542,103.0,55.0,103.0,55.0,0
per_huruf_hybrid_skeleton_forced_loop_no_sig,4,1732,0.7189705271897052,102.955848884843,55.07692307692308,102.955848884843,55.07692307692308,0
per_huruf_hybrid_skeleton_forced_loop_no_sig,4,1733,0.7193856371938564,102.90122894856623,55.15384615384616,102.90122894856623,55.15384615384616,0
per_huruf_hybrid_skeleton_forced_loop_no_sig,4,1734,0.7198007471980075,102.83750568957667,55.23076923076922,102.83750568957667,55.23076923076922,0
per_huruf_hybrid_skeleton_forced_loop_no_sig,4,1735,0.7202158572021585,102.76604460628127,55.3076923076923,102.76604460628127,55.3076923076923,0
per_huruf_hybrid_skeleton_forced_loop_no_sig,4,1736,0.7206309672063097,102.68821119708693,55.384615384615394,102.68821119708693,55.384615384615394,0
per_huruf_hybrid_skeleton_forced_loop_no_sig,4,1737,0.7210460772104608,102.60537096040053,55.46153846153846,102.60537096040053,55.46153846153846,0
per_huruf_hybrid_skeleton_forced_loop_no_sig,4,1738,0.7214611872146118,102.51888939462903,55.53846153846153,102.51888939462903,55.53846153846153,0
per_huruf_hybrid_skeleton_forced_loop_no_sig,4,1739,0.721876297218763,102.43013199817933,55.61538461538461,102.43013199817933,55.61538461538461,0
per_huruf_hybrid_skeleton_forced_loop_no_sig,4,1740,0.7222914072229141,102.34046426945835,55.69230769230769,102.34046426945835,55.69230769230769,0
per_huruf_hybrid_skeleton_forced_loop_no_sig,4,1741,0.7227065172270651,102.251251706873,55.76923076923076,102.251251706873,55.76923076923076,0
per_huruf_hybrid_skeleton_forced_loop_no_sig,4,1742,0.7231216272312163,102.16385980883022,55.84615384615384,102.16385980883022,55.84615384615384,0
per_huruf_hybrid_skeleton_forced_loop_no_sig,4,1743,0.7235367372353674,102.0796540737369,55.92307692307692,102.0796540737369,55.92307692307692,0
per_huruf_hybrid_skeleton_forced_loop_no_sig,4,1744,0.7239518472395184,102.0,56.0,102.0,56.0,0
per_huruf_hybrid_skeleton_forced_loop_no_sig,4,1745,0.7243669572436696,101.93673190714611,56.06053709604006,101.93673190714611,56.06053709604006,0
per_huruf_hybrid_skeleton_forced_loop_no_sig,4,1746,0.7247820672478207,101.89622212107419,56.09376422394175,101.89622212107419,56.09376422394175,0
per_huruf_hybrid_skeleton_forced_loop_no_sig,4,1747,0.7251971772519717,101.87164314974964,56.107874374146554,101.87164314974964,56.107874374146554,0
per_huruf_hybrid_skeleton_forced_loop_no_sig,4,1748,0.7256122872561228,101.85616750113792,56.111060537096044,101.85616750113792,56.111060537096044,0
per_huruf_hybrid_skeleton_forced_loop_no_sig,4,1749,0.726027397260274,101.84296768320439,56.11151570323168,101.84296768320439,56.11151570323168,0
per_huruf_hybrid_skeleton_forced_loop_no_sig,4,1750,0.726442507264425,101.82521620391445,56.117432862994995,101.82521620391445,56.117432862994995,0
per_huruf_hybrid_skeleton_forced_loop_no_sig,4,1751,0.7268576172685761,101.7960855712335,56.13700500682749,101.7960855712335,56.13700500682749,0
per_huruf_hybrid_skeleton_forced_loop_no_sig,4,1752,0.7272727272727273,101.748748293127,56.17842512517069,101.748748293127,56.17842512517069,0
per_huruf_hybrid_skeleton_forced_loop_no_sig,4,1753,0.7276878372768784,101.67637687756032,56.24988620846609,101.67637687756032,56.24988620846609,0
per_huruf_hybrid_skeleton_forced_loop_no_sig,4,1754,0.7281029472810294,101.57214383249885,56.359581247155205,101.57214383249885,56.359581247155205,0
per_huruf_hybrid_skeleton_forced_loop_no_sig,4,1755,0.7285180572851806,101.42922166590806,56.51570323167956,101.42922166590806,56.51570323167956,0
per_huruf_hybrid_skeleton_forced_loop_no_sig,4,1756,0.7289331672893317,101.2407828857533,56.72644515248065,101.2407828857533,56.72644515248065,0
per_huruf_hybrid_skeleton_forced_loop_no_sig,4,1757,0.7293482772934827,101.0,57.0,101.0,57.0,0
per_huruf_hybrid_skeleton_forced_loop_no_sig,4,1758,0.7297633872976339,100.6886663632226,57.35821574874831,100.6886663632226,57.35821574874831,0
per_huruf_hybrid_skeleton_forced_loop_no_sig,4,1759,0.730178497301785,100.30223031406464,57.80655439235321,100.30223031406464,57.80655439235321,0
per_huruf_hybrid_skeleton_forced_loop_no_sig,4,1760,0.730593607305936,99.85434683659534,58.32862994993172,99.85434683659534,58.32862994993172,0
per_huruf_hybrid_skeleton_forced_loop_no_sig,4,1761,0.7310087173100872,99.35867091488393,58.90805644060082,99.35867091488393,58.90805644060082,0
per_huruf_hybrid_skeleton_forced_loop_no_sig,4,1762,0.7314238273142383,98.82885753299956,59.528447883477476,98.82885753299956,59.528447883477476,0
per_huruf_hybrid_skeleton_forced_loop_no_sig,4,1763,0.7318389373183893,98.27856167501139,60.17341829767865,98.27856167501139,60.17341829767865,0
per_huruf_hybrid_skeleton_forced_loop_no_sig,4,1764,0.7322540473225405,97.72143832498861,60.82658170232134,97.72143832498861,60.82658170232134,0
per_huruf_hybrid_skeleton_forced_loop_no_sig,4,1765,0.7326691573266916,97.17114246700046,61.47155211652253,97.17114246700046,61.47155211652253,0
per_huruf_hybrid_skeleton_forced_loop_no_sig,4,1766,0.7330842673308426,96.64132908511607,62.091943559399176,96.64132908511607,62.091943559399176,0
per_huruf_hybrid_skeleton_forced_loop_no_sig,4,1767,0.7334993773349938,96.14565316340463,62.67137005006827,96.14565316340463,62.67137005006827,0
per_huruf_hybrid_skeleton_forced_loop_no_sig,4,1768,0.7339144873391449,95.69776968593537,63.193445607646794,95.69776968593537,63.193445607646794,0
per_huruf_hybrid_skeleton_forced_loop_no_sig,4,1769,0.734329597343296,95.31133363677742,63.64178425125171,95.31133363677742,63.64178425125171,0
per_huruf_hybrid_skeleton_forced_loop_no_sig,4,1770,0.734744707347447,95.0,64.0,95.0,64.0,0
per_huruf_hybrid_skeleton_forced_loop_no_sig,4,1771,0.7351598173515982,94.77014110150205,64.26809285389167,94.77014110150205,64.26809285389167,0
per_huruf_hybrid_skeleton_forced_loop_no_sig,4,1772,0.7355749273557493,94.61083295402823,64.46426945835229,94.61083295402823,64.46426945835229,0
per_huruf_hybrid_skeleton_forced_loop_no_sig,4,1773,0.7359900373599003,94.50978607191624,64.59945380063722,94.50978607191624,64.59945380063722,0
per_huruf_hybrid_skeleton_forced_loop_no_sig,4,1774,0.7364051473640515,94.45471096950385,64.68456986800182,94.45471096950385,64.68456986800182,0
per_huruf_hybrid_skeleton_forced_loop_no_sig,4,1775,0.7368202573682026,94.43331816112882,64.73054164770141,94.43331816112882,64.73054164770141,0
per_huruf_hybrid_skeleton_forced_loop_no_sig,4,1776,0.7372353673723536,94.43331816112882,64.74829312699136,94.43331816112882,64.74829312699136,0
per_huruf_hybrid_skeleton_forced_loop_no_sig,4,1777,0.7376504773765048,94.44242148384161,64.748748293127,94.44242148384161,64.748748293127,0
per_huruf_hybrid_skeleton_forced_loop_no_sig,4,1778,0.7380655873806559,94.44833864360491,64.74283113336368,94.44833864360491,64.74283113336368,0
per_huruf_hybrid_skeleton_forced_loop_no_sig,4,1779,0.7384806973848069,94.43878015475649,64.74146563495675,94.43878015475649,64.74146563495675,0
per_huruf_hybrid_skeleton_forced_loop_no_sig,4,1780,0.7388958073889581,94.40145653163404,64.75557578516157,94.40145653163404,64.75557578516157,0
per_huruf_hybrid_skeleton_forced_loop_no_sig,4,1781,0.7393109173931092,94.32407828857532,64.7960855712335,94.32407828857532,64.7960855712335,0
per_huruf_hybrid_skeleton_forced_loop_no_sig,4,1782,0.7397260273972602,94.19435593991807,64.87391898042785,94.19435593991807,64.87391898042785,0
per_huruf_hybrid_skeleton_forced_loop_no_sig,4,1783,0.7401411374014114,94.0,65.0,94.0,65.0,0
per_huruf_hybrid_skeleton_forced_loop_no_sig,4,1784,0.7405562474055625,93.73554847519345,65.17068730086483,93.73554847519345,65.17068730086483,0
per_huruf_hybrid_skeleton_forced_loop_no_sig,4,1785,0.7409713574097135,93.41101502048248,65.37141556668185,93.41101502048248,65.37141556668185,0
per_huruf_hybrid_skeleton_forced_loop_no_sig,4,1786,0.7413864674138647,93.03732362312242,65.59672280382338,93.03732362312242,65.59672280382338,0
per_huruf_hybrid_skeleton_forced_loop_no_sig,4,1787,0.7418015774180158,92.62539827036868,65.84114701866181,92.62539827036868,65.84114701866181,0
per_huruf_hybrid_skeleton_forced_loop_no_sig,4,1788,0.7422166874221668,92.18616294947655,66.09922621756942,92.18616294947655,66.09922621756942,0
per_huruf_hybrid_skeleton_forced_loop_no_sig,4,1789,0.742631797426318,91.73054164770141,66.36549840691853,91.73054164770141,66.36549840691853,0
per_huruf_hybrid_skeleton_forced_loop_no_sig,4,1790,0.7430469074304691,91.26945835229859,66.63450159308148,91.26945835229859,66.63450159308148,0
per_huruf_hybrid_skeleton_forced_loop_no_sig,4,1791,0.7434620174346201,90.81383705052343,66.90077378243059,90.81383705052343,66.90077378243059,0
per_huruf_hybrid_skeleton_forced_loop_no_sig,4,1792,0.7438771274387712,90.37460172963131,67.15885298133819,90.37460172963131,67.15885298133819,0
per_huruf_hybrid_skeleton_forced_loop_no_sig,4,1793,0.7442922374429224,89.96267637687755,67.40327719617659,89.96267637687755,67.40327719617659,0
per_huruf_hybrid_skeleton_forced_loop_no_sig,4,1794,0.7447073474470735,89.58898497951752,67.62858443331817,89.58898497951752,67.62858443331817,0
per_huruf_hybrid_skeleton_forced_loop_no_sig,4,1795,0.7451224574512245,89.26445152480656,67.82931269913519,89.26445152480656,67.82931269913519,0
per_huruf_hybrid_skeleton_forced_loop_no_sig,4,1796,0.7455375674553757,89.0,68.0,89.0,68.0,0
per_huruf_hybrid_skeleton_forced_loop_no_sig,4,1797,0.7459526774595268,88.79198907601275,68.14246700045518,88.79198907601275,68.14246700045518,0
per_huruf_hybrid_skeleton_forced_loop_no_sig,4,1798,0.7463677874636778,88.62585343650433,68.26399635867092,88.62585343650433,68.26399635867092,0
per_huruf_hybrid_skeleton_forced_loop_no_sig,4,1799,0.746782897467829,88.49613108784705,68.36731907146107,88.49613108784705,68.36731907146107,0
per_huruf_hybrid_skeleton_forced_loop_no_sig,4,1800,0.7471980074719801,88.39736003641327,68.4551661356395,88.39736003641327,68.4551661356395,0
per_huruf_hybrid_skeleton_forced_loop_no_sig,4,1801,0.7476131174761311,88.32407828857534,68.53026854802003,88.32407828857534,68.53026854802003,0
per_huruf_hybrid_skeleton_forced_loop_no_sig,4,1802,0.7480282274802823,88.27082385070551,68.59535730541648,88.27082385070551,68.59535730541648,0
per_huruf_hybrid_skeleton_forced_loop_no_sig,4,1803,0.7484433374844334,88.23213472917614,68.6531634046427,88.23213472917614,68.6531634046427,0
per_huruf_hybrid_skeleton_forced_loop_no_sig,4,1804,0.7488584474885844,88.20254893035958,68.70641784251252,88.20254893035958,68.70641784251252,0
per_huruf_hybrid_skeleton_forced_loop_no_sig,4,1805,0.7492735574927356,88.17660446062813,68.75785161583978,88.17660446062813,68.75785161583978,0
per_huruf_hybrid_skeleton_forced_loop_no_sig,4,1806,0.7496886674968867,88.1488393263541,68.81019572143832,88.1488393263541,68.81019572143832,0
per_huruf_hybrid_skeleton_forced_loop_no_sig,4,1807,0.7501037775010377,88.11379153390988,68.866181156122,88.11379153390988,68.866181156122,0
per_huruf_hybrid_skeleton_forced_loop_no_sig,4,1808,0.7505188875051889,88.06599908966771,68.9285389167046,88.06599908966771,68.9285389167046,0
per_huruf_hybrid_skeleton_forced_loop_no_sig,4,1809,0.75093399750934,88.0,69.0,88.0,69.0,0
per_huruf_hybrid_skeleton_forced_loop_no_sig,4,1810,0.751349107513491,87.92034592626308,69.07965407373692,87.92034592626308,69.07965407373692,0
per_huruf_hybrid_skeleton_forced_loop_no_sig,4,1811,0.7517642175176422,87.83614019116979,69.16385980883022,87.83614019116979,69.16385980883022,0
per_huruf_hybrid_skeleton_forced_loop_no_sig,4,1812,0.7521793275217933,87.74874829312698,69.25125170687299,87.74874829312698,69.25125170687299,0
per_huruf_hybrid_skeleton_forced_loop_no_sig,4,1813,0.7525944375259443,87.65953573054165,69.34046426945834,87.65953573054165,69.34046426945834,0
per_huruf_hybrid_skeleton_forced_loop_no_sig,4,1814,0.7530095475300955,87.56986800182067,69.43013199817933,87.56986800182067,69.43013199817933,0
per_huruf_hybrid_skeleton_forced_loop_no_sig,4,1815,0.7534246575342466,87.48111060537099,69.51888939462904,87.48111060537099,69.51888939462904,0
per_huruf_hybrid_skeleton_forced_loop_no_sig,4,1816,0.7538397675383977,87.39462903959947,69.60537096040053,87.39462903959947,69.60537096040053,0
per_huruf_hybrid_skeleton_forced_loop_no_sig,4,1817,0.7542548775425487,87.31178880291307,69.68821119708693,87.31178880291307,69.68821119708693,0
per_huruf_hybrid_skeleton_forced_loop_no_sig,4,1818,0.7546699875466999,87.2339553937187,69.7660446062813,87.2339553937187,69.7660446062813,0
per_huruf_hybrid_skeleton_forced_loop_no_sig,4,1819,0.755085097550851,87.16249431042328,69.83750568957669,87.16249431042328,69.83750568957669,0
per_huruf_hybrid_skeleton_forced_loop_no_sig,4,1820,0.755500207555002,87.09877105143377,69.90122894856623,87.09877105143377,69.90122894856623,0
per_huruf_hybrid_skeleton_forced_loop_no_sig,4,1821,0.7559153175591532,87.04415111515704,69.95584888484296,87.04415111515704,69.95584888484296,0
per_huruf_hybrid_skeleton_forced_loop_no_sig,4,1822,0.7563304275633043,87.0,70.0,87.0,70.0,0
per_huruf_hybrid_skeleton_forced_loop_no_sig,4,1823,0.7567455375674553,67.0,69.0,67.0,69.0,0
per_huruf_hybrid_skeleton_forced_loop_no_sig,4,1824,0.7571606475716065,67.04415111515704,68.95584888484296,67.04415111515704,68.95584888484296,0
per_huruf_hybrid_skeleton_forced_loop_no_sig,4,1825,0.7575757575757576,67.09877105143379,68.90122894856623,67.09877105143379,68.90122894856623,0
per_huruf_hybrid_skeleton_forced_loop_no_sig,4,1826,0.7579908675799086,67.1624943104233,68.83750568957669,67.1624943104233,68.83750568957669,0
per_huruf_hybrid_skeleton_forced_loop_no_sig,4,1827,0.7584059775840598,67.2339553937187,68.76604460628128,67.2339553937187,68.76604460628128,0
per_huruf_hybrid_skeleton_forced_loop_no_sig,4,1828,0.7588210875882109,67.31178880291307,68.68821119708694,67.31178880291307,68.68821119708694,0
per_huruf_hybrid_skeleton_forced_loop_no_sig,4,1829,0.7592361975923619,67.39462903959947,68.60537096040055,67.39462903959947,68.60537096040055,0
per_huruf_hybrid_skeleton_forced_loop_no_sig,4,1830,0.7596513075965131,67.48111060537097,68.51888939462904,67.48111060537097,68.51888939462904,0
per_huruf_hybrid_skeleton_forced_loop_no_sig,4,1831,0.7600664176006642,67.56986800182067,68.43013199817933,67.56986800182067,68.43013199817933,0
per_huruf_hybrid_skeleton_forced_loop_no_sig,4,1832,0.7604815276048152,67.65953573054165,68.34046426945835,67.65953573054165,68.34046426945835,0
per_huruf_hybrid_skeleton_forced_loop_no_sig,4,1833,0.7608966376089664,67.748748293127,68.251251706873,67.748748293127,68.251251706873,0
per_huruf_hybrid_skeleton_forced_loop_no_sig,4,1834,0.7613117476131175,67.83614019116979,68.16385980883022,67.83614019116979,68.16385980883022,0
per_huruf_hybrid_skeleton_forced_loop_no_sig,4,1835,0.7617268576172685,67.92034592626308,68.07965407373692,67.92034592626308,68.07965407373692,0
per_huruf_hybrid_skeleton_forced_loop_no_sig,4,1836,0.7621419676214197,68.0,68.0,68.0,68.0,0
per_huruf_hybrid_skeleton_forced_loop_no_sig,4,1837,0.7625570776255708,68.07965407373693,67.9203459262631,68.07965407373693,67.9203459262631,0
per_huruf_hybrid_skeleton_forced_loop_no_sig,4,1838,0.7629721876297219,68.16385980883022,67.83614019116979,68.16385980883022,67.83614019116979,0
per_huruf_hybrid_skeleton_forced_loop_no_sig,4,1839,0.7633872976338729,68.25125170687299,67.74874829312698,68.25125170687299,67.74874829312698,0
per_huruf_hybrid_skeleton_forced_loop_no_sig,4,1840,0.7638024076380241,68.34046426945834,67.65953573054163,68.34046426945834,67.65953573054163,0
per_huruf_hybrid_skeleton_forced_loop_no_sig,4,1841,0.7642175176421752,68.43013199817933,67.56986800182068,68.43013199817933,67.56986800182068,0
per_huruf_hybrid_skeleton_forced_loop_no_sig,4,1842,0.7646326276463262,68.51888939462904,67.48111060537097,68.51888939462904,67.48111060537097,0
per_huruf_hybrid_skeleton_forced_loop_no_sig,4,1843,0.7650477376504774,68.60537096040055,67.39462903959947,68.60537096040055,67.39462903959947,0
per_huruf_hybrid_skeleton_forced_loop_no_sig,4,1844,0.7654628476546285,68.68821119708693,67.31178880291307,68.68821119708693,67.31178880291307,0
per_huruf_hybrid_skeleton_forced_loop_no_sig,4,1845,0.7658779576587795,68.76604460628128,67.2339553937187,68.76604460628128,67.2339553937187,0
per_huruf_hybrid_skeleton_forced_loop_no_sig,4,1846,0.7662930676629307,68.83750568957669,67.16249431042331,68.83750568957669,67.16249431042331,0
per_huruf_hybrid_skeleton_forced_loop_no_sig,4,1847,0.7667081776670818,68.90122894856623,67.09877105143377,68.90122894856623,67.09877105143377,0
per_huruf_hybrid_skeleton_forced_loop_no_sig,4,1848,0.7671232876712328,68.95584888484296,67.04415111515704,68.95584888484296,67.04415111515704,0
per_huruf_hybrid_skeleton_forced_loop_no_sig,4,1849,0.767538397675384,69.0,67.0,69.0,67.0,0
per_huruf_hybrid_skeleton_forced_loop_no_sig,4,1850,0.7679535076795351,44.0,95.0,44.0,95.0,0
per_huruf_hybrid_skeleton_forced_loop_no_sig,4,1851,0.7683686176836861,44.044151115157035,95.00000000000001,44.044151115157035,95.00000000000001,0
per_huruf_hybrid_skeleton_forced_loop_no_sig,4,1852,0.7687837276878373,44.09877105143378,95.0,44.09877105143378,95.0,0
per_huruf_hybrid_skeleton_forced_loop_no_sig,4,1853,0.7691988376919884,44.162494310423305,94.99999999999999,44.162494310423305,94.99999999999999,0
per_huruf_hybrid_skeleton_forced_loop_no_sig,4,1854,0.7696139476961394,44.2339553937187,94.99999999999999,44.2339553937187,94.99999999999999,0
per_huruf_hybrid_skeleton_forced_loop_no_sig,4,1855,0.7700290577002906,44.311788802913064,95.00000000000001,44.311788802913064,95.00000000000001,0
per_huruf_hybrid_skeleton_forced_loop_no_sig,4,1856,0.7704441677044417,44.39462903959945,95.00000000000001,44.39462903959945,95.00000000000001,0
per_huruf_hybrid_skeleton_forced_loop_no_sig,4,1857,0.7708592777085927,44.48111060537096,95.0,44.48111060537096,95.0,0
per_huruf_hybrid_skeleton_forced_loop_no_sig,4,1858,0.7712743877127439,44.569868001820666,95.00000000000001,44.569868001820666,95.00000000000001,0
per_huruf_hybrid_skeleton_forced_loop_no_sig,4,1859,0.771689497716895,44.65953573054164,95.0,44.65953573054164,95.0,0
per_huruf_hybrid_skeleton_forced_loop_no_sig,4,1860,0.772104607721046,44.74874829312699,94.99999999999999,44.74874829312699,94.99999999999999,0
per_huruf_hybrid_skeleton_forced_loop_no_sig,4,1861,0.7725197177251971,44.836140191169775,95.0,44.836140191169775,95.0,0
per_huruf_hybrid_skeleton_forced_loop_no_sig,4,1862,0.7729348277293483,44.92034592626308,95.0,44.92034592626308,95.0,0
per_huruf_hybrid_skeleton_forced_loop_no_sig,4,1863,0.7733499377334994,45.0,95.0,45.0,95.0,0
per_huruf_hybrid_skeleton_forced_loop_no_sig,4,1864,0.7737650477376504,45.07692307692308,95.00000000000001,45.07692307692308,95.00000000000001,0
per_huruf_hybrid_skeleton_forced_loop_no_sig,4,1865,0.7741801577418016,45.15384615384615,95.0,45.15384615384615,95.0,0
per_huruf_hybrid_skeleton_forced_loop_no_sig,4,1866,0.7745952677459527,45.230769230769226,94.99999999999999,45.230769230769226,94.99999999999999,0
per_huruf_hybrid_skeleton_forced_loop_no_sig,4,1867,0.7750103777501037,45.30769230769231,94.99999999999999,45.30769230769231,94.99999999999999,0
per_huruf_hybrid_skeleton_forced_loop_no_sig,4,1868,0.7754254877542549,45.384615384615394,95.00000000000001,45.384615384615394,95.00000000000001,0
per_huruf_hybrid_skeleton_forced_loop_no_sig,4,1869,0.775840597758406,45.46153846153847,95.00000000000001,45.46153846153847,95.00000000000001,0
per_huruf_hybrid_skeleton_forced_loop_no_sig,4,1870,0.776255707762557,45.53846153846153,95.0,45.53846153846153,95.0,0
per_huruf_hybrid_skeleton_forced_loop_no_sig,4,1871,0.7766708177667082,45.61538461538462,95.00000000000001,45.61538461538462,95.00000000000001,0
per_huruf_hybrid_skeleton_forced_loop_no_sig,4,1872,0.7770859277708593,45.69230769230769,95.0,45.69230769230769,95.0,0
per_huruf_hybrid_skeleton_forced_loop_no_sig,4,1873,0.7775010377750103,45.76923076923076,94.99999999999999,45.76923076923076,94.99999999999999,0
per_huruf_hybrid_skeleton_forced_loop_no_sig,4,1874,0.7779161477791615,45.84615384615385,95.0,45.84615384615385,95.0,0
per_huruf_hybrid_skeleton_forced_loop_no_sig,4,1875,0.7783312577833126,45.92307692307692,95.0,45.92307692307692,95.0,0
per_huruf_hybrid_skeleton_forced_loop_no_sig,4,1876,0.7787463677874636,46.0,95.0,46.0,95.0,0
per_huruf_hybrid_skeleton_forced_loop_no_sig,4,1877,0.7791614777916148,46.07692307692308,94.99726900318618,46.07692307692308,94.99726900318618,0
per_huruf_hybrid_skeleton_forced_loop_no_sig,4,1878,0.7795765877957659,46.15384615384616,94.98998634501594,46.15384615384616,94.98998634501594,0
per_huruf_hybrid_skeleton_forced_loop_no_sig,4,1879,0.779991697799917,46.23076923076922,94.9795175238962,46.23076923076922,94.9795175238962,0
per_huruf_hybrid_skeleton_forced_loop_no_sig,4,1880,0.7804068078040681,46.3076923076923,94.96722803823394,46.3076923076923,94.96722803823394,0
per_huruf_hybrid_skeleton_forced_loop_no_sig,4,1881,0.7808219178082192,46.384615384615394,94.95448338643607,46.384615384615394,94.95448338643607,0
per_huruf_hybrid_skeleton_forced_loop_no_sig,4,1882,0.7812370278123703,46.46153846153847,94.94264906690942,46.46153846153847,94.94264906690942,0
per_huruf_hybrid_skeleton_forced_loop_no_sig,4,1883,0.7816521378165213,46.53846153846154,94.93309057806098,46.53846153846154,94.93309057806098,0
per_huruf_hybrid_skeleton_forced_loop_no_sig,4,1884,0.7820672478206725,46.61538461538462,94.92717341829768,46.61538461538462,94.92717341829768,0
per_huruf_hybrid_skeleton_forced_loop_no_sig,4,1885,0.7824823578248236,46.69230769230769,94.9262630860264,46.69230769230769,94.9262630860264,0
per_huruf_hybrid_skeleton_forced_loop_no_sig,4,1886,0.7828974678289746,46.76923076923076,94.93172507965406,46.76923076923076,94.93172507965406,0
per_huruf_hybrid_skeleton_forced_loop_no_sig,4,1887,0.7833125778331258,46.84615384615385,94.94492489758761,46.84615384615385,94.94492489758761,0
per_huruf_hybrid_skeleton_forced_loop_no_sig,4,1888,0.7837276878372769,46.92307692307692,94.96722803823396,46.92307692307692,94.96722803823396,0
per_huruf_hybrid_skeleton_forced_loop_no_sig,4,1889,0.7841427978414279,47.0,95.0,47.0,95.0,0
per_huruf_hybrid_skeleton_forced_loop_no_sig,4,1890,0.7845579078455791,47.07692307692308,95.04688211197089,47.07692307692308,95.04688211197089,0
per_huruf_hybrid_skeleton_forced_loop_no_sig,4,1891,0.7849730178497302,47.15384615384616,95.10878470641785,47.15384615384616,95.10878470641785,0
per_huruf_hybrid_skeleton_forced_loop_no_sig,4,1892,0.7853881278538812,47.230769230769226,95.18297678652706,47.230769230769226,95.18297678652706,0
per_huruf_hybrid_skeleton_forced_loop_no_sig,4,1893,0.7858032378580324,47.30769230769231,95.26672735548475,47.30769230769231,95.26672735548475,0
per_huruf_hybrid_skeleton_forced_loop_no_sig,4,1894,0.7862183478621835,47.38461538461539,95.35730541647703,47.38461538461539,95.35730541647703,0
per_huruf_hybrid_skeleton_forced_loop_no_sig,4,1895,0.7866334578663345,47.46153846153847,95.45197997269004,47.46153846153847,95.45197997269004,0
per_huruf_hybrid_skeleton_forced_loop_no_sig,4,1896,0.7870485678704857,47.53846153846155,95.54802002730997,47.53846153846155,95.54802002730997,0
per_huruf_hybrid_skeleton_forced_loop_no_sig,4,1897,0.7874636778746368,47.61538461538462,95.64269458352298,47.61538461538462,95.64269458352298,0
per_huruf_hybrid_skeleton_forced_loop_no_sig,4,1898,0.7878787878787878,47.69230769230769,95.73327264451524,47.69230769230769,95.73327264451524,0
per_huruf_hybrid_skeleton_forced_loop_no_sig,4,1899,0.788293897882939,47.76923076923076,95.81702321347291,47.76923076923076,95.81702321347291,0
per_huruf_hybrid_skeleton_forced_loop_no_sig,4,1900,0.7887090078870901,47.84615384615385,95.89121529358215,47.84615384615385,95.89121529358215,0
per_huruf_hybrid_skeleton_forced_loop_no_sig,4,1901,0.7891241178912412,47.92307692307692,95.95311788802913,47.92307692307692,95.95311788802913,0
per_huruf_hybrid_skeleton_forced_loop_no_sig,4,1902,0.7895392278953923,48.0,96.0,48.0,96.0,0
per_huruf_hybrid_skeleton_forced_loop_no_sig,4,1903,0.7899543378995434,48.07692307692308,96.03277196176606,48.07692307692308,96.03277196176606,0
per_huruf_hybrid_skeleton_forced_loop_no_sig,4,1904,0.7903694479036945,48.15384615384616,96.05507510241237,48.15384615384616,96.05507510241237,0
per_huruf_hybrid_skeleton_forced_loop_no_sig,4,1905,0.7907845579078455,48.23076923076922,96.0682749203459,48.23076923076922,96.0682749203459,0
per_huruf_hybrid_skeleton_forced_loop_no_sig,4,1906,0.7911996679119967,48.30769230769231,96.0737369139736,48.30769230769231,96.0737369139736,0
per_huruf_hybrid_skeleton_forced_loop_no_sig,4,1907,0.7916147779161478,48.384615384615394,96.07282658170233,48.384615384615394,96.07282658170233,0
per_huruf_hybrid_skeleton_forced_loop_no_sig,4,1908,0.7920298879202988,48.46153846153847,96.06690942193902,48.46153846153847,96.06690942193902,0
per_huruf_hybrid_skeleton_forced_loop_no_sig,4,1909,0.79244499792445,48.53846153846154,96.05735093309059,48.53846153846154,96.05735093309059,0
per_huruf_hybrid_skeleton_forced_loop_no_sig,4,1910,0.7928601079286011,48.61538461538462,96.04551661356396,48.61538461538462,96.04551661356396,0
per_huruf_hybrid_skeleton_forced_loop_no_sig,4,1911,0.7932752179327521,48.69230769230769,96.03277196176604,48.69230769230769,96.03277196176604,0
per_huruf_hybrid_skeleton_forced_loop_no_sig,4,1912,0.7936903279369033,48.76923076923076,96.02048247610378,48.76923076923076,96.02048247610378,0
per_huruf_hybrid_skeleton_forced_loop_no_sig,4,1913,0.7941054379410544,48.84615384615385,96.01001365498408,48.84615384615385,96.01001365498408,0
per_huruf_hybrid_skeleton_forced_loop_no_sig,4,1914,0.7945205479452054,48.92307692307692,96.00273099681382,48.92307692307692,96.00273099681382,0
per_huruf_hybrid_skeleton_forced_loop_no_sig,4,1915,0.7949356579493566,49.0,96.0,49.0,96.0,0
per_huruf_hybrid_skeleton_forced_loop_no_sig,4,1916,0.7953507679535077,49.07692307692308,96.00000000000001,49.07692307692308,96.00000000000001,0
per_huruf_hybrid_skeleton_forced_loop_no_sig,4,1917,0.7957658779576587,49.15384615384615,96.0,49.15384615384615,96.0,0
per_huruf_hybrid_skeleton_forced_loop_no_sig,4,1918,0.7961809879618099,49.230769230769226,95.99999999999999,49.230769230769226,95.99999999999999,0
per_huruf_hybrid_skeleton_forced_loop_no_sig,4,1919,0.796596097965961,49.3076923076923,95.99999999999999,49.3076923076923,95.99999999999999,0
per_huruf_hybrid_skeleton_forced_loop_no_sig,4,1920,0.797011207970112,49.38461538461539,96.00000000000001,49.38461538461539,96.00000000000001,0
per_huruf_hybrid_skeleton_forced_loop_no_sig,4,1921,0.7974263179742632,49.46153846153847,96.00000000000001,49.46153846153847,96.00000000000001,0
per_huruf_hybrid_skeleton_forced_loop_no_sig,4,1922,0.7978414279784143,49.53846153846154,96.0,49.53846153846154,96.0,0
per_huruf_hybrid_skeleton_forced_loop_no_sig,4,1923,0.7982565379825654,49.61538461538462,96.00000000000001,49.61538461538462,96.00000000000001,0
per_huruf_hybrid_skeleton_forced_loop_no_sig,4,1924,0.7986716479867165,49.69230769230769,95.99999999999999,49.69230769230769,95.99999999999999,0
per_huruf_hybrid_skeleton_forced_loop_no_sig,4,1925,0.7990867579908676,49.76923076923076,96.0,49.76923076923076,96.0,0
per_huruf_hybrid_skeleton_forced_loop_no_sig,4,1926,0.7995018679950187,49.84615384615385,96.0,49.84615384615385,96.0,0
per_huruf_hybrid_skeleton_forced_loop_no_sig,4,1927,0.7999169779991697,49.92307692307692,96.0,49.92307692307692,96.0,0
per_huruf_hybrid_skeleton_forced_loop_no_sig,4,1928,0.8003320880033209,50.0,96.0,50.0,96.0,0
per_huruf_hybrid_skeleton_forced_loop_no_sig,4,1929,0.800747198007472,50.07692307692308,96.00000000000001,50.07692307692308,96.00000000000001,0
per_huruf_hybrid_skeleton_forced_loop_no_sig,4,1930,0.801162308011623,50.15384615384616,96.0,50.15384615384616,96.0,0
per_huruf_hybrid_skeleton_forced_loop_no_sig,4,1931,0.8015774180157742,50.230769230769226,95.99999999999999,50.230769230769226,95.99999999999999,0
per_huruf_hybrid_skeleton_forced_loop_no_sig,4,1932,0.8019925280199253,50.3076923076923,95.99999999999999,50.3076923076923,95.99999999999999,0
per_huruf_hybrid_skeleton_forced_loop_no_sig,4,1933,0.8024076380240763,50.38461538461539,96.00000000000001,50.38461538461539,96.00000000000001,0
per_huruf_hybrid_skeleton_forced_loop_no_sig,4,1934,0.8028227480282275,50.46153846153847,96.00000000000001,50.46153846153847,96.00000000000001,0
per_huruf_hybrid_skeleton_forced_loop_no_sig,4,1935,0.8032378580323786,50.53846153846154,96.0,50.53846153846154,96.0,0
per_huruf_hybrid_skeleton_forced_loop_no_sig,4,1936,0.8036529680365296,50.61538461538462,96.00000000000001,50.61538461538462,96.00000000000001,0
per_huruf_hybrid_skeleton_forced_loop_no_sig,4,1937,0.8040680780406808,50.69230769230769,95.99999999999999,50.69230769230769,95.99999999999999,0
per_huruf_hybrid_skeleton_forced_loop_no_sig,4,1938,0.8044831880448319,50.76923076923076,96.0,50.76923076923076,96.0,0
per_huruf_hybrid_skeleton_forced_loop_no_sig,4,1939,0.8048982980489829,50.84615384615385,96.0,50.84615384615385,96.0,0
per_huruf_hybrid_skeleton_forced_loop_no_sig,4,1940,0.8053134080531341,50.92307692307692,96.0,50.92307692307692,96.0,0
per_huruf_hybrid_skeleton_forced_loop_no_sig,4,1941,0.8057285180572852,51.0,96.0,51.0,96.0,0
per_huruf_hybrid_skeleton_forced_loop_no_sig,4,1942,0.8061436280614362,51.07692307692308,96.00000000000001,51.07692307692308,96.00000000000001,0
per_huruf_hybrid_skeleton_forced_loop_no_sig,4,1943,0.8065587380655874,51.15384615384615,96.0,51.15384615384615,96.0,0
per_huruf_hybrid_skeleton_forced_loop_no_sig,4,1944,0.8069738480697385,51.23076923076922,95.99999999999999,51.23076923076922,95.99999999999999,0
per_huruf_hybrid_skeleton_forced_loop_no_sig,4,1945,0.8073889580738896,51.3076923076923,95.99999999999999,51.3076923076923,95.99999999999999,0
per_huruf_hybrid_skeleton_forced_loop_no_sig,4,1946,0.8078040680780407,51.38461538461539,96.00000000000001,51.38461538461539,96.00000000000001,0
per_huruf_hybrid_skeleton_forced_loop_no_sig,4,1947,0.8082191780821918,51.46153846153846,96.00000000000001,51.46153846153846,96.00000000000001,0
per_huruf_hybrid_skeleton_forced_loop_no_sig,4,1948,0.8086342880863429,51.53846153846154,96.0,51.53846153846154,96.0,0
per_huruf_hybrid_skeleton_forced_loop_no_sig,4,1949,0.8090493980904939,51.61538461538461,96.00000000000001,51.61538461538461,96.00000000000001,0
per_huruf_hybrid_skeleton_forced_loop_no_sig,4,1950,0.8094645080946451,51.692307692307686,95.99999999999999,51.692307692307686,95.99999999999999,0
per_huruf_hybrid_skeleton_forced_loop_no_sig,4,1951,0.8098796180987962,51.76923076923076,96.0,51.76923076923076,96.0,0
per_huruf_hybrid_skeleton_forced_loop_no_sig,4,1952,0.8102947281029472,51.84615384615385,96.0,51.84615384615385,96.0,0
per_huruf_hybrid_skeleton_forced_loop_no_sig,4,1953,0.8107098381070984,51.92307692307692,96.0,51.92307692307692,96.0,0
per_huruf_hybrid_skeleton_forced_loop_no_sig,4,1954,0.8111249481112495,52.0,96.0,52.0,96.0,0
per_huruf_hybrid_skeleton_forced_loop_no_sig,4,1955,0.8115400581154005,52.07692307692308,96.00273099681385,52.07692307692308,96.00273099681385,0
per_huruf_hybrid_skeleton_forced_loop_no_sig,4,1956,0.8119551681195517,52.15384615384615,96.01001365498408,52.15384615384615,96.01001365498408,0
per_huruf_hybrid_skeleton_forced_loop_no_sig,4,1957,0.8123702781237028,52.23076923076921,96.02048247610377,52.23076923076921,96.02048247610377,0
per_huruf_hybrid_skeleton_forced_loop_no_sig,4,1958,0.8127853881278538,52.30769230769229,96.03277196176604,52.30769230769229,96.03277196176604,0
per_huruf_hybrid_skeleton_forced_loop_no_sig,4,1959,0.813200498132005,52.38461538461539,96.04551661356396,52.38461538461539,96.04551661356396,0
per_huruf_hybrid_skeleton_forced_loop_no_sig,4,1960,0.8136156081361561,52.46153846153846,96.05735093309059,52.46153846153846,96.05735093309059,0
per_huruf_hybrid_skeleton_forced_loop_no_sig,4,1961,0.8140307181403071,52.53846153846153,96.06690942193902,52.53846153846153,96.06690942193902,0
per_huruf_hybrid_skeleton_forced_loop_no_sig,4,1962,0.8144458281444583,52.61538461538462,96.07282658170233,52.61538461538462,96.07282658170233,0
per_huruf_hybrid_skeleton_forced_loop_no_sig,4,1963,0.8148609381486094,52.69230769230769,96.0737369139736,52.69230769230769,96.0737369139736,0
per_huruf_hybrid_skeleton_forced_loop_no_sig,4,1964,0.8152760481527604,52.76923076923077,96.06827492034591,52.76923076923077,96.06827492034591,0
per_huruf_hybrid_skeleton_forced_loop_no_sig,4,1965,0.8156911581569116,52.846153846153854,96.05507510241239,52.846153846153854,96.05507510241239,0
per_huruf_hybrid_skeleton_forced_loop_no_sig,4,1966,0.8161062681610627,52.92307692307692,96.03277196176603,52.92307692307692,96.03277196176603,0
per_huruf_hybrid_skeleton_forced_loop_no_sig,4,1967,0.8165213781652138,53.0,96.0,53.0,96.0,0
per_huruf_hybrid_skeleton_forced_loop_no_sig,4,1968,0.8169364881693649,53.07692307692308,95.95311788802913,53.07692307692308,95.95311788802913,0
per_huruf_hybrid_skeleton_forced_loop_no_sig,4,1969,0.817351598173516,53.15384615384616,95.89121529358218,53.15384615384616,95.89121529358218,0
per_huruf_hybrid_skeleton_forced_loop_no_sig,4,1970,0.8177667081776671,53.230769230769226,95.8170232134729,53.230769230769226,95.8170232134729,0
per_huruf_hybrid_skeleton_forced_loop_no_sig,4,1971,0.8181818181818181,53.30769230769231,95.73327264451524,53.30769230769231,95.73327264451524,0
per_huruf_hybrid_skeleton_forced_loop_no_sig,4,1972,0.8185969281859693,53.384615384615394,95.642694583523,53.384615384615394,95.642694583523,0
per_huruf_hybrid_skeleton_forced_loop_no_sig,4,1973,0.8190120381901204,53.46153846153846,95.54802002730997,53.46153846153846,95.54802002730997,0
per_huruf_hybrid_skeleton_forced_loop_no_sig,4,1974,0.8194271481942714,53.53846153846154,95.45197997269003,53.53846153846154,95.45197997269003,0
per_huruf_hybrid_skeleton_forced_loop_no_sig,4,1975,0.8198422581984226,53.61538461538461,95.35730541647702,53.61538461538461,95.35730541647702,0
per_huruf_hybrid_skeleton_forced_loop_no_sig,4,1976,0.8202573682025737,53.69230769230769,95.26672735548475,53.69230769230769,95.26672735548475,0
per_huruf_hybrid_skeleton_forced_loop_no_sig,4,1977,0.8206724782067247,53.76923076923077,95.18297678652708,53.76923076923077,95.18297678652708,0
per_huruf_hybrid_skeleton_forced_loop_no_sig,4,1978,0.8210875882108759,53.846153846153854,95.10878470641785,53.846153846153854,95.10878470641785,0
per_huruf_hybrid_skeleton_forced_loop_no_sig,4,1979,0.821502698215027,53.92307692307692,95.04688211197087,53.92307692307692,95.04688211197087,0
per_huruf_hybrid_skeleton_forced_loop_no_sig,4,1980,0.821917808219178,54.0,95.0,54.0,95.0,0
per_huruf_hybrid_skeleton_forced_loop_no_sig,4,1981,0.8223329182233292,54.07692307692309,94.96722803823396,54.07692307692309,94.96722803823396,0
per_huruf_hybrid_skeleton_forced_loop_no_sig,4,1982,0.8227480282274803,54.15384615384616,94.94492489758763,54.15384615384616,94.94492489758763,0
per_huruf_hybrid_skeleton_forced_loop_no_sig,4,1983,0.8231631382316313,54.230769230769226,94.93172507965406,54.230769230769226,94.93172507965406,0
per_huruf_hybrid_skeleton_forced_loop_no_sig,4,1984,0.8235782482357825,54.30769230769231,94.9262630860264,54.30769230769231,94.9262630860264,0
per_huruf_hybrid_skeleton_forced_loop_no_sig,4,1985,0.8239933582399336,54.384615384615394,94.9271734182977,54.384615384615394,94.9271734182977,0
per_huruf_hybrid_skeleton_forced_loop_no_sig,4,1986,0.8244084682440846,54.46153846153847,94.933090578061,54.46153846153847,94.933090578061,0
per_huruf_hybrid_skeleton_forced_loop_no_sig,4,1987,0.8248235782482358,54.53846153846154,94.94264906690942,54.53846153846154,94.94264906690942,0
per_huruf_hybrid_skeleton_forced_loop_no_sig,4,1988,0.8252386882523869,54.61538461538461,94.95448338643605,54.61538461538461,94.95448338643605,0
per_huruf_hybrid_skeleton_forced_loop_no_sig,4,1989,0.825653798256538,54.692307692307686,94.96722803823396,54.692307692307686,94.96722803823396,0
per_huruf_hybrid_skeleton_forced_loop_no_sig,4,1990,0.8260689082606891,54.76923076923077,94.97951752389622,54.76923076923077,94.97951752389622,0
per_huruf_hybrid_skeleton_forced_loop_no_sig,4,1991,0.8264840182648402,54.846153846153854,94.98998634501594,54.846153846153854,94.98998634501594,0
per_huruf_hybrid_skeleton_forced_loop_no_sig,4,1992,0.8268991282689913,54.92307692307692,94.99726900318616,54.92307692307692,94.99726900318616,0
per_huruf_hybrid_skeleton_forced_loop_no_sig,4,1993,0.8273142382731423,55.0,95.0,55.0,95.0,0
per_huruf_hybrid_skeleton_forced_loop_no_sig,4,1994,0.8277293482772935,55.07692307692308,95.00273099681384,55.07692307692308,95.00273099681384,0
per_huruf_hybrid_skeleton_forced_loop_no_sig,4,1995,0.8281444582814446,55.15384615384616,95.01001365498408,55.15384615384616,95.01001365498408,0
per_huruf_hybrid_skeleton_forced_loop_no_sig,4,1996,0.8285595682855956,55.23076923076922,95.02048247610377,55.23076923076922,95.02048247610377,0
per_huruf_hybrid_skeleton_forced_loop_no_sig,4,1997,0.8289746782897468,55.3076923076923,95.03277196176603,55.3076923076923,95.03277196176603,0
per_huruf_hybrid_skeleton_forced_loop_no_sig,4,1998,0.8293897882938979,55.384615384615394,95.04551661356396,55.384615384615394,95.04551661356396,0
per_huruf_hybrid_skeleton_forced_loop_no_sig,4,1999,0.8298048982980489,55.46153846153846,95.05735093309059,55.46153846153846,95.05735093309059,0
per_huruf_hybrid_skeleton_forced_loop_no_sig,4,2000,0.8302200083022001,55.53846153846153,95.06690942193902,55.53846153846153,95.06690942193902,0
per_huruf_hybrid_skeleton_forced_loop_no_sig,4,2001,0.8306351183063512,55.61538461538461,95.07282658170233,55.61538461538461,95.07282658170233,0
per_huruf_hybrid_skeleton_forced_loop_no_sig,4,2002,0.8310502283105022,55.69230769230769,95.0737369139736,55.69230769230769,95.0737369139736,0
per_huruf_hybrid_skeleton_forced_loop_no_sig,4,2003,0.8314653383146534,55.76923076923076,95.06827492034591,55.76923076923076,95.06827492034591,0
per_huruf_hybrid_skeleton_forced_loop_no_sig,4,2004,0.8318804483188045,55.84615384615384,95.05507510241239,55.84615384615384,95.05507510241239,0
per_huruf_hybrid_skeleton_forced_loop_no_sig,4,2005,0.8322955583229555,55.92307692307692,95.03277196176604,55.92307692307692,95.03277196176604,0
per_huruf_hybrid_skeleton_forced_loop_no_sig,4,2006,0.8327106683271067,56.0,95.0,56.0,95.0,0
per_huruf_hybrid_skeleton_forced_loop_no_sig,4,2007,0.8331257783312578,56.07692307692308,94.95311788802914,56.07692307692308,94.95311788802914,0
per_huruf_hybrid_skeleton_forced_loop_no_sig,4,2008,0.8335408883354088,56.15384615384616,94.89121529358216,56.15384615384616,94.89121529358216,0
per_huruf_hybrid_skeleton_forced_loop_no_sig,4,2009,0.83395599833956,56.23076923076922,94.81702321347291,56.23076923076922,94.81702321347291,0
per_huruf_hybrid_skeleton_forced_loop_no_sig,4,2010,0.8343711083437111,56.30769230769231,94.73327264451524,56.30769230769231,94.73327264451524,0
per_huruf_hybrid_skeleton_forced_loop_no_sig,4,2011,0.8347862183478622,56.38461538461539,94.642694583523,56.38461538461539,94.642694583523,0
per_huruf_hybrid_skeleton_forced_loop_no_sig,4,2012,0.8352013283520133,56.46153846153847,94.54802002730997,56.46153846153847,94.54802002730997,0
per_huruf_hybrid_skeleton_forced_loop_no_sig,4,2013,0.8356164383561644,56.53846153846154,94.45197997269004,56.53846153846154,94.45197997269004,0
per_huruf_hybrid_skeleton_forced_loop_no_sig,4,2014,0.8360315483603155,56.61538461538461,94.35730541647702,56.61538461538461,94.35730541647702,0
per_huruf_hybrid_skeleton_forced_loop_no_sig,4,2015,0.8364466583644665,56.69230769230769,94.26672735548475,56.69230769230769,94.26672735548475,0
per_huruf_hybrid_skeleton_forced_loop_no_sig,4,2016,0.8368617683686177,56.76923076923076,94.18297678652708,56.76923076923076,94.18297678652708,0
per_huruf_hybrid_skeleton_forced_loop_no_sig,4,2017,0.8372768783727688,56.84615384615384,94.10878470641785,56.84615384615384,94.10878470641785,0
per_huruf_hybrid_skeleton_forced_loop_no_sig,4,2018,0.8376919883769198,56.92307692307692,94.04688211197086,56.92307692307692,94.04688211197086,0
per_huruf_hybrid_skeleton_forced_loop_no_sig,4,2019,0.838107098381071,57.0,94.0,57.0,94.0,0
per_huruf_hybrid_skeleton_forced_loop_no_sig,4,2020,0.8385222083852221,57.07692307692309,93.96722803823396,57.07692307692309,93.96722803823396,0
per_huruf_hybrid_skeleton_forced_loop_no_sig,4,2021,0.8389373183893731,57.15384615384616,93.94492489758763,57.15384615384616,93.94492489758763,0
per_huruf_hybrid_skeleton_forced_loop_no_sig,4,2022,0.8393524283935243,57.230769230769226,93.93172507965406,57.230769230769226,93.93172507965406,0
per_huruf_hybrid_skeleton_forced_loop_no_sig,4,2023,0.8397675383976754,57.3076923076923,93.92626308602638,57.3076923076923,93.92626308602638,0
per_huruf_hybrid_skeleton_forced_loop_no_sig,4,2024,0.8401826484018264,57.384615384615394,93.92717341829768,57.384615384615394,93.92717341829768,0
per_huruf_hybrid_skeleton_forced_loop_no_sig,4,2025,0.8405977584059776,57.46153846153847,93.933090578061,57.46153846153847,93.933090578061,0
per_huruf_hybrid_skeleton_forced_loop_no_sig,4,2026,0.8410128684101287,57.53846153846155,93.94264906690942,57.53846153846155,93.94264906690942,0
per_huruf_hybrid_skeleton_forced_loop_no_sig,4,2027,0.8414279784142797,57.61538461538461,93.95448338643605,57.61538461538461,93.95448338643605,0
per_huruf_hybrid_skeleton_forced_loop_no_sig,4,2028,0.8418430884184309,57.692307692307686,93.96722803823396,57.692307692307686,93.96722803823396,0
per_huruf_hybrid_skeleton_forced_loop_no_sig,4,2029,0.842258198422582,57.76923076923076,93.97951752389622,57.76923076923076,93.97951752389622,0
per_huruf_hybrid_skeleton_forced_loop_no_sig,4,2030,0.842673308426733,57.84615384615385,93.98998634501594,57.84615384615385,93.98998634501594,0
per_huruf_hybrid_skeleton_forced_loop_no_sig,4,2031,0.8430884184308842,57.92307692307692,93.99726900318615,57.92307692307692,93.99726900318615,0
per_huruf_hybrid_skeleton_forced_loop_no_sig,4,2032,0.8435035284350353,58.0,94.0,58.0,94.0,0
per_huruf_hybrid_skeleton_forced_loop_no_sig,4,2033,0.8439186384391864,58.07692307692308,94.00273099681384,58.07692307692308,94.00273099681384,0
per_huruf_hybrid_skeleton_forced_loop_no_sig,4,2034,0.8443337484433375,58.15384615384616,94.01001365498408,58.15384615384616,94.01001365498408,0
per_huruf_hybrid_skeleton_forced_loop_no_sig,4,2035,0.8447488584474886,58.23076923076923,94.02048247610377,58.23076923076923,94.02048247610377,0
per_huruf_hybrid_skeleton_forced_loop_no_sig,4,2036,0.8451639684516397,58.30769230769231,94.03277196176603,58.30769230769231,94.03277196176603,0
per_huruf_hybrid_skeleton_forced_loop_no_sig,4,2037,0.8455790784557907,58.38461538461539,94.04551661356396,58.38461538461539,94.04551661356396,0
per_huruf_hybrid_skeleton_forced_loop_no_sig,4,2038,0.8459941884599419,58.46153846153847,94.05735093309059,58.46153846153847,94.05735093309059,0
per_huruf_hybrid_skeleton_forced_loop_no_sig,4,2039,0.846409298464093,58.53846153846153,94.06690942193902,58.53846153846153,94.06690942193902,0
per_huruf_hybrid_skeleton_forced_loop_no_sig,4,2040,0.846824408468244,58.61538461538461,94.07282658170233,58.61538461538461,94.07282658170233,0
per_huruf_hybrid_skeleton_forced_loop_no_sig,4,2041,0.8472395184723952,58.69230769230769,94.0737369139736,58.69230769230769,94.0737369139736,0
per_huruf_hybrid_skeleton_forced_loop_no_sig,4,2042,0.8476546284765463,58.76923076923076,94.06827492034591,58.76923076923076,94.06827492034591,0
per_huruf_hybrid_skeleton_forced_loop_no_sig,4,2043,0.8480697384806973,58.84615384615384,94.05507510241239,58.84615384615384,94.05507510241239,0
per_huruf_hybrid_skeleton_forced_loop_no_sig,4,2044,0.8484848484848485,58.92307692307692,94.03277196176604,58.92307692307692,94.03277196176604,0
per_huruf_hybrid_skeleton_forced_loop_no_sig,4,2045,0.8488999584889996,59.0,94.0,59.0,94.0,0
per_huruf_hybrid_skeleton_forced_loop_no_sig,4,2046,0.8493150684931506,59.07692307692308,93.95311788802913,59.07692307692308,93.95311788802913,0
per_huruf_hybrid_skeleton_forced_loop_no_sig,4,2047,0.8497301784973018,59.15384615384615,93.89121529358215,59.15384615384615,93.89121529358215,0
per_huruf_hybrid_skeleton_forced_loop_no_sig,4,2048,0.8501452885014529,59.230769230769226,93.81702321347291,59.230769230769226,93.81702321347291,0
per_huruf_hybrid_skeleton_forced_loop_no_sig,4,2049,0.8505603985056039,59.3076923076923,93.73327264451524,59.3076923076923,93.73327264451524,0
per_huruf_hybrid_skeleton_forced_loop_no_sig,4,2050,0.8509755085097551,59.384615384615394,93.642694583523,59.384615384615394,93.642694583523,0
per_huruf_hybrid_skeleton_forced_loop_no_sig,4,2051,0.8513906185139062,59.46153846153847,93.54802002730997,59.46153846153847,93.54802002730997,0
per_huruf_hybrid_skeleton_forced_loop_no_sig,4,2052,0.8518057285180572,59.53846153846154,93.45197997269003,59.53846153846154,93.45197997269003,0
per_huruf_hybrid_skeleton_forced_loop_no_sig,4,2053,0.8522208385222084,59.61538461538462,93.35730541647702,59.61538461538462,93.35730541647702,0
per_huruf_hybrid_skeleton_forced_loop_no_sig,4,2054,0.8526359485263595,59.69230769230769,93.26672735548475,59.69230769230769,93.26672735548475,0
per_huruf_hybrid_skeleton_forced_loop_no_sig,4,2055,0.8530510585305106,59.76923076923076,93.18297678652708,59.76923076923076,93.18297678652708,0
per_huruf_hybrid_skeleton_forced_loop_no_sig,4,2056,0.8534661685346617,59.84615384615384,93.10878470641785,59.84615384615384,93.10878470641785,0
per_huruf_hybrid_skeleton_forced_loop_no_sig,4,2057,0.8538812785388128,59.92307692307692,93.04688211197087,59.92307692307692,93.04688211197087,0
per_huruf_hybrid_skeleton_forced_loop_no_sig,4,2058,0.8542963885429639,60.0,93.0,60.0,93.0,0
per_huruf_hybrid_skeleton_forced_loop_no_sig,4,2059,0.854711498547115,60.07692307692309,92.96722803823397,60.07692307692309,92.96722803823397,0
per_huruf_hybrid_skeleton_forced_loop_no_sig,4,2060,0.8551266085512661,60.15384615384615,92.94492489758761,60.15384615384615,92.94492489758761,0
per_huruf_hybrid_skeleton_forced_loop_no_sig,4,2061,0.8555417185554172,60.23076923076922,92.93172507965407,60.23076923076922,92.93172507965407,0
per_huruf_hybrid_skeleton_forced_loop_no_sig,4,2062,0.8559568285595682,60.30769230769231,92.9262630860264,60.30769230769231,92.9262630860264,0
per_huruf_hybrid_skeleton_forced_loop_no_sig,4,2063,0.8563719385637194,60.38461538461539,92.9271734182977,60.38461538461539,92.9271734182977,0
per_huruf_hybrid_skeleton_forced_loop_no_sig,4,2064,0.8567870485678705,60.46153846153847,92.933090578061,60.46153846153847,92.933090578061,0
per_huruf_hybrid_skeleton_forced_loop_no_sig,4,2065,0.8572021585720215,60.53846153846155,92.94264906690944,60.53846153846155,92.94264906690944,0
per_huruf_hybrid_skeleton_forced_loop_no_sig,4,2066,0.8576172685761727,60.61538461538462,92.95448338643605,60.61538461538462,92.95448338643605,0
per_huruf_hybrid_skeleton_forced_loop_no_sig,4,2067,0.8580323785803238,60.692307692307686,92.96722803823394,60.692307692307686,92.96722803823394,0
per_huruf_hybrid_skeleton_forced_loop_no_sig,4,2068,0.8584474885844748,60.76923076923076,92.97951752389622,60.76923076923076,92.97951752389622,0
per_huruf_hybrid_skeleton_forced_loop_no_sig,4,2069,0.858862598588626,60.84615384615385,92.98998634501592,60.84615384615385,92.98998634501592,0
per_huruf_hybrid_skeleton_forced_loop_no_sig,4,2070,0.8592777085927771,60.92307692307692,92.99726900318616,60.92307692307692,92.99726900318616,0
per_huruf_hybrid_skeleton_forced_loop_no_sig,4,2071,0.8596928185969281,61.0,93.0,61.0,93.0,0
per_huruf_hybrid_skeleton_forced_loop_no_sig,4,2072,0.8601079286010793,61.07692307692309,93.00273099681385,61.07692307692309,93.00273099681385,0
per_huruf_hybrid_skeleton_forced_loop_no_sig,4,2073,0.8605230386052304,61.15384615384615,93.01001365498406,61.15384615384615,93.01001365498406,0
per_huruf_hybrid_skeleton_forced_loop_no_sig,4,2074,0.8609381486093814,61.230769230769226,93.02048247610377,61.230769230769226,93.02048247610377,0
per_huruf_hybrid_skeleton_forced_loop_no_sig,4,2075,0.8613532586135326,61.3076923076923,93.03277196176604,61.3076923076923,93.03277196176604,0
per_huruf_hybrid_skeleton_forced_loop_no_sig,4,2076,0.8617683686176837,61.38461538461539,93.04551661356396,61.38461538461539,93.04551661356396,0
per_huruf_hybrid_skeleton_forced_loop_no_sig,4,2077,0.8621834786218348,61.46153846153847,93.05735093309058,61.46153846153847,93.05735093309058,0
per_huruf_hybrid_skeleton_forced_loop_no_sig,4,2078,0.8625985886259859,61.53846153846153,93.06690942193902,61.53846153846153,93.06690942193902,0
per_huruf_hybrid_skeleton_forced_loop_no_sig,4,2079,0.863013698630137,61.61538461538461,93.07282658170233,61.61538461538461,93.07282658170233,0
per_huruf_hybrid_skeleton_forced_loop_no_sig,4,2080,0.8634288086342881,61.69230769230769,93.07373691397359,61.69230769230769,93.07373691397359,0
per_huruf_hybrid_skeleton_forced_loop_no_sig,4,2081,0.8638439186384392,61.76923076923076,93.06827492034591,61.76923076923076,93.06827492034591,0
per_huruf_hybrid_skeleton_forced_loop_no_sig,4,2082,0.8642590286425903,61.84615384615385,93.05507510241239,61.84615384615385,93.05507510241239,0
per_huruf_hybrid_skeleton_forced_loop_no_sig,4,2083,0.8646741386467414,61.92307692307692,93.03277196176604,61.92307692307692,93.03277196176604,0
per_huruf_hybrid_skeleton_forced_loop_no_sig,4,2084,0.8650892486508924,62.0,93.0,62.0,93.0,0
per_huruf_hybrid_skeleton_forced_loop_no_sig,4,2085,0.8655043586550436,62.07692307692309,92.95584888484298,62.07692307692309,92.95584888484298,0
per_huruf_hybrid_skeleton_forced_loop_no_sig,4,2086,0.8659194686591947,62.15384615384616,92.90122894856621,62.15384615384616,92.90122894856621,0
per_huruf_hybrid_skeleton_forced_loop_no_sig,4,2087,0.8663345786633457,62.23076923076922,92.83750568957669,62.23076923076922,92.83750568957669,0
per_huruf_hybrid_skeleton_forced_loop_no_sig,4,2088,0.8667496886674969,62.30769230769231,92.76604460628128,62.30769230769231,92.76604460628128,0
per_huruf_hybrid_skeleton_forced_loop_no_sig,4,2089,0.867164798671648,62.384615384615394,92.68821119708696,62.384615384615394,92.68821119708696,0
per_huruf_hybrid_skeleton_forced_loop_no_sig,4,2090,0.867579908675799,62.46153846153847,92.60537096040055,62.46153846153847,92.60537096040055,0
per_huruf_hybrid_skeleton_forced_loop_no_sig,4,2091,0.8679950186799502,62.53846153846154,92.51888939462904,62.53846153846154,92.51888939462904,0
per_huruf_hybrid_skeleton_forced_loop_no_sig,4,2092,0.8684101286841013,62.61538461538462,92.43013199817933,62.61538461538462,92.43013199817933,0
per_huruf_hybrid_skeleton_forced_loop_no_sig,4,2093,0.8688252386882523,62.69230769230769,92.34046426945835,62.69230769230769,92.34046426945835,0
per_huruf_hybrid_skeleton_forced_loop_no_sig,4,2094,0.8692403486924035,62.76923076923077,92.251251706873,62.76923076923077,92.251251706873,0
per_huruf_hybrid_skeleton_forced_loop_no_sig,4,2095,0.8696554586965546,62.84615384615385,92.16385980883022,62.84615384615385,92.16385980883022,0
per_huruf_hybrid_skeleton_forced_loop_no_sig,4,2096,0.8700705687007056,62.92307692307692,92.0796540737369,62.92307692307692,92.0796540737369,0
per_huruf_hybrid_skeleton_forced_loop_no_sig,4,2097,0.8704856787048568,63.0,92.0,63.0,92.0,0
per_huruf_hybrid_skeleton_forced_loop_no_sig,4,2098,0.8709007887090079,63.07692307692309,91.9203459262631,63.07692307692309,91.9203459262631,0
per_huruf_hybrid_skeleton_forced_loop_no_sig,4,2099,0.871315898713159,63.15384615384615,91.83614019116979,63.15384615384615,91.83614019116979,0
per_huruf_hybrid_skeleton_forced_loop_no_sig,4,2100,0.8717310087173101,63.23076923076922,91.74874829312698,63.23076923076922,91.74874829312698,0
per_huruf_hybrid_skeleton_forced_loop_no_sig,4,2101,0.8721461187214612,63.3076923076923,91.65953573054163,63.3076923076923,91.65953573054163,0
per_huruf_hybrid_skeleton_forced_loop_no_sig,4,2102,0.8725612287256123,63.384615384615394,91.56986800182068,63.384615384615394,91.56986800182068,0
per_huruf_hybrid_skeleton_forced_loop_no_sig,4,2103,0.8729763387297634,63.46153846153847,91.48111060537097,63.46153846153847,91.48111060537097,0
per_huruf_hybrid_skeleton_forced_loop_no_sig,4,2104,0.8733914487339145,63.53846153846154,91.39462903959945,63.53846153846154,91.39462903959945,0
per_huruf_hybrid_skeleton_forced_loop_no_sig,4,2105,0.8738065587380656,63.61538461538462,91.31178880291307,63.61538461538462,91.31178880291307,0
per_huruf_hybrid_skeleton_forced_loop_no_sig,4,2106,0.8742216687422166,63.69230769230769,91.2339553937187,63.69230769230769,91.2339553937187,0
per_huruf_hybrid_skeleton_forced_loop_no_sig,4,2107,0.8746367787463678,63.76923076923076,91.1624943104233,63.76923076923076,91.1624943104233,0
per_huruf_hybrid_skeleton_forced_loop_no_sig,4,2108,0.8750518887505189,63.84615384615385,91.09877105143377,63.84615384615385,91.09877105143377,0
per_huruf_hybrid_skeleton_forced_loop_no_sig,4,2109,0.8754669987546699,63.92307692307692,91.04415111515704,63.92307692307692,91.04415111515704,0
per_huruf_hybrid_skeleton_forced_loop_no_sig,4,2110,0.8758821087588211,64.0,91.0,64.0,91.0,0
per_huruf_hybrid_skeleton_forced_loop_no_sig,4,2111,0.8762972187629722,64.07692307692308,90.96995903504781,64.07692307692308,90.96995903504781,0
per_huruf_hybrid_skeleton_forced_loop_no_sig,4,2112,0.8767123287671232,64.15384615384616,90.95493855257169,64.15384615384616,90.95493855257169,0
per_huruf_hybrid_skeleton_forced_loop_no_sig,4,2113,0.8771274387712744,64.23076923076923,90.95220755575784,64.23076923076923,90.95220755575784,0
per_huruf_hybrid_skeleton_forced_loop_no_sig,4,2114,0.8775425487754255,64.30769230769229,90.95903504779243,64.30769230769229,90.95903504779243,0
per_huruf_hybrid_skeleton_forced_loop_no_sig,4,2115,0.8779576587795765,64.38461538461539,90.97269003186165,64.38461538461539,90.97269003186165,0
per_huruf_hybrid_skeleton_forced_loop_no_sig,4,2116,0.8783727687837277,64.46153846153847,90.99044151115157,64.46153846153847,90.99044151115157,0
per_huruf_hybrid_skeleton_forced_loop_no_sig,4,2117,0.8787878787878788,64.53846153846153,91.00955848884844,64.53846153846153,91.00955848884844,0
per_huruf_hybrid_skeleton_forced_loop_no_sig,4,2118,0.8792029887920298,64.61538461538463,91.02730996813838,64.61538461538463,91.02730996813838,0
per_huruf_hybrid_skeleton_forced_loop_no_sig,4,2119,0.879618098796181,64.6923076923077,91.04096495220755,64.6923076923077,91.04096495220755,0
per_huruf_hybrid_skeleton_forced_loop_no_sig,4,2120,0.8800332088003321,64.76923076923077,91.04779244424213,64.76923076923077,91.04779244424213,0
per_huruf_hybrid_skeleton_forced_loop_no_sig,4,2121,0.8804483188044832,64.84615384615385,91.04506144742831,64.84615384615385,91.04506144742831,0
per_huruf_hybrid_skeleton_forced_loop_no_sig,4,2122,0.8808634288086343,64.92307692307692,91.0300409649522,64.92307692307692,91.0300409649522,0
per_huruf_hybrid_skeleton_forced_loop_no_sig,4,2123,0.8812785388127854,65.0,91.0,65.0,91.0,0
per_huruf_hybrid_skeleton_forced_loop_no_sig,4,2124,0.8816936488169365,65.07692307692308,90.95311788802915,65.07692307692308,90.95311788802915,0
per_huruf_hybrid_skeleton_forced_loop_no_sig,4,2125,0.8821087588210876,65.15384615384616,90.89121529358216,65.15384615384616,90.89121529358216,0
per_huruf_hybrid_skeleton_forced_loop_no_sig,4,2126,0.8825238688252387,65.23076923076923,90.81702321347291,65.23076923076923,90.81702321347291,0
per_huruf_hybrid_skeleton_forced_loop_no_sig,4,2127,0.8829389788293898,65.3076923076923,90.73327264451524,65.3076923076923,90.73327264451524,0
per_huruf_hybrid_skeleton_forced_loop_no_sig,4,2128,0.8833540888335408,65.38461538461539,90.642694583523,65.38461538461539,90.642694583523,0
per_huruf_hybrid_skeleton_forced_loop_no_sig,4,2129,0.883769198837692,65.46153846153847,90.54802002730997,65.46153846153847,90.54802002730997,0
per_huruf_hybrid_skeleton_forced_loop_no_sig,4,2130,0.8841843088418431,65.53846153846153,90.45197997269004,65.53846153846153,90.45197997269004,0
per_huruf_hybrid_skeleton_forced_loop_no_sig,4,2131,0.8845994188459941,65.61538461538461,90.357305416477,65.61538461538461,90.357305416477,0
per_huruf_hybrid_skeleton_forced_loop_no_sig,4,2132,0.8850145288501453,65.6923076923077,90.26672735548475,65.6923076923077,90.26672735548475,0
per_huruf_hybrid_skeleton_forced_loop_no_sig,4,2133,0.8854296388542964,65.76923076923077,90.18297678652708,65.76923076923077,90.18297678652708,0
per_huruf_hybrid_skeleton_forced_loop_no_sig,4,2134,0.8858447488584474,65.84615384615384,90.10878470641785,65.84615384615384,90.10878470641785,0
per_huruf_hybrid_skeleton_forced_loop_no_sig,4,2135,0.8862598588625986,65.92307692307692,90.04688211197086,65.92307692307692,90.04688211197086,0
per_huruf_hybrid_skeleton_forced_loop_no_sig,4,2136,0.8866749688667497,66.0,90.0,66.0,90.0,0
per_huruf_hybrid_skeleton_forced_loop_no_sig,4,2137,0.8870900788709007,66.07692307692308,89.96995903504781,66.07692307692308,89.96995903504781,0
per_huruf_hybrid_skeleton_forced_loop_no_sig,4,2138,0.8875051888750519,66.15384615384616,89.9549385525717,66.15384615384616,89.9549385525717,0
per_huruf_hybrid_skeleton_forced_loop_no_sig,4,2139,0.887920298879203,66.23076923076923,89.95220755575784,66.23076923076923,89.95220755575784,0
per_huruf_hybrid_skeleton_forced_loop_no_sig,4,2140,0.888335408883354,66.30769230769229,89.95903504779244,66.30769230769229,89.95903504779244,0
per_huruf_hybrid_skeleton_forced_loop_no_sig,4,2141,0.8887505188875052,66.3846153846154,89.97269003186163,66.3846153846154,89.97269003186163,0
per_huruf_hybrid_skeleton_forced_loop_no_sig,4,2142,0.8891656288916563,66.46153846153847,89.99044151115157,66.46153846153847,89.99044151115157,0
per_huruf_hybrid_skeleton_forced_loop_no_sig,4,2143,0.8895807388958074,66.53846153846155,90.00955848884844,66.53846153846155,90.00955848884844,0
per_huruf_hybrid_skeleton_forced_loop_no_sig,4,2144,0.8899958488999585,66.61538461538463,90.02730996813838,66.61538461538463,90.02730996813838,0
per_huruf_hybrid_skeleton_forced_loop_no_sig,4,2145,0.8904109589041096,66.6923076923077,90.04096495220756,66.6923076923077,90.04096495220756,0
per_huruf_hybrid_skeleton_forced_loop_no_sig,4,2146,0.8908260689082607,66.76923076923077,90.04779244424213,66.76923076923077,90.04779244424213,0
per_huruf_hybrid_skeleton_forced_loop_no_sig,4,2147,0.8912411789124118,66.84615384615385,90.04506144742831,66.84615384615385,90.04506144742831,0
per_huruf_hybrid_skeleton_forced_loop_no_sig,4,2148,0.8916562889165629,66.92307692307692,90.0300409649522,66.92307692307692,90.0300409649522,0
per_huruf_hybrid_skeleton_forced_loop_no_sig,4,2149,0.892071398920714,67.0,90.0,67.0,90.0,0
per_huruf_hybrid_skeleton_forced_loop_no_sig,4,2150,0.892486508924865,67.07692307692308,89.95584888484298,67.07692307692308,89.95584888484298,0
per_huruf_hybrid_skeleton_forced_loop_no_sig,4,2151,0.8929016189290162,67.15384615384616,89.90122894856624,67.15384615384616,89.90122894856624,0
per_huruf_hybrid_skeleton_forced_loop_no_sig,4,2152,0.8933167289331673,67.23076923076923,89.83750568957667,67.23076923076923,89.83750568957667,0
per_huruf_hybrid_skeleton_forced_loop_no_sig,4,2153,0.8937318389373183,67.3076923076923,89.76604460628128,67.3076923076923,89.76604460628128,0
per_huruf_hybrid_skeleton_forced_loop_no_sig,4,2154,0.8941469489414695,67.38461538461539,89.68821119708694,67.38461538461539,89.68821119708694,0
per_huruf_hybrid_skeleton_forced_loop_no_sig,4,2155,0.8945620589456206,67.46153846153847,89.60537096040055,67.46153846153847,89.60537096040055,0
per_huruf_hybrid_skeleton_forced_loop_no_sig,4,2156,0.8949771689497716,67.53846153846153,89.51888939462904,67.53846153846153,89.51888939462904,0
per_huruf_hybrid_skeleton_forced_loop_no_sig,4,2157,0.8953922789539228,67.61538461538461,89.43013199817932,67.61538461538461,89.43013199817932,0
per_huruf_hybrid_skeleton_forced_loop_no_sig,4,2158,0.8958073889580739,67.69230769230768,89.34046426945835,67.69230769230768,89.34046426945835,0
per_huruf_hybrid_skeleton_forced_loop_no_sig,4,2159,0.896222498962225,67.76923076923076,89.251251706873,67.76923076923076,89.251251706873,0
per_huruf_hybrid_skeleton_forced_loop_no_sig,4,2160,0.8966376089663761,67.84615384615385,89.16385980883021,67.84615384615385,89.16385980883021,0
per_huruf_hybrid_skeleton_forced_loop_no_sig,4,2161,0.8970527189705272,67.92307692307692,89.07965407373692,67.92307692307692,89.07965407373692,0
per_huruf_hybrid_skeleton_forced_loop_no_sig,4,2162,0.8974678289746783,68.0,89.0,68.0,89.0,0
per_huruf_hybrid_skeleton_forced_loop_no_sig,4,2163,0.8978829389788294,68.0769230769231,88.92307692307693,68.0769230769231,88.92307692307693,0
per_huruf_hybrid_skeleton_forced_loop_no_sig,4,2164,0.8982980489829805,68.15384615384616,88.84615384615385,68.15384615384616,88.84615384615385,0
per_huruf_hybrid_skeleton_forced_loop_no_sig,4,2165,0.8987131589871316,68.23076923076921,88.76923076923076,68.23076923076921,88.76923076923076,0
per_huruf_hybrid_skeleton_forced_loop_no_sig,4,2166,0.8991282689912827,68.30769230769229,88.6923076923077,68.30769230769229,88.6923076923077,0
per_huruf_hybrid_skeleton_forced_loop_no_sig,4,2167,0.8995433789954338,68.38461538461539,88.61538461538463,68.38461538461539,88.61538461538463,0
per_huruf_hybrid_skeleton_forced_loop_no_sig,4,2168,0.8999584889995849,68.46153846153847,88.53846153846155,68.46153846153847,88.53846153846155,0
per_huruf_hybrid_skeleton_forced_loop_no_sig,4,2169,0.900373599003736,68.53846153846153,88.46153846153847,68.53846153846153,88.46153846153847,0
per_huruf_hybrid_skeleton_forced_loop_no_sig,4,2170,0.9007887090078871,68.61538461538461,88.38461538461539,68.61538461538461,88.38461538461539,0
per_huruf_hybrid_skeleton_forced_loop_no_sig,4,2171,0.9012038190120382,68.6923076923077,88.3076923076923,68.6923076923077,88.3076923076923,0
per_huruf_hybrid_skeleton_forced_loop_no_sig,4,2172,0.9016189290161892,68.76923076923077,88.23076923076923,68.76923076923077,88.23076923076923,0
per_huruf_hybrid_skeleton_forced_loop_no_sig,4,2173,0.9020340390203404,68.84615384615385,88.15384615384616,68.84615384615385,88.15384615384616,0
per_huruf_hybrid_skeleton_forced_loop_no_sig,4,2174,0.9024491490244915,68.92307692307692,88.07692307692307,68.92307692307692,88.07692307692307,0
per_huruf_hybrid_skeleton_forced_loop_no_sig,4,2175,0.9028642590286425,69.0,88.0,69.0,88.0,0
per_huruf_hybrid_skeleton_forced_loop_no_sig,4,2176,0.9032793690327937,69.07692307692308,87.92307692307692,69.07692307692308,87.92307692307692,0
per_huruf_hybrid_skeleton_forced_loop_no_sig,4,2177,0.9036944790369448,69.15384615384615,87.84615384615385,69.15384615384615,87.84615384615385,0
per_huruf_hybrid_skeleton_forced_loop_no_sig,4,2178,0.9041095890410958,69.23076923076921,87.76923076923076,69.23076923076921,87.76923076923076,0
per_huruf_hybrid_skeleton_forced_loop_no_sig,4,2179,0.904524699045247,69.30769230769229,87.6923076923077,69.30769230769229,87.6923076923077,0
per_huruf_hybrid_skeleton_forced_loop_no_sig,4,2180,0.9049398090493981,69.38461538461539,87.61538461538461,69.38461538461539,87.61538461538461,0
per_huruf_hybrid_skeleton_forced_loop_no_sig,4,2181,0.9053549190535491,69.46153846153847,87.53846153846155,69.46153846153847,87.53846153846155,0
per_huruf_hybrid_skeleton_forced_loop_no_sig,4,2182,0.9057700290577003,69.53846153846155,87.46153846153847,69.53846153846155,87.46153846153847,0
per_huruf_hybrid_skeleton_forced_loop_no_sig,4,2183,0.9061851390618514,69.61538461538461,87.38461538461539,69.61538461538461,87.38461538461539,0
per_huruf_hybrid_skeleton_forced_loop_no_sig,4,2184,0.9066002490660025,69.6923076923077,87.30769230769229,69.6923076923077,87.30769230769229,0
per_huruf_hybrid_skeleton_forced_loop_no_sig,4,2185,0.9070153590701536,69.76923076923077,87.23076923076923,69.76923076923077,87.23076923076923,0
per_huruf_hybrid_skeleton_forced_loop_no_sig,4,2186,0.9074304690743047,69.84615384615385,87.15384615384616,69.84615384615385,87.15384615384616,0
per_huruf_hybrid_skeleton_forced_loop_no_sig,4,2187,0.9078455790784558,69.92307692307692,87.07692307692308,69.92307692307692,87.07692307692308,0
per_huruf_hybrid_skeleton_forced_loop_no_sig,4,2188,0.9082606890826069,70.0,87.0,70.0,87.0,0
per_huruf_hybrid_skeleton_forced_loop_no_sig,4,2189,0.908675799086758,70.0769230769231,86.92307692307693,70.0769230769231,86.92307692307693,0
per_huruf_hybrid_skeleton_forced_loop_no_sig,4,2190,0.9090909090909091,70.15384615384615,86.84615384615385,70.15384615384615,86.84615384615385,0
per_huruf_hybrid_skeleton_forced_loop_no_sig,4,2191,0.9095060190950602,70.23076923076921,86.76923076923075,70.23076923076921,86.76923076923075,0
per_huruf_hybrid_skeleton_forced_loop_no_sig,4,2192,0.9099211290992113,70.3076923076923,86.69230769230768,70.3076923076923,86.69230769230768,0
per_huruf_hybrid_skeleton_forced_loop_no_sig,4,2193,0.9103362391033624,70.38461538461539,86.61538461538463,70.38461538461539,86.61538461538463,0
per_huruf_hybrid_skeleton_forced_loop_no_sig,4,2194,0.9107513491075134,70.46153846153848,86.53846153846155,70.46153846153848,86.53846153846155,0
per_huruf_hybrid_skeleton_forced_loop_no_sig,4,2195,0.9111664591116646,70.53846153846155,86.46153846153845,70.53846153846155,86.46153846153845,0
per_huruf_hybrid_skeleton_forced_loop_no_sig,4,2196,0.9115815691158157,70.61538461538461,86.38461538461539,70.61538461538461,86.38461538461539,0
per_huruf_hybrid_skeleton_forced_loop_no_sig,4,2197,0.9119966791199667,70.6923076923077,86.3076923076923,70.6923076923077,86.3076923076923,0
per_huruf_hybrid_skeleton_forced_loop_no_sig,4,2198,0.9124117891241179,70.76923076923077,86.23076923076923,70.76923076923077,86.23076923076923,0
per_huruf_hybrid_skeleton_forced_loop_no_sig,4,2199,0.912826899128269,70.84615384615385,86.15384615384616,70.84615384615385,86.15384615384616,0
per_huruf_hybrid_skeleton_forced_loop_no_sig,4,2200,0.91324200913242,70.92307692307692,86.07692307692307,70.92307692307692,86.07692307692307,0
per_huruf_hybrid_skeleton_forced_loop_no_sig,4,2201,0.9136571191365712,71.0,86.0,71.0,86.0,0
per_huruf_hybrid_skeleton_forced_loop_no_sig,4,2202,0.9140722291407223,71.07692307692308,85.92307692307692,71.07692307692308,85.92307692307692,0
per_huruf_hybrid_skeleton_forced_loop_no_sig,4,2203,0.9144873391448733,71.15384615384616,85.84615384615387,71.15384615384616,85.84615384615387,0
per_huruf_hybrid_skeleton_forced_loop_no_sig,4,2204,0.9149024491490245,71.23076923076921,85.76923076923075,71.23076923076921,85.76923076923075,0
per_huruf_hybrid_skeleton_forced_loop_no_sig,4,2205,0.9153175591531756,71.3076923076923,85.6923076923077,71.3076923076923,85.6923076923077,0
per_huruf_hybrid_skeleton_forced_loop_no_sig,4,2206,0.9157326691573267,71.38461538461539,85.61538461538463,71.38461538461539,85.61538461538463,0
per_huruf_hybrid_skeleton_forced_loop_no_sig,4,2207,0.9161477791614778,71.46153846153847,85.53846153846155,71.46153846153847,85.53846153846155,0
per_huruf_hybrid_skeleton_forced_loop_no_sig,4,2208,0.9165628891656289,71.53846153846153,85.46153846153847,71.53846153846153,85.46153846153847,0
per_huruf_hybrid_skeleton_forced_loop_no_sig,4,2209,0.91697799916978,71.61538461538461,85.38461538461539,71.61538461538461,85.38461538461539,0
per_huruf_hybrid_skeleton_forced_loop_no_sig,4,2210,0.9173931091739311,71.6923076923077,85.30769230769229,71.6923076923077,85.30769230769229,0
per_huruf_hybrid_skeleton_forced_loop_no_sig,4,2211,0.9178082191780822,71.76923076923077,85.23076923076923,71.76923076923077,85.23076923076923,0
per_huruf_hybrid_skeleton_forced_loop_no_sig,4,2212,0.9182233291822333,71.84615384615385,85.15384615384616,71.84615384615385,85.15384615384616,0
per_huruf_hybrid_skeleton_forced_loop_no_sig,4,2213,0.9186384391863844,71.92307692307692,85.07692307692308,71.92307692307692,85.07692307692308,0
per_huruf_hybrid_skeleton_forced_loop_no_sig,4,2214,0.9190535491905355,72.0,85.0,72.0,85.0,0
per_huruf_hybrid_skeleton_forced_loop_no_sig,4,2215,0.9194686591946866,72.07692307692308,84.92307692307693,72.07692307692308,84.92307692307693,0
per_huruf_hybrid_skeleton_forced_loop_no_sig,4,2216,0.9198837691988376,72.15384615384616,84.84615384615384,72.15384615384616,84.84615384615384,0
per_huruf_hybrid_skeleton_forced_loop_no_sig,4,2217,0.9202988792029888,72.23076923076923,84.76923076923076,72.23076923076923,84.76923076923076,0
per_huruf_hybrid_skeleton_forced_loop_no_sig,4,2218,0.9207139892071399,72.30769230769229,84.6923076923077,72.30769230769229,84.6923076923077,0
per_huruf_hybrid_skeleton_forced_loop_no_sig,4,2219,0.9211290992112909,72.38461538461539,84.61538461538463,72.38461538461539,84.61538461538463,0
per_huruf_hybrid_skeleton_forced_loop_no_sig,4,2220,0.9215442092154421,72.46153846153845,84.53846153846156,72.46153846153845,84.53846153846156,0
per_huruf_hybrid_skeleton_forced_loop_no_sig,4,2221,0.9219593192195932,72.53846153846153,84.46153846153847,72.53846153846153,84.46153846153847,0
per_huruf_hybrid_skeleton_forced_loop_no_sig,4,2222,0.9223744292237442,72.61538461538461,84.38461538461539,72.61538461538461,84.38461538461539,0
per_huruf_hybrid_skeleton_forced_loop_no_sig,4,2223,0.9227895392278954,72.69230769230768,84.3076923076923,72.69230769230768,84.3076923076923,0
per_huruf_hybrid_skeleton_forced_loop_no_sig,4,2224,0.9232046492320465,72.76923076923077,84.23076923076923,72.76923076923077,84.23076923076923,0
per_huruf_hybrid_skeleton_forced_loop_no_sig,4,2225,0.9236197592361975,72.84615384615384,84.15384615384616,72.84615384615384,84.15384615384616,0
per_huruf_hybrid_skeleton_forced_loop_no_sig,4,2226,0.9240348692403487,72.92307692307692,84.07692307692307,72.92307692307692,84.07692307692307,0
per_huruf_hybrid_skeleton_forced_loop_no_sig,4,2227,0.9244499792444998,73.0,84.0,73.0,84.0,0
per_huruf_hybrid_skeleton_forced_loop_no_sig,4,2228,0.9248650892486509,73.07692307692308,83.92307692307692,73.07692307692308,83.92307692307692,0
per_huruf_hybrid_skeleton_forced_loop_no_sig,4,2229,0.925280199252802,73.15384615384615,83.84615384615384,73.15384615384615,83.84615384615384,0
per_huruf_hybrid_skeleton_forced_loop_no_sig,4,2230,0.9256953092569531,73.23076923076923,83.76923076923077,73.23076923076923,83.76923076923077,0
per_huruf_hybrid_skeleton_forced_loop_no_sig,4,2231,0.9261104192611042,73.3076923076923,83.69230769230768,73.3076923076923,83.69230769230768,0
per_huruf_hybrid_skeleton_forced_loop_no_sig,4,2232,0.9265255292652553,73.38461538461539,83.61538461538463,73.38461538461539,83.61538461538463,0
per_huruf_hybrid_skeleton_forced_loop_no_sig,4,2233,0.9269406392694064,73.46153846153847,83.53846153846155,73.46153846153847,83.53846153846155,0
per_huruf_hybrid_skeleton_forced_loop_no_sig,4,2234,0.9273557492735575,73.53846153846155,83.46153846153845,73.53846153846155,83.46153846153845,0
per_huruf_hybrid_skeleton_forced_loop_no_sig,4,2235,0.9277708592777086,73.61538461538461,83.38461538461539,73.61538461538461,83.38461538461539,0
per_huruf_hybrid_skeleton_forced_loop_no_sig,4,2236,0.9281859692818597,73.6923076923077,83.3076923076923,73.6923076923077,83.3076923076923,0
per_huruf_hybrid_skeleton_forced_loop_no_sig,4,2237,0.9286010792860108,73.76923076923077,83.23076923076923,73.76923076923077,83.23076923076923,0
per_huruf_hybrid_skeleton_forced_loop_no_sig,4,2238,0.9290161892901618,73.84615384615384,83.15384615384616,73.84615384615384,83.15384615384616,0
per_huruf_hybrid_skeleton_forced_loop_no_sig,4,2239,0.929431299294313,73.92307692307692,83.07692307692308,73.92307692307692,83.07692307692308,0
per_huruf_hybrid_skeleton_forced_loop_no_sig,4,2240,0.9298464092984641,74.0,83.0,74.0,83.0,0
per_huruf_hybrid_skeleton_forced_loop_no_sig,4,2241,0.9302615193026151,74.07965407373692,82.92307692307695,74.07965407373692,82.92307692307695,0
per_huruf_hybrid_skeleton_forced_loop_no_sig,4,2242,0.9306766293067663,74.16385980883021,82.84615384615385,74.16385980883021,82.84615384615385,0
per_huruf_hybrid_skeleton_forced_loop_no_sig,4,2243,0.9310917393109174,74.251251706873,82.76923076923077,74.251251706873,82.76923076923077,0
per_huruf_hybrid_skeleton_forced_loop_no_sig,4,2244,0.9315068493150684,74.34046426945834,82.69230769230768,74.34046426945834,82.69230769230768,0
per_huruf_hybrid_skeleton_forced_loop_no_sig,4,2245,0.9319219593192196,74.43013199817933,82.61538461538463,74.43013199817933,82.61538461538463,0
per_huruf_hybrid_skeleton_forced_loop_no_sig,4,2246,0.9323370693233707,74.51888939462904,82.53846153846155,74.51888939462904,82.53846153846155,0
per_huruf_hybrid_skeleton_forced_loop_no_sig,4,2247,0.9327521793275217,74.60537096040053,82.46153846153847,74.60537096040053,82.46153846153847,0
per_huruf_hybrid_skeleton_forced_loop_no_sig,4,2248,0.9331672893316729,74.68821119708693,82.38461538461539,74.68821119708693,82.38461538461539,0
per_huruf_hybrid_skeleton_forced_loop_no_sig,4,2249,0.933582399335824,74.76604460628128,82.3076923076923,74.76604460628128,82.3076923076923,0
per_huruf_hybrid_skeleton_forced_loop_no_sig,4,2250,0.933997509339975,74.83750568957669,82.23076923076923,74.83750568957669,82.23076923076923,0
per_huruf_hybrid_skeleton_forced_loop_no_sig,4,2251,0.9344126193441262,74.90122894856623,82.15384615384616,74.90122894856623,82.15384615384616,0
per_huruf_hybrid_skeleton_forced_loop_no_sig,4,2252,0.9348277293482773,74.95584888484296,82.07692307692307,74.95584888484296,82.07692307692307,0
per_huruf_hybrid_skeleton_forced_loop_no_sig,4,2253,0.9352428393524284,75.0,82.0,75.0,82.0,0
per_huruf_hybrid_skeleton_forced_loop_no_sig,4,2254,0.9356579493565795,75.03004096495222,81.92307692307692,75.03004096495222,81.92307692307692,0
per_huruf_hybrid_skeleton_forced_loop_no_sig,4,2255,0.9360730593607306,75.04506144742831,81.84615384615385,75.04506144742831,81.84615384615385,0
per_huruf_hybrid_skeleton_forced_loop_no_sig,4,2256,0.9364881693648817,75.04779244424215,81.76923076923075,75.04779244424215,81.76923076923075,0
per_huruf_hybrid_skeleton_forced_loop_no_sig,4,2257,0.9369032793690328,75.04096495220755,81.69230769230768,75.04096495220755,81.69230769230768,0
per_huruf_hybrid_skeleton_forced_loop_no_sig,4,2258,0.9373183893731839,75.0273099681384,81.61538461538463,75.0273099681384,81.61538461538463,0
per_huruf_hybrid_skeleton_forced_loop_no_sig,4,2259,0.937733499377335,75.00955848884843,81.53846153846155,75.00955848884843,81.53846153846155,0
per_huruf_hybrid_skeleton_forced_loop_no_sig,4,2260,0.938148609381486,74.99044151115157,81.46153846153845,74.99044151115157,81.46153846153845,0
per_huruf_hybrid_skeleton_forced_loop_no_sig,4,2261,0.9385637193856372,74.97269003186163,81.38461538461539,74.97269003186163,81.38461538461539,0
per_huruf_hybrid_skeleton_forced_loop_no_sig,4,2262,0.9389788293897883,74.95903504779244,81.3076923076923,74.95903504779244,81.3076923076923,0
per_huruf_hybrid_skeleton_forced_loop_no_sig,4,2263,0.9393939393939393,74.95220755575784,81.23076923076923,74.95220755575784,81.23076923076923,0
per_huruf_hybrid_skeleton_forced_loop_no_sig,4,2264,0.9398090493980905,74.95493855257169,81.15384615384616,74.95493855257169,81.15384615384616,0
per_huruf_hybrid_skeleton_forced_loop_no_sig,4,2265,0.9402241594022416,74.9699590350478,81.07692307692308,74.9699590350478,81.07692307692308,0
per_huruf_hybrid_skeleton_forced_loop_no_sig,4,2266,0.9406392694063926,75.0,81.0,75.0,81.0,0
per_huruf_hybrid_skeleton_forced_loop_no_sig,4,2267,0.9410543794105438,75.04688211197089,80.92307692307693,75.04688211197089,80.92307692307693,0
per_huruf_hybrid_skeleton_forced_loop_no_sig,4,2268,0.9414694894146949,75.10878470641785,80.84615384615385,75.10878470641785,80.84615384615385,0
per_huruf_hybrid_skeleton_forced_loop_no_sig,4,2269,0.941884599418846,75.18297678652708,80.76923076923075,75.18297678652708,80.76923076923075,0
per_huruf_hybrid_skeleton_forced_loop_no_sig,4,2270,0.9422997094229971,75.26672735548475,80.6923076923077,75.26672735548475,80.6923076923077,0
per_huruf_hybrid_skeleton_forced_loop_no_sig,4,2271,0.9427148194271482,75.35730541647703,80.61538461538463,75.35730541647703,80.61538461538463,0
per_huruf_hybrid_skeleton_forced_loop_no_sig,4,2272,0.9431299294312993,75.45197997269004,80.53846153846155,75.45197997269004,80.53846153846155,0
per_huruf_hybrid_skeleton_forced_loop_no_sig,4,2273,0.9435450394354504,75.54802002730996,80.46153846153845,75.54802002730996,80.46153846153845,0
per_huruf_hybrid_skeleton_forced_loop_no_sig,4,2274,0.9439601494396015,75.642694583523,80.38461538461539,75.642694583523,80.38461538461539,0
per_huruf_hybrid_skeleton_forced_loop_no_sig,4,2275,0.9443752594437526,75.73327264451524,80.30769230769229,75.73327264451524,80.30769230769229,0
per_huruf_hybrid_skeleton_forced_loop_no_sig,4,2276,0.9447903694479037,75.81702321347291,80.23076923076923,75.81702321347291,80.23076923076923,0
per_huruf_hybrid_skeleton_forced_loop_no_sig,4,2277,0.9452054794520548,75.89121529358215,80.15384615384616,75.89121529358215,80.15384615384616,0
per_huruf_hybrid_skeleton_forced_loop_no_sig,4,2278,0.9456205894562059,75.95311788802913,80.07692307692308,75.95311788802913,80.07692307692308,0
per_huruf_hybrid_skeleton_forced_loop_no_sig,4,2279,0.946035699460357,76.0,80.0,76.0,80.0,0
per_huruf_hybrid_skeleton_forced_loop_no_sig,4,2280,0.9464508094645081,76.03277196176606,79.92307692307695,76.03277196176606,79.92307692307695,0
per_huruf_hybrid_skeleton_forced_loop_no_sig,4,2281,0.9468659194686592,76.0550751024124,79.84615384615385,76.0550751024124,79.84615384615385,0
per_huruf_hybrid_skeleton_forced_loop_no_sig,4,2282,0.9472810294728102,76.06827492034591,79.76923076923076,76.06827492034591,79.76923076923076,0
per_huruf_hybrid_skeleton_forced_loop_no_sig,4,2283,0.9476961394769614,76.0737369139736,79.6923076923077,76.0737369139736,79.6923076923077,0
per_huruf_hybrid_skeleton_forced_loop_no_sig,4,2284,0.9481112494811125,76.07282658170233,79.61538461538463,76.07282658170233,79.61538461538463,0
per_huruf_hybrid_skeleton_forced_loop_no_sig,4,2285,0.9485263594852635,76.06690942193902,79.53846153846155,76.06690942193902,79.53846153846155,0
per_huruf_hybrid_skeleton_forced_loop_no_sig,4,2286,0.9489414694894147,76.05735093309058,79.46153846153847,76.05735093309058,79.46153846153847,0
per_huruf_hybrid_skeleton_forced_loop_no_sig,4,2287,0.9493565794935658,76.04551661356396,79.38461538461539,76.04551661356396,79.38461538461539,0
per_huruf_hybrid_skeleton_forced_loop_no_sig,4,2288,0.9497716894977168,76.03277196176604,79.3076923076923,76.03277196176604,79.3076923076923,0
per_huruf_hybrid_skeleton_forced_loop_no_sig,4,2289,0.950186799501868,76.02048247610378,79.23076923076923,76.02048247610378,79.23076923076923,0
per_huruf_hybrid_skeleton_forced_loop_no_sig,4,2290,0.9506019095060191,76.01001365498406,79.15384615384616,76.01001365498406,79.15384615384616,0
per_huruf_hybrid_skeleton_forced_loop_no_sig,4,2291,0.9510170195101701,76.00273099681384,79.07692307692308,76.00273099681384,79.07692307692308,0
per_huruf_hybrid_skeleton_forced_loop_no_sig,4,2292,0.9514321295143213,76.0,79.0,76.0,79.0,0
per_huruf_hybrid_skeleton_forced_loop_no_sig,4,2293,0.9518472395184724,76.00000000000001,78.92307692307693,76.00000000000001,78.92307692307693,0
per_huruf_hybrid_skeleton_forced_loop_no_sig,4,2294,0.9522623495226235,76.00000000000001,78.84615384615385,76.00000000000001,78.84615384615385,0
per_huruf_hybrid_skeleton_forced_loop_no_sig,4,2295,0.9526774595267746,76.0,78.76923076923076,76.0,78.76923076923076,0
per_huruf_hybrid_skeleton_forced_loop_no_sig,4,2296,0.9530925695309257,76.0,78.69230769230768,76.0,78.69230769230768,0
per_huruf_hybrid_skeleton_forced_loop_no_sig,4,2297,0.9535076795350768,76.00000000000001,78.61538461538463,76.00000000000001,78.61538461538463,0
per_huruf_hybrid_skeleton_forced_loop_no_sig,4,2298,0.9539227895392279,76.00000000000001,78.53846153846155,76.00000000000001,78.53846153846155,0
per_huruf_hybrid_skeleton_forced_loop_no_sig,4,2299,0.954337899543379,76.0,78.46153846153845,76.0,78.46153846153845,0
per_huruf_hybrid_skeleton_forced_loop_no_sig,4,2300,0.9547530095475301,76.0,78.38461538461539,76.0,78.38461538461539,0
per_huruf_hybrid_skeleton_forced_loop_no_sig,4,2301,0.9551681195516812,76.0,78.30769230769229,76.0,78.30769230769229,0
per_huruf_hybrid_skeleton_forced_loop_no_sig,4,2302,0.9555832295558323,76.0,78.23076923076923,76.0,78.23076923076923,0
per_huruf_hybrid_skeleton_forced_loop_no_sig,4,2303,0.9559983395599834,76.0,78.15384615384616,76.0,78.15384615384616,0
per_huruf_hybrid_skeleton_forced_loop_no_sig,4,2304,0.9564134495641345,76.0,78.07692307692308,76.0,78.07692307692308,0
per_huruf_hybrid_skeleton_forced_loop_no_sig,4,2305,0.9568285595682856,76.0,78.0,76.0,78.0,0
per_huruf_hybrid_skeleton_forced_loop_no_sig,4,2306,0.9572436695724367,76.01092398725537,77.8984979517524,76.01092398725537,77.8984979517524,0
per_huruf_hybrid_skeleton_forced_loop_no_sig,4,2307,0.9576587795765877,76.04005461993629,77.75603095129722,76.04005461993629,77.75603095129722,0
per_huruf_hybrid_skeleton_forced_loop_no_sig,4,2308,0.9580738895807389,76.0819299044151,77.58488848429675,76.0819299044151,77.58488848429675,0
per_huruf_hybrid_skeleton_forced_loop_no_sig,4,2309,0.95848899958489,76.13108784706418,77.39736003641327,76.13108784706418,77.39736003641327,0
per_huruf_hybrid_skeleton_forced_loop_no_sig,4,2310,0.958904109589041,76.18206645425582,77.20573509330907,76.18206645425582,77.20573509330907,0
per_huruf_hybrid_skeleton_forced_loop_no_sig,4,2311,0.9593192195931922,76.22940373236231,77.02230314064634,76.22940373236231,77.02230314064634,0
per_huruf_hybrid_skeleton_forced_loop_no_sig,4,2312,0.9597343295973433,76.26763768775604,76.8593536640874,76.26763768775604,76.8593536640874,0
per_huruf_hybrid_skeleton_forced_loop_no_sig,4,2313,0.9601494396014943,76.29130632680929,76.72917614929449,76.29130632680929,76.72917614929449,0
per_huruf_hybrid_skeleton_forced_loop_no_sig,4,2314,0.9605645496056455,76.2949476558944,76.6440600819299,76.2949476558944,76.6440600819299,0
per_huruf_hybrid_skeleton_forced_loop_no_sig,4,2315,0.9609796596097966,76.2730996813837,76.61629494765589,76.2730996813837,76.61629494765589,0
per_huruf_hybrid_skeleton_forced_loop_no_sig,4,2316,0.9613947696139477,76.22030040964952,76.65817023213472,76.22030040964952,76.65817023213472,0
per_huruf_hybrid_skeleton_forced_loop_no_sig,4,2317,0.9618098796180988,76.13108784706418,76.78197542102868,76.13108784706418,76.78197542102868,0
per_huruf_hybrid_skeleton_forced_loop_no_sig,4,2318,0.9622249896222499,76.0,77.0,76.0,77.0,0
per_huruf_hybrid_skeleton_forced_loop_no_sig,4,2319,0.962640099626401,75.81247155211653,77.33955393718708,75.81247155211653,77.33955393718708,0
per_huruf_hybrid_skeleton_forced_loop_no_sig,4,2320,0.9630552096305521,75.56486117432864,77.80518889394631,75.56486117432864,77.80518889394631,0
per_huruf_hybrid_skeleton_forced_loop_no_sig,4,2321,0.9634703196347032,75.26809285389166,78.37505689576696,75.26809285389166,78.37505689576696,0
per_huruf_hybrid_skeleton_forced_loop_no_sig,4,2322,0.9638854296388543,74.933090578061,79.02730996813837,74.933090578061,79.02730996813837,0
per_huruf_hybrid_skeleton_forced_loop_no_sig,4,2323,0.9643005396430054,74.57077833409195,79.74010013654986,74.57077833409195,79.74010013654986,0
per_huruf_hybrid_skeleton_forced_loop_no_sig,4,2324,0.9647156496471565,74.19208010923987,80.49157942649069,74.19208010923987,80.49157942649069,0
per_huruf_hybrid_skeleton_forced_loop_no_sig,4,2325,0.9651307596513076,73.80791989076013,81.25989986345016,73.80791989076013,81.25989986345016,0
per_huruf_hybrid_skeleton_forced_loop_no_sig,4,2326,0.9655458696554587,73.42922166590806,82.02321347291762,73.42922166590806,82.02321347291762,0
per_huruf_hybrid_skeleton_forced_loop_no_sig,4,2327,0.9659609796596098,73.066909421939,82.75967228038233,73.066909421939,82.75967228038233,0
per_huruf_hybrid_skeleton_forced_loop_no_sig,4,2328,0.9663760896637609,72.73190714610833,83.44742831133362,72.73190714610833,83.44742831133362,0
per_huruf_hybrid_skeleton_forced_loop_no_sig,4,2329,0.9667911996679119,72.43513882567137,84.06463359126082,72.43513882567137,84.06463359126082,0
per_huruf_hybrid_skeleton_forced_loop_no_sig,4,2330,0.9672063096720631,72.18752844788348,84.58944014565316,72.18752844788348,84.58944014565316,0
per_huruf_hybrid_skeleton_forced_loop_no_sig,4,2331,0.9676214196762142,72.0,85.0,72.0,85.0,0
per_huruf_hybrid_skeleton_forced_loop_no_sig,4,2332,0.9680365296803652,71.87164314974966,85.3063268092854,71.87164314974966,85.3063268092854,0
per_huruf_hybrid_skeleton_forced_loop_no_sig,4,2333,0.9684516396845164,71.78971324533455,85.53937187073282,71.78971324533455,85.53937187073282,0
per_huruf_hybrid_skeleton_forced_loop_no_sig,4,2334,0.9688667496886675,71.74738279472005,85.7086936731907,71.74738279472005,85.7086936731907,0
per_huruf_hybrid_skeleton_forced_loop_no_sig,4,2335,0.9692818596928185,71.73782430587164,85.8238507055075,71.73782430587164,85.8238507055075,0
per_huruf_hybrid_skeleton_forced_loop_no_sig,4,2336,0.9696969696969697,71.75421028675467,85.89440145653164,71.75421028675467,85.89440145653164,0
per_huruf_hybrid_skeleton_forced_loop_no_sig,4,2337,0.9701120797011208,71.78971324533454,85.92990441511151,71.78971324533454,85.92990441511151,0
per_huruf_hybrid_skeleton_forced_loop_no_sig,4,2338,0.9705271897052719,71.8375056895767,85.93991807009559,71.8375056895767,85.93991807009559,0
per_huruf_hybrid_skeleton_forced_loop_no_sig,4,2339,0.970942299709423,71.89076012744651,85.93400091033227,71.89076012744651,85.93400091033227,0
per_huruf_hybrid_skeleton_forced_loop_no_sig,4,2340,0.9713574097135741,71.94264906690942,85.92171142467001,71.94264906690942,85.92171142467001,0
per_huruf_hybrid_skeleton_forced_loop_no_sig,4,2341,0.9717725197177252,71.98634501593081,85.9126081019572,71.98634501593081,85.9126081019572,0
per_huruf_hybrid_skeleton_forced_loop_no_sig,4,2342,0.9721876297218763,72.0150204824761,85.91624943104233,72.0150204824761,85.91624943104233,0
per_huruf_hybrid_skeleton_forced_loop_no_sig,4,2343,0.9726027397260274,72.02184797451069,85.94219390077377,72.02184797451069,85.94219390077377,0
per_huruf_hybrid_skeleton_forced_loop_no_sig,4,2344,0.9730178497301785,72.0,86.0,72.0,86.0,0
per_huruf_hybrid_skeleton_forced_loop_no_sig,4,2345,0.9734329597343296,71.955848884843,86.07692307692308,71.955848884843,86.07692307692308,0
per_huruf_hybrid_skeleton_forced_loop_no_sig,4,2346,0.9738480697384807,71.90122894856624,86.15384615384615,71.90122894856624,86.15384615384615,0
per_huruf_hybrid_skeleton_forced_loop_no_sig,4,2347,0.9742631797426318,71.83750568957667,86.23076923076921,71.83750568957667,86.23076923076921,0
per_huruf_hybrid_skeleton_forced_loop_no_sig,4,2348,0.9746782897467829,71.76604460628128,86.30769230769229,71.76604460628128,86.30769230769229,0
per_huruf_hybrid_skeleton_forced_loop_no_sig,4,2349,0.975093399750934,71.68821119708693,86.3846153846154,71.68821119708693,86.3846153846154,0
per_huruf_hybrid_skeleton_forced_loop_no_sig,4,2350,0.9755085097550851,71.60537096040053,86.46153846153845,71.60537096040053,86.46153846153845,0
per_huruf_hybrid_skeleton_forced_loop_no_sig,4,2351,0.9759236197592361,71.51888939462904,86.53846153846155,71.51888939462904,86.53846153846155,0
per_huruf_hybrid_skeleton_forced_loop_no_sig,4,2352,0.9763387297633873,71.43013199817933,86.61538461538461,71.43013199817933,86.61538461538461,0
per_huruf_hybrid_skeleton_forced_loop_no_sig,4,2353,0.9767538397675384,71.34046426945835,86.69230769230768,71.34046426945835,86.69230769230768,0
per_huruf_hybrid_skeleton_forced_loop_no_sig,4,2354,0.9771689497716894,71.251251706873,86.76923076923076,71.251251706873,86.76923076923076,0
per_huruf_hybrid_skeleton_forced_loop_no_sig,4,2355,0.9775840597758406,71.16385980883022,86.84615384615385,71.16385980883022,86.84615384615385,0
per_huruf_hybrid_skeleton_forced_loop_no_sig,4,2356,0.9779991697799917,71.07965407373692,86.92307692307693,71.07965407373692,86.92307692307693,0
per_huruf_hybrid_skeleton_forced_loop_no_sig,4,2357,0.9784142797841427,71.0,87.0,71.0,87.0,0
per_huruf_hybrid_skeleton_forced_loop_no_sig,4,2358,0.9788293897882939,70.93400091033229,87.0714610832954,70.93400091033229,87.0714610832954,0
per_huruf_hybrid_skeleton_forced_loop_no_sig,4,2359,0.979244499792445,70.88620846609012,87.13381884387802,70.88620846609012,87.13381884387802,0
per_huruf_hybrid_skeleton_forced_loop_no_sig,4,2360,0.979659609796596,70.85116067364586,87.18980427856167,70.85116067364586,87.18980427856167,0
per_huruf_hybrid_skeleton_forced_loop_no_sig,4,2361,0.9800747198007472,70.82339553937186,87.24214838416022,70.82339553937186,87.24214838416022,0
per_huruf_hybrid_skeleton_forced_loop_no_sig,4,2362,0.9804898298048983,70.79745106964043,87.29358215748748,70.79745106964043,87.29358215748748,0
per_huruf_hybrid_skeleton_forced_loop_no_sig,4,2363,0.9809049398090494,70.76786527082386,87.3468365953573,70.76786527082386,87.3468365953573,0
per_huruf_hybrid_skeleton_forced_loop_no_sig,4,2364,0.9813200498132005,70.72917614929449,87.40464269458353,70.72917614929449,87.40464269458353,0
per_huruf_hybrid_skeleton_forced_loop_no_sig,4,2365,0.9817351598173516,70.67592171142468,87.46973145197997,70.67592171142468,87.46973145197997,0
per_huruf_hybrid_skeleton_forced_loop_no_sig,4,2366,0.9821502698215027,70.60263996358671,87.54483386436048,70.60263996358671,87.54483386436048,0
per_huruf_hybrid_skeleton_forced_loop_no_sig,4,2367,0.9825653798256538,70.50386891215294,87.63268092853892,70.50386891215294,87.63268092853892,0
per_huruf_hybrid_skeleton_forced_loop_no_sig,4,2368,0.9829804898298049,70.37414656349569,87.73600364132909,70.37414656349569,87.73600364132909,0
per_huruf_hybrid_skeleton_forced_loop_no_sig,4,2369,0.983395599833956,70.20801092398725,87.85753299954483,70.20801092398725,87.85753299954483,0
per_huruf_hybrid_skeleton_forced_loop_no_sig,4,2370,0.9838107098381071,70.0,88.0,70.0,88.0,0
per_huruf_hybrid_skeleton_forced_loop_no_sig,4,2371,0.9842258198422582,69.73554847519345,88.17068730086483,69.73554847519345,88.17068730086483,0
per_huruf_hybrid_skeleton_forced_loop_no_sig,4,2372,0.9846409298464093,69.41101502048247,88.37141556668185,69.41101502048247,88.37141556668185,0
per_huruf_hybrid_skeleton_forced_loop_no_sig,4,2373,0.9850560398505603,69.03732362312243,88.5967228038234,69.03732362312243,88.5967228038234,0
per_huruf_hybrid_skeleton_forced_loop_no_sig,4,2374,0.9854711498547115,68.62539827036866,88.8411470186618,68.62539827036866,88.8411470186618,0
per_huruf_hybrid_skeleton_forced_loop_no_sig,4,2375,0.9858862598588626,68.18616294947657,89.09922621756942,68.18616294947657,89.09922621756942,0
per_huruf_hybrid_skeleton_forced_loop_no_sig,4,2376,0.9863013698630136,67.73054164770141,89.36549840691852,67.73054164770141,89.36549840691852,0
per_huruf_hybrid_skeleton_forced_loop_no_sig,4,2377,0.9867164798671648,67.26945835229859,89.63450159308148,67.26945835229859,89.63450159308148,0
per_huruf_hybrid_skeleton_forced_loop_no_sig,4,2378,0.9871315898713159,66.81383705052345,89.90077378243058,66.81383705052345,89.90077378243058,0
per_huruf_hybrid_skeleton_forced_loop_no_sig,4,2379,0.987546699875467,66.37460172963131,90.15885298133819,66.37460172963131,90.15885298133819,0
per_huruf_hybrid_skeleton_forced_loop_no_sig,4,2380,0.9879618098796181,65.96267637687755,90.40327719617659,65.96267637687755,90.40327719617659,0
per_huruf_hybrid_skeleton_forced_loop_no_sig,4,2381,0.9883769198837692,65.58898497951753,90.62858443331817,65.58898497951753,90.62858443331817,0
per_huruf_hybrid_skeleton_forced_loop_no_sig,4,2382,0.9887920298879203,65.26445152480656,90.82931269913519,65.26445152480656,90.82931269913519,0
per_huruf_hybrid_skeleton_forced_loop_no_sig,4,2383,0.9892071398920714,65.0,91.0,65.0,91.0,0
per_huruf_hybrid_skeleton_forced_loop_no_sig,4,2384,0.9896222498962225,64.79198907601275,91.14246700045517,64.79198907601275,91.14246700045517,0
per_huruf_hybrid_skeleton_forced_loop_no_sig,4,2385,0.9900373599003736,64.62585343650433,91.26399635867092,64.62585343650433,91.26399635867092,0
per_huruf_hybrid_skeleton_forced_loop_no_sig,4,2386,0.9904524699045247,64.49613108784705,91.36731907146107,64.49613108784705,91.36731907146107,0
per_huruf_hybrid_skeleton_forced_loop_no_sig,4,2387,0.9908675799086758,64.39736003641329,91.4551661356395,64.39736003641329,91.4551661356395,0
per_huruf_hybrid_skeleton_forced_loop_no_sig,4,2388,0.9912826899128269,64.32407828857534,91.53026854802005,64.32407828857534,91.53026854802005,0
per_huruf_hybrid_skeleton_forced_loop_no_sig,4,2389,0.991697799916978,64.27082385070551,91.59535730541648,64.27082385070551,91.59535730541648,0
per_huruf_hybrid_skeleton_forced_loop_no_sig,4,2390,0.9921129099211291,64.23213472917615,91.6531634046427,64.23213472917615,91.6531634046427,0
per_huruf_hybrid_skeleton_forced_loop_no_sig,4,2391,0.9925280199252802,64.20254893035958,91.70641784251252,64.20254893035958,91.70641784251252,0
per_huruf_hybrid_skeleton_forced_loop_no_sig,4,2392,0.9929431299294313,64.17660446062813,91.75785161583977,64.17660446062813,91.75785161583977,0
per_huruf_hybrid_skeleton_forced_loop_no_sig,4,2393,0.9933582399335824,64.1488393263541,91.8101957214383,64.1488393263541,91.8101957214383,0
per_huruf_hybrid_skeleton_forced_loop_no_sig,4,2394,0.9937733499377335,64.11379153390988,91.86618115612198,64.11379153390988,91.86618115612198,0
per_huruf_hybrid_skeleton_forced_loop_no_sig,4,2395,0.9941884599418845,64.06599908966773,91.9285389167046,64.06599908966773,91.9285389167046,0
per_huruf_hybrid_skeleton_forced_loop_no_sig,4,2396,0.9946035699460357,64.0,92.0,64.0,92.0,0
per_huruf_hybrid_skeleton_forced_loop_no_sig,4,2397,0.9950186799501868,63.92034592626309,92.07965407373693,63.92034592626309,92.07965407373693,0
per_huruf_hybrid_skeleton_forced_loop_no_sig,4,2398,0.9954337899543378,63.83614019116978,92.16385980883022,63.83614019116978,92.16385980883022,0
per_huruf_hybrid_skeleton_forced_loop_no_sig,4,2399,0.995848899958489,63.74874829312698,92.25125170687299,63.74874829312698,92.25125170687299,0
per_huruf_hybrid_skeleton_forced_loop_no_sig,4,2400,0.9962640099626401,63.65953573054165,92.34046426945835,63.65953573054165,92.34046426945835,0
per_huruf_hybrid_skeleton_forced_loop_no_sig,4,2401,0.9966791199667911,63.56986800182068,92.43013199817935,63.56986800182068,92.43013199817935,0
per_huruf_hybrid_skeleton_forced_loop_no_sig,4,2402,0.9970942299709423,63.48111060537096,92.51888939462904,63.48111060537096,92.51888939462904,0
per_huruf_hybrid_skeleton_forced_loop_no_sig,4,2403,0.9975093399750934,63.39462903959946,92.60537096040053,63.39462903959946,92.60537096040053,0
per_huruf_hybrid_skeleton_forced_loop_no_sig,4,2404,0.9979244499792445,63.311788802913064,92.68821119708694,63.311788802913064,92.68821119708694,0
per_huruf_hybrid_skeleton_forced_loop_no_sig,4,2405,0.9983395599833956,63.2339553937187,92.7660446062813,63.2339553937187,92.7660446062813,0
per_huruf_hybrid_skeleton_forced_loop_no_sig,4,2406,0.9987546699875467,63.1624943104233,92.83750568957669,63.1624943104233,92.83750568957669,0
per_huruf_hybrid_skeleton_forced_loop_no_sig,4,2407,0.9991697799916978,63.09877105143377,92.90122894856623,63.09877105143377,92.90122894856623,0
per_huruf_hybrid_skeleton_forced_loop_no_sig,4,2408,0.9995848899958489,63.04415111515703,92.95584888484296,63.04415111515703,92.95584888484296,0
per_huruf_hybrid_skeleton_forced_loop_no_sig,4,2409,1.0,63.0,93.0,63.0,93.0,0
