label,huruf,point_index,t,bezier_xx_x,bezier_xx_y,xx_sc_x,xx_sc_y,is_sample_output_bezier_py
per_huruf_hybrid_skeleton_forced_loop_no_sig,1,0,0.0,8.0,71.0,8.0,71.0,0
per_huruf_hybrid_skeleton_forced_loop_no_sig,1,1,0.0010235414534288639,8.04688211197087,70.89030496131089,8.04688211197087,70.89030496131089,0
per_huruf_hybrid_skeleton_forced_loop_no_sig,1,2,0.0020470829068577278,8.108784706417843,70.79107874374147,8.108784706417843,70.79107874374147,0
per_huruf_hybrid_skeleton_forced_loop_no_sig,1,3,0.0030706243602865915,8.18297678652708,70.70095584888483,8.18297678652708,70.70095584888483,0
per_huruf_hybrid_skeleton_forced_loop_no_sig,1,4,0.0040941658137154556,8.266727355484752,70.61857077833407,8.266727355484752,70.61857077833407,0
per_huruf_hybrid_skeleton_forced_loop_no_sig,1,5,0.00511770726714432,8.357305416477015,70.5425580336823,8.357305416477015,70.5425580336823,0
per_huruf_hybrid_skeleton_forced_loop_no_sig,1,6,0.006141248720573183,8.451979972690031,70.47155211652255,8.451979972690031,70.47155211652255,0
per_huruf_hybrid_skeleton_forced_loop_no_sig,1,7,0.007164790174002047,8.548020027309969,70.40418752844789,8.548020027309969,70.40418752844789,0
per_huruf_hybrid_skeleton_forced_loop_no_sig,1,8,0.008188331627430911,8.642694583522987,70.33909877105144,8.642694583522987,70.33909877105144,0
per_huruf_hybrid_skeleton_forced_loop_no_sig,1,9,0.009211873080859774,8.733272644515248,70.27492034592626,8.733272644515248,70.27492034592626,0
per_huruf_hybrid_skeleton_forced_loop_no_sig,1,10,0.01023541453428864,8.817023213472918,70.21028675466545,8.817023213472918,70.21028675466545,0
per_huruf_hybrid_skeleton_forced_loop_no_sig,1,11,0.011258955987717503,8.891215293582158,70.14383249886208,8.891215293582158,70.14383249886208,0
per_huruf_hybrid_skeleton_forced_loop_no_sig,1,12,0.012282497441146366,8.95311788802913,70.07419208010924,8.95311788802913,70.07419208010924,0
per_huruf_hybrid_skeleton_forced_loop_no_sig,1,13,0.01330603889457523,9.0,70.0,9.0,70.0,0
per_huruf_hybrid_skeleton_forced_loop_no_sig,1,14,0.014329580348004094,9.030040964952208,69.92307692307695,9.030040964952208,69.92307692307695,0
per_huruf_hybrid_skeleton_forced_loop_no_sig,1,15,0.015353121801432959,9.04506144742831,69.84615384615384,9.04506144742831,69.84615384615384,0
per_huruf_hybrid_skeleton_forced_loop_no_sig,1,16,0.016376663254861822,9.047792444242146,69.76923076923076,9.047792444242146,69.76923076923076,0
per_huruf_hybrid_skeleton_forced_loop_no_sig,1,17,0.017400204708290685,9.040964952207556,69.69230769230768,9.040964952207556,69.69230769230768,0
per_huruf_hybrid_skeleton_forced_loop_no_sig,1,18,0.01842374616171955,9.027309968138372,69.61538461538461,9.027309968138372,69.61538461538461,0
per_huruf_hybrid_skeleton_forced_loop_no_sig,1,19,0.019447287615148415,9.00955848884843,69.53846153846155,9.00955848884843,69.53846153846155,0
per_huruf_hybrid_skeleton_forced_loop_no_sig,1,20,0.02047082906857728,8.99044151115157,69.46153846153847,8.99044151115157,69.46153846153847,0
per_huruf_hybrid_skeleton_forced_loop_no_sig,1,21,0.021494370522006142,8.97269003186163,69.38461538461539,8.97269003186163,69.38461538461539,0
per_huruf_hybrid_skeleton_forced_loop_no_sig,1,22,0.022517911975435005,8.959035047792444,69.3076923076923,8.959035047792444,69.3076923076923,0
per_huruf_hybrid_skeleton_forced_loop_no_sig,1,23,0.02354145342886387,8.952207555757852,69.23076923076923,8.952207555757852,69.23076923076923,0
per_huruf_hybrid_skeleton_forced_loop_no_sig,1,24,0.02456499488229273,8.95493855257169,69.15384615384616,8.95493855257169,69.15384615384616,0
per_huruf_hybrid_skeleton_forced_loop_no_sig,1,25,0.0255885363357216,8.969959035047792,69.07692307692308,8.969959035047792,69.07692307692308,0
per_huruf_hybrid_skeleton_forced_loop_no_sig,1,26,0.02661207778915046,9.0,69.0,9.0,69.0,0
per_huruf_hybrid_skeleton_forced_loop_no_sig,1,27,0.027635619242579325,9.04688211197087,68.92307692307692,9.04688211197087,68.92307692307692,0
per_huruf_hybrid_skeleton_forced_loop_no_sig,1,28,0.028659160696008188,9.108784706417842,68.84615384615385,9.108784706417842,68.84615384615385,0
per_huruf_hybrid_skeleton_forced_loop_no_sig,1,29,0.02968270214943705,9.18297678652708,68.76923076923076,9.18297678652708,68.76923076923076,0
per_huruf_hybrid_skeleton_forced_loop_no_sig,1,30,0.030706243602865918,9.266727355484752,68.6923076923077,9.266727355484752,68.6923076923077,0
per_huruf_hybrid_skeleton_forced_loop_no_sig,1,31,0.03172978505629478,9.357305416477017,68.61538461538463,9.357305416477017,68.61538461538463,0
per_huruf_hybrid_skeleton_forced_loop_no_sig,1,32,0.032753326509723645,9.451979972690033,68.53846153846155,9.451979972690033,68.53846153846155,0
per_huruf_hybrid_skeleton_forced_loop_no_sig,1,33,0.03377686796315251,9.548020027309967,68.46153846153847,9.548020027309967,68.46153846153847,0
per_huruf_hybrid_skeleton_forced_loop_no_sig,1,34,0.03480040941658137,9.642694583522987,68.38461538461539,9.642694583522987,68.38461538461539,0
per_huruf_hybrid_skeleton_forced_loop_no_sig,1,35,0.03582395087001024,9.73327264451525,68.30769230769229,9.73327264451525,68.30769230769229,0
per_huruf_hybrid_skeleton_forced_loop_no_sig,1,36,0.0368474923234391,9.817023213472918,68.23076923076923,9.817023213472918,68.23076923076923,0
per_huruf_hybrid_skeleton_forced_loop_no_sig,1,37,0.037871033776867964,9.891215293582158,68.15384615384616,9.891215293582158,68.15384615384616,0
per_huruf_hybrid_skeleton_forced_loop_no_sig,1,38,0.03889457523029683,9.95311788802913,68.07692307692308,9.95311788802913,68.07692307692308,0
per_huruf_hybrid_skeleton_forced_loop_no_sig,1,39,0.03991811668372569,10.0,68.0,10.0,68.0,0
per_huruf_hybrid_skeleton_forced_loop_no_sig,1,40,0.04094165813715456,10.032771961766045,67.92307692307693,10.032771961766045,67.92307692307693,1
per_huruf_hybrid_skeleton_forced_loop_no_sig,1,41,0.04196519959058342,10.055075102412381,67.84615384615385,10.055075102412381,67.84615384615385,0
per_huruf_hybrid_skeleton_forced_loop_no_sig,1,42,0.042988741044012284,10.068274920345926,67.76923076923076,10.068274920345926,67.76923076923076,0
per_huruf_hybrid_skeleton_forced_loop_no_sig,1,43,0.04401228249744115,10.0737369139736,67.69230769230768,10.0737369139736,67.69230769230768,0
per_huruf_hybrid_skeleton_forced_loop_no_sig,1,44,0.04503582395087001,10.072826581702321,67.61538461538463,10.072826581702321,67.61538461538463,0
per_huruf_hybrid_skeleton_forced_loop_no_sig,1,45,0.04605936540429888,10.066909421939007,67.53846153846155,10.066909421939007,67.53846153846155,0
per_huruf_hybrid_skeleton_forced_loop_no_sig,1,46,0.04708290685772774,10.057350933090579,67.46153846153845,10.057350933090579,67.46153846153845,0
per_huruf_hybrid_skeleton_forced_loop_no_sig,1,47,0.048106448311156604,10.04551661356395,67.38461538461539,10.04551661356395,67.38461538461539,0
per_huruf_hybrid_skeleton_forced_loop_no_sig,1,48,0.04912998976458546,10.032771961766045,67.3076923076923,10.032771961766045,67.3076923076923,0
per_huruf_hybrid_skeleton_forced_loop_no_sig,1,49,0.05015353121801433,10.020482476103776,67.23076923076923,10.020482476103776,67.23076923076923,0
per_huruf_hybrid_skeleton_forced_loop_no_sig,1,50,0.0511770726714432,10.01001365498407,67.15384615384616,10.01001365498407,67.15384615384616,0
per_huruf_hybrid_skeleton_forced_loop_no_sig,1,51,0.052200614124872056,10.002730996813836,67.07692307692308,10.002730996813836,67.07692307692308,0
per_huruf_hybrid_skeleton_forced_loop_no_sig,1,52,0.05322415557830092,10.0,67.0,10.0,67.0,0
per_huruf_hybrid_skeleton_forced_loop_no_sig,1,53,0.05424769703172978,9.997269003186165,66.92307692307693,9.997269003186165,66.92307692307693,0
per_huruf_hybrid_skeleton_forced_loop_no_sig,1,54,0.05527123848515865,9.98998634501593,66.84615384615385,9.98998634501593,66.84615384615385,0
per_huruf_hybrid_skeleton_forced_loop_no_sig,1,55,0.056294779938587516,9.97951752389622,66.76923076923076,9.97951752389622,66.76923076923076,0
per_huruf_hybrid_skeleton_forced_loop_no_sig,1,56,0.057318321392016376,9.967228038233955,66.69230769230768,9.967228038233955,66.69230769230768,0
per_huruf_hybrid_skeleton_forced_loop_no_sig,1,57,0.05834186284544524,9.954483386436051,66.61538461538463,9.954483386436051,66.61538461538463,0
per_huruf_hybrid_skeleton_forced_loop_no_sig,1,58,0.0593654042988741,9.942649066909423,66.53846153846155,9.942649066909423,66.53846153846155,0
per_huruf_hybrid_skeleton_forced_loop_no_sig,1,59,0.06038894575230297,9.933090578060991,66.46153846153847,9.933090578060991,66.46153846153847,0
per_huruf_hybrid_skeleton_forced_loop_no_sig,1,60,0.061412487205731836,9.927173418297679,66.38461538461539,9.927173418297679,66.38461538461539,0
per_huruf_hybrid_skeleton_forced_loop_no_sig,1,61,0.062436028659160696,9.926263086026399,66.3076923076923,9.926263086026399,66.3076923076923,1
per_huruf_hybrid_skeleton_forced_loop_no_sig,1,62,0.06345957011258956,9.931725079654074,66.23076923076923,9.931725079654074,66.23076923076923,0
per_huruf_hybrid_skeleton_forced_loop_no_sig,1,63,0.06448311156601842,9.944924897587619,66.15384615384616,9.944924897587619,66.15384615384616,0
per_huruf_hybrid_skeleton_forced_loop_no_sig,1,64,0.06550665301944729,9.967228038233955,66.07692307692308,9.967228038233955,66.07692307692308,0
per_huruf_hybrid_skeleton_forced_loop_no_sig,1,65,0.06653019447287616,10.0,66.0,10.0,66.0,0
per_huruf_hybrid_skeleton_forced_loop_no_sig,1,66,0.06755373592630502,10.044151115157032,65.92307692307693,10.044151115157032,65.92307692307693,0
per_huruf_hybrid_skeleton_forced_loop_no_sig,1,67,0.06857727737973388,10.098771051433774,65.84615384615385,10.098771051433774,65.84615384615385,0
per_huruf_hybrid_skeleton_forced_loop_no_sig,1,68,0.06960081883316274,10.162494310423304,65.76923076923077,10.162494310423304,65.76923076923077,0
per_huruf_hybrid_skeleton_forced_loop_no_sig,1,69,0.07062436028659161,10.233955393718707,65.6923076923077,10.233955393718707,65.6923076923077,0
per_huruf_hybrid_skeleton_forced_loop_no_sig,1,70,0.07164790174002048,10.311788802913062,65.61538461538461,10.311788802913062,65.61538461538461,0
per_huruf_hybrid_skeleton_forced_loop_no_sig,1,71,0.07267144319344934,10.394629039599453,65.53846153846153,10.394629039599453,65.53846153846153,0
per_huruf_hybrid_skeleton_forced_loop_no_sig,1,72,0.0736949846468782,10.48111060537096,65.46153846153847,10.48111060537096,65.46153846153847,0
per_huruf_hybrid_skeleton_forced_loop_no_sig,1,73,0.07471852610030706,10.569868001820664,65.38461538461539,10.569868001820664,65.38461538461539,0
per_huruf_hybrid_skeleton_forced_loop_no_sig,1,74,0.07574206755373593,10.659535730541647,65.3076923076923,10.659535730541647,65.3076923076923,0
per_huruf_hybrid_skeleton_forced_loop_no_sig,1,75,0.0767656090071648,10.74874829312699,65.23076923076923,10.74874829312699,65.23076923076923,0
per_huruf_hybrid_skeleton_forced_loop_no_sig,1,76,0.07778915046059366,10.836140191169775,65.15384615384616,10.836140191169775,65.15384615384616,0
per_huruf_hybrid_skeleton_forced_loop_no_sig,1,77,0.07881269191402251,10.920345926263085,65.07692307692307,10.920345926263085,65.07692307692307,0
per_huruf_hybrid_skeleton_forced_loop_no_sig,1,78,0.07983623336745138,11.0,65.0,11.0,65.0,0
per_huruf_hybrid_skeleton_forced_loop_no_sig,1,79,0.08085977482088025,11.076923076923078,64.9203459262631,11.076923076923078,64.9203459262631,0
per_huruf_hybrid_skeleton_forced_loop_no_sig,1,80,0.08188331627430911,11.153846153846155,64.83614019116979,11.153846153846155,64.83614019116979,0
per_huruf_hybrid_skeleton_forced_loop_no_sig,1,81,0.08290685772773798,11.230769230769228,64.74874829312698,11.230769230769228,64.74874829312698,1
per_huruf_hybrid_skeleton_forced_loop_no_sig,1,82,0.08393039918116683,11.307692307692307,64.65953573054165,11.307692307692307,64.65953573054165,0
per_huruf_hybrid_skeleton_forced_loop_no_sig,1,83,0.0849539406345957,11.384615384615385,64.56986800182068,11.384615384615385,64.56986800182068,0
per_huruf_hybrid_skeleton_forced_loop_no_sig,1,84,0.08597748208802457,11.461538461538463,64.48111060537097,11.461538461538463,64.48111060537097,0
per_huruf_hybrid_skeleton_forced_loop_no_sig,1,85,0.08700102354145343,11.53846153846154,64.39462903959947,11.53846153846154,64.39462903959947,0
per_huruf_hybrid_skeleton_forced_loop_no_sig,1,86,0.0880245649948823,11.615384615384617,64.31178880291307,11.615384615384617,64.31178880291307,0
per_huruf_hybrid_skeleton_forced_loop_no_sig,1,87,0.08904810644831115,11.692307692307692,64.2339553937187,11.692307692307692,64.2339553937187,0
per_huruf_hybrid_skeleton_forced_loop_no_sig,1,88,0.09007164790174002,11.769230769230766,64.1624943104233,11.769230769230766,64.1624943104233,0
per_huruf_hybrid_skeleton_forced_loop_no_sig,1,89,0.09109518935516889,11.846153846153847,64.09877105143377,11.846153846153847,64.09877105143377,0
per_huruf_hybrid_skeleton_forced_loop_no_sig,1,90,0.09211873080859775,11.923076923076922,64.04415111515704,11.923076923076922,64.04415111515704,0
per_huruf_hybrid_skeleton_forced_loop_no_sig,1,91,0.09314227226202662,12.0,64.0,12.0,64.0,1
per_huruf_hybrid_skeleton_forced_loop_no_sig,1,92,0.09416581371545547,12.076923076923078,63.96995903504781,12.076923076923078,63.96995903504781,0
per_huruf_hybrid_skeleton_forced_loop_no_sig,1,93,0.09518935516888434,12.153846153846155,63.95493855257169,12.153846153846155,63.95493855257169,0
per_huruf_hybrid_skeleton_forced_loop_no_sig,1,94,0.09621289662231321,12.23076923076923,63.952207555757845,12.23076923076923,63.952207555757845,0
per_huruf_hybrid_skeleton_forced_loop_no_sig,1,95,0.09723643807574207,12.307692307692307,63.95903504779243,12.307692307692307,63.95903504779243,0
per_huruf_hybrid_skeleton_forced_loop_no_sig,1,96,0.09825997952917093,12.384615384615385,63.972690031861646,12.384615384615385,63.972690031861646,0
per_huruf_hybrid_skeleton_forced_loop_no_sig,1,97,0.0992835209825998,12.461538461538462,63.99044151115157,12.461538461538462,63.99044151115157,0
per_huruf_hybrid_skeleton_forced_loop_no_sig,1,98,0.10030706243602866,12.53846153846154,64.00955848884843,12.53846153846154,64.00955848884843,0
per_huruf_hybrid_skeleton_forced_loop_no_sig,1,99,0.10133060388945753,12.615384615384617,64.02730996813838,12.615384615384617,64.02730996813838,0
per_huruf_hybrid_skeleton_forced_loop_no_sig,1,100,0.1023541453428864,12.69230769230769,64.04096495220756,12.69230769230769,64.04096495220756,0
per_huruf_hybrid_skeleton_forced_loop_no_sig,1,101,0.10337768679631525,12.769230769230768,64.04779244424215,12.769230769230768,64.04779244424215,0
per_huruf_hybrid_skeleton_forced_loop_no_sig,1,102,0.10440122824974411,12.846153846153847,64.04506144742831,12.846153846153847,64.04506144742831,0
per_huruf_hybrid_skeleton_forced_loop_no_sig,1,103,0.10542476970317298,12.923076923076922,64.0300409649522,12.923076923076922,64.0300409649522,0
per_huruf_hybrid_skeleton_forced_loop_no_sig,1,104,0.10644831115660185,13.0,64.0,13.0,64.0,0
per_huruf_hybrid_skeleton_forced_loop_no_sig,1,105,0.10747185261003071,13.076923076923078,63.953117888029134,13.076923076923078,63.953117888029134,0
per_huruf_hybrid_skeleton_forced_loop_no_sig,1,106,0.10849539406345957,13.153846153846157,63.891215293582164,13.153846153846157,63.891215293582164,0
per_huruf_hybrid_skeleton_forced_loop_no_sig,1,107,0.10951893551688843,13.230769230769228,63.81702321347291,13.230769230769228,63.81702321347291,0
per_huruf_hybrid_skeleton_forced_loop_no_sig,1,108,0.1105424769703173,13.307692307692307,63.733272644515246,13.307692307692307,63.733272644515246,0
per_huruf_hybrid_skeleton_forced_loop_no_sig,1,109,0.11156601842374617,13.384615384615387,63.642694583522996,13.384615384615387,63.642694583522996,0
per_huruf_hybrid_skeleton_forced_loop_no_sig,1,110,0.11258955987717503,13.461538461538462,63.548020027309974,13.461538461538462,63.548020027309974,0
per_huruf_hybrid_skeleton_forced_loop_no_sig,1,111,0.11361310133060389,13.538461538461538,63.45197997269003,13.538461538461538,63.45197997269003,0
per_huruf_hybrid_skeleton_forced_loop_no_sig,1,112,0.11463664278403275,13.615384615384617,63.35730541647701,13.615384615384617,63.35730541647701,0
per_huruf_hybrid_skeleton_forced_loop_no_sig,1,113,0.11566018423746162,13.69230769230769,63.26672735548475,13.69230769230769,63.26672735548475,0
per_huruf_hybrid_skeleton_forced_loop_no_sig,1,114,0.11668372569089049,13.769230769230768,63.18297678652707,13.769230769230768,63.18297678652707,0
per_huruf_hybrid_skeleton_forced_loop_no_sig,1,115,0.11770726714431935,13.846153846153845,63.10878470641784,13.846153846153845,63.10878470641784,0
per_huruf_hybrid_skeleton_forced_loop_no_sig,1,116,0.1187308085977482,13.923076923076923,63.046882111970866,13.923076923076923,63.046882111970866,0
per_huruf_hybrid_skeleton_forced_loop_no_sig,1,117,0.11975435005117707,14.0,63.0,14.0,63.0,0
per_huruf_hybrid_skeleton_forced_loop_no_sig,1,118,0.12077789150460594,14.076923076923078,62.96722803823396,14.076923076923078,62.96722803823396,0
per_huruf_hybrid_skeleton_forced_loop_no_sig,1,119,0.1218014329580348,14.153846153846155,62.944924897587626,14.153846153846155,62.944924897587626,0
per_huruf_hybrid_skeleton_forced_loop_no_sig,1,120,0.12282497441146367,14.23076923076923,62.931725079654065,14.23076923076923,62.931725079654065,0
per_huruf_hybrid_skeleton_forced_loop_no_sig,1,121,0.12384851586489252,14.307692307692307,62.926263086026395,14.307692307692307,62.926263086026395,0
per_huruf_hybrid_skeleton_forced_loop_no_sig,1,122,0.12487205731832139,14.384615384615387,62.927173418297684,14.384615384615387,62.927173418297684,1
per_huruf_hybrid_skeleton_forced_loop_no_sig,1,123,0.12589559877175027,14.461538461538462,62.933090578061,14.461538461538462,62.933090578061,0
per_huruf_hybrid_skeleton_forced_loop_no_sig,1,124,0.1269191402251791,14.538461538461538,62.942649066909425,14.538461538461538,62.942649066909425,0
per_huruf_hybrid_skeleton_forced_loop_no_sig,1,125,0.12794268167860798,14.615384615384617,62.954483386436046,14.615384615384617,62.954483386436046,0
per_huruf_hybrid_skeleton_forced_loop_no_sig,1,126,0.12896622313203684,14.692307692307692,62.967228038233955,14.692307692307692,62.967228038233955,0
per_huruf_hybrid_skeleton_forced_loop_no_sig,1,127,0.1299897645854657,14.769230769230766,62.97951752389621,14.769230769230766,62.97951752389621,0
per_huruf_hybrid_skeleton_forced_loop_no_sig,1,128,0.13101330603889458,14.846153846153847,62.989986345015936,14.846153846153847,62.989986345015936,0
per_huruf_hybrid_skeleton_forced_loop_no_sig,1,129,0.13203684749232344,14.923076923076922,62.99726900318616,14.923076923076922,62.99726900318616,0
per_huruf_hybrid_skeleton_forced_loop_no_sig,1,130,0.1330603889457523,15.0,63.0,15.0,63.0,0
per_huruf_hybrid_skeleton_forced_loop_no_sig,1,131,0.13408393039918118,15.07692307692308,63.00000000000001,15.07692307692308,63.00000000000001,0
per_huruf_hybrid_skeleton_forced_loop_no_sig,1,132,0.13510747185261004,15.153846153846155,63.0,15.153846153846155,63.0,0
per_huruf_hybrid_skeleton_forced_loop_no_sig,1,133,0.13613101330603888,15.230769230769228,62.999999999999986,15.230769230769228,62.999999999999986,0
per_huruf_hybrid_skeleton_forced_loop_no_sig,1,134,0.13715455475946775,15.307692307692307,63.0,15.307692307692307,63.0,0
per_huruf_hybrid_skeleton_forced_loop_no_sig,1,135,0.13817809621289662,15.384615384615387,63.00000000000001,15.384615384615387,63.00000000000001,0
per_huruf_hybrid_skeleton_forced_loop_no_sig,1,136,0.13920163766632548,15.461538461538463,63.0,15.461538461538463,63.0,0
per_huruf_hybrid_skeleton_forced_loop_no_sig,1,137,0.14022517911975435,15.538461538461538,63.00000000000001,15.538461538461538,63.00000000000001,0
per_huruf_hybrid_skeleton_forced_loop_no_sig,1,138,0.14124872057318322,15.615384615384615,63.0,15.615384615384615,63.0,0
per_huruf_hybrid_skeleton_forced_loop_no_sig,1,139,0.14227226202661208,15.692307692307692,63.0,15.692307692307692,63.0,0
per_huruf_hybrid_skeleton_forced_loop_no_sig,1,140,0.14329580348004095,15.769230769230768,62.99999999999999,15.769230769230768,62.99999999999999,0
per_huruf_hybrid_skeleton_forced_loop_no_sig,1,141,0.14431934493346982,15.846153846153847,63.0,15.846153846153847,63.0,0
per_huruf_hybrid_skeleton_forced_loop_no_sig,1,142,0.14534288638689868,15.923076923076923,63.0,15.923076923076923,63.0,0
per_huruf_hybrid_skeleton_forced_loop_no_sig,1,143,0.14636642784032752,16.0,63.0,16.0,63.0,0
per_huruf_hybrid_skeleton_forced_loop_no_sig,1,144,0.1473899692937564,16.076923076923077,62.99726900318617,16.076923076923077,62.99726900318617,0
per_huruf_hybrid_skeleton_forced_loop_no_sig,1,145,0.14841351074718526,16.153846153846153,62.98998634501593,16.153846153846153,62.98998634501593,0
per_huruf_hybrid_skeleton_forced_loop_no_sig,1,146,0.14943705220061412,16.23076923076923,62.97951752389621,16.23076923076923,62.97951752389621,0
per_huruf_hybrid_skeleton_forced_loop_no_sig,1,147,0.150460593654043,16.307692307692307,62.967228038233955,16.307692307692307,62.967228038233955,0
per_huruf_hybrid_skeleton_forced_loop_no_sig,1,148,0.15148413510747186,16.384615384615387,62.95448338643605,16.384615384615387,62.95448338643605,0
per_huruf_hybrid_skeleton_forced_loop_no_sig,1,149,0.15250767656090072,16.461538461538463,62.942649066909425,16.461538461538463,62.942649066909425,0
per_huruf_hybrid_skeleton_forced_loop_no_sig,1,150,0.1535312180143296,16.53846153846154,62.933090578061,16.53846153846154,62.933090578061,0
per_huruf_hybrid_skeleton_forced_loop_no_sig,1,151,0.15455475946775846,16.615384615384617,62.92717341829768,16.615384615384617,62.92717341829768,0
per_huruf_hybrid_skeleton_forced_loop_no_sig,1,152,0.15557830092118732,16.692307692307693,62.926263086026395,16.692307692307693,62.926263086026395,0
per_huruf_hybrid_skeleton_forced_loop_no_sig,1,153,0.15660184237461616,16.769230769230766,62.931725079654065,16.769230769230766,62.931725079654065,0
per_huruf_hybrid_skeleton_forced_loop_no_sig,1,154,0.15762538382804503,16.846153846153847,62.944924897587626,16.846153846153847,62.944924897587626,0
per_huruf_hybrid_skeleton_forced_loop_no_sig,1,155,0.1586489252814739,16.923076923076923,62.967228038233955,16.923076923076923,62.967228038233955,0
per_huruf_hybrid_skeleton_forced_loop_no_sig,1,156,0.15967246673490276,17.0,63.0,17.0,63.0,0
per_huruf_hybrid_skeleton_forced_loop_no_sig,1,157,0.16069600818833163,17.07692307692308,63.04415111515704,17.07692307692308,63.04415111515704,0
per_huruf_hybrid_skeleton_forced_loop_no_sig,1,158,0.1617195496417605,17.153846153846153,63.09877105143378,17.153846153846153,63.09877105143378,0
per_huruf_hybrid_skeleton_forced_loop_no_sig,1,159,0.16274309109518936,17.230769230769226,63.16249431042329,17.230769230769226,63.16249431042329,0
per_huruf_hybrid_skeleton_forced_loop_no_sig,1,160,0.16376663254861823,17.307692307692307,63.233955393718695,17.307692307692307,63.233955393718695,0
per_huruf_hybrid_skeleton_forced_loop_no_sig,1,161,0.1647901740020471,17.384615384615387,63.31178880291307,17.384615384615387,63.31178880291307,0
per_huruf_hybrid_skeleton_forced_loop_no_sig,1,162,0.16581371545547596,17.461538461538463,63.39462903959946,17.461538461538463,63.39462903959946,0
per_huruf_hybrid_skeleton_forced_loop_no_sig,1,163,0.1668372569089048,17.53846153846154,63.48111060537096,17.53846153846154,63.48111060537096,0
per_huruf_hybrid_skeleton_forced_loop_no_sig,1,164,0.16786079836233367,17.615384615384617,63.569868001820666,17.615384615384617,63.569868001820666,0
per_huruf_hybrid_skeleton_forced_loop_no_sig,1,165,0.16888433981576254,17.692307692307693,63.65953573054165,17.692307692307693,63.65953573054165,0
per_huruf_hybrid_skeleton_forced_loop_no_sig,1,166,0.1699078812691914,17.769230769230766,63.74874829312699,17.769230769230766,63.74874829312699,0
per_huruf_hybrid_skeleton_forced_loop_no_sig,1,167,0.17093142272262027,17.846153846153847,63.836140191169775,17.846153846153847,63.836140191169775,0
per_huruf_hybrid_skeleton_forced_loop_no_sig,1,168,0.17195496417604914,17.923076923076923,63.92034592626308,17.923076923076923,63.92034592626308,0
per_huruf_hybrid_skeleton_forced_loop_no_sig,1,169,0.172978505629478,18.0,64.0,18.0,64.0,0
per_huruf_hybrid_skeleton_forced_loop_no_sig,1,170,0.17400204708290687,18.07692307692308,64.07692307692308,18.07692307692308,64.07692307692308,0
per_huruf_hybrid_skeleton_forced_loop_no_sig,1,171,0.17502558853633574,18.153846153846153,64.15384615384616,18.153846153846153,64.15384615384616,0
per_huruf_hybrid_skeleton_forced_loop_no_sig,1,172,0.1760491299897646,18.23076923076923,64.23076923076923,18.23076923076923,64.23076923076923,0
per_huruf_hybrid_skeleton_forced_loop_no_sig,1,173,0.17707267144319344,18.307692307692307,64.30769230769229,18.307692307692307,64.30769230769229,0
per_huruf_hybrid_skeleton_forced_loop_no_sig,1,174,0.1780962128966223,18.38461538461539,64.38461538461539,18.38461538461539,64.38461538461539,0
per_huruf_hybrid_skeleton_forced_loop_no_sig,1,175,0.17911975435005117,18.461538461538463,64.46153846153847,18.461538461538463,64.46153846153847,0
per_huruf_hybrid_skeleton_forced_loop_no_sig,1,176,0.18014329580348004,18.538461538461537,64.53846153846153,18.538461538461537,64.53846153846153,0
per_huruf_hybrid_skeleton_forced_loop_no_sig,1,177,0.1811668372569089,18.615384615384613,64.61538461538463,18.615384615384613,64.61538461538463,0
per_huruf_hybrid_skeleton_forced_loop_no_sig,1,178,0.18219037871033777,18.692307692307693,64.6923076923077,18.692307692307693,64.6923076923077,0
per_huruf_hybrid_skeleton_forced_loop_no_sig,1,179,0.18321392016376664,18.769230769230766,64.76923076923077,18.769230769230766,64.76923076923077,0
per_huruf_hybrid_skeleton_forced_loop_no_sig,1,180,0.1842374616171955,18.846153846153847,64.84615384615385,18.846153846153847,64.84615384615385,1
per_huruf_hybrid_skeleton_forced_loop_no_sig,1,181,0.18526100307062437,18.923076923076923,64.92307692307692,18.923076923076923,64.92307692307692,0
per_huruf_hybrid_skeleton_forced_loop_no_sig,1,182,0.18628454452405324,19.0,65.0,19.0,65.0,0
per_huruf_hybrid_skeleton_forced_loop_no_sig,1,183,0.18730808597748208,19.07965407373692,65.07692307692308,19.07965407373692,65.07692307692308,0
per_huruf_hybrid_skeleton_forced_loop_no_sig,1,184,0.18833162743091095,19.163859808830228,65.15384615384616,19.163859808830228,65.15384615384616,0
per_huruf_hybrid_skeleton_forced_loop_no_sig,1,185,0.18935516888433981,19.251251706873003,65.23076923076923,19.251251706873003,65.23076923076923,0
per_huruf_hybrid_skeleton_forced_loop_no_sig,1,186,0.19037871033776868,19.34046426945835,65.3076923076923,19.34046426945835,65.3076923076923,0
per_huruf_hybrid_skeleton_forced_loop_no_sig,1,187,0.19140225179119755,19.430131998179338,65.38461538461539,19.430131998179338,65.38461538461539,0
per_huruf_hybrid_skeleton_forced_loop_no_sig,1,188,0.19242579324462641,19.51888939462904,65.46153846153847,19.51888939462904,65.46153846153847,0
per_huruf_hybrid_skeleton_forced_loop_no_sig,1,189,0.19344933469805528,19.605370960400542,65.53846153846153,19.605370960400542,65.53846153846153,0
per_huruf_hybrid_skeleton_forced_loop_no_sig,1,190,0.19447287615148415,19.688211197086936,65.61538461538461,19.688211197086936,65.61538461538461,0
per_huruf_hybrid_skeleton_forced_loop_no_sig,1,191,0.19549641760491301,19.76604460628129,65.6923076923077,19.76604460628129,65.6923076923077,0
per_huruf_hybrid_skeleton_forced_loop_no_sig,1,192,0.19651995905834185,19.837505689576695,65.76923076923077,19.837505689576695,65.76923076923077,0
per_huruf_hybrid_skeleton_forced_loop_no_sig,1,193,0.19754350051177072,19.901228948566228,65.84615384615384,19.901228948566228,65.84615384615384,0
per_huruf_hybrid_skeleton_forced_loop_no_sig,1,194,0.1985670419651996,19.95584888484297,65.92307692307692,19.95584888484297,65.92307692307692,0
per_huruf_hybrid_skeleton_forced_loop_no_sig,1,195,0.19959058341862845,20.0,66.0,20.0,66.0,0
per_huruf_hybrid_skeleton_forced_loop_no_sig,1,196,0.20061412487205732,20.035502958579887,66.07692307692308,20.035502958579887,66.07692307692308,0
per_huruf_hybrid_skeleton_forced_loop_no_sig,1,197,0.2016376663254862,20.065088757396452,66.15384615384616,20.065088757396452,66.15384615384616,0
per_huruf_hybrid_skeleton_forced_loop_no_sig,1,198,0.20266120777891505,20.0887573964497,66.23076923076923,20.0887573964497,66.23076923076923,0
per_huruf_hybrid_skeleton_forced_loop_no_sig,1,199,0.20368474923234392,20.106508875739646,66.30769230769229,20.106508875739646,66.30769230769229,0
per_huruf_hybrid_skeleton_forced_loop_no_sig,1,200,0.2047082906857728,20.118343195266274,66.3846153846154,20.118343195266274,66.3846153846154,0
per_huruf_hybrid_skeleton_forced_loop_no_sig,1,201,0.20573183213920165,20.124260355029588,66.46153846153847,20.124260355029588,66.46153846153847,0
per_huruf_hybrid_skeleton_forced_loop_no_sig,1,202,0.2067553735926305,20.124260355029584,66.53846153846155,20.124260355029584,66.53846153846155,0
per_huruf_hybrid_skeleton_forced_loop_no_sig,1,203,0.20777891504605936,20.118343195266274,66.61538461538463,20.118343195266274,66.61538461538463,0
per_huruf_hybrid_skeleton_forced_loop_no_sig,1,204,0.20880245649948823,20.106508875739642,66.6923076923077,20.106508875739642,66.6923076923077,0
per_huruf_hybrid_skeleton_forced_loop_no_sig,1,205,0.2098259979529171,20.0887573964497,66.76923076923077,20.0887573964497,66.76923076923077,0
per_huruf_hybrid_skeleton_forced_loop_no_sig,1,206,0.21084953940634596,20.065088757396452,66.84615384615385,20.065088757396452,66.84615384615385,0
per_huruf_hybrid_skeleton_forced_loop_no_sig,1,207,0.21187308085977483,20.035502958579883,66.92307692307692,20.035502958579883,66.92307692307692,0
per_huruf_hybrid_skeleton_forced_loop_no_sig,1,208,0.2128966223132037,20.0,67.0,20.0,67.0,0
per_huruf_hybrid_skeleton_forced_loop_no_sig,1,209,0.21392016376663256,19.953117888029137,67.07692307692308,19.953117888029137,67.07692307692308,0
per_huruf_hybrid_skeleton_forced_loop_no_sig,1,210,0.21494370522006143,19.891215293582157,67.15384615384616,19.891215293582157,67.15384615384616,0
per_huruf_hybrid_skeleton_forced_loop_no_sig,1,211,0.2159672466734903,19.817023213472915,67.23076923076923,19.817023213472915,67.23076923076923,0
per_huruf_hybrid_skeleton_forced_loop_no_sig,1,212,0.21699078812691913,19.733272644515246,67.3076923076923,19.733272644515246,67.3076923076923,0
per_huruf_hybrid_skeleton_forced_loop_no_sig,1,213,0.218014329580348,19.642694583522992,67.38461538461539,19.642694583522992,67.38461538461539,0
per_huruf_hybrid_skeleton_forced_loop_no_sig,1,214,0.21903787103377687,19.548020027309967,67.46153846153847,19.548020027309967,67.46153846153847,0
per_huruf_hybrid_skeleton_forced_loop_no_sig,1,215,0.22006141248720573,19.45197997269003,67.53846153846153,19.45197997269003,67.53846153846153,0
per_huruf_hybrid_skeleton_forced_loop_no_sig,1,216,0.2210849539406346,19.35730541647702,67.61538461538461,19.35730541647702,67.61538461538461,0
per_huruf_hybrid_skeleton_forced_loop_no_sig,1,217,0.22210849539406347,19.266727355484754,67.69230769230768,19.266727355484754,67.69230769230768,0
per_huruf_hybrid_skeleton_forced_loop_no_sig,1,218,0.22313203684749233,19.18297678652708,67.76923076923076,19.18297678652708,67.76923076923076,0
per_huruf_hybrid_skeleton_forced_loop_no_sig,1,219,0.2241555783009212,19.108784706417843,67.84615384615385,19.108784706417843,67.84615384615385,0
per_huruf_hybrid_skeleton_forced_loop_no_sig,1,220,0.22517911975435007,19.04688211197087,67.92307692307692,19.04688211197087,67.92307692307692,0
per_huruf_hybrid_skeleton_forced_loop_no_sig,1,221,0.22620266120777893,19.0,68.0,19.0,68.0,0
per_huruf_hybrid_skeleton_forced_loop_no_sig,1,222,0.22722620266120777,18.96722803823396,68.0769230769231,18.96722803823396,68.0769230769231,0
per_huruf_hybrid_skeleton_forced_loop_no_sig,1,223,0.22824974411463664,18.944924897587622,68.15384615384616,18.944924897587622,68.15384615384616,0
per_huruf_hybrid_skeleton_forced_loop_no_sig,1,224,0.2292732855680655,18.931725079654072,68.23076923076921,18.931725079654072,68.23076923076921,0
per_huruf_hybrid_skeleton_forced_loop_no_sig,1,225,0.23029682702149437,18.9262630860264,68.30769230769229,18.9262630860264,68.30769230769229,0
per_huruf_hybrid_skeleton_forced_loop_no_sig,1,226,0.23132036847492324,18.92717341829768,68.38461538461539,18.92717341829768,68.38461538461539,0
per_huruf_hybrid_skeleton_forced_loop_no_sig,1,227,0.2323439099283521,18.933090578060995,68.46153846153847,18.933090578060995,68.46153846153847,0
per_huruf_hybrid_skeleton_forced_loop_no_sig,1,228,0.23336745138178097,18.94264906690942,68.53846153846153,18.94264906690942,68.53846153846153,0
per_huruf_hybrid_skeleton_forced_loop_no_sig,1,229,0.23439099283520984,18.95448338643605,68.61538461538461,18.95448338643605,68.61538461538461,0
per_huruf_hybrid_skeleton_forced_loop_no_sig,1,230,0.2354145342886387,18.967228038233955,68.6923076923077,18.967228038233955,68.6923076923077,0
per_huruf_hybrid_skeleton_forced_loop_no_sig,1,231,0.23643807574206757,18.97951752389622,68.76923076923077,18.97951752389622,68.76923076923077,0
per_huruf_hybrid_skeleton_forced_loop_no_sig,1,232,0.2374616171954964,18.98998634501593,68.84615384615385,18.98998634501593,68.84615384615385,0
per_huruf_hybrid_skeleton_forced_loop_no_sig,1,233,0.23848515864892528,18.99726900318616,68.92307692307692,18.99726900318616,68.92307692307692,0
per_huruf_hybrid_skeleton_forced_loop_no_sig,1,234,0.23950870010235414,19.0,69.0,19.0,69.0,0
per_huruf_hybrid_skeleton_forced_loop_no_sig,1,235,0.240532241555783,19.002730996813842,69.07692307692308,19.002730996813842,69.07692307692308,0
per_huruf_hybrid_skeleton_forced_loop_no_sig,1,236,0.24155578300921188,19.01001365498407,69.15384615384615,19.01001365498407,69.15384615384615,0
per_huruf_hybrid_skeleton_forced_loop_no_sig,1,237,0.24257932446264074,19.020482476103776,69.23076923076921,19.020482476103776,69.23076923076921,0
per_huruf_hybrid_skeleton_forced_loop_no_sig,1,238,0.2436028659160696,19.032771961766045,69.30769230769229,19.032771961766045,69.30769230769229,0
per_huruf_hybrid_skeleton_forced_loop_no_sig,1,239,0.24462640736949848,19.045516613563954,69.38461538461539,19.045516613563954,69.38461538461539,0
per_huruf_hybrid_skeleton_forced_loop_no_sig,1,240,0.24564994882292734,19.05735093309058,69.46153846153847,19.05735093309058,69.46153846153847,0
per_huruf_hybrid_skeleton_forced_loop_no_sig,1,241,0.2466734902763562,19.06690942193901,69.53846153846155,19.06690942193901,69.53846153846155,0
per_huruf_hybrid_skeleton_forced_loop_no_sig,1,242,0.24769703172978505,19.072826581702323,69.61538461538461,19.072826581702323,69.61538461538461,0
per_huruf_hybrid_skeleton_forced_loop_no_sig,1,243,0.24872057318321392,19.0737369139736,69.6923076923077,19.0737369139736,69.6923076923077,0
per_huruf_hybrid_skeleton_forced_loop_no_sig,1,244,0.24974411463664278,19.068274920345925,69.76923076923077,19.068274920345925,69.76923076923077,0
per_huruf_hybrid_skeleton_forced_loop_no_sig,1,245,0.2507676560900717,19.05507510241238,69.84615384615385,19.05507510241238,69.84615384615385,0
per_huruf_hybrid_skeleton_forced_loop_no_sig,1,246,0.25179119754350054,19.032771961766045,69.92307692307692,19.032771961766045,69.92307692307692,0
per_huruf_hybrid_skeleton_forced_loop_no_sig,1,247,0.25281473899692936,19.0,70.0,19.0,70.0,0
per_huruf_hybrid_skeleton_forced_loop_no_sig,1,248,0.2538382804503582,18.953117888029134,70.0769230769231,18.953117888029134,70.0769230769231,0
per_huruf_hybrid_skeleton_forced_loop_no_sig,1,249,0.2548618219037871,18.89121529358216,70.15384615384615,18.89121529358216,70.15384615384615,0
per_huruf_hybrid_skeleton_forced_loop_no_sig,1,250,0.25588536335721596,18.817023213472915,70.23076923076921,18.817023213472915,70.23076923076921,0
per_huruf_hybrid_skeleton_forced_loop_no_sig,1,251,0.2569089048106448,18.73327264451525,70.3076923076923,18.73327264451525,70.3076923076923,0
per_huruf_hybrid_skeleton_forced_loop_no_sig,1,252,0.2579324462640737,18.64269458352299,70.38461538461539,18.64269458352299,70.38461538461539,0
per_huruf_hybrid_skeleton_forced_loop_no_sig,1,253,0.25895598771750256,18.548020027309967,70.46153846153848,18.548020027309967,70.46153846153848,0
per_huruf_hybrid_skeleton_forced_loop_no_sig,1,254,0.2599795291709314,18.451979972690033,70.53846153846155,18.451979972690033,70.53846153846155,0
per_huruf_hybrid_skeleton_forced_loop_no_sig,1,255,0.2610030706243603,18.357305416477015,70.61538461538461,18.357305416477015,70.61538461538461,0
per_huruf_hybrid_skeleton_forced_loop_no_sig,1,256,0.26202661207778916,18.26672735548475,70.6923076923077,18.26672735548475,70.6923076923077,0
per_huruf_hybrid_skeleton_forced_loop_no_sig,1,257,0.263050153531218,18.18297678652708,70.76923076923077,18.18297678652708,70.76923076923077,0
per_huruf_hybrid_skeleton_forced_loop_no_sig,1,258,0.2640736949846469,18.108784706417843,70.84615384615385,18.108784706417843,70.84615384615385,0
per_huruf_hybrid_skeleton_forced_loop_no_sig,1,259,0.26509723643807576,18.04688211197087,70.92307692307692,18.04688211197087,70.92307692307692,0
per_huruf_hybrid_skeleton_forced_loop_no_sig,1,260,0.2661207778915046,18.0,71.0,18.0,71.0,0
per_huruf_hybrid_skeleton_forced_loop_no_sig,1,261,0.2671443193449335,17.969959035047793,71.07692307692308,17.969959035047793,71.07692307692308,0
per_huruf_hybrid_skeleton_forced_loop_no_sig,1,262,0.26816786079836236,17.95493855257169,71.15384615384616,17.95493855257169,71.15384615384616,0
per_huruf_hybrid_skeleton_forced_loop_no_sig,1,263,0.2691914022517912,17.952207555757848,71.23076923076921,17.952207555757848,71.23076923076921,0
per_huruf_hybrid_skeleton_forced_loop_no_sig,1,264,0.2702149437052201,17.959035047792444,71.3076923076923,17.959035047792444,71.3076923076923,0
per_huruf_hybrid_skeleton_forced_loop_no_sig,1,265,0.27123848515864896,17.97269003186163,71.38461538461539,17.97269003186163,71.38461538461539,0
per_huruf_hybrid_skeleton_forced_loop_no_sig,1,266,0.27226202661207777,17.99044151115157,71.46153846153847,17.99044151115157,71.46153846153847,0
per_huruf_hybrid_skeleton_forced_loop_no_sig,1,267,0.27328556806550663,18.00955848884843,71.53846153846153,18.00955848884843,71.53846153846153,0
per_huruf_hybrid_skeleton_forced_loop_no_sig,1,268,0.2743091095189355,18.027309968138372,71.61538461538461,18.027309968138372,71.61538461538461,0
per_huruf_hybrid_skeleton_forced_loop_no_sig,1,269,0.27533265097236437,18.040964952207556,71.6923076923077,18.040964952207556,71.6923076923077,0
per_huruf_hybrid_skeleton_forced_loop_no_sig,1,270,0.27635619242579323,18.04779244424215,71.76923076923077,18.04779244424215,71.76923076923077,0
per_huruf_hybrid_skeleton_forced_loop_no_sig,1,271,0.2773797338792221,18.045061447428314,71.84615384615385,18.045061447428314,71.84615384615385,0
per_huruf_hybrid_skeleton_forced_loop_no_sig,1,272,0.27840327533265097,18.030040964952207,71.92307692307692,18.030040964952207,71.92307692307692,0
per_huruf_hybrid_skeleton_forced_loop_no_sig,1,273,0.27942681678607983,18.0,72.0,18.0,72.0,0
per_huruf_hybrid_skeleton_forced_loop_no_sig,1,274,0.2804503582395087,17.95584888484297,72.07692307692308,17.95584888484297,72.07692307692308,0
per_huruf_hybrid_skeleton_forced_loop_no_sig,1,275,0.28147389969293757,17.901228948566224,72.15384615384616,17.901228948566224,72.15384615384616,0
per_huruf_hybrid_skeleton_forced_loop_no_sig,1,276,0.28249744114636643,17.83750568957669,72.23076923076923,17.83750568957669,72.23076923076923,0
per_huruf_hybrid_skeleton_forced_loop_no_sig,1,277,0.2835209825997953,17.76604460628129,72.30769230769229,17.76604460628129,72.30769230769229,0
per_huruf_hybrid_skeleton_forced_loop_no_sig,1,278,0.28454452405322417,17.688211197086936,72.38461538461539,17.688211197086936,72.38461538461539,0
per_huruf_hybrid_skeleton_forced_loop_no_sig,1,279,0.28556806550665303,17.60537096040055,72.46153846153845,17.60537096040055,72.46153846153845,0
per_huruf_hybrid_skeleton_forced_loop_no_sig,1,280,0.2865916069600819,17.51888939462904,72.53846153846153,17.51888939462904,72.53846153846153,0
per_huruf_hybrid_skeleton_forced_loop_no_sig,1,281,0.28761514841351077,17.430131998179334,72.61538461538461,17.430131998179334,72.61538461538461,0
per_huruf_hybrid_skeleton_forced_loop_no_sig,1,282,0.28863868986693964,17.34046426945835,72.69230769230768,17.34046426945835,72.69230769230768,0
per_huruf_hybrid_skeleton_forced_loop_no_sig,1,283,0.2896622313203685,17.251251706873006,72.76923076923077,17.251251706873006,72.76923076923077,0
per_huruf_hybrid_skeleton_forced_loop_no_sig,1,284,0.29068577277379737,17.163859808830225,72.84615384615384,17.163859808830225,72.84615384615384,0
per_huruf_hybrid_skeleton_forced_loop_no_sig,1,285,0.29170931422722624,17.07965407373691,72.92307692307692,17.07965407373691,72.92307692307692,0
per_huruf_hybrid_skeleton_forced_loop_no_sig,1,286,0.29273285568065505,17.0,73.0,17.0,73.0,0
per_huruf_hybrid_skeleton_forced_loop_no_sig,1,287,0.2937563971340839,16.923076923076927,73.07965407373692,16.923076923076927,73.07965407373692,0
per_huruf_hybrid_skeleton_forced_loop_no_sig,1,288,0.2947799385875128,16.846153846153847,73.16385980883021,16.846153846153847,73.16385980883021,0
per_huruf_hybrid_skeleton_forced_loop_no_sig,1,289,0.29580348004094165,16.769230769230766,73.251251706873,16.769230769230766,73.251251706873,0
per_huruf_hybrid_skeleton_forced_loop_no_sig,1,290,0.2968270214943705,16.69230769230769,73.34046426945834,16.69230769230769,73.34046426945834,0
per_huruf_hybrid_skeleton_forced_loop_no_sig,1,291,0.2978505629477994,16.615384615384617,73.43013199817935,16.615384615384617,73.43013199817935,0
per_huruf_hybrid_skeleton_forced_loop_no_sig,1,292,0.29887410440122825,16.53846153846154,73.51888939462903,16.53846153846154,73.51888939462903,0
per_huruf_hybrid_skeleton_forced_loop_no_sig,1,293,0.2998976458546571,16.461538461538463,73.60537096040055,16.461538461538463,73.60537096040055,0
per_huruf_hybrid_skeleton_forced_loop_no_sig,1,294,0.300921187308086,16.384615384615387,73.68821119708693,16.384615384615387,73.68821119708693,0
per_huruf_hybrid_skeleton_forced_loop_no_sig,1,295,0.30194472876151485,16.307692307692307,73.7660446062813,16.307692307692307,73.7660446062813,0
per_huruf_hybrid_skeleton_forced_loop_no_sig,1,296,0.3029682702149437,16.230769230769226,73.83750568957669,16.230769230769226,73.83750568957669,0
per_huruf_hybrid_skeleton_forced_loop_no_sig,1,297,0.3039918116683726,16.153846153846153,73.90122894856623,16.153846153846153,73.90122894856623,0
per_huruf_hybrid_skeleton_forced_loop_no_sig,1,298,0.30501535312180145,16.076923076923077,73.95584888484296,16.076923076923077,73.95584888484296,0
per_huruf_hybrid_skeleton_forced_loop_no_sig,1,299,0.3060388945752303,16.0,74.0,16.0,74.0,0
per_huruf_hybrid_skeleton_forced_loop_no_sig,1,300,0.3070624360286592,15.923076923076923,74.0300409649522,15.923076923076923,74.0300409649522,0
per_huruf_hybrid_skeleton_forced_loop_no_sig,1,301,0.30808597748208805,15.846153846153845,74.04506144742831,15.846153846153845,74.04506144742831,0
per_huruf_hybrid_skeleton_forced_loop_no_sig,1,302,0.3091095189355169,15.769230769230766,74.04779244424215,15.769230769230766,74.04779244424215,0
per_huruf_hybrid_skeleton_forced_loop_no_sig,1,303,0.3101330603889458,15.69230769230769,74.04096495220755,15.69230769230769,74.04096495220755,0
per_huruf_hybrid_skeleton_forced_loop_no_sig,1,304,0.31115660184237465,15.615384615384617,74.02730996813838,15.615384615384617,74.02730996813838,0
per_huruf_hybrid_skeleton_forced_loop_no_sig,1,305,0.3121801432958035,15.53846153846154,74.00955848884844,15.53846153846154,74.00955848884844,0
per_huruf_hybrid_skeleton_forced_loop_no_sig,1,306,0.3132036847492323,15.461538461538462,73.99044151115157,15.461538461538462,73.99044151115157,0
per_huruf_hybrid_skeleton_forced_loop_no_sig,1,307,0.3142272262026612,15.384615384615385,73.97269003186163,15.384615384615385,73.97269003186163,0
per_huruf_hybrid_skeleton_forced_loop_no_sig,1,308,0.31525076765609006,15.307692307692308,73.95903504779244,15.307692307692308,73.95903504779244,0
per_huruf_hybrid_skeleton_forced_loop_no_sig,1,309,0.3162743091095189,15.23076923076923,73.95220755575784,15.23076923076923,73.95220755575784,0
per_huruf_hybrid_skeleton_forced_loop_no_sig,1,310,0.3172978505629478,15.153846153846153,73.95493855257169,15.153846153846153,73.95493855257169,0
per_huruf_hybrid_skeleton_forced_loop_no_sig,1,311,0.31832139201637666,15.076923076923077,73.9699590350478,15.076923076923077,73.9699590350478,0
per_huruf_hybrid_skeleton_forced_loop_no_sig,1,312,0.3193449334698055,15.0,74.0,15.0,74.0,0
per_huruf_hybrid_skeleton_forced_loop_no_sig,1,313,0.3203684749232344,14.923076923076923,74.04415111515704,14.923076923076923,74.04415111515704,0
per_huruf_hybrid_skeleton_forced_loop_no_sig,1,314,0.32139201637666326,14.846153846153847,74.09877105143377,14.846153846153847,74.09877105143377,0
per_huruf_hybrid_skeleton_forced_loop_no_sig,1,315,0.3224155578300921,14.769230769230766,74.1624943104233,14.769230769230766,74.1624943104233,0
per_huruf_hybrid_skeleton_forced_loop_no_sig,1,316,0.323439099283521,14.69230769230769,74.2339553937187,14.69230769230769,74.2339553937187,0
per_huruf_hybrid_skeleton_forced_loop_no_sig,1,317,0.32446264073694986,14.615384615384617,74.31178880291309,14.615384615384617,74.31178880291309,0
per_huruf_hybrid_skeleton_forced_loop_no_sig,1,318,0.3254861821903787,14.53846153846154,74.39462903959947,14.53846153846154,74.39462903959947,0
per_huruf_hybrid_skeleton_forced_loop_no_sig,1,319,0.3265097236438076,14.461538461538462,74.48111060537096,14.461538461538462,74.48111060537096,0
per_huruf_hybrid_skeleton_forced_loop_no_sig,1,320,0.32753326509723646,14.384615384615385,74.56986800182068,14.384615384615385,74.56986800182068,0
per_huruf_hybrid_skeleton_forced_loop_no_sig,1,321,0.3285568065506653,14.307692307692307,74.65953573054165,14.307692307692307,74.65953573054165,0
per_huruf_hybrid_skeleton_forced_loop_no_sig,1,322,0.3295803480040942,14.23076923076923,74.748748293127,14.23076923076923,74.748748293127,0
per_huruf_hybrid_skeleton_forced_loop_no_sig,1,323,0.33060388945752306,14.153846153846153,74.83614019116978,14.153846153846153,74.83614019116978,0
per_huruf_hybrid_skeleton_forced_loop_no_sig,1,324,0.3316274309109519,14.076923076923077,74.92034592626308,14.076923076923077,74.92034592626308,0
per_huruf_hybrid_skeleton_forced_loop_no_sig,1,325,0.33265097236438074,14.0,75.0,14.0,75.0,0
per_huruf_hybrid_skeleton_forced_loop_no_sig,1,326,0.3336745138178096,13.923076923076925,75.07965407373692,13.923076923076925,75.07965407373692,0
per_huruf_hybrid_skeleton_forced_loop_no_sig,1,327,0.33469805527123847,13.846153846153847,75.16385980883022,13.846153846153847,75.16385980883022,0
per_huruf_hybrid_skeleton_forced_loop_no_sig,1,328,0.33572159672466734,13.769230769230766,75.251251706873,13.769230769230766,75.251251706873,0
per_huruf_hybrid_skeleton_forced_loop_no_sig,1,329,0.3367451381780962,13.692307692307692,75.34046426945835,13.692307692307692,75.34046426945835,0
per_huruf_hybrid_skeleton_forced_loop_no_sig,1,330,0.33776867963152507,13.615384615384615,75.43013199817935,13.615384615384615,75.43013199817935,0
per_huruf_hybrid_skeleton_forced_loop_no_sig,1,331,0.33879222108495394,13.538461538461538,75.51888939462903,13.538461538461538,75.51888939462903,0
per_huruf_hybrid_skeleton_forced_loop_no_sig,1,332,0.3398157625383828,13.461538461538462,75.60537096040053,13.461538461538462,75.60537096040053,0
per_huruf_hybrid_skeleton_forced_loop_no_sig,1,333,0.34083930399181167,13.384615384615387,75.68821119708693,13.384615384615387,75.68821119708693,0
per_huruf_hybrid_skeleton_forced_loop_no_sig,1,334,0.34186284544524054,13.307692307692307,75.76604460628128,13.307692307692307,75.76604460628128,0
per_huruf_hybrid_skeleton_forced_loop_no_sig,1,335,0.3428863868986694,13.23076923076923,75.83750568957669,13.23076923076923,75.83750568957669,0
per_huruf_hybrid_skeleton_forced_loop_no_sig,1,336,0.34390992835209827,13.153846153846153,75.90122894856623,13.153846153846153,75.90122894856623,0
per_huruf_hybrid_skeleton_forced_loop_no_sig,1,337,0.34493346980552714,13.076923076923077,75.95584888484296,13.076923076923077,75.95584888484296,0
per_huruf_hybrid_skeleton_forced_loop_no_sig,1,338,0.345957011258956,13.0,76.0,13.0,76.0,0
per_huruf_hybrid_skeleton_forced_loop_no_sig,1,339,0.34698055271238487,12.923076923076925,76.03277196176606,12.923076923076925,76.03277196176606,0
per_huruf_hybrid_skeleton_forced_loop_no_sig,1,340,0.34800409416581374,12.846153846153847,76.0550751024124,12.846153846153847,76.0550751024124,0
per_huruf_hybrid_skeleton_forced_loop_no_sig,1,341,0.3490276356192426,12.769230769230766,76.06827492034591,12.769230769230766,76.06827492034591,0
per_huruf_hybrid_skeleton_forced_loop_no_sig,1,342,0.35005117707267147,12.69230769230769,76.0737369139736,12.69230769230769,76.0737369139736,0
per_huruf_hybrid_skeleton_forced_loop_no_sig,1,343,0.35107471852610034,12.615384615384617,76.07282658170233,12.615384615384617,76.07282658170233,0
per_huruf_hybrid_skeleton_forced_loop_no_sig,1,344,0.3520982599795292,12.53846153846154,76.06690942193902,12.53846153846154,76.06690942193902,0
per_huruf_hybrid_skeleton_forced_loop_no_sig,1,345,0.353121801432958,12.461538461538463,76.05735093309058,12.461538461538463,76.05735093309058,0
per_huruf_hybrid_skeleton_forced_loop_no_sig,1,346,0.3541453428863869,12.384615384615385,76.04551661356396,12.384615384615385,76.04551661356396,0
per_huruf_hybrid_skeleton_forced_loop_no_sig,1,347,0.35516888433981575,12.307692307692307,76.03277196176604,12.307692307692307,76.03277196176604,0
per_huruf_hybrid_skeleton_forced_loop_no_sig,1,348,0.3561924257932446,12.23076923076923,76.02048247610378,12.23076923076923,76.02048247610378,0
per_huruf_hybrid_skeleton_forced_loop_no_sig,1,349,0.3572159672466735,12.153846153846153,76.01001365498406,12.153846153846153,76.01001365498406,0
per_huruf_hybrid_skeleton_forced_loop_no_sig,1,350,0.35823950870010235,12.076923076923077,76.00273099681384,12.076923076923077,76.00273099681384,0
per_huruf_hybrid_skeleton_forced_loop_no_sig,1,351,0.3592630501535312,12.0,76.0,12.0,76.0,0
per_huruf_hybrid_skeleton_forced_loop_no_sig,1,352,0.3602865916069601,11.923076923076923,75.99726900318618,11.923076923076923,75.99726900318618,0
per_huruf_hybrid_skeleton_forced_loop_no_sig,1,353,0.36131013306038895,11.846153846153847,75.98998634501594,11.846153846153847,75.98998634501594,0
per_huruf_hybrid_skeleton_forced_loop_no_sig,1,354,0.3623336745138178,11.769230769230768,75.97951752389622,11.769230769230768,75.97951752389622,0
per_huruf_hybrid_skeleton_forced_loop_no_sig,1,355,0.3633572159672467,11.692307692307692,75.96722803823396,11.692307692307692,75.96722803823396,0
per_huruf_hybrid_skeleton_forced_loop_no_sig,1,356,0.36438075742067555,11.615384615384617,75.95448338643605,11.615384615384617,75.95448338643605,0
per_huruf_hybrid_skeleton_forced_loop_no_sig,1,357,0.3654042988741044,11.538461538461538,75.94264906690942,11.538461538461538,75.94264906690942,0
per_huruf_hybrid_skeleton_forced_loop_no_sig,1,358,0.3664278403275333,11.461538461538462,75.93309057806098,11.461538461538462,75.93309057806098,0
per_huruf_hybrid_skeleton_forced_loop_no_sig,1,359,0.36745138178096215,11.384615384615383,75.92717341829768,11.384615384615383,75.92717341829768,0
per_huruf_hybrid_skeleton_forced_loop_no_sig,1,360,0.368474923234391,11.307692307692308,75.9262630860264,11.307692307692308,75.9262630860264,0
per_huruf_hybrid_skeleton_forced_loop_no_sig,1,361,0.3694984646878199,11.23076923076923,75.93172507965407,11.23076923076923,75.93172507965407,0
per_huruf_hybrid_skeleton_forced_loop_no_sig,1,362,0.37052200614124875,11.153846153846153,75.94492489758761,11.153846153846153,75.94492489758761,0
per_huruf_hybrid_skeleton_forced_loop_no_sig,1,363,0.3715455475946776,11.076923076923077,75.96722803823396,11.076923076923077,75.96722803823396,0
per_huruf_hybrid_skeleton_forced_loop_no_sig,1,364,0.3725690890481065,11.0,76.0,11.0,76.0,0
per_huruf_hybrid_skeleton_forced_loop_no_sig,1,365,0.3735926305015353,10.923076923076923,76.04688211197089,10.923076923076923,76.04688211197089,0
per_huruf_hybrid_skeleton_forced_loop_no_sig,1,366,0.37461617195496416,10.846153846153847,76.10878470641785,10.846153846153847,76.10878470641785,0
per_huruf_hybrid_skeleton_forced_loop_no_sig,1,367,0.37563971340839303,10.769230769230766,76.18297678652706,10.769230769230766,76.18297678652706,0
per_huruf_hybrid_skeleton_forced_loop_no_sig,1,368,0.3766632548618219,10.692307692307692,76.26672735548475,10.692307692307692,76.26672735548475,0
per_huruf_hybrid_skeleton_forced_loop_no_sig,1,369,0.37768679631525076,10.615384615384615,76.35730541647702,10.615384615384615,76.35730541647702,0
per_huruf_hybrid_skeleton_forced_loop_no_sig,1,370,0.37871033776867963,10.538461538461538,76.45197997269004,10.538461538461538,76.45197997269004,0
per_huruf_hybrid_skeleton_forced_loop_no_sig,1,371,0.3797338792221085,10.46153846153846,76.54802002730997,10.46153846153846,76.54802002730997,0
per_huruf_hybrid_skeleton_forced_loop_no_sig,1,372,0.38075742067553736,10.384615384615385,76.642694583523,10.384615384615385,76.642694583523,0
per_huruf_hybrid_skeleton_forced_loop_no_sig,1,373,0.38178096212896623,10.307692307692307,76.73327264451524,10.307692307692307,76.73327264451524,0
per_huruf_hybrid_skeleton_forced_loop_no_sig,1,374,0.3828045035823951,10.23076923076923,76.81702321347291,10.23076923076923,76.81702321347291,0
per_huruf_hybrid_skeleton_forced_loop_no_sig,1,375,0.38382804503582396,10.153846153846153,76.89121529358215,10.153846153846153,76.89121529358215,0
per_huruf_hybrid_skeleton_forced_loop_no_sig,1,376,0.38485158648925283,10.076923076923077,76.95311788802913,10.076923076923077,76.95311788802913,0
per_huruf_hybrid_skeleton_forced_loop_no_sig,1,377,0.3858751279426817,10.0,77.0,10.0,77.0,0
per_huruf_hybrid_skeleton_forced_loop_no_sig,1,378,0.38689866939611056,9.923076923076925,77.0355029585799,9.923076923076925,77.0355029585799,0
per_huruf_hybrid_skeleton_forced_loop_no_sig,1,379,0.38792221084953943,9.846153846153847,77.06508875739645,9.846153846153847,77.06508875739645,0
per_huruf_hybrid_skeleton_forced_loop_no_sig,1,380,0.3889457523029683,9.769230769230766,77.0887573964497,9.769230769230766,77.0887573964497,0
per_huruf_hybrid_skeleton_forced_loop_no_sig,1,381,0.38996929375639716,9.692307692307692,77.10650887573964,9.692307692307692,77.10650887573964,0
per_huruf_hybrid_skeleton_forced_loop_no_sig,1,382,0.39099283520982603,9.615384615384617,77.11834319526629,9.615384615384617,77.11834319526629,0
per_huruf_hybrid_skeleton_forced_loop_no_sig,1,383,0.3920163766632549,9.538461538461538,77.12426035502959,9.538461538461538,77.12426035502959,0
per_huruf_hybrid_skeleton_forced_loop_no_sig,1,384,0.3930399181166837,9.461538461538462,77.12426035502959,9.461538461538462,77.12426035502959,0
per_huruf_hybrid_skeleton_forced_loop_no_sig,1,385,0.3940634595701126,9.384615384615385,77.11834319526628,9.384615384615385,77.11834319526628,0
per_huruf_hybrid_skeleton_forced_loop_no_sig,1,386,0.39508700102354144,9.307692307692307,77.10650887573965,9.307692307692307,77.10650887573965,0
per_huruf_hybrid_skeleton_forced_loop_no_sig,1,387,0.3961105424769703,9.23076923076923,77.0887573964497,9.23076923076923,77.0887573964497,0
per_huruf_hybrid_skeleton_forced_loop_no_sig,1,388,0.3971340839303992,9.153846153846153,77.06508875739645,9.153846153846153,77.06508875739645,0
per_huruf_hybrid_skeleton_forced_loop_no_sig,1,389,0.39815762538382804,9.076923076923077,77.03550295857988,9.076923076923077,77.03550295857988,0
per_huruf_hybrid_skeleton_forced_loop_no_sig,1,390,0.3991811668372569,9.0,77.0,9.0,77.0,0
per_huruf_hybrid_skeleton_forced_loop_no_sig,1,391,0.4002047082906858,8.920345926263089,76.95584888484298,8.920345926263089,76.95584888484298,0
per_huruf_hybrid_skeleton_forced_loop_no_sig,1,392,0.40122824974411464,8.836140191169777,76.90122894856623,8.836140191169777,76.90122894856623,0
per_huruf_hybrid_skeleton_forced_loop_no_sig,1,393,0.4022517911975435,8.748748293126988,76.83750568957669,8.748748293126988,76.83750568957669,0
per_huruf_hybrid_skeleton_forced_loop_no_sig,1,394,0.4032753326509724,8.659535730541647,76.76604460628128,8.659535730541647,76.76604460628128,0
per_huruf_hybrid_skeleton_forced_loop_no_sig,1,395,0.40429887410440124,8.569868001820666,76.68821119708694,8.569868001820666,76.68821119708694,0
per_huruf_hybrid_skeleton_forced_loop_no_sig,1,396,0.4053224155578301,8.48111060537096,76.60537096040055,8.48111060537096,76.60537096040055,0
per_huruf_hybrid_skeleton_forced_loop_no_sig,1,397,0.406345957011259,8.394629039599455,76.51888939462903,8.394629039599455,76.51888939462903,0
per_huruf_hybrid_skeleton_forced_loop_no_sig,1,398,0.40736949846468784,8.311788802913064,76.43013199817932,8.311788802913064,76.43013199817932,0
per_huruf_hybrid_skeleton_forced_loop_no_sig,1,399,0.4083930399181167,8.233955393718706,76.34046426945835,8.233955393718706,76.34046426945835,0
per_huruf_hybrid_skeleton_forced_loop_no_sig,1,400,0.4094165813715456,8.162494310423304,76.251251706873,8.162494310423304,76.251251706873,0
per_huruf_hybrid_skeleton_forced_loop_no_sig,1,401,0.41044012282497444,8.098771051433774,76.16385980883021,8.098771051433774,76.16385980883021,0
per_huruf_hybrid_skeleton_forced_loop_no_sig,1,402,0.4114636642784033,8.044151115157032,76.07965407373692,8.044151115157032,76.07965407373692,0
per_huruf_hybrid_skeleton_forced_loop_no_sig,1,403,0.4124872057318322,8.0,76.0,8.0,76.0,0
per_huruf_hybrid_skeleton_forced_loop_no_sig,1,404,0.413510747185261,7.967228038233957,75.92307692307693,7.967228038233957,75.92307692307693,0
per_huruf_hybrid_skeleton_forced_loop_no_sig,1,405,0.41453428863868985,7.944924897587619,75.84615384615384,7.944924897587619,75.84615384615384,0
per_huruf_hybrid_skeleton_forced_loop_no_sig,1,406,0.4155578300921187,7.931725079654073,75.76923076923076,7.931725079654073,75.76923076923076,0
per_huruf_hybrid_skeleton_forced_loop_no_sig,1,407,0.4165813715455476,7.926263086026398,75.6923076923077,7.926263086026398,75.6923076923077,0
per_huruf_hybrid_skeleton_forced_loop_no_sig,1,408,0.41760491299897645,7.92717341829768,75.61538461538463,7.92717341829768,75.61538461538463,0
per_huruf_hybrid_skeleton_forced_loop_no_sig,1,409,0.4186284544524053,7.933090578060993,75.53846153846155,7.933090578060993,75.53846153846155,0
per_huruf_hybrid_skeleton_forced_loop_no_sig,1,410,0.4196519959058342,7.942649066909421,75.46153846153845,7.942649066909421,75.46153846153845,0
per_huruf_hybrid_skeleton_forced_loop_no_sig,1,411,0.42067553735926305,7.954483386436049,75.38461538461539,7.954483386436049,75.38461538461539,0
per_huruf_hybrid_skeleton_forced_loop_no_sig,1,412,0.4216990788126919,7.967228038233955,75.3076923076923,7.967228038233955,75.3076923076923,0
per_huruf_hybrid_skeleton_forced_loop_no_sig,1,413,0.4227226202661208,7.979517523896221,75.23076923076923,7.979517523896221,75.23076923076923,0
per_huruf_hybrid_skeleton_forced_loop_no_sig,1,414,0.42374616171954965,7.9899863450159305,75.15384615384616,7.9899863450159305,75.15384615384616,0
per_huruf_hybrid_skeleton_forced_loop_no_sig,1,415,0.4247697031729785,7.997269003186163,75.07692307692307,7.997269003186163,75.07692307692307,0
per_huruf_hybrid_skeleton_forced_loop_no_sig,1,416,0.4257932446264074,8.0,75.0,8.0,75.0,0
per_huruf_hybrid_skeleton_forced_loop_no_sig,1,417,0.42681678607983625,8.000000000000002,74.92307692307693,8.000000000000002,74.92307692307693,0
per_huruf_hybrid_skeleton_forced_loop_no_sig,1,418,0.4278403275332651,8.0,74.84615384615384,8.0,74.84615384615384,0
per_huruf_hybrid_skeleton_forced_loop_no_sig,1,419,0.428863868986694,7.999999999999999,74.76923076923076,7.999999999999999,74.76923076923076,0
per_huruf_hybrid_skeleton_forced_loop_no_sig,1,420,0.42988741044012285,7.999999999999999,74.69230769230768,7.999999999999999,74.69230769230768,0
per_huruf_hybrid_skeleton_forced_loop_no_sig,1,421,0.4309109518935517,8.0,74.61538461538461,8.0,74.61538461538461,0
per_huruf_hybrid_skeleton_forced_loop_no_sig,1,422,0.4319344933469806,8.0,74.53846153846153,8.0,74.53846153846153,0
per_huruf_hybrid_skeleton_forced_loop_no_sig,1,423,0.43295803480040945,8.0,74.46153846153847,8.0,74.46153846153847,0
per_huruf_hybrid_skeleton_forced_loop_no_sig,1,424,0.43398157625383826,8.0,74.38461538461539,8.0,74.38461538461539,0
per_huruf_hybrid_skeleton_forced_loop_no_sig,1,425,0.43500511770726713,8.0,74.3076923076923,8.0,74.3076923076923,0
per_huruf_hybrid_skeleton_forced_loop_no_sig,1,426,0.436028659160696,7.999999999999999,74.23076923076923,7.999999999999999,74.23076923076923,0
per_huruf_hybrid_skeleton_forced_loop_no_sig,1,427,0.43705220061412486,8.0,74.15384615384616,8.0,74.15384615384616,0
per_huruf_hybrid_skeleton_forced_loop_no_sig,1,428,0.43807574206755373,8.0,74.07692307692308,8.0,74.07692307692308,0
per_huruf_hybrid_skeleton_forced_loop_no_sig,1,429,0.4390992835209826,8.0,74.0,8.0,74.0,0
per_huruf_hybrid_skeleton_forced_loop_no_sig,1,430,0.44012282497441146,8.000000000000002,73.92580791989076,8.000000000000002,73.92580791989076,0
per_huruf_hybrid_skeleton_forced_loop_no_sig,1,431,0.44114636642784033,8.0,73.85616750113792,8.0,73.85616750113792,0
per_huruf_hybrid_skeleton_forced_loop_no_sig,1,432,0.4421699078812692,7.999999999999999,73.78971324533455,7.999999999999999,73.78971324533455,0
per_huruf_hybrid_skeleton_forced_loop_no_sig,1,433,0.44319344933469806,7.999999999999999,73.72507965407372,7.999999999999999,73.72507965407372,0
per_huruf_hybrid_skeleton_forced_loop_no_sig,1,434,0.44421699078812693,8.0,73.66090122894857,8.0,73.66090122894857,0
per_huruf_hybrid_skeleton_forced_loop_no_sig,1,435,0.4452405322415558,8.0,73.59581247155212,8.0,73.59581247155212,0
per_huruf_hybrid_skeleton_forced_loop_no_sig,1,436,0.44626407369498466,8.0,73.52844788347747,8.0,73.52844788347747,0
per_huruf_hybrid_skeleton_forced_loop_no_sig,1,437,0.44728761514841353,8.0,73.4574419663177,8.0,73.4574419663177,0
per_huruf_hybrid_skeleton_forced_loop_no_sig,1,438,0.4483111566018424,8.0,73.38142922166591,8.0,73.38142922166591,0
per_huruf_hybrid_skeleton_forced_loop_no_sig,1,439,0.44933469805527126,7.999999999999999,73.29904415111515,7.999999999999999,73.29904415111515,0
per_huruf_hybrid_skeleton_forced_loop_no_sig,1,440,0.45035823950870013,8.0,73.20892125625853,8.0,73.20892125625853,0
per_huruf_hybrid_skeleton_forced_loop_no_sig,1,441,0.451381780962129,8.0,73.10969503868913,8.0,73.10969503868913,0
per_huruf_hybrid_skeleton_forced_loop_no_sig,1,442,0.45240532241555786,8.0,73.0,8.0,73.0,0
per_huruf_hybrid_skeleton_forced_loop_no_sig,1,443,0.45342886386898673,7.997269003186164,72.87619481110607,7.997269003186164,72.87619481110607,0
per_huruf_hybrid_skeleton_forced_loop_no_sig,1,444,0.45445240532241554,7.989986345015931,72.73736913973602,7.989986345015931,72.73736913973602,0
per_huruf_hybrid_skeleton_forced_loop_no_sig,1,445,0.4554759467758444,7.979517523896221,72.58625398270368,7.979517523896221,72.58625398270368,0
per_huruf_hybrid_skeleton_forced_loop_no_sig,1,446,0.4564994882292733,7.967228038233954,72.42558033682293,7.967228038233954,72.42558033682293,0
per_huruf_hybrid_skeleton_forced_loop_no_sig,1,447,0.45752302968270214,7.95448338643605,72.25807919890761,7.95448338643605,72.25807919890761,0
per_huruf_hybrid_skeleton_forced_loop_no_sig,1,448,0.458546571136131,7.942649066909423,72.08648156577152,7.942649066909423,72.08648156577152,0
per_huruf_hybrid_skeleton_forced_loop_no_sig,1,449,0.4595701125895599,7.933090578060992,71.9135184342285,7.933090578060992,71.9135184342285,0
per_huruf_hybrid_skeleton_forced_loop_no_sig,1,450,0.46059365404298874,7.927173418297678,71.7419208010924,7.927173418297678,71.7419208010924,0
per_huruf_hybrid_skeleton_forced_loop_no_sig,1,451,0.4616171954964176,7.926263086026399,71.57441966317705,7.926263086026399,71.57441966317705,0
per_huruf_hybrid_skeleton_forced_loop_no_sig,1,452,0.4626407369498465,7.931725079654073,71.41374601729632,7.931725079654073,71.41374601729632,0
per_huruf_hybrid_skeleton_forced_loop_no_sig,1,453,0.46366427840327534,7.94492489758762,71.26263086026401,7.94492489758762,71.26263086026401,0
per_huruf_hybrid_skeleton_forced_loop_no_sig,1,454,0.4646878198567042,7.967228038233955,71.12380518889394,7.967228038233955,71.12380518889394,0
per_huruf_hybrid_skeleton_forced_loop_no_sig,1,455,0.4657113613101331,8.0,71.0,8.0,71.0,0
per_huruf_hybrid_skeleton_forced_loop_no_sig,1,456,0.46673490276356194,8.0,71.0,8.0,71.0,0
per_huruf_hybrid_skeleton_forced_loop_no_sig,1,457,0.4677584442169908,9.0,78.0,9.0,78.0,0
per_huruf_hybrid_skeleton_forced_loop_no_sig,1,458,0.4687819856704197,9.0,78.04415111515705,9.0,78.04415111515705,0
per_huruf_hybrid_skeleton_forced_loop_no_sig,1,459,0.46980552712384854,9.0,78.09877105143377,9.0,78.09877105143377,0
per_huruf_hybrid_skeleton_forced_loop_no_sig,1,460,0.4708290685772774,8.999999999999998,78.1624943104233,8.999999999999998,78.1624943104233,0
per_huruf_hybrid_skeleton_forced_loop_no_sig,1,461,0.4718526100307063,9.0,78.2339553937187,9.0,78.2339553937187,0
per_huruf_hybrid_skeleton_forced_loop_no_sig,1,462,0.47287615148413514,9.0,78.31178880291309,9.0,78.31178880291309,0
per_huruf_hybrid_skeleton_forced_loop_no_sig,1,463,0.47389969293756395,9.0,78.39462903959947,9.0,78.39462903959947,0
per_huruf_hybrid_skeleton_forced_loop_no_sig,1,464,0.4749232343909928,9.0,78.48111060537096,9.0,78.48111060537096,0
per_huruf_hybrid_skeleton_forced_loop_no_sig,1,465,0.4759467758444217,9.0,78.56986800182067,9.0,78.56986800182067,0
per_huruf_hybrid_skeleton_forced_loop_no_sig,1,466,0.47697031729785055,9.0,78.65953573054165,9.0,78.65953573054165,0
per_huruf_hybrid_skeleton_forced_loop_no_sig,1,467,0.4779938587512794,9.0,78.748748293127,9.0,78.748748293127,0
per_huruf_hybrid_skeleton_forced_loop_no_sig,1,468,0.4790174002047083,9.0,78.83614019116978,9.0,78.83614019116978,0
per_huruf_hybrid_skeleton_forced_loop_no_sig,1,469,0.48004094165813715,9.0,78.92034592626308,9.0,78.92034592626308,0
per_huruf_hybrid_skeleton_forced_loop_no_sig,1,470,0.481064483111566,9.0,79.0,9.0,79.0,0
per_huruf_hybrid_skeleton_forced_loop_no_sig,1,471,0.4820880245649949,9.0,79.07692307692308,9.0,79.07692307692308,0
per_huruf_hybrid_skeleton_forced_loop_no_sig,1,472,0.48311156601842375,9.0,79.15384615384617,9.0,79.15384615384617,0
per_huruf_hybrid_skeleton_forced_loop_no_sig,1,473,0.4841351074718526,8.999999999999998,79.23076923076921,8.999999999999998,79.23076923076921,0
per_huruf_hybrid_skeleton_forced_loop_no_sig,1,474,0.4851586489252815,9.0,79.3076923076923,9.0,79.3076923076923,0
per_huruf_hybrid_skeleton_forced_loop_no_sig,1,475,0.48618219037871035,9.0,79.3846153846154,9.0,79.3846153846154,0
per_huruf_hybrid_skeleton_forced_loop_no_sig,1,476,0.4872057318321392,9.0,79.46153846153847,9.0,79.46153846153847,0
per_huruf_hybrid_skeleton_forced_loop_no_sig,1,477,0.4882292732855681,9.0,79.53846153846155,9.0,79.53846153846155,0
per_huruf_hybrid_skeleton_forced_loop_no_sig,1,478,0.48925281473899696,9.0,79.61538461538463,9.0,79.61538461538463,0
per_huruf_hybrid_skeleton_forced_loop_no_sig,1,479,0.4902763561924258,9.0,79.69230769230768,9.0,79.69230769230768,0
per_huruf_hybrid_skeleton_forced_loop_no_sig,1,480,0.4912998976458547,9.0,79.76923076923077,9.0,79.76923076923077,0
per_huruf_hybrid_skeleton_forced_loop_no_sig,1,481,0.49232343909928356,9.0,79.84615384615384,9.0,79.84615384615384,0
per_huruf_hybrid_skeleton_forced_loop_no_sig,1,482,0.4933469805527124,9.0,79.92307692307692,9.0,79.92307692307692,0
per_huruf_hybrid_skeleton_forced_loop_no_sig,1,483,0.49437052200614123,9.0,80.0,9.0,80.0,0
per_huruf_hybrid_skeleton_forced_loop_no_sig,1,484,0.4953940634595701,9.0,80.07692307692308,9.0,80.07692307692308,0
per_huruf_hybrid_skeleton_forced_loop_no_sig,1,485,0.49641760491299897,9.0,80.15384615384616,9.0,80.15384615384616,0
per_huruf_hybrid_skeleton_forced_loop_no_sig,1,486,0.49744114636642783,8.999999999999998,80.23076923076921,8.999999999999998,80.23076923076921,0
per_huruf_hybrid_skeleton_forced_loop_no_sig,1,487,0.4984646878198567,9.0,80.30769230769229,9.0,80.30769230769229,0
per_huruf_hybrid_skeleton_forced_loop_no_sig,1,488,0.49948822927328557,9.0,80.3846153846154,9.0,80.3846153846154,0
per_huruf_hybrid_skeleton_forced_loop_no_sig,1,489,0.5005117707267145,9.0,80.46153846153848,9.0,80.46153846153848,0
per_huruf_hybrid_skeleton_forced_loop_no_sig,1,490,0.5015353121801434,9.0,80.53846153846153,9.0,80.53846153846153,0
per_huruf_hybrid_skeleton_forced_loop_no_sig,1,491,0.5025588536335722,9.0,80.61538461538463,9.0,80.61538461538463,0
per_huruf_hybrid_skeleton_forced_loop_no_sig,1,492,0.5035823950870011,9.0,80.6923076923077,9.0,80.6923076923077,0
per_huruf_hybrid_skeleton_forced_loop_no_sig,1,493,0.5046059365404298,9.0,80.76923076923076,9.0,80.76923076923076,0
per_huruf_hybrid_skeleton_forced_loop_no_sig,1,494,0.5056294779938587,9.0,80.84615384615385,9.0,80.84615384615385,0
per_huruf_hybrid_skeleton_forced_loop_no_sig,1,495,0.5066530194472876,9.0,80.92307692307692,9.0,80.92307692307692,0
per_huruf_hybrid_skeleton_forced_loop_no_sig,1,496,0.5076765609007164,9.0,81.0,9.0,81.0,0
per_huruf_hybrid_skeleton_forced_loop_no_sig,1,497,0.5087001023541453,9.0,81.0769230769231,9.0,81.0769230769231,0
per_huruf_hybrid_skeleton_forced_loop_no_sig,1,498,0.5097236438075742,9.0,81.15384615384616,9.0,81.15384615384616,0
per_huruf_hybrid_skeleton_forced_loop_no_sig,1,499,0.510747185261003,8.999999999999998,81.23076923076923,8.999999999999998,81.23076923076923,0
per_huruf_hybrid_skeleton_forced_loop_no_sig,1,500,0.5117707267144319,9.0,81.30769230769229,9.0,81.30769230769229,0
per_huruf_hybrid_skeleton_forced_loop_no_sig,1,501,0.5127942681678608,9.0,81.38461538461539,9.0,81.38461538461539,0
per_huruf_hybrid_skeleton_forced_loop_no_sig,1,502,0.5138178096212896,9.0,81.46153846153847,9.0,81.46153846153847,0
per_huruf_hybrid_skeleton_forced_loop_no_sig,1,503,0.5148413510747185,9.0,81.53846153846153,9.0,81.53846153846153,0
per_huruf_hybrid_skeleton_forced_loop_no_sig,1,504,0.5158648925281474,9.0,81.61538461538461,9.0,81.61538461538461,0
per_huruf_hybrid_skeleton_forced_loop_no_sig,1,505,0.5168884339815762,9.0,81.6923076923077,9.0,81.6923076923077,0
per_huruf_hybrid_skeleton_forced_loop_no_sig,1,506,0.5179119754350051,9.0,81.76923076923076,9.0,81.76923076923076,0
per_huruf_hybrid_skeleton_forced_loop_no_sig,1,507,0.518935516888434,9.0,81.84615384615385,9.0,81.84615384615385,0
per_huruf_hybrid_skeleton_forced_loop_no_sig,1,508,0.5199590583418628,9.0,81.92307692307692,9.0,81.92307692307692,0
per_huruf_hybrid_skeleton_forced_loop_no_sig,1,509,0.5209825997952917,9.0,82.0,9.0,82.0,0
per_huruf_hybrid_skeleton_forced_loop_no_sig,1,510,0.5220061412487206,8.997269003186164,82.0769230769231,8.997269003186164,82.0769230769231,0
per_huruf_hybrid_skeleton_forced_loop_no_sig,1,511,0.5230296827021494,8.98998634501593,82.15384615384615,8.98998634501593,82.15384615384615,0
per_huruf_hybrid_skeleton_forced_loop_no_sig,1,512,0.5240532241555783,8.97951752389622,82.23076923076923,8.97951752389622,82.23076923076923,0
per_huruf_hybrid_skeleton_forced_loop_no_sig,1,513,0.5250767656090072,8.967228038233955,82.30769230769229,8.967228038233955,82.30769230769229,0
per_huruf_hybrid_skeleton_forced_loop_no_sig,1,514,0.526100307062436,8.95448338643605,82.3846153846154,8.95448338643605,82.3846153846154,0
per_huruf_hybrid_skeleton_forced_loop_no_sig,1,515,0.5271238485158649,8.942649066909423,82.46153846153847,8.942649066909423,82.46153846153847,0
per_huruf_hybrid_skeleton_forced_loop_no_sig,1,516,0.5281473899692938,8.933090578060993,82.53846153846155,8.933090578060993,82.53846153846155,0
per_huruf_hybrid_skeleton_forced_loop_no_sig,1,517,0.5291709314227226,8.927173418297679,82.61538461538461,8.927173418297679,82.61538461538461,0
per_huruf_hybrid_skeleton_forced_loop_no_sig,1,518,0.5301944728761515,8.926263086026399,82.6923076923077,8.926263086026399,82.6923076923077,0
per_huruf_hybrid_skeleton_forced_loop_no_sig,1,519,0.5312180143295804,8.931725079654074,82.76923076923076,8.931725079654074,82.76923076923076,0
per_huruf_hybrid_skeleton_forced_loop_no_sig,1,520,0.5322415557830092,8.94492489758762,82.84615384615384,8.94492489758762,82.84615384615384,0
per_huruf_hybrid_skeleton_forced_loop_no_sig,1,521,0.5332650972364381,8.967228038233955,82.92307692307692,8.967228038233955,82.92307692307692,0
per_huruf_hybrid_skeleton_forced_loop_no_sig,1,522,0.534288638689867,9.0,83.0,9.0,83.0,0
per_huruf_hybrid_skeleton_forced_loop_no_sig,1,523,0.5353121801432958,9.04688211197087,83.0769230769231,9.04688211197087,83.0769230769231,0
per_huruf_hybrid_skeleton_forced_loop_no_sig,1,524,0.5363357215967247,9.108784706417842,83.15384615384615,9.108784706417842,83.15384615384615,0
per_huruf_hybrid_skeleton_forced_loop_no_sig,1,525,0.5373592630501536,9.18297678652708,83.23076923076921,9.18297678652708,83.23076923076921,0
per_huruf_hybrid_skeleton_forced_loop_no_sig,1,526,0.5383828045035824,9.266727355484752,83.3076923076923,9.266727355484752,83.3076923076923,0
per_huruf_hybrid_skeleton_forced_loop_no_sig,1,527,0.5394063459570113,9.357305416477017,83.3846153846154,9.357305416477017,83.3846153846154,0
per_huruf_hybrid_skeleton_forced_loop_no_sig,1,528,0.5404298874104402,9.451979972690033,83.46153846153847,9.451979972690033,83.46153846153847,0
per_huruf_hybrid_skeleton_forced_loop_no_sig,1,529,0.541453428863869,9.548020027309967,83.53846153846155,9.548020027309967,83.53846153846155,0
per_huruf_hybrid_skeleton_forced_loop_no_sig,1,530,0.5424769703172979,9.642694583522987,83.61538461538461,9.642694583522987,83.61538461538461,0
per_huruf_hybrid_skeleton_forced_loop_no_sig,1,531,0.5435005117707268,9.73327264451525,83.6923076923077,9.73327264451525,83.6923076923077,0
per_huruf_hybrid_skeleton_forced_loop_no_sig,1,532,0.5445240532241555,9.817023213472918,83.76923076923076,9.817023213472918,83.76923076923076,0
per_huruf_hybrid_skeleton_forced_loop_no_sig,1,533,0.5455475946775844,9.891215293582158,83.84615384615384,9.891215293582158,83.84615384615384,0
per_huruf_hybrid_skeleton_forced_loop_no_sig,1,534,0.5465711361310133,9.95311788802913,83.92307692307692,9.95311788802913,83.92307692307692,0
per_huruf_hybrid_skeleton_forced_loop_no_sig,1,535,0.5475946775844421,10.0,84.0,10.0,84.0,0
per_huruf_hybrid_skeleton_forced_loop_no_sig,1,536,0.548618219037871,10.032771961766045,84.07692307692308,10.032771961766045,84.07692307692308,0
per_huruf_hybrid_skeleton_forced_loop_no_sig,1,537,0.5496417604912999,10.055075102412381,84.15384615384616,10.055075102412381,84.15384615384616,0
per_huruf_hybrid_skeleton_forced_loop_no_sig,1,538,0.5506653019447287,10.068274920345926,84.23076923076921,10.068274920345926,84.23076923076921,0
per_huruf_hybrid_skeleton_forced_loop_no_sig,1,539,0.5516888433981576,10.0737369139736,84.3076923076923,10.0737369139736,84.3076923076923,0
per_huruf_hybrid_skeleton_forced_loop_no_sig,1,540,0.5527123848515865,10.072826581702321,84.3846153846154,10.072826581702321,84.3846153846154,0
per_huruf_hybrid_skeleton_forced_loop_no_sig,1,541,0.5537359263050153,10.066909421939007,84.46153846153847,10.066909421939007,84.46153846153847,0
per_huruf_hybrid_skeleton_forced_loop_no_sig,1,542,0.5547594677584442,10.057350933090579,84.53846153846153,10.057350933090579,84.53846153846153,0
per_huruf_hybrid_skeleton_forced_loop_no_sig,1,543,0.5557830092118731,10.04551661356395,84.61538461538461,10.04551661356395,84.61538461538461,0
per_huruf_hybrid_skeleton_forced_loop_no_sig,1,544,0.5568065506653019,10.032771961766045,84.69230769230768,10.032771961766045,84.69230769230768,0
per_huruf_hybrid_skeleton_forced_loop_no_sig,1,545,0.5578300921187308,10.020482476103776,84.76923076923076,10.020482476103776,84.76923076923076,0
per_huruf_hybrid_skeleton_forced_loop_no_sig,1,546,0.5588536335721597,10.01001365498407,84.84615384615385,10.01001365498407,84.84615384615385,0
per_huruf_hybrid_skeleton_forced_loop_no_sig,1,547,0.5598771750255885,10.002730996813836,84.92307692307692,10.002730996813836,84.92307692307692,0
per_huruf_hybrid_skeleton_forced_loop_no_sig,1,548,0.5609007164790174,10.0,85.0,10.0,85.0,0
per_huruf_hybrid_skeleton_forced_loop_no_sig,1,549,0.5619242579324463,9.997269003186165,85.07692307692308,9.997269003186165,85.07692307692308,0
per_huruf_hybrid_skeleton_forced_loop_no_sig,1,550,0.5629477993858751,9.98998634501593,85.15384615384615,9.98998634501593,85.15384615384615,0
per_huruf_hybrid_skeleton_forced_loop_no_sig,1,551,0.563971340839304,9.97951752389622,85.23076923076921,9.97951752389622,85.23076923076921,0
per_huruf_hybrid_skeleton_forced_loop_no_sig,1,552,0.5649948822927329,9.967228038233955,85.30769230769229,9.967228038233955,85.30769230769229,0
per_huruf_hybrid_skeleton_forced_loop_no_sig,1,553,0.5660184237461617,9.954483386436051,85.38461538461539,9.954483386436051,85.38461538461539,0
per_huruf_hybrid_skeleton_forced_loop_no_sig,1,554,0.5670419651995906,9.942649066909423,85.46153846153845,9.942649066909423,85.46153846153845,0
per_huruf_hybrid_skeleton_forced_loop_no_sig,1,555,0.5680655066530195,9.933090578060991,85.53846153846153,9.933090578060991,85.53846153846153,0
per_huruf_hybrid_skeleton_forced_loop_no_sig,1,556,0.5690890481064483,9.927173418297679,85.61538461538461,9.927173418297679,85.61538461538461,0
per_huruf_hybrid_skeleton_forced_loop_no_sig,1,557,0.5701125895598772,9.926263086026399,85.6923076923077,9.926263086026399,85.6923076923077,0
per_huruf_hybrid_skeleton_forced_loop_no_sig,1,558,0.5711361310133061,9.931725079654074,85.76923076923076,9.931725079654074,85.76923076923076,0
per_huruf_hybrid_skeleton_forced_loop_no_sig,1,559,0.5721596724667349,9.944924897587619,85.84615384615385,9.944924897587619,85.84615384615385,0
per_huruf_hybrid_skeleton_forced_loop_no_sig,1,560,0.5731832139201638,9.967228038233955,85.92307692307692,9.967228038233955,85.92307692307692,0
per_huruf_hybrid_skeleton_forced_loop_no_sig,1,561,0.5742067553735927,10.0,86.0,10.0,86.0,0
per_huruf_hybrid_skeleton_forced_loop_no_sig,1,562,0.5752302968270215,10.044151115157032,86.07692307692308,10.044151115157032,86.07692307692308,0
per_huruf_hybrid_skeleton_forced_loop_no_sig,1,563,0.5762538382804504,10.098771051433774,86.15384615384615,10.098771051433774,86.15384615384615,0
per_huruf_hybrid_skeleton_forced_loop_no_sig,1,564,0.5772773797338793,10.162494310423304,86.23076923076921,10.162494310423304,86.23076923076921,0
per_huruf_hybrid_skeleton_forced_loop_no_sig,1,565,0.5783009211873081,10.233955393718707,86.30769230769229,10.233955393718707,86.30769230769229,0
per_huruf_hybrid_skeleton_forced_loop_no_sig,1,566,0.579324462640737,10.311788802913062,86.3846153846154,10.311788802913062,86.3846153846154,0
per_huruf_hybrid_skeleton_forced_loop_no_sig,1,567,0.5803480040941659,10.394629039599453,86.46153846153845,10.394629039599453,86.46153846153845,0
per_huruf_hybrid_skeleton_forced_loop_no_sig,1,568,0.5813715455475947,10.48111060537096,86.53846153846155,10.48111060537096,86.53846153846155,0
per_huruf_hybrid_skeleton_forced_loop_no_sig,1,569,0.5823950870010236,10.569868001820664,86.61538461538461,10.569868001820664,86.61538461538461,0
per_huruf_hybrid_skeleton_forced_loop_no_sig,1,570,0.5834186284544525,10.659535730541647,86.69230769230768,10.659535730541647,86.69230769230768,0
per_huruf_hybrid_skeleton_forced_loop_no_sig,1,571,0.5844421699078813,10.74874829312699,86.76923076923076,10.74874829312699,86.76923076923076,0
per_huruf_hybrid_skeleton_forced_loop_no_sig,1,572,0.5854657113613101,10.836140191169775,86.84615384615385,10.836140191169775,86.84615384615385,0
per_huruf_hybrid_skeleton_forced_loop_no_sig,1,573,0.586489252814739,10.920345926263085,86.92307692307693,10.920345926263085,86.92307692307693,0
per_huruf_hybrid_skeleton_forced_loop_no_sig,1,574,0.5875127942681678,11.0,87.0,11.0,87.0,0
per_huruf_hybrid_skeleton_forced_loop_no_sig,1,575,0.5885363357215967,11.079654073736917,87.07692307692308,11.079654073736917,87.07692307692308,0
per_huruf_hybrid_skeleton_forced_loop_no_sig,1,576,0.5895598771750256,11.163859808830223,87.15384615384616,11.163859808830223,87.15384615384616,0
per_huruf_hybrid_skeleton_forced_loop_no_sig,1,577,0.5905834186284544,11.251251706873008,87.23076923076921,11.251251706873008,87.23076923076921,0
per_huruf_hybrid_skeleton_forced_loop_no_sig,1,578,0.5916069600818833,11.340464269458352,87.3076923076923,11.340464269458352,87.3076923076923,0
per_huruf_hybrid_skeleton_forced_loop_no_sig,1,579,0.5926305015353122,11.430131998179336,87.38461538461539,11.430131998179336,87.38461538461539,0
per_huruf_hybrid_skeleton_forced_loop_no_sig,1,580,0.593654042988741,11.518889394629042,87.46153846153845,11.518889394629042,87.46153846153845,0
per_huruf_hybrid_skeleton_forced_loop_no_sig,1,581,0.5946775844421699,11.605370960400545,87.53846153846153,11.605370960400545,87.53846153846153,0
per_huruf_hybrid_skeleton_forced_loop_no_sig,1,582,0.5957011258955988,11.688211197086938,87.61538461538461,11.688211197086938,87.61538461538461,0
per_huruf_hybrid_skeleton_forced_loop_no_sig,1,583,0.5967246673490276,11.766044606281293,87.6923076923077,11.766044606281293,87.6923076923077,0
per_huruf_hybrid_skeleton_forced_loop_no_sig,1,584,0.5977482088024565,11.837505689576695,87.76923076923077,11.837505689576695,87.76923076923077,0
per_huruf_hybrid_skeleton_forced_loop_no_sig,1,585,0.5987717502558854,11.901228948566228,87.84615384615384,11.901228948566228,87.84615384615384,0
per_huruf_hybrid_skeleton_forced_loop_no_sig,1,586,0.5997952917093142,11.955848884842966,87.92307692307692,11.955848884842966,87.92307692307692,0
per_huruf_hybrid_skeleton_forced_loop_no_sig,1,587,0.6008188331627431,12.0,88.0,12.0,88.0,0
per_huruf_hybrid_skeleton_forced_loop_no_sig,1,588,0.601842374616172,12.03004096495221,88.0769230769231,12.03004096495221,88.0769230769231,0
per_huruf_hybrid_skeleton_forced_loop_no_sig,1,589,0.6028659160696008,12.04506144742831,88.15384615384617,12.04506144742831,88.15384615384617,0
per_huruf_hybrid_skeleton_forced_loop_no_sig,1,590,0.6038894575230297,12.047792444242146,88.23076923076921,12.047792444242146,88.23076923076921,0
per_huruf_hybrid_skeleton_forced_loop_no_sig,1,591,0.6049129989764586,12.040964952207554,88.3076923076923,12.040964952207554,88.3076923076923,0
per_huruf_hybrid_skeleton_forced_loop_no_sig,1,592,0.6059365404298874,12.027309968138372,88.3846153846154,12.027309968138372,88.3846153846154,0
per_huruf_hybrid_skeleton_forced_loop_no_sig,1,593,0.6069600818833163,12.00955848884843,88.46153846153847,12.00955848884843,88.46153846153847,0
per_huruf_hybrid_skeleton_forced_loop_no_sig,1,594,0.6079836233367452,11.99044151115157,88.53846153846153,11.99044151115157,88.53846153846153,0
per_huruf_hybrid_skeleton_forced_loop_no_sig,1,595,0.609007164790174,11.97269003186163,88.61538461538461,11.97269003186163,88.61538461538461,0
per_huruf_hybrid_skeleton_forced_loop_no_sig,1,596,0.6100307062436029,11.959035047792444,88.6923076923077,11.959035047792444,88.6923076923077,0
per_huruf_hybrid_skeleton_forced_loop_no_sig,1,597,0.6110542476970318,11.952207555757852,88.76923076923076,11.952207555757852,88.76923076923076,0
per_huruf_hybrid_skeleton_forced_loop_no_sig,1,598,0.6120777891504606,11.95493855257169,88.84615384615384,11.95493855257169,88.84615384615384,0
per_huruf_hybrid_skeleton_forced_loop_no_sig,1,599,0.6131013306038895,11.969959035047792,88.92307692307692,11.969959035047792,88.92307692307692,0
per_huruf_hybrid_skeleton_forced_loop_no_sig,1,600,0.6141248720573184,12.0,89.0,12.0,89.0,0
per_huruf_hybrid_skeleton_forced_loop_no_sig,1,601,0.6151484135107472,12.044151115157034,89.0769230769231,12.044151115157034,89.0769230769231,0
per_huruf_hybrid_skeleton_forced_loop_no_sig,1,602,0.6161719549641761,12.098771051433774,89.15384615384616,12.098771051433774,89.15384615384616,0
per_huruf_hybrid_skeleton_forced_loop_no_sig,1,603,0.617195496417605,12.162494310423302,89.23076923076923,12.162494310423302,89.23076923076923,0
per_huruf_hybrid_skeleton_forced_loop_no_sig,1,604,0.6182190378710338,12.233955393718706,89.30769230769229,12.233955393718706,89.30769230769229,0
per_huruf_hybrid_skeleton_forced_loop_no_sig,1,605,0.6192425793244627,12.311788802913064,89.38461538461539,12.311788802913064,89.38461538461539,0
per_huruf_hybrid_skeleton_forced_loop_no_sig,1,606,0.6202661207778916,12.394629039599453,89.46153846153845,12.394629039599453,89.46153846153845,0
per_huruf_hybrid_skeleton_forced_loop_no_sig,1,607,0.6212896622313204,12.481110605370962,89.53846153846155,12.481110605370962,89.53846153846155,0
per_huruf_hybrid_skeleton_forced_loop_no_sig,1,608,0.6223132036847493,12.569868001820666,89.61538461538461,12.569868001820666,89.61538461538461,0
per_huruf_hybrid_skeleton_forced_loop_no_sig,1,609,0.6233367451381782,12.659535730541647,89.69230769230768,12.659535730541647,89.69230769230768,0
per_huruf_hybrid_skeleton_forced_loop_no_sig,1,610,0.624360286591607,12.74874829312699,89.76923076923077,12.74874829312699,89.76923076923077,0
per_huruf_hybrid_skeleton_forced_loop_no_sig,1,611,0.6253838280450358,12.836140191169777,89.84615384615384,12.836140191169777,89.84615384615384,0
per_huruf_hybrid_skeleton_forced_loop_no_sig,1,612,0.6264073694984647,12.920345926263085,89.92307692307692,12.920345926263085,89.92307692307692,0
per_huruf_hybrid_skeleton_forced_loop_no_sig,1,613,0.6274309109518935,13.0,90.0,13.0,90.0,0
per_huruf_hybrid_skeleton_forced_loop_no_sig,1,614,0.6284544524053224,13.076923076923078,90.0769230769231,13.076923076923078,90.0769230769231,0
per_huruf_hybrid_skeleton_forced_loop_no_sig,1,615,0.6294779938587513,13.153846153846157,90.15384615384616,13.153846153846157,90.15384615384616,0
per_huruf_hybrid_skeleton_forced_loop_no_sig,1,616,0.6305015353121801,13.230769230769228,90.23076923076923,13.230769230769228,90.23076923076923,0
per_huruf_hybrid_skeleton_forced_loop_no_sig,1,617,0.631525076765609,13.307692307692307,90.30769230769229,13.307692307692307,90.30769230769229,0
per_huruf_hybrid_skeleton_forced_loop_no_sig,1,618,0.6325486182190379,13.384615384615387,90.38461538461539,13.384615384615387,90.38461538461539,0
per_huruf_hybrid_skeleton_forced_loop_no_sig,1,619,0.6335721596724667,13.461538461538462,90.46153846153847,13.461538461538462,90.46153846153847,0
per_huruf_hybrid_skeleton_forced_loop_no_sig,1,620,0.6345957011258956,13.538461538461538,90.53846153846153,13.538461538461538,90.53846153846153,0
per_huruf_hybrid_skeleton_forced_loop_no_sig,1,621,0.6356192425793245,13.615384615384617,90.61538461538461,13.615384615384617,90.61538461538461,0
per_huruf_hybrid_skeleton_forced_loop_no_sig,1,622,0.6366427840327533,13.69230769230769,90.6923076923077,13.69230769230769,90.6923076923077,0
per_huruf_hybrid_skeleton_forced_loop_no_sig,1,623,0.6376663254861822,13.769230769230768,90.76923076923076,13.769230769230768,90.76923076923076,0
per_huruf_hybrid_skeleton_forced_loop_no_sig,1,624,0.638689866939611,13.846153846153845,90.84615384615384,13.846153846153845,90.84615384615384,0
per_huruf_hybrid_skeleton_forced_loop_no_sig,1,625,0.6397134083930399,13.923076923076923,90.92307692307692,13.923076923076923,90.92307692307692,0
per_huruf_hybrid_skeleton_forced_loop_no_sig,1,626,0.6407369498464688,14.0,91.0,14.0,91.0,0
per_huruf_hybrid_skeleton_forced_loop_no_sig,1,627,0.6417604912998977,14.076923076923078,91.07965407373692,14.076923076923078,91.07965407373692,0
per_huruf_hybrid_skeleton_forced_loop_no_sig,1,628,0.6427840327533265,14.153846153846155,91.16385980883021,14.153846153846155,91.16385980883021,0
per_huruf_hybrid_skeleton_forced_loop_no_sig,1,629,0.6438075742067554,14.23076923076923,91.25125170687299,14.23076923076923,91.25125170687299,0
per_huruf_hybrid_skeleton_forced_loop_no_sig,1,630,0.6448311156601843,14.307692307692307,91.34046426945834,14.307692307692307,91.34046426945834,0
per_huruf_hybrid_skeleton_forced_loop_no_sig,1,631,0.6458546571136131,14.384615384615387,91.43013199817935,14.384615384615387,91.43013199817935,0
per_huruf_hybrid_skeleton_forced_loop_no_sig,1,632,0.646878198567042,14.461538461538462,91.51888939462904,14.461538461538462,91.51888939462904,0
per_huruf_hybrid_skeleton_forced_loop_no_sig,1,633,0.6479017400204709,14.538461538461538,91.60537096040053,14.538461538461538,91.60537096040053,0
per_huruf_hybrid_skeleton_forced_loop_no_sig,1,634,0.6489252814738997,14.615384615384617,91.68821119708694,14.615384615384617,91.68821119708694,0
per_huruf_hybrid_skeleton_forced_loop_no_sig,1,635,0.6499488229273286,14.692307692307692,91.7660446062813,14.692307692307692,91.7660446062813,0
per_huruf_hybrid_skeleton_forced_loop_no_sig,1,636,0.6509723643807575,14.769230769230766,91.83750568957669,14.769230769230766,91.83750568957669,0
per_huruf_hybrid_skeleton_forced_loop_no_sig,1,637,0.6519959058341863,14.846153846153847,91.90122894856623,14.846153846153847,91.90122894856623,0
per_huruf_hybrid_skeleton_forced_loop_no_sig,1,638,0.6530194472876152,14.923076923076922,91.95584888484296,14.923076923076922,91.95584888484296,0
per_huruf_hybrid_skeleton_forced_loop_no_sig,1,639,0.654042988741044,15.0,92.0,15.0,92.0,0
per_huruf_hybrid_skeleton_forced_loop_no_sig,1,640,0.6550665301944729,15.07692307692308,92.0300409649522,15.07692307692308,92.0300409649522,0
per_huruf_hybrid_skeleton_forced_loop_no_sig,1,641,0.6560900716479018,15.153846153846155,92.04506144742831,15.153846153846155,92.04506144742831,0
per_huruf_hybrid_skeleton_forced_loop_no_sig,1,642,0.6571136131013307,15.230769230769228,92.04779244424215,15.230769230769228,92.04779244424215,0
per_huruf_hybrid_skeleton_forced_loop_no_sig,1,643,0.6581371545547595,15.307692307692307,92.04096495220755,15.307692307692307,92.04096495220755,0
per_huruf_hybrid_skeleton_forced_loop_no_sig,1,644,0.6591606960081884,15.384615384615387,92.0273099681384,15.384615384615387,92.0273099681384,0
per_huruf_hybrid_skeleton_forced_loop_no_sig,1,645,0.6601842374616173,15.461538461538463,92.00955848884843,15.461538461538463,92.00955848884843,0
per_huruf_hybrid_skeleton_forced_loop_no_sig,1,646,0.6612077789150461,15.538461538461538,91.99044151115157,15.538461538461538,91.99044151115157,0
per_huruf_hybrid_skeleton_forced_loop_no_sig,1,647,0.662231320368475,15.615384615384615,91.97269003186163,15.615384615384615,91.97269003186163,0
per_huruf_hybrid_skeleton_forced_loop_no_sig,1,648,0.6632548618219039,15.692307692307692,91.95903504779244,15.692307692307692,91.95903504779244,0
per_huruf_hybrid_skeleton_forced_loop_no_sig,1,649,0.6642784032753327,15.769230769230768,91.95220755575784,15.769230769230768,91.95220755575784,0
per_huruf_hybrid_skeleton_forced_loop_no_sig,1,650,0.6653019447287615,15.846153846153847,91.95493855257169,15.846153846153847,91.95493855257169,0
per_huruf_hybrid_skeleton_forced_loop_no_sig,1,651,0.6663254861821903,15.923076923076923,91.96995903504778,15.923076923076923,91.96995903504778,0
per_huruf_hybrid_skeleton_forced_loop_no_sig,1,652,0.6673490276356192,16.0,92.0,16.0,92.0,0
per_huruf_hybrid_skeleton_forced_loop_no_sig,1,653,0.6683725690890481,16.076923076923077,92.04688211197087,16.076923076923077,92.04688211197087,0
per_huruf_hybrid_skeleton_forced_loop_no_sig,1,654,0.6693961105424769,16.153846153846153,92.10878470641784,16.153846153846153,92.10878470641784,0
per_huruf_hybrid_skeleton_forced_loop_no_sig,1,655,0.6704196519959058,16.23076923076923,92.18297678652708,16.23076923076923,92.18297678652708,0
per_huruf_hybrid_skeleton_forced_loop_no_sig,1,656,0.6714431934493347,16.307692307692307,92.26672735548475,16.307692307692307,92.26672735548475,0
per_huruf_hybrid_skeleton_forced_loop_no_sig,1,657,0.6724667349027635,16.384615384615387,92.35730541647703,16.384615384615387,92.35730541647703,0
per_huruf_hybrid_skeleton_forced_loop_no_sig,1,658,0.6734902763561924,16.461538461538463,92.45197997269004,16.461538461538463,92.45197997269004,0
per_huruf_hybrid_skeleton_forced_loop_no_sig,1,659,0.6745138178096213,16.53846153846154,92.54802002730997,16.53846153846154,92.54802002730997,0
per_huruf_hybrid_skeleton_forced_loop_no_sig,1,660,0.6755373592630501,16.615384615384617,92.642694583523,16.615384615384617,92.642694583523,0
per_huruf_hybrid_skeleton_forced_loop_no_sig,1,661,0.676560900716479,16.692307692307693,92.73327264451524,16.692307692307693,92.73327264451524,0
per_huruf_hybrid_skeleton_forced_loop_no_sig,1,662,0.6775844421699079,16.769230769230766,92.81702321347291,16.769230769230766,92.81702321347291,0
per_huruf_hybrid_skeleton_forced_loop_no_sig,1,663,0.6786079836233367,16.846153846153847,92.89121529358215,16.846153846153847,92.89121529358215,0
per_huruf_hybrid_skeleton_forced_loop_no_sig,1,664,0.6796315250767656,16.923076923076923,92.95311788802913,16.923076923076923,92.95311788802913,0
per_huruf_hybrid_skeleton_forced_loop_no_sig,1,665,0.6806550665301945,17.0,93.0,17.0,93.0,0
per_huruf_hybrid_skeleton_forced_loop_no_sig,1,666,0.6816786079836233,17.07692307692308,93.03277196176606,17.07692307692308,93.03277196176606,0
per_huruf_hybrid_skeleton_forced_loop_no_sig,1,667,0.6827021494370522,17.153846153846153,93.05507510241237,17.153846153846153,93.05507510241237,0
per_huruf_hybrid_skeleton_forced_loop_no_sig,1,668,0.6837256908904811,17.230769230769226,93.06827492034593,17.230769230769226,93.06827492034593,0
per_huruf_hybrid_skeleton_forced_loop_no_sig,1,669,0.6847492323439099,17.307692307692307,93.07373691397359,17.307692307692307,93.07373691397359,0
per_huruf_hybrid_skeleton_forced_loop_no_sig,1,670,0.6857727737973388,17.384615384615387,93.07282658170234,17.384615384615387,93.07282658170234,0
per_huruf_hybrid_skeleton_forced_loop_no_sig,1,671,0.6867963152507677,17.461538461538463,93.06690942193902,17.461538461538463,93.06690942193902,0
per_huruf_hybrid_skeleton_forced_loop_no_sig,1,672,0.6878198567041965,17.53846153846154,93.05735093309059,17.53846153846154,93.05735093309059,0
per_huruf_hybrid_skeleton_forced_loop_no_sig,1,673,0.6888433981576254,17.615384615384617,93.04551661356396,17.615384615384617,93.04551661356396,0
per_huruf_hybrid_skeleton_forced_loop_no_sig,1,674,0.6898669396110543,17.692307692307693,93.03277196176603,17.692307692307693,93.03277196176603,0
per_huruf_hybrid_skeleton_forced_loop_no_sig,1,675,0.6908904810644831,17.769230769230766,93.02048247610377,17.769230769230766,93.02048247610377,0
per_huruf_hybrid_skeleton_forced_loop_no_sig,1,676,0.691914022517912,17.846153846153847,93.01001365498408,17.846153846153847,93.01001365498408,0
per_huruf_hybrid_skeleton_forced_loop_no_sig,1,677,0.6929375639713409,17.923076923076923,93.00273099681384,17.923076923076923,93.00273099681384,0
per_huruf_hybrid_skeleton_forced_loop_no_sig,1,678,0.6939611054247697,18.0,93.0,18.0,93.0,0
per_huruf_hybrid_skeleton_forced_loop_no_sig,1,679,0.6949846468781986,18.07692307692308,93.00000000000003,18.07692307692308,93.00000000000003,0
per_huruf_hybrid_skeleton_forced_loop_no_sig,1,680,0.6960081883316275,18.153846153846153,93.0,18.153846153846153,93.0,0
per_huruf_hybrid_skeleton_forced_loop_no_sig,1,681,0.6970317297850563,18.23076923076923,92.99999999999999,18.23076923076923,92.99999999999999,0
per_huruf_hybrid_skeleton_forced_loop_no_sig,1,682,0.6980552712384852,18.307692307692307,93.0,18.307692307692307,93.0,0
per_huruf_hybrid_skeleton_forced_loop_no_sig,1,683,0.6990788126919141,18.38461538461539,93.00000000000001,18.38461538461539,93.00000000000001,0
per_huruf_hybrid_skeleton_forced_loop_no_sig,1,684,0.7001023541453429,18.461538461538463,93.0,18.461538461538463,93.0,0
per_huruf_hybrid_skeleton_forced_loop_no_sig,1,685,0.7011258955987718,18.538461538461537,93.0,18.538461538461537,93.0,0
per_huruf_hybrid_skeleton_forced_loop_no_sig,1,686,0.7021494370522007,18.615384615384613,93.00000000000001,18.615384615384613,93.00000000000001,0
per_huruf_hybrid_skeleton_forced_loop_no_sig,1,687,0.7031729785056295,18.692307692307693,93.0,18.692307692307693,93.0,0
per_huruf_hybrid_skeleton_forced_loop_no_sig,1,688,0.7041965199590584,18.769230769230766,93.0,18.769230769230766,93.0,0
per_huruf_hybrid_skeleton_forced_loop_no_sig,1,689,0.7052200614124873,18.846153846153847,93.0,18.846153846153847,93.0,0
per_huruf_hybrid_skeleton_forced_loop_no_sig,1,690,0.706243602865916,18.923076923076923,93.0,18.923076923076923,93.0,0
per_huruf_hybrid_skeleton_forced_loop_no_sig,1,691,0.7072671443193449,19.0,93.0,19.0,93.0,0
per_huruf_hybrid_skeleton_forced_loop_no_sig,1,692,0.7082906857727738,19.07692307692308,93.00000000000003,19.07692307692308,93.00000000000003,0
per_huruf_hybrid_skeleton_forced_loop_no_sig,1,693,0.7093142272262026,19.153846153846157,93.0,19.153846153846157,93.0,0
per_huruf_hybrid_skeleton_forced_loop_no_sig,1,694,0.7103377686796315,19.230769230769226,92.99999999999999,19.230769230769226,92.99999999999999,0
per_huruf_hybrid_skeleton_forced_loop_no_sig,1,695,0.7113613101330604,19.307692307692307,93.0,19.307692307692307,93.0,0
per_huruf_hybrid_skeleton_forced_loop_no_sig,1,696,0.7123848515864892,19.384615384615387,93.00000000000001,19.384615384615387,93.00000000000001,0
per_huruf_hybrid_skeleton_forced_loop_no_sig,1,697,0.7134083930399181,19.461538461538463,93.0,19.461538461538463,93.0,0
per_huruf_hybrid_skeleton_forced_loop_no_sig,1,698,0.714431934493347,19.53846153846154,93.0,19.53846153846154,93.0,0
per_huruf_hybrid_skeleton_forced_loop_no_sig,1,699,0.7154554759467758,19.615384615384617,93.00000000000001,19.615384615384617,93.00000000000001,0
per_huruf_hybrid_skeleton_forced_loop_no_sig,1,700,0.7164790174002047,19.692307692307693,93.0,19.692307692307693,93.0,0
per_huruf_hybrid_skeleton_forced_loop_no_sig,1,701,0.7175025588536336,19.76923076923077,93.0,19.76923076923077,93.0,0
per_huruf_hybrid_skeleton_forced_loop_no_sig,1,702,0.7185261003070624,19.846153846153847,93.0,19.846153846153847,93.0,0
per_huruf_hybrid_skeleton_forced_loop_no_sig,1,703,0.7195496417604913,19.923076923076923,93.0,19.923076923076923,93.0,0
per_huruf_hybrid_skeleton_forced_loop_no_sig,1,704,0.7205731832139202,20.0,93.0,20.0,93.0,0
per_huruf_hybrid_skeleton_forced_loop_no_sig,1,705,0.721596724667349,20.07692307692308,93.00273099681385,20.07692307692308,93.00273099681385,0
per_huruf_hybrid_skeleton_forced_loop_no_sig,1,706,0.7226202661207779,20.153846153846153,93.01001365498406,20.153846153846153,93.01001365498406,0
per_huruf_hybrid_skeleton_forced_loop_no_sig,1,707,0.7236438075742068,20.23076923076923,93.02048247610377,20.23076923076923,93.02048247610377,0
per_huruf_hybrid_skeleton_forced_loop_no_sig,1,708,0.7246673490276356,20.307692307692307,93.03277196176604,20.307692307692307,93.03277196176604,0
per_huruf_hybrid_skeleton_forced_loop_no_sig,1,709,0.7256908904810645,20.384615384615383,93.04551661356396,20.384615384615383,93.04551661356396,0
per_huruf_hybrid_skeleton_forced_loop_no_sig,1,710,0.7267144319344934,20.461538461538463,93.05735093309058,20.461538461538463,93.05735093309058,0
per_huruf_hybrid_skeleton_forced_loop_no_sig,1,711,0.7277379733879222,20.53846153846154,93.06690942193902,20.53846153846154,93.06690942193902,0
per_huruf_hybrid_skeleton_forced_loop_no_sig,1,712,0.7287615148413511,20.615384615384617,93.07282658170233,20.615384615384617,93.07282658170233,0
per_huruf_hybrid_skeleton_forced_loop_no_sig,1,713,0.72978505629478,20.692307692307693,93.07373691397359,20.692307692307693,93.07373691397359,0
per_huruf_hybrid_skeleton_forced_loop_no_sig,1,714,0.7308085977482088,20.769230769230766,93.06827492034591,20.769230769230766,93.06827492034591,0
per_huruf_hybrid_skeleton_forced_loop_no_sig,1,715,0.7318321392016377,20.846153846153847,93.05507510241239,20.846153846153847,93.05507510241239,0
per_huruf_hybrid_skeleton_forced_loop_no_sig,1,716,0.7328556806550666,20.92307692307692,93.03277196176604,20.92307692307692,93.03277196176604,0
per_huruf_hybrid_skeleton_forced_loop_no_sig,1,717,0.7338792221084954,21.0,93.0,21.0,93.0,0
per_huruf_hybrid_skeleton_forced_loop_no_sig,1,718,0.7349027635619243,21.076923076923077,92.95584888484298,21.076923076923077,92.95584888484298,0
per_huruf_hybrid_skeleton_forced_loop_no_sig,1,719,0.7359263050153532,21.15384615384615,92.90122894856621,21.15384615384615,92.90122894856621,0
per_huruf_hybrid_skeleton_forced_loop_no_sig,1,720,0.736949846468782,21.230769230769226,92.83750568957669,21.230769230769226,92.83750568957669,0
per_huruf_hybrid_skeleton_forced_loop_no_sig,1,721,0.7379733879222109,21.307692307692307,92.76604460628128,21.307692307692307,92.76604460628128,0
per_huruf_hybrid_skeleton_forced_loop_no_sig,1,722,0.7389969293756398,21.384615384615383,92.68821119708696,21.384615384615383,92.68821119708696,0
per_huruf_hybrid_skeleton_forced_loop_no_sig,1,723,0.7400204708290686,21.46153846153846,92.60537096040055,21.46153846153846,92.60537096040055,0
per_huruf_hybrid_skeleton_forced_loop_no_sig,1,724,0.7410440122824975,21.538461538461537,92.51888939462904,21.538461538461537,92.51888939462904,0
per_huruf_hybrid_skeleton_forced_loop_no_sig,1,725,0.7420675537359264,21.615384615384613,92.43013199817933,21.615384615384613,92.43013199817933,0
per_huruf_hybrid_skeleton_forced_loop_no_sig,1,726,0.7430910951893552,21.692307692307693,92.34046426945835,21.692307692307693,92.34046426945835,0
per_huruf_hybrid_skeleton_forced_loop_no_sig,1,727,0.7441146366427841,21.769230769230766,92.251251706873,21.769230769230766,92.251251706873,0
per_huruf_hybrid_skeleton_forced_loop_no_sig,1,728,0.745138178096213,21.846153846153847,92.16385980883022,21.846153846153847,92.16385980883022,0
per_huruf_hybrid_skeleton_forced_loop_no_sig,1,729,0.7461617195496417,21.92307692307692,92.0796540737369,21.92307692307692,92.0796540737369,0
per_huruf_hybrid_skeleton_forced_loop_no_sig,1,730,0.7471852610030706,22.0,92.0,22.0,92.0,0
per_huruf_hybrid_skeleton_forced_loop_no_sig,1,731,0.7482088024564995,22.07692307692308,91.9203459262631,22.07692307692308,91.9203459262631,0
per_huruf_hybrid_skeleton_forced_loop_no_sig,1,732,0.7492323439099283,22.153846153846153,91.83614019116979,22.153846153846153,91.83614019116979,0
per_huruf_hybrid_skeleton_forced_loop_no_sig,1,733,0.7502558853633572,22.230769230769226,91.74874829312698,22.230769230769226,91.74874829312698,0
per_huruf_hybrid_skeleton_forced_loop_no_sig,1,734,0.7512794268167861,22.307692307692307,91.65953573054163,22.307692307692307,91.65953573054163,0
per_huruf_hybrid_skeleton_forced_loop_no_sig,1,735,0.7523029682702149,22.384615384615387,91.56986800182068,22.384615384615387,91.56986800182068,0
per_huruf_hybrid_skeleton_forced_loop_no_sig,1,736,0.7533265097236438,22.46153846153846,91.48111060537097,22.46153846153846,91.48111060537097,0
per_huruf_hybrid_skeleton_forced_loop_no_sig,1,737,0.7543500511770727,22.538461538461537,91.39462903959945,22.538461538461537,91.39462903959945,0
per_huruf_hybrid_skeleton_forced_loop_no_sig,1,738,0.7553735926305015,22.615384615384617,91.31178880291307,22.615384615384617,91.31178880291307,0
per_huruf_hybrid_skeleton_forced_loop_no_sig,1,739,0.7563971340839304,22.692307692307693,91.2339553937187,22.692307692307693,91.2339553937187,0
per_huruf_hybrid_skeleton_forced_loop_no_sig,1,740,0.7574206755373593,22.769230769230766,91.1624943104233,22.769230769230766,91.1624943104233,0
per_huruf_hybrid_skeleton_forced_loop_no_sig,1,741,0.7584442169907881,22.846153846153847,91.09877105143377,22.846153846153847,91.09877105143377,0
per_huruf_hybrid_skeleton_forced_loop_no_sig,1,742,0.759467758444217,22.92307692307692,91.04415111515704,22.92307692307692,91.04415111515704,0
per_huruf_hybrid_skeleton_forced_loop_no_sig,1,743,0.7604912998976459,23.0,91.0,23.0,91.0,0
per_huruf_hybrid_skeleton_forced_loop_no_sig,1,744,0.7615148413510747,23.07692307692308,90.96722803823398,23.07692307692308,90.96722803823398,0
per_huruf_hybrid_skeleton_forced_loop_no_sig,1,745,0.7625383828045036,23.153846153846153,90.94492489758763,23.153846153846153,90.94492489758763,0
per_huruf_hybrid_skeleton_forced_loop_no_sig,1,746,0.7635619242579325,23.23076923076923,90.93172507965406,23.23076923076923,90.93172507965406,0
per_huruf_hybrid_skeleton_forced_loop_no_sig,1,747,0.7645854657113613,23.307692307692307,90.92626308602638,23.307692307692307,90.92626308602638,0
per_huruf_hybrid_skeleton_forced_loop_no_sig,1,748,0.7656090071647902,23.384615384615387,90.92717341829768,23.384615384615387,90.92717341829768,0
per_huruf_hybrid_skeleton_forced_loop_no_sig,1,749,0.7666325486182191,23.461538461538463,90.933090578061,23.461538461538463,90.933090578061,0
per_huruf_hybrid_skeleton_forced_loop_no_sig,1,750,0.7676560900716479,23.53846153846154,90.94264906690942,23.53846153846154,90.94264906690942,0
per_huruf_hybrid_skeleton_forced_loop_no_sig,1,751,0.7686796315250768,23.615384615384617,90.95448338643604,23.615384615384617,90.95448338643604,0
per_huruf_hybrid_skeleton_forced_loop_no_sig,1,752,0.7697031729785057,23.692307692307693,90.96722803823394,23.692307692307693,90.96722803823394,0
per_huruf_hybrid_skeleton_forced_loop_no_sig,1,753,0.7707267144319345,23.769230769230766,90.97951752389622,23.769230769230766,90.97951752389622,0
per_huruf_hybrid_skeleton_forced_loop_no_sig,1,754,0.7717502558853634,23.846153846153847,90.98998634501592,23.846153846153847,90.98998634501592,0
per_huruf_hybrid_skeleton_forced_loop_no_sig,1,755,0.7727737973387923,23.92307692307692,90.99726900318616,23.92307692307692,90.99726900318616,0
per_huruf_hybrid_skeleton_forced_loop_no_sig,1,756,0.7737973387922211,24.0,91.0,24.0,91.0,0
per_huruf_hybrid_skeleton_forced_loop_no_sig,1,757,0.77482088024565,24.07692307692308,91.00273099681384,24.07692307692308,91.00273099681384,0
per_huruf_hybrid_skeleton_forced_loop_no_sig,1,758,0.7758444216990789,24.153846153846153,91.01001365498408,24.153846153846153,91.01001365498408,0
per_huruf_hybrid_skeleton_forced_loop_no_sig,1,759,0.7768679631525077,24.230769230769226,91.02048247610377,24.230769230769226,91.02048247610377,0
per_huruf_hybrid_skeleton_forced_loop_no_sig,1,760,0.7778915046059366,24.307692307692303,91.03277196176603,24.307692307692303,91.03277196176603,0
per_huruf_hybrid_skeleton_forced_loop_no_sig,1,761,0.7789150460593655,24.384615384615387,91.04551661356396,24.384615384615387,91.04551661356396,0
per_huruf_hybrid_skeleton_forced_loop_no_sig,1,762,0.7799385875127943,24.461538461538467,91.05735093309059,24.461538461538467,91.05735093309059,0
per_huruf_hybrid_skeleton_forced_loop_no_sig,1,763,0.7809621289662232,24.53846153846154,91.066909421939,24.53846153846154,91.066909421939,0
per_huruf_hybrid_skeleton_forced_loop_no_sig,1,764,0.7819856704196521,24.615384615384617,91.07282658170232,24.615384615384617,91.07282658170232,0
per_huruf_hybrid_skeleton_forced_loop_no_sig,1,765,0.7830092118730809,24.692307692307693,91.07373691397359,24.692307692307693,91.07373691397359,0
per_huruf_hybrid_skeleton_forced_loop_no_sig,1,766,0.7840327533265098,24.769230769230766,91.06827492034591,24.769230769230766,91.06827492034591,0
per_huruf_hybrid_skeleton_forced_loop_no_sig,1,767,0.7850562947799387,24.846153846153847,91.05507510241239,24.846153846153847,91.05507510241239,0
per_huruf_hybrid_skeleton_forced_loop_no_sig,1,768,0.7860798362333674,24.92307692307692,91.03277196176604,24.92307692307692,91.03277196176604,0
per_huruf_hybrid_skeleton_forced_loop_no_sig,1,769,0.7871033776867963,25.0,91.0,25.0,91.0,0
per_huruf_hybrid_skeleton_forced_loop_no_sig,1,770,0.7881269191402251,25.07692307692308,90.955848884843,25.07692307692308,90.955848884843,0
per_huruf_hybrid_skeleton_forced_loop_no_sig,1,771,0.789150460593654,25.153846153846157,90.90122894856623,25.153846153846157,90.90122894856623,0
per_huruf_hybrid_skeleton_forced_loop_no_sig,1,772,0.7901740020470829,25.23076923076923,90.83750568957669,25.23076923076923,90.83750568957669,0
per_huruf_hybrid_skeleton_forced_loop_no_sig,1,773,0.7911975435005117,25.307692307692307,90.76604460628127,25.307692307692307,90.76604460628127,0
per_huruf_hybrid_skeleton_forced_loop_no_sig,1,774,0.7922210849539406,25.384615384615387,90.68821119708694,25.384615384615387,90.68821119708694,0
per_huruf_hybrid_skeleton_forced_loop_no_sig,1,775,0.7932446264073695,25.461538461538463,90.60537096040053,25.461538461538463,90.60537096040053,0
per_huruf_hybrid_skeleton_forced_loop_no_sig,1,776,0.7942681678607983,25.53846153846154,90.51888939462904,25.53846153846154,90.51888939462904,0
per_huruf_hybrid_skeleton_forced_loop_no_sig,1,777,0.7952917093142272,25.61538461538462,90.43013199817932,25.61538461538462,90.43013199817932,0
per_huruf_hybrid_skeleton_forced_loop_no_sig,1,778,0.7963152507676561,25.69230769230769,90.34046426945834,25.69230769230769,90.34046426945834,0
per_huruf_hybrid_skeleton_forced_loop_no_sig,1,779,0.797338792221085,25.769230769230766,90.251251706873,25.769230769230766,90.251251706873,0
per_huruf_hybrid_skeleton_forced_loop_no_sig,1,780,0.7983623336745138,25.846153846153847,90.16385980883021,25.846153846153847,90.16385980883021,0
per_huruf_hybrid_skeleton_forced_loop_no_sig,1,781,0.7993858751279427,25.92307692307692,90.0796540737369,25.92307692307692,90.0796540737369,0
per_huruf_hybrid_skeleton_forced_loop_no_sig,1,782,0.8004094165813715,26.0,90.0,26.0,90.0,0
per_huruf_hybrid_skeleton_forced_loop_no_sig,1,783,0.8014329580348004,26.07692307692308,89.92307692307693,26.07692307692308,89.92307692307693,0
per_huruf_hybrid_skeleton_forced_loop_no_sig,1,784,0.8024564994882293,26.153846153846157,89.84615384615385,26.153846153846157,89.84615384615385,0
per_huruf_hybrid_skeleton_forced_loop_no_sig,1,785,0.8034800409416581,26.23076923076923,89.76923076923076,26.23076923076923,89.76923076923076,0
per_huruf_hybrid_skeleton_forced_loop_no_sig,1,786,0.804503582395087,26.307692307692303,89.6923076923077,26.307692307692303,89.6923076923077,0
per_huruf_hybrid_skeleton_forced_loop_no_sig,1,787,0.8055271238485159,26.384615384615387,89.61538461538463,26.384615384615387,89.61538461538463,0
per_huruf_hybrid_skeleton_forced_loop_no_sig,1,788,0.8065506653019447,26.461538461538463,89.53846153846153,26.461538461538463,89.53846153846153,0
per_huruf_hybrid_skeleton_forced_loop_no_sig,1,789,0.8075742067553736,26.538461538461537,89.46153846153845,26.538461538461537,89.46153846153845,0
per_huruf_hybrid_skeleton_forced_loop_no_sig,1,790,0.8085977482088025,26.61538461538462,89.38461538461539,26.61538461538462,89.38461538461539,0
per_huruf_hybrid_skeleton_forced_loop_no_sig,1,791,0.8096212896622313,26.692307692307693,89.3076923076923,26.692307692307693,89.3076923076923,0
per_huruf_hybrid_skeleton_forced_loop_no_sig,1,792,0.8106448311156602,26.769230769230766,89.23076923076923,26.769230769230766,89.23076923076923,0
per_huruf_hybrid_skeleton_forced_loop_no_sig,1,793,0.8116683725690891,26.846153846153847,89.15384615384616,26.846153846153847,89.15384615384616,0
per_huruf_hybrid_skeleton_forced_loop_no_sig,1,794,0.812691914022518,26.923076923076923,89.07692307692308,26.923076923076923,89.07692307692308,0
per_huruf_hybrid_skeleton_forced_loop_no_sig,1,795,0.8137154554759468,27.0,89.0,27.0,89.0,0
per_huruf_hybrid_skeleton_forced_loop_no_sig,1,796,0.8147389969293757,27.07692307692308,88.92307692307693,27.07692307692308,88.92307692307693,0
per_huruf_hybrid_skeleton_forced_loop_no_sig,1,797,0.8157625383828045,27.153846153846157,88.84615384615385,27.153846153846157,88.84615384615385,0
per_huruf_hybrid_skeleton_forced_loop_no_sig,1,798,0.8167860798362334,27.230769230769223,88.76923076923076,27.230769230769223,88.76923076923076,0
per_huruf_hybrid_skeleton_forced_loop_no_sig,1,799,0.8178096212896623,27.307692307692307,88.6923076923077,27.307692307692307,88.6923076923077,0
per_huruf_hybrid_skeleton_forced_loop_no_sig,1,800,0.8188331627430911,27.384615384615387,88.61538461538463,27.384615384615387,88.61538461538463,0
per_huruf_hybrid_skeleton_forced_loop_no_sig,1,801,0.81985670419652,27.461538461538463,88.53846153846155,27.461538461538463,88.53846153846155,0
per_huruf_hybrid_skeleton_forced_loop_no_sig,1,802,0.8208802456499489,27.538461538461537,88.46153846153847,27.538461538461537,88.46153846153847,0
per_huruf_hybrid_skeleton_forced_loop_no_sig,1,803,0.8219037871033777,27.615384615384617,88.38461538461539,27.615384615384617,88.38461538461539,0
per_huruf_hybrid_skeleton_forced_loop_no_sig,1,804,0.8229273285568066,27.692307692307693,88.3076923076923,27.692307692307693,88.3076923076923,0
per_huruf_hybrid_skeleton_forced_loop_no_sig,1,805,0.8239508700102355,27.769230769230766,88.23076923076923,27.769230769230766,88.23076923076923,0
per_huruf_hybrid_skeleton_forced_loop_no_sig,1,806,0.8249744114636643,27.846153846153847,88.15384615384616,27.846153846153847,88.15384615384616,0
per_huruf_hybrid_skeleton_forced_loop_no_sig,1,807,0.8259979529170932,27.923076923076923,88.07692307692307,27.923076923076923,88.07692307692307,0
per_huruf_hybrid_skeleton_forced_loop_no_sig,1,808,0.827021494370522,28.0,88.0,28.0,88.0,0
per_huruf_hybrid_skeleton_forced_loop_no_sig,1,809,0.8280450358239508,28.07692307692308,87.92307692307692,28.07692307692308,87.92307692307692,0
per_huruf_hybrid_skeleton_forced_loop_no_sig,1,810,0.8290685772773797,28.153846153846157,87.84615384615385,28.153846153846157,87.84615384615385,0
per_huruf_hybrid_skeleton_forced_loop_no_sig,1,811,0.8300921187308086,28.23076923076923,87.76923076923076,28.23076923076923,87.76923076923076,0
per_huruf_hybrid_skeleton_forced_loop_no_sig,1,812,0.8311156601842374,28.307692307692303,87.6923076923077,28.307692307692303,87.6923076923077,0
per_huruf_hybrid_skeleton_forced_loop_no_sig,1,813,0.8321392016376663,28.384615384615387,87.61538461538461,28.384615384615387,87.61538461538461,0
per_huruf_hybrid_skeleton_forced_loop_no_sig,1,814,0.8331627430910952,28.461538461538463,87.53846153846155,28.461538461538463,87.53846153846155,0
per_huruf_hybrid_skeleton_forced_loop_no_sig,1,815,0.834186284544524,28.53846153846154,87.46153846153847,28.53846153846154,87.46153846153847,0
per_huruf_hybrid_skeleton_forced_loop_no_sig,1,816,0.8352098259979529,28.615384615384613,87.38461538461539,28.615384615384613,87.38461538461539,0
per_huruf_hybrid_skeleton_forced_loop_no_sig,1,817,0.8362333674513818,28.69230769230769,87.30769230769229,28.69230769230769,87.30769230769229,0
per_huruf_hybrid_skeleton_forced_loop_no_sig,1,818,0.8372569089048106,28.769230769230766,87.23076923076923,28.769230769230766,87.23076923076923,0
per_huruf_hybrid_skeleton_forced_loop_no_sig,1,819,0.8382804503582395,28.846153846153847,87.15384615384616,28.846153846153847,87.15384615384616,0
per_huruf_hybrid_skeleton_forced_loop_no_sig,1,820,0.8393039918116684,28.92307692307692,87.07692307692308,28.92307692307692,87.07692307692308,0
per_huruf_hybrid_skeleton_forced_loop_no_sig,1,821,0.8403275332650972,29.0,87.0,29.0,87.0,0
per_huruf_hybrid_skeleton_forced_loop_no_sig,1,822,0.8413510747185261,29.076923076923077,86.92307692307693,29.076923076923077,86.92307692307693,0
per_huruf_hybrid_skeleton_forced_loop_no_sig,1,823,0.842374616171955,29.153846153846157,86.84615384615385,29.153846153846157,86.84615384615385,0
per_huruf_hybrid_skeleton_forced_loop_no_sig,1,824,0.8433981576253838,29.230769230769226,86.76923076923075,29.230769230769226,86.76923076923075,0
per_huruf_hybrid_skeleton_forced_loop_no_sig,1,825,0.8444216990788127,29.307692307692307,86.69230769230768,29.307692307692307,86.69230769230768,0
per_huruf_hybrid_skeleton_forced_loop_no_sig,1,826,0.8454452405322416,29.384615384615387,86.61538461538463,29.384615384615387,86.61538461538463,0
per_huruf_hybrid_skeleton_forced_loop_no_sig,1,827,0.8464687819856704,29.461538461538463,86.53846153846155,29.461538461538463,86.53846153846155,0
per_huruf_hybrid_skeleton_forced_loop_no_sig,1,828,0.8474923234390993,29.53846153846154,86.46153846153845,29.53846153846154,86.46153846153845,0
per_huruf_hybrid_skeleton_forced_loop_no_sig,1,829,0.8485158648925282,29.615384615384617,86.38461538461539,29.615384615384617,86.38461538461539,0
per_huruf_hybrid_skeleton_forced_loop_no_sig,1,830,0.849539406345957,29.692307692307693,86.3076923076923,29.692307692307693,86.3076923076923,0
per_huruf_hybrid_skeleton_forced_loop_no_sig,1,831,0.8505629477993859,29.769230769230766,86.23076923076923,29.769230769230766,86.23076923076923,0
per_huruf_hybrid_skeleton_forced_loop_no_sig,1,832,0.8515864892528148,29.846153846153847,86.15384615384616,29.846153846153847,86.15384615384616,0
per_huruf_hybrid_skeleton_forced_loop_no_sig,1,833,0.8526100307062436,29.92307692307692,86.07692307692307,29.92307692307692,86.07692307692307,0
per_huruf_hybrid_skeleton_forced_loop_no_sig,1,834,0.8536335721596725,30.0,86.0,30.0,86.0,0
per_huruf_hybrid_skeleton_forced_loop_no_sig,1,835,0.8546571136131014,30.07692307692308,85.92307692307692,30.07692307692308,85.92307692307692,0
per_huruf_hybrid_skeleton_forced_loop_no_sig,1,836,0.8556806550665302,30.153846153846153,85.84615384615387,30.153846153846153,85.84615384615387,0
per_huruf_hybrid_skeleton_forced_loop_no_sig,1,837,0.8567041965199591,30.230769230769226,85.76923076923075,30.230769230769226,85.76923076923075,0
per_huruf_hybrid_skeleton_forced_loop_no_sig,1,838,0.857727737973388,30.307692307692307,85.6923076923077,30.307692307692307,85.6923076923077,0
per_huruf_hybrid_skeleton_forced_loop_no_sig,1,839,0.8587512794268168,30.384615384615387,85.61538461538463,30.384615384615387,85.61538461538463,0
per_huruf_hybrid_skeleton_forced_loop_no_sig,1,840,0.8597748208802457,30.461538461538467,85.53846153846155,30.461538461538467,85.53846153846155,0
per_huruf_hybrid_skeleton_forced_loop_no_sig,1,841,0.8607983623336746,30.53846153846154,85.46153846153847,30.53846153846154,85.46153846153847,0
per_huruf_hybrid_skeleton_forced_loop_no_sig,1,842,0.8618219037871034,30.615384615384617,85.38461538461539,30.615384615384617,85.38461538461539,0
per_huruf_hybrid_skeleton_forced_loop_no_sig,1,843,0.8628454452405323,30.692307692307693,85.30769230769229,30.692307692307693,85.30769230769229,0
per_huruf_hybrid_skeleton_forced_loop_no_sig,1,844,0.8638689866939612,30.769230769230766,85.23076923076923,30.769230769230766,85.23076923076923,0
per_huruf_hybrid_skeleton_forced_loop_no_sig,1,845,0.86489252814739,30.846153846153847,85.15384615384616,30.846153846153847,85.15384615384616,0
per_huruf_hybrid_skeleton_forced_loop_no_sig,1,846,0.8659160696008189,30.92307692307692,85.07692307692308,30.92307692307692,85.07692307692308,0
per_huruf_hybrid_skeleton_forced_loop_no_sig,1,847,0.8669396110542477,31.0,85.0,31.0,85.0,0
per_huruf_hybrid_skeleton_forced_loop_no_sig,1,848,0.8679631525076765,31.07692307692308,84.92307692307693,31.07692307692308,84.92307692307693,0
per_huruf_hybrid_skeleton_forced_loop_no_sig,1,849,0.8689866939611054,31.153846153846153,84.84615384615384,31.153846153846153,84.84615384615384,0
per_huruf_hybrid_skeleton_forced_loop_no_sig,1,850,0.8700102354145343,31.230769230769226,84.76923076923076,31.230769230769226,84.76923076923076,0
per_huruf_hybrid_skeleton_forced_loop_no_sig,1,851,0.8710337768679631,31.307692307692303,84.6923076923077,31.307692307692303,84.6923076923077,0
per_huruf_hybrid_skeleton_forced_loop_no_sig,1,852,0.872057318321392,31.38461538461539,84.61538461538463,31.38461538461539,84.61538461538463,0
per_huruf_hybrid_skeleton_forced_loop_no_sig,1,853,0.8730808597748209,31.46153846153846,84.53846153846156,31.46153846153846,84.53846153846156,0
per_huruf_hybrid_skeleton_forced_loop_no_sig,1,854,0.8741044012282497,31.538461538461537,84.46153846153847,31.538461538461537,84.46153846153847,0
per_huruf_hybrid_skeleton_forced_loop_no_sig,1,855,0.8751279426816786,31.615384615384617,84.38461538461539,31.615384615384617,84.38461538461539,0
per_huruf_hybrid_skeleton_forced_loop_no_sig,1,856,0.8761514841351075,31.692307692307693,84.3076923076923,31.692307692307693,84.3076923076923,0
per_huruf_hybrid_skeleton_forced_loop_no_sig,1,857,0.8771750255885363,31.769230769230766,84.23076923076923,31.769230769230766,84.23076923076923,0
per_huruf_hybrid_skeleton_forced_loop_no_sig,1,858,0.8781985670419652,31.846153846153847,84.15384615384616,31.846153846153847,84.15384615384616,0
per_huruf_hybrid_skeleton_forced_loop_no_sig,1,859,0.8792221084953941,31.923076923076923,84.07692307692307,31.923076923076923,84.07692307692307,0
per_huruf_hybrid_skeleton_forced_loop_no_sig,1,860,0.8802456499488229,32.0,84.0,32.0,84.0,0
per_huruf_hybrid_skeleton_forced_loop_no_sig,1,861,0.8812691914022518,32.07965407373692,83.92307692307692,32.07965407373692,83.92307692307692,0
per_huruf_hybrid_skeleton_forced_loop_no_sig,1,862,0.8822927328556807,32.16385980883023,83.84615384615384,32.16385980883023,83.84615384615384,0
per_huruf_hybrid_skeleton_forced_loop_no_sig,1,863,0.8833162743091095,32.251251706873006,83.76923076923077,32.251251706873006,83.76923076923077,0
per_huruf_hybrid_skeleton_forced_loop_no_sig,1,864,0.8843398157625384,32.34046426945835,83.69230769230768,32.34046426945835,83.69230769230768,0
per_huruf_hybrid_skeleton_forced_loop_no_sig,1,865,0.8853633572159673,32.43013199817934,83.61538461538463,32.43013199817934,83.61538461538463,0
per_huruf_hybrid_skeleton_forced_loop_no_sig,1,866,0.8863868986693961,32.51888939462904,83.53846153846155,32.51888939462904,83.53846153846155,0
per_huruf_hybrid_skeleton_forced_loop_no_sig,1,867,0.887410440122825,32.60537096040055,83.46153846153845,32.60537096040055,83.46153846153845,0
per_huruf_hybrid_skeleton_forced_loop_no_sig,1,868,0.8884339815762539,32.688211197086936,83.38461538461539,32.688211197086936,83.38461538461539,0
per_huruf_hybrid_skeleton_forced_loop_no_sig,1,869,0.8894575230296827,32.76604460628129,83.3076923076923,32.76604460628129,83.3076923076923,0
per_huruf_hybrid_skeleton_forced_loop_no_sig,1,870,0.8904810644831116,32.837505689576695,83.23076923076923,32.837505689576695,83.23076923076923,0
per_huruf_hybrid_skeleton_forced_loop_no_sig,1,871,0.8915046059365405,32.90122894856623,83.15384615384616,32.90122894856623,83.15384615384616,0
per_huruf_hybrid_skeleton_forced_loop_no_sig,1,872,0.8925281473899693,32.955848884842965,83.07692307692308,32.955848884842965,83.07692307692308,0
per_huruf_hybrid_skeleton_forced_loop_no_sig,1,873,0.8935516888433982,33.0,83.0,33.0,83.0,0
per_huruf_hybrid_skeleton_forced_loop_no_sig,1,874,0.8945752302968271,33.03550295857988,82.91761492944927,33.03550295857988,82.91761492944927,0
per_huruf_hybrid_skeleton_forced_loop_no_sig,1,875,0.8955987717502559,33.06508875739645,82.82612653618571,33.06508875739645,82.82612653618571,0
per_huruf_hybrid_skeleton_forced_loop_no_sig,1,876,0.8966223132036848,33.0887573964497,82.72826581702321,33.0887573964497,82.72826581702321,0
per_huruf_hybrid_skeleton_forced_loop_no_sig,1,877,0.8976458546571137,33.106508875739635,82.62676376877559,33.106508875739635,82.62676376877559,0
per_huruf_hybrid_skeleton_forced_loop_no_sig,1,878,0.8986693961105425,33.11834319526628,82.52435138825672,33.11834319526628,82.52435138825672,0
per_huruf_hybrid_skeleton_forced_loop_no_sig,1,879,0.8996929375639714,33.12426035502959,82.4237596722804,33.12426035502959,82.4237596722804,0
per_huruf_hybrid_skeleton_forced_loop_no_sig,1,880,0.9007164790174003,33.124260355029584,82.32771961766045,33.124260355029584,82.32771961766045,0
per_huruf_hybrid_skeleton_forced_loop_no_sig,1,881,0.9017400204708291,33.11834319526628,82.23896222121076,33.11834319526628,82.23896222121076,0
per_huruf_hybrid_skeleton_forced_loop_no_sig,1,882,0.902763561924258,33.10650887573964,82.16021847974511,33.10650887573964,82.16021847974511,0
per_huruf_hybrid_skeleton_forced_loop_no_sig,1,883,0.9037871033776869,33.0887573964497,82.09421939007737,33.0887573964497,82.09421939007737,0
per_huruf_hybrid_skeleton_forced_loop_no_sig,1,884,0.9048106448311157,33.06508875739645,82.0436959490214,33.06508875739645,82.0436959490214,0
per_huruf_hybrid_skeleton_forced_loop_no_sig,1,885,0.9058341862845446,33.03550295857988,82.01137915339098,33.03550295857988,82.01137915339098,0
per_huruf_hybrid_skeleton_forced_loop_no_sig,1,886,0.9068577277379735,33.0,82.0,33.0,82.0,0
per_huruf_hybrid_skeleton_forced_loop_no_sig,1,887,0.9078812691914022,32.96404187528448,82.00045516613565,32.96404187528448,82.00045516613565,0
per_huruf_hybrid_skeleton_forced_loop_no_sig,1,888,0.9089048106448311,32.931269913518435,82.00364132908511,32.931269913518435,82.00364132908511,0
per_huruf_hybrid_skeleton_forced_loop_no_sig,1,889,0.90992835209826,32.89895311788802,82.01228948566227,32.89895311788802,82.01228948566227,0
per_huruf_hybrid_skeleton_forced_loop_no_sig,1,890,0.9109518935516888,32.864360491579426,82.02913063268093,32.864360491579426,82.02913063268093,0
per_huruf_hybrid_skeleton_forced_loop_no_sig,1,891,0.9119754350051177,32.82476103777879,82.05689576695495,32.82476103777879,82.05689576695495,0
per_huruf_hybrid_skeleton_forced_loop_no_sig,1,892,0.9129989764585466,32.77742375967228,82.09831588529815,32.77742375967228,82.09831588529815,0
per_huruf_hybrid_skeleton_forced_loop_no_sig,1,893,0.9140225179119754,32.71961766044607,82.15612198452436,32.71961766044607,82.15612198452436,0
per_huruf_hybrid_skeleton_forced_loop_no_sig,1,894,0.9150460593654043,32.6486117432863,82.23304506144743,32.6486117432863,82.23304506144743,0
per_huruf_hybrid_skeleton_forced_loop_no_sig,1,895,0.9160696008188332,32.56167501137915,82.3318161128812,32.56167501137915,82.3318161128812,0
per_huruf_hybrid_skeleton_forced_loop_no_sig,1,896,0.917093142272262,32.45607646791078,82.4551661356395,32.45607646791078,82.4551661356395,0
per_huruf_hybrid_skeleton_forced_loop_no_sig,1,897,0.9181166837256909,32.32908511606736,82.60582612653619,32.32908511606736,82.60582612653619,0
per_huruf_hybrid_skeleton_forced_loop_no_sig,1,898,0.9191402251791198,32.177969959035046,82.78652708238508,32.177969959035046,82.78652708238508,0
per_huruf_hybrid_skeleton_forced_loop_no_sig,1,899,0.9201637666325486,32.0,83.0,32.0,83.0,0
per_huruf_hybrid_skeleton_forced_loop_no_sig,1,900,0.9211873080859775,31.779699590350482,83.26445152480657,31.779699590350482,83.26445152480657,0
per_huruf_hybrid_skeleton_forced_loop_no_sig,1,901,0.9222108495394064,31.509786071916253,83.58898497951752,31.509786071916253,83.58898497951752,0
per_huruf_hybrid_skeleton_forced_loop_no_sig,1,902,0.9232343909928352,31.199817933545738,83.96267637687754,31.199817933545738,83.96267637687754,0
per_huruf_hybrid_skeleton_forced_loop_no_sig,1,903,0.9242579324462641,30.859353664087386,84.37460172963131,30.859353664087386,84.37460172963131,0
per_huruf_hybrid_skeleton_forced_loop_no_sig,1,904,0.925281473899693,30.497951752389625,84.81383705052345,30.497951752389625,84.81383705052345,0
per_huruf_hybrid_skeleton_forced_loop_no_sig,1,905,0.9263050153531218,30.12517068730087,85.26945835229859,30.12517068730087,85.26945835229859,0
per_huruf_hybrid_skeleton_forced_loop_no_sig,1,906,0.9273285568065507,29.75056895766955,85.73054164770141,29.75056895766955,85.73054164770141,0
per_huruf_hybrid_skeleton_forced_loop_no_sig,1,907,0.9283520982599796,29.383705052344105,86.18616294947657,29.383705052344105,86.18616294947657,0
per_huruf_hybrid_skeleton_forced_loop_no_sig,1,908,0.9293756397134084,29.034137460172964,86.62539827036869,29.034137460172964,86.62539827036869,0
per_huruf_hybrid_skeleton_forced_loop_no_sig,1,909,0.9303991811668373,28.711424670004547,87.03732362312243,28.711424670004547,87.03732362312243,0
per_huruf_hybrid_skeleton_forced_loop_no_sig,1,910,0.9314227226202662,28.4251251706873,87.41101502048247,28.4251251706873,87.41101502048247,0
per_huruf_hybrid_skeleton_forced_loop_no_sig,1,911,0.932446264073695,28.184797451069638,87.73554847519344,28.184797451069638,87.73554847519344,0
per_huruf_hybrid_skeleton_forced_loop_no_sig,1,912,0.9334698055271239,28.0,88.0,28.0,88.0,0
per_huruf_hybrid_skeleton_forced_loop_no_sig,1,913,0.9344933469805528,27.87983614019117,88.20527992717344,27.87983614019117,88.20527992717344,0
per_huruf_hybrid_skeleton_forced_loop_no_sig,1,914,0.9355168884339816,27.819754210286757,88.3641329085116,27.819754210286757,88.3641329085116,0
per_huruf_hybrid_skeleton_forced_loop_no_sig,1,915,0.9365404298874105,27.8088302230314,88.48338643604914,27.8088302230314,88.48338643604914,0
per_huruf_hybrid_skeleton_forced_loop_no_sig,1,916,0.9375639713408394,27.836140191169775,88.56986800182067,27.836140191169775,88.56986800182067,0
per_huruf_hybrid_skeleton_forced_loop_no_sig,1,917,0.9385875127942682,27.89076012744652,88.63040509786072,27.89076012744652,88.63040509786072,0
per_huruf_hybrid_skeleton_forced_loop_no_sig,1,918,0.9396110542476971,27.961766044606282,88.67182521620391,27.961766044606282,88.67182521620391,0
per_huruf_hybrid_skeleton_forced_loop_no_sig,1,919,0.940634595701126,28.038233955393718,88.70095584888483,28.038233955393718,88.70095584888483,0
per_huruf_hybrid_skeleton_forced_loop_no_sig,1,920,0.9416581371545548,28.109239872553484,88.72462448793812,28.109239872553484,88.72462448793812,0
per_huruf_hybrid_skeleton_forced_loop_no_sig,1,921,0.9426816786079837,28.163859808830225,88.74965862539827,28.163859808830225,88.74965862539827,0
per_huruf_hybrid_skeleton_forced_loop_no_sig,1,922,0.9437052200614126,28.19116977696859,88.78288575329995,28.19116977696859,88.78288575329995,0
per_huruf_hybrid_skeleton_forced_loop_no_sig,1,923,0.9447287615148414,28.180245789713243,88.83113336367774,28.180245789713243,88.83113336367774,0
per_huruf_hybrid_skeleton_forced_loop_no_sig,1,924,0.9457523029682703,28.120163859808827,88.90122894856623,28.120163859808827,88.90122894856623,0
per_huruf_hybrid_skeleton_forced_loop_no_sig,1,925,0.9467758444216992,28.0,89.0,28.0,89.0,0
per_huruf_hybrid_skeleton_forced_loop_no_sig,1,926,0.9477993858751279,27.815202548930362,89.12380518889397,27.815202548930362,89.12380518889397,0
per_huruf_hybrid_skeleton_forced_loop_no_sig,1,927,0.9488229273285568,27.574874829312698,89.26263086026401,27.574874829312698,89.26263086026401,0
per_huruf_hybrid_skeleton_forced_loop_no_sig,1,928,0.9498464687819856,27.288575329995442,89.4137460172963,27.288575329995442,89.4137460172963,0
per_huruf_hybrid_skeleton_forced_loop_no_sig,1,929,0.9508700102354145,26.965862539827036,89.57441966317704,26.965862539827036,89.57441966317704,0
per_huruf_hybrid_skeleton_forced_loop_no_sig,1,930,0.9518935516888434,26.616294947655895,89.74192080109242,26.616294947655895,89.74192080109242,0
per_huruf_hybrid_skeleton_forced_loop_no_sig,1,931,0.9529170931422722,26.24943104233045,89.9135184342285,26.24943104233045,89.9135184342285,0
per_huruf_hybrid_skeleton_forced_loop_no_sig,1,932,0.9539406345957011,25.874829312699134,90.0864815657715,25.874829312699134,90.0864815657715,0
per_huruf_hybrid_skeleton_forced_loop_no_sig,1,933,0.95496417604913,25.50204824761038,90.25807919890761,25.50204824761038,90.25807919890761,0
per_huruf_hybrid_skeleton_forced_loop_no_sig,1,934,0.9559877175025588,25.140646335912606,90.42558033682293,25.140646335912606,90.42558033682293,0
per_huruf_hybrid_skeleton_forced_loop_no_sig,1,935,0.9570112589559877,24.800182066454255,90.58625398270368,24.800182066454255,90.58625398270368,0
per_huruf_hybrid_skeleton_forced_loop_no_sig,1,936,0.9580348004094166,24.490213928083747,90.737369139736,24.490213928083747,90.737369139736,0
per_huruf_hybrid_skeleton_forced_loop_no_sig,1,937,0.9590583418628454,24.220300409649518,90.87619481110605,24.220300409649518,90.87619481110605,0
per_huruf_hybrid_skeleton_forced_loop_no_sig,1,938,0.9600818833162743,24.0,91.0,24.0,91.0,0
per_huruf_hybrid_skeleton_forced_loop_no_sig,1,939,0.9611054247697032,23.852071005917164,91.12061902594449,23.852071005917164,91.12061902594449,0
per_huruf_hybrid_skeleton_forced_loop_no_sig,1,940,0.962128966223132,23.781065088757398,91.2489758761948,23.781065088757398,91.2489758761948,0
per_huruf_hybrid_skeleton_forced_loop_no_sig,1,941,0.9631525076765609,23.769230769230766,91.38097405553026,23.769230769230766,91.38097405553026,0
per_huruf_hybrid_skeleton_forced_loop_no_sig,1,942,0.9641760491299898,23.798816568047336,91.51251706873008,23.798816568047336,91.51251706873008,0
per_huruf_hybrid_skeleton_forced_loop_no_sig,1,943,0.9651995905834186,23.852071005917164,91.63950842057352,23.852071005917164,91.63950842057352,0
per_huruf_hybrid_skeleton_forced_loop_no_sig,1,944,0.9662231320368475,23.911242603550296,91.75785161583978,23.911242603550296,91.75785161583978,0
per_huruf_hybrid_skeleton_forced_loop_no_sig,1,945,0.9672466734902764,23.958579881656803,91.86345015930814,23.958579881656803,91.86345015930814,0
per_huruf_hybrid_skeleton_forced_loop_no_sig,1,946,0.9682702149437052,23.976331360946748,91.95220755575785,23.976331360946748,91.95220755575785,0
per_huruf_hybrid_skeleton_forced_loop_no_sig,1,947,0.9692937563971341,23.946745562130175,92.02002730996813,23.946745562130175,92.02002730996813,0
per_huruf_hybrid_skeleton_forced_loop_no_sig,1,948,0.970317297850563,23.852071005917157,92.06281292671824,23.852071005917157,92.06281292671824,0
per_huruf_hybrid_skeleton_forced_loop_no_sig,1,949,0.9713408393039918,23.674556213017752,92.07646791078744,23.674556213017752,92.07646791078744,0
per_huruf_hybrid_skeleton_forced_loop_no_sig,1,950,0.9723643807574207,23.39644970414201,92.05689576695494,23.39644970414201,92.05689576695494,0
per_huruf_hybrid_skeleton_forced_loop_no_sig,1,951,0.9733879222108496,23.0,92.0,23.0,92.0,0
per_huruf_hybrid_skeleton_forced_loop_no_sig,1,952,0.9744114636642784,22.454255803368227,91.89485662266729,22.454255803368227,91.89485662266729,0
per_huruf_hybrid_skeleton_forced_loop_no_sig,1,953,0.9754350051177073,21.75830678197542,91.73873463814294,21.75830678197542,91.73873463814294,0
per_huruf_hybrid_skeleton_forced_loop_no_sig,1,954,0.9764585465711362,20.939462903959942,91.53982703686845,20.939462903959942,91.53982703686845,0
per_huruf_hybrid_skeleton_forced_loop_no_sig,1,955,0.977482088024565,20.02503413746017,91.30632680928538,20.02503413746017,91.30632680928538,0
per_huruf_hybrid_skeleton_forced_loop_no_sig,1,956,0.9785056294779939,19.042330450614475,91.04642694583524,19.042330450614475,91.04642694583524,0
per_huruf_hybrid_skeleton_forced_loop_no_sig,1,957,0.9795291709314228,18.01866181156122,90.76832043695948,18.01866181156122,90.76832043695948,0
per_huruf_hybrid_skeleton_forced_loop_no_sig,1,958,0.9805527123848516,16.98133818843878,90.48020027309968,16.98133818843878,90.48020027309968,0
per_huruf_hybrid_skeleton_forced_loop_no_sig,1,959,0.9815762538382805,15.957669549385527,90.19025944469732,15.957669549385527,90.19025944469732,0
per_huruf_hybrid_skeleton_forced_loop_no_sig,1,960,0.9825997952917094,14.974965862539827,89.9066909421939,14.974965862539827,89.9066909421939,0
per_huruf_hybrid_skeleton_forced_loop_no_sig,1,961,0.9836233367451382,14.060537096040054,89.63768775603094,14.060537096040054,89.63768775603094,0
per_huruf_hybrid_skeleton_forced_loop_no_sig,1,962,0.9846468781985671,13.24169321802458,89.39144287664998,13.24169321802458,89.39144287664998,0
per_huruf_hybrid_skeleton_forced_loop_no_sig,1,963,0.985670419651996,12.54574419663177,89.17614929449249,12.54574419663177,89.17614929449249,0
per_huruf_hybrid_skeleton_forced_loop_no_sig,1,964,0.9866939611054248,12.0,89.0,12.0,89.0,0
per_huruf_hybrid_skeleton_forced_loop_no_sig,1,965,0.9877175025588536,11.59262630860264,88.854802002731,11.59262630860264,88.854802002731,0
per_huruf_hybrid_skeleton_forced_loop_no_sig,1,966,0.9887410440122825,11.285389167045972,88.72598998634503,11.285389167045972,88.72598998634503,0
per_huruf_hybrid_skeleton_forced_loop_no_sig,1,967,0.9897645854657113,11.065999089667727,88.61219845243512,11.065999089667727,88.61219845243512,0
per_huruf_hybrid_skeleton_forced_loop_no_sig,1,968,0.9907881269191402,10.922166590805643,88.51206190259445,10.922166590805643,88.51206190259445,0
per_huruf_hybrid_skeleton_forced_loop_no_sig,1,969,0.9918116683725691,10.841602184797452,88.42421483841603,10.841602184797452,88.42421483841603,0
per_huruf_hybrid_skeleton_forced_loop_no_sig,1,970,0.9928352098259979,10.812016385980883,88.34729176149294,10.812016385980883,88.34729176149294,0
per_huruf_hybrid_skeleton_forced_loop_no_sig,1,971,0.9938587512794268,10.821119708693674,88.2799271734183,10.821119708693674,88.2799271734183,0
per_huruf_hybrid_skeleton_forced_loop_no_sig,1,972,0.9948822927328557,10.856622667273554,88.22075557578515,10.856622667273554,88.22075557578515,0
per_huruf_hybrid_skeleton_forced_loop_no_sig,1,973,0.9959058341862845,10.90623577605826,88.16841147018661,10.90623577605826,88.16841147018661,0
per_huruf_hybrid_skeleton_forced_loop_no_sig,1,974,0.9969293756397134,10.957669549385525,88.12152935821574,10.957669549385525,88.12152935821574,0
per_huruf_hybrid_skeleton_forced_loop_no_sig,1,975,0.9979529170931423,10.99863450159308,88.07874374146564,10.99863450159308,88.07874374146564,0
per_huruf_hybrid_skeleton_forced_loop_no_sig,1,976,0.9989764585465711,11.016841147018662,88.03868912152936,11.016841147018662,88.03868912152936,0
per_huruf_hybrid_skeleton_forced_loop_no_sig,1,977,1.0,11.0,88.0,11.0,88.0,0
