label,huruf,point_index,t,bezier_xx_x,bezier_xx_y,xx_sc_x,xx_sc_y,is_sample_output_bezier_py
per_huruf_hybrid_skeleton_forced_loop_no_sig,16,0,0.0,517.0,68.0,517.0,68.0,0
per_huruf_hybrid_skeleton_forced_loop_no_sig,16,1,0.0010362694300518134,517.0441511151571,67.88757396449705,517.0441511151571,67.88757396449705,0
per_huruf_hybrid_skeleton_forced_loop_no_sig,16,2,0.002072538860103627,517.0987710514338,67.7810650887574,517.0987710514338,67.7810650887574,0
per_huruf_hybrid_skeleton_forced_loop_no_sig,16,3,0.0031088082901554403,517.1624943104232,67.68047337278105,517.1624943104232,67.68047337278105,0
per_huruf_hybrid_skeleton_forced_loop_no_sig,16,4,0.004145077720207254,517.2339553937186,67.58579881656804,517.2339553937186,67.58579881656804,0
per_huruf_hybrid_skeleton_forced_loop_no_sig,16,5,0.005181347150259067,517.3117888029132,67.49704142011835,517.3117888029132,67.49704142011835,0
per_huruf_hybrid_skeleton_forced_loop_no_sig,16,6,0.0062176165803108805,517.3946290395994,67.41420118343197,517.3946290395994,67.41420118343197,0
per_huruf_hybrid_skeleton_forced_loop_no_sig,16,7,0.007253886010362694,517.481110605371,67.33727810650888,517.481110605371,67.33727810650888,0
per_huruf_hybrid_skeleton_forced_loop_no_sig,16,8,0.008290155440414507,517.5698680018206,67.26627218934912,517.5698680018206,67.26627218934912,0
per_huruf_hybrid_skeleton_forced_loop_no_sig,16,9,0.00932642487046632,517.6595357305416,67.20118343195267,517.6595357305416,67.20118343195267,0
per_huruf_hybrid_skeleton_forced_loop_no_sig,16,10,0.010362694300518133,517.7487482931269,67.14201183431953,517.7487482931269,67.14201183431953,0
per_huruf_hybrid_skeleton_forced_loop_no_sig,16,11,0.011398963730569948,517.8361401911698,67.08875739644971,517.8361401911698,67.08875739644971,0
per_huruf_hybrid_skeleton_forced_loop_no_sig,16,12,0.012435233160621761,517.920345926263,67.0414201183432,517.920345926263,67.0414201183432,0
per_huruf_hybrid_skeleton_forced_loop_no_sig,16,13,0.013471502590673574,518.0,67.0,518.0,67.0,0
per_huruf_hybrid_skeleton_forced_loop_no_sig,16,14,0.014507772020725389,518.0769230769231,66.96995903504781,518.0769230769231,66.96995903504781,0
per_huruf_hybrid_skeleton_forced_loop_no_sig,16,15,0.015544041450777202,518.1538461538462,66.95493855257169,518.1538461538462,66.95493855257169,0
per_huruf_hybrid_skeleton_forced_loop_no_sig,16,16,0.016580310880829015,518.2307692307692,66.95220755575784,518.2307692307692,66.95220755575784,0
per_huruf_hybrid_skeleton_forced_loop_no_sig,16,17,0.017616580310880828,518.3076923076923,66.95903504779244,518.3076923076923,66.95903504779244,0
per_huruf_hybrid_skeleton_forced_loop_no_sig,16,18,0.01865284974093264,518.3846153846154,66.97269003186163,518.3846153846154,66.97269003186163,0
per_huruf_hybrid_skeleton_forced_loop_no_sig,16,19,0.019689119170984454,518.4615384615385,66.99044151115157,518.4615384615385,66.99044151115157,0
per_huruf_hybrid_skeleton_forced_loop_no_sig,16,20,0.020725388601036267,518.5384615384615,67.00955848884843,518.5384615384615,67.00955848884843,0
per_huruf_hybrid_skeleton_forced_loop_no_sig,16,21,0.021761658031088083,518.6153846153846,67.02730996813838,518.6153846153846,67.02730996813838,0
per_huruf_hybrid_skeleton_forced_loop_no_sig,16,22,0.022797927461139896,518.6923076923076,67.04096495220756,518.6923076923076,67.04096495220756,0
per_huruf_hybrid_skeleton_forced_loop_no_sig,16,23,0.02383419689119171,518.7692307692307,67.04779244424213,518.7692307692307,67.04779244424213,0
per_huruf_hybrid_skeleton_forced_loop_no_sig,16,24,0.024870466321243522,518.8461538461538,67.04506144742831,518.8461538461538,67.04506144742831,0
per_huruf_hybrid_skeleton_forced_loop_no_sig,16,25,0.025906735751295335,518.9230769230769,67.0300409649522,518.9230769230769,67.0300409649522,0
per_huruf_hybrid_skeleton_forced_loop_no_sig,16,26,0.026943005181347148,519.0,67.0,519.0,67.0,0
per_huruf_hybrid_skeleton_forced_loop_no_sig,16,27,0.02797927461139896,519.0769230769232,66.95584888484298,519.0769230769232,66.95584888484298,0
per_huruf_hybrid_skeleton_forced_loop_no_sig,16,28,0.029015544041450778,519.1538461538461,66.90122894856624,519.1538461538461,66.90122894856624,0
per_huruf_hybrid_skeleton_forced_loop_no_sig,16,29,0.03005181347150259,519.2307692307693,66.83750568957669,519.2307692307693,66.83750568957669,0
per_huruf_hybrid_skeleton_forced_loop_no_sig,16,30,0.031088082901554404,519.3076923076923,66.76604460628128,519.3076923076923,66.76604460628128,0
per_huruf_hybrid_skeleton_forced_loop_no_sig,16,31,0.03212435233160622,519.3846153846155,66.68821119708694,519.3846153846155,66.68821119708694,0
per_huruf_hybrid_skeleton_forced_loop_no_sig,16,32,0.03316062176165803,519.4615384615386,66.60537096040055,519.4615384615386,66.60537096040055,0
per_huruf_hybrid_skeleton_forced_loop_no_sig,16,33,0.03419689119170984,519.5384615384615,66.51888939462904,519.5384615384615,66.51888939462904,0
per_huruf_hybrid_skeleton_forced_loop_no_sig,16,34,0.035233160621761656,519.6153846153846,66.43013199817933,519.6153846153846,66.43013199817933,0
per_huruf_hybrid_skeleton_forced_loop_no_sig,16,35,0.03626943005181347,519.6923076923077,66.34046426945835,519.6923076923077,66.34046426945835,0
per_huruf_hybrid_skeleton_forced_loop_no_sig,16,36,0.03730569948186528,519.7692307692307,66.251251706873,519.7692307692307,66.251251706873,0
per_huruf_hybrid_skeleton_forced_loop_no_sig,16,37,0.038341968911917094,519.8461538461538,66.16385980883022,519.8461538461538,66.16385980883022,0
per_huruf_hybrid_skeleton_forced_loop_no_sig,16,38,0.03937823834196891,519.9230769230769,66.07965407373692,519.9230769230769,66.07965407373692,0
per_huruf_hybrid_skeleton_forced_loop_no_sig,16,39,0.04041450777202072,520.0,66.0,520.0,66.0,0
per_huruf_hybrid_skeleton_forced_loop_no_sig,16,40,0.04145077720207253,520.0769230769232,65.92307692307693,520.0769230769232,65.92307692307693,1
per_huruf_hybrid_skeleton_forced_loop_no_sig,16,41,0.04248704663212435,520.1538461538462,65.84615384615385,520.1538461538462,65.84615384615385,0
per_huruf_hybrid_skeleton_forced_loop_no_sig,16,42,0.043523316062176166,520.2307692307692,65.76923076923077,520.2307692307692,65.76923076923077,0
per_huruf_hybrid_skeleton_forced_loop_no_sig,16,43,0.04455958549222798,520.3076923076923,65.6923076923077,520.3076923076923,65.6923076923077,0
per_huruf_hybrid_skeleton_forced_loop_no_sig,16,44,0.04559585492227979,520.3846153846155,65.61538461538461,520.3846153846155,65.61538461538461,0
per_huruf_hybrid_skeleton_forced_loop_no_sig,16,45,0.046632124352331605,520.4615384615385,65.53846153846153,520.4615384615385,65.53846153846153,0
per_huruf_hybrid_skeleton_forced_loop_no_sig,16,46,0.04766839378238342,520.5384615384615,65.46153846153847,520.5384615384615,65.46153846153847,0
per_huruf_hybrid_skeleton_forced_loop_no_sig,16,47,0.04870466321243523,520.6153846153846,65.38461538461539,520.6153846153846,65.38461538461539,0
per_huruf_hybrid_skeleton_forced_loop_no_sig,16,48,0.049740932642487044,520.6923076923077,65.3076923076923,520.6923076923077,65.3076923076923,0
per_huruf_hybrid_skeleton_forced_loop_no_sig,16,49,0.05077720207253886,520.7692307692307,65.23076923076923,520.7692307692307,65.23076923076923,0
per_huruf_hybrid_skeleton_forced_loop_no_sig,16,50,0.05181347150259067,520.8461538461538,65.15384615384616,520.8461538461538,65.15384615384616,0
per_huruf_hybrid_skeleton_forced_loop_no_sig,16,51,0.05284974093264248,520.9230769230769,65.07692307692307,520.9230769230769,65.07692307692307,0
per_huruf_hybrid_skeleton_forced_loop_no_sig,16,52,0.053886010362694296,521.0,65.0,521.0,65.0,0
per_huruf_hybrid_skeleton_forced_loop_no_sig,16,53,0.05492227979274611,521.0769230769231,64.9203459262631,521.0769230769231,64.9203459262631,0
per_huruf_hybrid_skeleton_forced_loop_no_sig,16,54,0.05595854922279792,521.1538461538462,64.83614019116979,521.1538461538462,64.83614019116979,0
per_huruf_hybrid_skeleton_forced_loop_no_sig,16,55,0.056994818652849735,521.2307692307692,64.74874829312698,521.2307692307692,64.74874829312698,0
per_huruf_hybrid_skeleton_forced_loop_no_sig,16,56,0.058031088082901555,521.3076923076923,64.65953573054165,521.3076923076923,64.65953573054165,0
per_huruf_hybrid_skeleton_forced_loop_no_sig,16,57,0.05906735751295337,521.3846153846155,64.56986800182068,521.3846153846155,64.56986800182068,0
per_huruf_hybrid_skeleton_forced_loop_no_sig,16,58,0.06010362694300518,521.4615384615385,64.48111060537097,521.4615384615385,64.48111060537097,0
per_huruf_hybrid_skeleton_forced_loop_no_sig,16,59,0.061139896373056994,521.5384615384615,64.39462903959947,521.5384615384615,64.39462903959947,0
per_huruf_hybrid_skeleton_forced_loop_no_sig,16,60,0.06217616580310881,521.6153846153846,64.31178880291307,521.6153846153846,64.31178880291307,0
per_huruf_hybrid_skeleton_forced_loop_no_sig,16,61,0.06321243523316061,521.6923076923076,64.2339553937187,521.6923076923076,64.2339553937187,1
per_huruf_hybrid_skeleton_forced_loop_no_sig,16,62,0.06424870466321243,521.7692307692307,64.1624943104233,521.7692307692307,64.1624943104233,0
per_huruf_hybrid_skeleton_forced_loop_no_sig,16,63,0.06528497409326424,521.8461538461538,64.09877105143377,521.8461538461538,64.09877105143377,0
per_huruf_hybrid_skeleton_forced_loop_no_sig,16,64,0.06632124352331606,521.9230769230769,64.04415111515704,521.9230769230769,64.04415111515704,0
per_huruf_hybrid_skeleton_forced_loop_no_sig,16,65,0.06735751295336788,522.0,64.0,522.0,64.0,0
per_huruf_hybrid_skeleton_forced_loop_no_sig,16,66,0.06839378238341969,522.0769230769232,63.96722803823397,522.0769230769232,63.96722803823397,0
per_huruf_hybrid_skeleton_forced_loop_no_sig,16,67,0.0694300518134715,522.1538461538462,63.94492489758762,522.1538461538462,63.94492489758762,0
per_huruf_hybrid_skeleton_forced_loop_no_sig,16,68,0.07046632124352331,522.2307692307692,63.931725079654065,522.2307692307692,63.931725079654065,0
per_huruf_hybrid_skeleton_forced_loop_no_sig,16,69,0.07150259067357513,522.3076923076923,63.92626308602639,522.3076923076923,63.92626308602639,0
per_huruf_hybrid_skeleton_forced_loop_no_sig,16,70,0.07253886010362694,522.3846153846155,63.92717341829769,522.3846153846155,63.92717341829769,0
per_huruf_hybrid_skeleton_forced_loop_no_sig,16,71,0.07357512953367876,522.4615384615385,63.933090578061,522.4615384615385,63.933090578061,0
per_huruf_hybrid_skeleton_forced_loop_no_sig,16,72,0.07461139896373056,522.5384615384615,63.94264906690942,522.5384615384615,63.94264906690942,0
per_huruf_hybrid_skeleton_forced_loop_no_sig,16,73,0.07564766839378238,522.6153846153846,63.954483386436046,522.6153846153846,63.954483386436046,0
per_huruf_hybrid_skeleton_forced_loop_no_sig,16,74,0.07668393782383419,522.6923076923076,63.967228038233955,522.6923076923076,63.967228038233955,0
per_huruf_hybrid_skeleton_forced_loop_no_sig,16,75,0.07772020725388601,522.7692307692307,63.97951752389622,522.7692307692307,63.97951752389622,0
per_huruf_hybrid_skeleton_forced_loop_no_sig,16,76,0.07875647668393781,522.8461538461538,63.989986345015936,522.8461538461538,63.989986345015936,0
per_huruf_hybrid_skeleton_forced_loop_no_sig,16,77,0.07979274611398963,522.9230769230769,63.99726900318616,522.9230769230769,63.99726900318616,0
per_huruf_hybrid_skeleton_forced_loop_no_sig,16,78,0.08082901554404144,523.0,64.0,523.0,64.0,0
per_huruf_hybrid_skeleton_forced_loop_no_sig,16,79,0.08186528497409326,523.0769230769231,64.00000000000001,523.0769230769231,64.00000000000001,0
per_huruf_hybrid_skeleton_forced_loop_no_sig,16,80,0.08290155440414507,523.1538461538462,64.0,523.1538461538462,64.0,0
per_huruf_hybrid_skeleton_forced_loop_no_sig,16,81,0.08393782383419689,523.2307692307692,63.99999999999999,523.2307692307692,63.99999999999999,1
per_huruf_hybrid_skeleton_forced_loop_no_sig,16,82,0.0849740932642487,523.3076923076923,63.99999999999999,523.3076923076923,63.99999999999999,0
per_huruf_hybrid_skeleton_forced_loop_no_sig,16,83,0.08601036269430051,523.3846153846155,64.0,523.3846153846155,64.0,0
per_huruf_hybrid_skeleton_forced_loop_no_sig,16,84,0.08704663212435233,523.4615384615385,64.0,523.4615384615385,64.0,0
per_huruf_hybrid_skeleton_forced_loop_no_sig,16,85,0.08808290155440414,523.5384615384615,64.0,523.5384615384615,64.0,0
per_huruf_hybrid_skeleton_forced_loop_no_sig,16,86,0.08911917098445596,523.6153846153846,64.0,523.6153846153846,64.0,0
per_huruf_hybrid_skeleton_forced_loop_no_sig,16,87,0.09015544041450776,523.6923076923076,64.0,523.6923076923076,64.0,0
per_huruf_hybrid_skeleton_forced_loop_no_sig,16,88,0.09119170984455958,523.7692307692307,63.99999999999999,523.7692307692307,63.99999999999999,0
per_huruf_hybrid_skeleton_forced_loop_no_sig,16,89,0.09222797927461139,523.8461538461538,64.0,523.8461538461538,64.0,0
per_huruf_hybrid_skeleton_forced_loop_no_sig,16,90,0.09326424870466321,523.9230769230769,64.0,523.9230769230769,64.0,0
per_huruf_hybrid_skeleton_forced_loop_no_sig,16,91,0.09430051813471502,524.0,64.0,524.0,64.0,1
per_huruf_hybrid_skeleton_forced_loop_no_sig,16,92,0.09533678756476684,524.0769230769231,63.997269003186176,524.0769230769231,63.997269003186176,0
per_huruf_hybrid_skeleton_forced_loop_no_sig,16,93,0.09637305699481864,524.1538461538462,63.989986345015936,524.1538461538462,63.989986345015936,0
per_huruf_hybrid_skeleton_forced_loop_no_sig,16,94,0.09740932642487046,524.2307692307692,63.97951752389621,524.2307692307692,63.97951752389621,0
per_huruf_hybrid_skeleton_forced_loop_no_sig,16,95,0.09844559585492227,524.3076923076923,63.96722803823395,524.3076923076923,63.96722803823395,0
per_huruf_hybrid_skeleton_forced_loop_no_sig,16,96,0.09948186528497409,524.3846153846154,63.95448338643605,524.3846153846154,63.95448338643605,0
per_huruf_hybrid_skeleton_forced_loop_no_sig,16,97,0.10051813471502591,524.4615384615385,63.942649066909425,524.4615384615385,63.942649066909425,0
per_huruf_hybrid_skeleton_forced_loop_no_sig,16,98,0.10155440414507771,524.5384615384614,63.93309057806099,524.5384615384614,63.93309057806099,0
per_huruf_hybrid_skeleton_forced_loop_no_sig,16,99,0.10259067357512953,524.6153846153848,63.92717341829768,524.6153846153848,63.92717341829768,0
per_huruf_hybrid_skeleton_forced_loop_no_sig,16,100,0.10362694300518134,524.6923076923076,63.926263086026395,524.6923076923076,63.926263086026395,0
per_huruf_hybrid_skeleton_forced_loop_no_sig,16,101,0.10466321243523316,524.7692307692307,63.93172507965407,524.7692307692307,63.93172507965407,0
per_huruf_hybrid_skeleton_forced_loop_no_sig,16,102,0.10569948186528497,524.8461538461538,63.94492489758762,524.8461538461538,63.94492489758762,0
per_huruf_hybrid_skeleton_forced_loop_no_sig,16,103,0.10673575129533679,524.9230769230769,63.967228038233955,524.9230769230769,63.967228038233955,0
per_huruf_hybrid_skeleton_forced_loop_no_sig,16,104,0.10777202072538859,525.0,64.0,525.0,64.0,0
per_huruf_hybrid_skeleton_forced_loop_no_sig,16,105,0.10880829015544041,525.0769230769231,64.04415111515705,525.0769230769231,64.04415111515705,0
per_huruf_hybrid_skeleton_forced_loop_no_sig,16,106,0.10984455958549222,525.1538461538462,64.09877105143377,525.1538461538462,64.09877105143377,0
per_huruf_hybrid_skeleton_forced_loop_no_sig,16,107,0.11088082901554404,525.2307692307692,64.1624943104233,525.2307692307692,64.1624943104233,0
per_huruf_hybrid_skeleton_forced_loop_no_sig,16,108,0.11191709844559584,525.3076923076923,64.2339553937187,525.3076923076923,64.2339553937187,0
per_huruf_hybrid_skeleton_forced_loop_no_sig,16,109,0.11295336787564766,525.3846153846155,64.31178880291307,525.3846153846155,64.31178880291307,0
per_huruf_hybrid_skeleton_forced_loop_no_sig,16,110,0.11398963730569947,525.4615384615386,64.39462903959947,525.4615384615386,64.39462903959947,0
per_huruf_hybrid_skeleton_forced_loop_no_sig,16,111,0.11502590673575129,525.5384615384614,64.48111060537096,525.5384615384614,64.48111060537096,0
per_huruf_hybrid_skeleton_forced_loop_no_sig,16,112,0.11606217616580311,525.6153846153846,64.56986800182067,525.6153846153846,64.56986800182067,0
per_huruf_hybrid_skeleton_forced_loop_no_sig,16,113,0.11709844559585492,525.6923076923076,64.65953573054165,525.6923076923076,64.65953573054165,0
per_huruf_hybrid_skeleton_forced_loop_no_sig,16,114,0.11813471502590674,525.7692307692307,64.748748293127,525.7692307692307,64.748748293127,0
per_huruf_hybrid_skeleton_forced_loop_no_sig,16,115,0.11917098445595854,525.8461538461538,64.83614019116979,525.8461538461538,64.83614019116979,0
per_huruf_hybrid_skeleton_forced_loop_no_sig,16,116,0.12020725388601036,525.9230769230769,64.92034592626308,525.9230769230769,64.92034592626308,0
per_huruf_hybrid_skeleton_forced_loop_no_sig,16,117,0.12124352331606217,526.0,65.0,526.0,65.0,0
per_huruf_hybrid_skeleton_forced_loop_no_sig,16,118,0.12227979274611399,526.079654073737,65.07692307692308,526.079654073737,65.07692307692308,0
per_huruf_hybrid_skeleton_forced_loop_no_sig,16,119,0.1233160621761658,526.1638598088302,65.15384615384616,526.1638598088302,65.15384615384616,0
per_huruf_hybrid_skeleton_forced_loop_no_sig,16,120,0.12435233160621761,526.2512517068728,65.23076923076923,526.2512517068728,65.23076923076923,0
per_huruf_hybrid_skeleton_forced_loop_no_sig,16,121,0.12538860103626942,526.3404642694584,65.3076923076923,526.3404642694584,65.3076923076923,0
per_huruf_hybrid_skeleton_forced_loop_no_sig,16,122,0.12642487046632123,526.4301319981794,65.38461538461539,526.4301319981794,65.38461538461539,1
per_huruf_hybrid_skeleton_forced_loop_no_sig,16,123,0.12746113989637306,526.5188893946291,65.46153846153847,526.5188893946291,65.46153846153847,0
per_huruf_hybrid_skeleton_forced_loop_no_sig,16,124,0.12849740932642487,526.6053709604006,65.53846153846153,526.6053709604006,65.53846153846153,0
per_huruf_hybrid_skeleton_forced_loop_no_sig,16,125,0.12953367875647667,526.688211197087,65.61538461538461,526.688211197087,65.61538461538461,0
per_huruf_hybrid_skeleton_forced_loop_no_sig,16,126,0.13056994818652848,526.7660446062813,65.6923076923077,526.7660446062813,65.6923076923077,0
per_huruf_hybrid_skeleton_forced_loop_no_sig,16,127,0.1316062176165803,526.8375056895767,65.76923076923077,526.8375056895767,65.76923076923077,0
per_huruf_hybrid_skeleton_forced_loop_no_sig,16,128,0.13264248704663212,526.9012289485662,65.84615384615384,526.9012289485662,65.84615384615384,0
per_huruf_hybrid_skeleton_forced_loop_no_sig,16,129,0.13367875647668392,526.9558488848429,65.92307692307692,526.9558488848429,65.92307692307692,0
per_huruf_hybrid_skeleton_forced_loop_no_sig,16,130,0.13471502590673576,527.0,66.0,527.0,66.0,0
per_huruf_hybrid_skeleton_forced_loop_no_sig,16,131,0.13575129533678756,527.0300409649521,66.07692307692308,527.0300409649521,66.07692307692308,0
per_huruf_hybrid_skeleton_forced_loop_no_sig,16,132,0.13678756476683937,527.0450614474282,66.15384615384616,527.0450614474282,66.15384615384616,0
per_huruf_hybrid_skeleton_forced_loop_no_sig,16,133,0.13782383419689118,527.047792444242,66.23076923076923,527.047792444242,66.23076923076923,0
per_huruf_hybrid_skeleton_forced_loop_no_sig,16,134,0.138860103626943,527.0409649522074,66.30769230769229,527.0409649522074,66.30769230769229,0
per_huruf_hybrid_skeleton_forced_loop_no_sig,16,135,0.13989637305699482,527.0273099681385,66.3846153846154,527.0273099681385,66.3846153846154,0
per_huruf_hybrid_skeleton_forced_loop_no_sig,16,136,0.14093264248704662,527.0095584888485,66.46153846153847,527.0095584888485,66.46153846153847,0
per_huruf_hybrid_skeleton_forced_loop_no_sig,16,137,0.14196891191709843,526.9904415111516,66.53846153846155,526.9904415111516,66.53846153846155,0
per_huruf_hybrid_skeleton_forced_loop_no_sig,16,138,0.14300518134715026,526.9726900318617,66.61538461538463,526.9726900318617,66.61538461538463,0
per_huruf_hybrid_skeleton_forced_loop_no_sig,16,139,0.14404145077720207,526.9590350477924,66.6923076923077,526.9590350477924,66.6923076923077,0
per_huruf_hybrid_skeleton_forced_loop_no_sig,16,140,0.14507772020725387,526.9522075557578,66.76923076923077,526.9522075557578,66.76923076923077,0
per_huruf_hybrid_skeleton_forced_loop_no_sig,16,141,0.14611398963730568,526.9549385525717,66.84615384615385,526.9549385525717,66.84615384615385,0
per_huruf_hybrid_skeleton_forced_loop_no_sig,16,142,0.14715025906735751,526.9699590350477,66.92307692307692,526.9699590350477,66.92307692307692,0
per_huruf_hybrid_skeleton_forced_loop_no_sig,16,143,0.14818652849740932,527.0,67.0,527.0,67.0,0
per_huruf_hybrid_skeleton_forced_loop_no_sig,16,144,0.14922279792746113,527.0468821119708,67.07692307692308,527.0468821119708,67.07692307692308,0
per_huruf_hybrid_skeleton_forced_loop_no_sig,16,145,0.15025906735751296,527.1087847064179,67.15384615384616,527.1087847064179,67.15384615384616,0
per_huruf_hybrid_skeleton_forced_loop_no_sig,16,146,0.15129533678756477,527.182976786527,67.23076923076923,527.182976786527,67.23076923076923,0
per_huruf_hybrid_skeleton_forced_loop_no_sig,16,147,0.15233160621761657,527.2667273554847,67.3076923076923,527.2667273554847,67.3076923076923,0
per_huruf_hybrid_skeleton_forced_loop_no_sig,16,148,0.15336787564766838,527.3573054164771,67.38461538461539,527.3573054164771,67.38461538461539,0
per_huruf_hybrid_skeleton_forced_loop_no_sig,16,149,0.1544041450777202,527.4519799726901,67.46153846153847,527.4519799726901,67.46153846153847,0
per_huruf_hybrid_skeleton_forced_loop_no_sig,16,150,0.15544041450777202,527.54802002731,67.53846153846153,527.54802002731,67.53846153846153,0
per_huruf_hybrid_skeleton_forced_loop_no_sig,16,151,0.15647668393782382,527.642694583523,67.61538461538461,527.642694583523,67.61538461538461,0
per_huruf_hybrid_skeleton_forced_loop_no_sig,16,152,0.15751295336787563,527.7332726445152,67.69230769230768,527.7332726445152,67.69230769230768,0
per_huruf_hybrid_skeleton_forced_loop_no_sig,16,153,0.15854922279792746,527.8170232134729,67.76923076923076,527.8170232134729,67.76923076923076,0
per_huruf_hybrid_skeleton_forced_loop_no_sig,16,154,0.15958549222797927,527.8912152935821,67.84615384615385,527.8912152935821,67.84615384615385,0
per_huruf_hybrid_skeleton_forced_loop_no_sig,16,155,0.16062176165803108,527.953117888029,67.92307692307692,527.953117888029,67.92307692307692,0
per_huruf_hybrid_skeleton_forced_loop_no_sig,16,156,0.16165803108808288,528.0,68.0,528.0,68.0,0
per_huruf_hybrid_skeleton_forced_loop_no_sig,16,157,0.16269430051813472,528.032771961766,68.0769230769231,528.032771961766,68.0769230769231,0
per_huruf_hybrid_skeleton_forced_loop_no_sig,16,158,0.16373056994818652,528.0550751024124,68.15384615384616,528.0550751024124,68.15384615384616,0
per_huruf_hybrid_skeleton_forced_loop_no_sig,16,159,0.16476683937823833,528.0682749203459,68.23076923076921,528.0682749203459,68.23076923076921,0
per_huruf_hybrid_skeleton_forced_loop_no_sig,16,160,0.16580310880829013,528.0737369139736,68.30769230769229,528.0737369139736,68.30769230769229,0
per_huruf_hybrid_skeleton_forced_loop_no_sig,16,161,0.16683937823834197,528.0728265817024,68.38461538461539,528.0728265817024,68.38461538461539,0
per_huruf_hybrid_skeleton_forced_loop_no_sig,16,162,0.16787564766839377,528.066909421939,68.46153846153847,528.066909421939,68.46153846153847,0
per_huruf_hybrid_skeleton_forced_loop_no_sig,16,163,0.16891191709844558,528.0573509330906,68.53846153846153,528.0573509330906,68.53846153846153,0
per_huruf_hybrid_skeleton_forced_loop_no_sig,16,164,0.1699481865284974,528.045516613564,68.61538461538461,528.045516613564,68.61538461538461,0
per_huruf_hybrid_skeleton_forced_loop_no_sig,16,165,0.17098445595854922,528.032771961766,68.6923076923077,528.032771961766,68.6923076923077,0
per_huruf_hybrid_skeleton_forced_loop_no_sig,16,166,0.17202072538860103,528.0204824761038,68.76923076923077,528.0204824761038,68.76923076923077,0
per_huruf_hybrid_skeleton_forced_loop_no_sig,16,167,0.17305699481865283,528.010013654984,68.84615384615385,528.010013654984,68.84615384615385,0
per_huruf_hybrid_skeleton_forced_loop_no_sig,16,168,0.17409326424870467,528.0027309968139,68.92307692307692,528.0027309968139,68.92307692307692,0
per_huruf_hybrid_skeleton_forced_loop_no_sig,16,169,0.17512953367875647,528.0,69.0,528.0,69.0,0
per_huruf_hybrid_skeleton_forced_loop_no_sig,16,170,0.17616580310880828,528.0,69.07692307692308,528.0,69.07692307692308,0
per_huruf_hybrid_skeleton_forced_loop_no_sig,16,171,0.17720207253886008,528.0000000000001,69.15384615384615,528.0000000000001,69.15384615384615,0
per_huruf_hybrid_skeleton_forced_loop_no_sig,16,172,0.17823834196891192,528.0,69.23076923076921,528.0,69.23076923076921,0
per_huruf_hybrid_skeleton_forced_loop_no_sig,16,173,0.17927461139896372,528.0,69.30769230769229,528.0,69.30769230769229,0
per_huruf_hybrid_skeleton_forced_loop_no_sig,16,174,0.18031088082901553,528.0,69.38461538461539,528.0,69.38461538461539,0
per_huruf_hybrid_skeleton_forced_loop_no_sig,16,175,0.18134715025906734,528.0,69.46153846153847,528.0,69.46153846153847,0
per_huruf_hybrid_skeleton_forced_loop_no_sig,16,176,0.18238341968911917,528.0,69.53846153846155,528.0,69.53846153846155,0
per_huruf_hybrid_skeleton_forced_loop_no_sig,16,177,0.18341968911917098,528.0,69.61538461538461,528.0,69.61538461538461,0
per_huruf_hybrid_skeleton_forced_loop_no_sig,16,178,0.18445595854922278,528.0,69.6923076923077,528.0,69.6923076923077,0
per_huruf_hybrid_skeleton_forced_loop_no_sig,16,179,0.18549222797927462,528.0,69.76923076923077,528.0,69.76923076923077,0
per_huruf_hybrid_skeleton_forced_loop_no_sig,16,180,0.18652849740932642,528.0,69.84615384615385,528.0,69.84615384615385,1
per_huruf_hybrid_skeleton_forced_loop_no_sig,16,181,0.18756476683937823,528.0,69.92307692307692,528.0,69.92307692307692,0
per_huruf_hybrid_skeleton_forced_loop_no_sig,16,182,0.18860103626943003,528.0,70.0,528.0,70.0,0
per_huruf_hybrid_skeleton_forced_loop_no_sig,16,183,0.18963730569948187,528.0027309968139,70.0769230769231,528.0027309968139,70.0769230769231,0
per_huruf_hybrid_skeleton_forced_loop_no_sig,16,184,0.19067357512953367,528.0100136549842,70.15384615384615,528.0100136549842,70.15384615384615,0
per_huruf_hybrid_skeleton_forced_loop_no_sig,16,185,0.19170984455958548,528.0204824761038,70.23076923076921,528.0204824761038,70.23076923076921,0
per_huruf_hybrid_skeleton_forced_loop_no_sig,16,186,0.19274611398963729,528.032771961766,70.3076923076923,528.032771961766,70.3076923076923,0
per_huruf_hybrid_skeleton_forced_loop_no_sig,16,187,0.19378238341968912,528.045516613564,70.38461538461539,528.045516613564,70.38461538461539,0
per_huruf_hybrid_skeleton_forced_loop_no_sig,16,188,0.19481865284974093,528.0573509330906,70.46153846153848,528.0573509330906,70.46153846153848,0
per_huruf_hybrid_skeleton_forced_loop_no_sig,16,189,0.19585492227979273,528.0669094219389,70.53846153846155,528.0669094219389,70.53846153846155,0
per_huruf_hybrid_skeleton_forced_loop_no_sig,16,190,0.19689119170984454,528.0728265817023,70.61538461538461,528.0728265817023,70.61538461538461,0
per_huruf_hybrid_skeleton_forced_loop_no_sig,16,191,0.19792746113989637,528.0737369139736,70.6923076923077,528.0737369139736,70.6923076923077,0
per_huruf_hybrid_skeleton_forced_loop_no_sig,16,192,0.19896373056994818,528.0682749203459,70.76923076923077,528.0682749203459,70.76923076923077,0
per_huruf_hybrid_skeleton_forced_loop_no_sig,16,193,0.19999999999999998,528.0550751024124,70.84615384615385,528.0550751024124,70.84615384615385,0
per_huruf_hybrid_skeleton_forced_loop_no_sig,16,194,0.20103626943005182,528.032771961766,70.92307692307692,528.032771961766,70.92307692307692,0
per_huruf_hybrid_skeleton_forced_loop_no_sig,16,195,0.20207253886010362,528.0,71.0,528.0,71.0,0
per_huruf_hybrid_skeleton_forced_loop_no_sig,16,196,0.20310880829015543,527.955848884843,71.07692307692308,527.955848884843,71.07692307692308,0
per_huruf_hybrid_skeleton_forced_loop_no_sig,16,197,0.20414507772020724,527.9012289485662,71.15384615384616,527.9012289485662,71.15384615384616,0
per_huruf_hybrid_skeleton_forced_loop_no_sig,16,198,0.20518134715025907,527.8375056895766,71.23076923076921,527.8375056895766,71.23076923076921,0
per_huruf_hybrid_skeleton_forced_loop_no_sig,16,199,0.20621761658031088,527.7660446062813,71.3076923076923,527.7660446062813,71.3076923076923,0
per_huruf_hybrid_skeleton_forced_loop_no_sig,16,200,0.20725388601036268,527.688211197087,71.38461538461539,527.688211197087,71.38461538461539,0
per_huruf_hybrid_skeleton_forced_loop_no_sig,16,201,0.2082901554404145,527.6053709604006,71.46153846153847,527.6053709604006,71.46153846153847,0
per_huruf_hybrid_skeleton_forced_loop_no_sig,16,202,0.20932642487046632,527.518889394629,71.53846153846153,527.518889394629,71.53846153846153,0
per_huruf_hybrid_skeleton_forced_loop_no_sig,16,203,0.21036269430051813,527.4301319981794,71.61538461538461,527.4301319981794,71.61538461538461,0
per_huruf_hybrid_skeleton_forced_loop_no_sig,16,204,0.21139896373056993,527.3404642694584,71.6923076923077,527.3404642694584,71.6923076923077,0
per_huruf_hybrid_skeleton_forced_loop_no_sig,16,205,0.21243523316062174,527.2512517068731,71.76923076923077,527.2512517068731,71.76923076923077,0
per_huruf_hybrid_skeleton_forced_loop_no_sig,16,206,0.21347150259067357,527.1638598088302,71.84615384615385,527.1638598088302,71.84615384615385,0
per_huruf_hybrid_skeleton_forced_loop_no_sig,16,207,0.21450777202072538,527.079654073737,71.92307692307692,527.079654073737,71.92307692307692,0
per_huruf_hybrid_skeleton_forced_loop_no_sig,16,208,0.21554404145077719,527.0,72.0,527.0,72.0,0
per_huruf_hybrid_skeleton_forced_loop_no_sig,16,209,0.21658031088082902,526.923076923077,72.07965407373692,526.923076923077,72.07965407373692,0
per_huruf_hybrid_skeleton_forced_loop_no_sig,16,210,0.21761658031088082,526.8461538461538,72.16385980883022,526.8461538461538,72.16385980883022,0
per_huruf_hybrid_skeleton_forced_loop_no_sig,16,211,0.21865284974093263,526.7692307692307,72.251251706873,526.7692307692307,72.251251706873,0
per_huruf_hybrid_skeleton_forced_loop_no_sig,16,212,0.21968911917098444,526.6923076923076,72.34046426945832,526.6923076923076,72.34046426945832,0
per_huruf_hybrid_skeleton_forced_loop_no_sig,16,213,0.22072538860103627,526.6153846153846,72.43013199817933,526.6153846153846,72.43013199817933,0
per_huruf_hybrid_skeleton_forced_loop_no_sig,16,214,0.22176165803108808,526.5384615384617,72.51888939462903,526.5384615384617,72.51888939462903,0
per_huruf_hybrid_skeleton_forced_loop_no_sig,16,215,0.22279792746113988,526.4615384615385,72.60537096040053,526.4615384615385,72.60537096040053,0
per_huruf_hybrid_skeleton_forced_loop_no_sig,16,216,0.2238341968911917,526.3846153846155,72.68821119708693,526.3846153846155,72.68821119708693,0
per_huruf_hybrid_skeleton_forced_loop_no_sig,16,217,0.22487046632124352,526.3076923076923,72.7660446062813,526.3076923076923,72.7660446062813,0
per_huruf_hybrid_skeleton_forced_loop_no_sig,16,218,0.22590673575129533,526.2307692307692,72.83750568957669,526.2307692307692,72.83750568957669,0
per_huruf_hybrid_skeleton_forced_loop_no_sig,16,219,0.22694300518134713,526.1538461538462,72.90122894856623,526.1538461538462,72.90122894856623,0
per_huruf_hybrid_skeleton_forced_loop_no_sig,16,220,0.22797927461139894,526.0769230769231,72.95584888484296,526.0769230769231,72.95584888484296,0
per_huruf_hybrid_skeleton_forced_loop_no_sig,16,221,0.22901554404145077,526.0,73.0,526.0,73.0,0
per_huruf_hybrid_skeleton_forced_loop_no_sig,16,222,0.23005181347150258,525.9230769230769,73.03277196176606,525.9230769230769,73.03277196176606,0
per_huruf_hybrid_skeleton_forced_loop_no_sig,16,223,0.2310880829015544,525.8461538461539,73.05507510241239,525.8461538461539,73.05507510241239,0
per_huruf_hybrid_skeleton_forced_loop_no_sig,16,224,0.23212435233160622,525.7692307692307,73.06827492034591,525.7692307692307,73.06827492034591,0
per_huruf_hybrid_skeleton_forced_loop_no_sig,16,225,0.23316062176165803,525.6923076923076,73.07373691397359,525.6923076923076,73.07373691397359,0
per_huruf_hybrid_skeleton_forced_loop_no_sig,16,226,0.23419689119170983,525.6153846153846,73.07282658170233,525.6153846153846,73.07282658170233,0
per_huruf_hybrid_skeleton_forced_loop_no_sig,16,227,0.23523316062176164,525.5384615384615,73.06690942193902,525.5384615384615,73.06690942193902,0
per_huruf_hybrid_skeleton_forced_loop_no_sig,16,228,0.23626943005181347,525.4615384615385,73.05735093309058,525.4615384615385,73.05735093309058,0
per_huruf_hybrid_skeleton_forced_loop_no_sig,16,229,0.23730569948186528,525.3846153846155,73.04551661356395,525.3846153846155,73.04551661356395,0
per_huruf_hybrid_skeleton_forced_loop_no_sig,16,230,0.23834196891191708,525.3076923076923,73.03277196176604,525.3076923076923,73.03277196176604,0
per_huruf_hybrid_skeleton_forced_loop_no_sig,16,231,0.2393782383419689,525.2307692307692,73.02048247610378,525.2307692307692,73.02048247610378,0
per_huruf_hybrid_skeleton_forced_loop_no_sig,16,232,0.24041450777202072,525.1538461538462,73.01001365498406,525.1538461538462,73.01001365498406,0
per_huruf_hybrid_skeleton_forced_loop_no_sig,16,233,0.24145077720207253,525.0769230769231,73.00273099681384,525.0769230769231,73.00273099681384,0
per_huruf_hybrid_skeleton_forced_loop_no_sig,16,234,0.24248704663212434,525.0,73.0,525.0,73.0,0
per_huruf_hybrid_skeleton_forced_loop_no_sig,16,235,0.24352331606217614,524.9230769230769,73.00000000000001,524.9230769230769,73.00000000000001,0
per_huruf_hybrid_skeleton_forced_loop_no_sig,16,236,0.24455958549222798,524.8461538461539,73.0,524.8461538461539,73.0,0
per_huruf_hybrid_skeleton_forced_loop_no_sig,16,237,0.24559585492227978,524.7692307692307,72.99999999999999,524.7692307692307,72.99999999999999,0
per_huruf_hybrid_skeleton_forced_loop_no_sig,16,238,0.2466321243523316,524.6923076923076,72.99999999999999,524.6923076923076,72.99999999999999,0
per_huruf_hybrid_skeleton_forced_loop_no_sig,16,239,0.2476683937823834,524.6153846153848,73.0,524.6153846153848,73.0,0
per_huruf_hybrid_skeleton_forced_loop_no_sig,16,240,0.24870466321243523,524.5384615384615,73.0,524.5384615384615,73.0,0
per_huruf_hybrid_skeleton_forced_loop_no_sig,16,241,0.24974093264248703,524.4615384615386,73.0,524.4615384615386,73.0,0
per_huruf_hybrid_skeleton_forced_loop_no_sig,16,242,0.25077720207253884,524.3846153846155,73.0,524.3846153846155,73.0,0
per_huruf_hybrid_skeleton_forced_loop_no_sig,16,243,0.25181347150259065,524.3076923076923,73.0,524.3076923076923,73.0,0
per_huruf_hybrid_skeleton_forced_loop_no_sig,16,244,0.25284974093264245,524.2307692307692,73.0,524.2307692307692,73.0,0
per_huruf_hybrid_skeleton_forced_loop_no_sig,16,245,0.2538860103626943,524.1538461538462,73.0,524.1538461538462,73.0,0
per_huruf_hybrid_skeleton_forced_loop_no_sig,16,246,0.2549222797927461,524.0769230769231,73.0,524.0769230769231,73.0,0
per_huruf_hybrid_skeleton_forced_loop_no_sig,16,247,0.2559585492227979,524.0,73.0,524.0,73.0,0
per_huruf_hybrid_skeleton_forced_loop_no_sig,16,248,0.25699481865284973,523.9230769230769,73.00000000000001,523.9230769230769,73.00000000000001,0
per_huruf_hybrid_skeleton_forced_loop_no_sig,16,249,0.25803108808290154,523.8461538461539,73.0,523.8461538461539,73.0,0
per_huruf_hybrid_skeleton_forced_loop_no_sig,16,250,0.25906735751295334,523.7692307692307,72.99999999999999,523.7692307692307,72.99999999999999,0
per_huruf_hybrid_skeleton_forced_loop_no_sig,16,251,0.26010362694300515,523.6923076923076,72.99999999999999,523.6923076923076,72.99999999999999,0
per_huruf_hybrid_skeleton_forced_loop_no_sig,16,252,0.26113989637305696,523.6153846153846,73.0,523.6153846153846,73.0,0
per_huruf_hybrid_skeleton_forced_loop_no_sig,16,253,0.2621761658031088,523.5384615384615,73.0,523.5384615384615,73.0,0
per_huruf_hybrid_skeleton_forced_loop_no_sig,16,254,0.2632124352331606,523.4615384615385,73.0,523.4615384615385,73.0,0
per_huruf_hybrid_skeleton_forced_loop_no_sig,16,255,0.26424870466321243,523.3846153846155,73.0,523.3846153846155,73.0,0
per_huruf_hybrid_skeleton_forced_loop_no_sig,16,256,0.26528497409326424,523.3076923076923,73.0,523.3076923076923,73.0,0
per_huruf_hybrid_skeleton_forced_loop_no_sig,16,257,0.26632124352331604,523.2307692307692,73.0,523.2307692307692,73.0,0
per_huruf_hybrid_skeleton_forced_loop_no_sig,16,258,0.26735751295336785,523.1538461538462,73.0,523.1538461538462,73.0,0
per_huruf_hybrid_skeleton_forced_loop_no_sig,16,259,0.26839378238341965,523.0769230769231,73.0,523.0769230769231,73.0,0
per_huruf_hybrid_skeleton_forced_loop_no_sig,16,260,0.2694300518134715,523.0,73.0,523.0,73.0,0
per_huruf_hybrid_skeleton_forced_loop_no_sig,16,261,0.2704663212435233,522.923076923077,73.00000000000001,522.923076923077,73.00000000000001,0
per_huruf_hybrid_skeleton_forced_loop_no_sig,16,262,0.27150259067357513,522.8461538461539,73.0,522.8461538461539,73.0,0
per_huruf_hybrid_skeleton_forced_loop_no_sig,16,263,0.27253886010362693,522.7692307692306,72.99999999999999,522.7692307692306,72.99999999999999,0
per_huruf_hybrid_skeleton_forced_loop_no_sig,16,264,0.27357512953367874,522.6923076923076,72.99999999999999,522.6923076923076,72.99999999999999,0
per_huruf_hybrid_skeleton_forced_loop_no_sig,16,265,0.27461139896373055,522.6153846153846,73.0,522.6153846153846,73.0,0
per_huruf_hybrid_skeleton_forced_loop_no_sig,16,266,0.27564766839378235,522.5384615384615,73.0,522.5384615384615,73.0,0
per_huruf_hybrid_skeleton_forced_loop_no_sig,16,267,0.27668393782383416,522.4615384615385,73.0,522.4615384615385,73.0,0
per_huruf_hybrid_skeleton_forced_loop_no_sig,16,268,0.277720207253886,522.3846153846154,73.0,522.3846153846154,73.0,0
per_huruf_hybrid_skeleton_forced_loop_no_sig,16,269,0.2787564766839378,522.3076923076923,73.0,522.3076923076923,73.0,0
per_huruf_hybrid_skeleton_forced_loop_no_sig,16,270,0.27979274611398963,522.2307692307693,73.0,522.2307692307693,73.0,0
per_huruf_hybrid_skeleton_forced_loop_no_sig,16,271,0.28082901554404144,522.1538461538462,73.0,522.1538461538462,73.0,0
per_huruf_hybrid_skeleton_forced_loop_no_sig,16,272,0.28186528497409324,522.0769230769231,73.0,522.0769230769231,73.0,0
per_huruf_hybrid_skeleton_forced_loop_no_sig,16,273,0.28290155440414505,522.0,73.0,522.0,73.0,0
per_huruf_hybrid_skeleton_forced_loop_no_sig,16,274,0.28393782383419686,521.923076923077,73.00000000000001,521.923076923077,73.00000000000001,0
per_huruf_hybrid_skeleton_forced_loop_no_sig,16,275,0.2849740932642487,521.8461538461538,73.0,521.8461538461538,73.0,0
per_huruf_hybrid_skeleton_forced_loop_no_sig,16,276,0.2860103626943005,521.7692307692307,72.99999999999999,521.7692307692307,72.99999999999999,0
per_huruf_hybrid_skeleton_forced_loop_no_sig,16,277,0.28704663212435233,521.6923076923076,72.99999999999999,521.6923076923076,72.99999999999999,0
per_huruf_hybrid_skeleton_forced_loop_no_sig,16,278,0.28808290155440414,521.6153846153846,73.0,521.6153846153846,73.0,0
per_huruf_hybrid_skeleton_forced_loop_no_sig,16,279,0.28911917098445594,521.5384615384615,73.0,521.5384615384615,73.0,0
per_huruf_hybrid_skeleton_forced_loop_no_sig,16,280,0.29015544041450775,521.4615384615385,73.0,521.4615384615385,73.0,0
per_huruf_hybrid_skeleton_forced_loop_no_sig,16,281,0.29119170984455955,521.3846153846155,73.0,521.3846153846155,73.0,0
per_huruf_hybrid_skeleton_forced_loop_no_sig,16,282,0.29222797927461136,521.3076923076923,73.0,521.3076923076923,73.0,0
per_huruf_hybrid_skeleton_forced_loop_no_sig,16,283,0.2932642487046632,521.2307692307693,73.0,521.2307692307693,73.0,0
per_huruf_hybrid_skeleton_forced_loop_no_sig,16,284,0.29430051813471503,521.1538461538462,73.0,521.1538461538462,73.0,0
per_huruf_hybrid_skeleton_forced_loop_no_sig,16,285,0.29533678756476683,521.0769230769231,73.0,521.0769230769231,73.0,0
per_huruf_hybrid_skeleton_forced_loop_no_sig,16,286,0.29637305699481864,521.0,73.0,521.0,73.0,0
per_huruf_hybrid_skeleton_forced_loop_no_sig,16,287,0.29740932642487045,520.923076923077,73.00000000000001,520.923076923077,73.00000000000001,0
per_huruf_hybrid_skeleton_forced_loop_no_sig,16,288,0.29844559585492225,520.8461538461538,73.0,520.8461538461538,73.0,0
per_huruf_hybrid_skeleton_forced_loop_no_sig,16,289,0.29948186528497406,520.7692307692307,72.99999999999999,520.7692307692307,72.99999999999999,0
per_huruf_hybrid_skeleton_forced_loop_no_sig,16,290,0.3005181347150259,520.6923076923076,72.99999999999999,520.6923076923076,72.99999999999999,0
per_huruf_hybrid_skeleton_forced_loop_no_sig,16,291,0.3015544041450777,520.6153846153846,73.0,520.6153846153846,73.0,0
per_huruf_hybrid_skeleton_forced_loop_no_sig,16,292,0.30259067357512953,520.5384615384615,73.0,520.5384615384615,73.0,0
per_huruf_hybrid_skeleton_forced_loop_no_sig,16,293,0.30362694300518134,520.4615384615385,73.0,520.4615384615385,73.0,0
per_huruf_hybrid_skeleton_forced_loop_no_sig,16,294,0.30466321243523314,520.3846153846155,73.0,520.3846153846155,73.0,0
per_huruf_hybrid_skeleton_forced_loop_no_sig,16,295,0.30569948186528495,520.3076923076923,73.0,520.3076923076923,73.0,0
per_huruf_hybrid_skeleton_forced_loop_no_sig,16,296,0.30673575129533676,520.2307692307692,73.0,520.2307692307692,73.0,0
per_huruf_hybrid_skeleton_forced_loop_no_sig,16,297,0.30777202072538856,520.1538461538462,73.0,520.1538461538462,73.0,0
per_huruf_hybrid_skeleton_forced_loop_no_sig,16,298,0.3088082901554404,520.0769230769231,73.0,520.0769230769231,73.0,0
per_huruf_hybrid_skeleton_forced_loop_no_sig,16,299,0.30984455958549223,520.0,73.0,520.0,73.0,0
per_huruf_hybrid_skeleton_forced_loop_no_sig,16,300,0.31088082901554404,519.9230769230769,73.00000000000001,519.9230769230769,73.00000000000001,0
per_huruf_hybrid_skeleton_forced_loop_no_sig,16,301,0.31191709844559584,519.8461538461539,73.0,519.8461538461539,73.0,0
per_huruf_hybrid_skeleton_forced_loop_no_sig,16,302,0.31295336787564765,519.7692307692307,72.99999999999999,519.7692307692307,72.99999999999999,0
per_huruf_hybrid_skeleton_forced_loop_no_sig,16,303,0.31398963730569945,519.6923076923076,72.99999999999999,519.6923076923076,72.99999999999999,0
per_huruf_hybrid_skeleton_forced_loop_no_sig,16,304,0.31502590673575126,519.6153846153846,73.0,519.6153846153846,73.0,0
per_huruf_hybrid_skeleton_forced_loop_no_sig,16,305,0.3160621761658031,519.5384615384615,73.0,519.5384615384615,73.0,0
per_huruf_hybrid_skeleton_forced_loop_no_sig,16,306,0.3170984455958549,519.4615384615385,73.0,519.4615384615385,73.0,0
per_huruf_hybrid_skeleton_forced_loop_no_sig,16,307,0.31813471502590673,519.3846153846154,73.0,519.3846153846154,73.0,0
per_huruf_hybrid_skeleton_forced_loop_no_sig,16,308,0.31917098445595854,519.3076923076923,73.0,519.3076923076923,73.0,0
per_huruf_hybrid_skeleton_forced_loop_no_sig,16,309,0.32020725388601035,519.2307692307693,73.0,519.2307692307693,73.0,0
per_huruf_hybrid_skeleton_forced_loop_no_sig,16,310,0.32124352331606215,519.1538461538462,73.0,519.1538461538462,73.0,0
per_huruf_hybrid_skeleton_forced_loop_no_sig,16,311,0.32227979274611396,519.0769230769231,73.0,519.0769230769231,73.0,0
per_huruf_hybrid_skeleton_forced_loop_no_sig,16,312,0.32331606217616576,519.0,73.0,519.0,73.0,0
per_huruf_hybrid_skeleton_forced_loop_no_sig,16,313,0.3243523316062176,518.923076923077,73.00273099681385,518.923076923077,73.00273099681385,0
per_huruf_hybrid_skeleton_forced_loop_no_sig,16,314,0.32538860103626943,518.8461538461539,73.01001365498408,518.8461538461539,73.01001365498408,0
per_huruf_hybrid_skeleton_forced_loop_no_sig,16,315,0.32642487046632124,518.7692307692307,73.02048247610377,518.7692307692307,73.02048247610377,0
per_huruf_hybrid_skeleton_forced_loop_no_sig,16,316,0.32746113989637304,518.6923076923076,73.03277196176603,518.6923076923076,73.03277196176603,0
per_huruf_hybrid_skeleton_forced_loop_no_sig,16,317,0.32849740932642485,518.6153846153846,73.04551661356395,518.6153846153846,73.04551661356395,0
per_huruf_hybrid_skeleton_forced_loop_no_sig,16,318,0.32953367875647666,518.5384615384617,73.05735093309058,518.5384615384617,73.05735093309058,0
per_huruf_hybrid_skeleton_forced_loop_no_sig,16,319,0.33056994818652846,518.4615384615385,73.06690942193902,518.4615384615385,73.06690942193902,0
per_huruf_hybrid_skeleton_forced_loop_no_sig,16,320,0.33160621761658027,518.3846153846154,73.07282658170233,518.3846153846154,73.07282658170233,0
per_huruf_hybrid_skeleton_forced_loop_no_sig,16,321,0.33264248704663213,518.3076923076923,73.07373691397359,518.3076923076923,73.07373691397359,0
per_huruf_hybrid_skeleton_forced_loop_no_sig,16,322,0.33367875647668394,518.2307692307692,73.06827492034591,518.2307692307692,73.06827492034591,0
per_huruf_hybrid_skeleton_forced_loop_no_sig,16,323,0.33471502590673574,518.1538461538462,73.05507510241239,518.1538461538462,73.05507510241239,0
per_huruf_hybrid_skeleton_forced_loop_no_sig,16,324,0.33575129533678755,518.0769230769231,73.03277196176604,518.0769230769231,73.03277196176604,0
per_huruf_hybrid_skeleton_forced_loop_no_sig,16,325,0.33678756476683935,518.0,73.0,518.0,73.0,0
per_huruf_hybrid_skeleton_forced_loop_no_sig,16,326,0.33782383419689116,517.9203459262632,72.95584888484298,517.9203459262632,72.95584888484298,0
per_huruf_hybrid_skeleton_forced_loop_no_sig,16,327,0.33886010362694297,517.8361401911698,72.90122894856623,517.8361401911698,72.90122894856623,0
per_huruf_hybrid_skeleton_forced_loop_no_sig,16,328,0.3398963730569948,517.7487482931269,72.83750568957667,517.7487482931269,72.83750568957667,0
per_huruf_hybrid_skeleton_forced_loop_no_sig,16,329,0.34093264248704663,517.6595357305416,72.7660446062813,517.6595357305416,72.7660446062813,0
per_huruf_hybrid_skeleton_forced_loop_no_sig,16,330,0.34196891191709844,517.5698680018206,72.68821119708694,517.5698680018206,72.68821119708694,0
per_huruf_hybrid_skeleton_forced_loop_no_sig,16,331,0.34300518134715025,517.481110605371,72.60537096040055,517.481110605371,72.60537096040055,0
per_huruf_hybrid_skeleton_forced_loop_no_sig,16,332,0.34404145077720205,517.3946290395994,72.51888939462903,517.3946290395994,72.51888939462903,0
per_huruf_hybrid_skeleton_forced_loop_no_sig,16,333,0.34507772020725386,517.311788802913,72.43013199817933,517.311788802913,72.43013199817933,0
per_huruf_hybrid_skeleton_forced_loop_no_sig,16,334,0.34611398963730566,517.2339553937186,72.34046426945835,517.2339553937186,72.34046426945835,0
per_huruf_hybrid_skeleton_forced_loop_no_sig,16,335,0.34715025906735747,517.1624943104232,72.251251706873,517.1624943104232,72.251251706873,0
per_huruf_hybrid_skeleton_forced_loop_no_sig,16,336,0.34818652849740933,517.0987710514337,72.16385980883022,517.0987710514337,72.16385980883022,0
per_huruf_hybrid_skeleton_forced_loop_no_sig,16,337,0.34922279792746114,517.044151115157,72.07965407373692,517.044151115157,72.07965407373692,0
per_huruf_hybrid_skeleton_forced_loop_no_sig,16,338,0.35025906735751294,517.0,72.0,517.0,72.0,0
per_huruf_hybrid_skeleton_forced_loop_no_sig,16,339,0.35129533678756475,516.967228038234,71.92307692307695,516.967228038234,71.92307692307695,0
per_huruf_hybrid_skeleton_forced_loop_no_sig,16,340,0.35233160621761656,516.9449248975876,71.84615384615385,516.9449248975876,71.84615384615385,0
per_huruf_hybrid_skeleton_forced_loop_no_sig,16,341,0.35336787564766836,516.931725079654,71.76923076923076,516.931725079654,71.76923076923076,0
per_huruf_hybrid_skeleton_forced_loop_no_sig,16,342,0.35440414507772017,516.9262630860264,71.6923076923077,516.9262630860264,71.6923076923077,0
per_huruf_hybrid_skeleton_forced_loop_no_sig,16,343,0.35544041450777203,516.9271734182977,71.61538461538461,516.9271734182977,71.61538461538461,0
per_huruf_hybrid_skeleton_forced_loop_no_sig,16,344,0.35647668393782384,516.933090578061,71.53846153846155,516.933090578061,71.53846153846155,0
per_huruf_hybrid_skeleton_forced_loop_no_sig,16,345,0.35751295336787564,516.9426490669094,71.46153846153847,516.9426490669094,71.46153846153847,0
per_huruf_hybrid_skeleton_forced_loop_no_sig,16,346,0.35854922279792745,516.954483386436,71.38461538461539,516.954483386436,71.38461538461539,0
per_huruf_hybrid_skeleton_forced_loop_no_sig,16,347,0.35958549222797925,516.967228038234,71.3076923076923,516.967228038234,71.3076923076923,0
per_huruf_hybrid_skeleton_forced_loop_no_sig,16,348,0.36062176165803106,516.9795175238962,71.23076923076923,516.9795175238962,71.23076923076923,0
per_huruf_hybrid_skeleton_forced_loop_no_sig,16,349,0.36165803108808287,516.989986345016,71.15384615384616,516.989986345016,71.15384615384616,0
per_huruf_hybrid_skeleton_forced_loop_no_sig,16,350,0.36269430051813467,516.9972690031861,71.07692307692308,516.9972690031861,71.07692307692308,0
per_huruf_hybrid_skeleton_forced_loop_no_sig,16,351,0.36373056994818653,517.0,71.0,517.0,71.0,0
per_huruf_hybrid_skeleton_forced_loop_no_sig,16,352,0.36476683937823834,517.0,70.92580791989077,517.0,70.92580791989077,0
per_huruf_hybrid_skeleton_forced_loop_no_sig,16,353,0.36580310880829014,517.0,70.85616750113792,517.0,70.85616750113792,0
per_huruf_hybrid_skeleton_forced_loop_no_sig,16,354,0.36683937823834195,516.9999999999999,70.78971324533453,516.9999999999999,70.78971324533453,0
per_huruf_hybrid_skeleton_forced_loop_no_sig,16,355,0.36787564766839376,517.0,70.72507965407372,517.0,70.72507965407372,0
per_huruf_hybrid_skeleton_forced_loop_no_sig,16,356,0.36891191709844556,517.0,70.66090122894857,517.0,70.66090122894857,0
per_huruf_hybrid_skeleton_forced_loop_no_sig,16,357,0.36994818652849737,517.0,70.59581247155212,517.0,70.59581247155212,0
per_huruf_hybrid_skeleton_forced_loop_no_sig,16,358,0.37098445595854923,517.0,70.52844788347747,517.0,70.52844788347747,0
per_huruf_hybrid_skeleton_forced_loop_no_sig,16,359,0.37202072538860104,517.0,70.4574419663177,517.0,70.4574419663177,0
per_huruf_hybrid_skeleton_forced_loop_no_sig,16,360,0.37305699481865284,517.0,70.38142922166591,517.0,70.38142922166591,0
per_huruf_hybrid_skeleton_forced_loop_no_sig,16,361,0.37409326424870465,516.9999999999999,70.29904415111515,516.9999999999999,70.29904415111515,0
per_huruf_hybrid_skeleton_forced_loop_no_sig,16,362,0.37512953367875645,517.0,70.20892125625853,517.0,70.20892125625853,0
per_huruf_hybrid_skeleton_forced_loop_no_sig,16,363,0.37616580310880826,517.0,70.10969503868913,517.0,70.10969503868913,0
per_huruf_hybrid_skeleton_forced_loop_no_sig,16,364,0.37720207253886007,517.0,70.0,517.0,70.0,0
per_huruf_hybrid_skeleton_forced_loop_no_sig,16,365,0.3782383419689119,516.9972690031861,69.87619481110606,516.9972690031861,69.87619481110606,0
per_huruf_hybrid_skeleton_forced_loop_no_sig,16,366,0.37927461139896373,516.989986345016,69.737369139736,516.989986345016,69.737369139736,0
per_huruf_hybrid_skeleton_forced_loop_no_sig,16,367,0.38031088082901554,516.9795175238961,69.58625398270368,516.9795175238961,69.58625398270368,0
per_huruf_hybrid_skeleton_forced_loop_no_sig,16,368,0.38134715025906735,516.9672280382339,69.42558033682295,516.9672280382339,69.42558033682295,0
per_huruf_hybrid_skeleton_forced_loop_no_sig,16,369,0.38238341968911915,516.9544833864361,69.25807919890761,516.9544833864361,69.25807919890761,0
per_huruf_hybrid_skeleton_forced_loop_no_sig,16,370,0.38341968911917096,516.9426490669094,69.08648156577152,516.9426490669094,69.08648156577152,0
per_huruf_hybrid_skeleton_forced_loop_no_sig,16,371,0.38445595854922276,516.933090578061,68.9135184342285,516.933090578061,68.9135184342285,0
per_huruf_hybrid_skeleton_forced_loop_no_sig,16,372,0.38549222797927457,516.9271734182977,68.7419208010924,516.9271734182977,68.7419208010924,0
per_huruf_hybrid_skeleton_forced_loop_no_sig,16,373,0.38652849740932643,516.9262630860264,68.57441966317705,516.9262630860264,68.57441966317705,0
per_huruf_hybrid_skeleton_forced_loop_no_sig,16,374,0.38756476683937824,516.931725079654,68.4137460172963,516.931725079654,68.4137460172963,0
per_huruf_hybrid_skeleton_forced_loop_no_sig,16,375,0.38860103626943004,516.9449248975876,68.262630860264,516.9449248975876,68.262630860264,0
per_huruf_hybrid_skeleton_forced_loop_no_sig,16,376,0.38963730569948185,516.9672280382339,68.12380518889394,516.9672280382339,68.12380518889394,0
per_huruf_hybrid_skeleton_forced_loop_no_sig,16,377,0.39067357512953366,517.0,68.0,517.0,68.0,0
per_huruf_hybrid_skeleton_forced_loop_no_sig,16,378,0.39170984455958546,517.0,68.0,517.0,68.0,0
per_huruf_hybrid_skeleton_forced_loop_no_sig,16,379,0.39274611398963727,519.0,66.0,519.0,66.0,0
per_huruf_hybrid_skeleton_forced_loop_no_sig,16,380,0.3937823834196891,519.046882111971,65.95311788802914,519.046882111971,65.95311788802914,0
per_huruf_hybrid_skeleton_forced_loop_no_sig,16,381,0.39481865284974094,519.1087847064179,65.89121529358216,519.1087847064179,65.89121529358216,0
per_huruf_hybrid_skeleton_forced_loop_no_sig,16,382,0.39585492227979274,519.1829767865271,65.81702321347292,519.1829767865271,65.81702321347292,0
per_huruf_hybrid_skeleton_forced_loop_no_sig,16,383,0.39689119170984455,519.2667273554847,65.73327264451524,519.2667273554847,65.73327264451524,0
per_huruf_hybrid_skeleton_forced_loop_no_sig,16,384,0.39792746113989635,519.3573054164771,65.642694583523,519.3573054164771,65.642694583523,0
per_huruf_hybrid_skeleton_forced_loop_no_sig,16,385,0.39896373056994816,519.4519799726901,65.54802002730997,519.4519799726901,65.54802002730997,0
per_huruf_hybrid_skeleton_forced_loop_no_sig,16,386,0.39999999999999997,519.54802002731,65.45197997269003,519.54802002731,65.45197997269003,0
per_huruf_hybrid_skeleton_forced_loop_no_sig,16,387,0.4010362694300518,519.642694583523,65.35730541647702,519.642694583523,65.35730541647702,0
per_huruf_hybrid_skeleton_forced_loop_no_sig,16,388,0.40207253886010363,519.7332726445153,65.26672735548475,519.7332726445153,65.26672735548475,0
per_huruf_hybrid_skeleton_forced_loop_no_sig,16,389,0.40310880829015544,519.8170232134728,65.18297678652708,519.8170232134728,65.18297678652708,0
per_huruf_hybrid_skeleton_forced_loop_no_sig,16,390,0.40414507772020725,519.8912152935821,65.10878470641785,519.8912152935821,65.10878470641785,0
per_huruf_hybrid_skeleton_forced_loop_no_sig,16,391,0.40518134715025905,519.953117888029,65.04688211197087,519.953117888029,65.04688211197087,0
per_huruf_hybrid_skeleton_forced_loop_no_sig,16,392,0.40621761658031086,520.0,65.0,520.0,65.0,0
per_huruf_hybrid_skeleton_forced_loop_no_sig,16,393,0.40725388601036266,528.0,73.0,528.0,73.0,0
per_huruf_hybrid_skeleton_forced_loop_no_sig,16,394,0.40829015544041447,527.9972690031861,73.04415111515704,527.9972690031861,73.04415111515704,0
per_huruf_hybrid_skeleton_forced_loop_no_sig,16,395,0.4093264248704663,527.9899863450161,73.09877105143379,527.9899863450161,73.09877105143379,0
per_huruf_hybrid_skeleton_forced_loop_no_sig,16,396,0.41036269430051814,527.9795175238962,73.1624943104233,527.9795175238962,73.1624943104233,0
per_huruf_hybrid_skeleton_forced_loop_no_sig,16,397,0.41139896373056994,527.9672280382339,73.2339553937187,527.9672280382339,73.2339553937187,0
per_huruf_hybrid_skeleton_forced_loop_no_sig,16,398,0.41243523316062175,527.9544833864361,73.31178880291307,527.9544833864361,73.31178880291307,0
per_huruf_hybrid_skeleton_forced_loop_no_sig,16,399,0.41347150259067356,527.9426490669094,73.39462903959945,527.9426490669094,73.39462903959945,0
per_huruf_hybrid_skeleton_forced_loop_no_sig,16,400,0.41450777202072536,527.933090578061,73.48111060537097,527.933090578061,73.48111060537097,0
per_huruf_hybrid_skeleton_forced_loop_no_sig,16,401,0.41554404145077717,527.9271734182977,73.56986800182067,527.9271734182977,73.56986800182067,0
per_huruf_hybrid_skeleton_forced_loop_no_sig,16,402,0.416580310880829,527.9262630860264,73.65953573054165,527.9262630860264,73.65953573054165,0
per_huruf_hybrid_skeleton_forced_loop_no_sig,16,403,0.41761658031088084,527.931725079654,73.748748293127,527.931725079654,73.748748293127,0
per_huruf_hybrid_skeleton_forced_loop_no_sig,16,404,0.41865284974093264,527.9449248975876,73.83614019116978,527.9449248975876,73.83614019116978,0
per_huruf_hybrid_skeleton_forced_loop_no_sig,16,405,0.41968911917098445,527.967228038234,73.92034592626308,527.967228038234,73.92034592626308,0
per_huruf_hybrid_skeleton_forced_loop_no_sig,16,406,0.42072538860103625,528.0,74.0,528.0,74.0,0
per_huruf_hybrid_skeleton_forced_loop_no_sig,16,407,0.42176165803108806,528.046882111971,74.07692307692308,528.046882111971,74.07692307692308,0
per_huruf_hybrid_skeleton_forced_loop_no_sig,16,408,0.42279792746113987,528.1087847064179,74.15384615384615,528.1087847064179,74.15384615384615,0
per_huruf_hybrid_skeleton_forced_loop_no_sig,16,409,0.4238341968911917,528.182976786527,74.23076923076923,528.182976786527,74.23076923076923,0
per_huruf_hybrid_skeleton_forced_loop_no_sig,16,410,0.4248704663212435,528.2667273554846,74.30769230769229,528.2667273554846,74.30769230769229,0
per_huruf_hybrid_skeleton_forced_loop_no_sig,16,411,0.42590673575129534,528.3573054164771,74.3846153846154,528.3573054164771,74.3846153846154,0
per_huruf_hybrid_skeleton_forced_loop_no_sig,16,412,0.42694300518134715,528.4519799726901,74.46153846153847,528.4519799726901,74.46153846153847,0
per_huruf_hybrid_skeleton_forced_loop_no_sig,16,413,0.42797927461139895,528.5480200273099,74.53846153846153,528.5480200273099,74.53846153846153,0
per_huruf_hybrid_skeleton_forced_loop_no_sig,16,414,0.42901554404145076,528.642694583523,74.61538461538461,528.642694583523,74.61538461538461,0
per_huruf_hybrid_skeleton_forced_loop_no_sig,16,415,0.43005181347150256,528.7332726445152,74.6923076923077,528.7332726445152,74.6923076923077,0
per_huruf_hybrid_skeleton_forced_loop_no_sig,16,416,0.43108808290155437,528.8170232134729,74.76923076923077,528.8170232134729,74.76923076923077,0
per_huruf_hybrid_skeleton_forced_loop_no_sig,16,417,0.4321243523316062,528.8912152935821,74.84615384615384,528.8912152935821,74.84615384615384,0
per_huruf_hybrid_skeleton_forced_loop_no_sig,16,418,0.43316062176165804,528.9531178880292,74.92307692307692,528.9531178880292,74.92307692307692,0
per_huruf_hybrid_skeleton_forced_loop_no_sig,16,419,0.43419689119170984,529.0,75.0,529.0,75.0,0
per_huruf_hybrid_skeleton_forced_loop_no_sig,16,420,0.43523316062176165,529.0327719617662,75.07692307692308,529.0327719617662,75.07692307692308,0
per_huruf_hybrid_skeleton_forced_loop_no_sig,16,421,0.43626943005181346,529.0550751024124,75.15384615384616,529.0550751024124,75.15384615384616,0
per_huruf_hybrid_skeleton_forced_loop_no_sig,16,422,0.43730569948186526,529.0682749203459,75.23076923076923,529.0682749203459,75.23076923076923,0
per_huruf_hybrid_skeleton_forced_loop_no_sig,16,423,0.43834196891191707,529.0737369139736,75.3076923076923,529.0737369139736,75.3076923076923,0
per_huruf_hybrid_skeleton_forced_loop_no_sig,16,424,0.4393782383419689,529.0728265817024,75.3846153846154,529.0728265817024,75.3846153846154,0
per_huruf_hybrid_skeleton_forced_loop_no_sig,16,425,0.4404145077720207,529.066909421939,75.46153846153847,529.066909421939,75.46153846153847,0
per_huruf_hybrid_skeleton_forced_loop_no_sig,16,426,0.44145077720207254,529.0573509330906,75.53846153846153,529.0573509330906,75.53846153846153,0
per_huruf_hybrid_skeleton_forced_loop_no_sig,16,427,0.44248704663212435,529.0455166135639,75.61538461538461,529.0455166135639,75.61538461538461,0
per_huruf_hybrid_skeleton_forced_loop_no_sig,16,428,0.44352331606217615,529.032771961766,75.6923076923077,529.032771961766,75.6923076923077,0
per_huruf_hybrid_skeleton_forced_loop_no_sig,16,429,0.44455958549222796,529.0204824761038,75.76923076923077,529.0204824761038,75.76923076923077,0
per_huruf_hybrid_skeleton_forced_loop_no_sig,16,430,0.44559585492227977,529.010013654984,75.84615384615384,529.010013654984,75.84615384615384,0
per_huruf_hybrid_skeleton_forced_loop_no_sig,16,431,0.44663212435233157,529.0027309968139,75.92307692307692,529.0027309968139,75.92307692307692,0
per_huruf_hybrid_skeleton_forced_loop_no_sig,16,432,0.4476683937823834,529.0,76.0,529.0,76.0,0
per_huruf_hybrid_skeleton_forced_loop_no_sig,16,433,0.44870466321243524,529.0000000000002,76.0769230769231,529.0000000000002,76.0769230769231,0
per_huruf_hybrid_skeleton_forced_loop_no_sig,16,434,0.44974093264248705,529.0,76.15384615384616,529.0,76.15384615384616,0
per_huruf_hybrid_skeleton_forced_loop_no_sig,16,435,0.45077720207253885,528.9999999999999,76.23076923076921,528.9999999999999,76.23076923076921,0
per_huruf_hybrid_skeleton_forced_loop_no_sig,16,436,0.45181347150259066,528.9999999999999,76.30769230769229,528.9999999999999,76.30769230769229,0
per_huruf_hybrid_skeleton_forced_loop_no_sig,16,437,0.45284974093264246,529.0,76.3846153846154,529.0,76.3846153846154,0
per_huruf_hybrid_skeleton_forced_loop_no_sig,16,438,0.45388601036269427,529.0,76.46153846153847,529.0,76.46153846153847,0
per_huruf_hybrid_skeleton_forced_loop_no_sig,16,439,0.4549222797927461,529.0,76.53846153846155,529.0,76.53846153846155,0
per_huruf_hybrid_skeleton_forced_loop_no_sig,16,440,0.4559585492227979,529.0,76.61538461538461,529.0,76.61538461538461,0
per_huruf_hybrid_skeleton_forced_loop_no_sig,16,441,0.45699481865284974,529.0,76.6923076923077,529.0,76.6923076923077,0
per_huruf_hybrid_skeleton_forced_loop_no_sig,16,442,0.45803108808290155,529.0,76.76923076923077,529.0,76.76923076923077,0
per_huruf_hybrid_skeleton_forced_loop_no_sig,16,443,0.45906735751295336,529.0,76.84615384615384,529.0,76.84615384615384,0
per_huruf_hybrid_skeleton_forced_loop_no_sig,16,444,0.46010362694300516,529.0,76.92307692307692,529.0,76.92307692307692,0
per_huruf_hybrid_skeleton_forced_loop_no_sig,16,445,0.46113989637305697,529.0,77.0,529.0,77.0,0
per_huruf_hybrid_skeleton_forced_loop_no_sig,16,446,0.4621761658031088,529.0000000000002,77.07692307692308,529.0000000000002,77.07692307692308,0
per_huruf_hybrid_skeleton_forced_loop_no_sig,16,447,0.4632124352331606,529.0,77.15384615384616,529.0,77.15384615384616,0
per_huruf_hybrid_skeleton_forced_loop_no_sig,16,448,0.46424870466321244,528.9999999999999,77.23076923076923,528.9999999999999,77.23076923076923,0
per_huruf_hybrid_skeleton_forced_loop_no_sig,16,449,0.46528497409326425,528.9999999999999,77.30769230769229,528.9999999999999,77.30769230769229,0
per_huruf_hybrid_skeleton_forced_loop_no_sig,16,450,0.46632124352331605,529.0,77.3846153846154,529.0,77.3846153846154,0
per_huruf_hybrid_skeleton_forced_loop_no_sig,16,451,0.46735751295336786,529.0,77.46153846153847,529.0,77.46153846153847,0
per_huruf_hybrid_skeleton_forced_loop_no_sig,16,452,0.46839378238341967,529.0,77.53846153846155,529.0,77.53846153846155,0
per_huruf_hybrid_skeleton_forced_loop_no_sig,16,453,0.46943005181347147,529.0,77.61538461538461,529.0,77.61538461538461,0
per_huruf_hybrid_skeleton_forced_loop_no_sig,16,454,0.4704663212435233,529.0,77.6923076923077,529.0,77.6923076923077,0
per_huruf_hybrid_skeleton_forced_loop_no_sig,16,455,0.4715025906735751,529.0,77.76923076923077,529.0,77.76923076923077,0
per_huruf_hybrid_skeleton_forced_loop_no_sig,16,456,0.47253886010362695,529.0,77.84615384615385,529.0,77.84615384615385,0
per_huruf_hybrid_skeleton_forced_loop_no_sig,16,457,0.47357512953367875,529.0,77.92307692307692,529.0,77.92307692307692,0
per_huruf_hybrid_skeleton_forced_loop_no_sig,16,458,0.47461139896373056,529.0,78.0,529.0,78.0,0
per_huruf_hybrid_skeleton_forced_loop_no_sig,16,459,0.47564766839378236,529.002730996814,78.07965407373693,529.002730996814,78.07965407373693,0
per_huruf_hybrid_skeleton_forced_loop_no_sig,16,460,0.47668393782383417,529.0100136549842,78.16385980883022,529.0100136549842,78.16385980883022,0
per_huruf_hybrid_skeleton_forced_loop_no_sig,16,461,0.477720207253886,529.0204824761037,78.25125170687298,529.0204824761037,78.25125170687298,0
per_huruf_hybrid_skeleton_forced_loop_no_sig,16,462,0.4787564766839378,529.0327719617659,78.34046426945835,529.0327719617659,78.34046426945835,0
per_huruf_hybrid_skeleton_forced_loop_no_sig,16,463,0.4797927461139896,529.0455166135639,78.43013199817933,529.0455166135639,78.43013199817933,0
per_huruf_hybrid_skeleton_forced_loop_no_sig,16,464,0.48082901554404145,529.0573509330906,78.51888939462904,529.0573509330906,78.51888939462904,0
per_huruf_hybrid_skeleton_forced_loop_no_sig,16,465,0.48186528497409326,529.066909421939,78.60537096040053,529.066909421939,78.60537096040053,0
per_huruf_hybrid_skeleton_forced_loop_no_sig,16,466,0.48290155440414506,529.0728265817024,78.68821119708693,529.0728265817024,78.68821119708693,0
per_huruf_hybrid_skeleton_forced_loop_no_sig,16,467,0.48393782383419687,529.0737369139736,78.76604460628128,529.0737369139736,78.76604460628128,0
per_huruf_hybrid_skeleton_forced_loop_no_sig,16,468,0.4849740932642487,529.0682749203459,78.83750568957669,529.0682749203459,78.83750568957669,0
per_huruf_hybrid_skeleton_forced_loop_no_sig,16,469,0.4860103626943005,529.0550751024124,78.90122894856623,529.0550751024124,78.90122894856623,0
per_huruf_hybrid_skeleton_forced_loop_no_sig,16,470,0.4870466321243523,529.032771961766,78.95584888484296,529.032771961766,78.95584888484296,0
per_huruf_hybrid_skeleton_forced_loop_no_sig,16,471,0.48808290155440415,529.0,79.0,529.0,79.0,0
per_huruf_hybrid_skeleton_forced_loop_no_sig,16,472,0.48911917098445595,528.9531178880292,79.03004096495222,528.9531178880292,79.03004096495222,0
per_huruf_hybrid_skeleton_forced_loop_no_sig,16,473,0.49015544041450776,528.8912152935823,79.04506144742832,528.8912152935823,79.04506144742832,0
per_huruf_hybrid_skeleton_forced_loop_no_sig,16,474,0.49119170984455957,528.8170232134729,79.04779244424213,528.8170232134729,79.04779244424213,0
per_huruf_hybrid_skeleton_forced_loop_no_sig,16,475,0.49222797927461137,528.7332726445152,79.04096495220755,528.7332726445152,79.04096495220755,0
per_huruf_hybrid_skeleton_forced_loop_no_sig,16,476,0.4932642487046632,528.642694583523,79.0273099681384,528.642694583523,79.0273099681384,0
per_huruf_hybrid_skeleton_forced_loop_no_sig,16,477,0.494300518134715,528.54802002731,79.00955848884843,528.54802002731,79.00955848884843,0
per_huruf_hybrid_skeleton_forced_loop_no_sig,16,478,0.4953367875647668,528.4519799726901,78.99044151115156,528.4519799726901,78.99044151115156,0
per_huruf_hybrid_skeleton_forced_loop_no_sig,16,479,0.49637305699481865,528.3573054164771,78.97269003186163,528.3573054164771,78.97269003186163,0
per_huruf_hybrid_skeleton_forced_loop_no_sig,16,480,0.49740932642487046,528.2667273554847,78.95903504779244,528.2667273554847,78.95903504779244,0
per_huruf_hybrid_skeleton_forced_loop_no_sig,16,481,0.49844559585492226,528.182976786527,78.95220755575784,528.182976786527,78.95220755575784,0
per_huruf_hybrid_skeleton_forced_loop_no_sig,16,482,0.49948186528497407,528.1087847064179,78.95493855257169,528.1087847064179,78.95493855257169,0
per_huruf_hybrid_skeleton_forced_loop_no_sig,16,483,0.5005181347150259,528.0468821119708,78.9699590350478,528.0468821119708,78.9699590350478,0
per_huruf_hybrid_skeleton_forced_loop_no_sig,16,484,0.5015544041450777,528.0,79.0,528.0,79.0,0
per_huruf_hybrid_skeleton_forced_loop_no_sig,16,485,0.5025906735751295,527.967228038234,79.04415111515704,527.967228038234,79.04415111515704,0
per_huruf_hybrid_skeleton_forced_loop_no_sig,16,486,0.5036269430051813,527.9449248975877,79.0987710514338,527.9449248975877,79.0987710514338,0
per_huruf_hybrid_skeleton_forced_loop_no_sig,16,487,0.5046632124352332,527.931725079654,79.1624943104233,527.931725079654,79.1624943104233,0
per_huruf_hybrid_skeleton_forced_loop_no_sig,16,488,0.5056994818652849,527.9262630860264,79.2339553937187,527.9262630860264,79.2339553937187,0
per_huruf_hybrid_skeleton_forced_loop_no_sig,16,489,0.5067357512953368,527.9271734182978,79.31178880291309,527.9271734182978,79.31178880291309,0
per_huruf_hybrid_skeleton_forced_loop_no_sig,16,490,0.5077720207253886,527.9330905780611,79.39462903959947,527.9330905780611,79.39462903959947,0
per_huruf_hybrid_skeleton_forced_loop_no_sig,16,491,0.5088082901554404,527.9426490669094,79.48111060537096,527.9426490669094,79.48111060537096,0
per_huruf_hybrid_skeleton_forced_loop_no_sig,16,492,0.5098445595854922,527.9544833864361,79.56986800182068,527.9544833864361,79.56986800182068,0
per_huruf_hybrid_skeleton_forced_loop_no_sig,16,493,0.510880829015544,527.9672280382339,79.65953573054165,527.9672280382339,79.65953573054165,0
per_huruf_hybrid_skeleton_forced_loop_no_sig,16,494,0.5119170984455959,527.9795175238962,79.748748293127,527.9795175238962,79.748748293127,0
per_huruf_hybrid_skeleton_forced_loop_no_sig,16,495,0.5129533678756476,527.989986345016,79.83614019116978,527.989986345016,79.83614019116978,0
per_huruf_hybrid_skeleton_forced_loop_no_sig,16,496,0.5139896373056995,527.9972690031861,79.92034592626308,527.9972690031861,79.92034592626308,0
per_huruf_hybrid_skeleton_forced_loop_no_sig,16,497,0.5150259067357513,528.0,80.0,528.0,80.0,0
per_huruf_hybrid_skeleton_forced_loop_no_sig,16,498,0.5160621761658031,528.0027309968139,80.07965407373692,528.0027309968139,80.07965407373692,0
per_huruf_hybrid_skeleton_forced_loop_no_sig,16,499,0.5170984455958549,528.0100136549842,80.16385980883022,528.0100136549842,80.16385980883022,0
per_huruf_hybrid_skeleton_forced_loop_no_sig,16,500,0.5181347150259067,528.0204824761038,80.25125170687299,528.0204824761038,80.25125170687299,0
per_huruf_hybrid_skeleton_forced_loop_no_sig,16,501,0.5191709844559586,528.032771961766,80.34046426945834,528.032771961766,80.34046426945834,0
per_huruf_hybrid_skeleton_forced_loop_no_sig,16,502,0.5202072538860103,528.045516613564,80.43013199817933,528.045516613564,80.43013199817933,0
per_huruf_hybrid_skeleton_forced_loop_no_sig,16,503,0.5212435233160622,528.0573509330906,80.51888939462904,528.0573509330906,80.51888939462904,0
per_huruf_hybrid_skeleton_forced_loop_no_sig,16,504,0.5222797927461139,528.0669094219389,80.60537096040053,528.0669094219389,80.60537096040053,0
per_huruf_hybrid_skeleton_forced_loop_no_sig,16,505,0.5233160621761658,528.0728265817023,80.68821119708694,528.0728265817023,80.68821119708694,0
per_huruf_hybrid_skeleton_forced_loop_no_sig,16,506,0.5243523316062176,528.0737369139736,80.76604460628128,528.0737369139736,80.76604460628128,0
per_huruf_hybrid_skeleton_forced_loop_no_sig,16,507,0.5253886010362694,528.0682749203459,80.83750568957669,528.0682749203459,80.83750568957669,0
per_huruf_hybrid_skeleton_forced_loop_no_sig,16,508,0.5264248704663212,528.0550751024124,80.90122894856623,528.0550751024124,80.90122894856623,0
per_huruf_hybrid_skeleton_forced_loop_no_sig,16,509,0.527461139896373,528.032771961766,80.95584888484296,528.032771961766,80.95584888484296,0
per_huruf_hybrid_skeleton_forced_loop_no_sig,16,510,0.5284974093264249,528.0,81.0,528.0,81.0,0
per_huruf_hybrid_skeleton_forced_loop_no_sig,16,511,0.5295336787564766,527.9531178880292,81.03004096495222,527.9531178880292,81.03004096495222,0
per_huruf_hybrid_skeleton_forced_loop_no_sig,16,512,0.5305699481865285,527.8912152935821,81.04506144742831,527.8912152935821,81.04506144742831,0
per_huruf_hybrid_skeleton_forced_loop_no_sig,16,513,0.5316062176165803,527.8170232134728,81.04779244424213,527.8170232134728,81.04779244424213,0
per_huruf_hybrid_skeleton_forced_loop_no_sig,16,514,0.5326424870466321,527.7332726445153,81.04096495220753,527.7332726445153,81.04096495220753,0
per_huruf_hybrid_skeleton_forced_loop_no_sig,16,515,0.533678756476684,527.642694583523,81.02730996813837,527.642694583523,81.02730996813837,0
per_huruf_hybrid_skeleton_forced_loop_no_sig,16,516,0.5347150259067357,527.54802002731,81.00955848884843,527.54802002731,81.00955848884843,0
per_huruf_hybrid_skeleton_forced_loop_no_sig,16,517,0.5357512953367876,527.45197997269,80.99044151115157,527.45197997269,80.99044151115157,0
per_huruf_hybrid_skeleton_forced_loop_no_sig,16,518,0.5367875647668393,527.3573054164771,80.97269003186163,527.3573054164771,80.97269003186163,0
per_huruf_hybrid_skeleton_forced_loop_no_sig,16,519,0.5378238341968912,527.2667273554847,80.95903504779244,527.2667273554847,80.95903504779244,0
per_huruf_hybrid_skeleton_forced_loop_no_sig,16,520,0.538860103626943,527.182976786527,80.95220755575784,527.182976786527,80.95220755575784,0
per_huruf_hybrid_skeleton_forced_loop_no_sig,16,521,0.5398963730569948,527.1087847064177,80.95493855257169,527.1087847064177,80.95493855257169,0
per_huruf_hybrid_skeleton_forced_loop_no_sig,16,522,0.5409326424870466,527.0468821119708,80.9699590350478,527.0468821119708,80.9699590350478,0
per_huruf_hybrid_skeleton_forced_loop_no_sig,16,523,0.5419689119170984,527.0,81.0,527.0,81.0,0
per_huruf_hybrid_skeleton_forced_loop_no_sig,16,524,0.5430051813471503,526.9699590350479,81.04415111515705,526.9699590350479,81.04415111515705,0
per_huruf_hybrid_skeleton_forced_loop_no_sig,16,525,0.544041450777202,526.9549385525717,81.09877105143377,526.9549385525717,81.09877105143377,0
per_huruf_hybrid_skeleton_forced_loop_no_sig,16,526,0.5450777202072539,526.9522075557577,81.1624943104233,526.9522075557577,81.1624943104233,0
per_huruf_hybrid_skeleton_forced_loop_no_sig,16,527,0.5461139896373056,526.9590350477923,81.2339553937187,526.9590350477923,81.2339553937187,0
per_huruf_hybrid_skeleton_forced_loop_no_sig,16,528,0.5471502590673575,526.9726900318617,81.31178880291307,526.9726900318617,81.31178880291307,0
per_huruf_hybrid_skeleton_forced_loop_no_sig,16,529,0.5481865284974093,526.9904415111516,81.39462903959947,526.9904415111516,81.39462903959947,0
per_huruf_hybrid_skeleton_forced_loop_no_sig,16,530,0.5492227979274611,527.0095584888484,81.48111060537096,527.0095584888484,81.48111060537096,0
per_huruf_hybrid_skeleton_forced_loop_no_sig,16,531,0.550259067357513,527.0273099681384,81.56986800182067,527.0273099681384,81.56986800182067,0
per_huruf_hybrid_skeleton_forced_loop_no_sig,16,532,0.5512953367875647,527.0409649522076,81.65953573054165,527.0409649522076,81.65953573054165,0
per_huruf_hybrid_skeleton_forced_loop_no_sig,16,533,0.5523316062176166,527.0477924442421,81.748748293127,527.0477924442421,81.748748293127,0
per_huruf_hybrid_skeleton_forced_loop_no_sig,16,534,0.5533678756476683,527.0450614474282,81.83614019116979,527.0450614474282,81.83614019116979,0
per_huruf_hybrid_skeleton_forced_loop_no_sig,16,535,0.5544041450777202,527.0300409649521,81.92034592626308,527.0300409649521,81.92034592626308,0
per_huruf_hybrid_skeleton_forced_loop_no_sig,16,536,0.555440414507772,527.0,82.0,527.0,82.0,0
per_huruf_hybrid_skeleton_forced_loop_no_sig,16,537,0.5564766839378238,526.9531178880293,82.0769230769231,526.9531178880293,82.0769230769231,0
per_huruf_hybrid_skeleton_forced_loop_no_sig,16,538,0.5575129533678757,526.8912152935821,82.15384615384615,526.8912152935821,82.15384615384615,0
per_huruf_hybrid_skeleton_forced_loop_no_sig,16,539,0.5585492227979274,526.8170232134728,82.23076923076923,526.8170232134728,82.23076923076923,0
per_huruf_hybrid_skeleton_forced_loop_no_sig,16,540,0.5595854922279793,526.7332726445152,82.30769230769229,526.7332726445152,82.30769230769229,0
per_huruf_hybrid_skeleton_forced_loop_no_sig,16,541,0.560621761658031,526.642694583523,82.3846153846154,526.642694583523,82.3846153846154,0
per_huruf_hybrid_skeleton_forced_loop_no_sig,16,542,0.5616580310880829,526.54802002731,82.46153846153847,526.54802002731,82.46153846153847,0
per_huruf_hybrid_skeleton_forced_loop_no_sig,16,543,0.5626943005181347,526.45197997269,82.53846153846155,526.45197997269,82.53846153846155,0
per_huruf_hybrid_skeleton_forced_loop_no_sig,16,544,0.5637305699481865,526.3573054164771,82.61538461538461,526.3573054164771,82.61538461538461,0
per_huruf_hybrid_skeleton_forced_loop_no_sig,16,545,0.5647668393782384,526.2667273554847,82.6923076923077,526.2667273554847,82.6923076923077,0
per_huruf_hybrid_skeleton_forced_loop_no_sig,16,546,0.5658031088082901,526.182976786527,82.76923076923076,526.182976786527,82.76923076923076,0
per_huruf_hybrid_skeleton_forced_loop_no_sig,16,547,0.566839378238342,526.1087847064179,82.84615384615384,526.1087847064179,82.84615384615384,0
per_huruf_hybrid_skeleton_forced_loop_no_sig,16,548,0.5678756476683937,526.0468821119708,82.92307692307692,526.0468821119708,82.92307692307692,0
per_huruf_hybrid_skeleton_forced_loop_no_sig,16,549,0.5689119170984456,526.0,83.0,526.0,83.0,0
per_huruf_hybrid_skeleton_forced_loop_no_sig,16,550,0.5699481865284974,525.969959035048,83.07965407373693,525.969959035048,83.07965407373693,0
per_huruf_hybrid_skeleton_forced_loop_no_sig,16,551,0.5709844559585492,525.9549385525718,83.16385980883021,525.9549385525718,83.16385980883021,0
per_huruf_hybrid_skeleton_forced_loop_no_sig,16,552,0.572020725388601,525.9522075557578,83.25125170687298,525.9522075557578,83.25125170687298,0
per_huruf_hybrid_skeleton_forced_loop_no_sig,16,553,0.5730569948186528,525.9590350477924,83.34046426945835,525.9590350477924,83.34046426945835,0
per_huruf_hybrid_skeleton_forced_loop_no_sig,16,554,0.5740932642487047,525.9726900318617,83.43013199817933,525.9726900318617,83.43013199817933,0
per_huruf_hybrid_skeleton_forced_loop_no_sig,16,555,0.5751295336787564,525.9904415111516,83.51888939462904,525.9904415111516,83.51888939462904,0
per_huruf_hybrid_skeleton_forced_loop_no_sig,16,556,0.5761658031088083,526.0095584888484,83.60537096040055,526.0095584888484,83.60537096040055,0
per_huruf_hybrid_skeleton_forced_loop_no_sig,16,557,0.57720207253886,526.0273099681384,83.68821119708693,526.0273099681384,83.68821119708693,0
per_huruf_hybrid_skeleton_forced_loop_no_sig,16,558,0.5782383419689119,526.0409649522076,83.76604460628128,526.0409649522076,83.76604460628128,0
per_huruf_hybrid_skeleton_forced_loop_no_sig,16,559,0.5792746113989637,526.0477924442421,83.83750568957669,526.0477924442421,83.83750568957669,0
per_huruf_hybrid_skeleton_forced_loop_no_sig,16,560,0.5803108808290155,526.0450614474283,83.90122894856623,526.0450614474283,83.90122894856623,0
per_huruf_hybrid_skeleton_forced_loop_no_sig,16,561,0.5813471502590674,526.0300409649521,83.95584888484296,526.0300409649521,83.95584888484296,0
per_huruf_hybrid_skeleton_forced_loop_no_sig,16,562,0.5823834196891191,526.0,84.0,526.0,84.0,0
per_huruf_hybrid_skeleton_forced_loop_no_sig,16,563,0.583419689119171,525.9531178880293,84.03004096495222,525.9531178880293,84.03004096495222,0
per_huruf_hybrid_skeleton_forced_loop_no_sig,16,564,0.5844559585492227,525.8912152935823,84.0450614474283,525.8912152935823,84.0450614474283,0
per_huruf_hybrid_skeleton_forced_loop_no_sig,16,565,0.5854922279792746,525.8170232134729,84.04779244424213,525.8170232134729,84.04779244424213,0
per_huruf_hybrid_skeleton_forced_loop_no_sig,16,566,0.5865284974093264,525.7332726445152,84.04096495220755,525.7332726445152,84.04096495220755,0
per_huruf_hybrid_skeleton_forced_loop_no_sig,16,567,0.5875647668393782,525.642694583523,84.02730996813837,525.642694583523,84.02730996813837,0
per_huruf_hybrid_skeleton_forced_loop_no_sig,16,568,0.5886010362694301,525.5480200273099,84.00955848884844,525.5480200273099,84.00955848884844,0
per_huruf_hybrid_skeleton_forced_loop_no_sig,16,569,0.5896373056994818,525.45197997269,83.99044151115157,525.45197997269,83.99044151115157,0
per_huruf_hybrid_skeleton_forced_loop_no_sig,16,570,0.5906735751295337,525.357305416477,83.97269003186163,525.357305416477,83.97269003186163,0
per_huruf_hybrid_skeleton_forced_loop_no_sig,16,571,0.5917098445595854,525.2667273554847,83.95903504779244,525.2667273554847,83.95903504779244,0
per_huruf_hybrid_skeleton_forced_loop_no_sig,16,572,0.5927461139896373,525.182976786527,83.95220755575784,525.182976786527,83.95220755575784,0
per_huruf_hybrid_skeleton_forced_loop_no_sig,16,573,0.5937823834196891,525.1087847064179,83.95493855257169,525.1087847064179,83.95493855257169,0
per_huruf_hybrid_skeleton_forced_loop_no_sig,16,574,0.5948186528497409,525.0468821119708,83.9699590350478,525.0468821119708,83.9699590350478,0
per_huruf_hybrid_skeleton_forced_loop_no_sig,16,575,0.5958549222797928,525.0,84.0,525.0,84.0,0
per_huruf_hybrid_skeleton_forced_loop_no_sig,16,576,0.5968911917098445,524.9699590350479,84.04688211197089,524.9699590350479,84.04688211197089,0
per_huruf_hybrid_skeleton_forced_loop_no_sig,16,577,0.5979274611398964,524.9549385525718,84.10878470641785,524.9549385525718,84.10878470641785,0
per_huruf_hybrid_skeleton_forced_loop_no_sig,16,578,0.5989637305699481,524.9522075557578,84.18297678652708,524.9522075557578,84.18297678652708,0
per_huruf_hybrid_skeleton_forced_loop_no_sig,16,579,0.6,524.9590350477923,84.26672735548475,524.9590350477923,84.26672735548475,0
per_huruf_hybrid_skeleton_forced_loop_no_sig,16,580,0.6010362694300518,524.9726900318617,84.35730541647702,524.9726900318617,84.35730541647702,0
per_huruf_hybrid_skeleton_forced_loop_no_sig,16,581,0.6020725388601036,524.9904415111515,84.45197997269004,524.9904415111515,84.45197997269004,0
per_huruf_hybrid_skeleton_forced_loop_no_sig,16,582,0.6031088082901555,525.0095584888484,84.54802002730996,525.0095584888484,84.54802002730996,0
per_huruf_hybrid_skeleton_forced_loop_no_sig,16,583,0.6041450777202072,525.0273099681383,84.64269458352298,525.0273099681383,84.64269458352298,0
per_huruf_hybrid_skeleton_forced_loop_no_sig,16,584,0.6051813471502591,525.0409649522076,84.73327264451524,525.0409649522076,84.73327264451524,0
per_huruf_hybrid_skeleton_forced_loop_no_sig,16,585,0.6062176165803108,525.0477924442421,84.81702321347291,525.0477924442421,84.81702321347291,0
per_huruf_hybrid_skeleton_forced_loop_no_sig,16,586,0.6072538860103627,525.0450614474282,84.89121529358216,525.0450614474282,84.89121529358216,0
per_huruf_hybrid_skeleton_forced_loop_no_sig,16,587,0.6082901554404144,525.0300409649521,84.95311788802913,525.0300409649521,84.95311788802913,0
per_huruf_hybrid_skeleton_forced_loop_no_sig,16,588,0.6093264248704663,525.0,85.0,525.0,85.0,0
per_huruf_hybrid_skeleton_forced_loop_no_sig,16,589,0.6103626943005181,524.953117888029,85.03004096495224,524.953117888029,85.03004096495224,0
per_huruf_hybrid_skeleton_forced_loop_no_sig,16,590,0.6113989637305699,524.8912152935823,85.04506144742831,524.8912152935823,85.04506144742831,0
per_huruf_hybrid_skeleton_forced_loop_no_sig,16,591,0.6124352331606218,524.8170232134729,85.04779244424215,524.8170232134729,85.04779244424215,0
per_huruf_hybrid_skeleton_forced_loop_no_sig,16,592,0.6134715025906735,524.7332726445152,85.04096495220756,524.7332726445152,85.04096495220756,0
per_huruf_hybrid_skeleton_forced_loop_no_sig,16,593,0.6145077720207254,524.642694583523,85.02730996813837,524.642694583523,85.02730996813837,0
per_huruf_hybrid_skeleton_forced_loop_no_sig,16,594,0.6155440414507771,524.54802002731,85.00955848884844,524.54802002731,85.00955848884844,0
per_huruf_hybrid_skeleton_forced_loop_no_sig,16,595,0.616580310880829,524.4519799726901,84.99044151115157,524.4519799726901,84.99044151115157,0
per_huruf_hybrid_skeleton_forced_loop_no_sig,16,596,0.6176165803108808,524.3573054164771,84.97269003186163,524.3573054164771,84.97269003186163,0
per_huruf_hybrid_skeleton_forced_loop_no_sig,16,597,0.6186528497409326,524.2667273554847,84.95903504779244,524.2667273554847,84.95903504779244,0
per_huruf_hybrid_skeleton_forced_loop_no_sig,16,598,0.6196891191709845,524.182976786527,84.95220755575784,524.182976786527,84.95220755575784,0
per_huruf_hybrid_skeleton_forced_loop_no_sig,16,599,0.6207253886010362,524.1087847064179,84.95493855257169,524.1087847064179,84.95493855257169,0
per_huruf_hybrid_skeleton_forced_loop_no_sig,16,600,0.6217616580310881,524.0468821119708,84.9699590350478,524.0468821119708,84.9699590350478,0
per_huruf_hybrid_skeleton_forced_loop_no_sig,16,601,0.6227979274611398,524.0,85.0,524.0,85.0,0
per_huruf_hybrid_skeleton_forced_loop_no_sig,16,602,0.6238341968911917,523.9699590350477,85.04688211197089,523.9699590350477,85.04688211197089,0
per_huruf_hybrid_skeleton_forced_loop_no_sig,16,603,0.6248704663212435,523.9549385525718,85.10878470641785,523.9549385525718,85.10878470641785,0
per_huruf_hybrid_skeleton_forced_loop_no_sig,16,604,0.6259067357512953,523.9522075557578,85.18297678652708,523.9522075557578,85.18297678652708,0
per_huruf_hybrid_skeleton_forced_loop_no_sig,16,605,0.6269430051813472,523.9590350477924,85.26672735548475,523.9590350477924,85.26672735548475,0
per_huruf_hybrid_skeleton_forced_loop_no_sig,16,606,0.6279792746113989,523.9726900318617,85.35730541647702,523.9726900318617,85.35730541647702,0
per_huruf_hybrid_skeleton_forced_loop_no_sig,16,607,0.6290155440414508,523.9904415111516,85.45197997269003,523.9904415111516,85.45197997269003,0
per_huruf_hybrid_skeleton_forced_loop_no_sig,16,608,0.6300518134715025,524.0095584888485,85.54802002730997,524.0095584888485,85.54802002730997,0
per_huruf_hybrid_skeleton_forced_loop_no_sig,16,609,0.6310880829015544,524.0273099681384,85.64269458352298,524.0273099681384,85.64269458352298,0
per_huruf_hybrid_skeleton_forced_loop_no_sig,16,610,0.6321243523316062,524.0409649522076,85.73327264451524,524.0409649522076,85.73327264451524,0
per_huruf_hybrid_skeleton_forced_loop_no_sig,16,611,0.633160621761658,524.0477924442421,85.81702321347291,524.0477924442421,85.81702321347291,0
per_huruf_hybrid_skeleton_forced_loop_no_sig,16,612,0.6341968911917099,524.0450614474283,85.89121529358216,524.0450614474283,85.89121529358216,0
per_huruf_hybrid_skeleton_forced_loop_no_sig,16,613,0.6352331606217616,524.0300409649521,85.95311788802911,524.0300409649521,85.95311788802911,0
per_huruf_hybrid_skeleton_forced_loop_no_sig,16,614,0.6362694300518135,524.0,86.0,524.0,86.0,0
per_huruf_hybrid_skeleton_forced_loop_no_sig,16,615,0.6373056994818652,523.9531178880292,86.0300409649522,523.9531178880292,86.0300409649522,0
per_huruf_hybrid_skeleton_forced_loop_no_sig,16,616,0.6383419689119171,523.8912152935821,86.04506144742832,523.8912152935821,86.04506144742832,0
per_huruf_hybrid_skeleton_forced_loop_no_sig,16,617,0.6393782383419688,523.8170232134729,86.04779244424215,523.8170232134729,86.04779244424215,0
per_huruf_hybrid_skeleton_forced_loop_no_sig,16,618,0.6404145077720207,523.7332726445152,86.04096495220755,523.7332726445152,86.04096495220755,0
per_huruf_hybrid_skeleton_forced_loop_no_sig,16,619,0.6414507772020726,523.642694583523,86.02730996813838,523.642694583523,86.02730996813838,0
per_huruf_hybrid_skeleton_forced_loop_no_sig,16,620,0.6424870466321243,523.54802002731,86.00955848884843,523.54802002731,86.00955848884843,0
per_huruf_hybrid_skeleton_forced_loop_no_sig,16,621,0.6435233160621762,523.4519799726901,85.99044151115157,523.4519799726901,85.99044151115157,0
per_huruf_hybrid_skeleton_forced_loop_no_sig,16,622,0.6445595854922279,523.3573054164771,85.97269003186163,523.3573054164771,85.97269003186163,0
per_huruf_hybrid_skeleton_forced_loop_no_sig,16,623,0.6455958549222798,523.2667273554847,85.95903504779244,523.2667273554847,85.95903504779244,0
per_huruf_hybrid_skeleton_forced_loop_no_sig,16,624,0.6466321243523315,523.1829767865271,85.95220755575784,523.1829767865271,85.95220755575784,0
per_huruf_hybrid_skeleton_forced_loop_no_sig,16,625,0.6476683937823834,523.1087847064179,85.95493855257169,523.1087847064179,85.95493855257169,0
per_huruf_hybrid_skeleton_forced_loop_no_sig,16,626,0.6487046632124353,523.0468821119708,85.96995903504778,523.0468821119708,85.96995903504778,0
per_huruf_hybrid_skeleton_forced_loop_no_sig,16,627,0.649740932642487,523.0,86.0,523.0,86.0,0
per_huruf_hybrid_skeleton_forced_loop_no_sig,16,628,0.6507772020725389,522.9699590350479,86.04688211197087,522.9699590350479,86.04688211197087,0
per_huruf_hybrid_skeleton_forced_loop_no_sig,16,629,0.6518134715025906,522.9549385525717,86.10878470641785,522.9549385525717,86.10878470641785,0
per_huruf_hybrid_skeleton_forced_loop_no_sig,16,630,0.6528497409326425,522.9522075557578,86.18297678652708,522.9522075557578,86.18297678652708,0
per_huruf_hybrid_skeleton_forced_loop_no_sig,16,631,0.6538860103626942,522.9590350477924,86.26672735548475,522.9590350477924,86.26672735548475,0
per_huruf_hybrid_skeleton_forced_loop_no_sig,16,632,0.6549222797927461,522.9726900318617,86.35730541647702,522.9726900318617,86.35730541647702,0
per_huruf_hybrid_skeleton_forced_loop_no_sig,16,633,0.655958549222798,522.9904415111516,86.45197997269003,522.9904415111516,86.45197997269003,0
per_huruf_hybrid_skeleton_forced_loop_no_sig,16,634,0.6569948186528497,523.0095584888485,86.54802002730997,523.0095584888485,86.54802002730997,0
per_huruf_hybrid_skeleton_forced_loop_no_sig,16,635,0.6580310880829016,523.0273099681384,86.64269458352298,523.0273099681384,86.64269458352298,0
per_huruf_hybrid_skeleton_forced_loop_no_sig,16,636,0.6590673575129533,523.0409649522076,86.73327264451524,523.0409649522076,86.73327264451524,0
per_huruf_hybrid_skeleton_forced_loop_no_sig,16,637,0.6601036269430052,523.0477924442421,86.81702321347291,523.0477924442421,86.81702321347291,0
per_huruf_hybrid_skeleton_forced_loop_no_sig,16,638,0.6611398963730569,523.0450614474282,86.89121529358215,523.0450614474282,86.89121529358215,0
per_huruf_hybrid_skeleton_forced_loop_no_sig,16,639,0.6621761658031088,523.0300409649521,86.95311788802913,523.0300409649521,86.95311788802913,0
per_huruf_hybrid_skeleton_forced_loop_no_sig,16,640,0.6632124352331605,523.0,87.0,523.0,87.0,0
per_huruf_hybrid_skeleton_forced_loop_no_sig,16,641,0.6642487046632124,522.9531178880292,87.03004096495222,522.9531178880292,87.03004096495222,0
per_huruf_hybrid_skeleton_forced_loop_no_sig,16,642,0.6652849740932643,522.8912152935823,87.04506144742832,522.8912152935823,87.04506144742832,0
per_huruf_hybrid_skeleton_forced_loop_no_sig,16,643,0.666321243523316,522.8170232134728,87.04779244424213,522.8170232134728,87.04779244424213,0
per_huruf_hybrid_skeleton_forced_loop_no_sig,16,644,0.6673575129533679,522.7332726445152,87.04096495220755,522.7332726445152,87.04096495220755,0
per_huruf_hybrid_skeleton_forced_loop_no_sig,16,645,0.6683937823834196,522.642694583523,87.02730996813837,522.642694583523,87.02730996813837,0
per_huruf_hybrid_skeleton_forced_loop_no_sig,16,646,0.6694300518134715,522.54802002731,87.00955848884843,522.54802002731,87.00955848884843,0
per_huruf_hybrid_skeleton_forced_loop_no_sig,16,647,0.6704663212435232,522.4519799726901,86.99044151115157,522.4519799726901,86.99044151115157,0
per_huruf_hybrid_skeleton_forced_loop_no_sig,16,648,0.6715025906735751,522.3573054164771,86.97269003186163,522.3573054164771,86.97269003186163,0
per_huruf_hybrid_skeleton_forced_loop_no_sig,16,649,0.672538860103627,522.2667273554847,86.95903504779244,522.2667273554847,86.95903504779244,0
per_huruf_hybrid_skeleton_forced_loop_no_sig,16,650,0.6735751295336787,522.182976786527,86.95220755575784,522.182976786527,86.95220755575784,0
per_huruf_hybrid_skeleton_forced_loop_no_sig,16,651,0.6746113989637306,522.1087847064179,86.95493855257169,522.1087847064179,86.95493855257169,0
per_huruf_hybrid_skeleton_forced_loop_no_sig,16,652,0.6756476683937823,522.0468821119708,86.9699590350478,522.0468821119708,86.9699590350478,0
per_huruf_hybrid_skeleton_forced_loop_no_sig,16,653,0.6766839378238342,522.0,87.0,522.0,87.0,0
per_huruf_hybrid_skeleton_forced_loop_no_sig,16,654,0.6777202072538859,521.9699590350479,87.04688211197087,521.9699590350479,87.04688211197087,0
per_huruf_hybrid_skeleton_forced_loop_no_sig,16,655,0.6787564766839378,521.9549385525718,87.10878470641785,521.9549385525718,87.10878470641785,0
per_huruf_hybrid_skeleton_forced_loop_no_sig,16,656,0.6797927461139897,521.9522075557577,87.18297678652706,521.9522075557577,87.18297678652706,0
per_huruf_hybrid_skeleton_forced_loop_no_sig,16,657,0.6808290155440414,521.9590350477924,87.26672735548475,521.9590350477924,87.26672735548475,0
per_huruf_hybrid_skeleton_forced_loop_no_sig,16,658,0.6818652849740933,521.9726900318617,87.35730541647702,521.9726900318617,87.35730541647702,0
per_huruf_hybrid_skeleton_forced_loop_no_sig,16,659,0.682901554404145,521.9904415111516,87.45197997269003,521.9904415111516,87.45197997269003,0
per_huruf_hybrid_skeleton_forced_loop_no_sig,16,660,0.6839378238341969,522.0095584888485,87.54802002730997,522.0095584888485,87.54802002730997,0
per_huruf_hybrid_skeleton_forced_loop_no_sig,16,661,0.6849740932642486,522.0273099681384,87.64269458352298,522.0273099681384,87.64269458352298,0
per_huruf_hybrid_skeleton_forced_loop_no_sig,16,662,0.6860103626943005,522.0409649522076,87.73327264451524,522.0409649522076,87.73327264451524,0
per_huruf_hybrid_skeleton_forced_loop_no_sig,16,663,0.6870466321243524,522.0477924442421,87.81702321347291,522.0477924442421,87.81702321347291,0
per_huruf_hybrid_skeleton_forced_loop_no_sig,16,664,0.6880829015544041,522.0450614474283,87.89121529358215,522.0450614474283,87.89121529358215,0
per_huruf_hybrid_skeleton_forced_loop_no_sig,16,665,0.689119170984456,522.0300409649521,87.95311788802911,522.0300409649521,87.95311788802911,0
per_huruf_hybrid_skeleton_forced_loop_no_sig,16,666,0.6901554404145077,522.0,88.0,522.0,88.0,0
per_huruf_hybrid_skeleton_forced_loop_no_sig,16,667,0.6911917098445596,521.9531178880293,88.0300409649522,521.9531178880293,88.0300409649522,0
per_huruf_hybrid_skeleton_forced_loop_no_sig,16,668,0.6922279792746113,521.8912152935821,88.04506144742832,521.8912152935821,88.04506144742832,0
per_huruf_hybrid_skeleton_forced_loop_no_sig,16,669,0.6932642487046632,521.8170232134728,88.04779244424213,521.8170232134728,88.04779244424213,0
per_huruf_hybrid_skeleton_forced_loop_no_sig,16,670,0.6943005181347149,521.7332726445152,88.04096495220755,521.7332726445152,88.04096495220755,0
per_huruf_hybrid_skeleton_forced_loop_no_sig,16,671,0.6953367875647668,521.642694583523,88.02730996813837,521.642694583523,88.02730996813837,0
per_huruf_hybrid_skeleton_forced_loop_no_sig,16,672,0.6963730569948187,521.54802002731,88.00955848884843,521.54802002731,88.00955848884843,0
per_huruf_hybrid_skeleton_forced_loop_no_sig,16,673,0.6974093264248704,521.45197997269,87.99044151115157,521.45197997269,87.99044151115157,0
per_huruf_hybrid_skeleton_forced_loop_no_sig,16,674,0.6984455958549223,521.357305416477,87.97269003186162,521.357305416477,87.97269003186162,0
per_huruf_hybrid_skeleton_forced_loop_no_sig,16,675,0.699481865284974,521.2667273554847,87.95903504779244,521.2667273554847,87.95903504779244,0
per_huruf_hybrid_skeleton_forced_loop_no_sig,16,676,0.7005181347150259,521.182976786527,87.95220755575784,521.182976786527,87.95220755575784,0
per_huruf_hybrid_skeleton_forced_loop_no_sig,16,677,0.7015544041450776,521.1087847064177,87.95493855257169,521.1087847064177,87.95493855257169,0
per_huruf_hybrid_skeleton_forced_loop_no_sig,16,678,0.7025906735751295,521.0468821119708,87.96995903504778,521.0468821119708,87.96995903504778,0
per_huruf_hybrid_skeleton_forced_loop_no_sig,16,679,0.7036269430051814,521.0,88.0,521.0,88.0,0
per_huruf_hybrid_skeleton_forced_loop_no_sig,16,680,0.7046632124352331,520.969959035048,88.04688211197089,520.969959035048,88.04688211197089,0
per_huruf_hybrid_skeleton_forced_loop_no_sig,16,681,0.705699481865285,520.9549385525717,88.10878470641786,520.9549385525717,88.10878470641786,0
per_huruf_hybrid_skeleton_forced_loop_no_sig,16,682,0.7067357512953367,520.9522075557578,88.18297678652706,520.9522075557578,88.18297678652706,0
per_huruf_hybrid_skeleton_forced_loop_no_sig,16,683,0.7077720207253886,520.9590350477924,88.26672735548475,520.9590350477924,88.26672735548475,0
per_huruf_hybrid_skeleton_forced_loop_no_sig,16,684,0.7088082901554403,520.9726900318617,88.35730541647702,520.9726900318617,88.35730541647702,0
per_huruf_hybrid_skeleton_forced_loop_no_sig,16,685,0.7098445595854922,520.9904415111516,88.45197997269004,520.9904415111516,88.45197997269004,0
per_huruf_hybrid_skeleton_forced_loop_no_sig,16,686,0.7108808290155441,521.0095584888485,88.54802002730997,521.0095584888485,88.54802002730997,0
per_huruf_hybrid_skeleton_forced_loop_no_sig,16,687,0.7119170984455958,521.0273099681383,88.642694583523,521.0273099681383,88.642694583523,0
per_huruf_hybrid_skeleton_forced_loop_no_sig,16,688,0.7129533678756477,521.0409649522076,88.73327264451524,521.0409649522076,88.73327264451524,0
per_huruf_hybrid_skeleton_forced_loop_no_sig,16,689,0.7139896373056994,521.0477924442421,88.81702321347291,521.0477924442421,88.81702321347291,0
per_huruf_hybrid_skeleton_forced_loop_no_sig,16,690,0.7150259067357513,521.0450614474282,88.89121529358215,521.0450614474282,88.89121529358215,0
per_huruf_hybrid_skeleton_forced_loop_no_sig,16,691,0.716062176165803,521.0300409649521,88.95311788802913,521.0300409649521,88.95311788802913,0
per_huruf_hybrid_skeleton_forced_loop_no_sig,16,692,0.7170984455958549,521.0,89.0,521.0,89.0,0
per_huruf_hybrid_skeleton_forced_loop_no_sig,16,693,0.7181347150259068,520.9531178880293,89.03004096495224,520.9531178880293,89.03004096495224,0
per_huruf_hybrid_skeleton_forced_loop_no_sig,16,694,0.7191709844559585,520.8912152935821,89.04506144742832,520.8912152935821,89.04506144742832,0
per_huruf_hybrid_skeleton_forced_loop_no_sig,16,695,0.7202072538860104,520.8170232134729,89.04779244424212,520.8170232134729,89.04779244424212,0
per_huruf_hybrid_skeleton_forced_loop_no_sig,16,696,0.7212435233160621,520.7332726445152,89.04096495220757,520.7332726445152,89.04096495220757,0
per_huruf_hybrid_skeleton_forced_loop_no_sig,16,697,0.722279792746114,520.642694583523,89.02730996813837,520.642694583523,89.02730996813837,0
per_huruf_hybrid_skeleton_forced_loop_no_sig,16,698,0.7233160621761657,520.54802002731,89.00955848884843,520.54802002731,89.00955848884843,0
per_huruf_hybrid_skeleton_forced_loop_no_sig,16,699,0.7243523316062176,520.4519799726901,88.99044151115157,520.4519799726901,88.99044151115157,0
per_huruf_hybrid_skeleton_forced_loop_no_sig,16,700,0.7253886010362693,520.3573054164771,88.97269003186162,520.3573054164771,88.97269003186162,0
per_huruf_hybrid_skeleton_forced_loop_no_sig,16,701,0.7264248704663212,520.2667273554847,88.95903504779244,520.2667273554847,88.95903504779244,0
per_huruf_hybrid_skeleton_forced_loop_no_sig,16,702,0.7274611398963731,520.182976786527,88.95220755575784,520.182976786527,88.95220755575784,0
per_huruf_hybrid_skeleton_forced_loop_no_sig,16,703,0.7284974093264248,520.1087847064179,88.95493855257169,520.1087847064179,88.95493855257169,0
per_huruf_hybrid_skeleton_forced_loop_no_sig,16,704,0.7295336787564767,520.0468821119708,88.9699590350478,520.0468821119708,88.9699590350478,0
per_huruf_hybrid_skeleton_forced_loop_no_sig,16,705,0.7305699481865284,520.0,89.0,520.0,89.0,0
per_huruf_hybrid_skeleton_forced_loop_no_sig,16,706,0.7316062176165803,519.9699590350479,89.04688211197089,519.9699590350479,89.04688211197089,0
per_huruf_hybrid_skeleton_forced_loop_no_sig,16,707,0.732642487046632,519.9549385525717,89.10878470641785,519.9549385525717,89.10878470641785,0
per_huruf_hybrid_skeleton_forced_loop_no_sig,16,708,0.7336787564766839,519.9522075557578,89.18297678652706,519.9522075557578,89.18297678652706,0
per_huruf_hybrid_skeleton_forced_loop_no_sig,16,709,0.7347150259067358,519.9590350477924,89.26672735548475,519.9590350477924,89.26672735548475,0
per_huruf_hybrid_skeleton_forced_loop_no_sig,16,710,0.7357512953367875,519.9726900318617,89.35730541647702,519.9726900318617,89.35730541647702,0
per_huruf_hybrid_skeleton_forced_loop_no_sig,16,711,0.7367875647668394,519.9904415111516,89.45197997269003,519.9904415111516,89.45197997269003,0
per_huruf_hybrid_skeleton_forced_loop_no_sig,16,712,0.7378238341968911,520.0095584888484,89.54802002730997,520.0095584888484,89.54802002730997,0
per_huruf_hybrid_skeleton_forced_loop_no_sig,16,713,0.738860103626943,520.0273099681384,89.642694583523,520.0273099681384,89.642694583523,0
per_huruf_hybrid_skeleton_forced_loop_no_sig,16,714,0.7398963730569947,520.0409649522076,89.73327264451524,520.0409649522076,89.73327264451524,0
per_huruf_hybrid_skeleton_forced_loop_no_sig,16,715,0.7409326424870466,520.0477924442421,89.81702321347291,520.0477924442421,89.81702321347291,0
per_huruf_hybrid_skeleton_forced_loop_no_sig,16,716,0.7419689119170985,520.0450614474283,89.89121529358215,520.0450614474283,89.89121529358215,0
per_huruf_hybrid_skeleton_forced_loop_no_sig,16,717,0.7430051813471502,520.0300409649521,89.95311788802913,520.0300409649521,89.95311788802913,0
per_huruf_hybrid_skeleton_forced_loop_no_sig,16,718,0.7440414507772021,520.0,90.0,520.0,90.0,0
per_huruf_hybrid_skeleton_forced_loop_no_sig,16,719,0.7450777202072538,519.9531178880292,90.03004096495222,519.9531178880292,90.03004096495222,0
per_huruf_hybrid_skeleton_forced_loop_no_sig,16,720,0.7461139896373057,519.8912152935821,90.04506144742832,519.8912152935821,90.04506144742832,0
per_huruf_hybrid_skeleton_forced_loop_no_sig,16,721,0.7471502590673574,519.8170232134728,90.04779244424213,519.8170232134728,90.04779244424213,0
per_huruf_hybrid_skeleton_forced_loop_no_sig,16,722,0.7481865284974093,519.7332726445152,90.04096495220755,519.7332726445152,90.04096495220755,0
per_huruf_hybrid_skeleton_forced_loop_no_sig,16,723,0.7492227979274612,519.642694583523,90.02730996813837,519.642694583523,90.02730996813837,0
per_huruf_hybrid_skeleton_forced_loop_no_sig,16,724,0.7502590673575129,519.54802002731,90.00955848884843,519.54802002731,90.00955848884843,0
per_huruf_hybrid_skeleton_forced_loop_no_sig,16,725,0.7512953367875648,519.45197997269,89.99044151115157,519.45197997269,89.99044151115157,0
per_huruf_hybrid_skeleton_forced_loop_no_sig,16,726,0.7523316062176165,519.3573054164771,89.97269003186162,519.3573054164771,89.97269003186162,0
per_huruf_hybrid_skeleton_forced_loop_no_sig,16,727,0.7533678756476684,519.2667273554847,89.95903504779244,519.2667273554847,89.95903504779244,0
per_huruf_hybrid_skeleton_forced_loop_no_sig,16,728,0.7544041450777201,519.182976786527,89.95220755575784,519.182976786527,89.95220755575784,0
per_huruf_hybrid_skeleton_forced_loop_no_sig,16,729,0.755440414507772,519.1087847064179,89.95493855257169,519.1087847064179,89.95493855257169,0
per_huruf_hybrid_skeleton_forced_loop_no_sig,16,730,0.7564766839378237,519.0468821119708,89.96995903504778,519.0468821119708,89.96995903504778,0
per_huruf_hybrid_skeleton_forced_loop_no_sig,16,731,0.7575129533678756,519.0,90.0,519.0,90.0,0
per_huruf_hybrid_skeleton_forced_loop_no_sig,16,732,0.7585492227979275,518.9699590350479,90.04688211197089,518.9699590350479,90.04688211197089,0
per_huruf_hybrid_skeleton_forced_loop_no_sig,16,733,0.7595854922279792,518.9549385525717,90.10878470641785,518.9549385525717,90.10878470641785,0
per_huruf_hybrid_skeleton_forced_loop_no_sig,16,734,0.7606217616580311,518.9522075557578,90.18297678652706,518.9522075557578,90.18297678652706,0
per_huruf_hybrid_skeleton_forced_loop_no_sig,16,735,0.7616580310880828,518.9590350477924,90.26672735548475,518.9590350477924,90.26672735548475,0
per_huruf_hybrid_skeleton_forced_loop_no_sig,16,736,0.7626943005181347,518.9726900318617,90.35730541647703,518.9726900318617,90.35730541647703,0
per_huruf_hybrid_skeleton_forced_loop_no_sig,16,737,0.7637305699481864,518.9904415111516,90.45197997269004,518.9904415111516,90.45197997269004,0
per_huruf_hybrid_skeleton_forced_loop_no_sig,16,738,0.7647668393782383,519.0095584888484,90.54802002730996,519.0095584888484,90.54802002730996,0
per_huruf_hybrid_skeleton_forced_loop_no_sig,16,739,0.7658031088082902,519.0273099681384,90.642694583523,519.0273099681384,90.642694583523,0
per_huruf_hybrid_skeleton_forced_loop_no_sig,16,740,0.7668393782383419,519.0409649522076,90.73327264451524,519.0409649522076,90.73327264451524,0
per_huruf_hybrid_skeleton_forced_loop_no_sig,16,741,0.7678756476683938,519.0477924442421,90.81702321347291,519.0477924442421,90.81702321347291,0
per_huruf_hybrid_skeleton_forced_loop_no_sig,16,742,0.7689119170984455,519.0450614474282,90.89121529358215,519.0450614474282,90.89121529358215,0
per_huruf_hybrid_skeleton_forced_loop_no_sig,16,743,0.7699481865284974,519.0300409649521,90.95311788802913,519.0300409649521,90.95311788802913,0
per_huruf_hybrid_skeleton_forced_loop_no_sig,16,744,0.7709844559585491,519.0,91.0,519.0,91.0,0
per_huruf_hybrid_skeleton_forced_loop_no_sig,16,745,0.772020725388601,518.9531178880293,91.03004096495224,518.9531178880293,91.03004096495224,0
per_huruf_hybrid_skeleton_forced_loop_no_sig,16,746,0.7730569948186529,518.8912152935821,91.04506144742831,518.8912152935821,91.04506144742831,0
per_huruf_hybrid_skeleton_forced_loop_no_sig,16,747,0.7740932642487046,518.8170232134729,91.04779244424213,518.8170232134729,91.04779244424213,0
per_huruf_hybrid_skeleton_forced_loop_no_sig,16,748,0.7751295336787565,518.7332726445152,91.04096495220755,518.7332726445152,91.04096495220755,0
per_huruf_hybrid_skeleton_forced_loop_no_sig,16,749,0.7761658031088082,518.642694583523,91.02730996813838,518.642694583523,91.02730996813838,0
per_huruf_hybrid_skeleton_forced_loop_no_sig,16,750,0.7772020725388601,518.54802002731,91.00955848884843,518.54802002731,91.00955848884843,0
per_huruf_hybrid_skeleton_forced_loop_no_sig,16,751,0.7782383419689118,518.4519799726901,90.99044151115156,518.4519799726901,90.99044151115156,0
per_huruf_hybrid_skeleton_forced_loop_no_sig,16,752,0.7792746113989637,518.3573054164771,90.97269003186162,518.3573054164771,90.97269003186162,0
per_huruf_hybrid_skeleton_forced_loop_no_sig,16,753,0.7803108808290156,518.2667273554847,90.95903504779244,518.2667273554847,90.95903504779244,0
per_huruf_hybrid_skeleton_forced_loop_no_sig,16,754,0.7813471502590673,518.182976786527,90.95220755575784,518.182976786527,90.95220755575784,0
per_huruf_hybrid_skeleton_forced_loop_no_sig,16,755,0.7823834196891192,518.1087847064179,90.95493855257169,518.1087847064179,90.95493855257169,0
per_huruf_hybrid_skeleton_forced_loop_no_sig,16,756,0.7834196891191709,518.0468821119708,90.9699590350478,518.0468821119708,90.9699590350478,0
per_huruf_hybrid_skeleton_forced_loop_no_sig,16,757,0.7844559585492228,518.0,91.0,518.0,91.0,0
per_huruf_hybrid_skeleton_forced_loop_no_sig,16,758,0.7854922279792745,517.9699590350479,91.04688211197089,517.9699590350479,91.04688211197089,0
per_huruf_hybrid_skeleton_forced_loop_no_sig,16,759,0.7865284974093264,517.9549385525717,91.10878470641784,517.9549385525717,91.10878470641784,0
per_huruf_hybrid_skeleton_forced_loop_no_sig,16,760,0.7875647668393781,517.9522075557578,91.18297678652708,517.9522075557578,91.18297678652708,0
per_huruf_hybrid_skeleton_forced_loop_no_sig,16,761,0.78860103626943,517.9590350477923,91.26672735548475,517.9590350477923,91.26672735548475,0
per_huruf_hybrid_skeleton_forced_loop_no_sig,16,762,0.7896373056994819,517.9726900318617,91.35730541647703,517.9726900318617,91.35730541647703,0
per_huruf_hybrid_skeleton_forced_loop_no_sig,16,763,0.7906735751295336,517.9904415111516,91.45197997269003,517.9904415111516,91.45197997269003,0
per_huruf_hybrid_skeleton_forced_loop_no_sig,16,764,0.7917098445595855,518.0095584888485,91.54802002730996,518.0095584888485,91.54802002730996,0
per_huruf_hybrid_skeleton_forced_loop_no_sig,16,765,0.7927461139896372,518.0273099681384,91.64269458352298,518.0273099681384,91.64269458352298,0
per_huruf_hybrid_skeleton_forced_loop_no_sig,16,766,0.7937823834196891,518.0409649522076,91.73327264451524,518.0409649522076,91.73327264451524,0
per_huruf_hybrid_skeleton_forced_loop_no_sig,16,767,0.7948186528497408,518.0477924442421,91.81702321347291,518.0477924442421,91.81702321347291,0
per_huruf_hybrid_skeleton_forced_loop_no_sig,16,768,0.7958549222797927,518.0450614474283,91.89121529358215,518.0450614474283,91.89121529358215,0
per_huruf_hybrid_skeleton_forced_loop_no_sig,16,769,0.7968911917098446,518.0300409649521,91.95311788802913,518.0300409649521,91.95311788802913,0
per_huruf_hybrid_skeleton_forced_loop_no_sig,16,770,0.7979274611398963,518.0,92.0,518.0,92.0,0
per_huruf_hybrid_skeleton_forced_loop_no_sig,16,771,0.7989637305699482,517.9531178880292,92.0300409649522,517.9531178880292,92.0300409649522,0
per_huruf_hybrid_skeleton_forced_loop_no_sig,16,772,0.7999999999999999,517.8912152935821,92.04506144742831,517.8912152935821,92.04506144742831,0
per_huruf_hybrid_skeleton_forced_loop_no_sig,16,773,0.8010362694300518,517.8170232134729,92.04779244424215,517.8170232134729,92.04779244424215,0
per_huruf_hybrid_skeleton_forced_loop_no_sig,16,774,0.8020725388601035,517.7332726445152,92.04096495220755,517.7332726445152,92.04096495220755,0
per_huruf_hybrid_skeleton_forced_loop_no_sig,16,775,0.8031088082901554,517.642694583523,92.0273099681384,517.642694583523,92.0273099681384,0
per_huruf_hybrid_skeleton_forced_loop_no_sig,16,776,0.8041450777202073,517.54802002731,92.00955848884843,517.54802002731,92.00955848884843,0
per_huruf_hybrid_skeleton_forced_loop_no_sig,16,777,0.805181347150259,517.45197997269,91.99044151115157,517.45197997269,91.99044151115157,0
per_huruf_hybrid_skeleton_forced_loop_no_sig,16,778,0.8062176165803109,517.357305416477,91.97269003186163,517.357305416477,91.97269003186163,0
per_huruf_hybrid_skeleton_forced_loop_no_sig,16,779,0.8072538860103626,517.2667273554847,91.95903504779244,517.2667273554847,91.95903504779244,0
per_huruf_hybrid_skeleton_forced_loop_no_sig,16,780,0.8082901554404145,517.182976786527,91.95220755575784,517.182976786527,91.95220755575784,0
per_huruf_hybrid_skeleton_forced_loop_no_sig,16,781,0.8093264248704662,517.1087847064179,91.95493855257169,517.1087847064179,91.95493855257169,0
per_huruf_hybrid_skeleton_forced_loop_no_sig,16,782,0.8103626943005181,517.0468821119708,91.96995903504778,517.0468821119708,91.96995903504778,0
per_huruf_hybrid_skeleton_forced_loop_no_sig,16,783,0.8113989637305699,517.0,92.0,517.0,92.0,0
per_huruf_hybrid_skeleton_forced_loop_no_sig,16,784,0.8124352331606217,516.9699590350479,92.04688211197087,516.9699590350479,92.04688211197087,0
per_huruf_hybrid_skeleton_forced_loop_no_sig,16,785,0.8134715025906736,516.9549385525717,92.10878470641784,516.9549385525717,92.10878470641784,0
per_huruf_hybrid_skeleton_forced_loop_no_sig,16,786,0.8145077720207253,516.9522075557578,92.18297678652708,516.9522075557578,92.18297678652708,0
per_huruf_hybrid_skeleton_forced_loop_no_sig,16,787,0.8155440414507772,516.9590350477924,92.26672735548475,516.9590350477924,92.26672735548475,0
per_huruf_hybrid_skeleton_forced_loop_no_sig,16,788,0.8165803108808289,516.9726900318617,92.35730541647703,516.9726900318617,92.35730541647703,0
per_huruf_hybrid_skeleton_forced_loop_no_sig,16,789,0.8176165803108808,516.9904415111516,92.45197997269004,516.9904415111516,92.45197997269004,0
per_huruf_hybrid_skeleton_forced_loop_no_sig,16,790,0.8186528497409326,517.0095584888484,92.54802002730997,517.0095584888484,92.54802002730997,0
per_huruf_hybrid_skeleton_forced_loop_no_sig,16,791,0.8196891191709844,517.0273099681383,92.642694583523,517.0273099681383,92.642694583523,0
per_huruf_hybrid_skeleton_forced_loop_no_sig,16,792,0.8207253886010363,517.0409649522076,92.73327264451524,517.0409649522076,92.73327264451524,0
per_huruf_hybrid_skeleton_forced_loop_no_sig,16,793,0.821761658031088,517.0477924442421,92.81702321347291,517.0477924442421,92.81702321347291,0
per_huruf_hybrid_skeleton_forced_loop_no_sig,16,794,0.8227979274611399,517.0450614474282,92.89121529358215,517.0450614474282,92.89121529358215,0
per_huruf_hybrid_skeleton_forced_loop_no_sig,16,795,0.8238341968911916,517.0300409649521,92.95311788802913,517.0300409649521,92.95311788802913,0
per_huruf_hybrid_skeleton_forced_loop_no_sig,16,796,0.8248704663212435,517.0,93.0,517.0,93.0,0
per_huruf_hybrid_skeleton_forced_loop_no_sig,16,797,0.8259067357512953,516.9531178880292,93.03004096495222,516.9531178880292,93.03004096495222,0
per_huruf_hybrid_skeleton_forced_loop_no_sig,16,798,0.8269430051813471,516.8912152935821,93.0450614474283,516.8912152935821,93.0450614474283,0
per_huruf_hybrid_skeleton_forced_loop_no_sig,16,799,0.827979274611399,516.8170232134729,93.04779244424215,516.8170232134729,93.04779244424215,0
per_huruf_hybrid_skeleton_forced_loop_no_sig,16,800,0.8290155440414507,516.7332726445152,93.04096495220755,516.7332726445152,93.04096495220755,0
per_huruf_hybrid_skeleton_forced_loop_no_sig,16,801,0.8300518134715026,516.642694583523,93.02730996813838,516.642694583523,93.02730996813838,0
per_huruf_hybrid_skeleton_forced_loop_no_sig,16,802,0.8310880829015543,516.5480200273099,93.00955848884844,516.5480200273099,93.00955848884844,0
per_huruf_hybrid_skeleton_forced_loop_no_sig,16,803,0.8321243523316062,516.45197997269,92.99044151115157,516.45197997269,92.99044151115157,0
per_huruf_hybrid_skeleton_forced_loop_no_sig,16,804,0.833160621761658,516.3573054164771,92.97269003186163,516.3573054164771,92.97269003186163,0
per_huruf_hybrid_skeleton_forced_loop_no_sig,16,805,0.8341968911917098,516.2667273554847,92.95903504779244,516.2667273554847,92.95903504779244,0
per_huruf_hybrid_skeleton_forced_loop_no_sig,16,806,0.8352331606217617,516.182976786527,92.95220755575784,516.182976786527,92.95220755575784,0
per_huruf_hybrid_skeleton_forced_loop_no_sig,16,807,0.8362694300518134,516.1087847064179,92.95493855257169,516.1087847064179,92.95493855257169,0
per_huruf_hybrid_skeleton_forced_loop_no_sig,16,808,0.8373056994818653,516.0468821119708,92.9699590350478,516.0468821119708,92.9699590350478,0
per_huruf_hybrid_skeleton_forced_loop_no_sig,16,809,0.838341968911917,516.0,93.0,516.0,93.0,0
per_huruf_hybrid_skeleton_forced_loop_no_sig,16,810,0.8393782383419689,515.9699590350477,93.04688211197087,515.9699590350477,93.04688211197087,0
per_huruf_hybrid_skeleton_forced_loop_no_sig,16,811,0.8404145077720206,515.9549385525718,93.10878470641785,515.9549385525718,93.10878470641785,0
per_huruf_hybrid_skeleton_forced_loop_no_sig,16,812,0.8414507772020725,515.9522075557578,93.18297678652708,515.9522075557578,93.18297678652708,0
per_huruf_hybrid_skeleton_forced_loop_no_sig,16,813,0.8424870466321243,515.9590350477923,93.26672735548473,515.9590350477923,93.26672735548473,0
per_huruf_hybrid_skeleton_forced_loop_no_sig,16,814,0.8435233160621761,515.9726900318617,93.35730541647703,515.9726900318617,93.35730541647703,0
per_huruf_hybrid_skeleton_forced_loop_no_sig,16,815,0.844559585492228,515.9904415111516,93.45197997269004,515.9904415111516,93.45197997269004,0
per_huruf_hybrid_skeleton_forced_loop_no_sig,16,816,0.8455958549222797,516.0095584888484,93.54802002730996,516.0095584888484,93.54802002730996,0
per_huruf_hybrid_skeleton_forced_loop_no_sig,16,817,0.8466321243523316,516.0273099681384,93.642694583523,516.0273099681384,93.642694583523,0
per_huruf_hybrid_skeleton_forced_loop_no_sig,16,818,0.8476683937823833,516.0409649522076,93.73327264451524,516.0409649522076,93.73327264451524,0
per_huruf_hybrid_skeleton_forced_loop_no_sig,16,819,0.8487046632124352,516.0477924442421,93.81702321347291,516.0477924442421,93.81702321347291,0
per_huruf_hybrid_skeleton_forced_loop_no_sig,16,820,0.849740932642487,516.0450614474283,93.89121529358215,516.0450614474283,93.89121529358215,0
per_huruf_hybrid_skeleton_forced_loop_no_sig,16,821,0.8507772020725388,516.0300409649521,93.95311788802913,516.0300409649521,93.95311788802913,0
per_huruf_hybrid_skeleton_forced_loop_no_sig,16,822,0.8518134715025907,516.0,94.0,516.0,94.0,0
per_huruf_hybrid_skeleton_forced_loop_no_sig,16,823,0.8528497409326424,515.955848884843,94.0300409649522,515.955848884843,94.0300409649522,0
per_huruf_hybrid_skeleton_forced_loop_no_sig,16,824,0.8538860103626943,515.9012289485663,94.04506144742832,515.9012289485663,94.04506144742832,0
per_huruf_hybrid_skeleton_forced_loop_no_sig,16,825,0.854922279792746,515.8375056895767,94.04779244424213,515.8375056895767,94.04779244424213,0
per_huruf_hybrid_skeleton_forced_loop_no_sig,16,826,0.8559585492227979,515.7660446062812,94.04096495220755,515.7660446062812,94.04096495220755,0
per_huruf_hybrid_skeleton_forced_loop_no_sig,16,827,0.8569948186528497,515.688211197087,94.02730996813838,515.688211197087,94.02730996813838,0
per_huruf_hybrid_skeleton_forced_loop_no_sig,16,828,0.8580310880829015,515.6053709604006,94.00955848884843,515.6053709604006,94.00955848884843,0
per_huruf_hybrid_skeleton_forced_loop_no_sig,16,829,0.8590673575129534,515.518889394629,93.99044151115156,515.518889394629,93.99044151115156,0
per_huruf_hybrid_skeleton_forced_loop_no_sig,16,830,0.8601036269430051,515.4301319981794,93.97269003186163,515.4301319981794,93.97269003186163,0
per_huruf_hybrid_skeleton_forced_loop_no_sig,16,831,0.861139896373057,515.3404642694584,93.95903504779244,515.3404642694584,93.95903504779244,0
per_huruf_hybrid_skeleton_forced_loop_no_sig,16,832,0.8621761658031087,515.251251706873,93.95220755575784,515.251251706873,93.95220755575784,0
per_huruf_hybrid_skeleton_forced_loop_no_sig,16,833,0.8632124352331606,515.1638598088302,93.95493855257169,515.1638598088302,93.95493855257169,0
per_huruf_hybrid_skeleton_forced_loop_no_sig,16,834,0.8642487046632124,515.079654073737,93.96995903504778,515.079654073737,93.96995903504778,0
per_huruf_hybrid_skeleton_forced_loop_no_sig,16,835,0.8652849740932642,515.0,94.0,515.0,94.0,0
per_huruf_hybrid_skeleton_forced_loop_no_sig,16,836,0.8663212435233161,514.923076923077,94.04415111515704,514.923076923077,94.04415111515704,0
per_huruf_hybrid_skeleton_forced_loop_no_sig,16,837,0.8673575129533678,514.8461538461538,94.09877105143377,514.8461538461538,94.09877105143377,0
per_huruf_hybrid_skeleton_forced_loop_no_sig,16,838,0.8683937823834197,514.7692307692307,94.16249431042328,514.7692307692307,94.16249431042328,0
per_huruf_hybrid_skeleton_forced_loop_no_sig,16,839,0.8694300518134714,514.6923076923076,94.2339553937187,514.6923076923076,94.2339553937187,0
per_huruf_hybrid_skeleton_forced_loop_no_sig,16,840,0.8704663212435233,514.6153846153846,94.31178880291307,514.6153846153846,94.31178880291307,0
per_huruf_hybrid_skeleton_forced_loop_no_sig,16,841,0.871502590673575,514.5384615384615,94.39462903959947,514.5384615384615,94.39462903959947,0
per_huruf_hybrid_skeleton_forced_loop_no_sig,16,842,0.8725388601036269,514.4615384615385,94.48111060537096,514.4615384615385,94.48111060537096,0
per_huruf_hybrid_skeleton_forced_loop_no_sig,16,843,0.8735751295336787,514.3846153846154,94.56986800182067,514.3846153846154,94.56986800182067,0
per_huruf_hybrid_skeleton_forced_loop_no_sig,16,844,0.8746113989637305,514.3076923076924,94.65953573054165,514.3076923076924,94.65953573054165,0
per_huruf_hybrid_skeleton_forced_loop_no_sig,16,845,0.8756476683937824,514.2307692307692,94.748748293127,514.2307692307692,94.748748293127,0
per_huruf_hybrid_skeleton_forced_loop_no_sig,16,846,0.8766839378238341,514.1538461538462,94.83614019116979,514.1538461538462,94.83614019116979,0
per_huruf_hybrid_skeleton_forced_loop_no_sig,16,847,0.877720207253886,514.0769230769231,94.92034592626308,514.0769230769231,94.92034592626308,0
per_huruf_hybrid_skeleton_forced_loop_no_sig,16,848,0.8787564766839377,514.0,95.0,514.0,95.0,0
per_huruf_hybrid_skeleton_forced_loop_no_sig,16,849,0.8797927461139896,513.9230769230769,95.0769230769231,513.9230769230769,95.0769230769231,0
per_huruf_hybrid_skeleton_forced_loop_no_sig,16,850,0.8808290155440414,513.8461538461539,95.15384615384616,513.8461538461539,95.15384615384616,0
per_huruf_hybrid_skeleton_forced_loop_no_sig,16,851,0.8818652849740932,513.7692307692307,95.23076923076923,513.7692307692307,95.23076923076923,0
per_huruf_hybrid_skeleton_forced_loop_no_sig,16,852,0.8829015544041451,513.6923076923076,95.3076923076923,513.6923076923076,95.3076923076923,0
per_huruf_hybrid_skeleton_forced_loop_no_sig,16,853,0.8839378238341968,513.6153846153846,95.3846153846154,513.6153846153846,95.3846153846154,0
per_huruf_hybrid_skeleton_forced_loop_no_sig,16,854,0.8849740932642487,513.5384615384615,95.46153846153847,513.5384615384615,95.46153846153847,0
per_huruf_hybrid_skeleton_forced_loop_no_sig,16,855,0.8860103626943004,513.4615384615385,95.53846153846155,513.4615384615385,95.53846153846155,0
per_huruf_hybrid_skeleton_forced_loop_no_sig,16,856,0.8870466321243523,513.3846153846154,95.61538461538463,513.3846153846154,95.61538461538463,0
per_huruf_hybrid_skeleton_forced_loop_no_sig,16,857,0.8880829015544041,513.3076923076923,95.6923076923077,513.3076923076923,95.6923076923077,0
per_huruf_hybrid_skeleton_forced_loop_no_sig,16,858,0.8891191709844559,513.2307692307692,95.76923076923076,513.2307692307692,95.76923076923076,0
per_huruf_hybrid_skeleton_forced_loop_no_sig,16,859,0.8901554404145078,513.1538461538462,95.84615384615384,513.1538461538462,95.84615384615384,0
per_huruf_hybrid_skeleton_forced_loop_no_sig,16,860,0.8911917098445595,513.0769230769231,95.92307692307692,513.0769230769231,95.92307692307692,0
per_huruf_hybrid_skeleton_forced_loop_no_sig,16,861,0.8922279792746114,513.0,96.0,513.0,96.0,0
per_huruf_hybrid_skeleton_forced_loop_no_sig,16,862,0.8932642487046631,512.923076923077,96.07965407373693,512.923076923077,96.07965407373693,0
per_huruf_hybrid_skeleton_forced_loop_no_sig,16,863,0.894300518134715,512.8461538461538,96.16385980883022,512.8461538461538,96.16385980883022,0
per_huruf_hybrid_skeleton_forced_loop_no_sig,16,864,0.8953367875647668,512.7692307692306,96.25125170687299,512.7692307692306,96.25125170687299,0
per_huruf_hybrid_skeleton_forced_loop_no_sig,16,865,0.8963730569948186,512.6923076923076,96.34046426945834,512.6923076923076,96.34046426945834,0
per_huruf_hybrid_skeleton_forced_loop_no_sig,16,866,0.8974093264248705,512.6153846153846,96.43013199817935,512.6153846153846,96.43013199817935,0
per_huruf_hybrid_skeleton_forced_loop_no_sig,16,867,0.8984455958549222,512.5384615384615,96.51888939462904,512.5384615384615,96.51888939462904,0
per_huruf_hybrid_skeleton_forced_loop_no_sig,16,868,0.8994818652849741,512.4615384615385,96.60537096040055,512.4615384615385,96.60537096040055,0
per_huruf_hybrid_skeleton_forced_loop_no_sig,16,869,0.9005181347150258,512.3846153846155,96.68821119708694,512.3846153846155,96.68821119708694,0
per_huruf_hybrid_skeleton_forced_loop_no_sig,16,870,0.9015544041450777,512.3076923076923,96.76604460628128,512.3076923076923,96.76604460628128,0
per_huruf_hybrid_skeleton_forced_loop_no_sig,16,871,0.9025906735751295,512.2307692307692,96.83750568957669,512.2307692307692,96.83750568957669,0
per_huruf_hybrid_skeleton_forced_loop_no_sig,16,872,0.9036269430051813,512.1538461538462,96.90122894856623,512.1538461538462,96.90122894856623,0
per_huruf_hybrid_skeleton_forced_loop_no_sig,16,873,0.9046632124352331,512.0769230769231,96.95584888484296,512.0769230769231,96.95584888484296,0
per_huruf_hybrid_skeleton_forced_loop_no_sig,16,874,0.9056994818652849,512.0,97.0,512.0,97.0,0
per_huruf_hybrid_skeleton_forced_loop_no_sig,16,875,0.9067357512953368,511.923076923077,97.03004096495224,511.923076923077,97.03004096495224,0
per_huruf_hybrid_skeleton_forced_loop_no_sig,16,876,0.9077720207253885,511.84615384615387,97.04506144742832,511.84615384615387,97.04506144742832,0
per_huruf_hybrid_skeleton_forced_loop_no_sig,16,877,0.9088082901554404,511.7692307692307,97.04779244424213,511.7692307692307,97.04779244424213,0
per_huruf_hybrid_skeleton_forced_loop_no_sig,16,878,0.9098445595854922,511.6923076923077,97.04096495220755,511.6923076923077,97.04096495220755,0
per_huruf_hybrid_skeleton_forced_loop_no_sig,16,879,0.910880829015544,511.6153846153847,97.02730996813838,511.6153846153847,97.02730996813838,0
per_huruf_hybrid_skeleton_forced_loop_no_sig,16,880,0.9119170984455958,511.53846153846155,97.00955848884844,511.53846153846155,97.00955848884844,0
per_huruf_hybrid_skeleton_forced_loop_no_sig,16,881,0.9129533678756476,511.46153846153845,96.99044151115157,511.46153846153845,96.99044151115157,0
per_huruf_hybrid_skeleton_forced_loop_no_sig,16,882,0.9139896373056995,511.3846153846154,96.97269003186163,511.3846153846154,96.97269003186163,0
per_huruf_hybrid_skeleton_forced_loop_no_sig,16,883,0.9150259067357512,511.30769230769226,96.95903504779243,511.30769230769226,96.95903504779243,0
per_huruf_hybrid_skeleton_forced_loop_no_sig,16,884,0.9160621761658031,511.23076923076917,96.95220755575784,511.23076923076917,96.95220755575784,0
per_huruf_hybrid_skeleton_forced_loop_no_sig,16,885,0.9170984455958548,511.1538461538462,96.95493855257169,511.1538461538462,96.95493855257169,0
per_huruf_hybrid_skeleton_forced_loop_no_sig,16,886,0.9181347150259067,511.07692307692304,96.9699590350478,511.07692307692304,96.9699590350478,0
per_huruf_hybrid_skeleton_forced_loop_no_sig,16,887,0.9191709844559585,511.0,97.0,511.0,97.0,0
per_huruf_hybrid_skeleton_forced_loop_no_sig,16,888,0.9202072538860103,510.92307692307696,97.04688211197089,510.92307692307696,97.04688211197089,0
per_huruf_hybrid_skeleton_forced_loop_no_sig,16,889,0.9212435233160622,510.8461538461539,97.10878470641786,510.8461538461539,97.10878470641786,0
per_huruf_hybrid_skeleton_forced_loop_no_sig,16,890,0.9222797927461139,510.76923076923066,97.18297678652706,510.76923076923066,97.18297678652706,0
per_huruf_hybrid_skeleton_forced_loop_no_sig,16,891,0.9233160621761658,510.6923076923076,97.26672735548473,510.6923076923076,97.26672735548473,0
per_huruf_hybrid_skeleton_forced_loop_no_sig,16,892,0.9243523316062175,510.6153846153847,97.35730541647702,510.6153846153847,97.35730541647702,0
per_huruf_hybrid_skeleton_forced_loop_no_sig,16,893,0.9253886010362694,510.53846153846155,97.45197997269004,510.53846153846155,97.45197997269004,0
per_huruf_hybrid_skeleton_forced_loop_no_sig,16,894,0.9264248704663212,510.46153846153845,97.54802002730997,510.46153846153845,97.54802002730997,0
per_huruf_hybrid_skeleton_forced_loop_no_sig,16,895,0.927461139896373,510.38461538461536,97.64269458352298,510.38461538461536,97.64269458352298,0
per_huruf_hybrid_skeleton_forced_loop_no_sig,16,896,0.9284974093264249,510.30769230769226,97.73327264451524,510.30769230769226,97.73327264451524,0
per_huruf_hybrid_skeleton_forced_loop_no_sig,16,897,0.9295336787564766,510.23076923076917,97.81702321347291,510.23076923076917,97.81702321347291,0
per_huruf_hybrid_skeleton_forced_loop_no_sig,16,898,0.9305699481865285,510.1538461538462,97.89121529358215,510.1538461538462,97.89121529358215,0
per_huruf_hybrid_skeleton_forced_loop_no_sig,16,899,0.9316062176165802,510.07692307692304,97.95311788802913,510.07692307692304,97.95311788802913,0
per_huruf_hybrid_skeleton_forced_loop_no_sig,16,900,0.9326424870466321,510.0,98.0,510.0,98.0,0
per_huruf_hybrid_skeleton_forced_loop_no_sig,16,901,0.9336787564766839,509.92034592626317,98.03004096495222,509.92034592626317,98.03004096495222,0
per_huruf_hybrid_skeleton_forced_loop_no_sig,16,902,0.9347150259067357,509.8361401911698,98.04506144742832,509.8361401911698,98.04506144742832,0
per_huruf_hybrid_skeleton_forced_loop_no_sig,16,903,0.9357512953367875,509.74874829312694,98.04779244424213,509.74874829312694,98.04779244424213,0
per_huruf_hybrid_skeleton_forced_loop_no_sig,16,904,0.9367875647668393,509.6595357305416,98.04096495220753,509.6595357305416,98.04096495220753,0
per_huruf_hybrid_skeleton_forced_loop_no_sig,16,905,0.9378238341968912,509.5698680018208,98.02730996813838,509.5698680018208,98.02730996813838,0
per_huruf_hybrid_skeleton_forced_loop_no_sig,16,906,0.9388601036269429,509.481110605371,98.00955848884844,509.481110605371,98.00955848884844,0
per_huruf_hybrid_skeleton_forced_loop_no_sig,16,907,0.9398963730569948,509.39462903959947,97.99044151115157,509.39462903959947,97.99044151115157,0
per_huruf_hybrid_skeleton_forced_loop_no_sig,16,908,0.9409326424870466,509.3117888029131,97.97269003186163,509.3117888029131,97.97269003186163,0
per_huruf_hybrid_skeleton_forced_loop_no_sig,16,909,0.9419689119170984,509.2339553937187,97.95903504779244,509.2339553937187,97.95903504779244,0
per_huruf_hybrid_skeleton_forced_loop_no_sig,16,910,0.9430051813471502,509.1624943104233,97.95220755575784,509.1624943104233,97.95220755575784,0
per_huruf_hybrid_skeleton_forced_loop_no_sig,16,911,0.944041450777202,509.0987710514338,97.95493855257169,509.0987710514338,97.95493855257169,0
per_huruf_hybrid_skeleton_forced_loop_no_sig,16,912,0.9450777202072539,509.044151115157,97.9699590350478,509.044151115157,97.9699590350478,0
per_huruf_hybrid_skeleton_forced_loop_no_sig,16,913,0.9461139896373056,509.0,98.0,509.0,98.0,0
per_huruf_hybrid_skeleton_forced_loop_no_sig,16,914,0.9471502590673575,508.96995903504785,98.04688211197089,508.96995903504785,98.04688211197089,0
per_huruf_hybrid_skeleton_forced_loop_no_sig,16,915,0.9481865284974093,508.9549385525718,98.10878470641785,508.9549385525718,98.10878470641785,0
per_huruf_hybrid_skeleton_forced_loop_no_sig,16,916,0.9492227979274611,508.95220755575775,98.18297678652708,508.95220755575775,98.18297678652708,0
per_huruf_hybrid_skeleton_forced_loop_no_sig,16,917,0.9502590673575129,508.9590350477924,98.26672735548473,508.9590350477924,98.26672735548473,0
per_huruf_hybrid_skeleton_forced_loop_no_sig,16,918,0.9512953367875647,508.97269003186176,98.35730541647703,508.97269003186176,98.35730541647703,0
per_huruf_hybrid_skeleton_forced_loop_no_sig,16,919,0.9523316062176166,508.9904415111516,98.45197997269004,508.9904415111516,98.45197997269004,0
per_huruf_hybrid_skeleton_forced_loop_no_sig,16,920,0.9533678756476683,509.0095584888484,98.54802002730996,509.0095584888484,98.54802002730996,0
per_huruf_hybrid_skeleton_forced_loop_no_sig,16,921,0.9544041450777202,509.0273099681384,98.64269458352298,509.0273099681384,98.64269458352298,0
per_huruf_hybrid_skeleton_forced_loop_no_sig,16,922,0.955440414507772,509.0409649522075,98.73327264451524,509.0409649522075,98.73327264451524,0
per_huruf_hybrid_skeleton_forced_loop_no_sig,16,923,0.9564766839378238,509.0477924442421,98.81702321347291,509.0477924442421,98.81702321347291,0
per_huruf_hybrid_skeleton_forced_loop_no_sig,16,924,0.9575129533678756,509.04506144742834,98.89121529358216,509.04506144742834,98.89121529358216,0
per_huruf_hybrid_skeleton_forced_loop_no_sig,16,925,0.9585492227979274,509.03004096495215,98.95311788802913,509.03004096495215,98.95311788802913,0
per_huruf_hybrid_skeleton_forced_loop_no_sig,16,926,0.9595854922279792,509.0,99.0,509.0,99.0,0
per_huruf_hybrid_skeleton_forced_loop_no_sig,16,927,0.960621761658031,508.95311788802917,99.03004096495224,508.95311788802917,99.03004096495224,0
per_huruf_hybrid_skeleton_forced_loop_no_sig,16,928,0.9616580310880829,508.89121529358226,99.04506144742831,508.89121529358226,99.04506144742831,0
per_huruf_hybrid_skeleton_forced_loop_no_sig,16,929,0.9626943005181346,508.81702321347285,99.04779244424215,508.81702321347285,99.04779244424215,0
per_huruf_hybrid_skeleton_forced_loop_no_sig,16,930,0.9637305699481865,508.7332726445151,99.04096495220755,508.7332726445151,99.04096495220755,0
per_huruf_hybrid_skeleton_forced_loop_no_sig,16,931,0.9647668393782383,508.64269458352305,99.02730996813838,508.64269458352305,99.02730996813838,0
per_huruf_hybrid_skeleton_forced_loop_no_sig,16,932,0.9658031088082901,508.54802002731,99.00955848884844,508.54802002731,99.00955848884844,0
per_huruf_hybrid_skeleton_forced_loop_no_sig,16,933,0.9668393782383419,508.45197997269,98.99044151115156,508.45197997269,98.99044151115156,0
per_huruf_hybrid_skeleton_forced_loop_no_sig,16,934,0.9678756476683937,508.357305416477,98.97269003186163,508.357305416477,98.97269003186163,0
per_huruf_hybrid_skeleton_forced_loop_no_sig,16,935,0.9689119170984456,508.2667273554847,98.95903504779244,508.2667273554847,98.95903504779244,0
per_huruf_hybrid_skeleton_forced_loop_no_sig,16,936,0.9699481865284973,508.1829767865271,98.95220755575784,508.1829767865271,98.95220755575784,0
per_huruf_hybrid_skeleton_forced_loop_no_sig,16,937,0.9709844559585492,508.10878470641785,98.95493855257169,508.10878470641785,98.95493855257169,0
per_huruf_hybrid_skeleton_forced_loop_no_sig,16,938,0.972020725388601,508.0468821119709,98.9699590350478,508.0468821119709,98.9699590350478,0
per_huruf_hybrid_skeleton_forced_loop_no_sig,16,939,0.9730569948186528,508.0,99.0,508.0,99.0,0
per_huruf_hybrid_skeleton_forced_loop_no_sig,16,940,0.9740932642487046,507.96995903504785,99.04688211197089,507.96995903504785,99.04688211197089,0
per_huruf_hybrid_skeleton_forced_loop_no_sig,16,941,0.9751295336787564,507.9549385525718,99.10878470641784,507.9549385525718,99.10878470641784,0
per_huruf_hybrid_skeleton_forced_loop_no_sig,16,942,0.9761658031088083,507.9522075557578,99.18297678652708,507.9522075557578,99.18297678652708,0
per_huruf_hybrid_skeleton_forced_loop_no_sig,16,943,0.97720207253886,507.9590350477924,99.26672735548475,507.9590350477924,99.26672735548475,0
per_huruf_hybrid_skeleton_forced_loop_no_sig,16,944,0.9782383419689119,507.9726900318617,99.35730541647703,507.9726900318617,99.35730541647703,0
per_huruf_hybrid_skeleton_forced_loop_no_sig,16,945,0.9792746113989637,507.99044151115163,99.45197997269005,507.99044151115163,99.45197997269005,0
per_huruf_hybrid_skeleton_forced_loop_no_sig,16,946,0.9803108808290155,508.0095584888485,99.54802002730996,508.0095584888485,99.54802002730996,0
per_huruf_hybrid_skeleton_forced_loop_no_sig,16,947,0.9813471502590673,508.02730996813835,99.64269458352298,508.02730996813835,99.64269458352298,0
per_huruf_hybrid_skeleton_forced_loop_no_sig,16,948,0.9823834196891191,508.04096495220756,99.73327264451524,508.04096495220756,99.73327264451524,0
per_huruf_hybrid_skeleton_forced_loop_no_sig,16,949,0.983419689119171,508.0477924442421,99.81702321347291,508.0477924442421,99.81702321347291,0
per_huruf_hybrid_skeleton_forced_loop_no_sig,16,950,0.9844559585492227,508.04506144742834,99.89121529358215,508.04506144742834,99.89121529358215,0
per_huruf_hybrid_skeleton_forced_loop_no_sig,16,951,0.9854922279792746,508.0300409649522,99.95311788802913,508.0300409649522,99.95311788802913,0
per_huruf_hybrid_skeleton_forced_loop_no_sig,16,952,0.9865284974093264,508.0,100.0,508.0,100.0,0
per_huruf_hybrid_skeleton_forced_loop_no_sig,16,953,0.9875647668393782,507.9531178880292,100.03277196176606,507.9531178880292,100.03277196176606,0
per_huruf_hybrid_skeleton_forced_loop_no_sig,16,954,0.98860103626943,507.89121529358226,100.0550751024124,507.89121529358226,100.0550751024124,0
per_huruf_hybrid_skeleton_forced_loop_no_sig,16,955,0.9896373056994818,507.81702321347285,100.06827492034593,507.81702321347285,100.06827492034593,0
per_huruf_hybrid_skeleton_forced_loop_no_sig,16,956,0.9906735751295336,507.73327264451524,100.07373691397359,507.73327264451524,100.07373691397359,0
per_huruf_hybrid_skeleton_forced_loop_no_sig,16,957,0.9917098445595854,507.6426945835231,100.07282658170233,507.6426945835231,100.07282658170233,0
per_huruf_hybrid_skeleton_forced_loop_no_sig,16,958,0.9927461139896373,507.5480200273101,100.06690942193902,507.5480200273101,100.06690942193902,0
per_huruf_hybrid_skeleton_forced_loop_no_sig,16,959,0.993782383419689,507.4519799726901,100.05735093309058,507.4519799726901,100.05735093309058,0
per_huruf_hybrid_skeleton_forced_loop_no_sig,16,960,0.9948186528497409,507.35730541647706,100.04551661356395,507.35730541647706,100.04551661356395,0
per_huruf_hybrid_skeleton_forced_loop_no_sig,16,961,0.9958549222797927,507.26672735548476,100.03277196176603,507.26672735548476,100.03277196176603,0
per_huruf_hybrid_skeleton_forced_loop_no_sig,16,962,0.9968911917098445,507.1829767865271,100.02048247610377,507.1829767865271,100.02048247610377,0
per_huruf_hybrid_skeleton_forced_loop_no_sig,16,963,0.9979274611398963,507.10878470641785,100.01001365498408,507.10878470641785,100.01001365498408,0
per_huruf_hybrid_skeleton_forced_loop_no_sig,16,964,0.9989637305699481,507.0468821119709,100.00273099681382,507.0468821119709,100.00273099681382,0
per_huruf_hybrid_skeleton_forced_loop_no_sig,16,965,1.0,507.0,100.0,507.0,100.0,0
