label,huruf,point_index,t,bezier_xx_x,bezier_xx_y,xx_sc_x,xx_sc_y,is_sample_output_bezier_py
per_huruf,17,0,0.0,543.0,41.0,543.0,41.0,0
per_huruf,17,1,0.0006464124111182935,543.0468821119708,41.044151115157035,543.0468821119708,41.044151115157035,0
per_huruf,17,2,0.001292824822236587,543.1087847064179,41.098771051433765,543.1087847064179,41.098771051433765,0
per_huruf,17,3,0.0019392372333548805,543.182976786527,41.162494310423305,543.182976786527,41.162494310423305,0
per_huruf,17,4,0.002585649644473174,543.2667273554847,41.2339553937187,543.2667273554847,41.2339553937187,0
per_huruf,17,5,0.003232062055591467,543.3573054164771,41.311788802913064,543.3573054164771,41.311788802913064,0
per_huruf,17,6,0.003878474466709761,543.4519799726901,41.39462903959946,543.4519799726901,41.39462903959946,0
per_huruf,17,7,0.004524886877828054,543.54802002731,41.48111060537096,543.54802002731,41.48111060537096,0
per_huruf,17,8,0.005171299288946348,543.642694583523,41.569868001820666,543.642694583523,41.569868001820666,0
per_huruf,17,9,0.005817711700064641,543.7332726445152,41.65953573054165,543.7332726445152,41.65953573054165,0
per_huruf,17,10,0.006464124111182934,543.8170232134729,41.74874829312698,543.8170232134729,41.74874829312698,0
per_huruf,17,11,0.007110536522301228,543.8912152935823,41.836140191169775,543.8912152935823,41.836140191169775,0
per_huruf,17,12,0.007756948933419522,543.953117888029,41.92034592626308,543.953117888029,41.92034592626308,0
per_huruf,17,13,0.008403361344537815,544.0,42.0,544.0,42.0,0
per_huruf,17,14,0.009049773755656108,544.032771961766,42.07692307692307,544.032771961766,42.07692307692307,0
per_huruf,17,15,0.009696186166774402,544.0550751024125,42.15384615384616,544.0550751024125,42.15384615384616,0
per_huruf,17,16,0.010342598577892695,544.0682749203459,42.23076923076922,544.0682749203459,42.23076923076922,0
per_huruf,17,17,0.010989010989010988,544.0737369139736,42.30769230769231,544.0737369139736,42.30769230769231,0
per_huruf,17,18,0.011635423400129283,544.0728265817024,42.38461538461539,544.0728265817024,42.38461538461539,0
per_huruf,17,19,0.012281835811247576,544.066909421939,42.46153846153847,544.066909421939,42.46153846153847,0
per_huruf,17,20,0.012928248222365869,544.0573509330906,42.53846153846153,544.0573509330906,42.53846153846153,0
per_huruf,17,21,0.013574660633484163,544.0455166135639,42.61538461538461,544.0455166135639,42.61538461538461,0
per_huruf,17,22,0.014221073044602456,544.032771961766,42.69230769230769,544.032771961766,42.69230769230769,0
per_huruf,17,23,0.014867485455720749,544.0204824761038,42.76923076923076,544.0204824761038,42.76923076923076,0
per_huruf,17,24,0.015513897866839044,544.010013654984,42.84615384615385,544.010013654984,42.84615384615385,0
per_huruf,17,25,0.016160310277957335,544.0027309968139,42.92307692307692,544.0027309968139,42.92307692307692,0
per_huruf,17,26,0.01680672268907563,544.0,43.0,544.0,43.0,0
per_huruf,17,27,0.017453135100193924,544.0,43.07692307692307,544.0,43.07692307692307,0
per_huruf,17,28,0.018099547511312215,544.0000000000001,43.15384615384615,544.0000000000001,43.15384615384615,0
per_huruf,17,29,0.01874595992243051,544.0,43.230769230769226,544.0,43.230769230769226,0
per_huruf,17,30,0.019392372333548805,544.0,43.30769230769231,544.0,43.30769230769231,0
per_huruf,17,31,0.020038784744667096,544.0,43.38461538461539,544.0,43.38461538461539,0
per_huruf,17,32,0.02068519715578539,544.0,43.46153846153847,544.0,43.46153846153847,0
per_huruf,17,33,0.021331609566903685,544.0,43.53846153846154,544.0,43.53846153846154,0
per_huruf,17,34,0.021978021978021976,544.0,43.61538461538461,544.0,43.61538461538461,0
per_huruf,17,35,0.02262443438914027,544.0,43.69230769230769,544.0,43.69230769230769,0
per_huruf,17,36,0.023270846800258566,544.0,43.76923076923076,544.0,43.76923076923076,0
per_huruf,17,37,0.023917259211376857,544.0,43.84615384615385,544.0,43.84615384615385,0
per_huruf,17,38,0.02456367162249515,544.0,43.92307692307692,544.0,43.92307692307692,0
per_huruf,17,39,0.025210084033613446,544.0,44.0,544.0,44.0,0
per_huruf,17,40,0.025856496444731737,544.0,44.07692307692308,544.0,44.07692307692308,1
per_huruf,17,41,0.026502908855850032,544.0000000000001,44.15384615384616,544.0000000000001,44.15384615384616,0
per_huruf,17,42,0.027149321266968326,544.0,44.23076923076923,544.0,44.23076923076923,0
per_huruf,17,43,0.027795733678086618,544.0,44.30769230769231,544.0,44.30769230769231,0
per_huruf,17,44,0.028442146089204912,544.0,44.38461538461539,544.0,44.38461538461539,0
per_huruf,17,45,0.029088558500323207,544.0,44.46153846153846,544.0,44.46153846153846,0
per_huruf,17,46,0.029734970911441498,544.0,44.53846153846155,544.0,44.53846153846155,0
per_huruf,17,47,0.030381383322559793,544.0,44.61538461538461,544.0,44.61538461538461,0
per_huruf,17,48,0.031027795733678087,544.0,44.69230769230769,544.0,44.69230769230769,0
per_huruf,17,49,0.03167420814479638,544.0,44.76923076923077,544.0,44.76923076923077,0
per_huruf,17,50,0.03232062055591467,544.0,44.84615384615385,544.0,44.84615384615385,0
per_huruf,17,51,0.03296703296703297,544.0,44.92307692307692,544.0,44.92307692307692,0
per_huruf,17,52,0.03361344537815126,544.0,45.0,544.0,45.0,0
per_huruf,17,53,0.03425985778926955,543.9972690031861,45.07692307692308,543.9972690031861,45.07692307692308,0
per_huruf,17,54,0.03490627020038785,543.9899863450161,45.15384615384615,543.9899863450161,45.15384615384615,0
per_huruf,17,55,0.03555268261150614,543.9795175238962,45.230769230769226,543.9795175238962,45.230769230769226,0
per_huruf,17,56,0.03619909502262443,543.9672280382339,45.30769230769231,543.9672280382339,45.30769230769231,0
per_huruf,17,57,0.03684550743374273,543.9544833864361,45.384615384615394,543.9544833864361,45.384615384615394,0
per_huruf,17,58,0.03749191984486102,543.9426490669094,45.46153846153847,543.9426490669094,45.46153846153847,0
per_huruf,17,59,0.03813833225597931,543.933090578061,45.53846153846153,543.933090578061,45.53846153846153,0
per_huruf,17,60,0.03878474466709761,543.9271734182977,45.61538461538462,543.9271734182977,45.61538461538462,0
per_huruf,17,61,0.0394311570782159,543.9262630860264,45.69230769230769,543.9262630860264,45.69230769230769,1
per_huruf,17,62,0.04007756948933419,543.931725079654,45.76923076923076,543.931725079654,45.76923076923076,0
per_huruf,17,63,0.04072398190045249,543.9449248975877,45.84615384615385,543.9449248975877,45.84615384615385,0
per_huruf,17,64,0.04137039431157078,543.967228038234,45.92307692307692,543.967228038234,45.92307692307692,0
per_huruf,17,65,0.04201680672268907,544.0,46.0,544.0,46.0,0
per_huruf,17,66,0.04266321913380737,544.046882111971,46.07692307692308,544.046882111971,46.07692307692308,0
per_huruf,17,67,0.04330963154492566,544.108784706418,46.15384615384616,544.108784706418,46.15384615384616,0
per_huruf,17,68,0.04395604395604395,544.182976786527,46.23076923076922,544.182976786527,46.23076923076922,0
per_huruf,17,69,0.04460245636716225,544.2667273554847,46.3076923076923,544.2667273554847,46.3076923076923,0
per_huruf,17,70,0.04524886877828054,544.3573054164772,46.384615384615394,544.3573054164772,46.384615384615394,0
per_huruf,17,71,0.04589528118939883,544.4519799726901,46.46153846153847,544.4519799726901,46.46153846153847,0
per_huruf,17,72,0.04654169360051713,544.5480200273099,46.53846153846154,544.5480200273099,46.53846153846154,0
per_huruf,17,73,0.04718810601163542,544.642694583523,46.61538461538462,544.642694583523,46.61538461538462,0
per_huruf,17,74,0.04783451842275371,544.7332726445153,46.69230769230769,544.7332726445153,46.69230769230769,0
per_huruf,17,75,0.04848093083387201,544.8170232134728,46.76923076923076,544.8170232134728,46.76923076923076,0
per_huruf,17,76,0.0491273432449903,544.8912152935821,46.84615384615385,544.8912152935821,46.84615384615385,0
per_huruf,17,77,0.049773755656108594,544.9531178880292,46.92307692307692,544.9531178880292,46.92307692307692,0
per_huruf,17,78,0.05042016806722689,545.0,47.0,545.0,47.0,0
per_huruf,17,79,0.05106658047834518,545.032771961766,47.07692307692308,545.032771961766,47.07692307692308,0
per_huruf,17,80,0.051712992889463474,545.0550751024124,47.15384615384616,545.0550751024124,47.15384615384616,0
per_huruf,17,81,0.05235940530058177,545.0682749203459,47.230769230769226,545.0682749203459,47.230769230769226,1
per_huruf,17,82,0.053005817711700064,545.0737369139736,47.30769230769231,545.0737369139736,47.30769230769231,0
per_huruf,17,83,0.053652230122818355,545.0728265817024,47.38461538461539,545.0728265817024,47.38461538461539,0
per_huruf,17,84,0.05429864253393665,545.066909421939,47.46153846153847,545.066909421939,47.46153846153847,0
per_huruf,17,85,0.054945054945054944,545.0573509330906,47.53846153846155,545.0573509330906,47.53846153846155,0
per_huruf,17,86,0.055591467356173235,545.045516613564,47.61538461538462,545.045516613564,47.61538461538462,0
per_huruf,17,87,0.05623787976729153,545.032771961766,47.69230769230769,545.032771961766,47.69230769230769,0
per_huruf,17,88,0.056884292178409825,545.0204824761038,47.76923076923076,545.0204824761038,47.76923076923076,0
per_huruf,17,89,0.057530704589528116,545.010013654984,47.84615384615385,545.010013654984,47.84615384615385,0
per_huruf,17,90,0.058177117000646414,545.0027309968139,47.92307692307692,545.0027309968139,47.92307692307692,0
per_huruf,17,91,0.058823529411764705,545.0,48.0,545.0,48.0,1
per_huruf,17,92,0.059469941822882996,545.0,48.07692307692308,545.0,48.07692307692308,0
per_huruf,17,93,0.060116354234001294,545.0,48.15384615384616,545.0,48.15384615384616,0
per_huruf,17,94,0.060762766645119586,544.9999999999999,48.23076923076922,544.9999999999999,48.23076923076922,0
per_huruf,17,95,0.06140917905623788,544.9999999999999,48.30769230769231,544.9999999999999,48.30769230769231,0
per_huruf,17,96,0.062055591467356175,545.0000000000001,48.384615384615394,545.0000000000001,48.384615384615394,0
per_huruf,17,97,0.06270200387847447,545.0,48.46153846153847,545.0,48.46153846153847,0
per_huruf,17,98,0.06334841628959276,545.0,48.53846153846154,545.0,48.53846153846154,0
per_huruf,17,99,0.06399482870071105,545.0,48.61538461538462,545.0,48.61538461538462,0
per_huruf,17,100,0.06464124111182934,545.0,48.69230769230769,545.0,48.69230769230769,0
per_huruf,17,101,0.06528765352294764,545.0,48.76923076923076,545.0,48.76923076923076,0
per_huruf,17,102,0.06593406593406594,545.0,48.84615384615385,545.0,48.84615384615385,0
per_huruf,17,103,0.06658047834518423,545.0,48.92307692307692,545.0,48.92307692307692,0
per_huruf,17,104,0.06722689075630252,545.0,49.0,545.0,49.0,0
per_huruf,17,105,0.06787330316742081,545.0,49.07692307692308,545.0,49.07692307692308,0
per_huruf,17,106,0.0685197155785391,545.0,49.15384615384615,545.0,49.15384615384615,0
per_huruf,17,107,0.0691661279896574,544.9999999999999,49.230769230769226,544.9999999999999,49.230769230769226,0
per_huruf,17,108,0.0698125404007757,544.9999999999999,49.3076923076923,544.9999999999999,49.3076923076923,0
per_huruf,17,109,0.07045895281189399,545.0000000000001,49.38461538461539,545.0000000000001,49.38461538461539,0
per_huruf,17,110,0.07110536522301228,545.0,49.46153846153847,545.0,49.46153846153847,0
per_huruf,17,111,0.07175177763413057,545.0,49.53846153846154,545.0,49.53846153846154,0
per_huruf,17,112,0.07239819004524886,545.0,49.61538461538462,545.0,49.61538461538462,0
per_huruf,17,113,0.07304460245636717,545.0,49.69230769230769,545.0,49.69230769230769,0
per_huruf,17,114,0.07369101486748546,545.0,49.76923076923076,545.0,49.76923076923076,0
per_huruf,17,115,0.07433742727860375,545.0,49.84615384615385,545.0,49.84615384615385,0
per_huruf,17,116,0.07498383968972204,545.0,49.92307692307692,545.0,49.92307692307692,0
per_huruf,17,117,0.07563025210084033,545.0,50.0,545.0,50.0,0
per_huruf,17,118,0.07627666451195862,545.0,50.07692307692308,545.0,50.07692307692308,0
per_huruf,17,119,0.07692307692307693,545.0,50.15384615384616,545.0,50.15384615384616,0
per_huruf,17,120,0.07756948933419522,544.9999999999999,50.230769230769226,544.9999999999999,50.230769230769226,0
per_huruf,17,121,0.07821590174531351,544.9999999999999,50.3076923076923,544.9999999999999,50.3076923076923,0
per_huruf,17,122,0.0788623141564318,545.0000000000001,50.38461538461539,545.0000000000001,50.38461538461539,1
per_huruf,17,123,0.07950872656755009,545.0,50.46153846153847,545.0,50.46153846153847,0
per_huruf,17,124,0.08015513897866838,545.0,50.53846153846154,545.0,50.53846153846154,0
per_huruf,17,125,0.08080155138978669,545.0,50.61538461538462,545.0,50.61538461538462,0
per_huruf,17,126,0.08144796380090498,545.0,50.69230769230769,545.0,50.69230769230769,0
per_huruf,17,127,0.08209437621202327,545.0,50.76923076923076,545.0,50.76923076923076,0
per_huruf,17,128,0.08274078862314156,545.0,50.84615384615385,545.0,50.84615384615385,0
per_huruf,17,129,0.08338720103425985,545.0,50.92307692307692,545.0,50.92307692307692,0
per_huruf,17,130,0.08403361344537814,545.0,51.0,545.0,51.0,0
per_huruf,17,131,0.08468002585649644,544.9972690031863,51.07692307692308,544.9972690031863,51.07692307692308,0
per_huruf,17,132,0.08532643826761474,544.989986345016,51.15384615384615,544.989986345016,51.15384615384615,0
per_huruf,17,133,0.08597285067873303,544.9795175238961,51.23076923076922,544.9795175238961,51.23076923076922,0
per_huruf,17,134,0.08661926308985132,544.9672280382339,51.3076923076923,544.9672280382339,51.3076923076923,0
per_huruf,17,135,0.08726567550096961,544.9544833864361,51.38461538461539,544.9544833864361,51.38461538461539,0
per_huruf,17,136,0.0879120879120879,544.9426490669094,51.46153846153846,544.9426490669094,51.46153846153846,0
per_huruf,17,137,0.0885585003232062,544.9330905780611,51.53846153846154,544.9330905780611,51.53846153846154,0
per_huruf,17,138,0.0892049127343245,544.9271734182978,51.61538461538461,544.9271734182978,51.61538461538461,0
per_huruf,17,139,0.08985132514544279,544.9262630860264,51.692307692307686,544.9262630860264,51.692307692307686,0
per_huruf,17,140,0.09049773755656108,544.931725079654,51.76923076923076,544.931725079654,51.76923076923076,0
per_huruf,17,141,0.09114414996767937,544.9449248975876,51.84615384615385,544.9449248975876,51.84615384615385,0
per_huruf,17,142,0.09179056237879767,544.967228038234,51.92307692307692,544.967228038234,51.92307692307692,0
per_huruf,17,143,0.09243697478991596,545.0,52.0,545.0,52.0,0
per_huruf,17,144,0.09308338720103426,545.046882111971,52.07692307692308,545.046882111971,52.07692307692308,0
per_huruf,17,145,0.09372979961215255,545.1087847064179,52.15384615384615,545.1087847064179,52.15384615384615,0
per_huruf,17,146,0.09437621202327084,545.182976786527,52.23076923076921,545.182976786527,52.23076923076921,0
per_huruf,17,147,0.09502262443438914,545.2667273554847,52.30769230769229,545.2667273554847,52.30769230769229,0
per_huruf,17,148,0.09566903684550743,545.3573054164771,52.38461538461539,545.3573054164771,52.38461538461539,0
per_huruf,17,149,0.09631544925662572,545.4519799726901,52.46153846153846,545.4519799726901,52.46153846153846,0
per_huruf,17,150,0.09696186166774402,545.54802002731,52.53846153846153,545.54802002731,52.53846153846153,0
per_huruf,17,151,0.09760827407886231,545.6426945835229,52.61538461538462,545.6426945835229,52.61538461538462,0
per_huruf,17,152,0.0982546864899806,545.7332726445153,52.69230769230769,545.7332726445153,52.69230769230769,0
per_huruf,17,153,0.0989010989010989,545.8170232134728,52.76923076923077,545.8170232134728,52.76923076923077,0
per_huruf,17,154,0.09954751131221719,545.8912152935821,52.846153846153854,545.8912152935821,52.846153846153854,0
per_huruf,17,155,0.10019392372333548,545.9531178880292,52.92307692307692,545.9531178880292,52.92307692307692,0
per_huruf,17,156,0.10084033613445378,546.0,53.0,546.0,53.0,0
per_huruf,17,157,0.10148674854557208,546.0327719617662,53.07692307692308,546.0327719617662,53.07692307692308,0
per_huruf,17,158,0.10213316095669037,546.0550751024124,53.15384615384616,546.0550751024124,53.15384615384616,0
per_huruf,17,159,0.10277957336780866,546.0682749203459,53.230769230769226,546.0682749203459,53.230769230769226,0
per_huruf,17,160,0.10342598577892695,546.0737369139736,53.30769230769231,546.0737369139736,53.30769230769231,0
per_huruf,17,161,0.10407239819004524,546.0728265817023,53.384615384615394,546.0728265817023,53.384615384615394,0
per_huruf,17,162,0.10471881060116355,546.066909421939,53.46153846153846,546.066909421939,53.46153846153846,0
per_huruf,17,163,0.10536522301228184,546.0573509330906,53.53846153846154,546.0573509330906,53.53846153846154,0
per_huruf,17,164,0.10601163542340013,546.0455166135639,53.61538461538461,546.0455166135639,53.61538461538461,0
per_huruf,17,165,0.10665804783451842,546.032771961766,53.69230769230769,546.032771961766,53.69230769230769,0
per_huruf,17,166,0.10730446024563671,546.0204824761038,53.76923076923077,546.0204824761038,53.76923076923077,0
per_huruf,17,167,0.107950872656755,546.010013654984,53.846153846153854,546.010013654984,53.846153846153854,0
per_huruf,17,168,0.1085972850678733,546.0027309968139,53.92307692307692,546.0027309968139,53.92307692307692,0
per_huruf,17,169,0.1092436974789916,546.0,54.0,546.0,54.0,0
per_huruf,17,170,0.10989010989010989,546.0000000000002,54.07692307692309,546.0000000000002,54.07692307692309,0
per_huruf,17,171,0.11053652230122818,546.0,54.15384615384616,546.0,54.15384615384616,0
per_huruf,17,172,0.11118293471234647,545.9999999999999,54.230769230769226,545.9999999999999,54.230769230769226,0
per_huruf,17,173,0.11182934712346476,546.0,54.30769230769231,546.0,54.30769230769231,0
per_huruf,17,174,0.11247575953458307,546.0,54.384615384615394,546.0,54.384615384615394,0
per_huruf,17,175,0.11312217194570136,546.0,54.46153846153847,546.0,54.46153846153847,0
per_huruf,17,176,0.11376858435681965,546.0,54.53846153846154,546.0,54.53846153846154,0
per_huruf,17,177,0.11441499676793794,546.0,54.61538461538461,546.0,54.61538461538461,0
per_huruf,17,178,0.11506140917905623,546.0,54.692307692307686,546.0,54.692307692307686,0
per_huruf,17,179,0.11570782159017452,546.0,54.76923076923077,546.0,54.76923076923077,0
per_huruf,17,180,0.11635423400129283,546.0,54.846153846153854,546.0,54.846153846153854,1
per_huruf,17,181,0.11700064641241112,546.0,54.92307692307692,546.0,54.92307692307692,0
per_huruf,17,182,0.11764705882352941,546.0,55.0,546.0,55.0,0
per_huruf,17,183,0.1182934712346477,546.0000000000002,55.07692307692308,546.0000000000002,55.07692307692308,0
per_huruf,17,184,0.11893988364576599,546.0,55.15384615384616,546.0,55.15384615384616,0
per_huruf,17,185,0.11958629605688428,545.9999999999999,55.23076923076922,545.9999999999999,55.23076923076922,0
per_huruf,17,186,0.12023270846800259,546.0,55.3076923076923,546.0,55.3076923076923,0
per_huruf,17,187,0.12087912087912088,546.0,55.384615384615394,546.0,55.384615384615394,0
per_huruf,17,188,0.12152553329023917,546.0,55.46153846153846,546.0,55.46153846153846,0
per_huruf,17,189,0.12217194570135746,546.0,55.53846153846153,546.0,55.53846153846153,0
per_huruf,17,190,0.12281835811247575,546.0,55.61538461538461,546.0,55.61538461538461,0
per_huruf,17,191,0.12346477052359404,546.0,55.69230769230769,546.0,55.69230769230769,0
per_huruf,17,192,0.12411118293471235,546.0,55.76923076923076,546.0,55.76923076923076,0
per_huruf,17,193,0.12475759534583064,546.0,55.84615384615384,546.0,55.84615384615384,0
per_huruf,17,194,0.12540400775694893,546.0,55.92307692307692,546.0,55.92307692307692,0
per_huruf,17,195,0.12605042016806722,546.0,56.0,546.0,56.0,0
per_huruf,17,196,0.12669683257918551,546.0000000000002,56.07692307692308,546.0000000000002,56.07692307692308,0
per_huruf,17,197,0.1273432449903038,546.0,56.15384615384616,546.0,56.15384615384616,0
per_huruf,17,198,0.1279896574014221,545.9999999999999,56.23076923076922,545.9999999999999,56.23076923076922,0
per_huruf,17,199,0.1286360698125404,546.0,56.30769230769231,546.0,56.30769230769231,0
per_huruf,17,200,0.12928248222365868,546.0,56.38461538461539,546.0,56.38461538461539,0
per_huruf,17,201,0.12992889463477697,546.0,56.46153846153847,546.0,56.46153846153847,0
per_huruf,17,202,0.1305753070458953,546.0,56.53846153846154,546.0,56.53846153846154,0
per_huruf,17,203,0.13122171945701358,546.0,56.61538461538461,546.0,56.61538461538461,0
per_huruf,17,204,0.13186813186813187,546.0,56.69230769230769,546.0,56.69230769230769,0
per_huruf,17,205,0.13251454427925016,546.0,56.76923076923076,546.0,56.76923076923076,0
per_huruf,17,206,0.13316095669036845,546.0,56.84615384615384,546.0,56.84615384615384,0
per_huruf,17,207,0.13380736910148675,546.0,56.92307692307692,546.0,56.92307692307692,0
per_huruf,17,208,0.13445378151260504,546.0,57.0,546.0,57.0,0
per_huruf,17,209,0.13510019392372333,546.0000000000002,57.07692307692309,546.0000000000002,57.07692307692309,0
per_huruf,17,210,0.13574660633484162,546.0,57.15384615384616,546.0,57.15384615384616,0
per_huruf,17,211,0.1363930187459599,545.9999999999999,57.230769230769226,545.9999999999999,57.230769230769226,0
per_huruf,17,212,0.1370394311570782,546.0,57.3076923076923,546.0,57.3076923076923,0
per_huruf,17,213,0.1376858435681965,546.0,57.384615384615394,546.0,57.384615384615394,0
per_huruf,17,214,0.1383322559793148,546.0,57.46153846153847,546.0,57.46153846153847,0
per_huruf,17,215,0.1389786683904331,546.0,57.53846153846155,546.0,57.53846153846155,0
per_huruf,17,216,0.1396250808015514,546.0,57.61538461538461,546.0,57.61538461538461,0
per_huruf,17,217,0.14027149321266968,546.0,57.692307692307686,546.0,57.692307692307686,0
per_huruf,17,218,0.14091790562378798,546.0,57.76923076923076,546.0,57.76923076923076,0
per_huruf,17,219,0.14156431803490627,546.0,57.84615384615385,546.0,57.84615384615385,0
per_huruf,17,220,0.14221073044602456,546.0,57.92307692307692,546.0,57.92307692307692,0
per_huruf,17,221,0.14285714285714285,546.0,58.0,546.0,58.0,0
per_huruf,17,222,0.14350355526826114,545.9972690031864,58.07692307692308,545.9972690031864,58.07692307692308,0
per_huruf,17,223,0.14414996767937943,545.989986345016,58.15384615384616,545.989986345016,58.15384615384616,0
per_huruf,17,224,0.14479638009049772,545.9795175238961,58.23076923076923,545.9795175238961,58.23076923076923,0
per_huruf,17,225,0.14544279250161601,545.9672280382339,58.30769230769231,545.9672280382339,58.30769230769231,0
per_huruf,17,226,0.14608920491273433,545.9544833864361,58.38461538461539,545.9544833864361,58.38461538461539,0
per_huruf,17,227,0.14673561732385262,545.9426490669094,58.46153846153847,545.9426490669094,58.46153846153847,0
per_huruf,17,228,0.14738202973497092,545.9330905780611,58.53846153846153,545.9330905780611,58.53846153846153,0
per_huruf,17,229,0.1480284421460892,545.9271734182977,58.61538461538461,545.9271734182977,58.61538461538461,0
per_huruf,17,230,0.1486748545572075,545.9262630860264,58.69230769230769,545.9262630860264,58.69230769230769,0
per_huruf,17,231,0.1493212669683258,545.931725079654,58.76923076923076,545.931725079654,58.76923076923076,0
per_huruf,17,232,0.14996767937944408,545.9449248975876,58.84615384615384,545.9449248975876,58.84615384615384,0
per_huruf,17,233,0.15061409179056237,545.967228038234,58.92307692307692,545.967228038234,58.92307692307692,0
per_huruf,17,234,0.15126050420168066,546.0,59.0,546.0,59.0,0
per_huruf,17,235,0.15190691661279895,546.046882111971,59.07692307692308,546.046882111971,59.07692307692308,0
per_huruf,17,236,0.15255332902391724,546.1087847064179,59.15384615384615,546.1087847064179,59.15384615384615,0
per_huruf,17,237,0.15319974143503554,546.182976786527,59.230769230769226,546.182976786527,59.230769230769226,0
per_huruf,17,238,0.15384615384615385,546.2667273554847,59.3076923076923,546.2667273554847,59.3076923076923,0
per_huruf,17,239,0.15449256625727215,546.3573054164771,59.384615384615394,546.3573054164771,59.384615384615394,0
per_huruf,17,240,0.15513897866839044,546.4519799726901,59.46153846153847,546.4519799726901,59.46153846153847,0
per_huruf,17,241,0.15578539107950873,546.54802002731,59.53846153846154,546.54802002731,59.53846153846154,0
per_huruf,17,242,0.15643180349062702,546.642694583523,59.61538461538462,546.642694583523,59.61538461538462,0
per_huruf,17,243,0.1570782159017453,546.7332726445152,59.69230769230769,546.7332726445152,59.69230769230769,0
per_huruf,17,244,0.1577246283128636,546.8170232134729,59.76923076923076,546.8170232134729,59.76923076923076,0
per_huruf,17,245,0.1583710407239819,546.8912152935821,59.84615384615384,546.8912152935821,59.84615384615384,0
per_huruf,17,246,0.15901745313510018,546.9531178880292,59.92307692307692,546.9531178880292,59.92307692307692,0
per_huruf,17,247,0.15966386554621848,547.0,60.0,547.0,60.0,0
per_huruf,17,248,0.16031027795733677,547.0327719617661,60.07692307692309,547.0327719617661,60.07692307692309,0
per_huruf,17,249,0.16095669036845506,547.0550751024124,60.15384615384615,547.0550751024124,60.15384615384615,0
per_huruf,17,250,0.16160310277957338,547.0682749203457,60.23076923076922,547.0682749203457,60.23076923076922,0
per_huruf,17,251,0.16224951519069167,547.0737369139734,60.30769230769231,547.0737369139734,60.30769230769231,0
per_huruf,17,252,0.16289592760180996,547.0728265817024,60.38461538461539,547.0728265817024,60.38461538461539,0
per_huruf,17,253,0.16354234001292825,547.066909421939,60.46153846153847,547.066909421939,60.46153846153847,0
per_huruf,17,254,0.16418875242404654,547.0573509330906,60.53846153846155,547.0573509330906,60.53846153846155,0
per_huruf,17,255,0.16483516483516483,547.0455166135639,60.61538461538462,547.0455166135639,60.61538461538462,0
per_huruf,17,256,0.16548157724628312,547.032771961766,60.692307692307686,547.032771961766,60.692307692307686,0
per_huruf,17,257,0.16612798965740141,547.0204824761037,60.76923076923076,547.0204824761037,60.76923076923076,0
per_huruf,17,258,0.1667744020685197,547.010013654984,60.84615384615385,547.010013654984,60.84615384615385,0
per_huruf,17,259,0.167420814479638,547.0027309968139,60.92307692307692,547.0027309968139,60.92307692307692,0
per_huruf,17,260,0.1680672268907563,547.0,61.0,547.0,61.0,0
per_huruf,17,261,0.16871363930187458,547.0000000000001,61.07692307692309,547.0000000000001,61.07692307692309,0
per_huruf,17,262,0.16936005171299287,547.0,61.15384615384615,547.0,61.15384615384615,0
per_huruf,17,263,0.1700064641241112,546.9999999999999,61.230769230769226,546.9999999999999,61.230769230769226,0
per_huruf,17,264,0.17065287653522948,546.9999999999999,61.3076923076923,546.9999999999999,61.3076923076923,0
per_huruf,17,265,0.17129928894634777,547.0000000000001,61.38461538461539,547.0000000000001,61.38461538461539,0
per_huruf,17,266,0.17194570135746606,547.0,61.46153846153847,547.0,61.46153846153847,0
per_huruf,17,267,0.17259211376858435,547.0,61.53846153846153,547.0,61.53846153846153,0
per_huruf,17,268,0.17323852617970265,547.0,61.61538461538461,547.0,61.61538461538461,0
per_huruf,17,269,0.17388493859082094,547.0,61.69230769230769,547.0,61.69230769230769,0
per_huruf,17,270,0.17453135100193923,547.0,61.76923076923076,547.0,61.76923076923076,0
per_huruf,17,271,0.17517776341305752,547.0,61.84615384615385,547.0,61.84615384615385,0
per_huruf,17,272,0.1758241758241758,547.0,61.92307692307692,547.0,61.92307692307692,0
per_huruf,17,273,0.1764705882352941,547.0,62.0,547.0,62.0,0
per_huruf,17,274,0.1771170006464124,546.9972690031863,62.07692307692309,546.9972690031863,62.07692307692309,0
per_huruf,17,275,0.1777634130575307,546.989986345016,62.15384615384616,546.989986345016,62.15384615384616,0
per_huruf,17,276,0.178409825468649,546.9795175238961,62.23076923076922,546.9795175238961,62.23076923076922,0
per_huruf,17,277,0.1790562378797673,546.9672280382339,62.30769230769231,546.9672280382339,62.30769230769231,0
per_huruf,17,278,0.17970265029088558,546.9544833864362,62.384615384615394,546.9544833864362,62.384615384615394,0
per_huruf,17,279,0.18034906270200388,546.9426490669094,62.46153846153847,546.9426490669094,62.46153846153847,0
per_huruf,17,280,0.18099547511312217,546.9330905780611,62.53846153846154,546.9330905780611,62.53846153846154,0
per_huruf,17,281,0.18164188752424046,546.9271734182977,62.61538461538462,546.9271734182977,62.61538461538462,0
per_huruf,17,282,0.18228829993535875,546.9262630860264,62.69230769230769,546.9262630860264,62.69230769230769,0
per_huruf,17,283,0.18293471234647704,546.931725079654,62.76923076923077,546.931725079654,62.76923076923077,0
per_huruf,17,284,0.18358112475759533,546.9449248975876,62.84615384615385,546.9449248975876,62.84615384615385,0
per_huruf,17,285,0.18422753716871362,546.967228038234,62.92307692307692,546.967228038234,62.92307692307692,0
per_huruf,17,286,0.18487394957983191,547.0,63.0,547.0,63.0,0
per_huruf,17,287,0.18552036199095023,547.046882111971,63.07692307692309,547.046882111971,63.07692307692309,0
per_huruf,17,288,0.18616677440206852,547.108784706418,63.15384615384615,547.108784706418,63.15384615384615,0
per_huruf,17,289,0.18681318681318682,547.182976786527,63.23076923076922,547.182976786527,63.23076923076922,0
per_huruf,17,290,0.1874595992243051,547.2667273554846,63.3076923076923,547.2667273554846,63.3076923076923,0
per_huruf,17,291,0.1881060116354234,547.3573054164771,63.384615384615394,547.3573054164771,63.384615384615394,0
per_huruf,17,292,0.1887524240465417,547.4519799726901,63.46153846153847,547.4519799726901,63.46153846153847,0
per_huruf,17,293,0.18939883645765998,547.54802002731,63.53846153846154,547.54802002731,63.53846153846154,0
per_huruf,17,294,0.19004524886877827,547.642694583523,63.61538461538462,547.642694583523,63.61538461538462,0
per_huruf,17,295,0.19069166127989656,547.7332726445153,63.69230769230769,547.7332726445153,63.69230769230769,0
per_huruf,17,296,0.19133807369101485,547.8170232134729,63.76923076923076,547.8170232134729,63.76923076923076,0
per_huruf,17,297,0.19198448610213315,547.8912152935823,63.84615384615385,547.8912152935823,63.84615384615385,0
per_huruf,17,298,0.19263089851325144,547.953117888029,63.92307692307692,547.953117888029,63.92307692307692,0
per_huruf,17,299,0.19327731092436976,548.0,64.0,548.0,64.0,0
per_huruf,17,300,0.19392372333548805,548.0327719617661,64.07692307692308,548.0327719617661,64.07692307692308,0
per_huruf,17,301,0.19457013574660634,548.0550751024125,64.15384615384616,548.0550751024125,64.15384615384616,0
per_huruf,17,302,0.19521654815772463,548.0682749203459,64.23076923076923,548.0682749203459,64.23076923076923,0
per_huruf,17,303,0.19586296056884292,548.0737369139736,64.30769230769229,548.0737369139736,64.30769230769229,0
per_huruf,17,304,0.1965093729799612,548.0728265817023,64.38461538461539,548.0728265817023,64.38461538461539,0
per_huruf,17,305,0.1971557853910795,548.066909421939,64.46153846153847,548.066909421939,64.46153846153847,0
per_huruf,17,306,0.1978021978021978,548.0573509330906,64.53846153846153,548.0573509330906,64.53846153846153,0
per_huruf,17,307,0.19844861021331608,548.0455166135639,64.61538461538463,548.0455166135639,64.61538461538463,0
per_huruf,17,308,0.19909502262443438,548.032771961766,64.6923076923077,548.032771961766,64.6923076923077,0
per_huruf,17,309,0.19974143503555267,548.0204824761038,64.76923076923077,548.0204824761038,64.76923076923077,0
per_huruf,17,310,0.20038784744667096,548.010013654984,64.84615384615385,548.010013654984,64.84615384615385,0
per_huruf,17,311,0.20103425985778928,548.0027309968139,64.92307692307692,548.0027309968139,64.92307692307692,0
per_huruf,17,312,0.20168067226890757,548.0,65.0,548.0,65.0,0
per_huruf,17,313,0.20232708468002586,548.0000000000001,65.07692307692308,548.0000000000001,65.07692307692308,0
per_huruf,17,314,0.20297349709114415,548.0000000000001,65.15384615384616,548.0000000000001,65.15384615384616,0
per_huruf,17,315,0.20361990950226244,548.0,65.23076923076923,548.0,65.23076923076923,0
per_huruf,17,316,0.20426632191338073,548.0,65.3076923076923,548.0,65.3076923076923,0
per_huruf,17,317,0.20491273432449902,548.0,65.38461538461539,548.0,65.38461538461539,0
per_huruf,17,318,0.20555914673561732,548.0,65.46153846153847,548.0,65.46153846153847,0
per_huruf,17,319,0.2062055591467356,548.0,65.53846153846153,548.0,65.53846153846153,0
per_huruf,17,320,0.2068519715578539,548.0,65.61538461538461,548.0,65.61538461538461,0
per_huruf,17,321,0.2074983839689722,548.0,65.6923076923077,548.0,65.6923076923077,0
per_huruf,17,322,0.20814479638009048,548.0,65.76923076923077,548.0,65.76923076923077,0
per_huruf,17,323,0.20879120879120877,548.0,65.84615384615384,548.0,65.84615384615384,0
per_huruf,17,324,0.2094376212023271,548.0,65.92307692307692,548.0,65.92307692307692,0
per_huruf,17,325,0.21008403361344538,548.0,66.0,548.0,66.0,0
per_huruf,17,326,0.21073044602456367,548.0000000000001,66.07692307692308,548.0000000000001,66.07692307692308,0
per_huruf,17,327,0.21137685843568196,548.0000000000001,66.15384615384616,548.0000000000001,66.15384615384616,0
per_huruf,17,328,0.21202327084680025,548.0,66.23076923076923,548.0,66.23076923076923,0
per_huruf,17,329,0.21266968325791855,548.0,66.30769230769229,548.0,66.30769230769229,0
per_huruf,17,330,0.21331609566903684,548.0,66.3846153846154,548.0,66.3846153846154,0
per_huruf,17,331,0.21396250808015513,548.0,66.46153846153847,548.0,66.46153846153847,0
per_huruf,17,332,0.21460892049127342,548.0,66.53846153846155,548.0,66.53846153846155,0
per_huruf,17,333,0.2152553329023917,548.0,66.61538461538463,548.0,66.61538461538463,0
per_huruf,17,334,0.21590174531351,548.0,66.6923076923077,548.0,66.6923076923077,0
per_huruf,17,335,0.2165481577246283,548.0,66.76923076923077,548.0,66.76923076923077,0
per_huruf,17,336,0.2171945701357466,548.0,66.84615384615385,548.0,66.84615384615385,0
per_huruf,17,337,0.2178409825468649,548.0,66.92307692307692,548.0,66.92307692307692,0
per_huruf,17,338,0.2184873949579832,548.0,67.0,548.0,67.0,0
per_huruf,17,339,0.21913380736910149,547.9972690031863,67.07692307692308,547.9972690031863,67.07692307692308,0
per_huruf,17,340,0.21978021978021978,547.9899863450161,67.15384615384616,547.9899863450161,67.15384615384616,0
per_huruf,17,341,0.22042663219133807,547.9795175238962,67.23076923076923,547.9795175238962,67.23076923076923,0
per_huruf,17,342,0.22107304460245636,547.967228038234,67.3076923076923,547.967228038234,67.3076923076923,0
per_huruf,17,343,0.22171945701357465,547.9544833864361,67.38461538461539,547.9544833864361,67.38461538461539,0
per_huruf,17,344,0.22236586942469294,547.9426490669094,67.46153846153847,547.9426490669094,67.46153846153847,0
per_huruf,17,345,0.22301228183581123,547.933090578061,67.53846153846153,547.933090578061,67.53846153846153,0
per_huruf,17,346,0.22365869424692952,547.9271734182977,67.61538461538461,547.9271734182977,67.61538461538461,0
per_huruf,17,347,0.22430510665804781,547.9262630860264,67.69230769230768,547.9262630860264,67.69230769230768,0
per_huruf,17,348,0.22495151906916613,547.931725079654,67.76923076923076,547.931725079654,67.76923076923076,0
per_huruf,17,349,0.22559793148028442,547.9449248975877,67.84615384615385,547.9449248975877,67.84615384615385,0
per_huruf,17,350,0.22624434389140272,547.9672280382339,67.92307692307692,547.9672280382339,67.92307692307692,0
per_huruf,17,351,0.226890756302521,548.0,68.0,548.0,68.0,0
per_huruf,17,352,0.2275371687136393,548.046882111971,68.0769230769231,548.046882111971,68.0769230769231,0
per_huruf,17,353,0.2281835811247576,548.108784706418,68.15384615384616,548.108784706418,68.15384615384616,0
per_huruf,17,354,0.22882999353587588,548.182976786527,68.23076923076921,548.182976786527,68.23076923076921,0
per_huruf,17,355,0.22947640594699417,548.2667273554847,68.30769230769229,548.2667273554847,68.30769230769229,0
per_huruf,17,356,0.23012281835811246,548.3573054164771,68.38461538461539,548.3573054164771,68.38461538461539,0
per_huruf,17,357,0.23076923076923075,548.4519799726901,68.46153846153847,548.4519799726901,68.46153846153847,0
per_huruf,17,358,0.23141564318034905,548.5480200273099,68.53846153846153,548.5480200273099,68.53846153846153,0
per_huruf,17,359,0.23206205559146734,548.642694583523,68.61538461538461,548.642694583523,68.61538461538461,0
per_huruf,17,360,0.23270846800258566,548.7332726445152,68.6923076923077,548.7332726445152,68.6923076923077,0
per_huruf,17,361,0.23335488041370395,548.8170232134729,68.76923076923077,548.8170232134729,68.76923076923077,0
per_huruf,17,362,0.23400129282482224,548.8912152935821,68.84615384615385,548.8912152935821,68.84615384615385,0
per_huruf,17,363,0.23464770523594053,548.953117888029,68.92307692307692,548.953117888029,68.92307692307692,0
per_huruf,17,364,0.23529411764705882,549.0,69.0,549.0,69.0,0
per_huruf,17,365,0.2359405300581771,549.0300409649523,69.07692307692308,549.0300409649523,69.07692307692308,0
per_huruf,17,366,0.2365869424692954,549.0450614474283,69.15384615384615,549.0450614474283,69.15384615384615,0
per_huruf,17,367,0.2372333548804137,549.0477924442421,69.23076923076921,549.0477924442421,69.23076923076921,0
per_huruf,17,368,0.23787976729153198,549.0409649522076,69.30769230769229,549.0409649522076,69.30769230769229,0
per_huruf,17,369,0.23852617970265028,549.0273099681384,69.38461538461539,549.0273099681384,69.38461538461539,0
per_huruf,17,370,0.23917259211376857,549.0095584888485,69.46153846153847,549.0095584888485,69.46153846153847,0
per_huruf,17,371,0.23981900452488686,548.9904415111515,69.53846153846155,548.9904415111515,69.53846153846155,0
per_huruf,17,372,0.24046541693600518,548.9726900318617,69.61538461538461,548.9726900318617,69.61538461538461,0
per_huruf,17,373,0.24111182934712347,548.9590350477924,69.6923076923077,548.9590350477924,69.6923076923077,0
per_huruf,17,374,0.24175824175824176,548.9522075557578,69.76923076923077,548.9522075557578,69.76923076923077,0
per_huruf,17,375,0.24240465416936005,548.9549385525718,69.84615384615385,548.9549385525718,69.84615384615385,0
per_huruf,17,376,0.24305106658047834,548.9699590350477,69.92307692307692,548.9699590350477,69.92307692307692,0
per_huruf,17,377,0.24369747899159663,549.0,70.0,549.0,70.0,0
per_huruf,17,378,0.24434389140271492,549.046882111971,70.0769230769231,549.046882111971,70.0769230769231,0
per_huruf,17,379,0.24499030381383322,549.1087847064179,70.15384615384615,549.1087847064179,70.15384615384615,0
per_huruf,17,380,0.2456367162249515,549.182976786527,70.23076923076921,549.182976786527,70.23076923076921,0
per_huruf,17,381,0.2462831286360698,549.2667273554847,70.3076923076923,549.2667273554847,70.3076923076923,0
per_huruf,17,382,0.2469295410471881,549.3573054164771,70.38461538461539,549.3573054164771,70.38461538461539,0
per_huruf,17,383,0.24757595345830638,549.4519799726901,70.46153846153848,549.4519799726901,70.46153846153848,0
per_huruf,17,384,0.2482223658694247,549.5480200273099,70.53846153846155,549.5480200273099,70.53846153846155,0
per_huruf,17,385,0.248868778280543,549.642694583523,70.61538461538461,549.642694583523,70.61538461538461,0
per_huruf,17,386,0.24951519069166128,549.7332726445153,70.6923076923077,549.7332726445153,70.6923076923077,0
per_huruf,17,387,0.2501616031027796,549.8170232134729,70.76923076923077,549.8170232134729,70.76923076923077,0
per_huruf,17,388,0.25080801551389786,549.8912152935823,70.84615384615385,549.8912152935823,70.84615384615385,0
per_huruf,17,389,0.25145442792501616,549.953117888029,70.92307692307692,549.953117888029,70.92307692307692,0
per_huruf,17,390,0.25210084033613445,550.0,71.0,550.0,71.0,0
per_huruf,17,391,0.25274725274725274,550.0300409649523,71.07692307692308,550.0300409649523,71.07692307692308,0
per_huruf,17,392,0.25339366515837103,550.0450614474285,71.15384615384616,550.0450614474285,71.15384615384616,0
per_huruf,17,393,0.2540400775694893,550.0477924442421,71.23076923076921,550.0477924442421,71.23076923076921,0
per_huruf,17,394,0.2546864899806076,550.0409649522074,71.3076923076923,550.0409649522074,71.3076923076923,0
per_huruf,17,395,0.2553329023917259,550.0273099681384,71.38461538461539,550.0273099681384,71.38461538461539,0
per_huruf,17,396,0.2559793148028442,550.0095584888485,71.46153846153847,550.0095584888485,71.46153846153847,0
per_huruf,17,397,0.2566257272139625,549.9904415111515,71.53846153846153,549.9904415111515,71.53846153846153,0
per_huruf,17,398,0.2572721396250808,549.9726900318617,71.61538461538461,549.9726900318617,71.61538461538461,0
per_huruf,17,399,0.25791855203619907,549.9590350477924,71.6923076923077,549.9590350477924,71.6923076923077,0
per_huruf,17,400,0.25856496444731736,549.9522075557578,71.76923076923077,549.9522075557578,71.76923076923077,0
per_huruf,17,401,0.25921137685843565,549.9549385525718,71.84615384615385,549.9549385525718,71.84615384615385,0
per_huruf,17,402,0.25985778926955394,549.9699590350477,71.92307692307692,549.9699590350477,71.92307692307692,0
per_huruf,17,403,0.2605042016806723,550.0,72.0,550.0,72.0,0
per_huruf,17,404,0.2611506140917906,550.0441511151571,72.07692307692308,550.0441511151571,72.07692307692308,0
per_huruf,17,405,0.26179702650290887,550.0987710514338,72.15384615384616,550.0987710514338,72.15384615384616,0
per_huruf,17,406,0.26244343891402716,550.1624943104232,72.23076923076923,550.1624943104232,72.23076923076923,0
per_huruf,17,407,0.26308985132514545,550.2339553937186,72.30769230769229,550.2339553937186,72.30769230769229,0
per_huruf,17,408,0.26373626373626374,550.3117888029132,72.38461538461539,550.3117888029132,72.38461538461539,0
per_huruf,17,409,0.26438267614738203,550.3946290395995,72.46153846153845,550.3946290395995,72.46153846153845,0
per_huruf,17,410,0.2650290885585003,550.4811106053709,72.53846153846153,550.4811106053709,72.53846153846153,0
per_huruf,17,411,0.2656755009696186,550.5698680018206,72.61538461538461,550.5698680018206,72.61538461538461,0
per_huruf,17,412,0.2663219133807369,550.6595357305416,72.69230769230768,550.6595357305416,72.69230769230768,0
per_huruf,17,413,0.2669683257918552,550.7487482931269,72.76923076923077,550.7487482931269,72.76923076923077,0
per_huruf,17,414,0.2676147382029735,550.8361401911698,72.84615384615384,550.8361401911698,72.84615384615384,0
per_huruf,17,415,0.2682611506140918,550.920345926263,72.92307692307692,550.920345926263,72.92307692307692,0
per_huruf,17,416,0.2689075630252101,551.0,73.0,551.0,73.0,0
per_huruf,17,417,0.26955397543632836,551.0769230769232,73.07965407373692,551.0769230769232,73.07965407373692,0
per_huruf,17,418,0.27020038784744665,551.1538461538462,73.16385980883021,551.1538461538462,73.16385980883021,0
per_huruf,17,419,0.27084680025856495,551.2307692307692,73.251251706873,551.2307692307692,73.251251706873,0
per_huruf,17,420,0.27149321266968324,551.3076923076922,73.34046426945834,551.3076923076922,73.34046426945834,0
per_huruf,17,421,0.27213962508080153,551.3846153846155,73.43013199817935,551.3846153846155,73.43013199817935,0
per_huruf,17,422,0.2727860374919198,551.4615384615386,73.51888939462903,551.4615384615386,73.51888939462903,0
per_huruf,17,423,0.2734324499030381,551.5384615384615,73.60537096040055,551.5384615384615,73.60537096040055,0
per_huruf,17,424,0.2740788623141564,551.6153846153846,73.68821119708693,551.6153846153846,73.68821119708693,0
per_huruf,17,425,0.2747252747252747,551.6923076923076,73.7660446062813,551.6923076923076,73.7660446062813,0
per_huruf,17,426,0.275371687136393,551.7692307692307,73.83750568957669,551.7692307692307,73.83750568957669,0
per_huruf,17,427,0.27601809954751133,551.8461538461538,73.90122894856623,551.8461538461538,73.90122894856623,0
per_huruf,17,428,0.2766645119586296,551.9230769230769,73.95584888484296,551.9230769230769,73.95584888484296,0
per_huruf,17,429,0.2773109243697479,552.0,74.0,552.0,74.0,0
per_huruf,17,430,0.2779573367808662,552.0769230769231,74.03277196176604,552.0769230769231,74.03277196176604,0
per_huruf,17,431,0.2786037491919845,552.1538461538463,74.05507510241237,552.1538461538463,74.05507510241237,0
per_huruf,17,432,0.2792501616031028,552.2307692307692,74.06827492034593,552.2307692307692,74.06827492034593,0
per_huruf,17,433,0.2798965740142211,552.3076923076923,74.07373691397359,552.3076923076923,74.07373691397359,0
per_huruf,17,434,0.28054298642533937,552.3846153846155,74.07282658170232,552.3846153846155,74.07282658170232,0
per_huruf,17,435,0.28118939883645766,552.4615384615386,74.06690942193902,552.4615384615386,74.06690942193902,0
per_huruf,17,436,0.28183581124757595,552.5384615384615,74.05735093309058,552.5384615384615,74.05735093309058,0
per_huruf,17,437,0.28248222365869424,552.6153846153846,74.04551661356396,552.6153846153846,74.04551661356396,0
per_huruf,17,438,0.28312863606981253,552.6923076923076,74.03277196176603,552.6923076923076,74.03277196176603,0
per_huruf,17,439,0.2837750484809308,552.7692307692307,74.02048247610378,552.7692307692307,74.02048247610378,0
per_huruf,17,440,0.2844214608920491,552.8461538461538,74.01001365498408,552.8461538461538,74.01001365498408,0
per_huruf,17,441,0.2850678733031674,552.9230769230769,74.00273099681384,552.9230769230769,74.00273099681384,0
per_huruf,17,442,0.2857142857142857,553.0,74.0,553.0,74.0,0
per_huruf,17,443,0.286360698125404,553.0769230769231,73.99726900318616,553.0769230769231,73.99726900318616,0
per_huruf,17,444,0.2870071105365223,553.1538461538462,73.98998634501592,553.1538461538462,73.98998634501592,0
per_huruf,17,445,0.28765352294764057,553.2307692307693,73.97951752389622,553.2307692307693,73.97951752389622,0
per_huruf,17,446,0.28829993535875886,553.3076923076923,73.96722803823394,553.3076923076923,73.96722803823394,0
per_huruf,17,447,0.28894634776987715,553.3846153846155,73.95448338643607,553.3846153846155,73.95448338643607,0
per_huruf,17,448,0.28959276018099545,553.4615384615386,73.94264906690942,553.4615384615386,73.94264906690942,0
per_huruf,17,449,0.29023917259211374,553.5384615384615,73.933090578061,553.5384615384615,73.933090578061,0
per_huruf,17,450,0.29088558500323203,553.6153846153845,73.92717341829768,553.6153846153845,73.92717341829768,0
per_huruf,17,451,0.2915319974143503,553.6923076923076,73.92626308602641,553.6923076923076,73.92626308602641,0
per_huruf,17,452,0.29217840982546867,553.7692307692307,73.93172507965406,553.7692307692307,73.93172507965406,0
per_huruf,17,453,0.29282482223658696,553.8461538461538,73.94492489758761,553.8461538461538,73.94492489758761,0
per_huruf,17,454,0.29347123464770525,553.9230769230769,73.96722803823396,553.9230769230769,73.96722803823396,0
per_huruf,17,455,0.29411764705882354,554.0,74.0,554.0,74.0,0
per_huruf,17,456,0.29476405946994183,554.0769230769232,74.04415111515704,554.0769230769232,74.04415111515704,0
per_huruf,17,457,0.2954104718810601,554.1538461538462,74.09877105143377,554.1538461538462,74.09877105143377,0
per_huruf,17,458,0.2960568842921784,554.230769230769,74.1624943104233,554.230769230769,74.1624943104233,0
per_huruf,17,459,0.2967032967032967,554.3076923076923,74.2339553937187,554.3076923076923,74.2339553937187,0
per_huruf,17,460,0.297349709114415,554.3846153846155,74.31178880291309,554.3846153846155,74.31178880291309,0
per_huruf,17,461,0.2979961215255333,554.4615384615386,74.39462903959947,554.4615384615386,74.39462903959947,0
per_huruf,17,462,0.2986425339366516,554.5384615384615,74.48111060537096,554.5384615384615,74.48111060537096,0
per_huruf,17,463,0.29928894634776987,554.6153846153846,74.56986800182068,554.6153846153846,74.56986800182068,0
per_huruf,17,464,0.29993535875888816,554.6923076923076,74.65953573054165,554.6923076923076,74.65953573054165,0
per_huruf,17,465,0.30058177117000645,554.7692307692307,74.748748293127,554.7692307692307,74.748748293127,0
per_huruf,17,466,0.30122818358112474,554.8461538461538,74.83614019116978,554.8461538461538,74.83614019116978,0
per_huruf,17,467,0.30187459599224303,554.9230769230769,74.92034592626308,554.9230769230769,74.92034592626308,0
per_huruf,17,468,0.3025210084033613,555.0,75.0,555.0,75.0,0
per_huruf,17,469,0.3031674208144796,555.0769230769232,75.07965407373692,555.0769230769232,75.07965407373692,0
per_huruf,17,470,0.3038138332255979,555.1538461538463,75.16385980883022,555.1538461538463,75.16385980883022,0
per_huruf,17,471,0.3044602456367162,555.2307692307692,75.251251706873,555.2307692307692,75.251251706873,0
per_huruf,17,472,0.3051066580478345,555.3076923076923,75.34046426945835,555.3076923076923,75.34046426945835,0
per_huruf,17,473,0.3057530704589528,555.3846153846155,75.43013199817935,555.3846153846155,75.43013199817935,0
per_huruf,17,474,0.30639948287007107,555.4615384615385,75.51888939462903,555.4615384615385,75.51888939462903,0
per_huruf,17,475,0.30704589528118936,555.5384615384615,75.60537096040053,555.5384615384615,75.60537096040053,0
per_huruf,17,476,0.3076923076923077,555.6153846153846,75.68821119708693,555.6153846153846,75.68821119708693,0
per_huruf,17,477,0.308338720103426,555.6923076923076,75.76604460628128,555.6923076923076,75.76604460628128,0
per_huruf,17,478,0.3089851325145443,555.7692307692307,75.83750568957669,555.7692307692307,75.83750568957669,0
per_huruf,17,479,0.3096315449256626,555.8461538461538,75.90122894856623,555.8461538461538,75.90122894856623,0
per_huruf,17,480,0.3102779573367809,555.9230769230769,75.95584888484296,555.9230769230769,75.95584888484296,0
per_huruf,17,481,0.31092436974789917,556.0,76.0,556.0,76.0,0
per_huruf,17,482,0.31157078215901746,556.0769230769232,76.03277196176606,556.0769230769232,76.03277196176606,0
per_huruf,17,483,0.31221719457013575,556.1538461538462,76.0550751024124,556.1538461538462,76.0550751024124,0
per_huruf,17,484,0.31286360698125404,556.2307692307692,76.06827492034591,556.2307692307692,76.06827492034591,0
per_huruf,17,485,0.31351001939237233,556.3076923076923,76.0737369139736,556.3076923076923,76.0737369139736,0
per_huruf,17,486,0.3141564318034906,556.3846153846155,76.07282658170233,556.3846153846155,76.07282658170233,0
per_huruf,17,487,0.3148028442146089,556.4615384615386,76.06690942193902,556.4615384615386,76.06690942193902,0
per_huruf,17,488,0.3154492566257272,556.5384615384615,76.05735093309058,556.5384615384615,76.05735093309058,0
per_huruf,17,489,0.3160956690368455,556.6153846153846,76.04551661356396,556.6153846153846,76.04551661356396,0
per_huruf,17,490,0.3167420814479638,556.6923076923076,76.03277196176604,556.6923076923076,76.03277196176604,0
per_huruf,17,491,0.3173884938590821,556.7692307692307,76.02048247610378,556.7692307692307,76.02048247610378,0
per_huruf,17,492,0.31803490627020037,556.8461538461538,76.01001365498406,556.8461538461538,76.01001365498406,0
per_huruf,17,493,0.31868131868131866,556.9230769230769,76.00273099681384,556.9230769230769,76.00273099681384,0
per_huruf,17,494,0.31932773109243695,557.0,76.0,557.0,76.0,0
per_huruf,17,495,0.31997414350355524,557.0769230769231,76.00000000000001,557.0769230769231,76.00000000000001,0
per_huruf,17,496,0.32062055591467353,557.1538461538462,76.00000000000001,557.1538461538462,76.00000000000001,0
per_huruf,17,497,0.3212669683257918,557.2307692307692,76.0,557.2307692307692,76.0,0
per_huruf,17,498,0.3219133807369101,557.3076923076924,76.0,557.3076923076924,76.0,0
per_huruf,17,499,0.3225597931480284,557.3846153846155,76.00000000000001,557.3846153846155,76.00000000000001,0
per_huruf,17,500,0.32320620555914675,557.4615384615385,76.00000000000001,557.4615384615385,76.00000000000001,0
per_huruf,17,501,0.32385261797026504,557.5384615384615,76.0,557.5384615384615,76.0,0
per_huruf,17,502,0.32449903038138334,557.6153846153846,76.0,557.6153846153846,76.0,0
per_huruf,17,503,0.3251454427925016,557.6923076923076,76.0,557.6923076923076,76.0,0
per_huruf,17,504,0.3257918552036199,557.7692307692307,76.0,557.7692307692307,76.0,0
per_huruf,17,505,0.3264382676147382,557.8461538461538,76.0,557.8461538461538,76.0,0
per_huruf,17,506,0.3270846800258565,557.9230769230769,76.0,557.9230769230769,76.0,0
per_huruf,17,507,0.3277310924369748,558.0,76.0,558.0,76.0,0
per_huruf,17,508,0.3283775048480931,558.0769230769231,76.00000000000001,558.0769230769231,76.00000000000001,0
per_huruf,17,509,0.3290239172592114,558.1538461538462,76.00000000000001,558.1538461538462,76.00000000000001,0
per_huruf,17,510,0.32967032967032966,558.2307692307692,76.0,558.2307692307692,76.0,0
per_huruf,17,511,0.33031674208144796,558.3076923076923,76.0,558.3076923076923,76.0,0
per_huruf,17,512,0.33096315449256625,558.3846153846155,76.00000000000001,558.3846153846155,76.00000000000001,0
per_huruf,17,513,0.33160956690368454,558.4615384615385,76.00000000000001,558.4615384615385,76.00000000000001,0
per_huruf,17,514,0.33225597931480283,558.5384615384615,76.0,558.5384615384615,76.0,0
per_huruf,17,515,0.3329023917259211,558.6153846153846,76.0,558.6153846153846,76.0,0
per_huruf,17,516,0.3335488041370394,558.6923076923076,76.0,558.6923076923076,76.0,0
per_huruf,17,517,0.3341952165481577,558.7692307692307,76.0,558.7692307692307,76.0,0
per_huruf,17,518,0.334841628959276,558.8461538461538,76.0,558.8461538461538,76.0,0
per_huruf,17,519,0.3354880413703943,558.9230769230769,76.0,558.9230769230769,76.0,0
per_huruf,17,520,0.3361344537815126,559.0,76.0,559.0,76.0,0
per_huruf,17,521,0.33678086619263087,559.0769230769232,76.00000000000001,559.0769230769232,76.00000000000001,0
per_huruf,17,522,0.33742727860374916,559.1538461538462,76.00000000000001,559.1538461538462,76.00000000000001,0
per_huruf,17,523,0.33807369101486745,559.2307692307692,76.0,559.2307692307692,76.0,0
per_huruf,17,524,0.33872010342598574,559.3076923076923,76.0,559.3076923076923,76.0,0
per_huruf,17,525,0.3393665158371041,559.3846153846155,76.00000000000001,559.3846153846155,76.00000000000001,0
per_huruf,17,526,0.3400129282482224,559.4615384615386,76.00000000000001,559.4615384615386,76.00000000000001,0
per_huruf,17,527,0.34065934065934067,559.5384615384615,76.0,559.5384615384615,76.0,0
per_huruf,17,528,0.34130575307045896,559.6153846153846,76.0,559.6153846153846,76.0,0
per_huruf,17,529,0.34195216548157725,559.6923076923076,76.0,559.6923076923076,76.0,0
per_huruf,17,530,0.34259857789269554,559.7692307692307,76.0,559.7692307692307,76.0,0
per_huruf,17,531,0.34324499030381384,559.8461538461538,76.0,559.8461538461538,76.0,0
per_huruf,17,532,0.3438914027149321,559.9230769230769,76.0,559.9230769230769,76.0,0
per_huruf,17,533,0.3445378151260504,560.0,76.0,560.0,76.0,0
per_huruf,17,534,0.3451842275371687,560.0769230769231,76.00000000000001,560.0769230769231,76.00000000000001,0
per_huruf,17,535,0.345830639948287,560.1538461538463,76.00000000000001,560.1538461538463,76.00000000000001,0
per_huruf,17,536,0.3464770523594053,560.2307692307692,76.0,560.2307692307692,76.0,0
per_huruf,17,537,0.3471234647705236,560.3076923076922,76.0,560.3076923076922,76.0,0
per_huruf,17,538,0.3477698771816419,560.3846153846155,76.00000000000001,560.3846153846155,76.00000000000001,0
per_huruf,17,539,0.34841628959276016,560.4615384615386,76.00000000000001,560.4615384615386,76.00000000000001,0
per_huruf,17,540,0.34906270200387846,560.5384615384615,76.0,560.5384615384615,76.0,0
per_huruf,17,541,0.34970911441499675,560.6153846153846,76.0,560.6153846153846,76.0,0
per_huruf,17,542,0.35035552682611504,560.6923076923076,76.0,560.6923076923076,76.0,0
per_huruf,17,543,0.35100193923723333,560.7692307692307,76.0,560.7692307692307,76.0,0
per_huruf,17,544,0.3516483516483516,560.8461538461538,76.0,560.8461538461538,76.0,0
per_huruf,17,545,0.3522947640594699,560.9230769230769,76.0,560.9230769230769,76.0,0
per_huruf,17,546,0.3529411764705882,561.0,76.0,561.0,76.0,0
per_huruf,17,547,0.3535875888817065,561.0769230769232,76.00000000000001,561.0769230769232,76.00000000000001,0
per_huruf,17,548,0.3542340012928248,561.1538461538463,76.00000000000001,561.1538461538463,76.00000000000001,0
per_huruf,17,549,0.35488041370394313,561.2307692307692,76.0,561.2307692307692,76.0,0
per_huruf,17,550,0.3555268261150614,561.3076923076924,76.0,561.3076923076924,76.0,0
per_huruf,17,551,0.3561732385261797,561.3846153846154,76.00000000000001,561.3846153846154,76.00000000000001,0
per_huruf,17,552,0.356819650937298,561.4615384615385,76.00000000000001,561.4615384615385,76.00000000000001,0
per_huruf,17,553,0.3574660633484163,561.5384615384615,76.0,561.5384615384615,76.0,0
per_huruf,17,554,0.3581124757595346,561.6153846153846,76.0,561.6153846153846,76.0,0
per_huruf,17,555,0.3587588881706529,561.6923076923076,76.0,561.6923076923076,76.0,0
per_huruf,17,556,0.35940530058177117,561.7692307692307,76.0,561.7692307692307,76.0,0
per_huruf,17,557,0.36005171299288946,561.8461538461538,76.0,561.8461538461538,76.0,0
per_huruf,17,558,0.36069812540400775,561.9230769230769,76.0,561.9230769230769,76.0,0
per_huruf,17,559,0.36134453781512604,562.0,76.0,562.0,76.0,0
per_huruf,17,560,0.36199095022624433,562.0769230769232,76.00273099681385,562.0769230769232,76.00273099681385,0
per_huruf,17,561,0.3626373626373626,562.1538461538462,76.01001365498408,562.1538461538462,76.01001365498408,0
per_huruf,17,562,0.3632837750484809,562.2307692307692,76.02048247610378,562.2307692307692,76.02048247610378,0
per_huruf,17,563,0.3639301874595992,562.3076923076923,76.03277196176604,562.3076923076923,76.03277196176604,0
per_huruf,17,564,0.3645765998707175,562.3846153846155,76.04551661356396,562.3846153846155,76.04551661356396,0
per_huruf,17,565,0.3652230122818358,562.4615384615385,76.05735093309059,562.4615384615385,76.05735093309059,0
per_huruf,17,566,0.3658694246929541,562.5384615384615,76.066909421939,562.5384615384615,76.066909421939,0
per_huruf,17,567,0.3665158371040724,562.6153846153846,76.07282658170232,562.6153846153846,76.07282658170232,0
per_huruf,17,568,0.36716224951519066,562.6923076923076,76.0737369139736,562.6923076923076,76.0737369139736,0
per_huruf,17,569,0.36780866192630896,562.7692307692307,76.06827492034593,562.7692307692307,76.06827492034593,0
per_huruf,17,570,0.36845507433742725,562.8461538461538,76.05507510241239,562.8461538461538,76.05507510241239,0
per_huruf,17,571,0.36910148674854554,562.9230769230769,76.03277196176604,562.9230769230769,76.03277196176604,0
per_huruf,17,572,0.36974789915966383,563.0,76.0,563.0,76.0,0
per_huruf,17,573,0.3703943115707822,563.0769230769231,75.95311788802914,563.0769230769231,75.95311788802914,0
per_huruf,17,574,0.37104072398190047,563.1538461538463,75.89121529358215,563.1538461538463,75.89121529358215,0
per_huruf,17,575,0.37168713639301876,563.2307692307693,75.81702321347291,563.2307692307693,75.81702321347291,0
per_huruf,17,576,0.37233354880413705,563.3076923076923,75.73327264451524,563.3076923076923,75.73327264451524,0
per_huruf,17,577,0.37297996121525534,563.3846153846154,75.642694583523,563.3846153846154,75.642694583523,0
per_huruf,17,578,0.37362637362637363,563.4615384615386,75.54802002730997,563.4615384615386,75.54802002730997,0
per_huruf,17,579,0.3742727860374919,563.5384615384615,75.45197997269003,563.5384615384615,75.45197997269003,0
per_huruf,17,580,0.3749191984486102,563.6153846153846,75.35730541647703,563.6153846153846,75.35730541647703,0
per_huruf,17,581,0.3755656108597285,563.6923076923076,75.26672735548475,563.6923076923076,75.26672735548475,0
per_huruf,17,582,0.3762120232708468,563.7692307692307,75.18297678652708,563.7692307692307,75.18297678652708,0
per_huruf,17,583,0.3768584356819651,563.8461538461538,75.10878470641785,563.8461538461538,75.10878470641785,0
per_huruf,17,584,0.3775048480930834,563.9230769230769,75.04688211197086,563.9230769230769,75.04688211197086,0
per_huruf,17,585,0.37815126050420167,564.0,75.0,564.0,75.0,0
per_huruf,17,586,0.37879767291531996,564.0769230769231,74.96722803823397,564.0769230769231,74.96722803823397,0
per_huruf,17,587,0.37944408532643825,564.1538461538462,74.94492489758763,564.1538461538462,74.94492489758763,0
per_huruf,17,588,0.38009049773755654,564.2307692307692,74.93172507965407,564.2307692307692,74.93172507965407,0
per_huruf,17,589,0.38073691014867483,564.3076923076923,74.92626308602638,564.3076923076923,74.92626308602638,0
per_huruf,17,590,0.3813833225597931,564.3846153846155,74.9271734182977,564.3846153846155,74.9271734182977,0
per_huruf,17,591,0.3820297349709114,564.4615384615385,74.93309057806098,564.4615384615385,74.93309057806098,0
per_huruf,17,592,0.3826761473820297,564.5384615384615,74.94264906690942,564.5384615384615,74.94264906690942,0
per_huruf,17,593,0.383322559793148,564.6153846153846,74.95448338643604,564.6153846153846,74.95448338643604,0
per_huruf,17,594,0.3839689722042663,564.6923076923076,74.96722803823396,564.6923076923076,74.96722803823396,0
per_huruf,17,595,0.3846153846153846,564.7692307692307,74.97951752389622,564.7692307692307,74.97951752389622,0
per_huruf,17,596,0.3852617970265029,564.8461538461538,74.98998634501592,564.8461538461538,74.98998634501592,0
per_huruf,17,597,0.38590820943762116,564.9230769230769,74.99726900318616,564.9230769230769,74.99726900318616,0
per_huruf,17,598,0.3865546218487395,565.0,75.0,565.0,75.0,0
per_huruf,17,599,0.3872010342598578,565.0769230769232,75.00000000000001,565.0769230769232,75.00000000000001,0
per_huruf,17,600,0.3878474466709761,565.1538461538462,75.0,565.1538461538462,75.0,0
per_huruf,17,601,0.3884938590820944,565.2307692307692,75.0,565.2307692307692,75.0,0
per_huruf,17,602,0.3891402714932127,565.3076923076923,74.99999999999999,565.3076923076923,74.99999999999999,0
per_huruf,17,603,0.38978668390433097,565.3846153846154,75.00000000000001,565.3846153846154,75.00000000000001,0
per_huruf,17,604,0.39043309631544926,565.4615384615385,75.0,565.4615384615385,75.0,0
per_huruf,17,605,0.39107950872656755,565.5384615384615,75.0,565.5384615384615,75.0,0
per_huruf,17,606,0.39172592113768584,565.6153846153845,75.0,565.6153846153845,75.0,0
per_huruf,17,607,0.39237233354880413,565.6923076923076,75.0,565.6923076923076,75.0,0
per_huruf,17,608,0.3930187459599224,565.7692307692307,75.0,565.7692307692307,75.0,0
per_huruf,17,609,0.3936651583710407,565.8461538461538,75.0,565.8461538461538,75.0,0
per_huruf,17,610,0.394311570782159,565.9230769230769,75.0,565.9230769230769,75.0,0
per_huruf,17,611,0.3949579831932773,566.0,75.0,566.0,75.0,0
per_huruf,17,612,0.3956043956043956,566.0769230769232,75.00273099681385,566.0769230769232,75.00273099681385,0
per_huruf,17,613,0.3962508080155139,566.1538461538462,75.01001365498406,566.1538461538462,75.01001365498406,0
per_huruf,17,614,0.39689722042663217,566.2307692307692,75.02048247610378,566.2307692307692,75.02048247610378,0
per_huruf,17,615,0.39754363283775046,566.3076923076923,75.03277196176603,566.3076923076923,75.03277196176603,0
per_huruf,17,616,0.39819004524886875,566.3846153846154,75.04551661356396,566.3846153846154,75.04551661356396,0
per_huruf,17,617,0.39883645765998704,566.4615384615385,75.05735093309059,566.4615384615385,75.05735093309059,0
per_huruf,17,618,0.39948287007110533,566.5384615384615,75.06690942193902,566.5384615384615,75.06690942193902,0
per_huruf,17,619,0.4001292824822236,566.6153846153846,75.07282658170233,566.6153846153846,75.07282658170233,0
per_huruf,17,620,0.4007756948933419,566.6923076923076,75.0737369139736,566.6923076923076,75.0737369139736,0
per_huruf,17,621,0.4014221073044602,566.7692307692307,75.06827492034591,566.7692307692307,75.06827492034591,0
per_huruf,17,622,0.40206851971557855,566.8461538461538,75.05507510241239,566.8461538461538,75.05507510241239,0
per_huruf,17,623,0.40271493212669685,566.9230769230769,75.03277196176604,566.9230769230769,75.03277196176604,0
per_huruf,17,624,0.40336134453781514,567.0,75.0,567.0,75.0,0
per_huruf,17,625,0.4040077569489334,567.0769230769232,74.95311788802914,567.0769230769232,74.95311788802914,0
per_huruf,17,626,0.4046541693600517,567.1538461538463,74.89121529358216,567.1538461538463,74.89121529358216,0
per_huruf,17,627,0.40530058177117,567.2307692307692,74.81702321347292,567.2307692307692,74.81702321347292,0
per_huruf,17,628,0.4059469941822883,567.3076923076923,74.73327264451524,567.3076923076923,74.73327264451524,0
per_huruf,17,629,0.4065934065934066,567.3846153846155,74.642694583523,567.3846153846155,74.642694583523,0
per_huruf,17,630,0.4072398190045249,567.4615384615385,74.54802002730997,567.4615384615385,74.54802002730997,0
per_huruf,17,631,0.4078862314156432,567.5384615384615,74.45197997269004,567.5384615384615,74.45197997269004,0
per_huruf,17,632,0.40853264382676147,567.6153846153846,74.35730541647702,567.6153846153846,74.35730541647702,0
per_huruf,17,633,0.40917905623787976,567.6923076923076,74.26672735548476,567.6923076923076,74.26672735548476,0
per_huruf,17,634,0.40982546864899805,567.7692307692307,74.18297678652708,567.7692307692307,74.18297678652708,0
per_huruf,17,635,0.41047188106011634,567.8461538461538,74.10878470641785,567.8461538461538,74.10878470641785,0
per_huruf,17,636,0.41111829347123463,567.9230769230769,74.04688211197087,567.9230769230769,74.04688211197087,0
per_huruf,17,637,0.4117647058823529,568.0,74.0,568.0,74.0,0
per_huruf,17,638,0.4124111182934712,568.0769230769231,73.9699590350478,568.0769230769231,73.9699590350478,0
per_huruf,17,639,0.4130575307045895,568.1538461538462,73.95493855257169,568.1538461538462,73.95493855257169,0
per_huruf,17,640,0.4137039431157078,568.2307692307692,73.95220755575785,568.2307692307692,73.95220755575785,0
per_huruf,17,641,0.4143503555268261,568.3076923076923,73.95903504779244,568.3076923076923,73.95903504779244,0
per_huruf,17,642,0.4149967679379444,568.3846153846155,73.97269003186165,568.3846153846155,73.97269003186165,0
per_huruf,17,643,0.41564318034906267,568.4615384615386,73.99044151115157,568.4615384615386,73.99044151115157,0
per_huruf,17,644,0.41628959276018096,568.5384615384615,74.00955848884843,568.5384615384615,74.00955848884843,0
per_huruf,17,645,0.41693600517129925,568.6153846153846,74.02730996813837,568.6153846153846,74.02730996813837,0
per_huruf,17,646,0.41758241758241754,568.6923076923076,74.04096495220756,568.6923076923076,74.04096495220756,0
per_huruf,17,647,0.4182288299935359,568.7692307692307,74.04779244424215,568.7692307692307,74.04779244424215,0
per_huruf,17,648,0.4188752424046542,568.8461538461538,74.04506144742831,568.8461538461538,74.04506144742831,0
per_huruf,17,649,0.41952165481577247,568.9230769230769,74.0300409649522,568.9230769230769,74.0300409649522,0
per_huruf,17,650,0.42016806722689076,569.0,74.0,569.0,74.0,0
per_huruf,17,651,0.42081447963800905,569.0769230769231,73.95311788802914,569.0769230769231,73.95311788802914,0
per_huruf,17,652,0.42146089204912734,569.1538461538462,73.89121529358216,569.1538461538462,73.89121529358216,0
per_huruf,17,653,0.42210730446024564,569.2307692307692,73.81702321347291,569.2307692307692,73.81702321347291,0
per_huruf,17,654,0.4227537168713639,569.3076923076923,73.73327264451524,569.3076923076923,73.73327264451524,0
per_huruf,17,655,0.4234001292824822,569.3846153846155,73.64269458352298,569.3846153846155,73.64269458352298,0
per_huruf,17,656,0.4240465416936005,569.4615384615386,73.54802002730996,569.4615384615386,73.54802002730996,0
per_huruf,17,657,0.4246929541047188,569.5384615384615,73.45197997269003,569.5384615384615,73.45197997269003,0
per_huruf,17,658,0.4253393665158371,569.6153846153846,73.35730541647702,569.6153846153846,73.35730541647702,0
per_huruf,17,659,0.4259857789269554,569.6923076923076,73.26672735548475,569.6923076923076,73.26672735548475,0
per_huruf,17,660,0.4266321913380737,569.7692307692307,73.18297678652708,569.7692307692307,73.18297678652708,0
per_huruf,17,661,0.42727860374919197,569.8461538461538,73.10878470641785,569.8461538461538,73.10878470641785,0
per_huruf,17,662,0.42792501616031026,569.9230769230769,73.04688211197087,569.9230769230769,73.04688211197087,0
per_huruf,17,663,0.42857142857142855,570.0,73.0,570.0,73.0,0
per_huruf,17,664,0.42921784098254684,570.0769230769232,72.96995903504781,570.0769230769232,72.96995903504781,0
per_huruf,17,665,0.42986425339366513,570.1538461538462,72.95493855257169,570.1538461538462,72.95493855257169,0
per_huruf,17,666,0.4305106658047834,570.230769230769,72.95220755575784,570.230769230769,72.95220755575784,0
per_huruf,17,667,0.4311570782159017,570.3076923076924,72.95903504779244,570.3076923076924,72.95903504779244,0
per_huruf,17,668,0.43180349062702,570.3846153846155,72.97269003186163,570.3846153846155,72.97269003186163,0
per_huruf,17,669,0.4324499030381383,570.4615384615385,72.99044151115157,570.4615384615385,72.99044151115157,0
per_huruf,17,670,0.4330963154492566,570.5384615384614,73.00955848884843,570.5384615384614,73.00955848884843,0
per_huruf,17,671,0.43374272786037493,570.6153846153846,73.02730996813837,570.6153846153846,73.02730996813837,0
per_huruf,17,672,0.4343891402714932,570.6923076923077,73.04096495220756,570.6923076923077,73.04096495220756,0
per_huruf,17,673,0.4350355526826115,570.7692307692307,73.04779244424213,570.7692307692307,73.04779244424213,0
per_huruf,17,674,0.4356819650937298,570.8461538461538,73.04506144742831,570.8461538461538,73.04506144742831,0
per_huruf,17,675,0.4363283775048481,570.9230769230769,73.0300409649522,570.9230769230769,73.0300409649522,0
per_huruf,17,676,0.4369747899159664,571.0,73.0,571.0,73.0,0
per_huruf,17,677,0.4376212023270847,571.0769230769232,72.9503868912153,571.0769230769232,72.9503868912153,0
per_huruf,17,678,0.43826761473820297,571.1538461538462,72.88120163859809,571.1538461538462,72.88120163859809,0
per_huruf,17,679,0.43891402714932126,571.2307692307692,72.79654073736911,571.2307692307692,72.79654073736911,0
per_huruf,17,680,0.43956043956043955,571.3076923076923,72.70050068274921,571.3076923076923,72.70050068274921,0
per_huruf,17,681,0.44020685197155784,571.3846153846155,72.59717796995903,571.3846153846155,72.59717796995903,0
per_huruf,17,682,0.44085326438267614,571.4615384615385,72.49066909421938,571.4615384615385,72.49066909421938,0
per_huruf,17,683,0.4414996767937944,571.5384615384615,72.38507055075102,571.5384615384615,72.38507055075102,0
per_huruf,17,684,0.4421460892049127,571.6153846153846,72.28447883477469,571.6153846153846,72.28447883477469,0
per_huruf,17,685,0.442792501616031,571.6923076923076,72.19299044151114,571.6923076923076,72.19299044151114,0
per_huruf,17,686,0.4434389140271493,571.7692307692307,72.11470186618115,571.7692307692307,72.11470186618115,0
per_huruf,17,687,0.4440853264382676,571.8461538461538,72.05370960400546,571.8461538461538,72.05370960400546,0
per_huruf,17,688,0.4447317388493859,571.9230769230769,72.01411015020483,571.9230769230769,72.01411015020483,0
per_huruf,17,689,0.4453781512605042,572.0,72.0,572.0,72.0,0
per_huruf,17,690,0.44602456367162246,572.0769230769231,72.01411015020483,572.0769230769231,72.01411015020483,0
per_huruf,17,691,0.44667097608274076,572.1538461538462,72.05370960400546,572.1538461538462,72.05370960400546,0
per_huruf,17,692,0.44731738849385905,572.2307692307692,72.11470186618115,572.2307692307692,72.11470186618115,0
per_huruf,17,693,0.44796380090497734,572.3076923076923,72.19299044151114,572.3076923076923,72.19299044151114,0
per_huruf,17,694,0.44861021331609563,572.3846153846155,72.28447883477469,572.3846153846155,72.28447883477469,0
per_huruf,17,695,0.449256625727214,572.4615384615386,72.38507055075102,572.4615384615386,72.38507055075102,0
per_huruf,17,696,0.44990303813833227,572.5384615384615,72.49066909421938,572.5384615384615,72.49066909421938,0
per_huruf,17,697,0.45054945054945056,572.6153846153846,72.59717796995903,572.6153846153846,72.59717796995903,0
per_huruf,17,698,0.45119586296056885,572.6923076923077,72.70050068274921,572.6923076923077,72.70050068274921,0
per_huruf,17,699,0.45184227537168714,572.7692307692307,72.79654073736913,572.7692307692307,72.79654073736913,0
per_huruf,17,700,0.45248868778280543,572.8461538461538,72.88120163859809,572.8461538461538,72.88120163859809,0
per_huruf,17,701,0.4531351001939237,572.9230769230769,72.95038689121529,572.9230769230769,72.95038689121529,0
per_huruf,17,702,0.453781512605042,573.0,73.0,573.0,73.0,0
per_huruf,17,703,0.4544279250161603,573.0769230769232,73.03277196176606,573.0769230769232,73.03277196176606,0
per_huruf,17,704,0.4550743374272786,573.1538461538463,73.05507510241239,573.1538461538463,73.05507510241239,0
per_huruf,17,705,0.4557207498383969,573.2307692307692,73.06827492034591,573.2307692307692,73.06827492034591,0
per_huruf,17,706,0.4563671622495152,573.3076923076923,73.07373691397359,573.3076923076923,73.07373691397359,0
per_huruf,17,707,0.45701357466063347,573.3846153846155,73.07282658170233,573.3846153846155,73.07282658170233,0
per_huruf,17,708,0.45765998707175176,573.4615384615385,73.06690942193902,573.4615384615385,73.06690942193902,0
per_huruf,17,709,0.45830639948287005,573.5384615384615,73.05735093309058,573.5384615384615,73.05735093309058,0
per_huruf,17,710,0.45895281189398834,573.6153846153846,73.04551661356395,573.6153846153846,73.04551661356395,0
per_huruf,17,711,0.45959922430510664,573.6923076923076,73.03277196176604,573.6923076923076,73.03277196176604,0
per_huruf,17,712,0.4602456367162249,573.7692307692307,73.02048247610378,573.7692307692307,73.02048247610378,0
per_huruf,17,713,0.4608920491273432,573.8461538461539,73.01001365498406,573.8461538461539,73.01001365498406,0
per_huruf,17,714,0.4615384615384615,573.9230769230769,73.00273099681384,573.9230769230769,73.00273099681384,0
per_huruf,17,715,0.4621848739495798,574.0,73.0,574.0,73.0,0
per_huruf,17,716,0.4628312863606981,574.0769230769231,73.00000000000001,574.0769230769231,73.00000000000001,0
per_huruf,17,717,0.4634776987718164,574.1538461538463,73.0,574.1538461538463,73.0,0
per_huruf,17,718,0.4641241111829347,574.2307692307692,72.99999999999999,574.2307692307692,72.99999999999999,0
per_huruf,17,719,0.46477052359405296,574.3076923076923,72.99999999999999,574.3076923076923,72.99999999999999,0
per_huruf,17,720,0.4654169360051713,574.3846153846155,73.0,574.3846153846155,73.0,0
per_huruf,17,721,0.4660633484162896,574.4615384615385,73.0,574.4615384615385,73.0,0
per_huruf,17,722,0.4667097608274079,574.5384615384615,73.0,574.5384615384615,73.0,0
per_huruf,17,723,0.4673561732385262,574.6153846153846,73.0,574.6153846153846,73.0,0
per_huruf,17,724,0.4680025856496445,574.6923076923076,73.0,574.6923076923076,73.0,0
per_huruf,17,725,0.46864899806076277,574.7692307692307,73.0,574.7692307692307,73.0,0
per_huruf,17,726,0.46929541047188106,574.8461538461538,73.0,574.8461538461538,73.0,0
per_huruf,17,727,0.46994182288299935,574.9230769230769,73.0,574.9230769230769,73.0,0
per_huruf,17,728,0.47058823529411764,575.0,73.0,575.0,73.0,0
per_huruf,17,729,0.47123464770523593,575.0769230769232,73.00000000000001,575.0769230769232,73.00000000000001,0
per_huruf,17,730,0.4718810601163542,575.1538461538463,73.0,575.1538461538463,73.0,0
per_huruf,17,731,0.4725274725274725,575.230769230769,72.99999999999999,575.230769230769,72.99999999999999,0
per_huruf,17,732,0.4731738849385908,575.3076923076923,72.99999999999999,575.3076923076923,72.99999999999999,0
per_huruf,17,733,0.4738202973497091,575.3846153846155,73.0,575.3846153846155,73.0,0
per_huruf,17,734,0.4744667097608274,575.4615384615385,73.0,575.4615384615385,73.0,0
per_huruf,17,735,0.4751131221719457,575.5384615384615,73.0,575.5384615384615,73.0,0
per_huruf,17,736,0.47575953458306397,575.6153846153846,73.0,575.6153846153846,73.0,0
per_huruf,17,737,0.47640594699418226,575.6923076923076,73.0,575.6923076923076,73.0,0
per_huruf,17,738,0.47705235940530055,575.7692307692307,73.0,575.7692307692307,73.0,0
per_huruf,17,739,0.47769877181641884,575.8461538461538,73.0,575.8461538461538,73.0,0
per_huruf,17,740,0.47834518422753713,575.9230769230769,73.0,575.9230769230769,73.0,0
per_huruf,17,741,0.4789915966386554,576.0,73.0,576.0,73.0,0
per_huruf,17,742,0.4796380090497737,576.0769230769232,73.00000000000001,576.0769230769232,73.00000000000001,0
per_huruf,17,743,0.480284421460892,576.1538461538462,73.0,576.1538461538462,73.0,0
per_huruf,17,744,0.48093083387201035,576.2307692307692,72.99999999999999,576.2307692307692,72.99999999999999,0
per_huruf,17,745,0.48157724628312865,576.3076923076923,72.99999999999999,576.3076923076923,72.99999999999999,0
per_huruf,17,746,0.48222365869424694,576.3846153846155,73.0,576.3846153846155,73.0,0
per_huruf,17,747,0.48287007110536523,576.4615384615386,73.0,576.4615384615386,73.0,0
per_huruf,17,748,0.4835164835164835,576.5384615384615,73.0,576.5384615384615,73.0,0
per_huruf,17,749,0.4841628959276018,576.6153846153846,73.0,576.6153846153846,73.0,0
per_huruf,17,750,0.4848093083387201,576.6923076923077,73.0,576.6923076923077,73.0,0
per_huruf,17,751,0.4854557207498384,576.7692307692307,73.0,576.7692307692307,73.0,0
per_huruf,17,752,0.4861021331609567,576.8461538461538,73.0,576.8461538461538,73.0,0
per_huruf,17,753,0.486748545572075,576.9230769230769,73.0,576.9230769230769,73.0,0
per_huruf,17,754,0.48739495798319327,577.0,73.0,577.0,73.0,0
per_huruf,17,755,0.48804137039431156,577.0769230769231,73.00000000000001,577.0769230769231,73.00000000000001,0
per_huruf,17,756,0.48868778280542985,577.1538461538462,73.0,577.1538461538462,73.0,0
per_huruf,17,757,0.48933419521654814,577.2307692307692,72.99999999999999,577.2307692307692,72.99999999999999,0
per_huruf,17,758,0.48998060762766643,577.3076923076923,72.99999999999999,577.3076923076923,72.99999999999999,0
per_huruf,17,759,0.4906270200387847,577.3846153846154,73.0,577.3846153846154,73.0,0
per_huruf,17,760,0.491273432449903,577.4615384615386,73.0,577.4615384615386,73.0,0
per_huruf,17,761,0.4919198448610213,577.5384615384615,73.0,577.5384615384615,73.0,0
per_huruf,17,762,0.4925662572721396,577.6153846153846,73.0,577.6153846153846,73.0,0
per_huruf,17,763,0.4932126696832579,577.6923076923076,73.0,577.6923076923076,73.0,0
per_huruf,17,764,0.4938590820943762,577.7692307692307,73.0,577.7692307692307,73.0,0
per_huruf,17,765,0.49450549450549447,577.8461538461538,73.0,577.8461538461538,73.0,0
per_huruf,17,766,0.49515190691661276,577.9230769230769,73.0,577.9230769230769,73.0,0
per_huruf,17,767,0.49579831932773105,578.0,73.0,578.0,73.0,0
per_huruf,17,768,0.4964447317388494,578.0769230769232,73.00000000000001,578.0769230769232,73.00000000000001,0
per_huruf,17,769,0.4970911441499677,578.1538461538462,73.0,578.1538461538462,73.0,0
per_huruf,17,770,0.497737556561086,578.2307692307692,72.99999999999999,578.2307692307692,72.99999999999999,0
per_huruf,17,771,0.49838396897220427,578.3076923076923,72.99999999999999,578.3076923076923,72.99999999999999,0
per_huruf,17,772,0.49903038138332256,578.3846153846155,73.0,578.3846153846155,73.0,0
per_huruf,17,773,0.49967679379444085,578.4615384615385,73.0,578.4615384615385,73.0,0
per_huruf,17,774,0.5003232062055591,578.5384615384615,73.0,578.5384615384615,73.0,0
per_huruf,17,775,0.5009696186166774,578.6153846153846,73.0,578.6153846153846,73.0,0
per_huruf,17,776,0.5016160310277957,578.6923076923076,73.0,578.6923076923076,73.0,0
per_huruf,17,777,0.502262443438914,578.7692307692307,73.0,578.7692307692307,73.0,0
per_huruf,17,778,0.5029088558500323,578.8461538461538,73.0,578.8461538461538,73.0,0
per_huruf,17,779,0.5035552682611506,578.9230769230769,73.0,578.9230769230769,73.0,0
per_huruf,17,780,0.5042016806722689,579.0,73.0,579.0,73.0,0
per_huruf,17,781,0.5048480930833872,579.0769230769231,73.00000000000001,579.0769230769231,73.00000000000001,0
per_huruf,17,782,0.5054945054945055,579.1538461538462,73.0,579.1538461538462,73.0,0
per_huruf,17,783,0.5061409179056238,579.2307692307692,72.99999999999999,579.2307692307692,72.99999999999999,0
per_huruf,17,784,0.5067873303167421,579.3076923076924,72.99999999999999,579.3076923076924,72.99999999999999,0
per_huruf,17,785,0.5074337427278603,579.3846153846154,73.0,579.3846153846154,73.0,0
per_huruf,17,786,0.5080801551389786,579.4615384615386,73.0,579.4615384615386,73.0,0
per_huruf,17,787,0.5087265675500969,579.5384615384615,73.0,579.5384615384615,73.0,0
per_huruf,17,788,0.5093729799612152,579.6153846153846,73.0,579.6153846153846,73.0,0
per_huruf,17,789,0.5100193923723335,579.6923076923076,73.0,579.6923076923076,73.0,0
per_huruf,17,790,0.5106658047834518,579.7692307692307,73.0,579.7692307692307,73.0,0
per_huruf,17,791,0.5113122171945701,579.8461538461538,73.0,579.8461538461538,73.0,0
per_huruf,17,792,0.5119586296056884,579.9230769230769,73.0,579.9230769230769,73.0,0
per_huruf,17,793,0.5126050420168067,580.0,73.0,580.0,73.0,0
per_huruf,17,794,0.513251454427925,580.0769230769231,73.00000000000001,580.0769230769231,73.00000000000001,0
per_huruf,17,795,0.5138978668390433,580.1538461538462,73.0,580.1538461538462,73.0,0
per_huruf,17,796,0.5145442792501616,580.2307692307692,72.99999999999999,580.2307692307692,72.99999999999999,0
per_huruf,17,797,0.5151906916612798,580.3076923076923,72.99999999999999,580.3076923076923,72.99999999999999,0
per_huruf,17,798,0.5158371040723981,580.3846153846155,73.0,580.3846153846155,73.0,0
per_huruf,17,799,0.5164835164835164,580.4615384615385,73.0,580.4615384615385,73.0,0
per_huruf,17,800,0.5171299288946347,580.5384615384615,73.0,580.5384615384615,73.0,0
per_huruf,17,801,0.517776341305753,580.6153846153846,73.0,580.6153846153846,73.0,0
per_huruf,17,802,0.5184227537168713,580.6923076923076,73.0,580.6923076923076,73.0,0
per_huruf,17,803,0.5190691661279896,580.7692307692307,73.0,580.7692307692307,73.0,0
per_huruf,17,804,0.5197155785391079,580.8461538461538,73.0,580.8461538461538,73.0,0
per_huruf,17,805,0.5203619909502263,580.9230769230769,73.0,580.9230769230769,73.0,0
per_huruf,17,806,0.5210084033613446,581.0,73.0,581.0,73.0,0
per_huruf,17,807,0.5216548157724629,581.0769230769232,73.00000000000001,581.0769230769232,73.00000000000001,0
per_huruf,17,808,0.5223012281835812,581.1538461538462,73.0,581.1538461538462,73.0,0
per_huruf,17,809,0.5229476405946994,581.2307692307693,72.99999999999999,581.2307692307693,72.99999999999999,0
per_huruf,17,810,0.5235940530058177,581.3076923076923,72.99999999999999,581.3076923076923,72.99999999999999,0
per_huruf,17,811,0.524240465416936,581.3846153846154,73.0,581.3846153846154,73.0,0
per_huruf,17,812,0.5248868778280543,581.4615384615385,73.0,581.4615384615385,73.0,0
per_huruf,17,813,0.5255332902391726,581.5384615384614,73.0,581.5384615384614,73.0,0
per_huruf,17,814,0.5261797026502909,581.6153846153846,73.0,581.6153846153846,73.0,0
per_huruf,17,815,0.5268261150614092,581.6923076923076,73.0,581.6923076923076,73.0,0
per_huruf,17,816,0.5274725274725275,581.7692307692307,73.0,581.7692307692307,73.0,0
per_huruf,17,817,0.5281189398836458,581.8461538461538,73.0,581.8461538461538,73.0,0
per_huruf,17,818,0.5287653522947641,581.9230769230769,73.0,581.9230769230769,73.0,0
per_huruf,17,819,0.5294117647058824,582.0,73.0,582.0,73.0,0
per_huruf,17,820,0.5300581771170007,582.0769230769231,73.00273099681385,582.0769230769231,73.00273099681385,0
per_huruf,17,821,0.5307045895281189,582.1538461538462,73.01001365498408,582.1538461538462,73.01001365498408,0
per_huruf,17,822,0.5313510019392372,582.2307692307692,73.02048247610377,582.2307692307692,73.02048247610377,0
per_huruf,17,823,0.5319974143503555,582.3076923076923,73.03277196176603,582.3076923076923,73.03277196176603,0
per_huruf,17,824,0.5326438267614738,582.3846153846154,73.04551661356395,582.3846153846154,73.04551661356395,0
per_huruf,17,825,0.5332902391725921,582.4615384615385,73.05735093309058,582.4615384615385,73.05735093309058,0
per_huruf,17,826,0.5339366515837104,582.5384615384615,73.06690942193902,582.5384615384615,73.06690942193902,0
per_huruf,17,827,0.5345830639948287,582.6153846153846,73.07282658170233,582.6153846153846,73.07282658170233,0
per_huruf,17,828,0.535229476405947,582.6923076923076,73.07373691397359,582.6923076923076,73.07373691397359,0
per_huruf,17,829,0.5358758888170653,582.7692307692307,73.06827492034591,582.7692307692307,73.06827492034591,0
per_huruf,17,830,0.5365223012281836,582.8461538461538,73.05507510241239,582.8461538461538,73.05507510241239,0
per_huruf,17,831,0.5371687136393019,582.9230769230769,73.03277196176604,582.9230769230769,73.03277196176604,0
per_huruf,17,832,0.5378151260504201,583.0,73.0,583.0,73.0,0
per_huruf,17,833,0.5384615384615384,583.0769230769232,72.95311788802914,583.0769230769232,72.95311788802914,0
per_huruf,17,834,0.5391079508726567,583.1538461538462,72.89121529358216,583.1538461538462,72.89121529358216,0
per_huruf,17,835,0.539754363283775,583.2307692307692,72.8170232134729,583.2307692307692,72.8170232134729,0
per_huruf,17,836,0.5404007756948933,583.3076923076923,72.73327264451525,583.3076923076923,72.73327264451525,0
per_huruf,17,837,0.5410471881060116,583.3846153846155,72.642694583523,583.3846153846155,72.642694583523,0
per_huruf,17,838,0.5416936005171299,583.4615384615385,72.54802002730996,583.4615384615385,72.54802002730996,0
per_huruf,17,839,0.5423400129282482,583.5384615384615,72.45197997269003,583.5384615384615,72.45197997269003,0
per_huruf,17,840,0.5429864253393665,583.6153846153846,72.35730541647702,583.6153846153846,72.35730541647702,0
per_huruf,17,841,0.5436328377504848,583.6923076923076,72.26672735548475,583.6923076923076,72.26672735548475,0
per_huruf,17,842,0.5442792501616031,583.7692307692307,72.18297678652708,583.7692307692307,72.18297678652708,0
per_huruf,17,843,0.5449256625727213,583.8461538461538,72.10878470641785,583.8461538461538,72.10878470641785,0
per_huruf,17,844,0.5455720749838396,583.9230769230769,72.04688211197087,583.9230769230769,72.04688211197087,0
per_huruf,17,845,0.5462184873949579,584.0,72.0,584.0,72.0,0
per_huruf,17,846,0.5468648998060762,584.0769230769232,71.96995903504781,584.0769230769232,71.96995903504781,0
per_huruf,17,847,0.5475113122171945,584.1538461538462,71.9549385525717,584.1538461538462,71.9549385525717,0
per_huruf,17,848,0.5481577246283128,584.2307692307692,71.95220755575784,584.2307692307692,71.95220755575784,0
per_huruf,17,849,0.5488041370394311,584.3076923076924,71.95903504779244,584.3076923076924,71.95903504779244,0
per_huruf,17,850,0.5494505494505494,584.3846153846155,71.97269003186163,584.3846153846155,71.97269003186163,0
per_huruf,17,851,0.5500969618616677,584.4615384615386,71.99044151115156,584.4615384615386,71.99044151115156,0
per_huruf,17,852,0.550743374272786,584.5384615384615,72.00955848884843,584.5384615384615,72.00955848884843,0
per_huruf,17,853,0.5513897866839043,584.6153846153846,72.02730996813837,584.6153846153846,72.02730996813837,0
per_huruf,17,854,0.5520361990950227,584.6923076923076,72.04096495220755,584.6923076923076,72.04096495220755,0
per_huruf,17,855,0.552682611506141,584.7692307692307,72.04779244424213,584.7692307692307,72.04779244424213,0
per_huruf,17,856,0.5533290239172592,584.8461538461538,72.04506144742831,584.8461538461538,72.04506144742831,0
per_huruf,17,857,0.5539754363283775,584.9230769230769,72.0300409649522,584.9230769230769,72.0300409649522,0
per_huruf,17,858,0.5546218487394958,585.0,72.0,585.0,72.0,0
per_huruf,17,859,0.5552682611506141,585.0769230769231,71.955848884843,585.0769230769231,71.955848884843,0
per_huruf,17,860,0.5559146735617324,585.1538461538462,71.90122894856624,585.1538461538462,71.90122894856624,0
per_huruf,17,861,0.5565610859728507,585.230769230769,71.83750568957667,585.230769230769,71.83750568957667,0
per_huruf,17,862,0.557207498383969,585.3076923076923,71.76604460628128,585.3076923076923,71.76604460628128,0
per_huruf,17,863,0.5578539107950873,585.3846153846154,71.68821119708693,585.3846153846154,71.68821119708693,0
per_huruf,17,864,0.5585003232062056,585.4615384615386,71.60537096040053,585.4615384615386,71.60537096040053,0
per_huruf,17,865,0.5591467356173239,585.5384615384615,71.51888939462904,585.5384615384615,71.51888939462904,0
per_huruf,17,866,0.5597931480284422,585.6153846153846,71.43013199817933,585.6153846153846,71.43013199817933,0
per_huruf,17,867,0.5604395604395604,585.6923076923076,71.34046426945835,585.6923076923076,71.34046426945835,0
per_huruf,17,868,0.5610859728506787,585.7692307692307,71.251251706873,585.7692307692307,71.251251706873,0
per_huruf,17,869,0.561732385261797,585.8461538461538,71.16385980883022,585.8461538461538,71.16385980883022,0
per_huruf,17,870,0.5623787976729153,585.9230769230769,71.07965407373692,585.9230769230769,71.07965407373692,0
per_huruf,17,871,0.5630252100840336,586.0,71.0,586.0,71.0,0
per_huruf,17,872,0.5636716224951519,586.0769230769232,70.92307692307693,586.0769230769232,70.92307692307693,0
per_huruf,17,873,0.5643180349062702,586.1538461538463,70.84615384615385,586.1538461538463,70.84615384615385,0
per_huruf,17,874,0.5649644473173885,586.2307692307692,70.76923076923076,586.2307692307692,70.76923076923076,0
per_huruf,17,875,0.5656108597285068,586.3076923076923,70.69230769230768,586.3076923076923,70.69230769230768,0
per_huruf,17,876,0.5662572721396251,586.3846153846155,70.61538461538463,586.3846153846155,70.61538461538463,0
per_huruf,17,877,0.5669036845507434,586.4615384615386,70.53846153846155,586.4615384615386,70.53846153846155,0
per_huruf,17,878,0.5675500969618616,586.5384615384615,70.46153846153845,586.5384615384615,70.46153846153845,0
per_huruf,17,879,0.5681965093729799,586.6153846153845,70.38461538461539,586.6153846153845,70.38461538461539,0
per_huruf,17,880,0.5688429217840982,586.6923076923076,70.3076923076923,586.6923076923076,70.3076923076923,0
per_huruf,17,881,0.5694893341952165,586.7692307692307,70.23076923076923,586.7692307692307,70.23076923076923,0
per_huruf,17,882,0.5701357466063348,586.8461538461538,70.15384615384616,586.8461538461538,70.15384615384616,0
per_huruf,17,883,0.5707821590174531,586.9230769230769,70.07692307692308,586.9230769230769,70.07692307692308,0
per_huruf,17,884,0.5714285714285714,587.0,70.0,587.0,70.0,0
per_huruf,17,885,0.5720749838396897,587.0796540737371,69.92307692307695,587.0796540737371,69.92307692307695,0
per_huruf,17,886,0.572721396250808,587.1638598088304,69.84615384615384,587.1638598088304,69.84615384615384,0
per_huruf,17,887,0.5733678086619263,587.251251706873,69.76923076923076,587.251251706873,69.76923076923076,0
per_huruf,17,888,0.5740142210730446,587.3404642694583,69.69230769230768,587.3404642694583,69.69230769230768,0
per_huruf,17,889,0.5746606334841629,587.4301319981794,69.61538461538461,587.4301319981794,69.61538461538461,0
per_huruf,17,890,0.5753070458952811,587.5188893946291,69.53846153846155,587.5188893946291,69.53846153846155,0
per_huruf,17,891,0.5759534583063994,587.6053709604006,69.46153846153847,587.6053709604006,69.46153846153847,0
per_huruf,17,892,0.5765998707175177,587.688211197087,69.38461538461539,587.688211197087,69.38461538461539,0
per_huruf,17,893,0.577246283128636,587.7660446062814,69.3076923076923,587.7660446062814,69.3076923076923,0
per_huruf,17,894,0.5778926955397543,587.8375056895766,69.23076923076923,587.8375056895766,69.23076923076923,0
per_huruf,17,895,0.5785391079508726,587.9012289485662,69.15384615384616,587.9012289485662,69.15384615384616,0
per_huruf,17,896,0.5791855203619909,587.9558488848429,69.07692307692308,587.9558488848429,69.07692307692308,0
per_huruf,17,897,0.5798319327731092,588.0,69.0,588.0,69.0,0
per_huruf,17,898,0.5804783451842275,588.0327719617661,68.92307692307692,588.0327719617661,68.92307692307692,0
per_huruf,17,899,0.5811247575953458,588.0550751024124,68.84615384615385,588.0550751024124,68.84615384615385,0
per_huruf,17,900,0.5817711700064641,588.0682749203457,68.76923076923076,588.0682749203457,68.76923076923076,0
per_huruf,17,901,0.5824175824175823,588.0737369139734,68.6923076923077,588.0737369139734,68.6923076923077,0
per_huruf,17,902,0.5830639948287006,588.0728265817023,68.61538461538463,588.0728265817023,68.61538461538463,0
per_huruf,17,903,0.583710407239819,588.066909421939,68.53846153846155,588.066909421939,68.53846153846155,0
per_huruf,17,904,0.5843568196509373,588.0573509330906,68.46153846153847,588.0573509330906,68.46153846153847,0
per_huruf,17,905,0.5850032320620556,588.0455166135639,68.38461538461539,588.0455166135639,68.38461538461539,0
per_huruf,17,906,0.5856496444731739,588.032771961766,68.30769230769229,588.032771961766,68.30769230769229,0
per_huruf,17,907,0.5862960568842922,588.0204824761038,68.23076923076923,588.0204824761038,68.23076923076923,0
per_huruf,17,908,0.5869424692954105,588.010013654984,68.15384615384616,588.010013654984,68.15384615384616,0
per_huruf,17,909,0.5875888817065288,588.0027309968139,68.07692307692308,588.0027309968139,68.07692307692308,0
per_huruf,17,910,0.5882352941176471,588.0,68.0,588.0,68.0,0
per_huruf,17,911,0.5888817065287654,588.0,67.92307692307693,588.0,67.92307692307693,0
per_huruf,17,912,0.5895281189398837,588.0,67.84615384615385,588.0,67.84615384615385,0
per_huruf,17,913,0.590174531351002,587.9999999999999,67.76923076923076,587.9999999999999,67.76923076923076,0
per_huruf,17,914,0.5908209437621202,587.9999999999999,67.69230769230768,587.9999999999999,67.69230769230768,0
per_huruf,17,915,0.5914673561732385,588.0,67.61538461538463,588.0,67.61538461538463,0
per_huruf,17,916,0.5921137685843568,588.0000000000001,67.53846153846155,588.0000000000001,67.53846153846155,0
per_huruf,17,917,0.5927601809954751,588.0,67.46153846153845,588.0,67.46153846153845,0
per_huruf,17,918,0.5934065934065934,588.0,67.38461538461539,588.0,67.38461538461539,0
per_huruf,17,919,0.5940530058177117,588.0,67.3076923076923,588.0,67.3076923076923,0
per_huruf,17,920,0.59469941822883,588.0,67.23076923076923,588.0,67.23076923076923,0
per_huruf,17,921,0.5953458306399483,588.0,67.15384615384616,588.0,67.15384615384616,0
per_huruf,17,922,0.5959922430510666,588.0,67.07692307692308,588.0,67.07692307692308,0
per_huruf,17,923,0.5966386554621849,588.0,67.0,588.0,67.0,0
per_huruf,17,924,0.5972850678733032,588.0,66.92307692307693,588.0,66.92307692307693,0
per_huruf,17,925,0.5979314802844214,588.0,66.84615384615385,588.0,66.84615384615385,0
per_huruf,17,926,0.5985778926955397,587.9999999999999,66.76923076923076,587.9999999999999,66.76923076923076,0
per_huruf,17,927,0.599224305106658,587.9999999999999,66.69230769230768,587.9999999999999,66.69230769230768,0
per_huruf,17,928,0.5998707175177763,588.0,66.61538461538463,588.0,66.61538461538463,0
per_huruf,17,929,0.6005171299288946,588.0000000000001,66.53846153846155,588.0000000000001,66.53846153846155,0
per_huruf,17,930,0.6011635423400129,588.0,66.46153846153847,588.0,66.46153846153847,0
per_huruf,17,931,0.6018099547511312,588.0,66.38461538461539,588.0,66.38461538461539,0
per_huruf,17,932,0.6024563671622495,588.0,66.3076923076923,588.0,66.3076923076923,0
per_huruf,17,933,0.6031027795733678,588.0,66.23076923076923,588.0,66.23076923076923,0
per_huruf,17,934,0.6037491919844861,588.0,66.15384615384616,588.0,66.15384615384616,0
per_huruf,17,935,0.6043956043956044,588.0,66.07692307692308,588.0,66.07692307692308,0
per_huruf,17,936,0.6050420168067226,588.0,66.0,588.0,66.0,0
per_huruf,17,937,0.6056884292178409,588.0027309968139,65.92307692307693,588.0027309968139,65.92307692307693,0
per_huruf,17,938,0.6063348416289592,588.0100136549842,65.84615384615385,588.0100136549842,65.84615384615385,0
per_huruf,17,939,0.6069812540400775,588.0204824761037,65.76923076923077,588.0204824761037,65.76923076923077,0
per_huruf,17,940,0.6076276664511958,588.0327719617659,65.6923076923077,588.0327719617659,65.6923076923077,0
per_huruf,17,941,0.6082740788623141,588.0455166135639,65.61538461538461,588.0455166135639,65.61538461538461,0
per_huruf,17,942,0.6089204912734324,588.0573509330907,65.53846153846153,588.0573509330907,65.53846153846153,0
per_huruf,17,943,0.6095669036845507,588.066909421939,65.46153846153847,588.066909421939,65.46153846153847,0
per_huruf,17,944,0.610213316095669,588.0728265817023,65.38461538461539,588.0728265817023,65.38461538461539,0
per_huruf,17,945,0.6108597285067873,588.0737369139736,65.3076923076923,588.0737369139736,65.3076923076923,0
per_huruf,17,946,0.6115061409179056,588.0682749203459,65.23076923076923,588.0682749203459,65.23076923076923,0
per_huruf,17,947,0.6121525533290239,588.0550751024124,65.15384615384616,588.0550751024124,65.15384615384616,0
per_huruf,17,948,0.6127989657401421,588.032771961766,65.07692307692307,588.032771961766,65.07692307692307,0
per_huruf,17,949,0.6134453781512604,588.0,65.0,588.0,65.0,0
per_huruf,17,950,0.6140917905623787,587.9531178880292,64.92307692307693,587.9531178880292,64.92307692307693,0
per_huruf,17,951,0.6147382029734971,587.8912152935823,64.84615384615385,587.8912152935823,64.84615384615385,0
per_huruf,17,952,0.6153846153846154,587.8170232134729,64.76923076923076,587.8170232134729,64.76923076923076,0
per_huruf,17,953,0.6160310277957337,587.7332726445152,64.6923076923077,587.7332726445152,64.6923076923077,0
per_huruf,17,954,0.616677440206852,587.6426945835229,64.61538461538463,587.6426945835229,64.61538461538463,0
per_huruf,17,955,0.6173238526179703,587.54802002731,64.53846153846155,587.54802002731,64.53846153846155,0
per_huruf,17,956,0.6179702650290886,587.4519799726901,64.46153846153847,587.4519799726901,64.46153846153847,0
per_huruf,17,957,0.6186166774402069,587.357305416477,64.38461538461539,587.357305416477,64.38461538461539,0
per_huruf,17,958,0.6192630898513252,587.2667273554847,64.3076923076923,587.2667273554847,64.3076923076923,0
per_huruf,17,959,0.6199095022624435,587.182976786527,64.23076923076923,587.182976786527,64.23076923076923,0
per_huruf,17,960,0.6205559146735617,587.1087847064179,64.15384615384616,587.1087847064179,64.15384615384616,0
per_huruf,17,961,0.62120232708468,587.0468821119708,64.07692307692307,587.0468821119708,64.07692307692307,0
per_huruf,17,962,0.6218487394957983,587.0,64.0,587.0,64.0,0
per_huruf,17,963,0.6224951519069166,586.9699590350479,63.92307692307693,586.9699590350479,63.92307692307693,0
per_huruf,17,964,0.6231415643180349,586.9549385525719,63.846153846153854,586.9549385525719,63.846153846153854,0
per_huruf,17,965,0.6237879767291532,586.9522075557578,63.76923076923076,586.9522075557578,63.76923076923076,0
per_huruf,17,966,0.6244343891402715,586.9590350477924,63.69230769230769,586.9590350477924,63.69230769230769,0
per_huruf,17,967,0.6250808015513898,586.9726900318617,63.61538461538463,586.9726900318617,63.61538461538463,0
per_huruf,17,968,0.6257272139625081,586.9904415111516,63.53846153846155,586.9904415111516,63.53846153846155,0
per_huruf,17,969,0.6263736263736264,587.0095584888484,63.46153846153847,587.0095584888484,63.46153846153847,0
per_huruf,17,970,0.6270200387847447,587.0273099681383,63.38461538461539,587.0273099681383,63.38461538461539,0
per_huruf,17,971,0.627666451195863,587.0409649522076,63.30769230769231,587.0409649522076,63.30769230769231,0
per_huruf,17,972,0.6283128636069812,587.0477924442421,63.230769230769226,587.0477924442421,63.230769230769226,0
per_huruf,17,973,0.6289592760180995,587.0450614474283,63.15384615384615,587.0450614474283,63.15384615384615,0
per_huruf,17,974,0.6296056884292178,587.0300409649521,63.07692307692307,587.0300409649521,63.07692307692307,0
per_huruf,17,975,0.6302521008403361,587.0,63.0,587.0,63.0,0
per_huruf,17,976,0.6308985132514544,586.9531178880292,62.92307692307693,586.9531178880292,62.92307692307693,0
per_huruf,17,977,0.6315449256625727,586.8912152935821,62.84615384615384,586.8912152935821,62.84615384615384,0
per_huruf,17,978,0.632191338073691,586.8170232134728,62.76923076923077,586.8170232134728,62.76923076923077,0
per_huruf,17,979,0.6328377504848093,586.7332726445152,62.69230769230768,586.7332726445152,62.69230769230768,0
per_huruf,17,980,0.6334841628959276,586.6426945835229,62.61538461538463,586.6426945835229,62.61538461538463,0
per_huruf,17,981,0.6341305753070459,586.5480200273101,62.53846153846154,586.5480200273101,62.53846153846154,0
per_huruf,17,982,0.6347769877181642,586.45197997269,62.46153846153847,586.45197997269,62.46153846153847,0
per_huruf,17,983,0.6354234001292824,586.3573054164771,62.38461538461539,586.3573054164771,62.38461538461539,0
per_huruf,17,984,0.6360698125404007,586.2667273554847,62.30769230769231,586.2667273554847,62.30769230769231,0
per_huruf,17,985,0.636716224951519,586.182976786527,62.230769230769226,586.182976786527,62.230769230769226,0
per_huruf,17,986,0.6373626373626373,586.1087847064179,62.15384615384615,586.1087847064179,62.15384615384615,0
per_huruf,17,987,0.6380090497737556,586.0468821119708,62.07692307692307,586.0468821119708,62.07692307692307,0
per_huruf,17,988,0.6386554621848739,586.0,62.0,586.0,62.0,0
per_huruf,17,989,0.6393018745959922,585.967228038234,61.923076923076934,585.967228038234,61.923076923076934,0
per_huruf,17,990,0.6399482870071105,585.9449248975876,61.846153846153854,585.9449248975876,61.846153846153854,0
per_huruf,17,991,0.6405946994182288,585.9317250796539,61.76923076923076,585.9317250796539,61.76923076923076,0
per_huruf,17,992,0.6412411118293471,585.9262630860263,61.692307692307686,585.9262630860263,61.692307692307686,0
per_huruf,17,993,0.6418875242404654,585.9271734182977,61.61538461538461,585.9271734182977,61.61538461538461,0
per_huruf,17,994,0.6425339366515836,585.9330905780611,61.53846153846155,585.9330905780611,61.53846153846155,0
per_huruf,17,995,0.6431803490627019,585.9426490669094,61.46153846153847,585.9426490669094,61.46153846153847,0
per_huruf,17,996,0.6438267614738202,585.9544833864361,61.384615384615394,585.9544833864361,61.384615384615394,0
per_huruf,17,997,0.6444731738849385,585.967228038234,61.3076923076923,585.967228038234,61.3076923076923,0
per_huruf,17,998,0.6451195862960568,585.9795175238962,61.230769230769226,585.9795175238962,61.230769230769226,0
per_huruf,17,999,0.6457659987071751,585.989986345016,61.15384615384616,585.989986345016,61.15384615384616,0
per_huruf,17,1000,0.6464124111182935,585.9972690031861,61.07692307692307,585.9972690031861,61.07692307692307,0
per_huruf,17,1001,0.6470588235294118,586.0,61.0,586.0,61.0,0
per_huruf,17,1002,0.6477052359405301,586.0027309968139,60.92307692307693,586.0027309968139,60.92307692307693,0
per_huruf,17,1003,0.6483516483516484,586.0100136549842,60.84615384615385,586.0100136549842,60.84615384615385,0
per_huruf,17,1004,0.6489980607627667,586.0204824761037,60.76923076923076,586.0204824761037,60.76923076923076,0
per_huruf,17,1005,0.649644473173885,586.032771961766,60.692307692307686,586.032771961766,60.692307692307686,0
per_huruf,17,1006,0.6502908855850033,586.0455166135639,60.61538461538462,586.0455166135639,60.61538461538462,0
per_huruf,17,1007,0.6509372979961215,586.0573509330907,60.53846153846153,586.0573509330907,60.53846153846153,0
per_huruf,17,1008,0.6515837104072398,586.066909421939,60.46153846153846,586.066909421939,60.46153846153846,0
per_huruf,17,1009,0.6522301228183581,586.0728265817023,60.38461538461539,586.0728265817023,60.38461538461539,0
per_huruf,17,1010,0.6528765352294764,586.0737369139736,60.30769230769231,586.0737369139736,60.30769230769231,0
per_huruf,17,1011,0.6535229476405947,586.0682749203459,60.230769230769226,586.0682749203459,60.230769230769226,0
per_huruf,17,1012,0.654169360051713,586.0550751024124,60.15384615384615,586.0550751024124,60.15384615384615,0
per_huruf,17,1013,0.6548157724628313,586.032771961766,60.07692307692307,586.032771961766,60.07692307692307,0
per_huruf,17,1014,0.6554621848739496,586.0,60.0,586.0,60.0,0
per_huruf,17,1015,0.6561085972850679,585.9531178880293,59.92307692307693,585.9531178880293,59.92307692307693,0
per_huruf,17,1016,0.6567550096961862,585.8912152935823,59.84615384615385,585.8912152935823,59.84615384615385,0
per_huruf,17,1017,0.6574014221073045,585.8170232134728,59.76923076923076,585.8170232134728,59.76923076923076,0
per_huruf,17,1018,0.6580478345184227,585.7332726445153,59.69230769230769,585.7332726445153,59.69230769230769,0
per_huruf,17,1019,0.658694246929541,585.642694583523,59.61538461538462,585.642694583523,59.61538461538462,0
per_huruf,17,1020,0.6593406593406593,585.54802002731,59.53846153846155,585.54802002731,59.53846153846155,0
per_huruf,17,1021,0.6599870717517776,585.4519799726901,59.46153846153846,585.4519799726901,59.46153846153846,0
per_huruf,17,1022,0.6606334841628959,585.3573054164771,59.38461538461539,585.3573054164771,59.38461538461539,0
per_huruf,17,1023,0.6612798965740142,585.2667273554847,59.30769230769231,585.2667273554847,59.30769230769231,0
per_huruf,17,1024,0.6619263089851325,585.182976786527,59.230769230769226,585.182976786527,59.230769230769226,0
per_huruf,17,1025,0.6625727213962508,585.1087847064179,59.15384615384615,585.1087847064179,59.15384615384615,0
per_huruf,17,1026,0.6632191338073691,585.0468821119708,59.07692307692307,585.0468821119708,59.07692307692307,0
per_huruf,17,1027,0.6638655462184874,585.0,59.0,585.0,59.0,0
per_huruf,17,1028,0.6645119586296057,584.969959035048,58.92307692307693,584.969959035048,58.92307692307693,0
per_huruf,17,1029,0.665158371040724,584.9549385525718,58.84615384615385,584.9549385525718,58.84615384615385,0
per_huruf,17,1030,0.6658047834518422,584.9522075557578,58.76923076923077,584.9522075557578,58.76923076923077,0
per_huruf,17,1031,0.6664511958629605,584.9590350477924,58.692307692307686,584.9590350477924,58.692307692307686,0
per_huruf,17,1032,0.6670976082740788,584.9726900318617,58.61538461538462,584.9726900318617,58.61538461538462,0
per_huruf,17,1033,0.6677440206851971,584.9904415111516,58.53846153846154,584.9904415111516,58.53846153846154,0
per_huruf,17,1034,0.6683904330963154,585.0095584888484,58.46153846153847,585.0095584888484,58.46153846153847,0
per_huruf,17,1035,0.6690368455074337,585.0273099681384,58.38461538461539,585.0273099681384,58.38461538461539,0
per_huruf,17,1036,0.669683257918552,585.0409649522076,58.30769230769231,585.0409649522076,58.30769230769231,0
per_huruf,17,1037,0.6703296703296703,585.0477924442421,58.230769230769226,585.0477924442421,58.230769230769226,0
per_huruf,17,1038,0.6709760827407886,585.0450614474283,58.15384615384615,585.0450614474283,58.15384615384615,0
per_huruf,17,1039,0.6716224951519069,585.0300409649521,58.07692307692307,585.0300409649521,58.07692307692307,0
per_huruf,17,1040,0.6722689075630252,585.0,58.0,585.0,58.0,0
per_huruf,17,1041,0.6729153199741434,584.9531178880293,57.92307692307692,584.9531178880293,57.92307692307692,0
per_huruf,17,1042,0.6735617323852617,584.8912152935821,57.84615384615385,584.8912152935821,57.84615384615385,0
per_huruf,17,1043,0.67420814479638,584.8170232134729,57.76923076923076,584.8170232134729,57.76923076923076,0
per_huruf,17,1044,0.6748545572074983,584.7332726445152,57.692307692307686,584.7332726445152,57.692307692307686,0
per_huruf,17,1045,0.6755009696186166,584.6426945835229,57.61538461538462,584.6426945835229,57.61538461538462,0
per_huruf,17,1046,0.6761473820297349,584.54802002731,57.53846153846155,584.54802002731,57.53846153846155,0
per_huruf,17,1047,0.6767937944408532,584.45197997269,57.46153846153846,584.45197997269,57.46153846153846,0
per_huruf,17,1048,0.6774402068519715,584.357305416477,57.38461538461539,584.357305416477,57.38461538461539,0
per_huruf,17,1049,0.6780866192630899,584.2667273554847,57.30769230769231,584.2667273554847,57.30769230769231,0
per_huruf,17,1050,0.6787330316742082,584.182976786527,57.230769230769226,584.182976786527,57.230769230769226,0
per_huruf,17,1051,0.6793794440853265,584.1087847064179,57.153846153846146,584.1087847064179,57.153846153846146,0
per_huruf,17,1052,0.6800258564964448,584.0468821119708,57.07692307692307,584.0468821119708,57.07692307692307,0
per_huruf,17,1053,0.680672268907563,584.0,57.0,584.0,57.0,0
per_huruf,17,1054,0.6813186813186813,583.969959035048,56.92307692307693,583.969959035048,56.92307692307693,0
per_huruf,17,1055,0.6819650937297996,583.9549385525717,56.846153846153854,583.9549385525717,56.846153846153854,0
per_huruf,17,1056,0.6826115061409179,583.9522075557578,56.76923076923075,583.9522075557578,56.76923076923075,0
per_huruf,17,1057,0.6832579185520362,583.9590350477923,56.692307692307686,583.9590350477923,56.692307692307686,0
per_huruf,17,1058,0.6839043309631545,583.9726900318616,56.61538461538462,583.9726900318616,56.61538461538462,0
per_huruf,17,1059,0.6845507433742728,583.9904415111516,56.53846153846154,583.9904415111516,56.53846153846154,0
per_huruf,17,1060,0.6851971557853911,584.0095584888485,56.46153846153846,584.0095584888485,56.46153846153846,0
per_huruf,17,1061,0.6858435681965094,584.0273099681383,56.38461538461539,584.0273099681383,56.38461538461539,0
per_huruf,17,1062,0.6864899806076277,584.0409649522076,56.30769230769231,584.0409649522076,56.30769230769231,0
per_huruf,17,1063,0.687136393018746,584.0477924442421,56.230769230769226,584.0477924442421,56.230769230769226,0
per_huruf,17,1064,0.6877828054298643,584.0450614474282,56.15384615384615,584.0450614474282,56.15384615384615,0
per_huruf,17,1065,0.6884292178409825,584.0300409649521,56.07692307692307,584.0300409649521,56.07692307692307,0
per_huruf,17,1066,0.6890756302521008,584.0,56.0,584.0,56.0,0
per_huruf,17,1067,0.6897220426632191,583.9531178880292,55.923076923076934,583.9531178880292,55.923076923076934,0
per_huruf,17,1068,0.6903684550743374,583.8912152935823,55.846153846153854,583.8912152935823,55.846153846153854,0
per_huruf,17,1069,0.6910148674854557,583.8170232134729,55.76923076923076,583.8170232134729,55.76923076923076,0
per_huruf,17,1070,0.691661279896574,583.7332726445152,55.69230769230769,583.7332726445152,55.69230769230769,0
per_huruf,17,1071,0.6923076923076923,583.642694583523,55.61538461538462,583.642694583523,55.61538461538462,0
per_huruf,17,1072,0.6929541047188106,583.54802002731,55.53846153846154,583.54802002731,55.53846153846154,0
per_huruf,17,1073,0.6936005171299289,583.4519799726901,55.46153846153847,583.4519799726901,55.46153846153847,0
per_huruf,17,1074,0.6942469295410472,583.357305416477,55.38461538461539,583.357305416477,55.38461538461539,0
per_huruf,17,1075,0.6948933419521655,583.2667273554847,55.3076923076923,583.2667273554847,55.3076923076923,0
per_huruf,17,1076,0.6955397543632837,583.182976786527,55.230769230769226,583.182976786527,55.230769230769226,0
per_huruf,17,1077,0.696186166774402,583.1087847064179,55.15384615384616,583.1087847064179,55.15384615384616,0
per_huruf,17,1078,0.6968325791855203,583.0468821119708,55.07692307692307,583.0468821119708,55.07692307692307,0
per_huruf,17,1079,0.6974789915966386,583.0,55.0,583.0,55.0,0
per_huruf,17,1080,0.6981254040077569,582.967228038234,54.92307692307693,582.967228038234,54.92307692307693,0
per_huruf,17,1081,0.6987718164188752,582.9449248975877,54.84615384615385,582.9449248975877,54.84615384615385,0
per_huruf,17,1082,0.6994182288299935,582.931725079654,54.76923076923077,582.931725079654,54.76923076923077,0
per_huruf,17,1083,0.7000646412411118,582.9262630860263,54.692307692307686,582.9262630860263,54.692307692307686,0
per_huruf,17,1084,0.7007110536522301,582.9271734182977,54.61538461538462,582.9271734182977,54.61538461538462,0
per_huruf,17,1085,0.7013574660633484,582.9330905780611,54.53846153846154,582.9330905780611,54.53846153846154,0
per_huruf,17,1086,0.7020038784744667,582.9426490669093,54.46153846153846,582.9426490669093,54.46153846153846,0
per_huruf,17,1087,0.702650290885585,582.9544833864361,54.38461538461539,582.9544833864361,54.38461538461539,0
per_huruf,17,1088,0.7032967032967032,582.967228038234,54.30769230769231,582.967228038234,54.30769230769231,0
per_huruf,17,1089,0.7039431157078215,582.9795175238962,54.230769230769226,582.9795175238962,54.230769230769226,0
per_huruf,17,1090,0.7045895281189398,582.989986345016,54.15384615384616,582.989986345016,54.15384615384616,0
per_huruf,17,1091,0.7052359405300581,582.9972690031861,54.07692307692307,582.9972690031861,54.07692307692307,0
per_huruf,17,1092,0.7058823529411764,583.0,54.0,583.0,54.0,0
per_huruf,17,1093,0.7065287653522947,583.0000000000001,53.923076923076934,583.0000000000001,53.923076923076934,0
per_huruf,17,1094,0.707175177763413,583.0,53.84615384615385,583.0,53.84615384615385,0
per_huruf,17,1095,0.7078215901745313,582.9999999999999,53.76923076923076,582.9999999999999,53.76923076923076,0
per_huruf,17,1096,0.7084680025856496,582.9999999999999,53.69230769230768,582.9999999999999,53.69230769230768,0
per_huruf,17,1097,0.7091144149967679,583.0000000000001,53.61538461538461,583.0000000000001,53.61538461538461,0
per_huruf,17,1098,0.7097608274078863,583.0,53.53846153846154,583.0,53.53846153846154,0
per_huruf,17,1099,0.7104072398190046,583.0,53.46153846153845,583.0,53.46153846153845,0
per_huruf,17,1100,0.7110536522301228,583.0,53.38461538461539,583.0,53.38461538461539,0
per_huruf,17,1101,0.7117000646412411,583.0,53.30769230769231,583.0,53.30769230769231,0
per_huruf,17,1102,0.7123464770523594,583.0,53.230769230769226,583.0,53.230769230769226,0
per_huruf,17,1103,0.7129928894634777,583.0,53.15384615384616,583.0,53.15384615384616,0
per_huruf,17,1104,0.713639301874596,583.0,53.07692307692307,583.0,53.07692307692307,0
per_huruf,17,1105,0.7142857142857143,583.0,53.0,583.0,53.0,0
per_huruf,17,1106,0.7149321266968326,583.0027309968139,52.923076923076934,583.0027309968139,52.923076923076934,0
per_huruf,17,1107,0.7155785391079509,583.010013654984,52.846153846153854,583.010013654984,52.846153846153854,0
per_huruf,17,1108,0.7162249515190692,583.0204824761037,52.76923076923076,583.0204824761037,52.76923076923076,0
per_huruf,17,1109,0.7168713639301875,583.032771961766,52.692307692307686,583.032771961766,52.692307692307686,0
per_huruf,17,1110,0.7175177763413058,583.045516613564,52.61538461538462,583.045516613564,52.61538461538462,0
per_huruf,17,1111,0.718164188752424,583.0573509330906,52.53846153846154,583.0573509330906,52.53846153846154,0
per_huruf,17,1112,0.7188106011635423,583.066909421939,52.46153846153846,583.066909421939,52.46153846153846,0
per_huruf,17,1113,0.7194570135746606,583.0728265817023,52.38461538461539,583.0728265817023,52.38461538461539,0
per_huruf,17,1114,0.7201034259857789,583.0737369139736,52.30769230769231,583.0737369139736,52.30769230769231,0
per_huruf,17,1115,0.7207498383968972,583.0682749203459,52.230769230769226,583.0682749203459,52.230769230769226,0
per_huruf,17,1116,0.7213962508080155,583.0550751024124,52.15384615384616,583.0550751024124,52.15384615384616,0
per_huruf,17,1117,0.7220426632191338,583.032771961766,52.07692307692307,583.032771961766,52.07692307692307,0
per_huruf,17,1118,0.7226890756302521,583.0,52.0,583.0,52.0,0
per_huruf,17,1119,0.7233354880413704,582.9531178880292,51.923076923076934,582.9531178880292,51.923076923076934,0
per_huruf,17,1120,0.7239819004524887,582.8912152935823,51.84615384615384,582.8912152935823,51.84615384615384,0
per_huruf,17,1121,0.724628312863607,582.8170232134729,51.76923076923077,582.8170232134729,51.76923076923077,0
per_huruf,17,1122,0.7252747252747253,582.7332726445152,51.69230769230768,582.7332726445152,51.69230769230768,0
per_huruf,17,1123,0.7259211376858435,582.6426945835229,51.61538461538462,582.6426945835229,51.61538461538462,0
per_huruf,17,1124,0.7265675500969618,582.54802002731,51.53846153846155,582.54802002731,51.53846153846155,0
per_huruf,17,1125,0.7272139625080801,582.45197997269,51.46153846153846,582.45197997269,51.46153846153846,0
per_huruf,17,1126,0.7278603749191984,582.3573054164771,51.38461538461539,582.3573054164771,51.38461538461539,0
per_huruf,17,1127,0.7285067873303167,582.2667273554847,51.30769230769231,582.2667273554847,51.30769230769231,0
per_huruf,17,1128,0.729153199741435,582.182976786527,51.230769230769226,582.182976786527,51.230769230769226,0
per_huruf,17,1129,0.7297996121525533,582.1087847064177,51.15384615384616,582.1087847064177,51.15384615384616,0
per_huruf,17,1130,0.7304460245636716,582.0468821119708,51.07692307692307,582.0468821119708,51.07692307692307,0
per_huruf,17,1131,0.7310924369747899,582.0,51.0,582.0,51.0,0
per_huruf,17,1132,0.7317388493859082,581.967228038234,50.92307692307693,581.967228038234,50.92307692307693,0
per_huruf,17,1133,0.7323852617970265,581.9449248975876,50.84615384615385,581.9449248975876,50.84615384615385,0
per_huruf,17,1134,0.7330316742081447,581.931725079654,50.76923076923076,581.931725079654,50.76923076923076,0
per_huruf,17,1135,0.733678086619263,581.9262630860263,50.692307692307686,581.9262630860263,50.692307692307686,0
per_huruf,17,1136,0.7343244990303813,581.9271734182977,50.61538461538462,581.9271734182977,50.61538461538462,0
per_huruf,17,1137,0.7349709114414996,581.9330905780611,50.53846153846155,581.9330905780611,50.53846153846155,0
per_huruf,17,1138,0.7356173238526179,581.9426490669093,50.46153846153846,581.9426490669093,50.46153846153846,0
per_huruf,17,1139,0.7362637362637362,581.9544833864361,50.38461538461539,581.9544833864361,50.38461538461539,0
per_huruf,17,1140,0.7369101486748545,581.9672280382339,50.30769230769231,581.9672280382339,50.30769230769231,0
per_huruf,17,1141,0.7375565610859728,581.9795175238962,50.230769230769226,581.9795175238962,50.230769230769226,0
per_huruf,17,1142,0.7382029734970911,581.989986345016,50.15384615384616,581.989986345016,50.15384615384616,0
per_huruf,17,1143,0.7388493859082094,581.9972690031861,50.07692307692307,581.9972690031861,50.07692307692307,0
per_huruf,17,1144,0.7394957983193277,582.0,50.0,582.0,50.0,0
per_huruf,17,1145,0.740142210730446,582.0,49.92307692307693,582.0,49.92307692307693,0
per_huruf,17,1146,0.7407886231415644,582.0,49.846153846153854,582.0,49.846153846153854,0
per_huruf,17,1147,0.7414350355526826,582.0,49.76923076923076,582.0,49.76923076923076,0
per_huruf,17,1148,0.7420814479638009,581.9999999999999,49.692307692307686,581.9999999999999,49.692307692307686,0
per_huruf,17,1149,0.7427278603749192,582.0,49.61538461538462,582.0,49.61538461538462,0
per_huruf,17,1150,0.7433742727860375,582.0,49.53846153846155,582.0,49.53846153846155,0
per_huruf,17,1151,0.7440206851971558,582.0,49.46153846153846,582.0,49.46153846153846,0
per_huruf,17,1152,0.7446670976082741,582.0,49.38461538461538,582.0,49.38461538461538,0
per_huruf,17,1153,0.7453135100193924,582.0,49.30769230769231,582.0,49.30769230769231,0
per_huruf,17,1154,0.7459599224305107,582.0,49.230769230769226,582.0,49.230769230769226,0
per_huruf,17,1155,0.746606334841629,582.0,49.15384615384615,582.0,49.15384615384615,0
per_huruf,17,1156,0.7472527472527473,582.0,49.07692307692307,582.0,49.07692307692307,0
per_huruf,17,1157,0.7478991596638656,582.0,49.0,582.0,49.0,0
per_huruf,17,1158,0.7485455720749838,582.0,48.923076923076934,582.0,48.923076923076934,0
per_huruf,17,1159,0.7491919844861021,582.0,48.84615384615385,582.0,48.84615384615385,0
per_huruf,17,1160,0.7498383968972204,582.0,48.76923076923077,582.0,48.76923076923077,0
per_huruf,17,1161,0.7504848093083387,581.9999999999999,48.692307692307686,581.9999999999999,48.692307692307686,0
per_huruf,17,1162,0.751131221719457,582.0,48.61538461538462,582.0,48.61538461538462,0
per_huruf,17,1163,0.7517776341305753,582.0,48.53846153846154,582.0,48.53846153846154,0
per_huruf,17,1164,0.7524240465416936,582.0,48.46153846153847,582.0,48.46153846153847,0
per_huruf,17,1165,0.7530704589528119,582.0,48.38461538461539,582.0,48.38461538461539,0
per_huruf,17,1166,0.7537168713639302,582.0,48.30769230769231,582.0,48.30769230769231,0
per_huruf,17,1167,0.7543632837750485,582.0,48.230769230769226,582.0,48.230769230769226,0
per_huruf,17,1168,0.7550096961861668,582.0,48.15384615384615,582.0,48.15384615384615,0
per_huruf,17,1169,0.755656108597285,582.0,48.07692307692307,582.0,48.07692307692307,0
per_huruf,17,1170,0.7563025210084033,582.0,48.0,582.0,48.0,0
per_huruf,17,1171,0.7569489334195216,582.0,47.92307692307693,582.0,47.92307692307693,0
per_huruf,17,1172,0.7575953458306399,582.0,47.84615384615385,582.0,47.84615384615385,0
per_huruf,17,1173,0.7582417582417582,582.0,47.76923076923077,582.0,47.76923076923077,0
per_huruf,17,1174,0.7588881706528765,581.9999999999999,47.692307692307686,581.9999999999999,47.692307692307686,0
per_huruf,17,1175,0.7595345830639948,582.0,47.61538461538462,582.0,47.61538461538462,0
per_huruf,17,1176,0.7601809954751131,582.0,47.53846153846155,582.0,47.53846153846155,0
per_huruf,17,1177,0.7608274078862314,582.0,47.46153846153846,582.0,47.46153846153846,0
per_huruf,17,1178,0.7614738202973497,582.0,47.38461538461539,582.0,47.38461538461539,0
per_huruf,17,1179,0.762120232708468,582.0,47.30769230769231,582.0,47.30769230769231,0
per_huruf,17,1180,0.7627666451195863,582.0,47.230769230769226,582.0,47.230769230769226,0
per_huruf,17,1181,0.7634130575307045,582.0,47.15384615384616,582.0,47.15384615384616,0
per_huruf,17,1182,0.7640594699418228,582.0,47.07692307692307,582.0,47.07692307692307,0
per_huruf,17,1183,0.7647058823529411,582.0,47.0,582.0,47.0,0
per_huruf,17,1184,0.7653522947640594,582.0,46.92307692307693,582.0,46.92307692307693,0
per_huruf,17,1185,0.7659987071751777,582.0,46.84615384615385,582.0,46.84615384615385,0
per_huruf,17,1186,0.766645119586296,582.0,46.76923076923076,582.0,46.76923076923076,0
per_huruf,17,1187,0.7672915319974143,581.9999999999999,46.692307692307686,581.9999999999999,46.692307692307686,0
per_huruf,17,1188,0.7679379444085326,582.0,46.61538461538462,582.0,46.61538461538462,0
per_huruf,17,1189,0.7685843568196509,582.0,46.53846153846154,582.0,46.53846153846154,0
per_huruf,17,1190,0.7692307692307692,582.0,46.46153846153846,582.0,46.46153846153846,0
per_huruf,17,1191,0.7698771816418875,582.0,46.38461538461539,582.0,46.38461538461539,0
per_huruf,17,1192,0.7705235940530057,582.0,46.30769230769231,582.0,46.30769230769231,0
per_huruf,17,1193,0.771170006464124,582.0,46.230769230769226,582.0,46.230769230769226,0
per_huruf,17,1194,0.7718164188752423,582.0,46.15384615384615,582.0,46.15384615384615,0
per_huruf,17,1195,0.7724628312863607,582.0,46.07692307692307,582.0,46.07692307692307,0
per_huruf,17,1196,0.773109243697479,582.0,46.0,582.0,46.0,0
per_huruf,17,1197,0.7737556561085973,582.0,45.923076923076934,582.0,45.923076923076934,0
per_huruf,17,1198,0.7744020685197156,582.0,45.84615384615385,582.0,45.84615384615385,0
per_huruf,17,1199,0.7750484809308339,582.0,45.76923076923077,582.0,45.76923076923077,0
per_huruf,17,1200,0.7756948933419522,581.9999999999999,45.69230769230768,581.9999999999999,45.69230769230768,0
per_huruf,17,1201,0.7763413057530705,582.0,45.61538461538462,582.0,45.61538461538462,0
per_huruf,17,1202,0.7769877181641888,582.0,45.53846153846154,582.0,45.53846153846154,0
per_huruf,17,1203,0.7776341305753071,582.0,45.46153846153847,582.0,45.46153846153847,0
per_huruf,17,1204,0.7782805429864253,582.0,45.38461538461539,582.0,45.38461538461539,0
per_huruf,17,1205,0.7789269553975436,582.0,45.30769230769231,582.0,45.30769230769231,0
per_huruf,17,1206,0.7795733678086619,582.0,45.230769230769226,582.0,45.230769230769226,0
per_huruf,17,1207,0.7802197802197802,582.0,45.15384615384615,582.0,45.15384615384615,0
per_huruf,17,1208,0.7808661926308985,582.0,45.07692307692307,582.0,45.07692307692307,0
per_huruf,17,1209,0.7815126050420168,582.0,45.0,582.0,45.0,0
per_huruf,17,1210,0.7821590174531351,582.0,44.92307692307693,582.0,44.92307692307693,0
per_huruf,17,1211,0.7828054298642534,582.0,44.84615384615385,582.0,44.84615384615385,0
per_huruf,17,1212,0.7834518422753717,582.0,44.76923076923076,582.0,44.76923076923076,0
per_huruf,17,1213,0.78409825468649,581.9999999999999,44.69230769230769,581.9999999999999,44.69230769230769,0
per_huruf,17,1214,0.7847446670976083,582.0,44.61538461538462,582.0,44.61538461538462,0
per_huruf,17,1215,0.7853910795087266,582.0,44.53846153846154,582.0,44.53846153846154,0
per_huruf,17,1216,0.7860374919198448,582.0,44.46153846153846,582.0,44.46153846153846,0
per_huruf,17,1217,0.7866839043309631,582.0,44.38461538461539,582.0,44.38461538461539,0
per_huruf,17,1218,0.7873303167420814,582.0,44.30769230769231,582.0,44.30769230769231,0
per_huruf,17,1219,0.7879767291531997,582.0,44.230769230769226,582.0,44.230769230769226,0
per_huruf,17,1220,0.788623141564318,582.0,44.15384615384615,582.0,44.15384615384615,0
per_huruf,17,1221,0.7892695539754363,582.0,44.07692307692307,582.0,44.07692307692307,0
per_huruf,17,1222,0.7899159663865546,582.0,44.0,582.0,44.0,0
per_huruf,17,1223,0.7905623787976729,582.0,43.92307692307693,582.0,43.92307692307693,0
per_huruf,17,1224,0.7912087912087912,582.0,43.84615384615385,582.0,43.84615384615385,0
per_huruf,17,1225,0.7918552036199095,582.0,43.76923076923076,582.0,43.76923076923076,0
per_huruf,17,1226,0.7925016160310278,581.9999999999999,43.692307692307686,581.9999999999999,43.692307692307686,0
per_huruf,17,1227,0.793148028442146,582.0,43.61538461538462,582.0,43.61538461538462,0
per_huruf,17,1228,0.7937944408532643,582.0,43.53846153846153,582.0,43.53846153846153,0
per_huruf,17,1229,0.7944408532643826,582.0,43.46153846153846,582.0,43.46153846153846,0
per_huruf,17,1230,0.7950872656755009,582.0,43.38461538461539,582.0,43.38461538461539,0
per_huruf,17,1231,0.7957336780866192,582.0,43.30769230769231,582.0,43.30769230769231,0
per_huruf,17,1232,0.7963800904977375,582.0,43.230769230769226,582.0,43.230769230769226,0
per_huruf,17,1233,0.7970265029088558,582.0,43.15384615384616,582.0,43.15384615384616,0
per_huruf,17,1234,0.7976729153199741,582.0,43.07692307692307,582.0,43.07692307692307,0
per_huruf,17,1235,0.7983193277310924,582.0,43.0,582.0,43.0,0
per_huruf,17,1236,0.7989657401422107,581.9972690031863,42.92307692307693,581.9972690031863,42.92307692307693,0
per_huruf,17,1237,0.799612152553329,581.989986345016,42.84615384615384,581.989986345016,42.84615384615384,0
per_huruf,17,1238,0.8002585649644472,581.9795175238962,42.76923076923076,581.9795175238962,42.76923076923076,0
per_huruf,17,1239,0.8009049773755655,581.9672280382339,42.692307692307686,581.9672280382339,42.692307692307686,0
per_huruf,17,1240,0.8015513897866838,581.9544833864361,42.61538461538462,581.9544833864361,42.61538461538462,0
per_huruf,17,1241,0.8021978021978021,581.9426490669094,42.53846153846154,581.9426490669094,42.53846153846154,0
per_huruf,17,1242,0.8028442146089204,581.933090578061,42.46153846153847,581.933090578061,42.46153846153847,0
per_huruf,17,1243,0.8034906270200387,581.9271734182977,42.38461538461539,581.9271734182977,42.38461538461539,0
per_huruf,17,1244,0.8041370394311571,581.9262630860263,42.30769230769231,581.9262630860263,42.30769230769231,0
per_huruf,17,1245,0.8047834518422754,581.931725079654,42.230769230769226,581.931725079654,42.230769230769226,0
per_huruf,17,1246,0.8054298642533937,581.9449248975876,42.15384615384616,581.9449248975876,42.15384615384616,0
per_huruf,17,1247,0.806076276664512,581.967228038234,42.07692307692307,581.967228038234,42.07692307692307,0
per_huruf,17,1248,0.8067226890756303,582.0,42.0,582.0,42.0,0
per_huruf,17,1249,0.8073691014867486,582.046882111971,41.92307692307693,582.046882111971,41.92307692307693,0
per_huruf,17,1250,0.8080155138978669,582.1087847064179,41.84615384615385,582.1087847064179,41.84615384615385,0
per_huruf,17,1251,0.8086619263089851,582.182976786527,41.76923076923076,582.182976786527,41.76923076923076,0
per_huruf,17,1252,0.8093083387201034,582.2667273554847,41.69230769230769,582.2667273554847,41.69230769230769,0
per_huruf,17,1253,0.8099547511312217,582.3573054164771,41.61538461538462,582.3573054164771,41.61538461538462,0
per_huruf,17,1254,0.81060116354234,582.4519799726901,41.53846153846154,582.4519799726901,41.53846153846154,0
per_huruf,17,1255,0.8112475759534583,582.54802002731,41.46153846153846,582.54802002731,41.46153846153846,0
per_huruf,17,1256,0.8118939883645766,582.642694583523,41.38461538461539,582.642694583523,41.38461538461539,0
per_huruf,17,1257,0.8125404007756949,582.7332726445152,41.30769230769231,582.7332726445152,41.30769230769231,0
per_huruf,17,1258,0.8131868131868132,582.8170232134729,41.230769230769226,582.8170232134729,41.230769230769226,0
per_huruf,17,1259,0.8138332255979315,582.8912152935821,41.15384615384616,582.8912152935821,41.15384615384616,0
per_huruf,17,1260,0.8144796380090498,582.953117888029,41.07692307692307,582.953117888029,41.07692307692307,0
per_huruf,17,1261,0.8151260504201681,583.0,41.0,583.0,41.0,0
per_huruf,17,1262,0.8157724628312863,583.0300409649523,40.92307692307693,583.0300409649523,40.92307692307693,0
per_huruf,17,1263,0.8164188752424046,583.0450614474283,40.846153846153854,583.0450614474283,40.846153846153854,0
per_huruf,17,1264,0.8170652876535229,583.0477924442421,40.76923076923076,583.0477924442421,40.76923076923076,0
per_huruf,17,1265,0.8177117000646412,583.0409649522074,40.69230769230769,583.0409649522074,40.69230769230769,0
per_huruf,17,1266,0.8183581124757595,583.0273099681384,40.61538461538462,583.0273099681384,40.61538461538462,0
per_huruf,17,1267,0.8190045248868778,583.0095584888485,40.53846153846154,583.0095584888485,40.53846153846154,0
per_huruf,17,1268,0.8196509372979961,582.9904415111516,40.46153846153845,582.9904415111516,40.46153846153845,0
per_huruf,17,1269,0.8202973497091144,582.9726900318617,40.38461538461539,582.9726900318617,40.38461538461539,0
per_huruf,17,1270,0.8209437621202327,582.9590350477924,40.30769230769231,582.9590350477924,40.30769230769231,0
per_huruf,17,1271,0.821590174531351,582.9522075557579,40.230769230769226,582.9522075557579,40.230769230769226,0
per_huruf,17,1272,0.8222365869424693,582.9549385525718,40.15384615384615,582.9549385525718,40.15384615384615,0
per_huruf,17,1273,0.8228829993535876,582.9699590350477,40.07692307692308,582.9699590350477,40.07692307692308,0
per_huruf,17,1274,0.8235294117647058,583.0,40.0,583.0,40.0,0
per_huruf,17,1275,0.8241758241758241,583.0441511151571,39.923076923076934,583.0441511151571,39.923076923076934,0
per_huruf,17,1276,0.8248222365869424,583.0987710514338,39.84615384615384,583.0987710514338,39.84615384615384,0
per_huruf,17,1277,0.8254686489980607,583.1624943104232,39.76923076923077,583.1624943104232,39.76923076923077,0
per_huruf,17,1278,0.826115061409179,583.2339553937186,39.692307692307686,583.2339553937186,39.692307692307686,0
per_huruf,17,1279,0.8267614738202973,583.311788802913,39.61538461538462,583.311788802913,39.61538461538462,0
per_huruf,17,1280,0.8274078862314156,583.3946290395994,39.53846153846154,583.3946290395994,39.53846153846154,0
per_huruf,17,1281,0.8280542986425339,583.4811106053709,39.46153846153846,583.4811106053709,39.46153846153846,0
per_huruf,17,1282,0.8287007110536522,583.5698680018206,39.38461538461539,583.5698680018206,39.38461538461539,0
per_huruf,17,1283,0.8293471234647705,583.6595357305416,39.30769230769231,583.6595357305416,39.30769230769231,0
per_huruf,17,1284,0.8299935358758888,583.7487482931269,39.230769230769226,583.7487482931269,39.230769230769226,0
per_huruf,17,1285,0.830639948287007,583.8361401911698,39.15384615384615,583.8361401911698,39.15384615384615,0
per_huruf,17,1286,0.8312863606981253,583.920345926263,39.07692307692308,583.920345926263,39.07692307692308,0
per_huruf,17,1287,0.8319327731092436,584.0,39.0,584.0,39.0,0
per_huruf,17,1288,0.8325791855203619,584.0769230769232,38.923076923076934,584.0769230769232,38.923076923076934,0
per_huruf,17,1289,0.8332255979314802,584.1538461538462,38.846153846153854,584.1538461538462,38.846153846153854,0
per_huruf,17,1290,0.8338720103425985,584.2307692307692,38.76923076923076,584.2307692307692,38.76923076923076,0
per_huruf,17,1291,0.8345184227537168,584.3076923076924,38.692307692307686,584.3076923076924,38.692307692307686,0
per_huruf,17,1292,0.8351648351648351,584.3846153846155,38.61538461538462,584.3846153846155,38.61538461538462,0
per_huruf,17,1293,0.8358112475759535,584.4615384615386,38.53846153846154,584.4615384615386,38.53846153846154,0
per_huruf,17,1294,0.8364576599870718,584.5384615384615,38.46153846153846,584.5384615384615,38.46153846153846,0
per_huruf,17,1295,0.8371040723981901,584.6153846153846,38.38461538461539,584.6153846153846,38.38461538461539,0
per_huruf,17,1296,0.8377504848093084,584.6923076923076,38.30769230769231,584.6923076923076,38.30769230769231,0
per_huruf,17,1297,0.8383968972204267,584.7692307692307,38.230769230769226,584.7692307692307,38.230769230769226,0
per_huruf,17,1298,0.8390433096315449,584.8461538461538,38.15384615384615,584.8461538461538,38.15384615384615,0
per_huruf,17,1299,0.8396897220426632,584.9230769230769,38.07692307692308,584.9230769230769,38.07692307692308,0
per_huruf,17,1300,0.8403361344537815,585.0,38.0,585.0,38.0,0
per_huruf,17,1301,0.8409825468648998,585.0769230769231,37.92034592626309,585.0769230769231,37.92034592626309,0
per_huruf,17,1302,0.8416289592760181,585.1538461538462,37.836140191169775,585.1538461538462,37.836140191169775,0
per_huruf,17,1303,0.8422753716871364,585.230769230769,37.74874829312699,585.230769230769,37.74874829312699,0
per_huruf,17,1304,0.8429217840982547,585.3076923076923,37.65953573054164,585.3076923076923,37.65953573054164,0
per_huruf,17,1305,0.843568196509373,585.3846153846154,37.569868001820666,585.3846153846154,37.569868001820666,0
per_huruf,17,1306,0.8442146089204913,585.4615384615386,37.48111060537096,585.4615384615386,37.48111060537096,0
per_huruf,17,1307,0.8448610213316096,585.5384615384615,37.39462903959945,585.5384615384615,37.39462903959945,0
per_huruf,17,1308,0.8455074337427279,585.6153846153846,37.311788802913064,585.6153846153846,37.311788802913064,0
per_huruf,17,1309,0.8461538461538461,585.6923076923076,37.2339553937187,585.6923076923076,37.2339553937187,0
per_huruf,17,1310,0.8468002585649644,585.7692307692307,37.1624943104233,585.7692307692307,37.1624943104233,0
per_huruf,17,1311,0.8474466709760827,585.8461538461538,37.09877105143377,585.8461538461538,37.09877105143377,0
per_huruf,17,1312,0.848093083387201,585.9230769230769,37.04415111515703,585.9230769230769,37.04415111515703,0
per_huruf,17,1313,0.8487394957983193,586.0,37.0,586.0,37.0,0
per_huruf,17,1314,0.8493859082094376,586.0878470641785,36.91260810195722,586.0878470641785,36.91260810195722,0
per_huruf,17,1315,0.8500323206205559,586.1939007737826,36.744651797906236,586.1939007737826,36.744651797906236,0
per_huruf,17,1316,0.8506787330316742,586.3126991351843,36.52207555757852,586.3126991351843,36.52207555757852,0
per_huruf,17,1317,0.8513251454427925,586.4387801547565,36.270823850705504,586.4387801547565,36.270823850705504,0
per_huruf,17,1318,0.8519715578539108,586.5666818388713,36.01684114701867,586.5666818388713,36.01684114701867,0
per_huruf,17,1319,0.8526179702650291,586.6909421939009,35.78607191624943,586.6909421939009,35.78607191624943,0
per_huruf,17,1320,0.8532643826761473,586.8060992262176,35.60446062812927,586.8060992262176,35.60446062812927,0
per_huruf,17,1321,0.8539107950872656,586.906690942194,35.49795175238962,586.906690942194,35.49795175238962,0
per_huruf,17,1322,0.8545572074983839,586.9872553482021,35.49248975876195,586.9872553482021,35.49248975876195,0
per_huruf,17,1323,0.8552036199095022,587.0423304506144,35.614019116977694,587.0423304506144,35.614019116977694,0
per_huruf,17,1324,0.8558500323206205,587.0664542558034,35.88848429676832,587.0664542558034,35.88848429676832,0
per_huruf,17,1325,0.8564964447317388,587.054164770141,36.34182976786527,587.054164770141,36.34182976786527,0
per_huruf,17,1326,0.8571428571428571,587.0,37.0,587.0,37.0,0
per_huruf,17,1327,0.8577892695539754,586.8921256258534,37.93491124260355,586.8921256258534,37.93491124260355,0
per_huruf,17,1328,0.8584356819650937,586.728720983159,39.16568047337279,586.728720983159,39.16568047337279,0
per_huruf,17,1329,0.859082094376212,586.5193445607646,40.63905325443786,586.5193445607646,40.63905325443786,0
per_huruf,17,1330,0.8597285067873303,586.2735548475192,42.30177514792899,586.2735548475192,42.30177514792899,0
per_huruf,17,1331,0.8603749191984486,586.0009103322712,44.10059171597634,586.0009103322712,44.10059171597634,0
per_huruf,17,1332,0.8610213316095668,585.7109695038689,45.982248520710066,585.7109695038689,45.982248520710066,0
per_huruf,17,1333,0.8616677440206851,585.4132908511607,47.89349112426036,585.4132908511607,47.89349112426036,0
per_huruf,17,1334,0.8623141564318034,585.117432862995,49.7810650887574,585.117432862995,49.7810650887574,0
per_huruf,17,1335,0.8629605688429217,584.8329540282202,51.59171597633136,584.8329540282202,51.59171597633136,0
per_huruf,17,1336,0.86360698125404,584.569412835685,53.27218934911242,584.569412835685,53.27218934911242,0
per_huruf,17,1337,0.8642533936651583,584.3363677742376,54.769230769230774,584.3363677742376,54.769230769230774,0
per_huruf,17,1338,0.8648998060762766,584.1433773327265,56.02958579881657,584.1433773327265,56.02958579881657,0
per_huruf,17,1339,0.8655462184873949,584.0,57.0,584.0,57.0,0
per_huruf,17,1340,0.8661926308985132,583.8989531178881,57.69959035047793,583.8989531178881,57.69959035047793,0
per_huruf,17,1341,0.8668390433096316,583.8247610377788,58.20027309968139,583.8247610377788,58.20027309968139,0
per_huruf,17,1342,0.8674854557207499,583.7746927628584,58.527992717341824,583.7746927628584,58.527992717341824,0
per_huruf,17,1343,0.8681318681318682,583.7460172963131,58.70869367319071,583.7460172963131,58.70869367319071,0
per_huruf,17,1344,0.8687782805429864,583.736003641329,58.7683204369595,583.736003641329,58.7683204369595,0
per_huruf,17,1345,0.8694246929541047,583.7419208010924,58.73281747837961,583.7419208010924,58.73281747837961,0
per_huruf,17,1346,0.870071105365223,583.7610377787893,58.62812926718253,583.7610377787893,58.62812926718253,0
per_huruf,17,1347,0.8707175177763413,583.7906235776059,58.48020027309968,583.7906235776059,58.48020027309968,0
per_huruf,17,1348,0.8713639301874596,583.8279472007282,58.31497496586253,583.8279472007282,58.31497496586253,0
per_huruf,17,1349,0.8720103425985779,583.8702776513427,58.15839781520254,583.8702776513427,58.15839781520254,0
per_huruf,17,1350,0.8726567550096962,583.9148839326353,58.03641329085116,583.9148839326353,58.03641329085116,0
per_huruf,17,1351,0.8733031674208145,583.9590350477924,57.974965862539825,583.9590350477924,57.974965862539825,0
per_huruf,17,1352,0.8739495798319328,584.0,58.0,584.0,58.0,0
per_huruf,17,1353,0.8745959922430511,584.046882111971,58.07692307692308,584.046882111971,58.07692307692308,0
per_huruf,17,1354,0.8752424046541694,584.1087847064179,58.15384615384616,584.1087847064179,58.15384615384616,0
per_huruf,17,1355,0.8758888170652877,584.182976786527,58.23076923076923,584.182976786527,58.23076923076923,0
per_huruf,17,1356,0.8765352294764059,584.2667273554848,58.30769230769231,584.2667273554848,58.30769230769231,0
per_huruf,17,1357,0.8771816418875242,584.3573054164771,58.38461538461539,584.3573054164771,58.38461538461539,0
per_huruf,17,1358,0.8778280542986425,584.4519799726902,58.46153846153847,584.4519799726902,58.46153846153847,0
per_huruf,17,1359,0.8784744667097608,584.54802002731,58.53846153846153,584.54802002731,58.53846153846153,0
per_huruf,17,1360,0.8791208791208791,584.642694583523,58.61538461538461,584.642694583523,58.61538461538461,0
per_huruf,17,1361,0.8797672915319974,584.7332726445152,58.69230769230769,584.7332726445152,58.69230769230769,0
per_huruf,17,1362,0.8804137039431157,584.8170232134728,58.76923076923076,584.8170232134728,58.76923076923076,0
per_huruf,17,1363,0.881060116354234,584.8912152935821,58.84615384615384,584.8912152935821,58.84615384615384,0
per_huruf,17,1364,0.8817065287653523,584.9531178880292,58.92307692307692,584.9531178880292,58.92307692307692,0
per_huruf,17,1365,0.8823529411764706,585.0,59.0,585.0,59.0,0
per_huruf,17,1366,0.8829993535875889,585.0273099681384,59.06873008648157,585.0273099681384,59.06873008648157,0
per_huruf,17,1367,0.8836457659987071,585.0350477924443,59.12380518889395,585.0350477924443,59.12380518889395,0
per_huruf,17,1368,0.8842921784098254,585.0273099681383,59.169321802457894,585.0273099681383,59.169321802457894,0
per_huruf,17,1369,0.8849385908209437,585.0081929904416,59.20937642239417,585.0081929904416,59.20937642239417,0
per_huruf,17,1370,0.885585003232062,584.9817933545744,59.24806554392354,584.9817933545744,59.24806554392354,0
per_huruf,17,1371,0.8862314156431803,584.9522075557579,59.28948566226673,584.9522075557579,59.28948566226673,0
per_huruf,17,1372,0.8868778280542986,584.9235320892125,59.33773327264452,584.9235320892125,59.33773327264452,0
per_huruf,17,1373,0.8875242404654169,584.8998634501593,59.39690487027766,584.8998634501593,59.39690487027766,0
per_huruf,17,1374,0.8881706528765352,584.8852981338188,59.47109695038689,584.8852981338188,59.47109695038689,0
per_huruf,17,1375,0.8888170652876535,584.8839326354118,59.56440600819298,584.8839326354118,59.56440600819298,0
per_huruf,17,1376,0.8894634776987718,584.8998634501593,59.6809285389167,584.8998634501593,59.6809285389167,0
per_huruf,17,1377,0.8901098901098901,584.9371870732817,59.824761037778785,584.9371870732817,59.824761037778785,0
per_huruf,17,1378,0.8907563025210083,585.0,60.0,585.0,60.0,0
per_huruf,17,1379,0.8914027149321266,585.0937642239419,60.2175694128357,585.0937642239419,60.2175694128357,0
per_huruf,17,1380,0.8920491273432449,585.2175694128358,60.48020027309968,585.2175694128358,60.48020027309968,0
per_huruf,17,1381,0.8926955397543632,585.3659535730541,60.77969959035047,585.3659535730541,60.77969959035047,0
per_huruf,17,1382,0.8933419521654815,585.5334547109694,61.10787437414656,585.5334547109694,61.10787437414656,0
per_huruf,17,1383,0.8939883645765998,585.7146108329541,61.45653163404644,585.7146108329541,61.45653163404644,0
per_huruf,17,1384,0.8946347769877181,585.9039599453802,61.81747837960856,585.9039599453802,61.81747837960856,0
per_huruf,17,1385,0.8952811893988364,586.09604005462,62.182521620391434,586.09604005462,62.182521620391434,0
per_huruf,17,1386,0.8959276018099547,586.2853891670459,62.54346836595357,586.2853891670459,62.54346836595357,0
per_huruf,17,1387,0.896574014221073,586.4665452890305,62.89212562585344,586.4665452890305,62.89212562585344,0
per_huruf,17,1388,0.8972204266321913,586.6340464269458,63.22030040964951,586.6340464269458,63.22030040964951,0
per_huruf,17,1389,0.8978668390433096,586.7824305871643,63.51979972690032,586.7824305871643,63.51979972690032,0
per_huruf,17,1390,0.898513251454428,586.9062357760582,63.78243058716431,586.9062357760582,63.78243058716431,0
per_huruf,17,1391,0.8991596638655462,587.0,64.0,587.0,64.0,0
per_huruf,17,1392,0.8998060762766645,587.1037778789258,64.15612198452436,587.1037778789258,64.15612198452436,0
per_huruf,17,1393,0.9004524886877828,587.2503413746019,64.2489758761948,587.2503413746019,64.2489758761948,0
per_huruf,17,1394,0.9010989010989011,587.4233045061447,64.29221665908055,587.4233045061447,64.29221665908055,0
per_huruf,17,1395,0.9017453135100194,587.6062812926718,64.29949931725079,587.6062812926718,64.29949931725079,0
per_huruf,17,1396,0.9023917259211377,587.7828857533001,64.2844788347747,587.7828857533001,64.2844788347747,0
per_huruf,17,1397,0.903038138332256,587.9367319071462,64.26081019572145,587.9367319071462,64.26081019572145,0
per_huruf,17,1398,0.9036845507433743,588.0514337733273,64.24214838416022,588.0514337733273,64.24214838416022,0
per_huruf,17,1399,0.9043309631544926,588.1106053709605,64.24214838416022,588.1106053709605,64.24214838416022,0
per_huruf,17,1400,0.9049773755656109,588.0978607191626,64.27446517979062,588.0978607191626,64.27446517979062,0
per_huruf,17,1401,0.9056237879767292,587.9968138370505,64.35275375512062,587.9968138370505,64.35275375512062,0
per_huruf,17,1402,0.9062702003878474,587.7910787437415,64.49066909421938,587.7910787437415,64.49066909421938,0
per_huruf,17,1403,0.9069166127989657,587.4642694583523,64.70186618115612,587.4642694583523,64.70186618115612,0
per_huruf,17,1404,0.907563025210084,587.0,65.0,587.0,65.0,0
per_huruf,17,1405,0.9082094376212023,586.3463814292218,65.407828857533,586.3463814292218,65.407828857533,0
per_huruf,17,1406,0.9088558500323206,585.4870277651343,65.92535275375512,585.4870277651343,65.92535275375512,0
per_huruf,17,1407,0.9095022624434389,584.4588074647245,66.53208921256258,584.4588074647245,66.53208921256258,0
per_huruf,17,1408,0.9101486748545572,583.2985889849795,67.20755575785161,583.2985889849795,67.20755575785161,0
per_huruf,17,1409,0.9107950872656755,582.0432407828858,67.93126991351843,582.0432407828858,67.93126991351843,0
per_huruf,17,1410,0.9114414996767938,580.7296313154302,68.68274920345927,580.7296313154302,68.68274920345927,0
per_huruf,17,1411,0.9120879120879121,579.3946290395994,69.44151115157032,579.3946290395994,69.44151115157032,0
per_huruf,17,1412,0.9127343244990304,578.0751024123806,70.18707328174784,578.0751024123806,70.18707328174784,0
per_huruf,17,1413,0.9133807369101486,576.8079198907601,70.89895311788803,576.8079198907601,70.89895311788803,0
per_huruf,17,1414,0.9140271493212669,575.6299499317249,71.55666818388713,575.6299499317249,71.55666818388713,0
per_huruf,17,1415,0.9146735617323852,574.5780609922622,72.13973600364133,574.5780609922622,72.13973600364133,0
per_huruf,17,1416,0.9153199741435035,573.6891215293582,72.62767410104688,573.6891215293582,72.62767410104688,0
per_huruf,17,1417,0.9159663865546218,573.0,73.0,573.0,73.0,0
per_huruf,17,1418,0.9166127989657401,572.4943104233045,73.26490669094221,572.4943104233045,73.26490669094221,0
per_huruf,17,1419,0.9172592113768584,572.1201638598088,73.45061447428311,572.1201638598088,73.45061447428311,0
per_huruf,17,1420,0.9179056237879767,571.8611743286299,73.56668183887118,571.8611743286299,73.56668183887118,0
per_huruf,17,1421,0.918552036199095,571.7009558488849,73.62266727355484,571.7009558488849,73.62266727355484,0
per_huruf,17,1422,0.9191984486102133,571.6231224396905,73.62812926718252,571.6231224396905,73.62812926718252,0
per_huruf,17,1423,0.9198448610213316,571.6112881201639,73.59262630860263,571.6112881201639,73.59262630860263,0
per_huruf,17,1424,0.9204912734324499,571.6490669094219,73.52571688666363,571.6490669094219,73.52571688666363,0
per_huruf,17,1425,0.9211376858435681,571.7200728265817,73.43695949021392,571.7200728265817,73.43695949021392,0
per_huruf,17,1426,0.9217840982546864,571.8079198907601,73.33591260810195,571.8079198907601,73.33591260810195,0
per_huruf,17,1427,0.9224305106658047,571.8962221210741,73.23213472917615,571.8962221210741,73.23213472917615,0
per_huruf,17,1428,0.923076923076923,571.9685935366409,73.13518434228493,571.9685935366409,73.13518434228493,0
per_huruf,17,1429,0.9237233354880413,572.0086481565771,73.05461993627674,572.0086481565771,73.05461993627674,0
per_huruf,17,1430,0.9243697478991596,572.0,73.0,572.0,73.0,0
per_huruf,17,1431,0.9250161603102779,571.967228038234,72.95584888484298,571.967228038234,72.95584888484298,0
per_huruf,17,1432,0.9256625727213962,571.9449248975876,72.90122894856623,571.9449248975876,72.90122894856623,0
per_huruf,17,1433,0.9263089851325145,571.931725079654,72.83750568957667,571.931725079654,72.83750568957667,0
per_huruf,17,1434,0.9269553975436328,571.9262630860264,72.7660446062813,571.9262630860264,72.7660446062813,0
per_huruf,17,1435,0.927601809954751,571.9271734182978,72.68821119708694,571.9271734182978,72.68821119708694,0
per_huruf,17,1436,0.9282482223658693,571.9330905780611,72.60537096040055,571.9330905780611,72.60537096040055,0
per_huruf,17,1437,0.9288946347769876,571.9426490669094,72.51888939462903,571.9426490669094,72.51888939462903,0
per_huruf,17,1438,0.9295410471881059,571.9544833864361,72.43013199817933,571.9544833864361,72.43013199817933,0
per_huruf,17,1439,0.9301874595992243,571.9672280382339,72.34046426945835,571.9672280382339,72.34046426945835,0
per_huruf,17,1440,0.9308338720103426,571.9795175238962,72.251251706873,571.9795175238962,72.251251706873,0
per_huruf,17,1441,0.9314802844214609,571.989986345016,72.16385980883022,571.989986345016,72.16385980883022,0
per_huruf,17,1442,0.9321266968325792,571.9972690031861,72.07965407373692,571.9972690031861,72.07965407373692,0
per_huruf,17,1443,0.9327731092436975,572.0,72.0,572.0,72.0,0
per_huruf,17,1444,0.9334195216548158,572.0,71.92307692307695,572.0,71.92307692307695,0
per_huruf,17,1445,0.9340659340659341,572.0,71.84615384615385,572.0,71.84615384615385,0
per_huruf,17,1446,0.9347123464770524,572.0,71.76923076923076,572.0,71.76923076923076,0
per_huruf,17,1447,0.9353587588881707,572.0,71.6923076923077,572.0,71.6923076923077,0
per_huruf,17,1448,0.936005171299289,572.0,71.61538461538461,572.0,71.61538461538461,0
per_huruf,17,1449,0.9366515837104072,572.0000000000001,71.53846153846155,572.0000000000001,71.53846153846155,0
per_huruf,17,1450,0.9372979961215255,572.0,71.46153846153847,572.0,71.46153846153847,0
per_huruf,17,1451,0.9379444085326438,572.0,71.38461538461539,572.0,71.38461538461539,0
per_huruf,17,1452,0.9385908209437621,572.0,71.3076923076923,572.0,71.3076923076923,0
per_huruf,17,1453,0.9392372333548804,572.0,71.23076923076923,572.0,71.23076923076923,0
per_huruf,17,1454,0.9398836457659987,572.0,71.15384615384616,572.0,71.15384615384616,0
per_huruf,17,1455,0.940530058177117,572.0,71.07692307692308,572.0,71.07692307692308,0
per_huruf,17,1456,0.9411764705882353,572.0,71.0,572.0,71.0,0
per_huruf,17,1457,0.9418228829993536,572.0,70.92307692307693,572.0,70.92307692307693,0
per_huruf,17,1458,0.9424692954104719,572.0,70.84615384615385,572.0,70.84615384615385,0
per_huruf,17,1459,0.9431157078215902,572.0,70.76923076923076,572.0,70.76923076923076,0
per_huruf,17,1460,0.9437621202327084,572.0,70.69230769230768,572.0,70.69230769230768,0
per_huruf,17,1461,0.9444085326438267,572.0,70.61538461538463,572.0,70.61538461538463,0
per_huruf,17,1462,0.945054945054945,572.0000000000001,70.53846153846155,572.0000000000001,70.53846153846155,0
per_huruf,17,1463,0.9457013574660633,572.0,70.46153846153845,572.0,70.46153846153845,0
per_huruf,17,1464,0.9463477698771816,572.0,70.38461538461539,572.0,70.38461538461539,0
per_huruf,17,1465,0.9469941822882999,572.0,70.3076923076923,572.0,70.3076923076923,0
per_huruf,17,1466,0.9476405946994182,572.0,70.23076923076923,572.0,70.23076923076923,0
per_huruf,17,1467,0.9482870071105365,572.0,70.15384615384616,572.0,70.15384615384616,0
per_huruf,17,1468,0.9489334195216548,572.0,70.07692307692308,572.0,70.07692307692308,0
per_huruf,17,1469,0.9495798319327731,572.0,70.0,572.0,70.0,0
per_huruf,17,1470,0.9502262443438914,572.0,69.92307692307695,572.0,69.92307692307695,0
per_huruf,17,1471,0.9508726567550096,572.0,69.84615384615384,572.0,69.84615384615384,0
per_huruf,17,1472,0.9515190691661279,572.0,69.76923076923076,572.0,69.76923076923076,0
per_huruf,17,1473,0.9521654815772462,572.0,69.69230769230768,572.0,69.69230769230768,0
per_huruf,17,1474,0.9528118939883645,572.0,69.61538461538461,572.0,69.61538461538461,0
per_huruf,17,1475,0.9534583063994828,572.0000000000001,69.53846153846155,572.0000000000001,69.53846153846155,0
per_huruf,17,1476,0.9541047188106011,572.0,69.46153846153847,572.0,69.46153846153847,0
per_huruf,17,1477,0.9547511312217194,572.0,69.38461538461539,572.0,69.38461538461539,0
per_huruf,17,1478,0.9553975436328377,572.0,69.3076923076923,572.0,69.3076923076923,0
per_huruf,17,1479,0.956043956043956,572.0,69.23076923076923,572.0,69.23076923076923,0
per_huruf,17,1480,0.9566903684550743,572.0,69.15384615384616,572.0,69.15384615384616,0
per_huruf,17,1481,0.9573367808661926,572.0,69.07692307692308,572.0,69.07692307692308,0
per_huruf,17,1482,0.9579831932773109,572.0,69.0,572.0,69.0,0
per_huruf,17,1483,0.9586296056884291,572.0464269458353,68.90122894856623,572.0464269458353,68.90122894856623,0
per_huruf,17,1484,0.9592760180995474,572.1702321347292,68.76604460628131,572.1702321347292,68.76604460628131,0
per_huruf,17,1485,0.9599224305106657,572.3482020937641,68.60537096040053,572.3482020937641,68.60537096040053,0
per_huruf,17,1486,0.960568842921784,572.5571233500227,68.43013199817933,572.5571233500227,68.43013199817933,0
per_huruf,17,1487,0.9612152553329023,572.7737824305872,68.25125170687302,572.7737824305872,68.25125170687302,0
per_huruf,17,1488,0.9618616677440207,572.9749658625399,68.07965407373692,572.9749658625399,68.07965407373692,0
per_huruf,17,1489,0.962508080155139,573.1374601729631,67.9262630860264,573.1374601729631,67.9262630860264,0
per_huruf,17,1490,0.9631544925662573,573.2380518889395,67.80200273099682,573.2380518889395,67.80200273099682,0
per_huruf,17,1491,0.9638009049773756,573.2535275375512,67.71779699590351,573.2535275375512,67.71779699590351,0
per_huruf,17,1492,0.9644473173884939,573.1606736458807,67.68456986800182,573.1606736458807,67.68456986800182,0
per_huruf,17,1493,0.9650937297996122,572.9362767410105,67.71324533454711,572.9362767410105,67.71324533454711,0
per_huruf,17,1494,0.9657401422107305,572.5571233500227,67.81474738279472,572.5571233500227,67.81474738279472,0
per_huruf,17,1495,0.9663865546218487,572.0,68.0,572.0,68.0,0
per_huruf,17,1496,0.967032967032967,571.205735093309,68.29540282203004,571.205735093309,68.29540282203004,0
per_huruf,17,1497,0.9676793794440853,570.1606736458808,68.70641784251252,570.1606736458808,68.70641784251252,0
per_huruf,17,1498,0.9683257918552036,568.9098771051433,69.21256258534365,568.9098771051433,69.21256258534365,0
per_huruf,17,1499,0.9689722042663219,567.4984069185251,69.79335457441965,567.4984069185251,69.79335457441965,0
per_huruf,17,1500,0.9696186166774402,565.9713245334548,70.42831133363678,565.9713245334548,70.42831133363678,0
per_huruf,17,1501,0.9702650290885585,564.3736913973601,71.09695038689122,564.3736913973601,71.09695038689122,0
per_huruf,17,1502,0.9709114414996768,562.7505689576695,71.7787892580792,562.7505689576695,71.7787892580792,0
per_huruf,17,1503,0.9715578539107951,561.1470186618116,72.45334547109695,561.1470186618116,72.45334547109695,0
per_huruf,17,1504,0.9722042663219134,559.6081019572143,73.1001365498407,559.6081019572143,73.1001365498407,0
per_huruf,17,1505,0.9728506787330317,558.1788802913063,73.69868001820663,558.1788802913063,73.69868001820663,0
per_huruf,17,1506,0.97349709114415,556.9044151115157,74.22849340009103,556.9044151115157,74.22849340009103,0
per_huruf,17,1507,0.9741435035552682,555.8297678652708,74.66909421939008,555.8297678652708,74.66909421939008,0
per_huruf,17,1508,0.9747899159663865,555.0,75.0,555.0,75.0,0
per_huruf,17,1509,0.9754363283775048,554.4069185252617,75.23759672280383,554.4069185252617,75.23759672280383,0
per_huruf,17,1510,0.9760827407886231,553.994993172508,75.41556668183888,553.994993172508,75.41556668183888,0
per_huruf,17,1511,0.9767291531997414,553.7382794720072,75.53937187073281,553.7382794720072,75.53937187073281,0
per_huruf,17,1512,0.9773755656108597,553.6108329540282,75.61447428311332,553.6108329540282,75.61447428311332,0
per_huruf,17,1513,0.978021978021978,553.5867091488394,75.64633591260812,553.5867091488394,75.64633591260812,0
per_huruf,17,1514,0.9786683904330963,553.6399635867092,75.6404187528448,553.6399635867092,75.6404187528448,0
per_huruf,17,1515,0.9793148028442146,553.7446517979063,75.60218479745107,553.7446517979063,75.60218479745107,0
per_huruf,17,1516,0.9799612152553329,553.8748293126991,75.53709604005462,553.8748293126991,75.53709604005462,0
per_huruf,17,1517,0.9806076276664512,554.0045516613563,75.45061447428311,554.0045516613563,75.45061447428311,0
per_huruf,17,1518,0.9812540400775694,554.1078743741466,75.34820209376423,554.1078743741466,75.34820209376423,0
per_huruf,17,1519,0.9819004524886877,554.1588529813382,75.23532089212563,554.1588529813382,75.23532089212563,0
per_huruf,17,1520,0.982546864899806,554.1315430131998,75.11743286299499,554.1315430131998,75.11743286299499,0
per_huruf,17,1521,0.9831932773109243,554.0,75.0,554.0,75.0,0
per_huruf,17,1522,0.9838396897220426,553.7824305871644,74.86208466090125,553.7824305871644,74.86208466090125,0
per_huruf,17,1523,0.9844861021331609,553.5197997269004,74.68365953573056,553.5197997269004,74.68365953573056,0
per_huruf,17,1524,0.9851325145442792,553.2203004096494,74.47155211652252,553.2203004096494,74.47155211652252,0
per_huruf,17,1525,0.9857789269553975,552.8921256258534,74.23258989531179,552.8921256258534,74.23258989531179,0
per_huruf,17,1526,0.9864253393665158,552.5434683659536,73.97360036413292,552.5434683659536,73.97360036413292,0
per_huruf,17,1527,0.9870717517776341,552.1825216203915,73.70141101502048,552.1825216203915,73.70141101502048,0
per_huruf,17,1528,0.9877181641887524,551.8174783796085,73.42284934000911,551.8174783796085,73.42284934000911,0
per_huruf,17,1529,0.9883645765998706,551.4565316340465,73.14474283113337,551.4565316340465,73.14474283113337,0
per_huruf,17,1530,0.9890109890109889,551.1078743741466,72.87391898042785,551.1078743741466,72.87391898042785,0
per_huruf,17,1531,0.9896574014221072,550.7796995903504,72.61720527992716,550.7796995903504,72.61720527992716,0
per_huruf,17,1532,0.9903038138332255,550.4802002730997,72.38142922166591,550.4802002730997,72.38142922166591,0
per_huruf,17,1533,0.9909502262443438,550.2175694128357,72.17341829767865,550.2175694128357,72.17341829767865,0
per_huruf,17,1534,0.9915966386554621,550.0,72.0,550.0,72.0,0
per_huruf,17,1535,0.9922430510665804,549.822030040965,71.854802002731,549.822030040965,71.854802002731,0
per_huruf,17,1536,0.9928894634776988,549.6709148839327,71.72598998634501,549.6709148839327,71.72598998634501,0
per_huruf,17,1537,0.9935358758888171,549.5439235320891,71.61219845243512,549.5439235320891,71.61219845243512,0
per_huruf,17,1538,0.9941822882999354,549.4383249886208,71.51206190259444,549.4383249886208,71.51206190259444,0
per_huruf,17,1539,0.9948287007110537,549.3513882567138,71.42421483841602,549.3513882567138,71.42421483841602,0
per_huruf,17,1540,0.995475113122172,549.280382339554,71.34729176149295,549.280382339554,71.34729176149295,0
per_huruf,17,1541,0.9961215255332903,549.2225762403276,71.2799271734183,549.2225762403276,71.2799271734183,0
per_huruf,17,1542,0.9967679379444085,549.1752389622212,71.22075557578516,549.1752389622212,71.22075557578516,0
per_huruf,17,1543,0.9974143503555268,549.1356395084206,71.16841147018661,549.1356395084206,71.16841147018661,0
per_huruf,17,1544,0.9980607627666451,549.1010468821119,71.12152935821575,549.1010468821119,71.12152935821575,0
per_huruf,17,1545,0.9987071751777634,549.0687300864815,71.07874374146564,549.0687300864815,71.07874374146564,0
per_huruf,17,1546,0.9993535875888817,549.0359581247155,71.03868912152936,549.0359581247155,71.03868912152936,0
per_huruf,17,1547,1.0,549.0,71.0,549.0,71.0,0
