label,huruf,point_index,t,bezier_xx_x,bezier_xx_y,xx_sc_x,xx_sc_y,is_sample_output_bezier_py
per_huruf,3,0,0.0,44.0,95.0,44.0,95.0,0
per_huruf,3,1,0.0004027386226339106,44.044151115157035,95.00000000000001,44.044151115157035,95.00000000000001,0
per_huruf,3,2,0.0008054772452678212,44.09877105143378,95.0,44.09877105143378,95.0,0
per_huruf,3,3,0.0012082158679017317,44.162494310423305,94.99999999999999,44.162494310423305,94.99999999999999,0
per_huruf,3,4,0.0016109544905356424,44.2339553937187,94.99999999999999,44.2339553937187,94.99999999999999,0
per_huruf,3,5,0.002013693113169553,44.311788802913064,95.00000000000001,44.311788802913064,95.00000000000001,0
per_huruf,3,6,0.0024164317358034634,44.39462903959945,95.00000000000001,44.39462903959945,95.00000000000001,0
per_huruf,3,7,0.002819170358437374,44.48111060537096,95.0,44.48111060537096,95.0,0
per_huruf,3,8,0.003221908981071285,44.569868001820666,95.00000000000001,44.569868001820666,95.00000000000001,0
per_huruf,3,9,0.0036246476037051956,44.65953573054164,95.0,44.65953573054164,95.0,0
per_huruf,3,10,0.004027386226339106,44.74874829312699,94.99999999999999,44.74874829312699,94.99999999999999,0
per_huruf,3,11,0.004430124848973017,44.836140191169775,95.0,44.836140191169775,95.0,0
per_huruf,3,12,0.004832863471606927,44.92034592626308,95.0,44.92034592626308,95.0,0
per_huruf,3,13,0.005235602094240838,45.0,95.0,45.0,95.0,0
per_huruf,3,14,0.005638340716874748,45.07692307692308,95.00000000000001,45.07692307692308,95.00000000000001,0
per_huruf,3,15,0.0060410793395086594,45.15384615384615,95.0,45.15384615384615,95.0,0
per_huruf,3,16,0.00644381796214257,45.230769230769226,94.99999999999999,45.230769230769226,94.99999999999999,0
per_huruf,3,17,0.00684655658477648,45.30769230769231,94.99999999999999,45.30769230769231,94.99999999999999,0
per_huruf,3,18,0.007249295207410391,45.384615384615394,95.00000000000001,45.384615384615394,95.00000000000001,0
per_huruf,3,19,0.0076520338300443014,45.46153846153847,95.00000000000001,45.46153846153847,95.00000000000001,0
per_huruf,3,20,0.008054772452678213,45.53846153846153,95.0,45.53846153846153,95.0,0
per_huruf,3,21,0.008457511075312122,45.61538461538462,95.00000000000001,45.61538461538462,95.00000000000001,0
per_huruf,3,22,0.008860249697946033,45.69230769230769,95.0,45.69230769230769,95.0,0
per_huruf,3,23,0.009262988320579944,45.76923076923076,94.99999999999999,45.76923076923076,94.99999999999999,0
per_huruf,3,24,0.009665726943213854,45.84615384615385,95.0,45.84615384615385,95.0,0
per_huruf,3,25,0.010068465565847765,45.92307692307692,95.0,45.92307692307692,95.0,0
per_huruf,3,26,0.010471204188481676,46.0,95.0,46.0,95.0,0
per_huruf,3,27,0.010873942811115587,46.07692307692308,94.99726900318618,46.07692307692308,94.99726900318618,0
per_huruf,3,28,0.011276681433749497,46.15384615384616,94.98998634501594,46.15384615384616,94.98998634501594,0
per_huruf,3,29,0.011679420056383408,46.23076923076922,94.9795175238962,46.23076923076922,94.9795175238962,0
per_huruf,3,30,0.012082158679017319,46.3076923076923,94.96722803823394,46.3076923076923,94.96722803823394,0
per_huruf,3,31,0.012484897301651228,46.384615384615394,94.95448338643607,46.384615384615394,94.95448338643607,0
per_huruf,3,32,0.01288763592428514,46.46153846153847,94.94264906690942,46.46153846153847,94.94264906690942,0
per_huruf,3,33,0.01329037454691905,46.53846153846154,94.93309057806098,46.53846153846154,94.93309057806098,0
per_huruf,3,34,0.01369311316955296,46.61538461538462,94.92717341829768,46.61538461538462,94.92717341829768,0
per_huruf,3,35,0.014095851792186871,46.69230769230769,94.9262630860264,46.69230769230769,94.9262630860264,0
per_huruf,3,36,0.014498590414820782,46.76923076923076,94.93172507965406,46.76923076923076,94.93172507965406,0
per_huruf,3,37,0.014901329037454692,46.84615384615385,94.94492489758761,46.84615384615385,94.94492489758761,0
per_huruf,3,38,0.015304067660088603,46.92307692307692,94.96722803823396,46.92307692307692,94.96722803823396,0
per_huruf,3,39,0.015706806282722512,47.0,95.0,47.0,95.0,0
per_huruf,3,40,0.016109544905356425,47.07692307692308,95.04688211197089,47.07692307692308,95.04688211197089,1
per_huruf,3,41,0.016512283527990335,47.15384615384616,95.10878470641785,47.15384615384616,95.10878470641785,0
per_huruf,3,42,0.016915022150624244,47.230769230769226,95.18297678652706,47.230769230769226,95.18297678652706,0
per_huruf,3,43,0.017317760773258157,47.30769230769231,95.26672735548475,47.30769230769231,95.26672735548475,0
per_huruf,3,44,0.017720499395892066,47.38461538461539,95.35730541647703,47.38461538461539,95.35730541647703,0
per_huruf,3,45,0.018123238018525976,47.46153846153847,95.45197997269004,47.46153846153847,95.45197997269004,0
per_huruf,3,46,0.01852597664115989,47.53846153846155,95.54802002730997,47.53846153846155,95.54802002730997,0
per_huruf,3,47,0.018928715263793798,47.61538461538462,95.64269458352298,47.61538461538462,95.64269458352298,0
per_huruf,3,48,0.019331453886427707,47.69230769230769,95.73327264451524,47.69230769230769,95.73327264451524,0
per_huruf,3,49,0.01973419250906162,47.76923076923076,95.81702321347291,47.76923076923076,95.81702321347291,0
per_huruf,3,50,0.02013693113169553,47.84615384615385,95.89121529358215,47.84615384615385,95.89121529358215,0
per_huruf,3,51,0.020539669754329443,47.92307692307692,95.95311788802913,47.92307692307692,95.95311788802913,0
per_huruf,3,52,0.020942408376963352,48.0,96.0,48.0,96.0,0
per_huruf,3,53,0.02134514699959726,48.07692307692308,96.03277196176606,48.07692307692308,96.03277196176606,0
per_huruf,3,54,0.021747885622231174,48.15384615384616,96.05507510241237,48.15384615384616,96.05507510241237,0
per_huruf,3,55,0.022150624244865084,48.23076923076922,96.0682749203459,48.23076923076922,96.0682749203459,0
per_huruf,3,56,0.022553362867498993,48.30769230769231,96.0737369139736,48.30769230769231,96.0737369139736,0
per_huruf,3,57,0.022956101490132906,48.384615384615394,96.07282658170233,48.384615384615394,96.07282658170233,0
per_huruf,3,58,0.023358840112766815,48.46153846153847,96.06690942193902,48.46153846153847,96.06690942193902,0
per_huruf,3,59,0.023761578735400725,48.53846153846154,96.05735093309059,48.53846153846154,96.05735093309059,0
per_huruf,3,60,0.024164317358034638,48.61538461538462,96.04551661356396,48.61538461538462,96.04551661356396,0
per_huruf,3,61,0.024567055980668547,48.69230769230769,96.03277196176604,48.69230769230769,96.03277196176604,1
per_huruf,3,62,0.024969794603302457,48.76923076923076,96.02048247610378,48.76923076923076,96.02048247610378,0
per_huruf,3,63,0.02537253322593637,48.84615384615385,96.01001365498408,48.84615384615385,96.01001365498408,0
per_huruf,3,64,0.02577527184857028,48.92307692307692,96.00273099681382,48.92307692307692,96.00273099681382,0
per_huruf,3,65,0.02617801047120419,49.0,96.0,49.0,96.0,0
per_huruf,3,66,0.0265807490938381,49.07692307692308,96.00000000000001,49.07692307692308,96.00000000000001,0
per_huruf,3,67,0.02698348771647201,49.15384615384615,96.0,49.15384615384615,96.0,0
per_huruf,3,68,0.02738622633910592,49.230769230769226,95.99999999999999,49.230769230769226,95.99999999999999,0
per_huruf,3,69,0.027788964961739833,49.3076923076923,95.99999999999999,49.3076923076923,95.99999999999999,0
per_huruf,3,70,0.028191703584373742,49.38461538461539,96.00000000000001,49.38461538461539,96.00000000000001,0
per_huruf,3,71,0.028594442207007652,49.46153846153847,96.00000000000001,49.46153846153847,96.00000000000001,0
per_huruf,3,72,0.028997180829641565,49.53846153846154,96.0,49.53846153846154,96.0,0
per_huruf,3,73,0.029399919452275474,49.61538461538462,96.00000000000001,49.61538461538462,96.00000000000001,0
per_huruf,3,74,0.029802658074909383,49.69230769230769,95.99999999999999,49.69230769230769,95.99999999999999,0
per_huruf,3,75,0.030205396697543296,49.76923076923076,96.0,49.76923076923076,96.0,0
per_huruf,3,76,0.030608135320177206,49.84615384615385,96.0,49.84615384615385,96.0,0
per_huruf,3,77,0.031010873942811115,49.92307692307692,96.0,49.92307692307692,96.0,0
per_huruf,3,78,0.031413612565445025,50.0,96.0,50.0,96.0,0
per_huruf,3,79,0.03181635118807894,50.07692307692308,96.00000000000001,50.07692307692308,96.00000000000001,0
per_huruf,3,80,0.03221908981071285,50.15384615384616,96.0,50.15384615384616,96.0,0
per_huruf,3,81,0.03262182843334676,50.230769230769226,95.99999999999999,50.230769230769226,95.99999999999999,1
per_huruf,3,82,0.03302456705598067,50.3076923076923,95.99999999999999,50.3076923076923,95.99999999999999,0
per_huruf,3,83,0.03342730567861458,50.38461538461539,96.00000000000001,50.38461538461539,96.00000000000001,0
per_huruf,3,84,0.03383004430124849,50.46153846153847,96.00000000000001,50.46153846153847,96.00000000000001,0
per_huruf,3,85,0.034232782923882404,50.53846153846154,96.0,50.53846153846154,96.0,0
per_huruf,3,86,0.034635521546516314,50.61538461538462,96.00000000000001,50.61538461538462,96.00000000000001,0
per_huruf,3,87,0.03503826016915022,50.69230769230769,95.99999999999999,50.69230769230769,95.99999999999999,0
per_huruf,3,88,0.03544099879178413,50.76923076923076,96.0,50.76923076923076,96.0,0
per_huruf,3,89,0.03584373741441804,50.84615384615385,96.0,50.84615384615385,96.0,0
per_huruf,3,90,0.03624647603705195,50.92307692307692,96.0,50.92307692307692,96.0,0
per_huruf,3,91,0.03664921465968587,51.0,96.0,51.0,96.0,1
per_huruf,3,92,0.03705195328231978,51.07692307692308,96.00000000000001,51.07692307692308,96.00000000000001,0
per_huruf,3,93,0.03745469190495369,51.15384615384615,96.0,51.15384615384615,96.0,0
per_huruf,3,94,0.037857430527587596,51.23076923076922,95.99999999999999,51.23076923076922,95.99999999999999,0
per_huruf,3,95,0.038260169150221505,51.3076923076923,95.99999999999999,51.3076923076923,95.99999999999999,0
per_huruf,3,96,0.038662907772855415,51.38461538461539,96.00000000000001,51.38461538461539,96.00000000000001,0
per_huruf,3,97,0.03906564639548933,51.46153846153846,96.00000000000001,51.46153846153846,96.00000000000001,0
per_huruf,3,98,0.03946838501812324,51.53846153846154,96.0,51.53846153846154,96.0,0
per_huruf,3,99,0.03987112364075715,51.61538461538461,96.00000000000001,51.61538461538461,96.00000000000001,0
per_huruf,3,100,0.04027386226339106,51.692307692307686,95.99999999999999,51.692307692307686,95.99999999999999,0
per_huruf,3,101,0.04067660088602497,51.76923076923076,96.0,51.76923076923076,96.0,0
per_huruf,3,102,0.041079339508658885,51.84615384615385,96.0,51.84615384615385,96.0,0
per_huruf,3,103,0.041482078131292795,51.92307692307692,96.0,51.92307692307692,96.0,0
per_huruf,3,104,0.041884816753926704,52.0,96.0,52.0,96.0,0
per_huruf,3,105,0.042287555376560614,52.07692307692308,96.00273099681385,52.07692307692308,96.00273099681385,0
per_huruf,3,106,0.04269029399919452,52.15384615384615,96.01001365498408,52.15384615384615,96.01001365498408,0
per_huruf,3,107,0.04309303262182843,52.23076923076921,96.02048247610377,52.23076923076921,96.02048247610377,0
per_huruf,3,108,0.04349577124446235,52.30769230769229,96.03277196176604,52.30769230769229,96.03277196176604,0
per_huruf,3,109,0.04389850986709626,52.38461538461539,96.04551661356396,52.38461538461539,96.04551661356396,0
per_huruf,3,110,0.04430124848973017,52.46153846153846,96.05735093309059,52.46153846153846,96.05735093309059,0
per_huruf,3,111,0.04470398711236408,52.53846153846153,96.06690942193902,52.53846153846153,96.06690942193902,0
per_huruf,3,112,0.045106725734997986,52.61538461538462,96.07282658170233,52.61538461538462,96.07282658170233,0
per_huruf,3,113,0.045509464357631896,52.69230769230769,96.0737369139736,52.69230769230769,96.0737369139736,0
per_huruf,3,114,0.04591220298026581,52.76923076923077,96.06827492034591,52.76923076923077,96.06827492034591,0
per_huruf,3,115,0.04631494160289972,52.846153846153854,96.05507510241239,52.846153846153854,96.05507510241239,0
per_huruf,3,116,0.04671768022553363,52.92307692307692,96.03277196176603,52.92307692307692,96.03277196176603,0
per_huruf,3,117,0.04712041884816754,53.0,96.0,53.0,96.0,0
per_huruf,3,118,0.04752315747080145,53.07692307692308,95.95311788802913,53.07692307692308,95.95311788802913,0
per_huruf,3,119,0.04792589609343536,53.15384615384616,95.89121529358218,53.15384615384616,95.89121529358218,0
per_huruf,3,120,0.048328634716069276,53.230769230769226,95.8170232134729,53.230769230769226,95.8170232134729,0
per_huruf,3,121,0.048731373338703185,53.30769230769231,95.73327264451524,53.30769230769231,95.73327264451524,0
per_huruf,3,122,0.049134111961337094,53.384615384615394,95.642694583523,53.384615384615394,95.642694583523,1
per_huruf,3,123,0.049536850583971004,53.46153846153846,95.54802002730997,53.46153846153846,95.54802002730997,0
per_huruf,3,124,0.04993958920660491,53.53846153846154,95.45197997269003,53.53846153846154,95.45197997269003,0
per_huruf,3,125,0.05034232782923882,53.61538461538461,95.35730541647702,53.61538461538461,95.35730541647702,0
per_huruf,3,126,0.05074506645187274,53.69230769230769,95.26672735548475,53.69230769230769,95.26672735548475,0
per_huruf,3,127,0.05114780507450665,53.76923076923077,95.18297678652708,53.76923076923077,95.18297678652708,0
per_huruf,3,128,0.05155054369714056,53.846153846153854,95.10878470641785,53.846153846153854,95.10878470641785,0
per_huruf,3,129,0.05195328231977447,53.92307692307692,95.04688211197087,53.92307692307692,95.04688211197087,0
per_huruf,3,130,0.05235602094240838,54.0,95.0,54.0,95.0,0
per_huruf,3,131,0.05275875956504229,54.07692307692309,94.96722803823396,54.07692307692309,94.96722803823396,0
per_huruf,3,132,0.0531614981876762,54.15384615384616,94.94492489758763,54.15384615384616,94.94492489758763,0
per_huruf,3,133,0.05356423681031011,54.230769230769226,94.93172507965406,54.230769230769226,94.93172507965406,0
per_huruf,3,134,0.05396697543294402,54.30769230769231,94.9262630860264,54.30769230769231,94.9262630860264,0
per_huruf,3,135,0.05436971405557793,54.384615384615394,94.9271734182977,54.384615384615394,94.9271734182977,0
per_huruf,3,136,0.05477245267821184,54.46153846153847,94.933090578061,54.46153846153847,94.933090578061,0
per_huruf,3,137,0.055175191300845756,54.53846153846154,94.94264906690942,54.53846153846154,94.94264906690942,0
per_huruf,3,138,0.055577929923479666,54.61538461538461,94.95448338643605,54.61538461538461,94.95448338643605,0
per_huruf,3,139,0.055980668546113575,54.692307692307686,94.96722803823396,54.692307692307686,94.96722803823396,0
per_huruf,3,140,0.056383407168747485,54.76923076923077,94.97951752389622,54.76923076923077,94.97951752389622,0
per_huruf,3,141,0.056786145791381394,54.846153846153854,94.98998634501594,54.846153846153854,94.98998634501594,0
per_huruf,3,142,0.057188884414015304,54.92307692307692,94.99726900318616,54.92307692307692,94.99726900318616,0
per_huruf,3,143,0.05759162303664922,55.0,95.0,55.0,95.0,0
per_huruf,3,144,0.05799436165928313,55.07692307692308,95.00273099681384,55.07692307692308,95.00273099681384,0
per_huruf,3,145,0.05839710028191704,55.15384615384616,95.01001365498408,55.15384615384616,95.01001365498408,0
per_huruf,3,146,0.05879983890455095,55.23076923076922,95.02048247610377,55.23076923076922,95.02048247610377,0
per_huruf,3,147,0.05920257752718486,55.3076923076923,95.03277196176603,55.3076923076923,95.03277196176603,0
per_huruf,3,148,0.05960531614981877,55.384615384615394,95.04551661356396,55.384615384615394,95.04551661356396,0
per_huruf,3,149,0.06000805477245268,55.46153846153846,95.05735093309059,55.46153846153846,95.05735093309059,0
per_huruf,3,150,0.06041079339508659,55.53846153846153,95.06690942193902,55.53846153846153,95.06690942193902,0
per_huruf,3,151,0.0608135320177205,55.61538461538461,95.07282658170233,55.61538461538461,95.07282658170233,0
per_huruf,3,152,0.06121627064035441,55.69230769230769,95.0737369139736,55.69230769230769,95.0737369139736,0
per_huruf,3,153,0.06161900926298832,55.76923076923076,95.06827492034591,55.76923076923076,95.06827492034591,0
per_huruf,3,154,0.06202174788562223,55.84615384615384,95.05507510241239,55.84615384615384,95.05507510241239,0
per_huruf,3,155,0.06242448650825615,55.92307692307692,95.03277196176604,55.92307692307692,95.03277196176604,0
per_huruf,3,156,0.06282722513089005,56.0,95.0,56.0,95.0,0
per_huruf,3,157,0.06322996375352397,56.07692307692308,94.95311788802914,56.07692307692308,94.95311788802914,0
per_huruf,3,158,0.06363270237615788,56.15384615384616,94.89121529358216,56.15384615384616,94.89121529358216,0
per_huruf,3,159,0.06403544099879178,56.23076923076922,94.81702321347291,56.23076923076922,94.81702321347291,0
per_huruf,3,160,0.0644381796214257,56.30769230769231,94.73327264451524,56.30769230769231,94.73327264451524,0
per_huruf,3,161,0.0648409182440596,56.38461538461539,94.642694583523,56.38461538461539,94.642694583523,0
per_huruf,3,162,0.06524365686669352,56.46153846153847,94.54802002730997,56.46153846153847,94.54802002730997,0
per_huruf,3,163,0.06564639548932744,56.53846153846154,94.45197997269004,56.53846153846154,94.45197997269004,0
per_huruf,3,164,0.06604913411196134,56.61538461538461,94.35730541647702,56.61538461538461,94.35730541647702,0
per_huruf,3,165,0.06645187273459525,56.69230769230769,94.26672735548475,56.69230769230769,94.26672735548475,0
per_huruf,3,166,0.06685461135722916,56.76923076923076,94.18297678652708,56.76923076923076,94.18297678652708,0
per_huruf,3,167,0.06725734997986307,56.84615384615384,94.10878470641785,56.84615384615384,94.10878470641785,0
per_huruf,3,168,0.06766008860249698,56.92307692307692,94.04688211197086,56.92307692307692,94.04688211197086,0
per_huruf,3,169,0.06806282722513089,57.0,94.0,57.0,94.0,0
per_huruf,3,170,0.06846556584776481,57.07692307692309,93.96722803823396,57.07692307692309,93.96722803823396,0
per_huruf,3,171,0.06886830447039871,57.15384615384616,93.94492489758763,57.15384615384616,93.94492489758763,0
per_huruf,3,172,0.06927104309303263,57.230769230769226,93.93172507965406,57.230769230769226,93.93172507965406,0
per_huruf,3,173,0.06967378171566653,57.3076923076923,93.92626308602638,57.3076923076923,93.92626308602638,0
per_huruf,3,174,0.07007652033830045,57.384615384615394,93.92717341829768,57.384615384615394,93.92717341829768,0
per_huruf,3,175,0.07047925896093436,57.46153846153847,93.933090578061,57.46153846153847,93.933090578061,0
per_huruf,3,176,0.07088199758356827,57.53846153846155,93.94264906690942,57.53846153846155,93.94264906690942,0
per_huruf,3,177,0.07128473620620218,57.61538461538461,93.95448338643605,57.61538461538461,93.95448338643605,0
per_huruf,3,178,0.07168747482883608,57.692307692307686,93.96722803823396,57.692307692307686,93.96722803823396,0
per_huruf,3,179,0.07209021345147,57.76923076923076,93.97951752389622,57.76923076923076,93.97951752389622,0
per_huruf,3,180,0.0724929520741039,57.84615384615385,93.98998634501594,57.84615384615385,93.98998634501594,1
per_huruf,3,181,0.07289569069673782,57.92307692307692,93.99726900318615,57.92307692307692,93.99726900318615,0
per_huruf,3,182,0.07329842931937174,58.0,94.0,58.0,94.0,0
per_huruf,3,183,0.07370116794200564,58.07692307692308,94.00273099681384,58.07692307692308,94.00273099681384,0
per_huruf,3,184,0.07410390656463955,58.15384615384616,94.01001365498408,58.15384615384616,94.01001365498408,0
per_huruf,3,185,0.07450664518727346,58.23076923076923,94.02048247610377,58.23076923076923,94.02048247610377,0
per_huruf,3,186,0.07490938380990737,58.30769230769231,94.03277196176603,58.30769230769231,94.03277196176603,0
per_huruf,3,187,0.07531212243254129,58.38461538461539,94.04551661356396,58.38461538461539,94.04551661356396,0
per_huruf,3,188,0.07571486105517519,58.46153846153847,94.05735093309059,58.46153846153847,94.05735093309059,0
per_huruf,3,189,0.07611759967780911,58.53846153846153,94.06690942193902,58.53846153846153,94.06690942193902,0
per_huruf,3,190,0.07652033830044301,58.61538461538461,94.07282658170233,58.61538461538461,94.07282658170233,0
per_huruf,3,191,0.07692307692307693,58.69230769230769,94.0737369139736,58.69230769230769,94.0737369139736,0
per_huruf,3,192,0.07732581554571083,58.76923076923076,94.06827492034591,58.76923076923076,94.06827492034591,0
per_huruf,3,193,0.07772855416834475,58.84615384615384,94.05507510241239,58.84615384615384,94.05507510241239,0
per_huruf,3,194,0.07813129279097866,58.92307692307692,94.03277196176604,58.92307692307692,94.03277196176604,0
per_huruf,3,195,0.07853403141361257,59.0,94.0,59.0,94.0,0
per_huruf,3,196,0.07893677003624648,59.07692307692308,93.95311788802913,59.07692307692308,93.95311788802913,0
per_huruf,3,197,0.07933950865888038,59.15384615384615,93.89121529358215,59.15384615384615,93.89121529358215,0
per_huruf,3,198,0.0797422472815143,59.230769230769226,93.81702321347291,59.230769230769226,93.81702321347291,0
per_huruf,3,199,0.08014498590414822,59.3076923076923,93.73327264451524,59.3076923076923,93.73327264451524,0
per_huruf,3,200,0.08054772452678212,59.384615384615394,93.642694583523,59.384615384615394,93.642694583523,0
per_huruf,3,201,0.08095046314941604,59.46153846153847,93.54802002730997,59.46153846153847,93.54802002730997,0
per_huruf,3,202,0.08135320177204994,59.53846153846154,93.45197997269003,59.53846153846154,93.45197997269003,0
per_huruf,3,203,0.08175594039468385,59.61538461538462,93.35730541647702,59.61538461538462,93.35730541647702,0
per_huruf,3,204,0.08215867901731777,59.69230769230769,93.26672735548475,59.69230769230769,93.26672735548475,0
per_huruf,3,205,0.08256141763995167,59.76923076923076,93.18297678652708,59.76923076923076,93.18297678652708,0
per_huruf,3,206,0.08296415626258559,59.84615384615384,93.10878470641785,59.84615384615384,93.10878470641785,0
per_huruf,3,207,0.08336689488521949,59.92307692307692,93.04688211197087,59.92307692307692,93.04688211197087,0
per_huruf,3,208,0.08376963350785341,60.0,93.0,60.0,93.0,0
per_huruf,3,209,0.08417237213048731,60.07692307692309,92.96722803823397,60.07692307692309,92.96722803823397,0
per_huruf,3,210,0.08457511075312123,60.15384615384615,92.94492489758761,60.15384615384615,92.94492489758761,0
per_huruf,3,211,0.08497784937575514,60.23076923076922,92.93172507965407,60.23076923076922,92.93172507965407,0
per_huruf,3,212,0.08538058799838905,60.30769230769231,92.9262630860264,60.30769230769231,92.9262630860264,0
per_huruf,3,213,0.08578332662102296,60.38461538461539,92.9271734182977,60.38461538461539,92.9271734182977,0
per_huruf,3,214,0.08618606524365686,60.46153846153847,92.933090578061,60.46153846153847,92.933090578061,0
per_huruf,3,215,0.08658880386629078,60.53846153846155,92.94264906690944,60.53846153846155,92.94264906690944,0
per_huruf,3,216,0.0869915424889247,60.61538461538462,92.95448338643605,60.61538461538462,92.95448338643605,0
per_huruf,3,217,0.0873942811115586,60.692307692307686,92.96722803823394,60.692307692307686,92.96722803823394,0
per_huruf,3,218,0.08779701973419252,60.76923076923076,92.97951752389622,60.76923076923076,92.97951752389622,0
per_huruf,3,219,0.08819975835682642,60.84615384615385,92.98998634501592,60.84615384615385,92.98998634501592,0
per_huruf,3,220,0.08860249697946034,60.92307692307692,92.99726900318616,60.92307692307692,92.99726900318616,0
per_huruf,3,221,0.08900523560209424,61.0,93.0,61.0,93.0,0
per_huruf,3,222,0.08940797422472815,61.07692307692309,93.00273099681385,61.07692307692309,93.00273099681385,0
per_huruf,3,223,0.08981071284736207,61.15384615384615,93.01001365498406,61.15384615384615,93.01001365498406,0
per_huruf,3,224,0.09021345146999597,61.230769230769226,93.02048247610377,61.230769230769226,93.02048247610377,0
per_huruf,3,225,0.09061619009262989,61.3076923076923,93.03277196176604,61.3076923076923,93.03277196176604,0
per_huruf,3,226,0.09101892871526379,61.38461538461539,93.04551661356396,61.38461538461539,93.04551661356396,0
per_huruf,3,227,0.09142166733789771,61.46153846153847,93.05735093309058,61.46153846153847,93.05735093309058,0
per_huruf,3,228,0.09182440596053162,61.53846153846153,93.06690942193902,61.53846153846153,93.06690942193902,0
per_huruf,3,229,0.09222714458316553,61.61538461538461,93.07282658170233,61.61538461538461,93.07282658170233,0
per_huruf,3,230,0.09262988320579944,61.69230769230769,93.07373691397359,61.69230769230769,93.07373691397359,0
per_huruf,3,231,0.09303262182843335,61.76923076923076,93.06827492034591,61.76923076923076,93.06827492034591,0
per_huruf,3,232,0.09343536045106726,61.84615384615385,93.05507510241239,61.84615384615385,93.05507510241239,0
per_huruf,3,233,0.09383809907370118,61.92307692307692,93.03277196176604,61.92307692307692,93.03277196176604,0
per_huruf,3,234,0.09424083769633508,62.0,93.0,62.0,93.0,0
per_huruf,3,235,0.094643576318969,62.07692307692309,92.95584888484298,62.07692307692309,92.95584888484298,0
per_huruf,3,236,0.0950463149416029,62.15384615384616,92.90122894856621,62.15384615384616,92.90122894856621,0
per_huruf,3,237,0.09544905356423682,62.23076923076922,92.83750568957669,62.23076923076922,92.83750568957669,0
per_huruf,3,238,0.09585179218687072,62.30769230769231,92.76604460628128,62.30769230769231,92.76604460628128,0
per_huruf,3,239,0.09625453080950463,62.384615384615394,92.68821119708696,62.384615384615394,92.68821119708696,0
per_huruf,3,240,0.09665726943213855,62.46153846153847,92.60537096040055,62.46153846153847,92.60537096040055,0
per_huruf,3,241,0.09706000805477245,62.53846153846154,92.51888939462904,62.53846153846154,92.51888939462904,0
per_huruf,3,242,0.09746274667740637,62.61538461538462,92.43013199817933,62.61538461538462,92.43013199817933,0
per_huruf,3,243,0.09786548530004027,62.69230769230769,92.34046426945835,62.69230769230769,92.34046426945835,0
per_huruf,3,244,0.09826822392267419,62.76923076923077,92.251251706873,62.76923076923077,92.251251706873,0
per_huruf,3,245,0.0986709625453081,62.84615384615385,92.16385980883022,62.84615384615385,92.16385980883022,0
per_huruf,3,246,0.09907370116794201,62.92307692307692,92.0796540737369,62.92307692307692,92.0796540737369,0
per_huruf,3,247,0.09947643979057592,63.0,92.0,63.0,92.0,0
per_huruf,3,248,0.09987917841320983,63.07692307692309,91.9203459262631,63.07692307692309,91.9203459262631,0
per_huruf,3,249,0.10028191703584374,63.15384615384615,91.83614019116979,63.15384615384615,91.83614019116979,0
per_huruf,3,250,0.10068465565847765,63.23076923076922,91.74874829312698,63.23076923076922,91.74874829312698,0
per_huruf,3,251,0.10108739428111156,63.3076923076923,91.65953573054163,63.3076923076923,91.65953573054163,0
per_huruf,3,252,0.10149013290374548,63.384615384615394,91.56986800182068,63.384615384615394,91.56986800182068,0
per_huruf,3,253,0.10189287152637938,63.46153846153847,91.48111060537097,63.46153846153847,91.48111060537097,0
per_huruf,3,254,0.1022956101490133,63.53846153846154,91.39462903959945,63.53846153846154,91.39462903959945,0
per_huruf,3,255,0.1026983487716472,63.61538461538462,91.31178880291307,63.61538461538462,91.31178880291307,0
per_huruf,3,256,0.10310108739428112,63.69230769230769,91.2339553937187,63.69230769230769,91.2339553937187,0
per_huruf,3,257,0.10350382601691503,63.76923076923076,91.1624943104233,63.76923076923076,91.1624943104233,0
per_huruf,3,258,0.10390656463954893,63.84615384615385,91.09877105143377,63.84615384615385,91.09877105143377,0
per_huruf,3,259,0.10430930326218285,63.92307692307692,91.04415111515704,63.92307692307692,91.04415111515704,0
per_huruf,3,260,0.10471204188481675,64.0,91.0,64.0,91.0,0
per_huruf,3,261,0.10511478050745067,64.07692307692308,90.96995903504781,64.07692307692308,90.96995903504781,0
per_huruf,3,262,0.10551751913008459,64.15384615384616,90.95493855257169,64.15384615384616,90.95493855257169,0
per_huruf,3,263,0.10592025775271849,64.23076923076923,90.95220755575784,64.23076923076923,90.95220755575784,0
per_huruf,3,264,0.1063229963753524,64.30769230769229,90.95903504779243,64.30769230769229,90.95903504779243,0
per_huruf,3,265,0.10672573499798631,64.38461538461539,90.97269003186165,64.38461538461539,90.97269003186165,0
per_huruf,3,266,0.10712847362062022,64.46153846153847,90.99044151115157,64.46153846153847,90.99044151115157,0
per_huruf,3,267,0.10753121224325413,64.53846153846153,91.00955848884844,64.53846153846153,91.00955848884844,0
per_huruf,3,268,0.10793395086588804,64.61538461538463,91.02730996813838,64.61538461538463,91.02730996813838,0
per_huruf,3,269,0.10833668948852196,64.6923076923077,91.04096495220755,64.6923076923077,91.04096495220755,0
per_huruf,3,270,0.10873942811115586,64.76923076923077,91.04779244424213,64.76923076923077,91.04779244424213,0
per_huruf,3,271,0.10914216673378978,64.84615384615385,91.04506144742831,64.84615384615385,91.04506144742831,0
per_huruf,3,272,0.10954490535642368,64.92307692307692,91.0300409649522,64.92307692307692,91.0300409649522,0
per_huruf,3,273,0.1099476439790576,65.0,91.0,65.0,91.0,0
per_huruf,3,274,0.11035038260169151,65.07692307692308,90.95311788802915,65.07692307692308,90.95311788802915,0
per_huruf,3,275,0.11075312122432542,65.15384615384616,90.89121529358216,65.15384615384616,90.89121529358216,0
per_huruf,3,276,0.11115585984695933,65.23076923076923,90.81702321347291,65.23076923076923,90.81702321347291,0
per_huruf,3,277,0.11155859846959323,65.3076923076923,90.73327264451524,65.3076923076923,90.73327264451524,0
per_huruf,3,278,0.11196133709222715,65.38461538461539,90.642694583523,65.38461538461539,90.642694583523,0
per_huruf,3,279,0.11236407571486105,65.46153846153847,90.54802002730997,65.46153846153847,90.54802002730997,0
per_huruf,3,280,0.11276681433749497,65.53846153846153,90.45197997269004,65.53846153846153,90.45197997269004,0
per_huruf,3,281,0.11316955296012889,65.61538461538461,90.357305416477,65.61538461538461,90.357305416477,0
per_huruf,3,282,0.11357229158276279,65.6923076923077,90.26672735548475,65.6923076923077,90.26672735548475,0
per_huruf,3,283,0.1139750302053967,65.76923076923077,90.18297678652708,65.76923076923077,90.18297678652708,0
per_huruf,3,284,0.11437776882803061,65.84615384615384,90.10878470641785,65.84615384615384,90.10878470641785,0
per_huruf,3,285,0.11478050745066452,65.92307692307692,90.04688211197086,65.92307692307692,90.04688211197086,0
per_huruf,3,286,0.11518324607329844,66.0,90.0,66.0,90.0,0
per_huruf,3,287,0.11558598469593234,66.07692307692308,89.96995903504781,66.07692307692308,89.96995903504781,0
per_huruf,3,288,0.11598872331856626,66.15384615384616,89.9549385525717,66.15384615384616,89.9549385525717,0
per_huruf,3,289,0.11639146194120016,66.23076923076923,89.95220755575784,66.23076923076923,89.95220755575784,0
per_huruf,3,290,0.11679420056383408,66.30769230769229,89.95903504779244,66.30769230769229,89.95903504779244,0
per_huruf,3,291,0.117196939186468,66.3846153846154,89.97269003186163,66.3846153846154,89.97269003186163,0
per_huruf,3,292,0.1175996778091019,66.46153846153847,89.99044151115157,66.46153846153847,89.99044151115157,0
per_huruf,3,293,0.11800241643173581,66.53846153846155,90.00955848884844,66.53846153846155,90.00955848884844,0
per_huruf,3,294,0.11840515505436972,66.61538461538463,90.02730996813838,66.61538461538463,90.02730996813838,0
per_huruf,3,295,0.11880789367700363,66.6923076923077,90.04096495220756,66.6923076923077,90.04096495220756,0
per_huruf,3,296,0.11921063229963753,66.76923076923077,90.04779244424213,66.76923076923077,90.04779244424213,0
per_huruf,3,297,0.11961337092227145,66.84615384615385,90.04506144742831,66.84615384615385,90.04506144742831,0
per_huruf,3,298,0.12001610954490537,66.92307692307692,90.0300409649522,66.92307692307692,90.0300409649522,0
per_huruf,3,299,0.12041884816753927,67.0,90.0,67.0,90.0,0
per_huruf,3,300,0.12082158679017319,67.07692307692308,89.95584888484298,67.07692307692308,89.95584888484298,0
per_huruf,3,301,0.12122432541280709,67.15384615384616,89.90122894856624,67.15384615384616,89.90122894856624,0
per_huruf,3,302,0.121627064035441,67.23076923076923,89.83750568957667,67.23076923076923,89.83750568957667,0
per_huruf,3,303,0.12202980265807492,67.3076923076923,89.76604460628128,67.3076923076923,89.76604460628128,0
per_huruf,3,304,0.12243254128070882,67.38461538461539,89.68821119708694,67.38461538461539,89.68821119708694,0
per_huruf,3,305,0.12283527990334274,67.46153846153847,89.60537096040055,67.46153846153847,89.60537096040055,0
per_huruf,3,306,0.12323801852597664,67.53846153846153,89.51888939462904,67.53846153846153,89.51888939462904,0
per_huruf,3,307,0.12364075714861056,67.61538461538461,89.43013199817932,67.61538461538461,89.43013199817932,0
per_huruf,3,308,0.12404349577124446,67.69230769230768,89.34046426945835,67.69230769230768,89.34046426945835,0
per_huruf,3,309,0.12444623439387838,67.76923076923076,89.251251706873,67.76923076923076,89.251251706873,0
per_huruf,3,310,0.1248489730165123,67.84615384615385,89.16385980883021,67.84615384615385,89.16385980883021,0
per_huruf,3,311,0.1252517116391462,67.92307692307692,89.07965407373692,67.92307692307692,89.07965407373692,0
per_huruf,3,312,0.1256544502617801,68.0,89.0,68.0,89.0,0
per_huruf,3,313,0.12605718888441403,68.0769230769231,88.92307692307693,68.0769230769231,88.92307692307693,0
per_huruf,3,314,0.12645992750704793,68.15384615384616,88.84615384615385,68.15384615384616,88.84615384615385,0
per_huruf,3,315,0.12686266612968183,68.23076923076921,88.76923076923076,68.23076923076921,88.76923076923076,0
per_huruf,3,316,0.12726540475231576,68.30769230769229,88.6923076923077,68.30769230769229,88.6923076923077,0
per_huruf,3,317,0.12766814337494967,68.38461538461539,88.61538461538463,68.38461538461539,88.61538461538463,0
per_huruf,3,318,0.12807088199758357,68.46153846153847,88.53846153846155,68.46153846153847,88.53846153846155,0
per_huruf,3,319,0.12847362062021747,68.53846153846153,88.46153846153847,68.53846153846153,88.46153846153847,0
per_huruf,3,320,0.1288763592428514,68.61538461538461,88.38461538461539,68.61538461538461,88.38461538461539,0
per_huruf,3,321,0.1292790978654853,68.6923076923077,88.3076923076923,68.6923076923077,88.3076923076923,0
per_huruf,3,322,0.1296818364881192,68.76923076923077,88.23076923076923,68.76923076923077,88.23076923076923,0
per_huruf,3,323,0.13008457511075314,68.84615384615385,88.15384615384616,68.84615384615385,88.15384615384616,0
per_huruf,3,324,0.13048731373338704,68.92307692307692,88.07692307692307,68.92307692307692,88.07692307692307,0
per_huruf,3,325,0.13089005235602094,69.0,88.0,69.0,88.0,0
per_huruf,3,326,0.13129279097865487,69.07692307692308,87.92307692307692,69.07692307692308,87.92307692307692,0
per_huruf,3,327,0.13169552960128877,69.15384615384615,87.84615384615385,69.15384615384615,87.84615384615385,0
per_huruf,3,328,0.13209826822392268,69.23076923076921,87.76923076923076,69.23076923076921,87.76923076923076,0
per_huruf,3,329,0.13250100684655658,69.30769230769229,87.6923076923077,69.30769230769229,87.6923076923077,0
per_huruf,3,330,0.1329037454691905,69.38461538461539,87.61538461538461,69.38461538461539,87.61538461538461,0
per_huruf,3,331,0.1333064840918244,69.46153846153847,87.53846153846155,69.46153846153847,87.53846153846155,0
per_huruf,3,332,0.13370922271445831,69.53846153846155,87.46153846153847,69.53846153846155,87.46153846153847,0
per_huruf,3,333,0.13411196133709224,69.61538461538461,87.38461538461539,69.61538461538461,87.38461538461539,0
per_huruf,3,334,0.13451469995972615,69.6923076923077,87.30769230769229,69.6923076923077,87.30769230769229,0
per_huruf,3,335,0.13491743858236005,69.76923076923077,87.23076923076923,69.76923076923077,87.23076923076923,0
per_huruf,3,336,0.13532017720499395,69.84615384615385,87.15384615384616,69.84615384615385,87.15384615384616,0
per_huruf,3,337,0.13572291582762788,69.92307692307692,87.07692307692308,69.92307692307692,87.07692307692308,0
per_huruf,3,338,0.13612565445026178,70.0,87.0,70.0,87.0,0
per_huruf,3,339,0.1365283930728957,70.0769230769231,86.92307692307693,70.0769230769231,86.92307692307693,0
per_huruf,3,340,0.13693113169552962,70.15384615384615,86.84615384615385,70.15384615384615,86.84615384615385,0
per_huruf,3,341,0.13733387031816352,70.23076923076921,86.76923076923075,70.23076923076921,86.76923076923075,0
per_huruf,3,342,0.13773660894079742,70.3076923076923,86.69230769230768,70.3076923076923,86.69230769230768,0
per_huruf,3,343,0.13813934756343133,70.38461538461539,86.61538461538463,70.38461538461539,86.61538461538463,0
per_huruf,3,344,0.13854208618606526,70.46153846153848,86.53846153846155,70.46153846153848,86.53846153846155,0
per_huruf,3,345,0.13894482480869916,70.53846153846155,86.46153846153845,70.53846153846155,86.46153846153845,0
per_huruf,3,346,0.13934756343133306,70.61538461538461,86.38461538461539,70.61538461538461,86.38461538461539,0
per_huruf,3,347,0.139750302053967,70.6923076923077,86.3076923076923,70.6923076923077,86.3076923076923,0
per_huruf,3,348,0.1401530406766009,70.76923076923077,86.23076923076923,70.76923076923077,86.23076923076923,0
per_huruf,3,349,0.1405557792992348,70.84615384615385,86.15384615384616,70.84615384615385,86.15384615384616,0
per_huruf,3,350,0.14095851792186873,70.92307692307692,86.07692307692307,70.92307692307692,86.07692307692307,0
per_huruf,3,351,0.14136125654450263,71.0,86.0,71.0,86.0,0
per_huruf,3,352,0.14176399516713653,71.07692307692308,85.92307692307692,71.07692307692308,85.92307692307692,0
per_huruf,3,353,0.14216673378977043,71.15384615384616,85.84615384615387,71.15384615384616,85.84615384615387,0
per_huruf,3,354,0.14256947241240436,71.23076923076921,85.76923076923075,71.23076923076921,85.76923076923075,0
per_huruf,3,355,0.14297221103503827,71.3076923076923,85.6923076923077,71.3076923076923,85.6923076923077,0
per_huruf,3,356,0.14337494965767217,71.38461538461539,85.61538461538463,71.38461538461539,85.61538461538463,0
per_huruf,3,357,0.1437776882803061,71.46153846153847,85.53846153846155,71.46153846153847,85.53846153846155,0
per_huruf,3,358,0.14418042690294,71.53846153846153,85.46153846153847,71.53846153846153,85.46153846153847,0
per_huruf,3,359,0.1445831655255739,71.61538461538461,85.38461538461539,71.61538461538461,85.38461538461539,0
per_huruf,3,360,0.1449859041482078,71.6923076923077,85.30769230769229,71.6923076923077,85.30769230769229,0
per_huruf,3,361,0.14538864277084174,71.76923076923077,85.23076923076923,71.76923076923077,85.23076923076923,0
per_huruf,3,362,0.14579138139347564,71.84615384615385,85.15384615384616,71.84615384615385,85.15384615384616,0
per_huruf,3,363,0.14619412001610954,71.92307692307692,85.07692307692308,71.92307692307692,85.07692307692308,0
per_huruf,3,364,0.14659685863874347,72.0,85.0,72.0,85.0,0
per_huruf,3,365,0.14699959726137737,72.07692307692308,84.92307692307693,72.07692307692308,84.92307692307693,0
per_huruf,3,366,0.14740233588401128,72.15384615384616,84.84615384615384,72.15384615384616,84.84615384615384,0
per_huruf,3,367,0.1478050745066452,72.23076923076923,84.76923076923076,72.23076923076923,84.76923076923076,0
per_huruf,3,368,0.1482078131292791,72.30769230769229,84.6923076923077,72.30769230769229,84.6923076923077,0
per_huruf,3,369,0.148610551751913,72.38461538461539,84.61538461538463,72.38461538461539,84.61538461538463,0
per_huruf,3,370,0.14901329037454691,72.46153846153845,84.53846153846156,72.46153846153845,84.53846153846156,0
per_huruf,3,371,0.14941602899718084,72.53846153846153,84.46153846153847,72.53846153846153,84.46153846153847,0
per_huruf,3,372,0.14981876761981475,72.61538461538461,84.38461538461539,72.61538461538461,84.38461538461539,0
per_huruf,3,373,0.15022150624244865,72.69230769230768,84.3076923076923,72.69230769230768,84.3076923076923,0
per_huruf,3,374,0.15062424486508258,72.76923076923077,84.23076923076923,72.76923076923077,84.23076923076923,0
per_huruf,3,375,0.15102698348771648,72.84615384615384,84.15384615384616,72.84615384615384,84.15384615384616,0
per_huruf,3,376,0.15142972211035038,72.92307692307692,84.07692307692307,72.92307692307692,84.07692307692307,0
per_huruf,3,377,0.1518324607329843,73.0,84.0,73.0,84.0,0
per_huruf,3,378,0.15223519935561822,73.07692307692308,83.92307692307692,73.07692307692308,83.92307692307692,0
per_huruf,3,379,0.15263793797825212,73.15384615384615,83.84615384615384,73.15384615384615,83.84615384615384,0
per_huruf,3,380,0.15304067660088602,73.23076923076923,83.76923076923077,73.23076923076923,83.76923076923077,0
per_huruf,3,381,0.15344341522351995,73.3076923076923,83.69230769230768,73.3076923076923,83.69230769230768,0
per_huruf,3,382,0.15384615384615385,73.38461538461539,83.61538461538463,73.38461538461539,83.61538461538463,0
per_huruf,3,383,0.15424889246878776,73.46153846153847,83.53846153846155,73.46153846153847,83.53846153846155,0
per_huruf,3,384,0.15465163109142166,73.53846153846155,83.46153846153845,73.53846153846155,83.46153846153845,0
per_huruf,3,385,0.1550543697140556,73.61538461538461,83.38461538461539,73.61538461538461,83.38461538461539,0
per_huruf,3,386,0.1554571083366895,73.6923076923077,83.3076923076923,73.6923076923077,83.3076923076923,0
per_huruf,3,387,0.1558598469593234,73.76923076923077,83.23076923076923,73.76923076923077,83.23076923076923,0
per_huruf,3,388,0.15626258558195733,73.84615384615384,83.15384615384616,73.84615384615384,83.15384615384616,0
per_huruf,3,389,0.15666532420459123,73.92307692307692,83.07692307692308,73.92307692307692,83.07692307692308,0
per_huruf,3,390,0.15706806282722513,74.0,83.0,74.0,83.0,0
per_huruf,3,391,0.15747080144985906,74.07965407373692,82.92307692307695,74.07965407373692,82.92307692307695,0
per_huruf,3,392,0.15787354007249296,74.16385980883021,82.84615384615385,74.16385980883021,82.84615384615385,0
per_huruf,3,393,0.15827627869512687,74.251251706873,82.76923076923077,74.251251706873,82.76923076923077,0
per_huruf,3,394,0.15867901731776077,74.34046426945834,82.69230769230768,74.34046426945834,82.69230769230768,0
per_huruf,3,395,0.1590817559403947,74.43013199817933,82.61538461538463,74.43013199817933,82.61538461538463,0
per_huruf,3,396,0.1594844945630286,74.51888939462904,82.53846153846155,74.51888939462904,82.53846153846155,0
per_huruf,3,397,0.1598872331856625,74.60537096040053,82.46153846153847,74.60537096040053,82.46153846153847,0
per_huruf,3,398,0.16028997180829643,74.68821119708693,82.38461538461539,74.68821119708693,82.38461538461539,0
per_huruf,3,399,0.16069271043093034,74.76604460628128,82.3076923076923,74.76604460628128,82.3076923076923,0
per_huruf,3,400,0.16109544905356424,74.83750568957669,82.23076923076923,74.83750568957669,82.23076923076923,0
per_huruf,3,401,0.16149818767619814,74.90122894856623,82.15384615384616,74.90122894856623,82.15384615384616,0
per_huruf,3,402,0.16190092629883207,74.95584888484296,82.07692307692307,74.95584888484296,82.07692307692307,0
per_huruf,3,403,0.16230366492146597,75.0,82.0,75.0,82.0,0
per_huruf,3,404,0.16270640354409988,75.03004096495222,81.92307692307692,75.03004096495222,81.92307692307692,0
per_huruf,3,405,0.1631091421667338,75.04506144742831,81.84615384615385,75.04506144742831,81.84615384615385,0
per_huruf,3,406,0.1635118807893677,75.04779244424215,81.76923076923075,75.04779244424215,81.76923076923075,0
per_huruf,3,407,0.1639146194120016,75.04096495220755,81.69230769230768,75.04096495220755,81.69230769230768,0
per_huruf,3,408,0.16431735803463554,75.0273099681384,81.61538461538463,75.0273099681384,81.61538461538463,0
per_huruf,3,409,0.16472009665726944,75.00955848884843,81.53846153846155,75.00955848884843,81.53846153846155,0
per_huruf,3,410,0.16512283527990335,74.99044151115157,81.46153846153845,74.99044151115157,81.46153846153845,0
per_huruf,3,411,0.16552557390253725,74.97269003186163,81.38461538461539,74.97269003186163,81.38461538461539,0
per_huruf,3,412,0.16592831252517118,74.95903504779244,81.3076923076923,74.95903504779244,81.3076923076923,0
per_huruf,3,413,0.16633105114780508,74.95220755575784,81.23076923076923,74.95220755575784,81.23076923076923,0
per_huruf,3,414,0.16673378977043898,74.95493855257169,81.15384615384616,74.95493855257169,81.15384615384616,0
per_huruf,3,415,0.16713652839307291,74.9699590350478,81.07692307692308,74.9699590350478,81.07692307692308,0
per_huruf,3,416,0.16753926701570682,75.0,81.0,75.0,81.0,0
per_huruf,3,417,0.16794200563834072,75.04688211197089,80.92307692307693,75.04688211197089,80.92307692307693,0
per_huruf,3,418,0.16834474426097462,75.10878470641785,80.84615384615385,75.10878470641785,80.84615384615385,0
per_huruf,3,419,0.16874748288360855,75.18297678652708,80.76923076923075,75.18297678652708,80.76923076923075,0
per_huruf,3,420,0.16915022150624245,75.26672735548475,80.6923076923077,75.26672735548475,80.6923076923077,0
per_huruf,3,421,0.16955296012887636,75.35730541647703,80.61538461538463,75.35730541647703,80.61538461538463,0
per_huruf,3,422,0.1699556987515103,75.45197997269004,80.53846153846155,75.45197997269004,80.53846153846155,0
per_huruf,3,423,0.1703584373741442,75.54802002730996,80.46153846153845,75.54802002730996,80.46153846153845,0
per_huruf,3,424,0.1707611759967781,75.642694583523,80.38461538461539,75.642694583523,80.38461538461539,0
per_huruf,3,425,0.17116391461941202,75.73327264451524,80.30769230769229,75.73327264451524,80.30769230769229,0
per_huruf,3,426,0.17156665324204592,75.81702321347291,80.23076923076923,75.81702321347291,80.23076923076923,0
per_huruf,3,427,0.17196939186467983,75.89121529358215,80.15384615384616,75.89121529358215,80.15384615384616,0
per_huruf,3,428,0.17237213048731373,75.95311788802913,80.07692307692308,75.95311788802913,80.07692307692308,0
per_huruf,3,429,0.17277486910994766,76.0,80.0,76.0,80.0,0
per_huruf,3,430,0.17317760773258156,76.03277196176606,79.92307692307695,76.03277196176606,79.92307692307695,0
per_huruf,3,431,0.17358034635521546,76.0550751024124,79.84615384615385,76.0550751024124,79.84615384615385,0
per_huruf,3,432,0.1739830849778494,76.06827492034591,79.76923076923076,76.06827492034591,79.76923076923076,0
per_huruf,3,433,0.1743858236004833,76.0737369139736,79.6923076923077,76.0737369139736,79.6923076923077,0
per_huruf,3,434,0.1747885622231172,76.07282658170233,79.61538461538463,76.07282658170233,79.61538461538463,0
per_huruf,3,435,0.1751913008457511,76.06690942193902,79.53846153846155,76.06690942193902,79.53846153846155,0
per_huruf,3,436,0.17559403946838503,76.05735093309058,79.46153846153847,76.05735093309058,79.46153846153847,0
per_huruf,3,437,0.17599677809101893,76.04551661356396,79.38461538461539,76.04551661356396,79.38461538461539,0
per_huruf,3,438,0.17639951671365284,76.03277196176604,79.3076923076923,76.03277196176604,79.3076923076923,0
per_huruf,3,439,0.17680225533628677,76.02048247610378,79.23076923076923,76.02048247610378,79.23076923076923,0
per_huruf,3,440,0.17720499395892067,76.01001365498406,79.15384615384616,76.01001365498406,79.15384615384616,0
per_huruf,3,441,0.17760773258155457,76.00273099681384,79.07692307692308,76.00273099681384,79.07692307692308,0
per_huruf,3,442,0.17801047120418848,76.0,79.0,76.0,79.0,0
per_huruf,3,443,0.1784132098268224,76.00000000000001,78.92307692307693,76.00000000000001,78.92307692307693,0
per_huruf,3,444,0.1788159484494563,76.00000000000001,78.84615384615385,76.00000000000001,78.84615384615385,0
per_huruf,3,445,0.1792186870720902,76.0,78.76923076923076,76.0,78.76923076923076,0
per_huruf,3,446,0.17962142569472414,76.0,78.69230769230768,76.0,78.69230769230768,0
per_huruf,3,447,0.18002416431735804,76.00000000000001,78.61538461538463,76.00000000000001,78.61538461538463,0
per_huruf,3,448,0.18042690293999195,76.00000000000001,78.53846153846155,76.00000000000001,78.53846153846155,0
per_huruf,3,449,0.18082964156262588,76.0,78.46153846153845,76.0,78.46153846153845,0
per_huruf,3,450,0.18123238018525978,76.0,78.38461538461539,76.0,78.38461538461539,0
per_huruf,3,451,0.18163511880789368,76.0,78.30769230769229,76.0,78.30769230769229,0
per_huruf,3,452,0.18203785743052758,76.0,78.23076923076923,76.0,78.23076923076923,0
per_huruf,3,453,0.1824405960531615,76.0,78.15384615384616,76.0,78.15384615384616,0
per_huruf,3,454,0.18284333467579542,76.0,78.07692307692308,76.0,78.07692307692308,0
per_huruf,3,455,0.18324607329842932,76.0,78.0,76.0,78.0,0
per_huruf,3,456,0.18364881192106325,76.00000000000001,77.92307692307695,76.00000000000001,77.92307692307695,0
per_huruf,3,457,0.18405155054369715,76.00000000000001,77.84615384615385,76.00000000000001,77.84615384615385,0
per_huruf,3,458,0.18445428916633105,76.0,77.76923076923076,76.0,77.76923076923076,0
per_huruf,3,459,0.18485702778896496,76.0,77.69230769230768,76.0,77.69230769230768,0
per_huruf,3,460,0.1852597664115989,76.00000000000001,77.61538461538463,76.00000000000001,77.61538461538463,0
per_huruf,3,461,0.1856625050342328,76.00000000000001,77.53846153846155,76.00000000000001,77.53846153846155,0
per_huruf,3,462,0.1860652436568667,76.0,77.46153846153847,76.0,77.46153846153847,0
per_huruf,3,463,0.18646798227950062,76.0,77.38461538461539,76.0,77.38461538461539,0
per_huruf,3,464,0.18687072090213452,76.0,77.3076923076923,76.0,77.3076923076923,0
per_huruf,3,465,0.18727345952476843,76.0,77.23076923076923,76.0,77.23076923076923,0
per_huruf,3,466,0.18767619814740236,76.0,77.15384615384616,76.0,77.15384615384616,0
per_huruf,3,467,0.18807893677003626,76.0,77.07692307692307,76.0,77.07692307692307,0
per_huruf,3,468,0.18848167539267016,76.0,77.0,76.0,77.0,0
per_huruf,3,469,0.18888441401530406,75.99726900318618,76.92307692307695,75.99726900318618,76.92307692307695,0
per_huruf,3,470,0.189287152637938,75.98998634501594,76.84615384615385,75.98998634501594,76.84615384615385,0
per_huruf,3,471,0.1896898912605719,75.97951752389622,76.76923076923077,75.97951752389622,76.76923076923077,0
per_huruf,3,472,0.1900926298832058,75.96722803823396,76.6923076923077,75.96722803823396,76.6923076923077,0
per_huruf,3,473,0.19049536850583973,75.95448338643605,76.61538461538463,75.95448338643605,76.61538461538463,0
per_huruf,3,474,0.19089810712847363,75.94264906690942,76.53846153846155,75.94264906690942,76.53846153846155,0
per_huruf,3,475,0.19130084575110753,75.93309057806098,76.46153846153845,75.93309057806098,76.46153846153845,0
per_huruf,3,476,0.19170358437374144,75.92717341829768,76.38461538461539,75.92717341829768,76.38461538461539,0
per_huruf,3,477,0.19210632299637537,75.9262630860264,76.3076923076923,75.9262630860264,76.3076923076923,0
per_huruf,3,478,0.19250906161900927,75.93172507965407,76.23076923076923,75.93172507965407,76.23076923076923,0
per_huruf,3,479,0.19291180024164317,75.94492489758761,76.15384615384615,75.94492489758761,76.15384615384615,0
per_huruf,3,480,0.1933145388642771,75.96722803823396,76.07692307692307,75.96722803823396,76.07692307692307,0
per_huruf,3,481,0.193717277486911,76.0,76.0,76.0,76.0,0
per_huruf,3,482,0.1941200161095449,76.04415111515705,75.92307692307693,76.04415111515705,75.92307692307693,0
per_huruf,3,483,0.19452275473217884,76.09877105143379,75.84615384615384,76.09877105143379,75.84615384615384,0
per_huruf,3,484,0.19492549335481274,76.16249431042328,75.76923076923076,76.16249431042328,75.76923076923076,0
per_huruf,3,485,0.19532823197744664,76.2339553937187,75.6923076923077,76.2339553937187,75.6923076923077,0
per_huruf,3,486,0.19573097060008054,76.31178880291309,75.61538461538463,76.31178880291309,75.61538461538463,0
per_huruf,3,487,0.19613370922271448,76.39462903959947,75.53846153846155,76.39462903959947,75.53846153846155,0
per_huruf,3,488,0.19653644784534838,76.48111060537097,75.46153846153845,76.48111060537097,75.46153846153845,0
per_huruf,3,489,0.19693918646798228,76.56986800182068,75.38461538461539,76.56986800182068,75.38461538461539,0
per_huruf,3,490,0.1973419250906162,76.65953573054165,75.3076923076923,76.65953573054165,75.3076923076923,0
per_huruf,3,491,0.1977446637132501,76.748748293127,75.23076923076923,76.748748293127,75.23076923076923,0
per_huruf,3,492,0.19814740233588402,76.83614019116978,75.15384615384616,76.83614019116978,75.15384615384616,0
per_huruf,3,493,0.19855014095851792,76.92034592626308,75.07692307692307,76.92034592626308,75.07692307692307,0
per_huruf,3,494,0.19895287958115185,77.0,75.0,77.0,75.0,0
per_huruf,3,495,0.19935561820378575,77.07692307692308,74.92307692307693,77.07692307692308,74.92307692307693,0
per_huruf,3,496,0.19975835682641965,77.15384615384616,74.84615384615384,77.15384615384616,74.84615384615384,0
per_huruf,3,497,0.20016109544905358,77.23076923076923,74.76923076923076,77.23076923076923,74.76923076923076,0
per_huruf,3,498,0.20056383407168749,77.30769230769229,74.69230769230768,77.30769230769229,74.69230769230768,0
per_huruf,3,499,0.2009665726943214,77.3846153846154,74.61538461538461,77.3846153846154,74.61538461538461,0
per_huruf,3,500,0.2013693113169553,77.46153846153847,74.53846153846153,77.46153846153847,74.53846153846153,0
per_huruf,3,501,0.20177204993958922,77.53846153846155,74.46153846153847,77.53846153846155,74.46153846153847,0
per_huruf,3,502,0.20217478856222312,77.61538461538461,74.38461538461539,77.61538461538461,74.38461538461539,0
per_huruf,3,503,0.20257752718485703,77.6923076923077,74.3076923076923,77.6923076923077,74.3076923076923,0
per_huruf,3,504,0.20298026580749096,77.76923076923077,74.23076923076923,77.76923076923077,74.23076923076923,0
per_huruf,3,505,0.20338300443012486,77.84615384615385,74.15384615384616,77.84615384615385,74.15384615384616,0
per_huruf,3,506,0.20378574305275876,77.92307692307692,74.07692307692308,77.92307692307692,74.07692307692308,0
per_huruf,3,507,0.2041884816753927,78.0,74.0,78.0,74.0,0
per_huruf,3,508,0.2045912202980266,78.0769230769231,73.92307692307693,78.0769230769231,73.92307692307693,0
per_huruf,3,509,0.2049939589206605,78.15384615384615,73.84615384615385,78.15384615384615,73.84615384615385,0
per_huruf,3,510,0.2053966975432944,78.23076923076921,73.76923076923077,78.23076923076921,73.76923076923077,0
per_huruf,3,511,0.20579943616592833,78.3076923076923,73.69230769230768,78.3076923076923,73.69230769230768,0
per_huruf,3,512,0.20620217478856223,78.3846153846154,73.61538461538461,78.3846153846154,73.61538461538461,0
per_huruf,3,513,0.20660491341119613,78.46153846153847,73.53846153846153,78.46153846153847,73.53846153846153,0
per_huruf,3,514,0.20700765203383006,78.53846153846153,73.46153846153845,78.53846153846153,73.46153846153845,0
per_huruf,3,515,0.20741039065646397,78.61538461538461,73.38461538461539,78.61538461538461,73.38461538461539,0
per_huruf,3,516,0.20781312927909787,78.6923076923077,73.30769230769229,78.6923076923077,73.30769230769229,0
per_huruf,3,517,0.20821586790173177,78.76923076923077,73.23076923076923,78.76923076923077,73.23076923076923,0
per_huruf,3,518,0.2086186065243657,78.84615384615384,73.15384615384616,78.84615384615384,73.15384615384616,0
per_huruf,3,519,0.2090213451469996,78.92307692307692,73.07692307692307,78.92307692307692,73.07692307692307,0
per_huruf,3,520,0.2094240837696335,79.0,73.0,79.0,73.0,0
per_huruf,3,521,0.20982682239226744,79.07692307692308,72.9203459262631,79.07692307692308,72.9203459262631,0
per_huruf,3,522,0.21022956101490134,79.15384615384617,72.83614019116979,79.15384615384617,72.83614019116979,0
per_huruf,3,523,0.21063229963753524,79.23076923076921,72.74874829312698,79.23076923076921,72.74874829312698,0
per_huruf,3,524,0.21103503826016917,79.3076923076923,72.65953573054165,79.3076923076923,72.65953573054165,0
per_huruf,3,525,0.21143777688280307,79.3846153846154,72.56986800182067,79.3846153846154,72.56986800182067,0
per_huruf,3,526,0.21184051550543698,79.46153846153847,72.48111060537097,79.46153846153847,72.48111060537097,0
per_huruf,3,527,0.21224325412807088,79.53846153846155,72.39462903959945,79.53846153846155,72.39462903959945,0
per_huruf,3,528,0.2126459927507048,79.61538461538463,72.31178880291307,79.61538461538463,72.31178880291307,0
per_huruf,3,529,0.2130487313733387,79.69230769230768,72.2339553937187,79.69230769230768,72.2339553937187,0
per_huruf,3,530,0.21345146999597261,79.76923076923077,72.1624943104233,79.76923076923077,72.1624943104233,0
per_huruf,3,531,0.21385420861860654,79.84615384615384,72.09877105143377,79.84615384615384,72.09877105143377,0
per_huruf,3,532,0.21425694724124045,79.92307692307692,72.04415111515704,79.92307692307692,72.04415111515704,0
per_huruf,3,533,0.21465968586387435,80.0,72.0,80.0,72.0,0
per_huruf,3,534,0.21506242448650825,80.07692307692308,71.96722803823397,80.07692307692308,71.96722803823397,0
per_huruf,3,535,0.21546516310914218,80.15384615384616,71.94492489758763,80.15384615384616,71.94492489758763,0
per_huruf,3,536,0.21586790173177609,80.23076923076921,71.93172507965406,80.23076923076921,71.93172507965406,0
per_huruf,3,537,0.21627064035441,80.30769230769229,71.9262630860264,80.30769230769229,71.9262630860264,0
per_huruf,3,538,0.21667337897704392,80.3846153846154,71.92717341829768,80.3846153846154,71.92717341829768,0
per_huruf,3,539,0.21707611759967782,80.46153846153848,71.93309057806098,80.46153846153848,71.93309057806098,0
per_huruf,3,540,0.21747885622231172,80.53846153846153,71.94264906690942,80.53846153846153,71.94264906690942,0
per_huruf,3,541,0.21788159484494563,80.61538461538463,71.95448338643605,80.61538461538463,71.95448338643605,0
per_huruf,3,542,0.21828433346757956,80.6923076923077,71.96722803823396,80.6923076923077,71.96722803823396,0
per_huruf,3,543,0.21868707209021346,80.76923076923076,71.97951752389622,80.76923076923076,71.97951752389622,0
per_huruf,3,544,0.21908981071284736,80.84615384615385,71.98998634501594,80.84615384615385,71.98998634501594,0
per_huruf,3,545,0.2194925493354813,80.92307692307692,71.99726900318616,80.92307692307692,71.99726900318616,0
per_huruf,3,546,0.2198952879581152,81.0,72.0,81.0,72.0,0
per_huruf,3,547,0.2202980265807491,81.0769230769231,72.00273099681384,81.0769230769231,72.00273099681384,0
per_huruf,3,548,0.22070076520338303,81.15384615384616,72.01001365498408,81.15384615384616,72.01001365498408,0
per_huruf,3,549,0.22110350382601693,81.23076923076923,72.02048247610377,81.23076923076923,72.02048247610377,0
per_huruf,3,550,0.22150624244865083,81.30769230769229,72.03277196176604,81.30769230769229,72.03277196176604,0
per_huruf,3,551,0.22190898107128473,81.38461538461539,72.04551661356396,81.38461538461539,72.04551661356396,0
per_huruf,3,552,0.22231171969391866,81.46153846153847,72.05735093309058,81.46153846153847,72.05735093309058,0
per_huruf,3,553,0.22271445831655257,81.53846153846153,72.06690942193902,81.53846153846153,72.06690942193902,0
per_huruf,3,554,0.22311719693918647,81.61538461538461,72.07282658170233,81.61538461538461,72.07282658170233,0
per_huruf,3,555,0.2235199355618204,81.6923076923077,72.0737369139736,81.6923076923077,72.0737369139736,0
per_huruf,3,556,0.2239226741844543,81.76923076923076,72.06827492034591,81.76923076923076,72.06827492034591,0
per_huruf,3,557,0.2243254128070882,81.84615384615385,72.05507510241239,81.84615384615385,72.05507510241239,0
per_huruf,3,558,0.2247281514297221,81.92307692307692,72.03277196176604,81.92307692307692,72.03277196176604,0
per_huruf,3,559,0.22513089005235604,82.0,72.0,82.0,72.0,0
per_huruf,3,560,0.22553362867498994,82.0769230769231,71.95311788802915,82.0769230769231,71.95311788802915,0
per_huruf,3,561,0.22593636729762384,82.15384615384615,71.89121529358216,82.15384615384615,71.89121529358216,0
per_huruf,3,562,0.22633910592025777,82.23076923076923,71.8170232134729,82.23076923076923,71.8170232134729,0
per_huruf,3,563,0.22674184454289167,82.30769230769229,71.73327264451524,82.30769230769229,71.73327264451524,0
per_huruf,3,564,0.22714458316552558,82.3846153846154,71.64269458352298,82.3846153846154,71.64269458352298,0
per_huruf,3,565,0.2275473217881595,82.46153846153847,71.54802002730997,82.46153846153847,71.54802002730997,0
per_huruf,3,566,0.2279500604107934,82.53846153846155,71.45197997269003,82.53846153846155,71.45197997269003,0
per_huruf,3,567,0.2283527990334273,82.61538461538461,71.35730541647702,82.61538461538461,71.35730541647702,0
per_huruf,3,568,0.22875553765606121,82.6923076923077,71.26672735548475,82.6923076923077,71.26672735548475,0
per_huruf,3,569,0.22915827627869514,82.76923076923076,71.18297678652708,82.76923076923076,71.18297678652708,0
per_huruf,3,570,0.22956101490132905,82.84615384615384,71.10878470641785,82.84615384615384,71.10878470641785,0
per_huruf,3,571,0.22996375352396295,82.92307692307692,71.04688211197087,82.92307692307692,71.04688211197087,0
per_huruf,3,572,0.23036649214659688,83.0,71.0,83.0,71.0,0
per_huruf,3,573,0.23076923076923078,83.0769230769231,70.96995903504781,83.0769230769231,70.96995903504781,0
per_huruf,3,574,0.23117196939186468,83.15384615384615,70.95493855257169,83.15384615384615,70.95493855257169,0
per_huruf,3,575,0.2315747080144986,83.23076923076921,70.95220755575784,83.23076923076921,70.95220755575784,0
per_huruf,3,576,0.23197744663713252,83.3076923076923,70.95903504779244,83.3076923076923,70.95903504779244,0
per_huruf,3,577,0.23238018525976642,83.3846153846154,70.97269003186163,83.3846153846154,70.97269003186163,0
per_huruf,3,578,0.23278292388240032,83.46153846153847,70.99044151115157,83.46153846153847,70.99044151115157,0
per_huruf,3,579,0.23318566250503425,83.53846153846155,71.00955848884843,83.53846153846155,71.00955848884843,0
per_huruf,3,580,0.23358840112766815,83.61538461538461,71.02730996813837,83.61538461538461,71.02730996813837,0
per_huruf,3,581,0.23399113975030206,83.6923076923077,71.04096495220756,83.6923076923077,71.04096495220756,0
per_huruf,3,582,0.234393878372936,83.76923076923076,71.04779244424213,83.76923076923076,71.04779244424213,0
per_huruf,3,583,0.2347966169955699,83.84615384615384,71.04506144742831,83.84615384615384,71.04506144742831,0
per_huruf,3,584,0.2351993556182038,83.92307692307692,71.0300409649522,83.92307692307692,71.0300409649522,0
per_huruf,3,585,0.2356020942408377,84.0,71.0,84.0,71.0,0
per_huruf,3,586,0.23600483286347163,84.07692307692308,70.95311788802914,84.07692307692308,70.95311788802914,0
per_huruf,3,587,0.23640757148610553,84.15384615384616,70.89121529358215,84.15384615384616,70.89121529358215,0
per_huruf,3,588,0.23681031010873943,84.23076923076921,70.81702321347291,84.23076923076921,70.81702321347291,0
per_huruf,3,589,0.23721304873137336,84.3076923076923,70.73327264451524,84.3076923076923,70.73327264451524,0
per_huruf,3,590,0.23761578735400726,84.3846153846154,70.642694583523,84.3846153846154,70.642694583523,0
per_huruf,3,591,0.23801852597664117,84.46153846153847,70.54802002730997,84.46153846153847,70.54802002730997,0
per_huruf,3,592,0.23842126459927507,84.53846153846153,70.45197997269003,84.53846153846153,70.45197997269003,0
per_huruf,3,593,0.238824003221909,84.61538461538461,70.35730541647702,84.61538461538461,70.35730541647702,0
per_huruf,3,594,0.2392267418445429,84.69230769230768,70.26672735548475,84.69230769230768,70.26672735548475,0
per_huruf,3,595,0.2396294804671768,84.76923076923076,70.18297678652708,84.76923076923076,70.18297678652708,0
per_huruf,3,596,0.24003221908981073,84.84615384615385,70.10878470641785,84.84615384615385,70.10878470641785,0
per_huruf,3,597,0.24043495771244464,84.92307692307692,70.04688211197087,84.92307692307692,70.04688211197087,0
per_huruf,3,598,0.24083769633507854,85.0,70.0,85.0,70.0,0
per_huruf,3,599,0.24124043495771244,85.07692307692308,69.96995903504781,85.07692307692308,69.96995903504781,0
per_huruf,3,600,0.24164317358034637,85.15384615384615,69.95493855257168,85.15384615384615,69.95493855257168,0
per_huruf,3,601,0.24204591220298027,85.23076923076921,69.95220755575784,85.23076923076921,69.95220755575784,0
per_huruf,3,602,0.24244865082561418,85.30769230769229,69.95903504779244,85.30769230769229,69.95903504779244,0
per_huruf,3,603,0.2428513894482481,85.38461538461539,69.97269003186163,85.38461538461539,69.97269003186163,0
per_huruf,3,604,0.243254128070882,85.46153846153845,69.99044151115157,85.46153846153845,69.99044151115157,0
per_huruf,3,605,0.2436568666935159,85.53846153846153,70.00955848884843,85.53846153846153,70.00955848884843,0
per_huruf,3,606,0.24405960531614984,85.61538461538461,70.02730996813837,85.61538461538461,70.02730996813837,0
per_huruf,3,607,0.24446234393878374,85.6923076923077,70.04096495220756,85.6923076923077,70.04096495220756,0
per_huruf,3,608,0.24486508256141765,85.76923076923076,70.04779244424213,85.76923076923076,70.04779244424213,0
per_huruf,3,609,0.24526782118405155,85.84615384615385,70.04506144742831,85.84615384615385,70.04506144742831,0
per_huruf,3,610,0.24567055980668548,85.92307692307692,70.0300409649522,85.92307692307692,70.0300409649522,0
per_huruf,3,611,0.24607329842931938,86.0,70.0,86.0,70.0,0
per_huruf,3,612,0.24647603705195328,86.07692307692308,69.955848884843,86.07692307692308,69.955848884843,0
per_huruf,3,613,0.24687877567458721,86.15384615384615,69.90122894856623,86.15384615384615,69.90122894856623,0
per_huruf,3,614,0.24728151429722112,86.23076923076921,69.83750568957667,86.23076923076921,69.83750568957667,0
per_huruf,3,615,0.24768425291985502,86.30769230769229,69.76604460628128,86.30769230769229,69.76604460628128,0
per_huruf,3,616,0.24808699154248892,86.3846153846154,69.68821119708693,86.3846153846154,69.68821119708693,0
per_huruf,3,617,0.24848973016512285,86.46153846153845,69.60537096040055,86.46153846153845,69.60537096040055,0
per_huruf,3,618,0.24889246878775675,86.53846153846155,69.51888939462904,86.53846153846155,69.51888939462904,0
per_huruf,3,619,0.24929520741039066,86.61538461538461,69.43013199817933,86.61538461538461,69.43013199817933,0
per_huruf,3,620,0.2496979460330246,86.69230769230768,69.34046426945835,86.69230769230768,69.34046426945835,0
per_huruf,3,621,0.2501006846556585,86.76923076923076,69.251251706873,86.76923076923076,69.251251706873,0
per_huruf,3,622,0.2505034232782924,86.84615384615385,69.16385980883022,86.84615384615385,69.16385980883022,0
per_huruf,3,623,0.2509061619009263,86.92307692307693,69.07965407373692,86.92307692307693,69.07965407373692,0
per_huruf,3,624,0.2513089005235602,87.0,69.0,87.0,69.0,0
per_huruf,3,625,0.25171163914619415,87.07692307692308,68.92034592626308,87.07692307692308,68.92034592626308,0
per_huruf,3,626,0.25211437776882806,87.15384615384616,68.83614019116979,87.15384615384616,68.83614019116979,0
per_huruf,3,627,0.25251711639146196,87.23076923076921,68.748748293127,87.23076923076921,68.748748293127,0
per_huruf,3,628,0.25291985501409586,87.3076923076923,68.65953573054165,87.3076923076923,68.65953573054165,0
per_huruf,3,629,0.25332259363672976,87.38461538461539,68.56986800182068,87.38461538461539,68.56986800182068,0
per_huruf,3,630,0.25372533225936367,87.46153846153845,68.48111060537097,87.46153846153845,68.48111060537097,0
per_huruf,3,631,0.25412807088199757,87.53846153846153,68.39462903959945,87.53846153846153,68.39462903959945,0
per_huruf,3,632,0.25453080950463153,87.61538461538461,68.31178880291307,87.61538461538461,68.31178880291307,0
per_huruf,3,633,0.25493354812726543,87.6923076923077,68.2339553937187,87.6923076923077,68.2339553937187,0
per_huruf,3,634,0.25533628674989933,87.76923076923077,68.1624943104233,87.76923076923077,68.1624943104233,0
per_huruf,3,635,0.25573902537253324,87.84615384615384,68.09877105143377,87.84615384615384,68.09877105143377,0
per_huruf,3,636,0.25614176399516714,87.92307692307692,68.04415111515704,87.92307692307692,68.04415111515704,0
per_huruf,3,637,0.25654450261780104,88.0,68.0,88.0,68.0,0
per_huruf,3,638,0.25694724124043494,88.0769230769231,67.9699590350478,88.0769230769231,67.9699590350478,0
per_huruf,3,639,0.2573499798630689,88.15384615384617,67.95493855257169,88.15384615384617,67.95493855257169,0
per_huruf,3,640,0.2577527184857028,88.23076923076921,67.95220755575784,88.23076923076921,67.95220755575784,0
per_huruf,3,641,0.2581554571083367,88.3076923076923,67.95903504779244,88.3076923076923,67.95903504779244,0
per_huruf,3,642,0.2585581957309706,88.3846153846154,67.97269003186163,88.3846153846154,67.97269003186163,0
per_huruf,3,643,0.2589609343536045,88.46153846153847,67.99044151115157,88.46153846153847,67.99044151115157,0
per_huruf,3,644,0.2593636729762384,88.53846153846153,68.00955848884843,88.53846153846153,68.00955848884843,0
per_huruf,3,645,0.2597664115988723,88.61538461538461,68.02730996813837,88.61538461538461,68.02730996813837,0
per_huruf,3,646,0.2601691502215063,88.6923076923077,68.04096495220756,88.6923076923077,68.04096495220756,0
per_huruf,3,647,0.2605718888441402,88.76923076923076,68.04779244424215,88.76923076923076,68.04779244424215,0
per_huruf,3,648,0.2609746274667741,88.84615384615384,68.04506144742831,88.84615384615384,68.04506144742831,0
per_huruf,3,649,0.261377366089408,88.92307692307692,68.0300409649522,88.92307692307692,68.0300409649522,0
per_huruf,3,650,0.2617801047120419,89.0,68.0,89.0,68.0,0
per_huruf,3,651,0.2621828433346758,89.0769230769231,67.95311788802914,89.0769230769231,67.95311788802914,0
per_huruf,3,652,0.26258558195730974,89.15384615384616,67.89121529358216,89.15384615384616,67.89121529358216,0
per_huruf,3,653,0.26298832057994365,89.23076923076923,67.81702321347291,89.23076923076923,67.81702321347291,0
per_huruf,3,654,0.26339105920257755,89.30769230769229,67.73327264451524,89.30769230769229,67.73327264451524,0
per_huruf,3,655,0.26379379782521145,89.38461538461539,67.642694583523,89.38461538461539,67.642694583523,0
per_huruf,3,656,0.26419653644784535,89.46153846153845,67.54802002730997,89.46153846153845,67.54802002730997,0
per_huruf,3,657,0.26459927507047926,89.53846153846155,67.45197997269003,89.53846153846155,67.45197997269003,0
per_huruf,3,658,0.26500201369311316,89.61538461538461,67.35730541647702,89.61538461538461,67.35730541647702,0
per_huruf,3,659,0.2654047523157471,89.69230769230768,67.26672735548476,89.69230769230768,67.26672735548476,0
per_huruf,3,660,0.265807490938381,89.76923076923077,67.18297678652708,89.76923076923077,67.18297678652708,0
per_huruf,3,661,0.2662102295610149,89.84615384615384,67.10878470641785,89.84615384615384,67.10878470641785,0
per_huruf,3,662,0.2666129681836488,89.92307692307692,67.04688211197087,89.92307692307692,67.04688211197087,0
per_huruf,3,663,0.2670157068062827,90.0,67.0,90.0,67.0,0
per_huruf,3,664,0.26741844542891663,90.0769230769231,66.96995903504781,90.0769230769231,66.96995903504781,0
per_huruf,3,665,0.26782118405155053,90.15384615384616,66.95493855257169,90.15384615384616,66.95493855257169,0
per_huruf,3,666,0.2682239226741845,90.23076923076923,66.95220755575784,90.23076923076923,66.95220755575784,0
per_huruf,3,667,0.2686266612968184,90.30769230769229,66.95903504779244,90.30769230769229,66.95903504779244,0
per_huruf,3,668,0.2690293999194523,90.38461538461539,66.97269003186163,90.38461538461539,66.97269003186163,0
per_huruf,3,669,0.2694321385420862,90.46153846153847,66.99044151115157,90.46153846153847,66.99044151115157,0
per_huruf,3,670,0.2698348771647201,90.53846153846153,67.00955848884843,90.53846153846153,67.00955848884843,0
per_huruf,3,671,0.270237615787354,90.61538461538461,67.02730996813838,90.61538461538461,67.02730996813838,0
per_huruf,3,672,0.2706403544099879,90.6923076923077,67.04096495220756,90.6923076923077,67.04096495220756,0
per_huruf,3,673,0.27104309303262186,90.76923076923076,67.04779244424213,90.76923076923076,67.04779244424213,0
per_huruf,3,674,0.27144583165525576,90.84615384615384,67.04506144742831,90.84615384615384,67.04506144742831,0
per_huruf,3,675,0.27184857027788967,90.92307692307692,67.0300409649522,90.92307692307692,67.0300409649522,0
per_huruf,3,676,0.27225130890052357,91.0,67.0,91.0,67.0,0
per_huruf,3,677,0.2726540475231575,91.07692307692308,66.95584888484298,91.07692307692308,66.95584888484298,0
per_huruf,3,678,0.2730567861457914,91.15384615384615,66.90122894856624,91.15384615384615,66.90122894856624,0
per_huruf,3,679,0.2734595247684253,91.23076923076921,66.83750568957669,91.23076923076921,66.83750568957669,0
per_huruf,3,680,0.27386226339105924,91.30769230769229,66.76604460628128,91.30769230769229,66.76604460628128,0
per_huruf,3,681,0.27426500201369314,91.3846153846154,66.68821119708694,91.3846153846154,66.68821119708694,0
per_huruf,3,682,0.27466774063632704,91.46153846153845,66.60537096040055,91.46153846153845,66.60537096040055,0
per_huruf,3,683,0.27507047925896094,91.53846153846153,66.51888939462904,91.53846153846153,66.51888939462904,0
per_huruf,3,684,0.27547321788159485,91.61538461538463,66.43013199817933,91.61538461538463,66.43013199817933,0
per_huruf,3,685,0.27587595650422875,91.69230769230768,66.34046426945835,91.69230769230768,66.34046426945835,0
per_huruf,3,686,0.27627869512686265,91.76923076923076,66.251251706873,91.76923076923076,66.251251706873,0
per_huruf,3,687,0.2766814337494966,91.84615384615384,66.16385980883022,91.84615384615384,66.16385980883022,0
per_huruf,3,688,0.2770841723721305,91.92307692307692,66.07965407373692,91.92307692307692,66.07965407373692,0
per_huruf,3,689,0.2774869109947644,92.0,66.0,92.0,66.0,0
per_huruf,3,690,0.2778896496173983,92.0769230769231,65.92307692307693,92.0769230769231,65.92307692307693,0
per_huruf,3,691,0.2782923882400322,92.15384615384615,65.84615384615385,92.15384615384615,65.84615384615385,0
per_huruf,3,692,0.2786951268626661,92.23076923076921,65.76923076923077,92.23076923076921,65.76923076923077,0
per_huruf,3,693,0.2790978654853001,92.3076923076923,65.6923076923077,92.3076923076923,65.6923076923077,0
per_huruf,3,694,0.279500604107934,92.3846153846154,65.61538461538461,92.3846153846154,65.61538461538461,0
per_huruf,3,695,0.2799033427305679,92.46153846153847,65.53846153846153,92.46153846153847,65.53846153846153,0
per_huruf,3,696,0.2803060813532018,92.53846153846155,65.46153846153847,92.53846153846155,65.46153846153847,0
per_huruf,3,697,0.2807088199758357,92.61538461538463,65.38461538461539,92.61538461538463,65.38461538461539,0
per_huruf,3,698,0.2811115585984696,92.69230769230768,65.3076923076923,92.69230769230768,65.3076923076923,0
per_huruf,3,699,0.2815142972211035,92.76923076923076,65.23076923076923,92.76923076923076,65.23076923076923,0
per_huruf,3,700,0.28191703584373745,92.84615384615384,65.15384615384616,92.84615384615384,65.15384615384616,0
per_huruf,3,701,0.28231977446637135,92.92307692307692,65.07692307692307,92.92307692307692,65.07692307692307,0
per_huruf,3,702,0.28272251308900526,93.0,65.0,93.0,65.0,0
per_huruf,3,703,0.28312525171163916,93.07692307692308,64.9203459262631,93.07692307692308,64.9203459262631,0
per_huruf,3,704,0.28352799033427306,93.15384615384616,64.83614019116979,93.15384615384616,64.83614019116979,0
per_huruf,3,705,0.28393072895690696,93.23076923076921,64.74874829312698,93.23076923076921,64.74874829312698,0
per_huruf,3,706,0.28433346757954087,93.30769230769229,64.65953573054165,93.30769230769229,64.65953573054165,0
per_huruf,3,707,0.2847362062021748,93.3846153846154,64.56986800182068,93.3846153846154,64.56986800182068,0
per_huruf,3,708,0.2851389448248087,93.46153846153847,64.48111060537097,93.46153846153847,64.48111060537097,0
per_huruf,3,709,0.28554168344744263,93.53846153846153,64.39462903959947,93.53846153846153,64.39462903959947,0
per_huruf,3,710,0.28594442207007653,93.61538461538463,64.31178880291307,93.61538461538463,64.31178880291307,0
per_huruf,3,711,0.28634716069271043,93.6923076923077,64.2339553937187,93.6923076923077,64.2339553937187,0
per_huruf,3,712,0.28674989931534434,93.76923076923076,64.1624943104233,93.76923076923076,64.1624943104233,0
per_huruf,3,713,0.28715263793797824,93.84615384615384,64.09877105143377,93.84615384615384,64.09877105143377,0
per_huruf,3,714,0.2875553765606122,93.92307692307692,64.04415111515704,93.92307692307692,64.04415111515704,0
per_huruf,3,715,0.2879581151832461,94.0,64.0,94.0,64.0,0
per_huruf,3,716,0.28836085380588,94.07692307692308,63.96995903504781,94.07692307692308,63.96995903504781,0
per_huruf,3,717,0.2887635924285139,94.15384615384615,63.95493855257169,94.15384615384615,63.95493855257169,0
per_huruf,3,718,0.2891663310511478,94.23076923076923,63.952207555757845,94.23076923076923,63.952207555757845,0
per_huruf,3,719,0.2895690696737817,94.30769230769229,63.95903504779243,94.30769230769229,63.95903504779243,0
per_huruf,3,720,0.2899718082964156,94.38461538461539,63.972690031861646,94.38461538461539,63.972690031861646,0
per_huruf,3,721,0.29037454691904957,94.46153846153847,63.99044151115157,94.46153846153847,63.99044151115157,0
per_huruf,3,722,0.2907772855416835,94.53846153846153,64.00955848884843,94.53846153846153,64.00955848884843,0
per_huruf,3,723,0.2911800241643174,94.61538461538461,64.02730996813838,94.61538461538461,64.02730996813838,0
per_huruf,3,724,0.2915827627869513,94.6923076923077,64.04096495220756,94.6923076923077,64.04096495220756,0
per_huruf,3,725,0.2919855014095852,94.76923076923076,64.04779244424215,94.76923076923076,64.04779244424215,0
per_huruf,3,726,0.2923882400322191,94.84615384615385,64.04506144742831,94.84615384615385,64.04506144742831,0
per_huruf,3,727,0.292790978654853,94.92307692307692,64.0300409649522,94.92307692307692,64.0300409649522,0
per_huruf,3,728,0.29319371727748694,95.0,64.0,95.0,64.0,0
per_huruf,3,729,0.29359645590012085,95.0769230769231,63.95584888484297,95.0769230769231,63.95584888484297,0
per_huruf,3,730,0.29399919452275475,95.15384615384616,63.901228948566235,95.15384615384616,63.901228948566235,0
per_huruf,3,731,0.29440193314538865,95.23076923076923,63.83750568957669,95.23076923076923,63.83750568957669,0
per_huruf,3,732,0.29480467176802255,95.3076923076923,63.76604460628129,95.3076923076923,63.76604460628129,0
per_huruf,3,733,0.29520741039065646,95.3846153846154,63.68821119708695,95.3846153846154,63.68821119708695,0
per_huruf,3,734,0.2956101490132904,95.46153846153847,63.60537096040055,95.46153846153847,63.60537096040055,0
per_huruf,3,735,0.2960128876359243,95.53846153846155,63.51888939462904,95.53846153846155,63.51888939462904,0
per_huruf,3,736,0.2964156262585582,95.61538461538463,63.43013199817934,95.61538461538463,63.43013199817934,0
per_huruf,3,737,0.2968183648811921,95.6923076923077,63.34046426945835,95.6923076923077,63.34046426945835,0
per_huruf,3,738,0.297221103503826,95.76923076923076,63.251251706873,95.76923076923076,63.251251706873,0
per_huruf,3,739,0.2976238421264599,95.84615384615384,63.163859808830225,95.84615384615384,63.163859808830225,0
per_huruf,3,740,0.29802658074909383,95.92307692307692,63.07965407373691,95.92307692307692,63.07965407373691,0
per_huruf,3,741,0.2984293193717278,96.0,63.0,96.0,63.0,0
per_huruf,3,742,0.2988320579943617,96.0769230769231,62.92307692307693,96.0769230769231,62.92307692307693,0
per_huruf,3,743,0.2992347966169956,96.15384615384616,62.84615384615384,96.15384615384616,62.84615384615384,0
per_huruf,3,744,0.2996375352396295,96.23076923076921,62.76923076923077,96.23076923076921,62.76923076923077,0
per_huruf,3,745,0.3000402738622634,96.3076923076923,62.69230769230768,96.3076923076923,62.69230769230768,0
per_huruf,3,746,0.3004430124848973,96.38461538461539,62.61538461538463,96.38461538461539,62.61538461538463,0
per_huruf,3,747,0.3008457511075312,96.46153846153847,62.53846153846154,96.46153846153847,62.53846153846154,0
per_huruf,3,748,0.30124848973016516,96.53846153846153,62.46153846153847,96.53846153846153,62.46153846153847,0
per_huruf,3,749,0.30165122835279906,96.61538461538463,62.38461538461539,96.61538461538463,62.38461538461539,0
per_huruf,3,750,0.30205396697543296,96.6923076923077,62.30769230769231,96.6923076923077,62.30769230769231,0
per_huruf,3,751,0.30245670559806687,96.76923076923076,62.230769230769226,96.76923076923076,62.230769230769226,0
per_huruf,3,752,0.30285944422070077,96.84615384615384,62.15384615384615,96.84615384615384,62.15384615384615,0
per_huruf,3,753,0.30326218284333467,96.92307692307692,62.07692307692307,96.92307692307692,62.07692307692307,0
per_huruf,3,754,0.3036649214659686,97.0,62.0,97.0,62.0,0
per_huruf,3,755,0.30406766008860253,97.0769230769231,61.923076923076934,97.0769230769231,61.923076923076934,0
per_huruf,3,756,0.30447039871123643,97.15384615384616,61.846153846153854,97.15384615384616,61.846153846153854,0
per_huruf,3,757,0.30487313733387034,97.23076923076921,61.76923076923076,97.23076923076921,61.76923076923076,0
per_huruf,3,758,0.30527587595650424,97.30769230769229,61.692307692307686,97.30769230769229,61.692307692307686,0
per_huruf,3,759,0.30567861457913814,97.3846153846154,61.61538461538461,97.3846153846154,61.61538461538461,0
per_huruf,3,760,0.30608135320177204,97.46153846153848,61.53846153846155,97.46153846153848,61.53846153846155,0
per_huruf,3,761,0.30648409182440595,97.53846153846155,61.46153846153847,97.53846153846155,61.46153846153847,0
per_huruf,3,762,0.3068868304470399,97.61538461538463,61.384615384615394,97.61538461538463,61.384615384615394,0
per_huruf,3,763,0.3072895690696738,97.69230769230771,61.3076923076923,97.69230769230771,61.3076923076923,0
per_huruf,3,764,0.3076923076923077,97.76923076923076,61.230769230769226,97.76923076923076,61.230769230769226,0
per_huruf,3,765,0.3080950463149416,97.84615384615385,61.15384615384616,97.84615384615385,61.15384615384616,0
per_huruf,3,766,0.3084977849375755,97.92307692307692,61.07692307692307,97.92307692307692,61.07692307692307,0
per_huruf,3,767,0.3089005235602094,98.0,61.0,98.0,61.0,0
per_huruf,3,768,0.3093032621828433,98.0769230769231,60.92307692307693,98.0769230769231,60.92307692307693,0
per_huruf,3,769,0.3097060008054773,98.15384615384616,60.84615384615385,98.15384615384616,60.84615384615385,0
per_huruf,3,770,0.3101087394281112,98.23076923076921,60.76923076923076,98.23076923076921,60.76923076923076,0
per_huruf,3,771,0.3105114780507451,98.30769230769229,60.692307692307686,98.30769230769229,60.692307692307686,0
per_huruf,3,772,0.310914216673379,98.38461538461539,60.61538461538462,98.38461538461539,60.61538461538462,0
per_huruf,3,773,0.3113169552960129,98.46153846153847,60.53846153846153,98.46153846153847,60.53846153846153,0
per_huruf,3,774,0.3117196939186468,98.53846153846153,60.46153846153846,98.53846153846153,60.46153846153846,0
per_huruf,3,775,0.31212243254128075,98.61538461538461,60.38461538461539,98.61538461538461,60.38461538461539,0
per_huruf,3,776,0.31252517116391465,98.69230769230768,60.30769230769231,98.69230769230768,60.30769230769231,0
per_huruf,3,777,0.31292790978654855,98.76923076923077,60.230769230769226,98.76923076923077,60.230769230769226,0
per_huruf,3,778,0.31333064840918246,98.84615384615384,60.15384615384615,98.84615384615384,60.15384615384615,0
per_huruf,3,779,0.31373338703181636,98.92307692307692,60.07692307692307,98.92307692307692,60.07692307692307,0
per_huruf,3,780,0.31413612565445026,99.0,60.0,99.0,60.0,0
per_huruf,3,781,0.31453886427708416,99.0769230769231,59.92307692307693,99.0769230769231,59.92307692307693,0
per_huruf,3,782,0.3149416028997181,99.15384615384616,59.84615384615385,99.15384615384616,59.84615384615385,0
per_huruf,3,783,0.315344341522352,99.23076923076921,59.76923076923076,99.23076923076921,59.76923076923076,0
per_huruf,3,784,0.3157470801449859,99.3076923076923,59.69230769230769,99.3076923076923,59.69230769230769,0
per_huruf,3,785,0.31614981876761983,99.3846153846154,59.61538461538462,99.3846153846154,59.61538461538462,0
per_huruf,3,786,0.31655255739025373,99.46153846153848,59.53846153846155,99.46153846153848,59.53846153846155,0
per_huruf,3,787,0.31695529601288763,99.53846153846153,59.46153846153846,99.53846153846153,59.46153846153846,0
per_huruf,3,788,0.31735803463552154,99.61538461538461,59.38461538461539,99.61538461538461,59.38461538461539,0
per_huruf,3,789,0.3177607732581555,99.69230769230771,59.30769230769231,99.69230769230771,59.30769230769231,0
per_huruf,3,790,0.3181635118807894,99.76923076923076,59.230769230769226,99.76923076923076,59.230769230769226,0
per_huruf,3,791,0.3185662505034233,99.84615384615385,59.15384615384615,99.84615384615385,59.15384615384615,0
per_huruf,3,792,0.3189689891260572,99.92307692307692,59.07692307692307,99.92307692307692,59.07692307692307,0
per_huruf,3,793,0.3193717277486911,100.0,59.0,100.0,59.0,0
per_huruf,3,794,0.319774466371325,100.07692307692308,58.92307692307693,100.07692307692308,58.92307692307693,0
per_huruf,3,795,0.3201772049939589,100.15384615384615,58.84615384615385,100.15384615384615,58.84615384615385,0
per_huruf,3,796,0.32057994361659287,100.23076923076921,58.76923076923077,100.23076923076921,58.76923076923077,0
per_huruf,3,797,0.32098268223922677,100.3076923076923,58.692307692307686,100.3076923076923,58.692307692307686,0
per_huruf,3,798,0.32138542086186067,100.38461538461539,58.61538461538462,100.38461538461539,58.61538461538462,0
per_huruf,3,799,0.3217881594844946,100.46153846153847,58.53846153846154,100.46153846153847,58.53846153846154,0
per_huruf,3,800,0.3221908981071285,100.53846153846155,58.46153846153847,100.53846153846155,58.46153846153847,0
per_huruf,3,801,0.3225936367297624,100.61538461538461,58.38461538461539,100.61538461538461,58.38461538461539,0
per_huruf,3,802,0.3229963753523963,100.6923076923077,58.30769230769231,100.6923076923077,58.30769230769231,0
per_huruf,3,803,0.32339911397503024,100.76923076923077,58.230769230769226,100.76923076923077,58.230769230769226,0
per_huruf,3,804,0.32380185259766414,100.84615384615385,58.15384615384615,100.84615384615385,58.15384615384615,0
per_huruf,3,805,0.32420459122029804,100.92307692307692,58.07692307692307,100.92307692307692,58.07692307692307,0
per_huruf,3,806,0.32460732984293195,101.0,58.0,101.0,58.0,0
per_huruf,3,807,0.32501006846556585,101.0769230769231,57.92307692307692,101.0769230769231,57.92307692307692,0
per_huruf,3,808,0.32541280708819975,101.15384615384616,57.84615384615385,101.15384615384616,57.84615384615385,0
per_huruf,3,809,0.3258155457108337,101.23076923076923,57.76923076923076,101.23076923076923,57.76923076923076,0
per_huruf,3,810,0.3262182843334676,101.30769230769229,57.692307692307686,101.30769230769229,57.692307692307686,0
per_huruf,3,811,0.3266210229561015,101.3846153846154,57.61538461538462,101.3846153846154,57.61538461538462,0
per_huruf,3,812,0.3270237615787354,101.46153846153848,57.53846153846155,101.46153846153848,57.53846153846155,0
per_huruf,3,813,0.3274265002013693,101.53846153846153,57.46153846153846,101.53846153846153,57.46153846153846,0
per_huruf,3,814,0.3278292388240032,101.61538461538461,57.38461538461539,101.61538461538461,57.38461538461539,0
per_huruf,3,815,0.3282319774466371,101.6923076923077,57.30769230769231,101.6923076923077,57.30769230769231,0
per_huruf,3,816,0.3286347160692711,101.76923076923077,57.230769230769226,101.76923076923077,57.230769230769226,0
per_huruf,3,817,0.329037454691905,101.84615384615384,57.153846153846146,101.84615384615384,57.153846153846146,0
per_huruf,3,818,0.3294401933145389,101.92307692307692,57.07692307692307,101.92307692307692,57.07692307692307,0
per_huruf,3,819,0.3298429319371728,102.0,57.0,102.0,57.0,0
per_huruf,3,820,0.3302456705598067,102.07965407373693,56.92307692307693,102.07965407373693,56.92307692307693,0
per_huruf,3,821,0.3306484091824406,102.16385980883024,56.846153846153854,102.16385980883024,56.846153846153854,0
per_huruf,3,822,0.3310511478050745,102.25125170687299,56.76923076923075,102.25125170687299,56.76923076923075,0
per_huruf,3,823,0.33145388642770846,102.34046426945834,56.692307692307686,102.34046426945834,56.692307692307686,0
per_huruf,3,824,0.33185662505034236,102.43013199817933,56.61538461538462,102.43013199817933,56.61538461538462,0
per_huruf,3,825,0.33225936367297626,102.51888939462904,56.53846153846154,102.51888939462904,56.53846153846154,0
per_huruf,3,826,0.33266210229561016,102.60537096040053,56.46153846153846,102.60537096040053,56.46153846153846,0
per_huruf,3,827,0.33306484091824407,102.68821119708693,56.38461538461539,102.68821119708693,56.38461538461539,0
per_huruf,3,828,0.33346757954087797,102.76604460628128,56.30769230769231,102.76604460628128,56.30769230769231,0
per_huruf,3,829,0.33387031816351187,102.83750568957669,56.230769230769226,102.83750568957669,56.230769230769226,0
per_huruf,3,830,0.33427305678614583,102.90122894856623,56.15384615384615,102.90122894856623,56.15384615384615,0
per_huruf,3,831,0.33467579540877973,102.95584888484296,56.07692307692307,102.95584888484296,56.07692307692307,0
per_huruf,3,832,0.33507853403141363,103.0,56.0,103.0,56.0,0
per_huruf,3,833,0.33548127265404754,103.03004096495222,55.923076923076934,103.03004096495222,55.923076923076934,0
per_huruf,3,834,0.33588401127668144,103.04506144742832,55.846153846153854,103.04506144742832,55.846153846153854,0
per_huruf,3,835,0.33628674989931534,103.04779244424213,55.76923076923076,103.04779244424213,55.76923076923076,0
per_huruf,3,836,0.33668948852194924,103.04096495220755,55.69230769230769,103.04096495220755,55.69230769230769,0
per_huruf,3,837,0.3370922271445832,103.02730996813838,55.61538461538462,103.02730996813838,55.61538461538462,0
per_huruf,3,838,0.3374949657672171,103.00955848884843,55.53846153846154,103.00955848884843,55.53846153846154,0
per_huruf,3,839,0.337897704389851,102.99044151115157,55.46153846153847,102.99044151115157,55.46153846153847,0
per_huruf,3,840,0.3383004430124849,102.97269003186165,55.38461538461539,102.97269003186165,55.38461538461539,0
per_huruf,3,841,0.3387031816351188,102.95903504779244,55.3076923076923,102.95903504779244,55.3076923076923,0
per_huruf,3,842,0.3391059202577527,102.95220755575784,55.230769230769226,102.95220755575784,55.230769230769226,0
per_huruf,3,843,0.3395086588803866,102.95493855257169,55.15384615384616,102.95493855257169,55.15384615384616,0
per_huruf,3,844,0.3399113975030206,102.9699590350478,55.07692307692307,102.9699590350478,55.07692307692307,0
per_huruf,3,845,0.3403141361256545,103.0,55.0,103.0,55.0,0
per_huruf,3,846,0.3407168747482884,103.04688211197089,54.92307692307693,103.04688211197089,54.92307692307693,0
per_huruf,3,847,0.3411196133709223,103.10878470641785,54.84615384615385,103.10878470641785,54.84615384615385,0
per_huruf,3,848,0.3415223519935562,103.18297678652706,54.76923076923077,103.18297678652706,54.76923076923077,0
per_huruf,3,849,0.3419250906161901,103.26672735548475,54.692307692307686,103.26672735548475,54.692307692307686,0
per_huruf,3,850,0.34232782923882404,103.35730541647703,54.61538461538462,103.35730541647703,54.61538461538462,0
per_huruf,3,851,0.34273056786145795,103.45197997269004,54.53846153846154,103.45197997269004,54.53846153846154,0
per_huruf,3,852,0.34313330648409185,103.54802002730997,54.46153846153846,103.54802002730997,54.46153846153846,0
per_huruf,3,853,0.34353604510672575,103.642694583523,54.38461538461539,103.642694583523,54.38461538461539,0
per_huruf,3,854,0.34393878372935965,103.73327264451524,54.30769230769231,103.73327264451524,54.30769230769231,0
per_huruf,3,855,0.34434152235199356,103.81702321347291,54.230769230769226,103.81702321347291,54.230769230769226,0
per_huruf,3,856,0.34474426097462746,103.89121529358216,54.15384615384616,103.89121529358216,54.15384615384616,0
per_huruf,3,857,0.3451469995972614,103.95311788802913,54.07692307692307,103.95311788802913,54.07692307692307,0
per_huruf,3,858,0.3455497382198953,104.0,54.0,104.0,54.0,0
per_huruf,3,859,0.3459524768425292,104.03004096495222,53.923076923076934,104.03004096495222,53.923076923076934,0
per_huruf,3,860,0.3463552154651631,104.04506144742832,53.84615384615385,104.04506144742832,53.84615384615385,0
per_huruf,3,861,0.346757954087797,104.04779244424213,53.76923076923076,104.04779244424213,53.76923076923076,0
per_huruf,3,862,0.34716069271043093,104.04096495220755,53.69230769230768,104.04096495220755,53.69230769230768,0
per_huruf,3,863,0.34756343133306483,104.02730996813838,53.61538461538461,104.02730996813838,53.61538461538461,0
per_huruf,3,864,0.3479661699556988,104.00955848884844,53.53846153846154,104.00955848884844,53.53846153846154,0
per_huruf,3,865,0.3483689085783327,103.99044151115157,53.46153846153845,103.99044151115157,53.46153846153845,0
per_huruf,3,866,0.3487716472009666,103.97269003186165,53.38461538461539,103.97269003186165,53.38461538461539,0
per_huruf,3,867,0.3491743858236005,103.95903504779244,53.30769230769231,103.95903504779244,53.30769230769231,0
per_huruf,3,868,0.3495771244462344,103.95220755575784,53.230769230769226,103.95220755575784,53.230769230769226,0
per_huruf,3,869,0.3499798630688683,103.95493855257169,53.15384615384616,103.95493855257169,53.15384615384616,0
per_huruf,3,870,0.3503826016915022,103.9699590350478,53.07692307692307,103.9699590350478,53.07692307692307,0
per_huruf,3,871,0.35078534031413616,104.0,53.0,104.0,53.0,0
per_huruf,3,872,0.35118807893677007,104.04415111515705,52.923076923076934,104.04415111515705,52.923076923076934,0
per_huruf,3,873,0.35159081755940397,104.09877105143379,52.846153846153854,104.09877105143379,52.846153846153854,0
per_huruf,3,874,0.35199355618203787,104.16249431042328,52.76923076923076,104.16249431042328,52.76923076923076,0
per_huruf,3,875,0.3523962948046718,104.23395539371869,52.692307692307686,104.23395539371869,52.692307692307686,0
per_huruf,3,876,0.3527990334273057,104.31178880291307,52.61538461538462,104.31178880291307,52.61538461538462,0
per_huruf,3,877,0.3532017720499396,104.39462903959947,52.53846153846154,104.39462903959947,52.53846153846154,0
per_huruf,3,878,0.35360451067257354,104.48111060537097,52.46153846153846,104.48111060537097,52.46153846153846,0
per_huruf,3,879,0.35400724929520744,104.56986800182068,52.38461538461539,104.56986800182068,52.38461538461539,0
per_huruf,3,880,0.35440998791784134,104.65953573054165,52.30769230769231,104.65953573054165,52.30769230769231,0
per_huruf,3,881,0.35481272654047524,104.74874829312698,52.230769230769226,104.74874829312698,52.230769230769226,0
per_huruf,3,882,0.35521546516310915,104.83614019116979,52.15384615384616,104.83614019116979,52.15384615384616,0
per_huruf,3,883,0.35561820378574305,104.92034592626308,52.07692307692307,104.92034592626308,52.07692307692307,0
per_huruf,3,884,0.35602094240837695,105.0,52.0,105.0,52.0,0
per_huruf,3,885,0.3564236810310109,105.0769230769231,51.923076923076934,105.0769230769231,51.923076923076934,0
per_huruf,3,886,0.3568264196536448,105.15384615384616,51.84615384615384,105.15384615384616,51.84615384615384,0
per_huruf,3,887,0.3572291582762787,105.2307692307692,51.76923076923077,105.2307692307692,51.76923076923077,0
per_huruf,3,888,0.3576318968989126,105.30769230769229,51.69230769230768,105.30769230769229,51.69230769230768,0
per_huruf,3,889,0.3580346355215465,105.38461538461539,51.61538461538462,105.38461538461539,51.61538461538462,0
per_huruf,3,890,0.3584373741441804,105.46153846153847,51.53846153846155,105.46153846153847,51.53846153846155,0
per_huruf,3,891,0.3588401127668144,105.53846153846155,51.46153846153846,105.53846153846155,51.46153846153846,0
per_huruf,3,892,0.3592428513894483,105.61538461538463,51.38461538461539,105.61538461538463,51.38461538461539,0
per_huruf,3,893,0.3596455900120822,105.69230769230768,51.30769230769231,105.69230769230768,51.30769230769231,0
per_huruf,3,894,0.3600483286347161,105.76923076923077,51.230769230769226,105.76923076923077,51.230769230769226,0
per_huruf,3,895,0.36045106725735,105.84615384615385,51.15384615384616,105.84615384615385,51.15384615384616,0
per_huruf,3,896,0.3608538058799839,105.92307692307692,51.07692307692307,105.92307692307692,51.07692307692307,0
per_huruf,3,897,0.3612565445026178,106.0,51.0,106.0,51.0,0
per_huruf,3,898,0.36165928312525175,106.0769230769231,50.92307692307693,106.0769230769231,50.92307692307693,0
per_huruf,3,899,0.36206202174788565,106.15384615384616,50.84615384615385,106.15384615384616,50.84615384615385,0
per_huruf,3,900,0.36246476037051956,106.23076923076923,50.76923076923076,106.23076923076923,50.76923076923076,0
per_huruf,3,901,0.36286749899315346,106.30769230769229,50.692307692307686,106.30769230769229,50.692307692307686,0
per_huruf,3,902,0.36327023761578736,106.38461538461539,50.61538461538462,106.38461538461539,50.61538461538462,0
per_huruf,3,903,0.36367297623842126,106.46153846153847,50.53846153846155,106.46153846153847,50.53846153846155,0
per_huruf,3,904,0.36407571486105517,106.53846153846155,50.46153846153846,106.53846153846155,50.46153846153846,0
per_huruf,3,905,0.3644784534836891,106.61538461538463,50.38461538461539,106.61538461538463,50.38461538461539,0
per_huruf,3,906,0.364881192106323,106.69230769230768,50.30769230769231,106.69230769230768,50.30769230769231,0
per_huruf,3,907,0.36528393072895693,106.76923076923076,50.230769230769226,106.76923076923076,50.230769230769226,0
per_huruf,3,908,0.36568666935159083,106.84615384615385,50.15384615384616,106.84615384615385,50.15384615384616,0
per_huruf,3,909,0.36608940797422473,106.92307692307693,50.07692307692307,106.92307692307693,50.07692307692307,0
per_huruf,3,910,0.36649214659685864,107.0,50.0,107.0,50.0,0
per_huruf,3,911,0.36689488521949254,107.07692307692308,49.92307692307693,107.07692307692308,49.92307692307693,0
per_huruf,3,912,0.3672976238421265,107.15384615384616,49.846153846153854,107.15384615384616,49.846153846153854,0
per_huruf,3,913,0.3677003624647604,107.23076923076923,49.76923076923076,107.23076923076923,49.76923076923076,0
per_huruf,3,914,0.3681031010873943,107.30769230769229,49.692307692307686,107.30769230769229,49.692307692307686,0
per_huruf,3,915,0.3685058397100282,107.3846153846154,49.61538461538462,107.3846153846154,49.61538461538462,0
per_huruf,3,916,0.3689085783326621,107.46153846153847,49.53846153846155,107.46153846153847,49.53846153846155,0
per_huruf,3,917,0.369311316955296,107.53846153846153,49.46153846153846,107.53846153846153,49.46153846153846,0
per_huruf,3,918,0.3697140555779299,107.61538461538461,49.38461538461538,107.61538461538461,49.38461538461538,0
per_huruf,3,919,0.37011679420056387,107.6923076923077,49.30769230769231,107.6923076923077,49.30769230769231,0
per_huruf,3,920,0.3705195328231978,107.76923076923077,49.230769230769226,107.76923076923077,49.230769230769226,0
per_huruf,3,921,0.3709222714458317,107.84615384615385,49.15384615384615,107.84615384615385,49.15384615384615,0
per_huruf,3,922,0.3713250100684656,107.92307692307692,49.07692307692307,107.92307692307692,49.07692307692307,0
per_huruf,3,923,0.3717277486910995,108.0,49.0,108.0,49.0,0
per_huruf,3,924,0.3721304873137334,108.07692307692311,48.923076923076934,108.07692307692311,48.923076923076934,0
per_huruf,3,925,0.3725332259363673,108.15384615384616,48.84615384615385,108.15384615384616,48.84615384615385,0
per_huruf,3,926,0.37293596455900124,108.23076923076923,48.76923076923077,108.23076923076923,48.76923076923077,0
per_huruf,3,927,0.37333870318163515,108.30769230769229,48.692307692307686,108.30769230769229,48.692307692307686,0
per_huruf,3,928,0.37374144180426905,108.3846153846154,48.61538461538462,108.3846153846154,48.61538461538462,0
per_huruf,3,929,0.37414418042690295,108.46153846153848,48.53846153846154,108.46153846153848,48.53846153846154,0
per_huruf,3,930,0.37454691904953685,108.53846153846155,48.46153846153847,108.53846153846155,48.46153846153847,0
per_huruf,3,931,0.37494965767217076,108.61538461538461,48.38461538461539,108.61538461538461,48.38461538461539,0
per_huruf,3,932,0.3753523962948047,108.6923076923077,48.30769230769231,108.6923076923077,48.30769230769231,0
per_huruf,3,933,0.3757551349174386,108.76923076923076,48.230769230769226,108.76923076923076,48.230769230769226,0
per_huruf,3,934,0.3761578735400725,108.84615384615385,48.15384615384615,108.84615384615385,48.15384615384615,0
per_huruf,3,935,0.3765606121627064,108.92307692307693,48.07692307692307,108.92307692307693,48.07692307692307,0
per_huruf,3,936,0.3769633507853403,109.0,48.0,109.0,48.0,0
per_huruf,3,937,0.3773660894079742,109.0769230769231,47.92307692307693,109.0769230769231,47.92307692307693,0
per_huruf,3,938,0.37776882803060813,109.15384615384615,47.84615384615385,109.15384615384615,47.84615384615385,0
per_huruf,3,939,0.3781715666532421,109.23076923076921,47.76923076923077,109.23076923076921,47.76923076923077,0
per_huruf,3,940,0.378574305275876,109.30769230769229,47.692307692307686,109.30769230769229,47.692307692307686,0
per_huruf,3,941,0.3789770438985099,109.3846153846154,47.61538461538462,109.3846153846154,47.61538461538462,0
per_huruf,3,942,0.3793797825211438,109.46153846153847,47.53846153846155,109.46153846153847,47.53846153846155,0
per_huruf,3,943,0.3797825211437777,109.53846153846155,47.46153846153846,109.53846153846155,47.46153846153846,0
per_huruf,3,944,0.3801852597664116,109.61538461538461,47.38461538461539,109.61538461538461,47.38461538461539,0
per_huruf,3,945,0.3805879983890455,109.6923076923077,47.30769230769231,109.6923076923077,47.30769230769231,0
per_huruf,3,946,0.38099073701167946,109.76923076923077,47.230769230769226,109.76923076923077,47.230769230769226,0
per_huruf,3,947,0.38139347563431336,109.84615384615387,47.15384615384616,109.84615384615387,47.15384615384616,0
per_huruf,3,948,0.38179621425694726,109.92307692307692,47.07692307692307,109.92307692307692,47.07692307692307,0
per_huruf,3,949,0.38219895287958117,110.0,47.0,110.0,47.0,0
per_huruf,3,950,0.38260169150221507,110.0769230769231,46.92307692307693,110.0769230769231,46.92307692307693,0
per_huruf,3,951,0.38300443012484897,110.15384615384615,46.84615384615385,110.15384615384615,46.84615384615385,0
per_huruf,3,952,0.3834071687474829,110.23076923076921,46.76923076923076,110.23076923076921,46.76923076923076,0
per_huruf,3,953,0.38380990737011683,110.30769230769229,46.692307692307686,110.30769230769229,46.692307692307686,0
per_huruf,3,954,0.38421264599275073,110.3846153846154,46.61538461538462,110.3846153846154,46.61538461538462,0
per_huruf,3,955,0.38461538461538464,110.46153846153847,46.53846153846154,110.46153846153847,46.53846153846154,0
per_huruf,3,956,0.38501812323801854,110.53846153846153,46.46153846153846,110.53846153846153,46.46153846153846,0
per_huruf,3,957,0.38542086186065244,110.61538461538461,46.38461538461539,110.61538461538461,46.38461538461539,0
per_huruf,3,958,0.38582360048328634,110.69230769230768,46.30769230769231,110.69230769230768,46.30769230769231,0
per_huruf,3,959,0.38622633910592025,110.76923076923076,46.230769230769226,110.76923076923076,46.230769230769226,0
per_huruf,3,960,0.3866290777285542,110.84615384615385,46.15384615384615,110.84615384615385,46.15384615384615,0
per_huruf,3,961,0.3870318163511881,110.92307692307693,46.07692307692307,110.92307692307693,46.07692307692307,0
per_huruf,3,962,0.387434554973822,111.0,46.0,111.0,46.0,0
per_huruf,3,963,0.3878372935964559,111.0769230769231,45.923076923076934,111.0769230769231,45.923076923076934,0
per_huruf,3,964,0.3882400322190898,111.15384615384617,45.84615384615385,111.15384615384617,45.84615384615385,0
per_huruf,3,965,0.3886427708417237,111.2307692307692,45.76923076923077,111.2307692307692,45.76923076923077,0
per_huruf,3,966,0.3890455094643577,111.3076923076923,45.69230769230768,111.3076923076923,45.69230769230768,0
per_huruf,3,967,0.3894482480869916,111.3846153846154,45.61538461538462,111.3846153846154,45.61538461538462,0
per_huruf,3,968,0.3898509867096255,111.46153846153847,45.53846153846154,111.46153846153847,45.53846153846154,0
per_huruf,3,969,0.3902537253322594,111.53846153846153,45.46153846153847,111.53846153846153,45.46153846153847,0
per_huruf,3,970,0.3906564639548933,111.61538461538461,45.38461538461539,111.61538461538461,45.38461538461539,0
per_huruf,3,971,0.3910592025775272,111.69230769230768,45.30769230769231,111.69230769230768,45.30769230769231,0
per_huruf,3,972,0.3914619412001611,111.76923076923076,45.230769230769226,111.76923076923076,45.230769230769226,0
per_huruf,3,973,0.39186467982279505,111.84615384615384,45.15384615384615,111.84615384615384,45.15384615384615,0
per_huruf,3,974,0.39226741844542895,111.92307692307692,45.07692307692307,111.92307692307692,45.07692307692307,0
per_huruf,3,975,0.39267015706806285,112.0,45.0,112.0,45.0,0
per_huruf,3,976,0.39307289569069676,112.07692307692308,44.92307692307693,112.07692307692308,44.92307692307693,0
per_huruf,3,977,0.39347563431333066,112.15384615384616,44.84615384615385,112.15384615384616,44.84615384615385,0
per_huruf,3,978,0.39387837293596456,112.2307692307692,44.76923076923076,112.2307692307692,44.76923076923076,0
per_huruf,3,979,0.39428111155859846,112.3076923076923,44.69230769230769,112.3076923076923,44.69230769230769,0
per_huruf,3,980,0.3946838501812324,112.3846153846154,44.61538461538462,112.3846153846154,44.61538461538462,0
per_huruf,3,981,0.3950865888038663,112.46153846153848,44.53846153846154,112.46153846153848,44.53846153846154,0
per_huruf,3,982,0.3954893274265002,112.53846153846155,44.46153846153846,112.53846153846155,44.46153846153846,0
per_huruf,3,983,0.39589206604913413,112.61538461538461,44.38461538461539,112.61538461538461,44.38461538461539,0
per_huruf,3,984,0.39629480467176803,112.69230769230768,44.30769230769231,112.69230769230768,44.30769230769231,0
per_huruf,3,985,0.39669754329440193,112.76923076923075,44.230769230769226,112.76923076923075,44.230769230769226,0
per_huruf,3,986,0.39710028191703584,112.84615384615384,44.15384615384615,112.84615384615384,44.15384615384615,0
per_huruf,3,987,0.3975030205396698,112.92307692307693,44.07692307692307,112.92307692307693,44.07692307692307,0
per_huruf,3,988,0.3979057591623037,113.0,44.0,113.0,44.0,0
per_huruf,3,989,0.3983084977849376,113.07965407373693,43.92307692307693,113.07965407373693,43.92307692307693,0
per_huruf,3,990,0.3987112364075715,113.16385980883022,43.84615384615385,113.16385980883022,43.84615384615385,0
per_huruf,3,991,0.3991139750302054,113.25125170687299,43.76923076923076,113.25125170687299,43.76923076923076,0
per_huruf,3,992,0.3995167136528393,113.34046426945834,43.692307692307686,113.34046426945834,43.692307692307686,0
per_huruf,3,993,0.3999194522754732,113.43013199817935,43.61538461538462,113.43013199817935,43.61538461538462,0
per_huruf,3,994,0.40032219089810717,113.51888939462906,43.53846153846153,113.51888939462906,43.53846153846153,0
per_huruf,3,995,0.40072492952074107,113.60537096040055,43.46153846153846,113.60537096040055,43.46153846153846,0
per_huruf,3,996,0.40112766814337497,113.68821119708693,43.38461538461539,113.68821119708693,43.38461538461539,0
per_huruf,3,997,0.4015304067660089,113.76604460628128,43.30769230769231,113.76604460628128,43.30769230769231,0
per_huruf,3,998,0.4019331453886428,113.83750568957669,43.230769230769226,113.83750568957669,43.230769230769226,0
per_huruf,3,999,0.4023358840112767,113.90122894856623,43.15384615384616,113.90122894856623,43.15384615384616,0
per_huruf,3,1000,0.4027386226339106,113.95584888484296,43.07692307692307,113.95584888484296,43.07692307692307,0
per_huruf,3,1001,0.40314136125654454,114.0,43.0,114.0,43.0,0
per_huruf,3,1002,0.40354409987917844,114.03004096495222,42.92307692307693,114.03004096495222,42.92307692307693,0
per_huruf,3,1003,0.40394683850181234,114.04506144742831,42.84615384615384,114.04506144742831,42.84615384615384,0
per_huruf,3,1004,0.40434957712444625,114.04779244424215,42.76923076923076,114.04779244424215,42.76923076923076,0
per_huruf,3,1005,0.40475231574708015,114.04096495220755,42.692307692307686,114.04096495220755,42.692307692307686,0
per_huruf,3,1006,0.40515505436971405,114.02730996813838,42.61538461538462,114.02730996813838,42.61538461538462,0
per_huruf,3,1007,0.405557792992348,114.00955848884844,42.53846153846154,114.00955848884844,42.53846153846154,0
per_huruf,3,1008,0.4059605316149819,113.99044151115156,42.46153846153847,113.99044151115156,42.46153846153847,0
per_huruf,3,1009,0.4063632702376158,113.97269003186163,42.38461538461539,113.97269003186163,42.38461538461539,0
per_huruf,3,1010,0.4067660088602497,113.95903504779244,42.30769230769231,113.95903504779244,42.30769230769231,0
per_huruf,3,1011,0.4071687474828836,113.95220755575784,42.230769230769226,113.95220755575784,42.230769230769226,0
per_huruf,3,1012,0.4075714861055175,113.95493855257169,42.15384615384616,113.95493855257169,42.15384615384616,0
per_huruf,3,1013,0.4079742247281514,113.9699590350478,42.07692307692307,113.9699590350478,42.07692307692307,0
per_huruf,3,1014,0.4083769633507854,114.0,42.0,114.0,42.0,0
per_huruf,3,1015,0.4087797019734193,114.04415111515705,41.92307692307693,114.04415111515705,41.92307692307693,0
per_huruf,3,1016,0.4091824405960532,114.09877105143377,41.84615384615385,114.09877105143377,41.84615384615385,0
per_huruf,3,1017,0.4095851792186871,114.1624943104233,41.76923076923076,114.1624943104233,41.76923076923076,0
per_huruf,3,1018,0.409987917841321,114.23395539371869,41.69230769230769,114.23395539371869,41.69230769230769,0
per_huruf,3,1019,0.4103906564639549,114.31178880291307,41.61538461538462,114.31178880291307,41.61538461538462,0
per_huruf,3,1020,0.4107933950865888,114.39462903959947,41.53846153846154,114.39462903959947,41.53846153846154,0
per_huruf,3,1021,0.41119613370922276,114.48111060537096,41.46153846153846,114.48111060537096,41.46153846153846,0
per_huruf,3,1022,0.41159887233185666,114.56986800182068,41.38461538461539,114.56986800182068,41.38461538461539,0
per_huruf,3,1023,0.41200161095449056,114.65953573054165,41.30769230769231,114.65953573054165,41.30769230769231,0
per_huruf,3,1024,0.41240434957712446,114.74874829312698,41.230769230769226,114.74874829312698,41.230769230769226,0
per_huruf,3,1025,0.41280708819975837,114.83614019116978,41.15384615384616,114.83614019116978,41.15384615384616,0
per_huruf,3,1026,0.41320982682239227,114.92034592626308,41.07692307692307,114.92034592626308,41.07692307692307,0
per_huruf,3,1027,0.41361256544502617,115.0,41.0,115.0,41.0,0
per_huruf,3,1028,0.41401530406766013,115.07965407373695,40.92307692307693,115.07965407373695,40.92307692307693,0
per_huruf,3,1029,0.41441804269029403,115.16385980883022,40.846153846153854,115.16385980883022,40.846153846153854,0
per_huruf,3,1030,0.41482078131292793,115.251251706873,40.76923076923076,115.251251706873,40.76923076923076,0
per_huruf,3,1031,0.41522351993556184,115.34046426945834,40.69230769230769,115.34046426945834,40.69230769230769,0
per_huruf,3,1032,0.41562625855819574,115.43013199817935,40.61538461538462,115.43013199817935,40.61538461538462,0
per_huruf,3,1033,0.41602899718082964,115.51888939462906,40.53846153846154,115.51888939462906,40.53846153846154,0
per_huruf,3,1034,0.41643173580346354,115.60537096040053,40.46153846153845,115.60537096040053,40.46153846153845,0
per_huruf,3,1035,0.4168344744260975,115.68821119708693,40.38461538461539,115.68821119708693,40.38461538461539,0
per_huruf,3,1036,0.4172372130487314,115.76604460628128,40.30769230769231,115.76604460628128,40.30769230769231,0
per_huruf,3,1037,0.4176399516713653,115.83750568957669,40.230769230769226,115.83750568957669,40.230769230769226,0
per_huruf,3,1038,0.4180426902939992,115.90122894856623,40.15384615384615,115.90122894856623,40.15384615384615,0
per_huruf,3,1039,0.4184454289166331,115.95584888484296,40.07692307692308,115.95584888484296,40.07692307692308,0
per_huruf,3,1040,0.418848167539267,116.0,40.0,116.0,40.0,0
per_huruf,3,1041,0.4192509061619009,116.03004096495224,39.923076923076934,116.03004096495224,39.923076923076934,0
per_huruf,3,1042,0.4196536447845349,116.04506144742832,39.84615384615384,116.04506144742832,39.84615384615384,0
per_huruf,3,1043,0.4200563834071688,116.04779244424213,39.76923076923077,116.04779244424213,39.76923076923077,0
per_huruf,3,1044,0.4204591220298027,116.04096495220755,39.692307692307686,116.04096495220755,39.692307692307686,0
per_huruf,3,1045,0.4208618606524366,116.0273099681384,39.61538461538462,116.0273099681384,39.61538461538462,0
per_huruf,3,1046,0.4212645992750705,116.00955848884844,39.53846153846154,116.00955848884844,39.53846153846154,0
per_huruf,3,1047,0.4216673378977044,115.99044151115157,39.46153846153846,115.99044151115157,39.46153846153846,0
per_huruf,3,1048,0.42207007652033834,115.97269003186165,39.38461538461539,115.97269003186165,39.38461538461539,0
per_huruf,3,1049,0.42247281514297225,115.95903504779244,39.30769230769231,115.95903504779244,39.30769230769231,0
per_huruf,3,1050,0.42287555376560615,115.95220755575784,39.230769230769226,115.95220755575784,39.230769230769226,0
per_huruf,3,1051,0.42327829238824005,115.95493855257169,39.15384615384615,115.95493855257169,39.15384615384615,0
per_huruf,3,1052,0.42368103101087395,115.9699590350478,39.07692307692308,115.9699590350478,39.07692307692308,0
per_huruf,3,1053,0.42408376963350786,116.0,39.0,116.0,39.0,0
per_huruf,3,1054,0.42448650825614176,116.04415111515705,38.923076923076934,116.04415111515705,38.923076923076934,0
per_huruf,3,1055,0.4248892468787757,116.09877105143379,38.846153846153854,116.09877105143379,38.846153846153854,0
per_huruf,3,1056,0.4252919855014096,116.16249431042328,38.76923076923076,116.16249431042328,38.76923076923076,0
per_huruf,3,1057,0.4256947241240435,116.2339553937187,38.692307692307686,116.2339553937187,38.692307692307686,0
per_huruf,3,1058,0.4260974627466774,116.31178880291309,38.61538461538462,116.31178880291309,38.61538461538462,0
per_huruf,3,1059,0.4265002013693113,116.39462903959947,38.53846153846154,116.39462903959947,38.53846153846154,0
per_huruf,3,1060,0.42690293999194523,116.48111060537097,38.46153846153846,116.48111060537097,38.46153846153846,0
per_huruf,3,1061,0.42730567861457913,116.56986800182068,38.38461538461539,116.56986800182068,38.38461538461539,0
per_huruf,3,1062,0.4277084172372131,116.65953573054165,38.30769230769231,116.65953573054165,38.30769230769231,0
per_huruf,3,1063,0.428111155859847,116.74874829312698,38.230769230769226,116.74874829312698,38.230769230769226,0
per_huruf,3,1064,0.4285138944824809,116.83614019116978,38.15384615384615,116.83614019116978,38.15384615384615,0
per_huruf,3,1065,0.4289166331051148,116.92034592626308,38.07692307692308,116.92034592626308,38.07692307692308,0
per_huruf,3,1066,0.4293193717277487,117.0,38.0,117.0,38.0,0
per_huruf,3,1067,0.4297221103503826,117.0769230769231,37.92307692307693,117.0769230769231,37.92307692307693,0
per_huruf,3,1068,0.4301248489730165,117.15384615384616,37.84615384615385,117.15384615384616,37.84615384615385,0
per_huruf,3,1069,0.43052758759565046,117.23076923076921,37.76923076923077,117.23076923076921,37.76923076923077,0
per_huruf,3,1070,0.43093032621828437,117.3076923076923,37.69230769230769,117.3076923076923,37.69230769230769,0
per_huruf,3,1071,0.43133306484091827,117.3846153846154,37.61538461538461,117.3846153846154,37.61538461538461,0
per_huruf,3,1072,0.43173580346355217,117.46153846153848,37.53846153846154,117.46153846153848,37.53846153846154,0
per_huruf,3,1073,0.4321385420861861,117.53846153846155,37.46153846153847,117.53846153846155,37.46153846153847,0
per_huruf,3,1074,0.43254128070882,117.61538461538461,37.38461538461539,117.61538461538461,37.38461538461539,0
per_huruf,3,1075,0.4329440193314539,117.69230769230768,37.30769230769231,117.69230769230768,37.30769230769231,0
per_huruf,3,1076,0.43334675795408784,117.76923076923076,37.230769230769226,117.76923076923076,37.230769230769226,0
per_huruf,3,1077,0.43374949657672174,117.84615384615384,37.15384615384615,117.84615384615384,37.15384615384615,0
per_huruf,3,1078,0.43415223519935564,117.92307692307692,37.07692307692308,117.92307692307692,37.07692307692308,0
per_huruf,3,1079,0.43455497382198954,118.0,37.0,118.0,37.0,0
per_huruf,3,1080,0.43495771244462345,118.07965407373692,36.92307692307693,118.07965407373692,36.92307692307693,0
per_huruf,3,1081,0.43536045106725735,118.16385980883022,36.84615384615385,118.16385980883022,36.84615384615385,0
per_huruf,3,1082,0.43576318968989125,118.25125170687299,36.76923076923076,118.25125170687299,36.76923076923076,0
per_huruf,3,1083,0.4361659283125252,118.34046426945834,36.69230769230769,118.34046426945834,36.69230769230769,0
per_huruf,3,1084,0.4365686669351591,118.43013199817933,36.61538461538461,118.43013199817933,36.61538461538461,0
per_huruf,3,1085,0.436971405557793,118.51888939462904,36.53846153846154,118.51888939462904,36.53846153846154,0
per_huruf,3,1086,0.4373741441804269,118.60537096040053,36.46153846153846,118.60537096040053,36.46153846153846,0
per_huruf,3,1087,0.4377768828030608,118.68821119708693,36.38461538461539,118.68821119708693,36.38461538461539,0
per_huruf,3,1088,0.4381796214256947,118.7660446062813,36.30769230769231,118.7660446062813,36.30769230769231,0
per_huruf,3,1089,0.4385823600483287,118.83750568957669,36.230769230769226,118.83750568957669,36.230769230769226,0
per_huruf,3,1090,0.4389850986709626,118.90122894856623,36.15384615384616,118.90122894856623,36.15384615384616,0
per_huruf,3,1091,0.4393878372935965,118.95584888484296,36.07692307692308,118.95584888484296,36.07692307692308,0
per_huruf,3,1092,0.4397905759162304,119.0,36.0,119.0,36.0,0
per_huruf,3,1093,0.4401933145388643,119.03004096495222,35.92307692307693,119.03004096495222,35.92307692307693,0
per_huruf,3,1094,0.4405960531614982,119.04506144742831,35.84615384615384,119.04506144742831,35.84615384615384,0
per_huruf,3,1095,0.4409987917841321,119.04779244424213,35.76923076923076,119.04779244424213,35.76923076923076,0
per_huruf,3,1096,0.44140153040676605,119.04096495220755,35.692307692307686,119.04096495220755,35.692307692307686,0
per_huruf,3,1097,0.44180426902939995,119.02730996813837,35.61538461538461,119.02730996813837,35.61538461538461,0
per_huruf,3,1098,0.44220700765203386,119.00955848884843,35.53846153846155,119.00955848884843,35.53846153846155,0
per_huruf,3,1099,0.44260974627466776,118.99044151115157,35.46153846153847,118.99044151115157,35.46153846153847,0
per_huruf,3,1100,0.44301248489730166,118.97269003186162,35.38461538461539,118.97269003186162,35.38461538461539,0
per_huruf,3,1101,0.44341522351993556,118.95903504779244,35.30769230769231,118.95903504779244,35.30769230769231,0
per_huruf,3,1102,0.44381796214256947,118.95220755575784,35.230769230769226,118.95220755575784,35.230769230769226,0
per_huruf,3,1103,0.4442207007652034,118.95493855257169,35.15384615384616,118.95493855257169,35.15384615384616,0
per_huruf,3,1104,0.4446234393878373,118.9699590350478,35.07692307692307,118.9699590350478,35.07692307692307,0
per_huruf,3,1105,0.44502617801047123,119.0,35.0,119.0,35.0,0
per_huruf,3,1106,0.44542891663310513,119.04415111515705,34.92307692307693,119.04415111515705,34.92307692307693,0
per_huruf,3,1107,0.44583165525573903,119.09877105143377,34.84615384615385,119.09877105143377,34.84615384615385,0
per_huruf,3,1108,0.44623439387837294,119.1624943104233,34.76923076923076,119.1624943104233,34.76923076923076,0
per_huruf,3,1109,0.44663713250100684,119.2339553937187,34.69230769230769,119.2339553937187,34.69230769230769,0
per_huruf,3,1110,0.4470398711236408,119.31178880291306,34.61538461538461,119.31178880291306,34.61538461538461,0
per_huruf,3,1111,0.4474426097462747,119.39462903959947,34.53846153846154,119.39462903959947,34.53846153846154,0
per_huruf,3,1112,0.4478453483689086,119.48111060537097,34.46153846153846,119.48111060537097,34.46153846153846,0
per_huruf,3,1113,0.4482480869915425,119.56986800182068,34.38461538461539,119.56986800182068,34.38461538461539,0
per_huruf,3,1114,0.4486508256141764,119.65953573054165,34.30769230769231,119.65953573054165,34.30769230769231,0
per_huruf,3,1115,0.4490535642368103,119.74874829312698,34.230769230769226,119.74874829312698,34.230769230769226,0
per_huruf,3,1116,0.4494563028594442,119.83614019116978,34.15384615384616,119.83614019116978,34.15384615384616,0
per_huruf,3,1117,0.44985904148207817,119.92034592626308,34.07692307692307,119.92034592626308,34.07692307692307,0
per_huruf,3,1118,0.4502617801047121,120.0,34.0,120.0,34.0,0
per_huruf,3,1119,0.450664518727346,120.07692307692308,33.92307692307693,120.07692307692308,33.92307692307693,0
per_huruf,3,1120,0.4510672573499799,120.15384615384616,33.846153846153854,120.15384615384616,33.846153846153854,0
per_huruf,3,1121,0.4514699959726138,120.23076923076921,33.76923076923077,120.23076923076921,33.76923076923077,0
per_huruf,3,1122,0.4518727345952477,120.3076923076923,33.69230769230769,120.3076923076923,33.69230769230769,0
per_huruf,3,1123,0.45227547321788164,120.38461538461539,33.61538461538461,120.38461538461539,33.61538461538461,0
per_huruf,3,1124,0.45267821184051554,120.46153846153847,33.53846153846154,120.46153846153847,33.53846153846154,0
per_huruf,3,1125,0.45308095046314945,120.53846153846153,33.46153846153846,120.53846153846153,33.46153846153846,0
per_huruf,3,1126,0.45348368908578335,120.61538461538463,33.38461538461539,120.61538461538463,33.38461538461539,0
per_huruf,3,1127,0.45388642770841725,120.6923076923077,33.30769230769231,120.6923076923077,33.30769230769231,0
per_huruf,3,1128,0.45428916633105115,120.76923076923075,33.230769230769226,120.76923076923075,33.230769230769226,0
per_huruf,3,1129,0.45469190495368506,120.84615384615384,33.15384615384615,120.84615384615384,33.15384615384615,0
per_huruf,3,1130,0.455094643576319,120.92307692307693,33.07692307692308,120.92307692307693,33.07692307692308,0
per_huruf,3,1131,0.4554973821989529,121.0,33.0,121.0,33.0,0
per_huruf,3,1132,0.4559001208215868,121.07692307692311,32.92307692307693,121.07692307692311,32.92307692307693,0
per_huruf,3,1133,0.4563028594442207,121.15384615384616,32.84615384615385,121.15384615384616,32.84615384615385,0
per_huruf,3,1134,0.4567055980668546,121.23076923076921,32.76923076923076,121.23076923076921,32.76923076923076,0
per_huruf,3,1135,0.4571083366894885,121.3076923076923,32.69230769230769,121.3076923076923,32.69230769230769,0
per_huruf,3,1136,0.45751107531212243,121.3846153846154,32.61538461538461,121.3846153846154,32.61538461538461,0
per_huruf,3,1137,0.4579138139347564,121.46153846153847,32.53846153846154,121.46153846153847,32.53846153846154,0
per_huruf,3,1138,0.4583165525573903,121.53846153846155,32.46153846153846,121.53846153846155,32.46153846153846,0
per_huruf,3,1139,0.4587192911800242,121.61538461538463,32.38461538461539,121.61538461538463,32.38461538461539,0
per_huruf,3,1140,0.4591220298026581,121.6923076923077,32.30769230769231,121.6923076923077,32.30769230769231,0
per_huruf,3,1141,0.459524768425292,121.76923076923076,32.230769230769226,121.76923076923076,32.230769230769226,0
per_huruf,3,1142,0.4599275070479259,121.84615384615384,32.15384615384616,121.84615384615384,32.15384615384616,0
per_huruf,3,1143,0.4603302456705598,121.92307692307692,32.07692307692308,121.92307692307692,32.07692307692308,0
per_huruf,3,1144,0.46073298429319376,122.0,32.0,122.0,32.0,0
per_huruf,3,1145,0.46113572291582766,122.0769230769231,31.923076923076927,122.0769230769231,31.923076923076927,0
per_huruf,3,1146,0.46153846153846156,122.15384615384615,31.846153846153847,122.15384615384615,31.846153846153847,0
per_huruf,3,1147,0.46194120016109547,122.2307692307692,31.769230769230766,122.2307692307692,31.769230769230766,0
per_huruf,3,1148,0.46234393878372937,122.30769230769229,31.69230769230769,122.30769230769229,31.69230769230769,0
per_huruf,3,1149,0.46274667740636327,122.38461538461539,31.61538461538462,122.38461538461539,31.61538461538462,0
per_huruf,3,1150,0.4631494160289972,122.46153846153847,31.53846153846154,122.46153846153847,31.53846153846154,0
per_huruf,3,1151,0.46355215465163113,122.53846153846153,31.46153846153846,122.53846153846153,31.46153846153846,0
per_huruf,3,1152,0.46395489327426503,122.61538461538463,31.384615384615383,122.61538461538463,31.384615384615383,0
per_huruf,3,1153,0.46435763189689894,122.69230769230768,31.307692307692307,122.69230769230768,31.307692307692307,0
per_huruf,3,1154,0.46476037051953284,122.76923076923077,31.230769230769226,122.76923076923077,31.230769230769226,0
per_huruf,3,1155,0.46516310914216674,122.84615384615385,31.153846153846153,122.84615384615385,31.153846153846153,0
per_huruf,3,1156,0.46556584776480064,122.92307692307693,31.076923076923073,122.92307692307693,31.076923076923073,0
per_huruf,3,1157,0.46596858638743455,123.0,31.0,123.0,31.0,0
per_huruf,3,1158,0.4663713250100685,123.07965407373693,30.923076923076927,123.07965407373693,30.923076923076927,0
per_huruf,3,1159,0.4667740636327024,123.16385980883022,30.846153846153847,123.16385980883022,30.846153846153847,0
per_huruf,3,1160,0.4671768022553363,123.25125170687299,30.769230769230763,123.25125170687299,30.769230769230763,0
per_huruf,3,1161,0.4675795408779702,123.34046426945834,30.69230769230769,123.34046426945834,30.69230769230769,0
per_huruf,3,1162,0.4679822795006041,123.43013199817935,30.61538461538462,123.43013199817935,30.61538461538462,0
per_huruf,3,1163,0.468385018123238,123.51888939462904,30.53846153846154,123.51888939462904,30.53846153846154,0
per_huruf,3,1164,0.468787756745872,123.60537096040053,30.461538461538463,123.60537096040053,30.461538461538463,0
per_huruf,3,1165,0.4691904953685059,123.68821119708694,30.384615384615387,123.68821119708694,30.384615384615387,0
per_huruf,3,1166,0.4695932339911398,123.7660446062813,30.30769230769231,123.7660446062813,30.30769230769231,0
per_huruf,3,1167,0.4699959726137737,123.83750568957669,30.230769230769226,123.83750568957669,30.230769230769226,0
per_huruf,3,1168,0.4703987112364076,123.90122894856623,30.153846153846153,123.90122894856623,30.153846153846153,0
per_huruf,3,1169,0.4708014498590415,123.95584888484296,30.076923076923073,123.95584888484296,30.076923076923073,0
per_huruf,3,1170,0.4712041884816754,124.0,30.0,124.0,30.0,0
per_huruf,3,1171,0.47160692710430935,124.03004096495222,29.923076923076927,124.03004096495222,29.923076923076927,0
per_huruf,3,1172,0.47200966572694325,124.0450614474283,29.84615384615385,124.0450614474283,29.84615384615385,0
per_huruf,3,1173,0.47241240434957715,124.04779244424213,29.76923076923077,124.04779244424213,29.76923076923077,0
per_huruf,3,1174,0.47281514297221106,124.04096495220755,29.69230769230769,124.04096495220755,29.69230769230769,0
per_huruf,3,1175,0.47321788159484496,124.02730996813838,29.61538461538462,124.02730996813838,29.61538461538462,0
per_huruf,3,1176,0.47362062021747886,124.00955848884843,29.53846153846154,124.00955848884843,29.53846153846154,0
per_huruf,3,1177,0.47402335884011276,123.99044151115157,29.461538461538467,123.99044151115157,29.461538461538467,0
per_huruf,3,1178,0.4744260974627467,123.97269003186163,29.384615384615387,123.97269003186163,29.384615384615387,0
per_huruf,3,1179,0.4748288360853806,123.95903504779244,29.307692307692307,123.95903504779244,29.307692307692307,0
per_huruf,3,1180,0.4752315747080145,123.95220755575784,29.230769230769226,123.95220755575784,29.230769230769226,0
per_huruf,3,1181,0.47563431333064843,123.95493855257169,29.153846153846153,123.95493855257169,29.153846153846153,0
per_huruf,3,1182,0.47603705195328233,123.9699590350478,29.076923076923073,123.9699590350478,29.076923076923073,0
per_huruf,3,1183,0.47643979057591623,124.0,29.0,124.0,29.0,0
per_huruf,3,1184,0.47684252919855014,124.04415111515704,28.923076923076927,124.04415111515704,28.923076923076927,0
per_huruf,3,1185,0.4772452678211841,124.09877105143376,28.84615384615385,124.09877105143376,28.84615384615385,0
per_huruf,3,1186,0.477648006443818,124.16249431042328,28.769230769230766,124.16249431042328,28.769230769230766,0
per_huruf,3,1187,0.4780507450664519,124.2339553937187,28.692307692307686,124.2339553937187,28.692307692307686,0
per_huruf,3,1188,0.4784534836890858,124.31178880291309,28.61538461538462,124.31178880291309,28.61538461538462,0
per_huruf,3,1189,0.4788562223117197,124.39462903959947,28.53846153846154,124.39462903959947,28.53846153846154,0
per_huruf,3,1190,0.4792589609343536,124.48111060537096,28.46153846153846,124.48111060537096,28.46153846153846,0
per_huruf,3,1191,0.4796616995569875,124.56986800182067,28.384615384615387,124.56986800182067,28.384615384615387,0
per_huruf,3,1192,0.48006443817962147,124.65953573054165,28.307692307692307,124.65953573054165,28.307692307692307,0
per_huruf,3,1193,0.48046717680225537,124.74874829312697,28.230769230769226,124.74874829312697,28.230769230769226,0
per_huruf,3,1194,0.48086991542488927,124.83614019116978,28.153846153846153,124.83614019116978,28.153846153846153,0
per_huruf,3,1195,0.4812726540475232,124.92034592626308,28.076923076923077,124.92034592626308,28.076923076923077,0
per_huruf,3,1196,0.4816753926701571,125.0,28.0,125.0,28.0,0
per_huruf,3,1197,0.482078131292791,125.0769230769231,27.923076923076923,125.0769230769231,27.923076923076923,0
per_huruf,3,1198,0.4824808699154249,125.15384615384615,27.84615384615385,125.15384615384615,27.84615384615385,0
per_huruf,3,1199,0.48288360853805884,125.23076923076921,27.769230769230766,125.23076923076921,27.769230769230766,0
per_huruf,3,1200,0.48328634716069274,125.30769230769229,27.69230769230769,125.30769230769229,27.69230769230769,0
per_huruf,3,1201,0.48368908578332664,125.38461538461542,27.61538461538462,125.38461538461542,27.61538461538462,0
per_huruf,3,1202,0.48409182440596055,125.46153846153847,27.53846153846154,125.46153846153847,27.53846153846154,0
per_huruf,3,1203,0.48449456302859445,125.53846153846155,27.461538461538463,125.53846153846155,27.461538461538463,0
per_huruf,3,1204,0.48489730165122835,125.61538461538463,27.384615384615387,125.61538461538463,27.384615384615387,0
per_huruf,3,1205,0.4853000402738623,125.69230769230768,27.307692307692307,125.69230769230768,27.307692307692307,0
per_huruf,3,1206,0.4857027788964962,125.76923076923076,27.230769230769226,125.76923076923076,27.230769230769226,0
per_huruf,3,1207,0.4861055175191301,125.84615384615385,27.153846153846153,125.84615384615385,27.153846153846153,0
per_huruf,3,1208,0.486508256141764,125.92307692307692,27.076923076923077,125.92307692307692,27.076923076923077,0
per_huruf,3,1209,0.4869109947643979,126.0,27.0,126.0,27.0,0
per_huruf,3,1210,0.4873137333870318,126.07692307692308,26.923076923076927,126.07692307692308,26.923076923076927,0
per_huruf,3,1211,0.4877164720096657,126.15384615384617,26.84615384615385,126.15384615384617,26.84615384615385,0
per_huruf,3,1212,0.4881192106322997,126.23076923076921,26.769230769230766,126.23076923076921,26.769230769230766,0
per_huruf,3,1213,0.4885219492549336,126.30769230769229,26.69230769230769,126.30769230769229,26.69230769230769,0
per_huruf,3,1214,0.4889246878775675,126.3846153846154,26.615384615384617,126.3846153846154,26.615384615384617,0
per_huruf,3,1215,0.4893274265002014,126.46153846153847,26.53846153846154,126.46153846153847,26.53846153846154,0
per_huruf,3,1216,0.4897301651228353,126.53846153846155,26.46153846153846,126.53846153846155,26.46153846153846,0
per_huruf,3,1217,0.4901329037454692,126.61538461538463,26.384615384615387,126.61538461538463,26.384615384615387,0
per_huruf,3,1218,0.4905356423681031,126.6923076923077,26.307692307692307,126.6923076923077,26.307692307692307,0
per_huruf,3,1219,0.49093838099073706,126.76923076923075,26.230769230769226,126.76923076923075,26.230769230769226,0
per_huruf,3,1220,0.49134111961337096,126.84615384615385,26.153846153846153,126.84615384615385,26.153846153846153,0
per_huruf,3,1221,0.49174385823600486,126.92307692307693,26.076923076923073,126.92307692307693,26.076923076923073,0
per_huruf,3,1222,0.49214659685863876,127.0,26.0,127.0,26.0,0
per_huruf,3,1223,0.49254933548127267,127.07965407373695,25.923076923076923,127.07965407373695,25.923076923076923,0
per_huruf,3,1224,0.49295207410390657,127.16385980883022,25.846153846153847,127.16385980883022,25.846153846153847,0
per_huruf,3,1225,0.49335481272654047,127.25125170687299,25.769230769230766,127.25125170687299,25.769230769230766,0
per_huruf,3,1226,0.49375755134917443,127.34046426945834,25.69230769230769,127.34046426945834,25.69230769230769,0
per_huruf,3,1227,0.49416028997180833,127.43013199817935,25.615384615384617,127.43013199817935,25.615384615384617,0
per_huruf,3,1228,0.49456302859444223,127.51888939462904,25.53846153846154,127.51888939462904,25.53846153846154,0
per_huruf,3,1229,0.49496576721707614,127.60537096040055,25.461538461538463,127.60537096040055,25.461538461538463,0
per_huruf,3,1230,0.49536850583971004,127.68821119708694,25.384615384615383,127.68821119708694,25.384615384615383,0
per_huruf,3,1231,0.49577124446234394,127.76604460628128,25.307692307692307,127.76604460628128,25.307692307692307,0
per_huruf,3,1232,0.49617398308497784,127.83750568957669,25.230769230769226,127.83750568957669,25.230769230769226,0
per_huruf,3,1233,0.4965767217076118,127.90122894856623,25.153846153846153,127.90122894856623,25.153846153846153,0
per_huruf,3,1234,0.4969794603302457,127.95584888484296,25.076923076923073,127.95584888484296,25.076923076923073,0
per_huruf,3,1235,0.4973821989528796,128.0,25.0,128.0,25.0,0
per_huruf,3,1236,0.4977849375755135,128.03004096495224,24.923076923076927,128.03004096495224,24.923076923076927,0
per_huruf,3,1237,0.4981876761981474,128.0450614474283,24.846153846153847,128.0450614474283,24.846153846153847,0
per_huruf,3,1238,0.4985904148207813,128.0477924442421,24.769230769230766,128.0477924442421,24.769230769230766,0
per_huruf,3,1239,0.4989931534434152,128.04096495220756,24.69230769230769,128.04096495220756,24.69230769230769,0
per_huruf,3,1240,0.4993958920660492,128.02730996813838,24.615384615384617,128.02730996813838,24.615384615384617,0
per_huruf,3,1241,0.4997986306886831,128.00955848884843,24.53846153846154,128.00955848884843,24.53846153846154,0
per_huruf,3,1242,0.500201369311317,127.99044151115156,24.46153846153846,127.99044151115156,24.46153846153846,0
per_huruf,3,1243,0.5006041079339509,127.97269003186163,24.384615384615387,127.97269003186163,24.384615384615387,0
per_huruf,3,1244,0.5010068465565848,127.95903504779244,24.307692307692307,127.95903504779244,24.307692307692307,0
per_huruf,3,1245,0.5014095851792187,127.95220755575784,24.230769230769226,127.95220755575784,24.230769230769226,0
per_huruf,3,1246,0.5018123238018526,127.95493855257169,24.153846153846153,127.95493855257169,24.153846153846153,0
per_huruf,3,1247,0.5022150624244865,127.9699590350478,24.076923076923073,127.9699590350478,24.076923076923073,0
per_huruf,3,1248,0.5026178010471204,128.0,24.0,128.0,24.0,0
per_huruf,3,1249,0.5030205396697544,128.04415111515704,23.923076923076923,128.04415111515704,23.923076923076923,0
per_huruf,3,1250,0.5034232782923883,128.09877105143377,23.84615384615385,128.09877105143377,23.84615384615385,0
per_huruf,3,1251,0.5038260169150222,128.16249431042328,23.76923076923077,128.16249431042328,23.76923076923077,0
per_huruf,3,1252,0.5042287555376561,128.23395539371867,23.692307692307693,128.23395539371867,23.692307692307693,0
per_huruf,3,1253,0.50463149416029,128.31178880291307,23.61538461538462,128.31178880291307,23.61538461538462,0
per_huruf,3,1254,0.5050342327829239,128.39462903959944,23.53846153846154,128.39462903959944,23.53846153846154,0
per_huruf,3,1255,0.5054369714055578,128.48111060537096,23.46153846153846,128.48111060537096,23.46153846153846,0
per_huruf,3,1256,0.5058397100281917,128.56986800182068,23.384615384615387,128.56986800182068,23.384615384615387,0
per_huruf,3,1257,0.5062424486508257,128.65953573054162,23.307692307692307,128.65953573054162,23.307692307692307,0
per_huruf,3,1258,0.5066451872734595,128.74874829312697,23.230769230769226,128.74874829312697,23.230769230769226,0
per_huruf,3,1259,0.5070479258960935,128.83614019116976,23.153846153846153,128.83614019116976,23.153846153846153,0
per_huruf,3,1260,0.5074506645187273,128.92034592626308,23.076923076923073,128.92034592626308,23.076923076923073,0
per_huruf,3,1261,0.5078534031413613,129.0,23.0,129.0,23.0,0
per_huruf,3,1262,0.5082561417639951,129.0769230769231,22.923076923076923,129.0769230769231,22.923076923076923,0
per_huruf,3,1263,0.5086588803866291,129.15384615384616,22.846153846153847,129.15384615384616,22.846153846153847,0
per_huruf,3,1264,0.5090616190092631,129.23076923076923,22.769230769230766,129.23076923076923,22.769230769230766,0
per_huruf,3,1265,0.5094643576318969,129.3076923076923,22.69230769230769,129.3076923076923,22.69230769230769,0
per_huruf,3,1266,0.5098670962545309,129.38461538461542,22.615384615384617,129.38461538461542,22.615384615384617,0
per_huruf,3,1267,0.5102698348771647,129.46153846153848,22.538461538461537,129.46153846153848,22.538461538461537,0
per_huruf,3,1268,0.5106725734997987,129.53846153846155,22.461538461538463,129.53846153846155,22.461538461538463,0
per_huruf,3,1269,0.5110753121224325,129.6153846153846,22.384615384615383,129.6153846153846,22.384615384615383,0
per_huruf,3,1270,0.5114780507450665,129.69230769230768,22.307692307692307,129.69230769230768,22.307692307692307,0
per_huruf,3,1271,0.5118807893677004,129.76923076923077,22.230769230769226,129.76923076923077,22.230769230769226,0
per_huruf,3,1272,0.5122835279903343,129.84615384615387,22.153846153846153,129.84615384615387,22.153846153846153,0
per_huruf,3,1273,0.5126862666129682,129.9230769230769,22.076923076923073,129.9230769230769,22.076923076923073,0
per_huruf,3,1274,0.5130890052356021,130.0,22.0,130.0,22.0,0
per_huruf,3,1275,0.513491743858236,130.0769230769231,21.923076923076923,130.0769230769231,21.923076923076923,0
per_huruf,3,1276,0.5138944824808699,130.15384615384616,21.846153846153847,130.15384615384616,21.846153846153847,0
per_huruf,3,1277,0.5142972211035038,130.23076923076923,21.769230769230766,130.23076923076923,21.769230769230766,0
per_huruf,3,1278,0.5146999597261378,130.3076923076923,21.692307692307693,130.3076923076923,21.692307692307693,0
per_huruf,3,1279,0.5151026983487716,130.3846153846154,21.615384615384617,130.3846153846154,21.615384615384617,0
per_huruf,3,1280,0.5155054369714056,130.46153846153845,21.53846153846154,130.46153846153845,21.53846153846154,0
per_huruf,3,1281,0.5159081755940395,130.53846153846155,21.46153846153846,130.53846153846155,21.46153846153846,0
per_huruf,3,1282,0.5163109142166734,130.6153846153846,21.384615384615383,130.6153846153846,21.384615384615383,0
per_huruf,3,1283,0.5167136528393073,130.69230769230768,21.307692307692307,130.69230769230768,21.307692307692307,0
per_huruf,3,1284,0.5171163914619412,130.76923076923075,21.230769230769226,130.76923076923075,21.230769230769226,0
per_huruf,3,1285,0.5175191300845752,130.84615384615384,21.153846153846153,130.84615384615384,21.153846153846153,0
per_huruf,3,1286,0.517921868707209,130.9230769230769,21.076923076923073,130.9230769230769,21.076923076923073,0
per_huruf,3,1287,0.518324607329843,131.0,21.0,131.0,21.0,0
per_huruf,3,1288,0.5187273459524768,131.07692307692307,20.923076923076923,131.07692307692307,20.923076923076923,0
per_huruf,3,1289,0.5191300845751108,131.1538461538462,20.84615384615385,131.1538461538462,20.84615384615385,0
per_huruf,3,1290,0.5195328231977446,131.23076923076923,20.769230769230763,131.23076923076923,20.769230769230763,0
per_huruf,3,1291,0.5199355618203786,131.30769230769232,20.69230769230769,131.30769230769232,20.69230769230769,0
per_huruf,3,1292,0.5203383004430125,131.3846153846154,20.615384615384617,131.3846153846154,20.615384615384617,0
per_huruf,3,1293,0.5207410390656464,131.46153846153848,20.53846153846154,131.46153846153848,20.53846153846154,0
per_huruf,3,1294,0.5211437776882804,131.53846153846155,20.46153846153846,131.53846153846155,20.46153846153846,0
per_huruf,3,1295,0.5215465163109142,131.6153846153846,20.384615384615383,131.6153846153846,20.384615384615383,0
per_huruf,3,1296,0.5219492549335482,131.69230769230768,20.307692307692307,131.69230769230768,20.307692307692307,0
per_huruf,3,1297,0.522351993556182,131.76923076923077,20.23076923076923,131.76923076923077,20.23076923076923,0
per_huruf,3,1298,0.522754732178816,131.84615384615384,20.153846153846153,131.84615384615384,20.153846153846153,0
per_huruf,3,1299,0.5231574708014499,131.9230769230769,20.076923076923077,131.9230769230769,20.076923076923077,0
per_huruf,3,1300,0.5235602094240838,132.0,20.0,132.0,20.0,0
per_huruf,3,1301,0.5239629480467177,132.0769230769231,19.92307692307693,132.0769230769231,19.92307692307693,0
per_huruf,3,1302,0.5243656866693516,132.15384615384616,19.84615384615385,132.15384615384616,19.84615384615385,0
per_huruf,3,1303,0.5247684252919855,132.2307692307692,19.76923076923077,132.2307692307692,19.76923076923077,0
per_huruf,3,1304,0.5251711639146195,132.3076923076923,19.692307692307693,132.3076923076923,19.692307692307693,0
per_huruf,3,1305,0.5255739025372533,132.38461538461542,19.615384615384617,132.38461538461542,19.615384615384617,0
per_huruf,3,1306,0.5259766411598873,132.46153846153845,19.53846153846154,132.46153846153845,19.53846153846154,0
per_huruf,3,1307,0.5263793797825211,132.53846153846155,19.46153846153846,132.53846153846155,19.46153846153846,0
per_huruf,3,1308,0.5267821184051551,132.6153846153846,19.384615384615387,132.6153846153846,19.384615384615387,0
per_huruf,3,1309,0.527184857027789,132.69230769230768,19.307692307692307,132.69230769230768,19.307692307692307,0
per_huruf,3,1310,0.5275875956504229,132.76923076923075,19.23076923076923,132.76923076923075,19.23076923076923,0
per_huruf,3,1311,0.5279903342730569,132.84615384615387,19.153846153846153,132.84615384615387,19.153846153846153,0
per_huruf,3,1312,0.5283930728956907,132.9230769230769,19.076923076923077,132.9230769230769,19.076923076923077,0
per_huruf,3,1313,0.5287958115183247,133.0,19.0,133.0,19.0,0
per_huruf,3,1314,0.5291985501409585,133.0769230769231,18.923076923076927,133.0769230769231,18.923076923076927,0
per_huruf,3,1315,0.5296012887635925,133.15384615384616,18.846153846153847,133.15384615384616,18.846153846153847,0
per_huruf,3,1316,0.5300040273862263,133.2307692307692,18.769230769230766,133.2307692307692,18.769230769230766,0
per_huruf,3,1317,0.5304067660088603,133.3076923076923,18.692307692307693,133.3076923076923,18.692307692307693,0
per_huruf,3,1318,0.5308095046314942,133.38461538461542,18.615384615384617,133.38461538461542,18.615384615384617,0
per_huruf,3,1319,0.5312122432541281,133.46153846153848,18.53846153846154,133.46153846153848,18.53846153846154,0
per_huruf,3,1320,0.531614981876762,133.53846153846155,18.461538461538463,133.53846153846155,18.461538461538463,0
per_huruf,3,1321,0.5320177204993959,133.6153846153846,18.384615384615383,133.6153846153846,18.384615384615383,0
per_huruf,3,1322,0.5324204591220298,133.69230769230768,18.307692307692307,133.69230769230768,18.307692307692307,0
per_huruf,3,1323,0.5328231977446637,133.76923076923077,18.23076923076923,133.76923076923077,18.23076923076923,0
per_huruf,3,1324,0.5332259363672976,133.84615384615384,18.153846153846153,133.84615384615384,18.153846153846153,0
per_huruf,3,1325,0.5336286749899316,133.9230769230769,18.076923076923077,133.9230769230769,18.076923076923077,0
per_huruf,3,1326,0.5340314136125655,134.0,18.0,134.0,18.0,0
per_huruf,3,1327,0.5344341522351994,134.07692307692312,17.923076923076927,134.07692307692312,17.923076923076927,0
per_huruf,3,1328,0.5348368908578333,134.15384615384616,17.84615384615385,134.15384615384616,17.84615384615385,0
per_huruf,3,1329,0.5352396294804672,134.2307692307692,17.769230769230766,134.2307692307692,17.769230769230766,0
per_huruf,3,1330,0.5356423681031011,134.3076923076923,17.692307692307693,134.3076923076923,17.692307692307693,0
per_huruf,3,1331,0.536045106725735,134.38461538461542,17.615384615384617,134.38461538461542,17.615384615384617,0
per_huruf,3,1332,0.536447845348369,134.46153846153845,17.53846153846154,134.46153846153845,17.53846153846154,0
per_huruf,3,1333,0.5368505839710028,134.53846153846155,17.46153846153846,134.53846153846155,17.46153846153846,0
per_huruf,3,1334,0.5372533225936368,134.6153846153846,17.384615384615383,134.6153846153846,17.384615384615383,0
per_huruf,3,1335,0.5376560612162706,134.69230769230768,17.307692307692307,134.69230769230768,17.307692307692307,0
per_huruf,3,1336,0.5380587998389046,134.76923076923075,17.23076923076923,134.76923076923075,17.23076923076923,0
per_huruf,3,1337,0.5384615384615384,134.84615384615384,17.153846153846153,134.84615384615384,17.153846153846153,0
per_huruf,3,1338,0.5388642770841724,134.9230769230769,17.076923076923077,134.9230769230769,17.076923076923077,0
per_huruf,3,1339,0.5392670157068064,135.0,17.0,135.0,17.0,0
per_huruf,3,1340,0.5396697543294402,135.07692307692307,16.923076923076927,135.07692307692307,16.923076923076927,0
per_huruf,3,1341,0.5400724929520742,135.15384615384616,16.846153846153847,135.15384615384616,16.846153846153847,0
per_huruf,3,1342,0.540475231574708,135.23076923076923,16.769230769230766,135.23076923076923,16.769230769230766,0
per_huruf,3,1343,0.540877970197342,135.3076923076923,16.69230769230769,135.3076923076923,16.69230769230769,0
per_huruf,3,1344,0.5412807088199758,135.38461538461542,16.615384615384617,135.38461538461542,16.615384615384617,0
per_huruf,3,1345,0.5416834474426098,135.46153846153848,16.53846153846154,135.46153846153848,16.53846153846154,0
per_huruf,3,1346,0.5420861860652437,135.53846153846155,16.461538461538463,135.53846153846155,16.461538461538463,0
per_huruf,3,1347,0.5424889246878776,135.6153846153846,16.384615384615387,135.6153846153846,16.384615384615387,0
per_huruf,3,1348,0.5428916633105115,135.69230769230768,16.307692307692307,135.69230769230768,16.307692307692307,0
per_huruf,3,1349,0.5432944019331454,135.76923076923077,16.230769230769226,135.76923076923077,16.230769230769226,0
per_huruf,3,1350,0.5436971405557793,135.84615384615387,16.153846153846153,135.84615384615387,16.153846153846153,0
per_huruf,3,1351,0.5440998791784132,135.9230769230769,16.076923076923077,135.9230769230769,16.076923076923077,0
per_huruf,3,1352,0.5445026178010471,136.0,16.0,136.0,16.0,0
per_huruf,3,1353,0.5449053564236811,136.0769230769231,15.923076923076923,136.0769230769231,15.923076923076923,0
per_huruf,3,1354,0.545308095046315,136.15384615384616,15.846153846153845,136.15384615384616,15.846153846153845,0
per_huruf,3,1355,0.5457108336689489,136.23076923076923,15.769230769230766,136.23076923076923,15.769230769230766,0
per_huruf,3,1356,0.5461135722915827,136.30769230769232,15.69230769230769,136.30769230769232,15.69230769230769,0
per_huruf,3,1357,0.5465163109142167,136.38461538461542,15.615384615384617,136.38461538461542,15.615384615384617,0
per_huruf,3,1358,0.5469190495368506,136.46153846153848,15.53846153846154,136.46153846153848,15.53846153846154,0
per_huruf,3,1359,0.5473217881594845,136.53846153846155,15.461538461538462,136.53846153846155,15.461538461538462,0
per_huruf,3,1360,0.5477245267821185,136.6153846153846,15.384615384615385,136.6153846153846,15.384615384615385,0
per_huruf,3,1361,0.5481272654047523,136.69230769230768,15.307692307692308,136.69230769230768,15.307692307692308,0
per_huruf,3,1362,0.5485300040273863,136.76923076923075,15.23076923076923,136.76923076923075,15.23076923076923,0
per_huruf,3,1363,0.5489327426500201,136.84615384615387,15.153846153846153,136.84615384615387,15.153846153846153,0
per_huruf,3,1364,0.5493354812726541,136.9230769230769,15.076923076923077,136.9230769230769,15.076923076923077,0
per_huruf,3,1365,0.5497382198952879,137.0,15.0,137.0,15.0,0
per_huruf,3,1366,0.5501409585179219,137.0769230769231,14.923076923076923,137.0769230769231,14.923076923076923,0
per_huruf,3,1367,0.5505436971405558,137.15384615384616,14.846153846153847,137.15384615384616,14.846153846153847,0
per_huruf,3,1368,0.5509464357631897,137.23076923076923,14.769230769230766,137.23076923076923,14.769230769230766,0
per_huruf,3,1369,0.5513491743858236,137.3076923076923,14.69230769230769,137.3076923076923,14.69230769230769,0
per_huruf,3,1370,0.5517519130084575,137.38461538461542,14.615384615384617,137.38461538461542,14.615384615384617,0
per_huruf,3,1371,0.5521546516310915,137.46153846153848,14.53846153846154,137.46153846153848,14.53846153846154,0
per_huruf,3,1372,0.5525573902537253,137.53846153846155,14.461538461538462,137.53846153846155,14.461538461538462,0
per_huruf,3,1373,0.5529601288763593,137.6153846153846,14.384615384615385,137.6153846153846,14.384615384615385,0
per_huruf,3,1374,0.5533628674989932,137.69230769230768,14.307692307692307,137.69230769230768,14.307692307692307,0
per_huruf,3,1375,0.5537656061216271,137.76923076923077,14.23076923076923,137.76923076923077,14.23076923076923,0
per_huruf,3,1376,0.554168344744261,137.84615384615387,14.153846153846153,137.84615384615387,14.153846153846153,0
per_huruf,3,1377,0.5545710833668949,137.9230769230769,14.076923076923077,137.9230769230769,14.076923076923077,0
per_huruf,3,1378,0.5549738219895288,138.0,14.0,138.0,14.0,0
per_huruf,3,1379,0.5553765606121628,138.0769230769231,13.923076923076925,138.0769230769231,13.923076923076925,0
per_huruf,3,1380,0.5557792992347966,138.15384615384616,13.846153846153847,138.15384615384616,13.846153846153847,0
per_huruf,3,1381,0.5561820378574306,138.23076923076923,13.769230769230766,138.23076923076923,13.769230769230766,0
per_huruf,3,1382,0.5565847764800644,138.3076923076923,13.692307692307692,138.3076923076923,13.692307692307692,0
per_huruf,3,1383,0.5569875151026984,138.3846153846154,13.615384615384615,138.3846153846154,13.615384615384615,0
per_huruf,3,1384,0.5573902537253322,138.46153846153848,13.538461538461538,138.46153846153848,13.538461538461538,0
per_huruf,3,1385,0.5577929923479662,138.53846153846155,13.461538461538462,138.53846153846155,13.461538461538462,0
per_huruf,3,1386,0.5581957309706002,138.6153846153846,13.384615384615387,138.6153846153846,13.384615384615387,0
per_huruf,3,1387,0.558598469593234,138.69230769230768,13.307692307692307,138.69230769230768,13.307692307692307,0
per_huruf,3,1388,0.559001208215868,138.76923076923075,13.23076923076923,138.76923076923075,13.23076923076923,0
per_huruf,3,1389,0.5594039468385018,138.84615384615387,13.153846153846153,138.84615384615387,13.153846153846153,0
per_huruf,3,1390,0.5598066854611358,138.9230769230769,13.076923076923077,138.9230769230769,13.076923076923077,0
per_huruf,3,1391,0.5602094240837696,139.0,13.0,139.0,13.0,0
per_huruf,3,1392,0.5606121627064036,139.0769230769231,12.920345926263087,139.0769230769231,12.920345926263087,0
per_huruf,3,1393,0.5610149013290375,139.15384615384616,12.836140191169777,139.15384615384616,12.836140191169777,0
per_huruf,3,1394,0.5614176399516714,139.2307692307692,12.748748293126988,139.2307692307692,12.748748293126988,0
per_huruf,3,1395,0.5618203785743053,139.3076923076923,12.659535730541647,139.3076923076923,12.659535730541647,0
per_huruf,3,1396,0.5622231171969392,139.3846153846154,12.569868001820666,139.3846153846154,12.569868001820666,0
per_huruf,3,1397,0.5626258558195731,139.46153846153848,12.481110605370962,139.46153846153848,12.481110605370962,0
per_huruf,3,1398,0.563028594442207,139.53846153846155,12.394629039599455,139.53846153846155,12.394629039599455,0
per_huruf,3,1399,0.563431333064841,139.6153846153846,12.311788802913064,139.6153846153846,12.311788802913064,0
per_huruf,3,1400,0.5638340716874749,139.69230769230768,12.233955393718706,139.69230769230768,12.233955393718706,0
per_huruf,3,1401,0.5642368103101087,139.76923076923077,12.162494310423302,139.76923076923077,12.162494310423302,0
per_huruf,3,1402,0.5646395489327427,139.84615384615387,12.098771051433774,139.84615384615387,12.098771051433774,0
per_huruf,3,1403,0.5650422875553766,139.9230769230769,12.044151115157032,139.9230769230769,12.044151115157032,0
per_huruf,3,1404,0.5654450261780105,140.0,12.0,140.0,12.0,0
per_huruf,3,1405,0.5658477648006444,140.0769230769231,11.967228038233957,140.0769230769231,11.967228038233957,0
per_huruf,3,1406,0.5662505034232783,140.15384615384616,11.94492489758762,140.15384615384616,11.94492489758762,0
per_huruf,3,1407,0.5666532420459123,140.23076923076923,11.931725079654072,140.23076923076923,11.931725079654072,0
per_huruf,3,1408,0.5670559806685461,140.3076923076923,11.9262630860264,140.3076923076923,11.9262630860264,0
per_huruf,3,1409,0.5674587192911801,140.3846153846154,11.92717341829768,140.3846153846154,11.92717341829768,0
per_huruf,3,1410,0.5678614579138139,140.46153846153845,11.933090578060993,140.46153846153845,11.933090578060993,0
per_huruf,3,1411,0.5682641965364479,140.53846153846155,11.942649066909421,140.53846153846155,11.942649066909421,0
per_huruf,3,1412,0.5686669351590817,140.6153846153846,11.954483386436051,140.6153846153846,11.954483386436051,0
per_huruf,3,1413,0.5690696737817157,140.69230769230768,11.967228038233955,140.69230769230768,11.967228038233955,0
per_huruf,3,1414,0.5694724124043496,140.76923076923075,11.97951752389622,140.76923076923075,11.97951752389622,0
per_huruf,3,1415,0.5698751510269835,140.84615384615387,11.989986345015932,140.84615384615387,11.989986345015932,0
per_huruf,3,1416,0.5702778896496175,140.9230769230769,11.997269003186162,140.9230769230769,11.997269003186162,0
per_huruf,3,1417,0.5706806282722513,141.0,12.0,141.0,12.0,0
per_huruf,3,1418,0.5710833668948853,141.0769230769231,12.002730996813838,141.0769230769231,12.002730996813838,0
per_huruf,3,1419,0.5714861055175191,141.1538461538462,12.01001365498407,141.1538461538462,12.01001365498407,0
per_huruf,3,1420,0.5718888441401531,141.2307692307692,12.020482476103776,141.2307692307692,12.020482476103776,0
per_huruf,3,1421,0.572291582762787,141.3076923076923,12.032771961766043,141.3076923076923,12.032771961766043,0
per_huruf,3,1422,0.5726943213854209,141.3846153846154,12.045516613563953,141.3846153846154,12.045516613563953,0
per_huruf,3,1423,0.5730970600080548,141.46153846153845,12.057350933090579,141.46153846153845,12.057350933090579,0
per_huruf,3,1424,0.5734997986306887,141.53846153846155,12.066909421939009,141.53846153846155,12.066909421939009,0
per_huruf,3,1425,0.5739025372533226,141.6153846153846,12.072826581702323,141.6153846153846,12.072826581702323,0
per_huruf,3,1426,0.5743052758759565,141.69230769230768,12.0737369139736,141.69230769230768,12.0737369139736,0
per_huruf,3,1427,0.5747080144985904,141.76923076923077,12.068274920345925,141.76923076923077,12.068274920345925,0
per_huruf,3,1428,0.5751107531212244,141.84615384615387,12.055075102412381,141.84615384615387,12.055075102412381,0
per_huruf,3,1429,0.5755134917438582,141.9230769230769,12.032771961766043,141.9230769230769,12.032771961766043,0
per_huruf,3,1430,0.5759162303664922,142.0,12.0,142.0,12.0,0
per_huruf,3,1431,0.576318968989126,142.0769230769231,11.95311788802913,142.0769230769231,11.95311788802913,0
per_huruf,3,1432,0.57672170761176,142.15384615384616,11.891215293582158,142.15384615384616,11.891215293582158,0
per_huruf,3,1433,0.5771244462343939,142.23076923076923,11.817023213472917,142.23076923076923,11.817023213472917,0
per_huruf,3,1434,0.5775271848570278,142.3076923076923,11.733272644515248,142.3076923076923,11.733272644515248,0
per_huruf,3,1435,0.5779299234796618,142.3846153846154,11.642694583522987,142.3846153846154,11.642694583522987,0
per_huruf,3,1436,0.5783326621022956,142.46153846153848,11.548020027309967,142.46153846153848,11.548020027309967,0
per_huruf,3,1437,0.5787354007249296,142.53846153846152,11.451979972690031,142.53846153846152,11.451979972690031,0
per_huruf,3,1438,0.5791381393475634,142.6153846153846,11.357305416477013,142.6153846153846,11.357305416477013,0
per_huruf,3,1439,0.5795408779701974,142.69230769230768,11.26672735548475,142.69230769230768,11.26672735548475,0
per_huruf,3,1440,0.5799436165928312,142.76923076923077,11.182976786527082,142.76923076923077,11.182976786527082,0
per_huruf,3,1441,0.5803463552154652,142.84615384615387,11.108784706417842,142.84615384615387,11.108784706417842,0
per_huruf,3,1442,0.5807490938380991,142.9230769230769,11.046882111970868,142.9230769230769,11.046882111970868,0
per_huruf,3,1443,0.581151832460733,143.0,11.0,143.0,11.0,0
per_huruf,3,1444,0.581554571083367,143.0769230769231,10.967228038233955,143.0769230769231,10.967228038233955,0
per_huruf,3,1445,0.5819573097060008,143.15384615384616,10.944924897587619,143.15384615384616,10.944924897587619,0
per_huruf,3,1446,0.5823600483286347,143.2307692307692,10.931725079654072,143.2307692307692,10.931725079654072,0
per_huruf,3,1447,0.5827627869512686,143.30769230769232,10.9262630860264,143.30769230769232,10.9262630860264,0
per_huruf,3,1448,0.5831655255739026,143.3846153846154,10.927173418297679,143.3846153846154,10.927173418297679,0
per_huruf,3,1449,0.5835682641965365,143.46153846153848,10.933090578060993,143.46153846153848,10.933090578060993,0
per_huruf,3,1450,0.5839710028191704,143.53846153846155,10.942649066909423,143.53846153846155,10.942649066909423,0
per_huruf,3,1451,0.5843737414418043,143.6153846153846,10.95448338643605,143.6153846153846,10.95448338643605,0
per_huruf,3,1452,0.5847764800644382,143.69230769230768,10.967228038233955,143.69230769230768,10.967228038233955,0
per_huruf,3,1453,0.5851792186870721,143.76923076923077,10.97951752389622,143.76923076923077,10.97951752389622,0
per_huruf,3,1454,0.585581957309706,143.84615384615387,10.98998634501593,143.84615384615387,10.98998634501593,0
per_huruf,3,1455,0.5859846959323399,143.9230769230769,10.997269003186162,143.9230769230769,10.997269003186162,0
per_huruf,3,1456,0.5863874345549739,144.0,11.0,144.0,11.0,0
per_huruf,3,1457,0.5867901731776077,144.07692307692312,10.997269003186164,144.07692307692312,10.997269003186164,0
per_huruf,3,1458,0.5871929118002417,144.15384615384616,10.98998634501593,144.15384615384616,10.98998634501593,0
per_huruf,3,1459,0.5875956504228755,144.2307692307692,10.97951752389622,144.2307692307692,10.97951752389622,0
per_huruf,3,1460,0.5879983890455095,144.30769230769232,10.967228038233955,144.30769230769232,10.967228038233955,0
per_huruf,3,1461,0.5884011276681435,144.3846153846154,10.954483386436051,144.3846153846154,10.954483386436051,0
per_huruf,3,1462,0.5888038662907773,144.46153846153845,10.942649066909421,144.46153846153845,10.942649066909421,0
per_huruf,3,1463,0.5892066049134113,144.53846153846155,10.933090578060993,144.53846153846155,10.933090578060993,0
per_huruf,3,1464,0.5896093435360451,144.6153846153846,10.927173418297679,144.6153846153846,10.927173418297679,0
per_huruf,3,1465,0.5900120821586791,144.69230769230768,10.926263086026399,144.69230769230768,10.926263086026399,0
per_huruf,3,1466,0.5904148207813129,144.76923076923075,10.931725079654072,144.76923076923075,10.931725079654072,0
per_huruf,3,1467,0.5908175594039469,144.84615384615384,10.944924897587619,144.84615384615384,10.944924897587619,0
per_huruf,3,1468,0.5912202980265808,144.9230769230769,10.967228038233955,144.9230769230769,10.967228038233955,0
per_huruf,3,1469,0.5916230366492147,145.0,11.0,145.0,11.0,0
per_huruf,3,1470,0.5920257752718486,145.07965407373692,11.044151115157034,145.07965407373692,11.044151115157034,0
per_huruf,3,1471,0.5924285138944825,145.16385980883024,11.098771051433774,145.16385980883024,11.098771051433774,0
per_huruf,3,1472,0.5928312525171164,145.251251706873,11.1624943104233,145.251251706873,11.1624943104233,0
per_huruf,3,1473,0.5932339911397503,145.34046426945832,11.233955393718706,145.34046426945832,11.233955393718706,0
per_huruf,3,1474,0.5936367297623842,145.43013199817935,11.311788802913064,145.43013199817935,11.311788802913064,0
per_huruf,3,1475,0.5940394683850182,145.51888939462904,11.394629039599455,145.51888939462904,11.394629039599455,0
per_huruf,3,1476,0.594442207007652,145.60537096040053,11.481110605370962,145.60537096040053,11.481110605370962,0
per_huruf,3,1477,0.594844945630286,145.68821119708696,11.569868001820664,145.68821119708696,11.569868001820664,0
per_huruf,3,1478,0.5952476842529199,145.7660446062813,11.659535730541647,145.7660446062813,11.659535730541647,0
per_huruf,3,1479,0.5956504228755538,145.8375056895767,11.74874829312699,145.8375056895767,11.74874829312699,0
per_huruf,3,1480,0.5960531614981877,145.90122894856623,11.836140191169777,145.90122894856623,11.836140191169777,0
per_huruf,3,1481,0.5964559001208216,145.95584888484296,11.920345926263085,145.95584888484296,11.920345926263085,0
per_huruf,3,1482,0.5968586387434556,146.0,12.0,146.0,12.0,0
per_huruf,3,1483,0.5972613773660894,146.03277196176606,12.076923076923078,146.03277196176606,12.076923076923078,0
per_huruf,3,1484,0.5976641159887234,146.0550751024124,12.153846153846155,146.0550751024124,12.153846153846155,0
per_huruf,3,1485,0.5980668546113572,146.0682749203459,12.23076923076923,146.0682749203459,12.23076923076923,0
per_huruf,3,1486,0.5984695932339912,146.0737369139736,12.307692307692307,146.0737369139736,12.307692307692307,0
per_huruf,3,1487,0.598872331856625,146.07282658170232,12.384615384615385,146.07282658170232,12.384615384615385,0
per_huruf,3,1488,0.599275070479259,146.066909421939,12.461538461538462,146.066909421939,12.461538461538462,0
per_huruf,3,1489,0.599677809101893,146.05735093309056,12.53846153846154,146.05735093309056,12.53846153846154,0
per_huruf,3,1490,0.6000805477245268,146.04551661356396,12.615384615384617,146.04551661356396,12.615384615384617,0
per_huruf,3,1491,0.6004832863471607,146.03277196176606,12.69230769230769,146.03277196176606,12.69230769230769,0
per_huruf,3,1492,0.6008860249697946,146.02048247610378,12.769230769230768,146.02048247610378,12.769230769230768,0
per_huruf,3,1493,0.6012887635924286,146.01001365498405,12.846153846153847,146.01001365498405,12.846153846153847,0
per_huruf,3,1494,0.6016915022150624,146.00273099681382,12.923076923076922,146.00273099681382,12.923076923076922,0
per_huruf,3,1495,0.6020942408376964,146.0,13.0,146.0,13.0,0
per_huruf,3,1496,0.6024969794603303,146.00000000000003,13.076923076923078,146.00000000000003,13.076923076923078,0
per_huruf,3,1497,0.6028997180829642,146.0,13.153846153846157,146.0,13.153846153846157,0
per_huruf,3,1498,0.6033024567055981,145.99999999999997,13.230769230769228,145.99999999999997,13.230769230769228,0
per_huruf,3,1499,0.603705195328232,145.99999999999997,13.307692307692307,145.99999999999997,13.307692307692307,0
per_huruf,3,1500,0.6041079339508659,146.0,13.384615384615387,146.0,13.384615384615387,0
per_huruf,3,1501,0.6045106725734998,146.0,13.461538461538462,146.0,13.461538461538462,0
per_huruf,3,1502,0.6049134111961337,146.0,13.538461538461538,146.0,13.538461538461538,0
per_huruf,3,1503,0.6053161498187677,146.0,13.615384615384617,146.0,13.615384615384617,0
per_huruf,3,1504,0.6057188884414015,146.0,13.69230769230769,146.0,13.69230769230769,0
per_huruf,3,1505,0.6061216270640355,146.0,13.769230769230768,146.0,13.769230769230768,0
per_huruf,3,1506,0.6065243656866693,146.0,13.846153846153845,146.0,13.846153846153845,0
per_huruf,3,1507,0.6069271043093033,146.0,13.923076923076923,146.0,13.923076923076923,0
per_huruf,3,1508,0.6073298429319371,146.0,14.0,146.0,14.0,0
per_huruf,3,1509,0.6077325815545711,146.00000000000003,14.076923076923078,146.00000000000003,14.076923076923078,0
per_huruf,3,1510,0.6081353201772051,146.0,14.153846153846155,146.0,14.153846153846155,0
per_huruf,3,1511,0.6085380587998389,145.99999999999997,14.23076923076923,145.99999999999997,14.23076923076923,0
per_huruf,3,1512,0.6089407974224729,145.99999999999997,14.307692307692307,145.99999999999997,14.307692307692307,0
per_huruf,3,1513,0.6093435360451067,146.0,14.384615384615387,146.0,14.384615384615387,0
per_huruf,3,1514,0.6097462746677407,146.0,14.461538461538462,146.0,14.461538461538462,0
per_huruf,3,1515,0.6101490132903745,146.0,14.538461538461538,146.0,14.538461538461538,0
per_huruf,3,1516,0.6105517519130085,146.0,14.615384615384617,146.0,14.615384615384617,0
per_huruf,3,1517,0.6109544905356424,146.0,14.692307692307692,146.0,14.692307692307692,0
per_huruf,3,1518,0.6113572291582763,146.0,14.769230769230766,146.0,14.769230769230766,0
per_huruf,3,1519,0.6117599677809102,146.0,14.846153846153847,146.0,14.846153846153847,0
per_huruf,3,1520,0.6121627064035441,146.0,14.923076923076922,146.0,14.923076923076922,0
per_huruf,3,1521,0.612565445026178,146.0,15.0,146.0,15.0,0
per_huruf,3,1522,0.6129681836488119,146.00273099681385,15.07692307692308,146.00273099681385,15.07692307692308,0
per_huruf,3,1523,0.6133709222714459,146.01001365498408,15.153846153846155,146.01001365498408,15.153846153846155,0
per_huruf,3,1524,0.6137736608940798,146.02048247610375,15.230769230769228,146.02048247610375,15.230769230769228,0
per_huruf,3,1525,0.6141763995167137,146.032771961766,15.307692307692307,146.032771961766,15.307692307692307,0
per_huruf,3,1526,0.6145791381393476,146.04551661356396,15.384615384615387,146.04551661356396,15.384615384615387,0
per_huruf,3,1527,0.6149818767619815,146.05735093309056,15.461538461538463,146.05735093309056,15.461538461538463,0
per_huruf,3,1528,0.6153846153846154,146.06690942193902,15.538461538461538,146.06690942193902,15.538461538461538,0
per_huruf,3,1529,0.6157873540072493,146.07282658170232,15.615384615384615,146.07282658170232,15.615384615384615,0
per_huruf,3,1530,0.6161900926298832,146.0737369139736,15.692307692307692,146.0737369139736,15.692307692307692,0
per_huruf,3,1531,0.6165928312525172,146.0682749203459,15.769230769230768,146.0682749203459,15.769230769230768,0
per_huruf,3,1532,0.616995569875151,146.0550751024124,15.846153846153847,146.0550751024124,15.846153846153847,0
per_huruf,3,1533,0.617398308497785,146.03277196176603,15.923076923076923,146.03277196176603,15.923076923076923,0
per_huruf,3,1534,0.6178010471204188,146.0,16.0,146.0,16.0,0
per_huruf,3,1535,0.6182037857430528,145.9640418752845,16.0933090578061,145.9640418752845,16.0933090578061,0
per_huruf,3,1536,0.6186065243656866,145.93126991351843,16.21392808375057,145.93126991351843,16.21392808375057,0
per_huruf,3,1537,0.6190092629883206,145.89895311788803,16.353664087391895,145.89895311788803,16.353664087391895,0
per_huruf,3,1538,0.6194120016109546,145.86436049157945,16.504324078288576,145.86436049157945,16.504324078288576,0
per_huruf,3,1539,0.6198147402335884,145.82476103777879,16.657715065999092,145.82476103777879,16.657715065999092,0
per_huruf,3,1540,0.6202174788562224,145.7774237596723,16.80564406008193,145.7774237596723,16.80564406008193,0
per_huruf,3,1541,0.6206202174788562,145.71961766044606,16.939918070095587,145.71961766044606,16.939918070095587,0
per_huruf,3,1542,0.6210229561014902,145.6486117432863,17.052344105598543,145.6486117432863,17.052344105598543,0
per_huruf,3,1543,0.6214256947241241,145.56167501137915,17.134729176149293,145.56167501137915,17.134729176149293,0
per_huruf,3,1544,0.621828433346758,145.45607646791078,17.178880291306328,145.45607646791078,17.178880291306328,0
per_huruf,3,1545,0.6222311719693919,145.32908511606735,17.17660446062813,145.32908511606735,17.17660446062813,0
per_huruf,3,1546,0.6226339105920258,145.17796995903504,17.11970869367319,145.17796995903504,17.11970869367319,0
per_huruf,3,1547,0.6230366492146597,145.0,17.0,145.0,17.0,0
per_huruf,3,1548,0.6234393878372936,144.7824305871643,16.79563040509786,144.7824305871643,16.79563040509786,0
per_huruf,3,1549,0.6238421264599275,144.51979972690032,16.5011379153391,144.51979972690032,16.5011379153391,0
per_huruf,3,1550,0.6242448650825615,144.22030040964952,16.132908511606736,144.22030040964952,16.132908511606736,0
per_huruf,3,1551,0.6246476037051953,143.8921256258534,15.707328174783793,143.8921256258534,15.707328174783793,0
per_huruf,3,1552,0.6250503423278293,143.54346836595357,15.240782885753301,143.54346836595357,15.240782885753301,0
per_huruf,3,1553,0.6254530809504631,143.18252162039147,14.749658625398272,143.18252162039147,14.749658625398272,0
per_huruf,3,1554,0.6258558195730971,142.81747837960856,14.250341374601728,142.81747837960856,14.250341374601728,0
per_huruf,3,1555,0.626258558195731,142.45653163404643,13.7592171142467,142.45653163404643,13.7592171142467,0
per_huruf,3,1556,0.6266612968183649,142.10787437414655,13.292671825216203,142.10787437414655,13.292671825216203,0
per_huruf,3,1557,0.6270640354409989,141.77969959035045,12.86709148839326,141.77969959035045,12.86709148839326,0
per_huruf,3,1558,0.6274667740636327,141.48020027309968,12.4988620846609,141.48020027309968,12.4988620846609,0
per_huruf,3,1559,0.6278695126862667,141.21756941283567,12.204369594902138,141.21756941283567,12.204369594902138,0
per_huruf,3,1560,0.6282722513089005,141.0,12.0,141.0,12.0,0
per_huruf,3,1561,0.6286749899315345,140.8247610377788,11.88029130632681,140.8247610377788,11.88029130632681,0
per_huruf,3,1562,0.6290777285541683,140.68092853891667,11.823395539371873,140.68092853891667,11.823395539371873,0
per_huruf,3,1563,0.6294804671768023,140.56440600819298,11.821119708693672,140.56440600819298,11.821119708693672,0
per_huruf,3,1564,0.6298832057994362,140.47109695038688,11.865270823850704,140.47109695038688,11.865270823850704,0
per_huruf,3,1565,0.6302859444220701,140.39690487027767,11.947655894401457,140.39690487027767,11.947655894401457,0
per_huruf,3,1566,0.630688683044704,140.33773327264453,12.060081929904415,140.33773327264453,12.060081929904415,0
per_huruf,3,1567,0.6310914216673379,140.2894856622667,12.194355939918072,140.2894856622667,12.194355939918072,0
per_huruf,3,1568,0.6314941602899719,140.24806554392353,12.342284934000912,140.24806554392353,12.342284934000912,0
per_huruf,3,1569,0.6318968989126057,140.20937642239417,12.495675921711424,140.20937642239417,12.495675921711424,0
per_huruf,3,1570,0.6322996375352397,140.1693218024579,12.646335912608102,140.1693218024579,12.646335912608102,0
per_huruf,3,1571,0.6327023761578736,140.12380518889395,12.786071916249432,140.12380518889395,12.786071916249432,0
per_huruf,3,1572,0.6331051147805075,140.06873008648157,12.906690942193901,140.06873008648157,12.906690942193901,0
per_huruf,3,1573,0.6335078534031414,140.0,13.0,140.0,13.0,0
per_huruf,3,1574,0.6339105920257753,139.95038689121532,13.052344105598545,139.95038689121532,13.052344105598545,0
per_huruf,3,1575,0.6343133306484092,139.94629039599454,13.063723258989533,139.94629039599454,13.063723258989533,0
per_huruf,3,1576,0.6347160692710431,139.97405553026854,13.046426945835227,139.97405553026854,13.046426945835227,0
per_huruf,3,1577,0.635118807893677,140.02002730996813,13.012744651797904,140.02002730996813,13.012744651797904,0
per_huruf,3,1578,0.635521546516311,140.07055075102411,12.974965862539829,140.07055075102411,12.974965862539829,0
per_huruf,3,1579,0.6359242851389448,140.11197086936733,12.94538006372326,140.11197086936733,12.94538006372326,0
per_huruf,3,1580,0.6363270237615788,140.13063268092853,12.936276741010468,140.13063268092853,12.936276741010468,0
per_huruf,3,1581,0.6367297623842126,140.1128812016386,12.959945380063724,140.1128812016386,12.959945380063724,0
per_huruf,3,1582,0.6371325010068466,140.0450614474283,13.028675466545288,140.0450614474283,13.028675466545288,0
per_huruf,3,1583,0.6375352396294804,139.91351843422848,13.154756486117432,139.91351843422848,13.154756486117432,0
per_huruf,3,1584,0.6379379782521144,139.70459717796996,13.350477924442421,139.70459717796996,13.350477924442421,0
per_huruf,3,1585,0.6383407168747484,139.40464269458352,13.628129267182521,139.40464269458352,13.628129267182521,0
per_huruf,3,1586,0.6387434554973822,139.0,14.0,139.0,14.0,0
per_huruf,3,1587,0.6391461941200162,138.45425580336826,14.498862084660901,138.45425580336826,14.498862084660901,0
per_huruf,3,1588,0.63954893274265,137.75830678197542,15.132908511606738,137.75830678197542,15.132908511606738,0
per_huruf,3,1589,0.639951671365284,136.9394629039599,15.87756030951297,136.9394629039599,15.87756030951297,0
per_huruf,3,1590,0.6403544099879178,136.02503413746018,16.708238507055075,136.02503413746018,16.708238507055075,0
per_huruf,3,1591,0.6407571486105518,135.0423304506145,17.600364132908517,135.0423304506145,17.600364132908517,0
per_huruf,3,1592,0.6411598872331857,134.01866181156123,18.52935821574875,134.01866181156123,18.52935821574875,0
per_huruf,3,1593,0.6415626258558196,132.9813381884388,19.470641784251256,132.9813381884388,19.470641784251256,0
per_huruf,3,1594,0.6419653644784535,131.95766954938554,20.39963586709149,131.95766954938554,20.39963586709149,0
per_huruf,3,1595,0.6423681031010874,130.97496586253982,21.291761492944925,130.97496586253982,21.291761492944925,0
per_huruf,3,1596,0.6427708417237213,130.06053709604004,22.122439690487028,130.06053709604004,22.122439690487028,0
per_huruf,3,1597,0.6431735803463552,129.24169321802458,22.867091488393264,129.24169321802458,22.867091488393264,0
per_huruf,3,1598,0.6435763189689891,128.54574419663177,23.501137915339097,128.54574419663177,23.501137915339097,0
per_huruf,3,1599,0.6439790575916231,128.0,24.0,128.0,24.0,0
per_huruf,3,1600,0.644381796214257,127.59535730541648,24.37187073281748,127.59535730541648,24.37187073281748,0
per_huruf,3,1601,0.6447845348368909,127.29540282203004,24.649522075557577,127.29540282203004,24.649522075557577,0
per_huruf,3,1602,0.6451872734595248,127.08648156577149,24.845243513882565,127.08648156577149,24.845243513882565,0
per_huruf,3,1603,0.6455900120821587,126.95493855257168,24.97132453345471,126.95493855257168,24.97132453345471,0
per_huruf,3,1604,0.6459927507047926,126.88711879836141,25.040054619936278,126.88711879836141,25.040054619936278,0
per_huruf,3,1605,0.6463954893274265,126.86936731907147,25.063723258989533,126.86936731907147,25.063723258989533,0
per_huruf,3,1606,0.6467982279500605,126.88802913063267,25.05461993627674,126.88802913063267,25.05461993627674,0
per_huruf,3,1607,0.6472009665726943,126.92944924897587,25.02503413746017,126.92944924897587,25.02503413746017,0
per_huruf,3,1608,0.6476037051953283,126.97997269003186,24.98725534820209,126.97997269003186,24.98725534820209,0
per_huruf,3,1609,0.6480064438179621,127.02594446973143,24.95357305416477,127.02594446973143,24.95357305416477,0
per_huruf,3,1610,0.6484091824405961,127.05370960400546,24.93627674101047,127.05370960400546,24.93627674101047,0
per_huruf,3,1611,0.6488119210632299,127.04961310878471,24.947655894401457,127.04961310878471,24.947655894401457,0
per_huruf,3,1612,0.6492146596858639,127.0,25.0,127.0,25.0,0
per_huruf,3,1613,0.6496173983084979,126.92307692307695,25.07692307692308,126.92307692307695,25.07692307692308,0
per_huruf,3,1614,0.6500201369311317,126.84615384615385,25.153846153846157,126.84615384615385,25.153846153846157,0
per_huruf,3,1615,0.6504228755537657,126.76923076923075,25.23076923076923,126.76923076923075,25.23076923076923,0
per_huruf,3,1616,0.6508256141763995,126.6923076923077,25.307692307692307,126.6923076923077,25.307692307692307,0
per_huruf,3,1617,0.6512283527990335,126.61538461538464,25.384615384615387,126.61538461538464,25.384615384615387,0
per_huruf,3,1618,0.6516310914216674,126.53846153846155,25.461538461538463,126.53846153846155,25.461538461538463,0
per_huruf,3,1619,0.6520338300443013,126.46153846153847,25.53846153846154,126.46153846153847,25.53846153846154,0
per_huruf,3,1620,0.6524365686669352,126.38461538461539,25.61538461538462,126.38461538461539,25.61538461538462,0
per_huruf,3,1621,0.6528393072895691,126.30769230769229,25.69230769230769,126.30769230769229,25.69230769230769,0
per_huruf,3,1622,0.653242045912203,126.23076923076921,25.769230769230766,126.23076923076921,25.769230769230766,0
per_huruf,3,1623,0.6536447845348369,126.15384615384616,25.846153846153847,126.15384615384616,25.846153846153847,0
per_huruf,3,1624,0.6540475231574708,126.07692307692307,25.92307692307692,126.07692307692307,25.92307692307692,0
per_huruf,3,1625,0.6544502617801048,126.0,26.0,126.0,26.0,0
per_huruf,3,1626,0.6548530004027386,125.92307692307693,26.074192080109242,125.92307692307693,26.074192080109242,0
per_huruf,3,1627,0.6552557390253726,125.84615384615385,26.14383249886209,125.84615384615385,26.14383249886209,0
per_huruf,3,1628,0.6556584776480064,125.76923076923076,26.21028675466545,125.76923076923076,26.21028675466545,0
per_huruf,3,1629,0.6560612162706404,125.69230769230768,26.274920345926258,125.69230769230768,26.274920345926258,0
per_huruf,3,1630,0.6564639548932742,125.61538461538463,26.339098771051436,125.61538461538463,26.339098771051436,0
per_huruf,3,1631,0.6568666935159082,125.53846153846156,26.404187528447885,125.53846153846156,26.404187528447885,0
per_huruf,3,1632,0.6572694321385422,125.46153846153845,26.471552116522528,125.46153846153845,26.471552116522528,0
per_huruf,3,1633,0.657672170761176,125.38461538461539,26.542558033682297,125.38461538461539,26.542558033682297,0
per_huruf,3,1634,0.65807490938381,125.30769230769229,26.618570778334092,125.30769230769229,26.618570778334092,0
per_huruf,3,1635,0.6584776480064438,125.23076923076923,26.70095584888484,125.23076923076923,26.70095584888484,0
per_huruf,3,1636,0.6588803866290778,125.15384615384616,26.79107874374147,125.15384615384616,26.79107874374147,0
per_huruf,3,1637,0.6592831252517116,125.07692307692308,26.89030496131088,125.07692307692308,26.89030496131088,0
per_huruf,3,1638,0.6596858638743456,125.0,27.0,125.0,27.0,0
per_huruf,3,1639,0.6600886024969795,124.92307692307696,27.12380518889395,124.92307692307696,27.12380518889395,0
per_huruf,3,1640,0.6604913411196134,124.84615384615385,27.262630860264,124.84615384615385,27.262630860264,0
per_huruf,3,1641,0.6608940797422473,124.76923076923076,27.413746017296308,124.76923076923076,27.413746017296308,0
per_huruf,3,1642,0.6612968183648812,124.69230769230768,27.574419663177057,124.69230769230768,27.574419663177057,0
per_huruf,3,1643,0.6616995569875151,124.61538461538464,27.7419208010924,124.61538461538464,27.7419208010924,0
per_huruf,3,1644,0.662102295610149,124.53846153846155,27.913518434228497,124.53846153846155,27.913518434228497,0
per_huruf,3,1645,0.662505034232783,124.46153846153845,28.086481565771507,124.46153846153845,28.086481565771507,0
per_huruf,3,1646,0.6629077728554169,124.38461538461539,28.258079198907602,124.38461538461539,28.258079198907602,0
per_huruf,3,1647,0.6633105114780508,124.30769230769232,28.42558033682294,124.30769230769232,28.42558033682294,0
per_huruf,3,1648,0.6637132501006847,124.23076923076921,28.586253982703685,124.23076923076921,28.586253982703685,0
per_huruf,3,1649,0.6641159887233186,124.15384615384616,28.737369139736003,124.15384615384616,28.737369139736003,0
per_huruf,3,1650,0.6645187273459525,124.07692307692307,28.876194811106053,124.07692307692307,28.876194811106053,0
per_huruf,3,1651,0.6649214659685864,124.0,29.0,124.0,29.0,0
per_huruf,3,1652,0.6653242045912203,123.92307692307695,29.10969503868912,123.92307692307695,29.10969503868912,0
per_huruf,3,1653,0.6657269432138543,123.84615384615384,29.208921256258538,123.84615384615384,29.208921256258538,0
per_huruf,3,1654,0.6661296818364881,123.76923076923076,29.299044151115154,123.76923076923076,29.299044151115154,0
per_huruf,3,1655,0.6665324204591221,123.69230769230768,29.381429221665904,123.69230769230768,29.381429221665904,0
per_huruf,3,1656,0.6669351590817559,123.61538461538463,29.45744196631771,123.61538461538463,29.45744196631771,0
per_huruf,3,1657,0.6673378977043899,123.53846153846155,29.52844788347747,123.53846153846155,29.52844788347747,0
per_huruf,3,1658,0.6677406363270237,123.46153846153847,29.59581247155212,123.46153846153847,29.59581247155212,0
per_huruf,3,1659,0.6681433749496577,123.38461538461539,29.66090122894857,123.38461538461539,29.66090122894857,0
per_huruf,3,1660,0.6685461135722917,123.30769230769229,29.72507965407374,123.30769230769229,29.72507965407374,0
per_huruf,3,1661,0.6689488521949255,123.23076923076923,29.789713245334546,123.23076923076923,29.789713245334546,0
per_huruf,3,1662,0.6693515908175595,123.15384615384616,29.856167501137918,123.15384615384616,29.856167501137918,0
per_huruf,3,1663,0.6697543294401933,123.07692307692308,29.925807919890758,123.07692307692308,29.925807919890758,0
per_huruf,3,1664,0.6701570680628273,123.0,30.0,123.0,30.0,0
per_huruf,3,1665,0.6705598066854611,122.92853891670462,30.06873008648157,122.92853891670462,30.06873008648157,0
per_huruf,3,1666,0.6709625453080951,122.866181156122,30.123805188893947,122.866181156122,30.123805188893947,0
per_huruf,3,1667,0.671365283930729,122.8101957214383,30.169321802457894,122.8101957214383,30.169321802457894,0
per_huruf,3,1668,0.6717680225533629,122.75785161583977,30.209376422394172,122.75785161583977,30.209376422394172,0
per_huruf,3,1669,0.6721707611759968,122.70641784251254,30.248065543923538,122.70641784251254,30.248065543923538,0
per_huruf,3,1670,0.6725734997986307,122.6531634046427,30.289485662266728,122.6531634046427,30.289485662266728,0
per_huruf,3,1671,0.6729762384212646,122.59535730541648,30.337733272644517,122.59535730541648,30.337733272644517,0
per_huruf,3,1672,0.6733789770438985,122.53026854802003,30.396904870277652,122.53026854802003,30.396904870277652,0
per_huruf,3,1673,0.6737817156665324,122.4551661356395,30.471096950386894,122.4551661356395,30.471096950386894,0
per_huruf,3,1674,0.6741844542891664,122.36731907146107,30.56440600819299,122.36731907146107,30.56440600819299,0
per_huruf,3,1675,0.6745871929118002,122.26399635867092,30.680928538916707,122.26399635867092,30.680928538916707,0
per_huruf,3,1676,0.6749899315344342,122.14246700045516,30.82476103777879,122.14246700045516,30.82476103777879,0
per_huruf,3,1677,0.675392670157068,122.0,31.0,122.0,31.0,0
per_huruf,3,1678,0.675795408779702,121.8293126991352,31.217569412835687,121.8293126991352,31.217569412835687,0
per_huruf,3,1679,0.6761981474023359,121.62858443331817,31.480200273099683,121.62858443331817,31.480200273099683,0
per_huruf,3,1680,0.6766008860249698,121.40327719617659,31.779699590350468,121.40327719617659,31.779699590350468,0
per_huruf,3,1681,0.6770036246476038,121.15885298133819,32.10787437414656,121.15885298133819,32.10787437414656,0
per_huruf,3,1682,0.6774063632702376,120.90077378243059,32.45653163404643,120.90077378243059,32.45653163404643,0
per_huruf,3,1683,0.6778091018928716,120.6345015930815,32.81747837960856,120.6345015930815,32.81747837960856,0
per_huruf,3,1684,0.6782118405155054,120.36549840691853,33.18252162039144,120.36549840691853,33.18252162039144,0
per_huruf,3,1685,0.6786145791381394,120.09922621756942,33.54346836595357,120.09922621756942,33.54346836595357,0
per_huruf,3,1686,0.6790173177607732,119.84114701866181,33.89212562585343,119.84114701866181,33.89212562585343,0
per_huruf,3,1687,0.6794200563834072,119.59672280382338,34.22030040964952,119.59672280382338,34.22030040964952,0
per_huruf,3,1688,0.6798227950060411,119.37141556668183,34.51979972690032,119.37141556668183,34.51979972690032,0
per_huruf,3,1689,0.680225533628675,119.17068730086481,34.78243058716431,119.17068730086481,34.78243058716431,0
per_huruf,3,1690,0.680628272251309,119.0,35.0,119.0,35.0,0
per_huruf,3,1691,0.6810310108739428,118.85753299954486,35.17523896222122,118.85753299954486,35.17523896222122,0
per_huruf,3,1692,0.6814337494965768,118.73600364132909,35.3190714610833,118.73600364132909,35.3190714610833,0
per_huruf,3,1693,0.6818364881192106,118.6326809285389,35.435593991807,118.6326809285389,35.435593991807,0
per_huruf,3,1694,0.6822392267418446,118.54483386436048,35.52890304961311,118.54483386436048,35.52890304961311,0
per_huruf,3,1695,0.6826419653644785,118.46973145197997,35.60309512972235,118.46973145197997,35.60309512972235,0
per_huruf,3,1696,0.6830447039871124,118.40464269458352,35.66226672735549,118.40464269458352,35.66226672735549,0
per_huruf,3,1697,0.6834474426097463,118.3468365953573,35.71051433773327,118.3468365953573,35.71051433773327,0
per_huruf,3,1698,0.6838501812323802,118.29358215748749,35.75193445607647,118.29358215748749,35.75193445607647,0
per_huruf,3,1699,0.6842529198550141,118.2421483841602,35.79062357760582,118.2421483841602,35.79062357760582,0
per_huruf,3,1700,0.6846556584776481,118.18980427856165,35.8306781975421,118.18980427856165,35.8306781975421,0
per_huruf,3,1701,0.6850583971002819,118.133818843878,35.87619481110606,118.133818843878,35.87619481110606,0
per_huruf,3,1702,0.6854611357229159,118.07146108329539,35.931269913518435,118.07146108329539,35.931269913518435,0
per_huruf,3,1703,0.6858638743455497,118.0,36.0,118.0,36.0,0
per_huruf,3,1704,0.6862666129681837,117.92307692307693,36.07692307692308,117.92307692307693,36.07692307692308,0
per_huruf,3,1705,0.6866693515908175,117.84615384615385,36.15384615384615,117.84615384615385,36.15384615384615,0
per_huruf,3,1706,0.6870720902134515,117.76923076923077,36.230769230769226,117.76923076923077,36.230769230769226,0
per_huruf,3,1707,0.6874748288360855,117.6923076923077,36.30769230769231,117.6923076923077,36.30769230769231,0
per_huruf,3,1708,0.6878775674587193,117.61538461538463,36.38461538461539,117.61538461538463,36.38461538461539,0
per_huruf,3,1709,0.6882803060813533,117.53846153846155,36.46153846153846,117.53846153846155,36.46153846153846,0
per_huruf,3,1710,0.6886830447039871,117.46153846153847,36.53846153846154,117.46153846153847,36.53846153846154,0
per_huruf,3,1711,0.6890857833266211,117.38461538461539,36.61538461538461,117.38461538461539,36.61538461538461,0
per_huruf,3,1712,0.6894885219492549,117.30769230769229,36.69230769230769,117.30769230769229,36.69230769230769,0
per_huruf,3,1713,0.6898912605718889,117.23076923076921,36.76923076923077,117.23076923076921,36.76923076923077,0
per_huruf,3,1714,0.6902939991945228,117.15384615384615,36.84615384615385,117.15384615384615,36.84615384615385,0
per_huruf,3,1715,0.6906967378171567,117.07692307692308,36.92307692307692,117.07692307692308,36.92307692307692,0
per_huruf,3,1716,0.6910994764397906,117.0,37.0,117.0,37.0,0
per_huruf,3,1717,0.6915022150624245,116.92034592626311,37.07692307692309,116.92034592626311,37.07692307692309,0
per_huruf,3,1718,0.6919049536850584,116.83614019116979,37.15384615384615,116.83614019116979,37.15384615384615,0
per_huruf,3,1719,0.6923076923076923,116.748748293127,37.230769230769226,116.748748293127,37.230769230769226,0
per_huruf,3,1720,0.6927104309303262,116.65953573054165,37.30769230769231,116.65953573054165,37.30769230769231,0
per_huruf,3,1721,0.6931131695529602,116.56986800182067,37.38461538461539,116.56986800182067,37.38461538461539,0
per_huruf,3,1722,0.693515908175594,116.48111060537097,37.46153846153846,116.48111060537097,37.46153846153846,0
per_huruf,3,1723,0.693918646798228,116.39462903959947,37.53846153846154,116.39462903959947,37.53846153846154,0
per_huruf,3,1724,0.6943213854208619,116.31178880291307,37.61538461538461,116.31178880291307,37.61538461538461,0
per_huruf,3,1725,0.6947241240434958,116.2339553937187,37.69230769230769,116.2339553937187,37.69230769230769,0
per_huruf,3,1726,0.6951268626661297,116.1624943104233,37.76923076923077,116.1624943104233,37.76923076923077,0
per_huruf,3,1727,0.6955296012887636,116.09877105143377,37.84615384615385,116.09877105143377,37.84615384615385,0
per_huruf,3,1728,0.6959323399113976,116.04415111515704,37.92307692307692,116.04415111515704,37.92307692307692,0
per_huruf,3,1729,0.6963350785340314,116.0,38.0,116.0,38.0,0
per_huruf,3,1730,0.6967378171566654,115.96995903504782,38.07692307692309,115.96995903504782,38.07692307692309,0
per_huruf,3,1731,0.6971405557792992,115.9549385525717,38.15384615384616,115.9549385525717,38.15384615384616,0
per_huruf,3,1732,0.6975432944019332,115.95220755575784,38.230769230769226,115.95220755575784,38.230769230769226,0
per_huruf,3,1733,0.697946033024567,115.95903504779243,38.3076923076923,115.95903504779243,38.3076923076923,0
per_huruf,3,1734,0.698348771647201,115.97269003186163,38.384615384615394,115.97269003186163,38.384615384615394,0
per_huruf,3,1735,0.698751510269835,115.99044151115159,38.46153846153847,115.99044151115159,38.46153846153847,0
per_huruf,3,1736,0.6991542488924688,116.00955848884843,38.53846153846154,116.00955848884843,38.53846153846154,0
per_huruf,3,1737,0.6995569875151028,116.02730996813838,38.61538461538462,116.02730996813838,38.61538461538462,0
per_huruf,3,1738,0.6999597261377366,116.04096495220756,38.692307692307686,116.04096495220756,38.692307692307686,0
per_huruf,3,1739,0.7003624647603706,116.04779244424213,38.76923076923077,116.04779244424213,38.76923076923077,0
per_huruf,3,1740,0.7007652033830044,116.04506144742831,38.84615384615385,116.04506144742831,38.84615384615385,0
per_huruf,3,1741,0.7011679420056384,116.0300409649522,38.92307692307692,116.0300409649522,38.92307692307692,0
per_huruf,3,1742,0.7015706806282723,116.0,39.0,116.0,39.0,0
per_huruf,3,1743,0.7019734192509062,115.955848884843,39.07419208010925,115.955848884843,39.07419208010925,0
per_huruf,3,1744,0.7023761578735401,115.90122894856623,39.14383249886209,115.90122894856623,39.14383249886209,0
per_huruf,3,1745,0.702778896496174,115.83750568957666,39.21028675466544,115.83750568957666,39.21028675466544,0
per_huruf,3,1746,0.7031816351188079,115.76604460628127,39.27492034592626,115.76604460628127,39.27492034592626,0
per_huruf,3,1747,0.7035843737414418,115.68821119708694,39.33909877105144,115.68821119708694,39.33909877105144,0
per_huruf,3,1748,0.7039871123640757,115.60537096040056,39.404187528447885,115.60537096040056,39.404187528447885,0
per_huruf,3,1749,0.7043898509867097,115.51888939462904,39.47155211652253,115.51888939462904,39.47155211652253,0
per_huruf,3,1750,0.7047925896093435,115.43013199817932,39.5425580336823,115.43013199817932,39.5425580336823,0
per_huruf,3,1751,0.7051953282319775,115.34046426945835,39.61857077833409,115.34046426945835,39.61857077833409,0
per_huruf,3,1752,0.7055980668546113,115.25125170687299,39.700955848884846,115.25125170687299,39.700955848884846,0
per_huruf,3,1753,0.7060008054772453,115.16385980883022,39.791078743741465,115.16385980883022,39.791078743741465,0
per_huruf,3,1754,0.7064035440998792,115.07965407373692,39.890304961310875,115.07965407373692,39.890304961310875,0
per_huruf,3,1755,0.7068062827225131,115.0,40.0,115.0,40.0,0
per_huruf,3,1756,0.7072090213451471,114.92307692307695,40.123805188893954,114.92307692307695,40.123805188893954,0
per_huruf,3,1757,0.7076117599677809,114.84615384615385,40.262630860264,114.84615384615385,40.262630860264,0
per_huruf,3,1758,0.7080144985904149,114.76923076923075,40.41374601729631,114.76923076923075,40.41374601729631,0
per_huruf,3,1759,0.7084172372130487,114.69230769230768,40.57441966317706,114.69230769230768,40.57441966317706,0
per_huruf,3,1760,0.7088199758356827,114.61538461538463,40.741920801092405,114.61538461538463,40.741920801092405,0
per_huruf,3,1761,0.7092227144583165,114.53846153846156,40.9135184342285,114.53846153846156,40.9135184342285,0
per_huruf,3,1762,0.7096254530809505,114.46153846153847,41.08648156577151,114.46153846153847,41.08648156577151,0
per_huruf,3,1763,0.7100281917035844,114.38461538461539,41.2580791989076,114.38461538461539,41.2580791989076,0
per_huruf,3,1764,0.7104309303262183,114.3076923076923,41.42558033682294,114.3076923076923,41.42558033682294,0
per_huruf,3,1765,0.7108336689488522,114.23076923076921,41.58625398270368,114.23076923076921,41.58625398270368,0
per_huruf,3,1766,0.7112364075714861,114.15384615384615,41.737369139736,114.15384615384615,41.737369139736,0
per_huruf,3,1767,0.71163914619412,114.07692307692307,41.876194811106046,114.07692307692307,41.876194811106046,0
per_huruf,3,1768,0.7120418848167539,114.0,42.0,114.0,42.0,0
per_huruf,3,1769,0.7124446234393879,113.92307692307693,42.10969503868912,113.92307692307693,42.10969503868912,0
per_huruf,3,1770,0.7128473620620218,113.84615384615385,42.20892125625854,113.84615384615385,42.20892125625854,0
per_huruf,3,1771,0.7132501006846557,113.76923076923075,42.29904415111515,113.76923076923075,42.29904415111515,0
per_huruf,3,1772,0.7136528393072896,113.69230769230768,42.3814292216659,113.69230769230768,42.3814292216659,0
per_huruf,3,1773,0.7140555779299235,113.61538461538463,42.45744196631771,113.61538461538463,42.45744196631771,0
per_huruf,3,1774,0.7144583165525574,113.53846153846155,42.52844788347747,113.53846153846155,42.52844788347747,0
per_huruf,3,1775,0.7148610551751914,113.46153846153848,42.59581247155211,113.46153846153848,42.59581247155211,0
per_huruf,3,1776,0.7152637937978252,113.38461538461539,42.66090122894856,113.38461538461539,42.66090122894856,0
per_huruf,3,1777,0.7156665324204592,113.30769230769229,42.72507965407374,113.30769230769229,42.72507965407374,0
per_huruf,3,1778,0.716069271043093,113.23076923076921,42.78971324533454,113.23076923076921,42.78971324533454,0
per_huruf,3,1779,0.716472009665727,113.15384615384615,42.85616750113792,113.15384615384615,42.85616750113792,0
per_huruf,3,1780,0.7168747482883608,113.07692307692308,42.92580791989076,113.07692307692308,42.92580791989076,0
per_huruf,3,1781,0.7172774869109948,113.0,43.0,113.0,43.0,0
per_huruf,3,1782,0.7176802255336288,112.92307692307695,43.07692307692307,112.92307692307695,43.07692307692307,0
per_huruf,3,1783,0.7180829641562626,112.84615384615387,43.15384615384615,112.84615384615387,43.15384615384615,0
per_huruf,3,1784,0.7184857027788966,112.76923076923076,43.230769230769226,112.76923076923076,43.230769230769226,0
per_huruf,3,1785,0.7188884414015304,112.6923076923077,43.30769230769231,112.6923076923077,43.30769230769231,0
per_huruf,3,1786,0.7192911800241644,112.61538461538463,43.38461538461539,112.61538461538463,43.38461538461539,0
per_huruf,3,1787,0.7196939186467982,112.53846153846155,43.46153846153847,112.53846153846155,43.46153846153847,0
per_huruf,3,1788,0.7200966572694322,112.46153846153845,43.53846153846154,112.46153846153845,43.53846153846154,0
per_huruf,3,1789,0.7204993958920661,112.38461538461539,43.61538461538461,112.38461538461539,43.61538461538461,0
per_huruf,3,1790,0.7209021345147,112.30769230769229,43.69230769230769,112.30769230769229,43.69230769230769,0
per_huruf,3,1791,0.7213048731373339,112.23076923076921,43.76923076923076,112.23076923076921,43.76923076923076,0
per_huruf,3,1792,0.7217076117599678,112.15384615384615,43.84615384615385,112.15384615384615,43.84615384615385,0
per_huruf,3,1793,0.7221103503826017,112.07692307692307,43.92307692307692,112.07692307692307,43.92307692307692,0
per_huruf,3,1794,0.7225130890052356,112.0,44.0,112.0,44.0,0
per_huruf,3,1795,0.7229158276278695,111.92307692307693,44.07692307692308,111.92307692307693,44.07692307692308,0
per_huruf,3,1796,0.7233185662505035,111.84615384615385,44.15384615384616,111.84615384615385,44.15384615384616,0
per_huruf,3,1797,0.7237213048731373,111.76923076923075,44.23076923076923,111.76923076923075,44.23076923076923,0
per_huruf,3,1798,0.7241240434957713,111.6923076923077,44.30769230769231,111.6923076923077,44.30769230769231,0
per_huruf,3,1799,0.7245267821184052,111.61538461538463,44.38461538461539,111.61538461538463,44.38461538461539,0
per_huruf,3,1800,0.7249295207410391,111.53846153846155,44.46153846153846,111.53846153846155,44.46153846153846,0
per_huruf,3,1801,0.725332259363673,111.46153846153847,44.53846153846155,111.46153846153847,44.53846153846155,0
per_huruf,3,1802,0.7257349979863069,111.38461538461539,44.61538461538461,111.38461538461539,44.61538461538461,0
per_huruf,3,1803,0.7261377366089409,111.30769230769229,44.69230769230769,111.30769230769229,44.69230769230769,0
per_huruf,3,1804,0.7265404752315747,111.23076923076923,44.76923076923077,111.23076923076923,44.76923076923077,0
per_huruf,3,1805,0.7269432138542087,111.15384615384616,44.84615384615385,111.15384615384616,44.84615384615385,0
per_huruf,3,1806,0.7273459524768425,111.07692307692308,44.92307692307692,111.07692307692308,44.92307692307692,0
per_huruf,3,1807,0.7277486910994765,111.0,45.0,111.0,45.0,0
per_huruf,3,1808,0.7281514297221103,110.92307692307695,45.07692307692308,110.92307692307695,45.07692307692308,0
per_huruf,3,1809,0.7285541683447443,110.84615384615385,45.15384615384615,110.84615384615385,45.15384615384615,0
per_huruf,3,1810,0.7289569069673782,110.76923076923076,45.230769230769226,110.76923076923076,45.230769230769226,0
per_huruf,3,1811,0.7293596455900121,110.69230769230768,45.30769230769231,110.69230769230768,45.30769230769231,0
per_huruf,3,1812,0.729762384212646,110.61538461538463,45.384615384615394,110.61538461538463,45.384615384615394,0
per_huruf,3,1813,0.7301651228352799,110.53846153846155,45.46153846153847,110.53846153846155,45.46153846153847,0
per_huruf,3,1814,0.7305678614579139,110.46153846153847,45.53846153846153,110.46153846153847,45.53846153846153,0
per_huruf,3,1815,0.7309706000805477,110.38461538461539,45.61538461538462,110.38461538461539,45.61538461538462,0
per_huruf,3,1816,0.7313733387031817,110.3076923076923,45.69230769230769,110.3076923076923,45.69230769230769,0
per_huruf,3,1817,0.7317760773258156,110.23076923076923,45.76923076923076,110.23076923076923,45.76923076923076,0
per_huruf,3,1818,0.7321788159484495,110.15384615384616,45.84615384615385,110.15384615384616,45.84615384615385,0
per_huruf,3,1819,0.7325815545710834,110.07692307692307,45.92307692307692,110.07692307692307,45.92307692307692,0
per_huruf,3,1820,0.7329842931937173,110.0,46.0,110.0,46.0,0
per_huruf,3,1821,0.7333870318163512,109.92307692307693,46.07692307692308,109.92307692307693,46.07692307692308,0
per_huruf,3,1822,0.7337897704389851,109.84615384615387,46.15384615384616,109.84615384615387,46.15384615384616,0
per_huruf,3,1823,0.734192509061619,109.76923076923076,46.23076923076922,109.76923076923076,46.23076923076922,0
per_huruf,3,1824,0.734595247684253,109.69230769230768,46.3076923076923,109.69230769230768,46.3076923076923,0
per_huruf,3,1825,0.7349979863068868,109.61538461538464,46.384615384615394,109.61538461538464,46.384615384615394,0
per_huruf,3,1826,0.7354007249295208,109.53846153846155,46.46153846153847,109.53846153846155,46.46153846153847,0
per_huruf,3,1827,0.7358034635521546,109.46153846153845,46.53846153846154,109.46153846153845,46.53846153846154,0
per_huruf,3,1828,0.7362062021747886,109.38461538461539,46.61538461538462,109.38461538461539,46.61538461538462,0
per_huruf,3,1829,0.7366089407974225,109.3076923076923,46.69230769230769,109.3076923076923,46.69230769230769,0
per_huruf,3,1830,0.7370116794200564,109.23076923076923,46.76923076923076,109.23076923076923,46.76923076923076,0
per_huruf,3,1831,0.7374144180426904,109.15384615384616,46.84615384615385,109.15384615384616,46.84615384615385,0
per_huruf,3,1832,0.7378171566653242,109.07692307692308,46.92307692307692,109.07692307692308,46.92307692307692,0
per_huruf,3,1833,0.7382198952879582,109.0,47.0,109.0,47.0,0
per_huruf,3,1834,0.738622633910592,108.93126991351845,47.065999089667734,108.93126991351845,47.065999089667734,0
per_huruf,3,1835,0.739025372533226,108.87619481110607,47.11379153390988,108.87619481110607,47.11379153390988,0
per_huruf,3,1836,0.7394281111558598,108.8306781975421,47.148839326354114,108.8306781975421,47.148839326354114,0
per_huruf,3,1837,0.7398308497784938,108.79062357760581,47.17660446062813,108.79062357760581,47.17660446062813,0
per_huruf,3,1838,0.7402335884011277,108.75193445607648,47.20254893035958,108.75193445607648,47.20254893035958,0
per_huruf,3,1839,0.7406363270237616,108.71051433773327,47.23213472917615,108.71051433773327,47.23213472917615,0
per_huruf,3,1840,0.7410390656463955,108.66226672735549,47.27082385070551,108.66226672735549,47.27082385070551,0
per_huruf,3,1841,0.7414418042690294,108.60309512972235,47.32407828857533,108.60309512972235,47.32407828857533,0
per_huruf,3,1842,0.7418445428916633,108.5289030496131,47.39736003641329,108.5289030496131,47.39736003641329,0
per_huruf,3,1843,0.7422472815142972,108.435593991807,47.49613108784706,108.435593991807,47.49613108784706,0
per_huruf,3,1844,0.7426500201369312,108.3190714610833,47.62585343650433,108.3190714610833,47.62585343650433,0
per_huruf,3,1845,0.7430527587595651,108.1752389622212,47.79198907601274,108.1752389622212,47.79198907601274,0
per_huruf,3,1846,0.743455497382199,108.0,48.0,108.0,48.0,0
per_huruf,3,1847,0.7438582360048329,107.78243058716433,48.26445152480656,107.78243058716433,48.26445152480656,0
per_huruf,3,1848,0.7442609746274668,107.51979972690033,48.58898497951752,107.51979972690033,48.58898497951752,0
per_huruf,3,1849,0.7446637132501007,107.22030040964951,48.96267637687755,107.22030040964951,48.96267637687755,0
per_huruf,3,1850,0.7450664518727346,106.89212562585344,49.37460172963131,106.89212562585344,49.37460172963131,0
per_huruf,3,1851,0.7454691904953685,106.54346836595357,49.81383705052344,106.54346836595357,49.81383705052344,0
per_huruf,3,1852,0.7458719291180025,106.18252162039144,50.26945835229859,106.18252162039144,50.26945835229859,0
per_huruf,3,1853,0.7462746677406363,105.81747837960856,50.730541647701415,105.81747837960856,50.730541647701415,0
per_huruf,3,1854,0.7466774063632703,105.45653163404643,51.18616294947657,105.45653163404643,51.18616294947657,0
per_huruf,3,1855,0.7470801449859041,105.10787437414656,51.62539827036868,105.10787437414656,51.62539827036868,0
per_huruf,3,1856,0.7474828836085381,104.77969959035048,52.03732362312243,104.77969959035048,52.03732362312243,0
per_huruf,3,1857,0.747885622231172,104.48020027309968,52.41101502048248,104.48020027309968,52.41101502048248,0
per_huruf,3,1858,0.7482883608538059,104.21756941283567,52.73554847519344,104.21756941283567,52.73554847519344,0
per_huruf,3,1859,0.7486910994764399,104.0,53.0,104.0,53.0,0
per_huruf,3,1860,0.7490938380990737,103.82203004096496,53.20801092398725,103.82203004096496,53.20801092398725,0
per_huruf,3,1861,0.7494965767217077,103.67091488393265,53.37414656349568,103.67091488393265,53.37414656349568,0
per_huruf,3,1862,0.7498993153443415,103.54392353208918,53.50386891215293,103.54392353208918,53.50386891215293,0
per_huruf,3,1863,0.7503020539669755,103.43832498862083,53.602639963586704,103.43832498862083,53.602639963586704,0
per_huruf,3,1864,0.7507047925896094,103.35138825671372,53.67592171142468,103.35138825671372,53.67592171142468,0
per_huruf,3,1865,0.7511075312122433,103.28038233955394,53.729176149294496,103.28038233955394,53.729176149294496,0
per_huruf,3,1866,0.7515102698348772,103.22257624032773,53.767865270823854,103.22257624032773,53.767865270823854,0
per_huruf,3,1867,0.7519130084575111,103.17523896222121,53.79745106964042,103.17523896222121,53.79745106964042,0
per_huruf,3,1868,0.752315747080145,103.13563950842057,53.823395539371866,103.13563950842057,53.823395539371866,0
per_huruf,3,1869,0.7527184857027789,103.10104688211197,53.85116067364588,103.10104688211197,53.85116067364588,0
per_huruf,3,1870,0.7531212243254128,103.06873008648158,53.886208466090125,103.06873008648158,53.886208466090125,0
per_huruf,3,1871,0.7535239629480468,103.03595812471552,53.934000910332266,103.03595812471552,53.934000910332266,0
per_huruf,3,1872,0.7539267015706806,103.0,54.0,103.0,54.0,0
per_huruf,3,1873,0.7543294401933146,102.96995903504781,54.07692307692309,102.96995903504781,54.07692307692309,0
per_huruf,3,1874,0.7547321788159485,102.9549385525717,54.15384615384616,102.9549385525717,54.15384615384616,0
per_huruf,3,1875,0.7551349174385824,102.95220755575782,54.230769230769226,102.95220755575782,54.230769230769226,0
per_huruf,3,1876,0.7555376560612163,102.95903504779243,54.30769230769231,102.95903504779243,54.30769230769231,0
per_huruf,3,1877,0.7559403946838502,102.97269003186163,54.384615384615394,102.97269003186163,54.384615384615394,0
per_huruf,3,1878,0.7563431333064842,102.99044151115157,54.46153846153847,102.99044151115157,54.46153846153847,0
per_huruf,3,1879,0.756745871929118,103.00955848884843,54.53846153846154,103.00955848884843,54.53846153846154,0
per_huruf,3,1880,0.757148610551752,103.02730996813838,54.61538461538461,103.02730996813838,54.61538461538461,0
per_huruf,3,1881,0.7575513491743858,103.04096495220756,54.692307692307686,103.04096495220756,54.692307692307686,0
per_huruf,3,1882,0.7579540877970198,103.04779244424215,54.76923076923077,103.04779244424215,54.76923076923077,0
per_huruf,3,1883,0.7583568264196536,103.04506144742832,54.846153846153854,103.04506144742832,54.846153846153854,0
per_huruf,3,1884,0.7587595650422876,103.0300409649522,54.92307692307692,103.0300409649522,54.92307692307692,0
per_huruf,3,1885,0.7591623036649215,103.0,55.0,103.0,55.0,0
per_huruf,3,1886,0.7595650422875554,102.955848884843,55.07692307692308,102.955848884843,55.07692307692308,0
per_huruf,3,1887,0.7599677809101893,102.90122894856623,55.15384615384616,102.90122894856623,55.15384615384616,0
per_huruf,3,1888,0.7603705195328232,102.83750568957667,55.23076923076922,102.83750568957667,55.23076923076922,0
per_huruf,3,1889,0.7607732581554572,102.76604460628127,55.3076923076923,102.76604460628127,55.3076923076923,0
per_huruf,3,1890,0.761175996778091,102.68821119708693,55.384615384615394,102.68821119708693,55.384615384615394,0
per_huruf,3,1891,0.761578735400725,102.60537096040053,55.46153846153846,102.60537096040053,55.46153846153846,0
per_huruf,3,1892,0.7619814740233589,102.51888939462903,55.53846153846153,102.51888939462903,55.53846153846153,0
per_huruf,3,1893,0.7623842126459928,102.43013199817933,55.61538461538461,102.43013199817933,55.61538461538461,0
per_huruf,3,1894,0.7627869512686267,102.34046426945835,55.69230769230769,102.34046426945835,55.69230769230769,0
per_huruf,3,1895,0.7631896898912606,102.251251706873,55.76923076923076,102.251251706873,55.76923076923076,0
per_huruf,3,1896,0.7635924285138945,102.16385980883022,55.84615384615384,102.16385980883022,55.84615384615384,0
per_huruf,3,1897,0.7639951671365284,102.0796540737369,55.92307692307692,102.0796540737369,55.92307692307692,0
per_huruf,3,1898,0.7643979057591623,102.0,56.0,102.0,56.0,0
per_huruf,3,1899,0.7648006443817963,101.93673190714611,56.06053709604006,101.93673190714611,56.06053709604006,0
per_huruf,3,1900,0.7652033830044301,101.89622212107419,56.09376422394175,101.89622212107419,56.09376422394175,0
per_huruf,3,1901,0.7656061216270641,101.87164314974964,56.107874374146554,101.87164314974964,56.107874374146554,0
per_huruf,3,1902,0.7660088602496979,101.85616750113792,56.111060537096044,101.85616750113792,56.111060537096044,0
per_huruf,3,1903,0.7664115988723319,101.84296768320439,56.11151570323168,101.84296768320439,56.11151570323168,0
per_huruf,3,1904,0.7668143374949657,101.82521620391445,56.117432862994995,101.82521620391445,56.117432862994995,0
per_huruf,3,1905,0.7672170761175997,101.7960855712335,56.13700500682749,101.7960855712335,56.13700500682749,0
per_huruf,3,1906,0.7676198147402337,101.748748293127,56.17842512517069,101.748748293127,56.17842512517069,0
per_huruf,3,1907,0.7680225533628675,101.67637687756032,56.24988620846609,101.67637687756032,56.24988620846609,0
per_huruf,3,1908,0.7684252919855015,101.57214383249885,56.359581247155205,101.57214383249885,56.359581247155205,0
per_huruf,3,1909,0.7688280306081353,101.42922166590806,56.51570323167956,101.42922166590806,56.51570323167956,0
per_huruf,3,1910,0.7692307692307693,101.2407828857533,56.72644515248065,101.2407828857533,56.72644515248065,0
per_huruf,3,1911,0.7696335078534031,101.0,57.0,101.0,57.0,0
per_huruf,3,1912,0.7700362464760371,100.6886663632226,57.35821574874831,100.6886663632226,57.35821574874831,0
per_huruf,3,1913,0.770438985098671,100.30223031406464,57.80655439235321,100.30223031406464,57.80655439235321,0
per_huruf,3,1914,0.7708417237213049,99.85434683659534,58.32862994993172,99.85434683659534,58.32862994993172,0
per_huruf,3,1915,0.7712444623439388,99.35867091488393,58.90805644060082,99.35867091488393,58.90805644060082,0
per_huruf,3,1916,0.7716472009665727,98.82885753299956,59.528447883477476,98.82885753299956,59.528447883477476,0
per_huruf,3,1917,0.7720499395892066,98.27856167501139,60.17341829767865,98.27856167501139,60.17341829767865,0
per_huruf,3,1918,0.7724526782118405,97.72143832498861,60.82658170232134,97.72143832498861,60.82658170232134,0
per_huruf,3,1919,0.7728554168344745,97.17114246700046,61.47155211652253,97.17114246700046,61.47155211652253,0
per_huruf,3,1920,0.7732581554571084,96.64132908511607,62.091943559399176,96.64132908511607,62.091943559399176,0
per_huruf,3,1921,0.7736608940797423,96.14565316340463,62.67137005006827,96.14565316340463,62.67137005006827,0
per_huruf,3,1922,0.7740636327023762,95.69776968593537,63.193445607646794,95.69776968593537,63.193445607646794,0
per_huruf,3,1923,0.7744663713250101,95.31133363677742,63.64178425125171,95.31133363677742,63.64178425125171,0
per_huruf,3,1924,0.774869109947644,95.0,64.0,95.0,64.0,0
per_huruf,3,1925,0.7752718485702779,94.77014110150205,64.26809285389167,94.77014110150205,64.26809285389167,0
per_huruf,3,1926,0.7756745871929118,94.61083295402823,64.46426945835229,94.61083295402823,64.46426945835229,0
per_huruf,3,1927,0.7760773258155458,94.50978607191624,64.59945380063722,94.50978607191624,64.59945380063722,0
per_huruf,3,1928,0.7764800644381796,94.45471096950385,64.68456986800182,94.45471096950385,64.68456986800182,0
per_huruf,3,1929,0.7768828030608136,94.43331816112882,64.73054164770141,94.43331816112882,64.73054164770141,0
per_huruf,3,1930,0.7772855416834474,94.43331816112882,64.74829312699136,94.43331816112882,64.74829312699136,0
per_huruf,3,1931,0.7776882803060814,94.44242148384161,64.748748293127,94.44242148384161,64.748748293127,0
per_huruf,3,1932,0.7780910189287154,94.44833864360491,64.74283113336368,94.44833864360491,64.74283113336368,0
per_huruf,3,1933,0.7784937575513492,94.43878015475649,64.74146563495675,94.43878015475649,64.74146563495675,0
per_huruf,3,1934,0.7788964961739832,94.40145653163404,64.75557578516157,94.40145653163404,64.75557578516157,0
per_huruf,3,1935,0.779299234796617,94.32407828857532,64.7960855712335,94.32407828857532,64.7960855712335,0
per_huruf,3,1936,0.779701973419251,94.19435593991807,64.87391898042785,94.19435593991807,64.87391898042785,0
per_huruf,3,1937,0.7801047120418848,94.0,65.0,94.0,65.0,0
per_huruf,3,1938,0.7805074506645188,93.73554847519345,65.17068730086483,93.73554847519345,65.17068730086483,0
per_huruf,3,1939,0.7809101892871527,93.41101502048248,65.37141556668185,93.41101502048248,65.37141556668185,0
per_huruf,3,1940,0.7813129279097866,93.03732362312242,65.59672280382338,93.03732362312242,65.59672280382338,0
per_huruf,3,1941,0.7817156665324205,92.62539827036868,65.84114701866181,92.62539827036868,65.84114701866181,0
per_huruf,3,1942,0.7821184051550544,92.18616294947655,66.09922621756942,92.18616294947655,66.09922621756942,0
per_huruf,3,1943,0.7825211437776883,91.73054164770141,66.36549840691853,91.73054164770141,66.36549840691853,0
per_huruf,3,1944,0.7829238824003222,91.26945835229859,66.63450159308148,91.26945835229859,66.63450159308148,0
per_huruf,3,1945,0.7833266210229561,90.81383705052343,66.90077378243059,90.81383705052343,66.90077378243059,0
per_huruf,3,1946,0.7837293596455901,90.37460172963131,67.15885298133819,90.37460172963131,67.15885298133819,0
per_huruf,3,1947,0.7841320982682239,89.96267637687755,67.40327719617659,89.96267637687755,67.40327719617659,0
per_huruf,3,1948,0.7845348368908579,89.58898497951752,67.62858443331817,89.58898497951752,67.62858443331817,0
per_huruf,3,1949,0.7849375755134917,89.26445152480656,67.82931269913519,89.26445152480656,67.82931269913519,0
per_huruf,3,1950,0.7853403141361257,89.0,68.0,89.0,68.0,0
per_huruf,3,1951,0.7857430527587596,88.79198907601275,68.14246700045518,88.79198907601275,68.14246700045518,0
per_huruf,3,1952,0.7861457913813935,88.62585343650433,68.26399635867092,88.62585343650433,68.26399635867092,0
per_huruf,3,1953,0.7865485300040275,88.49613108784705,68.36731907146107,88.49613108784705,68.36731907146107,0
per_huruf,3,1954,0.7869512686266613,88.39736003641327,68.4551661356395,88.39736003641327,68.4551661356395,0
per_huruf,3,1955,0.7873540072492953,88.32407828857534,68.53026854802003,88.32407828857534,68.53026854802003,0
per_huruf,3,1956,0.7877567458719291,88.27082385070551,68.59535730541648,88.27082385070551,68.59535730541648,0
per_huruf,3,1957,0.7881594844945631,88.23213472917614,68.6531634046427,88.23213472917614,68.6531634046427,0
per_huruf,3,1958,0.7885622231171969,88.20254893035958,68.70641784251252,88.20254893035958,68.70641784251252,0
per_huruf,3,1959,0.7889649617398309,88.17660446062813,68.75785161583978,88.17660446062813,68.75785161583978,0
per_huruf,3,1960,0.7893677003624648,88.1488393263541,68.81019572143832,88.1488393263541,68.81019572143832,0
per_huruf,3,1961,0.7897704389850987,88.11379153390988,68.866181156122,88.11379153390988,68.866181156122,0
per_huruf,3,1962,0.7901731776077326,88.06599908966771,68.9285389167046,88.06599908966771,68.9285389167046,0
per_huruf,3,1963,0.7905759162303665,88.0,69.0,88.0,69.0,0
per_huruf,3,1964,0.7909786548530005,87.93946290395995,69.07419208010926,87.93946290395995,69.07419208010926,0
per_huruf,3,1965,0.7913813934756343,87.90623577605827,69.14383249886208,87.90623577605827,69.14383249886208,0
per_huruf,3,1966,0.7917841320982683,87.89212562585342,69.21028675466543,87.89212562585342,69.21028675466543,0
per_huruf,3,1967,0.7921868707209022,87.88893946290396,69.27492034592625,87.88893946290396,69.27492034592625,0
per_huruf,3,1968,0.7925896093435361,87.88848429676833,69.33909877105144,87.88848429676833,69.33909877105144,0
per_huruf,3,1969,0.79299234796617,87.88256713700503,69.40418752844789,87.88256713700503,69.40418752844789,0
per_huruf,3,1970,0.7933950865888039,87.86299499317252,69.47155211652253,87.86299499317252,69.47155211652253,0
per_huruf,3,1971,0.7937978252114378,87.82157487482931,69.5425580336823,87.82157487482931,69.5425580336823,0
per_huruf,3,1972,0.7942005638340717,87.7501137915339,69.61857077833409,87.7501137915339,69.61857077833409,0
per_huruf,3,1973,0.7946033024567056,87.64041875284477,69.70095584888483,87.64041875284477,69.70095584888483,0
per_huruf,3,1974,0.7950060410793396,87.48429676832043,69.79107874374147,87.48429676832043,69.79107874374147,0
per_huruf,3,1975,0.7954087797019734,87.27355484751934,69.89030496131087,87.27355484751934,69.89030496131087,0
per_huruf,3,1976,0.7958115183246074,87.0,70.0,87.0,70.0,0
per_huruf,3,1977,0.7962142569472412,86.6417842512517,70.12653618570779,86.6417842512517,70.12653618570779,0
per_huruf,3,1978,0.7966169955698752,86.19344560764681,70.27264451524806,86.19344560764681,70.27264451524806,0
per_huruf,3,1979,0.797019734192509,85.67137005006826,70.43422849340007,85.67137005006826,70.43422849340007,0
per_huruf,3,1980,0.797422472815143,85.09194355939918,70.6071916249431,85.09194355939918,70.6071916249431,0
per_huruf,3,1981,0.797825211437777,84.47155211652255,70.78743741465635,84.47155211652255,70.78743741465635,0
per_huruf,3,1982,0.7982279500604108,83.82658170232135,70.97086936731908,83.82658170232135,70.97086936731908,0
per_huruf,3,1983,0.7986306886830448,83.17341829767864,71.15339098771052,83.17341829767864,71.15339098771052,0
per_huruf,3,1984,0.7990334273056786,82.52844788347747,71.33090578060992,82.52844788347747,71.33090578060992,0
per_huruf,3,1985,0.7994361659283126,81.90805644060082,71.49931725079654,81.90805644060082,71.49931725079654,0
per_huruf,3,1986,0.7998389045509464,81.32862994993172,71.65452890304961,81.32862994993172,71.65452890304961,0
per_huruf,3,1987,0.8002416431735804,80.8065543923532,71.79244424214839,80.8065543923532,71.79244424214839,0
per_huruf,3,1988,0.8006443817962143,80.3582157487483,71.9089667728721,80.3582157487483,71.9089667728721,0
per_huruf,3,1989,0.8010471204188482,80.0,72.0,80.0,72.0,0
per_huruf,3,1990,0.8014498590414821,79.72644515248068,72.06827492034593,79.72644515248068,72.06827492034593,0
per_huruf,3,1991,0.801852597664116,79.51570323167957,72.12016385980884,79.51570323167957,72.12016385980884,0
per_huruf,3,1992,0.8022553362867499,79.3595812471552,72.15703231679561,79.3595812471552,72.15703231679561,0
per_huruf,3,1993,0.8026580749093838,79.24988620846608,72.18024578971324,79.24988620846608,72.18024578971324,0
per_huruf,3,1994,0.8030608135320177,79.17842512517069,72.1911697769686,79.17842512517069,72.1911697769686,0
per_huruf,3,1995,0.8034635521546517,79.13700500682751,72.19116977696858,79.13700500682751,72.19116977696858,0
per_huruf,3,1996,0.8038662907772856,79.11743286299499,72.18161128812017,79.11743286299499,72.18161128812017,0
per_huruf,3,1997,0.8042690293999195,79.11151570323169,72.16385980883022,79.11151570323169,72.16385980883022,0
per_huruf,3,1998,0.8046717680225534,79.11106053709604,72.13928083750568,79.11106053709604,72.13928083750568,0
per_huruf,3,1999,0.8050745066451873,79.10787437414655,72.10923987255347,79.10787437414655,72.10923987255347,0
per_huruf,3,2000,0.8054772452678212,79.09376422394175,72.07510241238052,79.09376422394175,72.07510241238052,0
per_huruf,3,2001,0.8058799838904551,79.06053709604005,72.03823395539372,79.06053709604005,72.03823395539372,0
per_huruf,3,2002,0.8062827225130891,79.0,72.0,79.0,72.0,0
per_huruf,3,2003,0.8066854611357229,78.9203459262631,71.955848884843,78.9203459262631,71.955848884843,0
per_huruf,3,2004,0.8070881997583569,78.83614019116978,71.90122894856624,78.83614019116978,71.90122894856624,0
per_huruf,3,2005,0.8074909383809907,78.74874829312698,71.83750568957667,78.74874829312698,71.83750568957667,0
per_huruf,3,2006,0.8078936770036247,78.65953573054163,71.76604460628128,78.65953573054163,71.76604460628128,0
per_huruf,3,2007,0.8082964156262585,78.56986800182068,71.68821119708693,78.56986800182068,71.68821119708693,0
per_huruf,3,2008,0.8086991542488925,78.48111060537097,71.60537096040053,78.48111060537097,71.60537096040053,0
per_huruf,3,2009,0.8091018928715265,78.39462903959947,71.51888939462904,78.39462903959947,71.51888939462904,0
per_huruf,3,2010,0.8095046314941603,78.31178880291307,71.43013199817933,78.31178880291307,71.43013199817933,0
per_huruf,3,2011,0.8099073701167943,78.2339553937187,71.34046426945835,78.2339553937187,71.34046426945835,0
per_huruf,3,2012,0.8103101087394281,78.1624943104233,71.251251706873,78.1624943104233,71.251251706873,0
per_huruf,3,2013,0.8107128473620621,78.09877105143377,71.16385980883022,78.09877105143377,71.16385980883022,0
per_huruf,3,2014,0.811115585984696,78.04415111515704,71.07965407373692,78.04415111515704,71.07965407373692,0
per_huruf,3,2015,0.8115183246073299,78.0,71.0,78.0,71.0,0
per_huruf,3,2016,0.8119210632299638,77.96995903504781,70.92307692307693,77.96995903504781,70.92307692307693,0
per_huruf,3,2017,0.8123238018525977,77.95493855257169,70.84615384615385,77.95493855257169,70.84615384615385,0
per_huruf,3,2018,0.8127265404752316,77.95220755575784,70.76923076923076,77.95220755575784,70.76923076923076,0
per_huruf,3,2019,0.8131292790978655,77.95903504779244,70.69230769230768,77.95903504779244,70.69230769230768,0
per_huruf,3,2020,0.8135320177204994,77.97269003186165,70.61538461538463,77.97269003186165,70.61538461538463,0
per_huruf,3,2021,0.8139347563431334,77.99044151115157,70.53846153846155,77.99044151115157,70.53846153846155,0
per_huruf,3,2022,0.8143374949657672,78.00955848884843,70.46153846153845,78.00955848884843,70.46153846153845,0
per_huruf,3,2023,0.8147402335884012,78.02730996813838,70.38461538461539,78.02730996813838,70.38461538461539,0
per_huruf,3,2024,0.815142972211035,78.04096495220756,70.3076923076923,78.04096495220756,70.3076923076923,0
per_huruf,3,2025,0.815545710833669,78.04779244424213,70.23076923076923,78.04779244424213,70.23076923076923,0
per_huruf,3,2026,0.8159484494563028,78.04506144742831,70.15384615384616,78.04506144742831,70.15384615384616,0
per_huruf,3,2027,0.8163511880789368,78.0300409649522,70.07692307692308,78.0300409649522,70.07692307692308,0
per_huruf,3,2028,0.8167539267015708,78.0,70.0,78.0,70.0,0
per_huruf,3,2029,0.8171566653242046,77.95311788802915,69.92307692307695,77.95311788802915,69.92307692307695,0
per_huruf,3,2030,0.8175594039468386,77.89121529358216,69.84615384615384,77.89121529358216,69.84615384615384,0
per_huruf,3,2031,0.8179621425694724,77.81702321347291,69.76923076923076,77.81702321347291,69.76923076923076,0
per_huruf,3,2032,0.8183648811921064,77.73327264451524,69.69230769230768,77.73327264451524,69.69230769230768,0
per_huruf,3,2033,0.8187676198147402,77.642694583523,69.61538461538461,77.642694583523,69.61538461538461,0
per_huruf,3,2034,0.8191703584373742,77.54802002730997,69.53846153846155,77.54802002730997,69.53846153846155,0
per_huruf,3,2035,0.8195730970600081,77.45197997269004,69.46153846153847,77.45197997269004,69.46153846153847,0
per_huruf,3,2036,0.819975835682642,77.35730541647702,69.38461538461539,77.35730541647702,69.38461538461539,0
per_huruf,3,2037,0.8203785743052759,77.26672735548475,69.3076923076923,77.26672735548475,69.3076923076923,0
per_huruf,3,2038,0.8207813129279098,77.18297678652708,69.23076923076923,77.18297678652708,69.23076923076923,0
per_huruf,3,2039,0.8211840515505437,77.10878470641785,69.15384615384616,77.10878470641785,69.15384615384616,0
per_huruf,3,2040,0.8215867901731776,77.04688211197087,69.07692307692308,77.04688211197087,69.07692307692308,0
per_huruf,3,2041,0.8219895287958116,77.0,69.0,77.0,69.0,0
per_huruf,3,2042,0.8223922674184455,76.96995903504781,68.92307692307692,76.96995903504781,68.92307692307692,0
per_huruf,3,2043,0.8227950060410794,76.95493855257169,68.84615384615385,76.95493855257169,68.84615384615385,0
per_huruf,3,2044,0.8231977446637133,76.95220755575784,68.76923076923076,76.95220755575784,68.76923076923076,0
per_huruf,3,2045,0.8236004832863472,76.95903504779243,68.6923076923077,76.95903504779243,68.6923076923077,0
per_huruf,3,2046,0.8240032219089811,76.97269003186165,68.61538461538463,76.97269003186165,68.61538461538463,0
per_huruf,3,2047,0.824405960531615,76.99044151115157,68.53846153846155,76.99044151115157,68.53846153846155,0
per_huruf,3,2048,0.8248086991542489,77.00955848884844,68.46153846153847,77.00955848884844,68.46153846153847,0
per_huruf,3,2049,0.8252114377768829,77.02730996813838,68.38461538461539,77.02730996813838,68.38461538461539,0
per_huruf,3,2050,0.8256141763995167,77.04096495220756,68.30769230769229,77.04096495220756,68.30769230769229,0
per_huruf,3,2051,0.8260169150221507,77.04779244424215,68.23076923076923,77.04779244424215,68.23076923076923,0
per_huruf,3,2052,0.8264196536447845,77.04506144742831,68.15384615384616,77.04506144742831,68.15384615384616,0
per_huruf,3,2053,0.8268223922674185,77.0300409649522,68.07692307692308,77.0300409649522,68.07692307692308,0
per_huruf,3,2054,0.8272251308900523,77.0,68.0,77.0,68.0,0
per_huruf,3,2055,0.8276278695126863,76.95584888484298,67.9203459262631,76.95584888484298,67.9203459262631,0
per_huruf,3,2056,0.8280306081353203,76.90122894856623,67.83614019116979,76.90122894856623,67.83614019116979,0
per_huruf,3,2057,0.8284333467579541,76.83750568957669,67.74874829312698,76.83750568957669,67.74874829312698,0
per_huruf,3,2058,0.8288360853805881,76.76604460628128,67.65953573054163,76.76604460628128,67.65953573054163,0
per_huruf,3,2059,0.8292388240032219,76.68821119708694,67.56986800182068,76.68821119708694,67.56986800182068,0
per_huruf,3,2060,0.8296415626258559,76.60537096040055,67.48111060537097,76.60537096040055,67.48111060537097,0
per_huruf,3,2061,0.8300443012484897,76.51888939462903,67.39462903959947,76.51888939462903,67.39462903959947,0
per_huruf,3,2062,0.8304470398711237,76.43013199817932,67.31178880291307,76.43013199817932,67.31178880291307,0
per_huruf,3,2063,0.8308497784937576,76.34046426945835,67.2339553937187,76.34046426945835,67.2339553937187,0
per_huruf,3,2064,0.8312525171163915,76.251251706873,67.16249431042331,76.251251706873,67.16249431042331,0
per_huruf,3,2065,0.8316552557390254,76.16385980883021,67.09877105143377,76.16385980883021,67.09877105143377,0
per_huruf,3,2066,0.8320579943616593,76.07965407373692,67.04415111515704,76.07965407373692,67.04415111515704,0
per_huruf,3,2067,0.8324607329842932,76.0,67.0,76.0,67.0,0
per_huruf,3,2068,0.8328634716069271,75.92307692307693,66.96722803823397,75.92307692307693,66.96722803823397,0
per_huruf,3,2069,0.833266210229561,75.84615384615384,66.94492489758763,75.84615384615384,66.94492489758763,0
per_huruf,3,2070,0.833668948852195,75.76923076923076,66.93172507965406,75.76923076923076,66.93172507965406,0
per_huruf,3,2071,0.8340716874748288,75.6923076923077,66.9262630860264,75.6923076923077,66.9262630860264,0
per_huruf,3,2072,0.8344744260974628,75.61538461538463,66.92717341829768,75.61538461538463,66.92717341829768,0
per_huruf,3,2073,0.8348771647200967,75.53846153846155,66.933090578061,75.53846153846155,66.933090578061,0
per_huruf,3,2074,0.8352799033427306,75.46153846153845,66.94264906690941,75.46153846153845,66.94264906690941,0
per_huruf,3,2075,0.8356826419653645,75.38461538461539,66.95448338643605,75.38461538461539,66.95448338643605,0
per_huruf,3,2076,0.8360853805879984,75.3076923076923,66.96722803823396,75.3076923076923,66.96722803823396,0
per_huruf,3,2077,0.8364881192106324,75.23076923076923,66.97951752389622,75.23076923076923,66.97951752389622,0
per_huruf,3,2078,0.8368908578332662,75.15384615384616,66.98998634501594,75.15384615384616,66.98998634501594,0
per_huruf,3,2079,0.8372935964559002,75.07692307692307,66.99726900318616,75.07692307692307,66.99726900318616,0
per_huruf,3,2080,0.837696335078534,75.0,67.0,75.0,67.0,0
per_huruf,3,2081,0.838099073701168,74.92307692307693,67.00000000000001,74.92307692307693,67.00000000000001,0
per_huruf,3,2082,0.8385018123238018,74.84615384615384,67.00000000000001,74.84615384615384,67.00000000000001,0
per_huruf,3,2083,0.8389045509464358,74.76923076923076,66.99999999999999,74.76923076923076,66.99999999999999,0
per_huruf,3,2084,0.8393072895690697,74.69230769230768,66.99999999999999,74.69230769230768,66.99999999999999,0
per_huruf,3,2085,0.8397100281917036,74.61538461538461,67.00000000000001,74.61538461538461,67.00000000000001,0
per_huruf,3,2086,0.8401127668143376,74.53846153846153,67.00000000000001,74.53846153846153,67.00000000000001,0
per_huruf,3,2087,0.8405155054369714,74.46153846153847,67.0,74.46153846153847,67.0,0
per_huruf,3,2088,0.8409182440596054,74.38461538461539,67.0,74.38461538461539,67.0,0
per_huruf,3,2089,0.8413209826822393,74.3076923076923,67.0,74.3076923076923,67.0,0
per_huruf,3,2090,0.8417237213048732,74.23076923076923,67.0,74.23076923076923,67.0,0
per_huruf,3,2091,0.8421264599275071,74.15384615384616,67.0,74.15384615384616,67.0,0
per_huruf,3,2092,0.842529198550141,74.07692307692308,67.0,74.07692307692308,67.0,0
per_huruf,3,2093,0.8429319371727749,74.0,67.0,74.0,67.0,0
per_huruf,3,2094,0.8433346757954088,73.92307692307693,67.00000000000001,73.92307692307693,67.00000000000001,0
per_huruf,3,2095,0.8437374144180427,73.84615384615385,67.00000000000001,73.84615384615385,67.00000000000001,0
per_huruf,3,2096,0.8441401530406767,73.76923076923077,66.99999999999999,73.76923076923077,66.99999999999999,0
per_huruf,3,2097,0.8445428916633105,73.69230769230768,66.99999999999999,73.69230769230768,66.99999999999999,0
per_huruf,3,2098,0.8449456302859445,73.61538461538461,67.00000000000001,73.61538461538461,67.00000000000001,0
per_huruf,3,2099,0.8453483689085783,73.53846153846153,67.00000000000001,73.53846153846153,67.00000000000001,0
per_huruf,3,2100,0.8457511075312123,73.46153846153845,67.0,73.46153846153845,67.0,0
per_huruf,3,2101,0.8461538461538461,73.38461538461539,67.0,73.38461538461539,67.0,0
per_huruf,3,2102,0.8465565847764801,73.30769230769229,67.0,73.30769230769229,67.0,0
per_huruf,3,2103,0.8469593233991141,73.23076923076923,67.0,73.23076923076923,67.0,0
per_huruf,3,2104,0.8473620620217479,73.15384615384616,67.0,73.15384615384616,67.0,0
per_huruf,3,2105,0.8477648006443819,73.07692307692307,67.0,73.07692307692307,67.0,0
per_huruf,3,2106,0.8481675392670157,73.0,67.0,73.0,67.0,0
per_huruf,3,2107,0.8485702778896497,72.92307692307693,67.00000000000001,72.92307692307693,67.00000000000001,0
per_huruf,3,2108,0.8489730165122835,72.84615384615385,67.00000000000001,72.84615384615385,67.00000000000001,0
per_huruf,3,2109,0.8493757551349175,72.76923076923076,66.99999999999999,72.76923076923076,66.99999999999999,0
per_huruf,3,2110,0.8497784937575514,72.6923076923077,66.99999999999999,72.6923076923077,66.99999999999999,0
per_huruf,3,2111,0.8501812323801853,72.61538461538461,67.00000000000001,72.61538461538461,67.00000000000001,0
per_huruf,3,2112,0.8505839710028192,72.53846153846153,67.00000000000001,72.53846153846153,67.00000000000001,0
per_huruf,3,2113,0.8509867096254531,72.46153846153845,67.0,72.46153846153845,67.0,0
per_huruf,3,2114,0.851389448248087,72.38461538461539,67.0,72.38461538461539,67.0,0
per_huruf,3,2115,0.8517921868707209,72.3076923076923,67.0,72.3076923076923,67.0,0
per_huruf,3,2116,0.8521949254933548,72.23076923076923,67.0,72.23076923076923,67.0,0
per_huruf,3,2117,0.8525976641159888,72.15384615384616,67.0,72.15384615384616,67.0,0
per_huruf,3,2118,0.8530004027386227,72.07692307692307,67.0,72.07692307692307,67.0,0
per_huruf,3,2119,0.8534031413612566,72.0,67.0,72.0,67.0,0
per_huruf,3,2120,0.8538058799838905,71.92307692307695,67.00000000000001,71.92307692307695,67.00000000000001,0
per_huruf,3,2121,0.8542086186065244,71.84615384615385,67.00000000000001,71.84615384615385,67.00000000000001,0
per_huruf,3,2122,0.8546113572291583,71.76923076923076,66.99999999999999,71.76923076923076,66.99999999999999,0
per_huruf,3,2123,0.8550140958517922,71.6923076923077,66.99999999999999,71.6923076923077,66.99999999999999,0
per_huruf,3,2124,0.8554168344744262,71.61538461538461,67.00000000000001,71.61538461538461,67.00000000000001,0
per_huruf,3,2125,0.85581957309706,71.53846153846155,67.00000000000001,71.53846153846155,67.00000000000001,0
per_huruf,3,2126,0.856222311719694,71.46153846153847,67.0,71.46153846153847,67.0,0
per_huruf,3,2127,0.8566250503423278,71.38461538461539,67.0,71.38461538461539,67.0,0
per_huruf,3,2128,0.8570277889649618,71.3076923076923,67.0,71.3076923076923,67.0,0
per_huruf,3,2129,0.8574305275875956,71.23076923076923,67.0,71.23076923076923,67.0,0
per_huruf,3,2130,0.8578332662102296,71.15384615384616,67.0,71.15384615384616,67.0,0
per_huruf,3,2131,0.8582360048328636,71.07692307692308,67.0,71.07692307692308,67.0,0
per_huruf,3,2132,0.8586387434554974,71.0,67.0,71.0,67.0,0
per_huruf,3,2133,0.8590414820781314,70.92307692307693,67.00000000000001,70.92307692307693,67.00000000000001,0
per_huruf,3,2134,0.8594442207007652,70.84615384615385,67.00000000000001,70.84615384615385,67.00000000000001,0
per_huruf,3,2135,0.8598469593233992,70.76923076923076,66.99999999999999,70.76923076923076,66.99999999999999,0
per_huruf,3,2136,0.860249697946033,70.69230769230768,66.99999999999999,70.69230769230768,66.99999999999999,0
per_huruf,3,2137,0.860652436568667,70.61538461538463,67.00000000000001,70.61538461538463,67.00000000000001,0
per_huruf,3,2138,0.8610551751913009,70.53846153846155,67.00000000000001,70.53846153846155,67.00000000000001,0
per_huruf,3,2139,0.8614579138139348,70.46153846153845,67.0,70.46153846153845,67.0,0
per_huruf,3,2140,0.8618606524365687,70.38461538461539,67.0,70.38461538461539,67.0,0
per_huruf,3,2141,0.8622633910592026,70.3076923076923,67.0,70.3076923076923,67.0,0
per_huruf,3,2142,0.8626661296818365,70.23076923076923,67.0,70.23076923076923,67.0,0
per_huruf,3,2143,0.8630688683044704,70.15384615384616,67.0,70.15384615384616,67.0,0
per_huruf,3,2144,0.8634716069271043,70.07692307692308,67.0,70.07692307692308,67.0,0
per_huruf,3,2145,0.8638743455497383,70.0,67.0,70.0,67.0,0
per_huruf,3,2146,0.8642770841723721,69.92034592626311,66.99726900318618,69.92034592626311,66.99726900318618,0
per_huruf,3,2147,0.8646798227950061,69.83614019116978,66.98998634501594,69.83614019116978,66.98998634501594,0
per_huruf,3,2148,0.86508256141764,69.74874829312698,66.9795175238962,69.74874829312698,66.9795175238962,0
per_huruf,3,2149,0.8654853000402739,69.65953573054163,66.96722803823394,69.65953573054163,66.96722803823394,0
per_huruf,3,2150,0.8658880386629078,69.56986800182067,66.95448338643605,69.56986800182067,66.95448338643605,0
per_huruf,3,2151,0.8662907772855417,69.48111060537097,66.94264906690942,69.48111060537097,66.94264906690942,0
per_huruf,3,2152,0.8666935159081757,69.39462903959945,66.93309057806098,69.39462903959945,66.93309057806098,0
per_huruf,3,2153,0.8670962545308095,69.31178880291307,66.92717341829768,69.31178880291307,66.92717341829768,0
per_huruf,3,2154,0.8674989931534435,69.23395539371872,66.9262630860264,69.23395539371872,66.9262630860264,0
per_huruf,3,2155,0.8679017317760773,69.16249431042331,66.93172507965406,69.16249431042331,66.93172507965406,0
per_huruf,3,2156,0.8683044703987113,69.09877105143377,66.94492489758761,69.09877105143377,66.94492489758761,0
per_huruf,3,2157,0.8687072090213451,69.04415111515704,66.96722803823396,69.04415111515704,66.96722803823396,0
per_huruf,3,2158,0.8691099476439791,69.0,67.0,69.0,67.0,0
per_huruf,3,2159,0.869512686266613,68.96995903504781,67.04688211197087,68.96995903504781,67.04688211197087,0
per_huruf,3,2160,0.8699154248892469,68.95493855257169,67.10878470641785,68.95493855257169,67.10878470641785,0
per_huruf,3,2161,0.8703181635118808,68.95220755575784,67.18297678652708,68.95220755575784,67.18297678652708,0
per_huruf,3,2162,0.8707209021345147,68.95903504779243,67.26672735548475,68.95903504779243,67.26672735548475,0
per_huruf,3,2163,0.8711236407571487,68.97269003186163,67.35730541647702,68.97269003186163,67.35730541647702,0
per_huruf,3,2164,0.8715263793797825,68.99044151115159,67.45197997269004,68.99044151115159,67.45197997269004,0
per_huruf,3,2165,0.8719291180024165,69.00955848884843,67.54802002730997,69.00955848884843,67.54802002730997,0
per_huruf,3,2166,0.8723318566250504,69.02730996813837,67.64269458352298,69.02730996813837,67.64269458352298,0
per_huruf,3,2167,0.8727345952476843,69.04096495220756,67.73327264451524,69.04096495220756,67.73327264451524,0
per_huruf,3,2168,0.8731373338703182,69.04779244424213,67.81702321347291,69.04779244424213,67.81702321347291,0
per_huruf,3,2169,0.8735400724929521,69.04506144742831,67.89121529358216,69.04506144742831,67.89121529358216,0
per_huruf,3,2170,0.873942811115586,69.0300409649522,67.95311788802913,69.0300409649522,67.95311788802913,0
per_huruf,3,2171,0.87434554973822,69.0,68.0,69.0,68.0,0
per_huruf,3,2172,0.8747482883608538,68.95311788802913,68.0300409649522,68.95311788802913,68.0300409649522,0
per_huruf,3,2173,0.8751510269834878,68.89121529358216,68.04506144742831,68.89121529358216,68.04506144742831,0
per_huruf,3,2174,0.8755537656061216,68.81702321347291,68.04779244424215,68.81702321347291,68.04779244424215,0
per_huruf,3,2175,0.8759565042287556,68.73327264451524,68.04096495220756,68.73327264451524,68.04096495220756,0
per_huruf,3,2176,0.8763592428513894,68.642694583523,68.02730996813838,68.642694583523,68.02730996813838,0
per_huruf,3,2177,0.8767619814740234,68.54802002730997,68.00955848884844,68.54802002730997,68.00955848884844,0
per_huruf,3,2178,0.8771647200966574,68.45197997269003,67.99044151115157,68.45197997269003,67.99044151115157,0
per_huruf,3,2179,0.8775674587192912,68.35730541647702,67.97269003186163,68.35730541647702,67.97269003186163,0
per_huruf,3,2180,0.8779701973419252,68.26672735548475,67.95903504779244,68.26672735548475,67.95903504779244,0
per_huruf,3,2181,0.878372935964559,68.18297678652708,67.95220755575784,68.18297678652708,67.95220755575784,0
per_huruf,3,2182,0.878775674587193,68.10878470641785,67.95493855257169,68.10878470641785,67.95493855257169,0
per_huruf,3,2183,0.8791784132098268,68.04688211197087,67.9699590350478,68.04688211197087,67.9699590350478,0
per_huruf,3,2184,0.8795811518324608,68.0,68.0,68.0,68.0,0
per_huruf,3,2185,0.8799838904550947,67.9699590350478,68.04688211197089,67.9699590350478,68.04688211197089,0
per_huruf,3,2186,0.8803866290777286,67.95493855257169,68.10878470641784,67.95493855257169,68.10878470641784,0
per_huruf,3,2187,0.8807893677003625,67.95220755575784,68.18297678652708,67.95220755575784,68.18297678652708,0
per_huruf,3,2188,0.8811921063229964,67.95903504779244,68.26672735548475,67.95903504779244,68.26672735548475,0
per_huruf,3,2189,0.8815948449456303,67.97269003186163,68.35730541647702,67.97269003186163,68.35730541647702,0
per_huruf,3,2190,0.8819975835682642,67.99044151115157,68.45197997269004,67.99044151115157,68.45197997269004,0
per_huruf,3,2191,0.8824003221908981,68.00955848884843,68.54802002730997,68.00955848884843,68.54802002730997,0
per_huruf,3,2192,0.8828030608135321,68.02730996813837,68.64269458352298,68.02730996813837,68.64269458352298,0
per_huruf,3,2193,0.883205799436166,68.04096495220756,68.73327264451524,68.04096495220756,68.73327264451524,0
per_huruf,3,2194,0.8836085380587999,68.04779244424215,68.81702321347291,68.04779244424215,68.81702321347291,0
per_huruf,3,2195,0.8840112766814338,68.04506144742831,68.89121529358216,68.04506144742831,68.89121529358216,0
per_huruf,3,2196,0.8844140153040677,68.0300409649522,68.95311788802913,68.0300409649522,68.95311788802913,0
per_huruf,3,2197,0.8848167539267016,68.0,69.0,68.0,69.0,0
per_huruf,3,2198,0.8852194925493355,67.95311788802914,69.03004096495222,67.95311788802914,69.03004096495222,0
per_huruf,3,2199,0.8856222311719695,67.89121529358216,69.04506144742831,67.89121529358216,69.04506144742831,0
per_huruf,3,2200,0.8860249697946033,67.81702321347291,69.04779244424213,67.81702321347291,69.04779244424213,0
per_huruf,3,2201,0.8864277084172373,67.73327264451524,69.04096495220755,67.73327264451524,69.04096495220755,0
per_huruf,3,2202,0.8868304470398711,67.642694583523,69.02730996813838,67.642694583523,69.02730996813838,0
per_huruf,3,2203,0.8872331856625051,67.54802002730997,69.00955848884844,67.54802002730997,69.00955848884844,0
per_huruf,3,2204,0.8876359242851389,67.45197997269003,68.99044151115157,67.45197997269003,68.99044151115157,0
per_huruf,3,2205,0.8880386629077729,67.35730541647702,68.97269003186163,67.35730541647702,68.97269003186163,0
per_huruf,3,2206,0.8884414015304068,67.26672735548476,68.95903504779244,67.26672735548476,68.95903504779244,0
per_huruf,3,2207,0.8888441401530407,67.18297678652708,68.95220755575784,67.18297678652708,68.95220755575784,0
per_huruf,3,2208,0.8892468787756747,67.10878470641785,68.95493855257169,67.10878470641785,68.95493855257169,0
per_huruf,3,2209,0.8896496173983085,67.04688211197087,68.9699590350478,67.04688211197087,68.9699590350478,0
per_huruf,3,2210,0.8900523560209425,67.0,69.0,67.0,69.0,0
per_huruf,3,2211,0.8904550946435763,66.96722803823397,69.04415111515704,66.96722803823397,69.04415111515704,0
per_huruf,3,2212,0.8908578332662103,66.94492489758763,69.09877105143377,66.94492489758763,69.09877105143377,0
per_huruf,3,2213,0.8912605718888442,66.93172507965406,69.1624943104233,66.93172507965406,69.1624943104233,0
per_huruf,3,2214,0.8916633105114781,66.9262630860264,69.2339553937187,66.9262630860264,69.2339553937187,0
per_huruf,3,2215,0.892066049134112,66.92717341829768,69.31178880291307,66.92717341829768,69.31178880291307,0
per_huruf,3,2216,0.8924687877567459,66.933090578061,69.39462903959947,66.933090578061,69.39462903959947,0
per_huruf,3,2217,0.8928715263793798,66.94264906690941,69.48111060537096,66.94264906690941,69.48111060537096,0
per_huruf,3,2218,0.8932742650020137,66.95448338643605,69.56986800182067,66.95448338643605,69.56986800182067,0
per_huruf,3,2219,0.8936770036246476,66.96722803823396,69.65953573054165,66.96722803823396,69.65953573054165,0
per_huruf,3,2220,0.8940797422472816,66.97951752389622,69.748748293127,66.97951752389622,69.748748293127,0
per_huruf,3,2221,0.8944824808699154,66.98998634501594,69.83614019116979,66.98998634501594,69.83614019116979,0
per_huruf,3,2222,0.8948852194925494,66.99726900318616,69.92034592626308,66.99726900318616,69.92034592626308,0
per_huruf,3,2223,0.8952879581151832,67.0,70.0,67.0,70.0,0
per_huruf,3,2224,0.8956906967378172,67.00000000000001,70.0769230769231,67.00000000000001,70.0769230769231,0
per_huruf,3,2225,0.896093435360451,67.00000000000001,70.15384615384615,67.00000000000001,70.15384615384615,0
per_huruf,3,2226,0.896496173983085,66.99999999999999,70.23076923076921,66.99999999999999,70.23076923076921,0
per_huruf,3,2227,0.896898912605719,66.99999999999999,70.3076923076923,66.99999999999999,70.3076923076923,0
per_huruf,3,2228,0.8973016512283528,67.00000000000001,70.38461538461539,67.00000000000001,70.38461538461539,0
per_huruf,3,2229,0.8977043898509868,67.00000000000001,70.46153846153848,67.00000000000001,70.46153846153848,0
per_huruf,3,2230,0.8981071284736206,67.0,70.53846153846155,67.0,70.53846153846155,0
per_huruf,3,2231,0.8985098670962546,67.0,70.61538461538461,67.0,70.61538461538461,0
per_huruf,3,2232,0.8989126057188884,67.0,70.6923076923077,67.0,70.6923076923077,0
per_huruf,3,2233,0.8993153443415224,67.0,70.76923076923077,67.0,70.76923076923077,0
per_huruf,3,2234,0.8997180829641563,67.0,70.84615384615385,67.0,70.84615384615385,0
per_huruf,3,2235,0.9001208215867902,67.0,70.92307692307692,67.0,70.92307692307692,0
per_huruf,3,2236,0.9005235602094241,67.0,71.0,67.0,71.0,0
per_huruf,3,2237,0.900926298832058,67.00000000000001,71.07692307692308,67.00000000000001,71.07692307692308,0
per_huruf,3,2238,0.901329037454692,67.00000000000001,71.15384615384616,67.00000000000001,71.15384615384616,0
per_huruf,3,2239,0.9017317760773258,66.99999999999999,71.23076923076921,66.99999999999999,71.23076923076921,0
per_huruf,3,2240,0.9021345146999598,66.99999999999999,71.3076923076923,66.99999999999999,71.3076923076923,0
per_huruf,3,2241,0.9025372533225937,67.00000000000001,71.38461538461539,67.00000000000001,71.38461538461539,0
per_huruf,3,2242,0.9029399919452276,67.00000000000001,71.46153846153847,67.00000000000001,71.46153846153847,0
per_huruf,3,2243,0.9033427305678615,67.0,71.53846153846153,67.0,71.53846153846153,0
per_huruf,3,2244,0.9037454691904954,67.0,71.61538461538461,67.0,71.61538461538461,0
per_huruf,3,2245,0.9041482078131293,67.0,71.6923076923077,67.0,71.6923076923077,0
per_huruf,3,2246,0.9045509464357633,67.0,71.76923076923077,67.0,71.76923076923077,0
per_huruf,3,2247,0.9049536850583971,67.0,71.84615384615385,67.0,71.84615384615385,0
per_huruf,3,2248,0.9053564236810311,67.0,71.92307692307692,67.0,71.92307692307692,0
per_huruf,3,2249,0.9057591623036649,67.0,72.0,67.0,72.0,0
per_huruf,3,2250,0.9061619009262989,66.99726900318618,72.07692307692308,66.99726900318618,72.07692307692308,0
per_huruf,3,2251,0.9065646395489327,66.98998634501594,72.15384615384616,66.98998634501594,72.15384615384616,0
per_huruf,3,2252,0.9069673781715667,66.9795175238962,72.23076923076923,66.9795175238962,72.23076923076923,0
per_huruf,3,2253,0.9073701167942007,66.96722803823394,72.30769230769229,66.96722803823394,72.30769230769229,0
per_huruf,3,2254,0.9077728554168345,66.95448338643605,72.38461538461539,66.95448338643605,72.38461538461539,0
per_huruf,3,2255,0.9081755940394685,66.94264906690942,72.46153846153845,66.94264906690942,72.46153846153845,0
per_huruf,3,2256,0.9085783326621023,66.93309057806098,72.53846153846153,66.93309057806098,72.53846153846153,0
per_huruf,3,2257,0.9089810712847363,66.92717341829768,72.61538461538461,66.92717341829768,72.61538461538461,0
per_huruf,3,2258,0.9093838099073701,66.9262630860264,72.69230769230768,66.9262630860264,72.69230769230768,0
per_huruf,3,2259,0.9097865485300041,66.93172507965406,72.76923076923077,66.93172507965406,72.76923076923077,0
per_huruf,3,2260,0.910189287152638,66.94492489758761,72.84615384615384,66.94492489758761,72.84615384615384,0
per_huruf,3,2261,0.9105920257752719,66.96722803823396,72.92307692307692,66.96722803823396,72.92307692307692,0
per_huruf,3,2262,0.9109947643979058,67.0,73.0,67.0,73.0,0
per_huruf,3,2263,0.9113975030205397,67.04415111515704,73.07965407373692,67.04415111515704,73.07965407373692,0
per_huruf,3,2264,0.9118002416431736,67.09877105143379,73.16385980883021,67.09877105143379,73.16385980883021,0
per_huruf,3,2265,0.9122029802658075,67.1624943104233,73.251251706873,67.1624943104233,73.251251706873,0
per_huruf,3,2266,0.9126057188884414,67.2339553937187,73.34046426945834,67.2339553937187,73.34046426945834,0
per_huruf,3,2267,0.9130084575110754,67.31178880291307,73.43013199817935,67.31178880291307,73.43013199817935,0
per_huruf,3,2268,0.9134111961337092,67.39462903959947,73.51888939462903,67.39462903959947,73.51888939462903,0
per_huruf,3,2269,0.9138139347563432,67.48111060537097,73.60537096040055,67.48111060537097,73.60537096040055,0
per_huruf,3,2270,0.914216673378977,67.56986800182067,73.68821119708693,67.56986800182067,73.68821119708693,0
per_huruf,3,2271,0.914619412001611,67.65953573054165,73.7660446062813,67.65953573054165,73.7660446062813,0
per_huruf,3,2272,0.9150221506242449,67.748748293127,73.83750568957669,67.748748293127,73.83750568957669,0
per_huruf,3,2273,0.9154248892468788,67.83614019116979,73.90122894856623,67.83614019116979,73.90122894856623,0
per_huruf,3,2274,0.9158276278695128,67.92034592626308,73.95584888484296,67.92034592626308,73.95584888484296,0
per_huruf,3,2275,0.9162303664921466,68.0,74.0,68.0,74.0,0
per_huruf,3,2276,0.9166331051147806,68.0769230769231,74.03277196176604,68.0769230769231,74.03277196176604,0
per_huruf,3,2277,0.9170358437374144,68.15384615384616,74.05507510241237,68.15384615384616,74.05507510241237,0
per_huruf,3,2278,0.9174385823600484,68.23076923076921,74.06827492034593,68.23076923076921,74.06827492034593,0
per_huruf,3,2279,0.9178413209826822,68.30769230769229,74.07373691397359,68.30769230769229,74.07373691397359,0
per_huruf,3,2280,0.9182440596053162,68.38461538461539,74.07282658170232,68.38461538461539,74.07282658170232,0
per_huruf,3,2281,0.9186467982279501,68.46153846153847,74.06690942193902,68.46153846153847,74.06690942193902,0
per_huruf,3,2282,0.919049536850584,68.53846153846153,74.05735093309058,68.53846153846153,74.05735093309058,0
per_huruf,3,2283,0.919452275473218,68.61538461538461,74.04551661356396,68.61538461538461,74.04551661356396,0
per_huruf,3,2284,0.9198550140958518,68.6923076923077,74.03277196176603,68.6923076923077,74.03277196176603,0
per_huruf,3,2285,0.9202577527184858,68.76923076923077,74.02048247610378,68.76923076923077,74.02048247610378,0
per_huruf,3,2286,0.9206604913411196,68.84615384615385,74.01001365498408,68.84615384615385,74.01001365498408,0
per_huruf,3,2287,0.9210632299637536,68.92307692307692,74.00273099681384,68.92307692307692,74.00273099681384,0
per_huruf,3,2288,0.9214659685863875,69.0,74.0,69.0,74.0,0
per_huruf,3,2289,0.9218687072090214,69.07692307692308,73.99726900318616,69.07692307692308,73.99726900318616,0
per_huruf,3,2290,0.9222714458316553,69.15384615384615,73.98998634501592,69.15384615384615,73.98998634501592,0
per_huruf,3,2291,0.9226741844542892,69.23076923076921,73.97951752389622,69.23076923076921,73.97951752389622,0
per_huruf,3,2292,0.9230769230769231,69.30769230769229,73.96722803823394,69.30769230769229,73.96722803823394,0
per_huruf,3,2293,0.923479661699557,69.38461538461539,73.95448338643607,69.38461538461539,73.95448338643607,0
per_huruf,3,2294,0.9238824003221909,69.46153846153847,73.94264906690942,69.46153846153847,73.94264906690942,0
per_huruf,3,2295,0.9242851389448249,69.53846153846155,73.933090578061,69.53846153846155,73.933090578061,0
per_huruf,3,2296,0.9246878775674587,69.61538461538461,73.92717341829768,69.61538461538461,73.92717341829768,0
per_huruf,3,2297,0.9250906161900927,69.6923076923077,73.92626308602641,69.6923076923077,73.92626308602641,0
per_huruf,3,2298,0.9254933548127265,69.76923076923077,73.93172507965406,69.76923076923077,73.93172507965406,0
per_huruf,3,2299,0.9258960934353605,69.84615384615385,73.94492489758761,69.84615384615385,73.94492489758761,0
per_huruf,3,2300,0.9262988320579943,69.92307692307692,73.96722803823396,69.92307692307692,73.96722803823396,0
per_huruf,3,2301,0.9267015706806283,70.0,74.0,70.0,74.0,0
per_huruf,3,2302,0.9271043093032623,70.0769230769231,74.04688211197087,70.0769230769231,74.04688211197087,0
per_huruf,3,2303,0.9275070479258961,70.15384615384615,74.10878470641784,70.15384615384615,74.10878470641784,0
per_huruf,3,2304,0.9279097865485301,70.23076923076921,74.18297678652708,70.23076923076921,74.18297678652708,0
per_huruf,3,2305,0.9283125251711639,70.3076923076923,74.26672735548475,70.3076923076923,74.26672735548475,0
per_huruf,3,2306,0.9287152637937979,70.38461538461539,74.35730541647702,70.38461538461539,74.35730541647702,0
per_huruf,3,2307,0.9291180024164317,70.46153846153848,74.45197997269004,70.46153846153848,74.45197997269004,0
per_huruf,3,2308,0.9295207410390657,70.53846153846155,74.54802002730996,70.53846153846155,74.54802002730996,0
per_huruf,3,2309,0.9299234796616996,70.61538461538461,74.642694583523,70.61538461538461,74.642694583523,0
per_huruf,3,2310,0.9303262182843335,70.6923076923077,74.73327264451525,70.6923076923077,74.73327264451525,0
per_huruf,3,2311,0.9307289569069674,70.76923076923077,74.81702321347291,70.76923076923077,74.81702321347291,0
per_huruf,3,2312,0.9311316955296013,70.84615384615385,74.89121529358215,70.84615384615385,74.89121529358215,0
per_huruf,3,2313,0.9315344341522352,70.92307692307692,74.95311788802913,70.92307692307692,74.95311788802913,0
per_huruf,3,2314,0.9319371727748691,71.0,75.0,71.0,75.0,0
per_huruf,3,2315,0.932339911397503,71.07692307692308,75.03277196176606,71.07692307692308,75.03277196176606,0
per_huruf,3,2316,0.932742650020137,71.15384615384616,75.05507510241239,71.15384615384616,75.05507510241239,0
per_huruf,3,2317,0.9331453886427709,71.23076923076921,75.06827492034593,71.23076923076921,75.06827492034593,0
per_huruf,3,2318,0.9335481272654048,71.3076923076923,75.07373691397359,71.3076923076923,75.07373691397359,0
per_huruf,3,2319,0.9339508658880387,71.38461538461539,75.07282658170234,71.38461538461539,75.07282658170234,0
per_huruf,3,2320,0.9343536045106726,71.46153846153847,75.06690942193902,71.46153846153847,75.06690942193902,0
per_huruf,3,2321,0.9347563431333065,71.53846153846153,75.05735093309059,71.53846153846153,75.05735093309059,0
per_huruf,3,2322,0.9351590817559404,71.61538461538461,75.04551661356396,71.61538461538461,75.04551661356396,0
per_huruf,3,2323,0.9355618203785744,71.6923076923077,75.03277196176604,71.6923076923077,75.03277196176604,0
per_huruf,3,2324,0.9359645590012082,71.76923076923077,75.02048247610378,71.76923076923077,75.02048247610378,0
per_huruf,3,2325,0.9363672976238422,71.84615384615385,75.01001365498406,71.84615384615385,75.01001365498406,0
per_huruf,3,2326,0.936770036246476,71.92307692307692,75.00273099681384,71.92307692307692,75.00273099681384,0
per_huruf,3,2327,0.93717277486911,72.0,75.0,72.0,75.0,0
per_huruf,3,2328,0.937575513491744,72.07692307692308,75.00000000000001,72.07692307692308,75.00000000000001,0
per_huruf,3,2329,0.9379782521143778,72.15384615384616,75.0,72.15384615384616,75.0,0
per_huruf,3,2330,0.9383809907370118,72.23076923076923,75.0,72.23076923076923,75.0,0
per_huruf,3,2331,0.9387837293596456,72.30769230769229,74.99999999999999,72.30769230769229,74.99999999999999,0
per_huruf,3,2332,0.9391864679822796,72.38461538461539,75.00000000000001,72.38461538461539,75.00000000000001,0
per_huruf,3,2333,0.9395892066049134,72.46153846153845,75.0,72.46153846153845,75.0,0
per_huruf,3,2334,0.9399919452275474,72.53846153846153,75.0,72.53846153846153,75.0,0
per_huruf,3,2335,0.9403946838501813,72.61538461538461,75.0,72.61538461538461,75.0,0
per_huruf,3,2336,0.9407974224728152,72.69230769230768,75.0,72.69230769230768,75.0,0
per_huruf,3,2337,0.9412001610954491,72.76923076923077,75.0,72.76923076923077,75.0,0
per_huruf,3,2338,0.941602899718083,72.84615384615384,75.0,72.84615384615384,75.0,0
per_huruf,3,2339,0.9420056383407169,72.92307692307692,75.0,72.92307692307692,75.0,0
per_huruf,3,2340,0.9424083769633508,73.0,75.0,73.0,75.0,0
per_huruf,3,2341,0.9428111155859847,73.07692307692308,75.00000000000001,73.07692307692308,75.00000000000001,0
per_huruf,3,2342,0.9432138542086187,73.15384615384615,75.0,73.15384615384615,75.0,0
per_huruf,3,2343,0.9436165928312525,73.23076923076923,75.0,73.23076923076923,75.0,0
per_huruf,3,2344,0.9440193314538865,73.3076923076923,74.99999999999999,73.3076923076923,74.99999999999999,0
per_huruf,3,2345,0.9444220700765203,73.38461538461539,75.00000000000001,73.38461538461539,75.00000000000001,0
per_huruf,3,2346,0.9448248086991543,73.46153846153847,75.0,73.46153846153847,75.0,0
per_huruf,3,2347,0.9452275473217882,73.53846153846155,75.0,73.53846153846155,75.0,0
per_huruf,3,2348,0.9456302859444221,73.61538461538461,75.0,73.61538461538461,75.0,0
per_huruf,3,2349,0.9460330245670561,73.6923076923077,75.0,73.6923076923077,75.0,0
per_huruf,3,2350,0.9464357631896899,73.76923076923077,75.0,73.76923076923077,75.0,0
per_huruf,3,2351,0.9468385018123239,73.84615384615384,75.0,73.84615384615384,75.0,0
per_huruf,3,2352,0.9472412404349577,73.92307692307692,75.0,73.92307692307692,75.0,0
per_huruf,3,2353,0.9476439790575917,74.0,75.0,74.0,75.0,0
per_huruf,3,2354,0.9480467176802255,74.0714610832954,75.00273099681385,74.0714610832954,75.00273099681385,0
per_huruf,3,2355,0.9484494563028595,74.133818843878,75.01001365498406,74.133818843878,75.01001365498406,0
per_huruf,3,2356,0.9488521949254934,74.18980427856167,75.02048247610378,74.18980427856167,75.02048247610378,0
per_huruf,3,2357,0.9492549335481273,74.2421483841602,75.03277196176603,74.2421483841602,75.03277196176603,0
per_huruf,3,2358,0.9496576721707612,74.29358215748749,75.04551661356396,74.29358215748749,75.04551661356396,0
per_huruf,3,2359,0.9500604107933951,74.3468365953573,75.05735093309059,74.3468365953573,75.05735093309059,0
per_huruf,3,2360,0.950463149416029,74.40464269458352,75.06690942193902,74.40464269458352,75.06690942193902,0
per_huruf,3,2361,0.9508658880386629,74.46973145197998,75.07282658170233,74.46973145197998,75.07282658170233,0
per_huruf,3,2362,0.9512686266612969,74.54483386436048,75.0737369139736,74.54483386436048,75.0737369139736,0
per_huruf,3,2363,0.9516713652839308,74.63268092853892,75.06827492034591,74.63268092853892,75.06827492034591,0
per_huruf,3,2364,0.9520741039065647,74.73600364132909,75.05507510241239,74.73600364132909,75.05507510241239,0
per_huruf,3,2365,0.9524768425291986,74.85753299954483,75.03277196176604,74.85753299954483,75.03277196176604,0
per_huruf,3,2366,0.9528795811518325,75.0,75.0,75.0,75.0,0
per_huruf,3,2367,0.9532823197744664,75.17341829767867,74.9503868912153,75.17341829767867,74.9503868912153,0
per_huruf,3,2368,0.9536850583971003,75.38142922166591,74.88120163859809,75.38142922166591,74.88120163859809,0
per_huruf,3,2369,0.9540877970197342,75.61720527992718,74.79654073736914,75.61720527992718,74.79654073736914,0
per_huruf,3,2370,0.9544905356423682,75.87391898042785,74.70050068274918,75.87391898042785,74.70050068274918,0
per_huruf,3,2371,0.954893274265002,76.14474283113339,74.59717796995903,76.14474283113339,74.59717796995903,0
per_huruf,3,2372,0.955296012887636,76.42284934000911,74.49066909421938,76.42284934000911,74.49066909421938,0
per_huruf,3,2373,0.9556987515102698,76.70141101502048,74.38507055075102,76.70141101502048,74.38507055075102,0
per_huruf,3,2374,0.9561014901329038,76.97360036413292,74.28447883477469,76.97360036413292,74.28447883477469,0
per_huruf,3,2375,0.9565042287555376,77.23258989531179,74.19299044151114,77.23258989531179,74.19299044151114,0
per_huruf,3,2376,0.9569069673781716,77.47155211652253,74.11470186618115,77.47155211652253,74.11470186618115,0
per_huruf,3,2377,0.9573097060008056,77.68365953573054,74.05370960400546,77.68365953573054,74.05370960400546,0
per_huruf,3,2378,0.9577124446234394,77.86208466090123,74.01411015020483,77.86208466090123,74.01411015020483,0
per_huruf,3,2379,0.9581151832460734,78.0,74.0,78.0,74.0,0
per_huruf,3,2380,0.9585179218687072,78.11470186618118,73.98680018206646,78.11470186618118,73.98680018206646,0
per_huruf,3,2381,0.9589206604913412,78.22530723714156,73.95357305416476,78.22530723714156,73.95357305416476,0
per_huruf,3,2382,0.959323399113975,78.32771961766043,73.90987710514337,78.32771961766043,73.90987710514337,0
per_huruf,3,2383,0.959726137736609,78.41784251251707,73.86527082385071,78.41784251251707,73.86527082385071,0
per_huruf,3,2384,0.9601288763592429,78.49157942649069,73.8293126991352,78.49157942649069,73.8293126991352,0
per_huruf,3,2385,0.9605316149818768,78.5448338643605,73.81156121984525,78.5448338643605,73.81156121984525,0
per_huruf,3,2386,0.9609343536045107,78.57350933090578,73.82157487482931,78.57350933090578,73.82157487482931,0
per_huruf,3,2387,0.9613370922271446,78.57350933090578,73.86891215293582,78.57350933090578,73.86891215293582,0
per_huruf,3,2388,0.9617398308497785,78.54073736913973,73.9631315430132,78.54073736913973,73.9631315430132,0
per_huruf,3,2389,0.9621425694724124,78.47109695038688,74.11379153390988,78.47109695038688,74.11379153390988,0
per_huruf,3,2390,0.9625453080950463,78.3604915794265,74.33045061447429,78.3604915794265,74.33045061447429,0
per_huruf,3,2391,0.9629480467176803,78.20482476103777,74.62266727355485,78.20482476103777,74.62266727355485,0
per_huruf,3,2392,0.9633507853403142,78.0,75.0,78.0,75.0,0
per_huruf,3,2393,0.9637535239629481,77.7187073281748,75.49886208466091,77.7187073281748,75.49886208466091,0
per_huruf,3,2394,0.964156262585582,77.34729176149295,76.13290851160674,77.34729176149295,76.13290851160674,0
per_huruf,3,2395,0.9645590012082159,76.90213928083749,76.87756030951296,76.90213928083749,76.87756030951296,0
per_huruf,3,2396,0.9649617398308498,76.39963586709149,77.70823850705507,76.39963586709149,77.70823850705507,0
per_huruf,3,2397,0.9653644784534837,75.85616750113792,78.60036413290852,75.85616750113792,78.60036413290852,0
per_huruf,3,2398,0.9657672170761177,75.2881201638598,79.52935821574876,75.2881201638598,79.52935821574876,0
per_huruf,3,2399,0.9661699556987515,74.7118798361402,80.47064178425126,74.7118798361402,80.47064178425126,0
per_huruf,3,2400,0.9665726943213855,74.14383249886208,81.39963586709149,74.14383249886208,81.39963586709149,0
per_huruf,3,2401,0.9669754329440193,73.60036413290851,82.29176149294493,73.60036413290851,82.29176149294493,0
per_huruf,3,2402,0.9673781715666533,73.0978607191625,83.12243969048703,73.0978607191625,83.12243969048703,0
per_huruf,3,2403,0.9677809101892872,72.65270823850706,83.86709148839327,72.65270823850706,83.86709148839327,0
per_huruf,3,2404,0.9681836488119211,72.28129267182521,84.5011379153391,72.28129267182521,84.5011379153391,0
per_huruf,3,2405,0.968586387434555,72.0,85.0,72.0,85.0,0
per_huruf,3,2406,0.9689891260571889,71.80609922621758,85.37187073281748,71.80609922621758,85.37187073281748,0
per_huruf,3,2407,0.9693918646798229,71.67956304050979,85.64952207555758,71.67956304050979,85.64952207555758,0
per_huruf,3,2408,0.9697946033024567,71.6108329540282,85.84524351388255,71.6108329540282,85.84524351388255,0
per_huruf,3,2409,0.9701973419250907,71.59035047792445,85.97132453345469,71.59035047792445,85.97132453345469,0
per_huruf,3,2410,0.9706000805477246,71.60855712335002,86.04005461993629,71.60855712335002,86.04005461993629,0
per_huruf,3,2411,0.9710028191703585,71.65589440145654,86.06372325898954,71.65589440145654,86.06372325898954,0
per_huruf,3,2412,0.9714055577929924,71.72280382339554,86.05461993627674,71.72280382339554,86.05461993627674,0
per_huruf,3,2413,0.9718082964156263,71.79972690031862,86.02503413746018,71.79972690031862,86.02503413746018,0
per_huruf,3,2414,0.9722110350382602,71.87710514337734,85.9872553482021,71.87710514337734,85.9872553482021,0
per_huruf,3,2415,0.9726137736608941,71.94538006372326,85.95357305416476,71.94538006372326,85.95357305416476,0
per_huruf,3,2416,0.973016512283528,71.99499317250798,85.93627674101047,71.99499317250798,85.93627674101047,0
per_huruf,3,2417,0.973419250906162,72.01638598088303,85.94765589440145,72.01638598088303,85.94765589440145,0
per_huruf,3,2418,0.9738219895287958,72.0,86.0,72.0,86.0,0
per_huruf,3,2419,0.9742247281514298,71.955848884843,86.07692307692308,71.955848884843,86.07692307692308,0
per_huruf,3,2420,0.9746274667740636,71.90122894856624,86.15384615384615,71.90122894856624,86.15384615384615,0
per_huruf,3,2421,0.9750302053966976,71.83750568957667,86.23076923076921,71.83750568957667,86.23076923076921,0
per_huruf,3,2422,0.9754329440193314,71.76604460628128,86.30769230769229,71.76604460628128,86.30769230769229,0
per_huruf,3,2423,0.9758356826419654,71.68821119708693,86.3846153846154,71.68821119708693,86.3846153846154,0
per_huruf,3,2424,0.9762384212645994,71.60537096040053,86.46153846153845,71.60537096040053,86.46153846153845,0
per_huruf,3,2425,0.9766411598872332,71.51888939462904,86.53846153846155,71.51888939462904,86.53846153846155,0
per_huruf,3,2426,0.9770438985098672,71.43013199817933,86.61538461538461,71.43013199817933,86.61538461538461,0
per_huruf,3,2427,0.977446637132501,71.34046426945835,86.69230769230768,71.34046426945835,86.69230769230768,0
per_huruf,3,2428,0.977849375755135,71.251251706873,86.76923076923076,71.251251706873,86.76923076923076,0
per_huruf,3,2429,0.9782521143777688,71.16385980883022,86.84615384615385,71.16385980883022,86.84615384615385,0
per_huruf,3,2430,0.9786548530004028,71.07965407373692,86.92307692307693,71.07965407373692,86.92307692307693,0
per_huruf,3,2431,0.9790575916230367,71.0,87.0,71.0,87.0,0
per_huruf,3,2432,0.9794603302456706,70.93400091033229,87.0714610832954,70.93400091033229,87.0714610832954,0
per_huruf,3,2433,0.9798630688683045,70.88620846609012,87.13381884387802,70.88620846609012,87.13381884387802,0
per_huruf,3,2434,0.9802658074909384,70.85116067364586,87.18980427856167,70.85116067364586,87.18980427856167,0
per_huruf,3,2435,0.9806685461135723,70.82339553937186,87.24214838416022,70.82339553937186,87.24214838416022,0
per_huruf,3,2436,0.9810712847362062,70.79745106964043,87.29358215748748,70.79745106964043,87.29358215748748,0
per_huruf,3,2437,0.9814740233588402,70.76786527082386,87.3468365953573,70.76786527082386,87.3468365953573,0
per_huruf,3,2438,0.9818767619814741,70.72917614929449,87.40464269458353,70.72917614929449,87.40464269458353,0
per_huruf,3,2439,0.982279500604108,70.67592171142468,87.46973145197997,70.67592171142468,87.46973145197997,0
per_huruf,3,2440,0.9826822392267419,70.60263996358671,87.54483386436048,70.60263996358671,87.54483386436048,0
per_huruf,3,2441,0.9830849778493758,70.50386891215294,87.63268092853892,70.50386891215294,87.63268092853892,0
per_huruf,3,2442,0.9834877164720097,70.37414656349569,87.73600364132909,70.37414656349569,87.73600364132909,0
per_huruf,3,2443,0.9838904550946436,70.20801092398725,87.85753299954483,70.20801092398725,87.85753299954483,0
per_huruf,3,2444,0.9842931937172775,70.0,88.0,70.0,88.0,0
per_huruf,3,2445,0.9846959323399115,69.73554847519345,88.17068730086483,69.73554847519345,88.17068730086483,0
per_huruf,3,2446,0.9850986709625453,69.41101502048247,88.37141556668185,69.41101502048247,88.37141556668185,0
per_huruf,3,2447,0.9855014095851793,69.03732362312243,88.5967228038234,69.03732362312243,88.5967228038234,0
per_huruf,3,2448,0.9859041482078131,68.62539827036866,88.8411470186618,68.62539827036866,88.8411470186618,0
per_huruf,3,2449,0.9863068868304471,68.18616294947657,89.09922621756942,68.18616294947657,89.09922621756942,0
per_huruf,3,2450,0.9867096254530809,67.73054164770141,89.36549840691852,67.73054164770141,89.36549840691852,0
per_huruf,3,2451,0.9871123640757149,67.26945835229859,89.63450159308148,67.26945835229859,89.63450159308148,0
per_huruf,3,2452,0.9875151026983489,66.81383705052345,89.90077378243058,66.81383705052345,89.90077378243058,0
per_huruf,3,2453,0.9879178413209827,66.37460172963131,90.15885298133819,66.37460172963131,90.15885298133819,0
per_huruf,3,2454,0.9883205799436167,65.96267637687755,90.40327719617659,65.96267637687755,90.40327719617659,0
per_huruf,3,2455,0.9887233185662505,65.58898497951753,90.62858443331817,65.58898497951753,90.62858443331817,0
per_huruf,3,2456,0.9891260571888845,65.26445152480656,90.82931269913519,65.26445152480656,90.82931269913519,0
per_huruf,3,2457,0.9895287958115183,65.0,91.0,65.0,91.0,0
per_huruf,3,2458,0.9899315344341523,64.79198907601275,91.14246700045517,64.79198907601275,91.14246700045517,0
per_huruf,3,2459,0.9903342730567862,64.62585343650433,91.26399635867092,64.62585343650433,91.26399635867092,0
per_huruf,3,2460,0.9907370116794201,64.49613108784705,91.36731907146107,64.49613108784705,91.36731907146107,0
per_huruf,3,2461,0.991139750302054,64.39736003641329,91.4551661356395,64.39736003641329,91.4551661356395,0
per_huruf,3,2462,0.9915424889246879,64.32407828857534,91.53026854802005,64.32407828857534,91.53026854802005,0
per_huruf,3,2463,0.9919452275473218,64.27082385070551,91.59535730541648,64.27082385070551,91.59535730541648,0
per_huruf,3,2464,0.9923479661699557,64.23213472917615,91.6531634046427,64.23213472917615,91.6531634046427,0
per_huruf,3,2465,0.9927507047925896,64.20254893035958,91.70641784251252,64.20254893035958,91.70641784251252,0
per_huruf,3,2466,0.9931534434152236,64.17660446062813,91.75785161583977,64.17660446062813,91.75785161583977,0
per_huruf,3,2467,0.9935561820378574,64.1488393263541,91.8101957214383,64.1488393263541,91.8101957214383,0
per_huruf,3,2468,0.9939589206604914,64.11379153390988,91.86618115612198,64.11379153390988,91.86618115612198,0
per_huruf,3,2469,0.9943616592831253,64.06599908966773,91.9285389167046,64.06599908966773,91.9285389167046,0
per_huruf,3,2470,0.9947643979057592,64.0,92.0,64.0,92.0,0
per_huruf,3,2471,0.9951671365283931,63.92034592626309,92.07965407373693,63.92034592626309,92.07965407373693,0
per_huruf,3,2472,0.995569875151027,63.83614019116978,92.16385980883022,63.83614019116978,92.16385980883022,0
per_huruf,3,2473,0.995972613773661,63.74874829312698,92.25125170687299,63.74874829312698,92.25125170687299,0
per_huruf,3,2474,0.9963753523962948,63.65953573054165,92.34046426945835,63.65953573054165,92.34046426945835,0
per_huruf,3,2475,0.9967780910189288,63.56986800182068,92.43013199817935,63.56986800182068,92.43013199817935,0
per_huruf,3,2476,0.9971808296415626,63.48111060537096,92.51888939462904,63.48111060537096,92.51888939462904,0
per_huruf,3,2477,0.9975835682641966,63.39462903959946,92.60537096040053,63.39462903959946,92.60537096040053,0
per_huruf,3,2478,0.9979863068868304,63.311788802913064,92.68821119708694,63.311788802913064,92.68821119708694,0
per_huruf,3,2479,0.9983890455094644,63.2339553937187,92.7660446062813,63.2339553937187,92.7660446062813,0
per_huruf,3,2480,0.9987917841320983,63.1624943104233,92.83750568957669,63.1624943104233,92.83750568957669,0
per_huruf,3,2481,0.9991945227547322,63.09877105143377,92.90122894856623,63.09877105143377,92.90122894856623,0
per_huruf,3,2482,0.9995972613773662,63.04415111515703,92.95584888484296,63.04415111515703,92.95584888484296,0
per_huruf,3,2483,1.0,63.0,93.0,63.0,93.0,0
