label,huruf,point_index,t,bezier_xx_x,bezier_xx_y,xx_sc_x,xx_sc_y,is_sample_output_bezier_py
per_huruf,12,0,0.0,395.0,95.0,395.0,95.0,0
per_huruf,12,1,0.0007390983000739098,395.01137915339103,94.97860719162496,395.01137915339103,94.97860719162496,0
per_huruf,12,2,0.0014781966001478197,395.04369594902147,94.98862084660902,395.04369594902147,94.98862084660902,0
per_huruf,12,3,0.0022172949002217295,395.09421939007734,95.02594446973144,395.09421939007734,95.02594446973144,0
per_huruf,12,4,0.0029563932002956393,395.1602184797451,95.0864815657715,395.1602184797451,95.0864815657715,0
per_huruf,12,5,0.003695491500369549,395.2389622212108,95.16613563950844,395.2389622212108,95.16613563950844,0
per_huruf,12,6,0.004434589800443459,395.32771961766053,95.26081019572145,395.32771961766053,95.26081019572145,0
per_huruf,12,7,0.005173688100517369,395.42375967228037,95.36640873918981,395.42375967228037,95.36640873918981,0
per_huruf,12,8,0.005912786400591279,395.5243513882568,95.47883477469277,395.5243513882568,95.47883477469277,0
per_huruf,12,9,0.0066518847006651885,395.6267637687756,95.59399180700956,395.6267637687756,95.59399180700956,0
per_huruf,12,10,0.007390983000739098,395.72826581702316,95.70778334091943,395.72826581702316,95.70778334091943,0
per_huruf,12,11,0.008130081300813007,395.8261265361857,95.81611288120163,395.8261265361857,95.81611288120163,0
per_huruf,12,12,0.008869179600886918,395.91761492944926,95.9148839326354,395.91761492944926,95.9148839326354,0
per_huruf,12,13,0.009608277900960829,396.0,96.0,396.0,96.0,0
per_huruf,12,14,0.010347376201034738,396.0769230769231,96.0769230769231,396.0769230769231,96.0769230769231,0
per_huruf,12,15,0.011086474501108647,396.15384615384613,96.15384615384616,396.15384615384613,96.15384615384616,0
per_huruf,12,16,0.011825572801182557,396.23076923076917,96.23076923076921,396.23076923076917,96.23076923076921,0
per_huruf,12,17,0.012564671101256468,396.30769230769226,96.3076923076923,396.30769230769226,96.3076923076923,0
per_huruf,12,18,0.013303769401330377,396.3846153846154,96.38461538461539,396.3846153846154,96.38461538461539,0
per_huruf,12,19,0.014042867701404286,396.4615384615385,96.46153846153847,396.4615384615385,96.46153846153847,0
per_huruf,12,20,0.014781966001478197,396.5384615384615,96.53846153846153,396.5384615384615,96.53846153846153,0
per_huruf,12,21,0.015521064301552107,396.61538461538464,96.61538461538463,396.61538461538464,96.61538461538463,0
per_huruf,12,22,0.016260162601626015,396.6923076923076,96.6923076923077,396.6923076923076,96.6923076923077,0
per_huruf,12,23,0.016999260901699925,396.7692307692307,96.76923076923076,396.7692307692307,96.76923076923076,0
per_huruf,12,24,0.017738359201773836,396.84615384615387,96.84615384615384,396.84615384615387,96.84615384615384,0
per_huruf,12,25,0.018477457501847747,396.9230769230769,96.92307692307692,396.9230769230769,96.92307692307692,0
per_huruf,12,26,0.019216555801921657,397.0,97.0,397.0,97.0,0
per_huruf,12,27,0.019955654101995565,397.0769230769232,97.07965407373693,397.0769230769232,97.07965407373693,0
per_huruf,12,28,0.020694752402069475,397.15384615384613,97.16385980883022,397.15384615384613,97.16385980883022,0
per_huruf,12,29,0.021433850702143386,397.23076923076917,97.25125170687299,397.23076923076917,97.25125170687299,0
per_huruf,12,30,0.022172949002217293,397.30769230769226,97.34046426945832,397.30769230769226,97.34046426945832,0
per_huruf,12,31,0.022912047302291204,397.3846153846154,97.43013199817935,397.3846153846154,97.43013199817935,0
per_huruf,12,32,0.023651145602365115,397.4615384615385,97.51888939462904,397.4615384615385,97.51888939462904,0
per_huruf,12,33,0.024390243902439025,397.53846153846155,97.60537096040053,397.53846153846155,97.60537096040053,0
per_huruf,12,34,0.025129342202512936,397.61538461538464,97.68821119708694,397.61538461538464,97.68821119708694,0
per_huruf,12,35,0.025868440502586843,397.69230769230774,97.7660446062813,397.69230769230774,97.7660446062813,0
per_huruf,12,36,0.026607538802660754,397.7692307692307,97.83750568957669,397.7692307692307,97.83750568957669,0
per_huruf,12,37,0.027346637102734665,397.84615384615387,97.90122894856623,397.84615384615387,97.90122894856623,0
per_huruf,12,38,0.028085735402808572,397.9230769230769,97.95584888484296,397.9230769230769,97.95584888484296,0
per_huruf,12,39,0.028824833702882482,398.0,98.0,398.0,98.0,0
per_huruf,12,40,0.029563932002956393,398.0769230769231,98.03004096495222,398.0769230769231,98.03004096495222,1
per_huruf,12,41,0.030303030303030304,398.1538461538462,98.04506144742832,398.1538461538462,98.04506144742832,0
per_huruf,12,42,0.031042128603104215,398.23076923076917,98.04779244424213,398.23076923076917,98.04779244424213,0
per_huruf,12,43,0.031781226903178125,398.30769230769226,98.04096495220753,398.30769230769226,98.04096495220753,0
per_huruf,12,44,0.03252032520325203,398.3846153846154,98.02730996813838,398.3846153846154,98.02730996813838,0
per_huruf,12,45,0.03325942350332594,398.46153846153845,98.00955848884844,398.46153846153845,98.00955848884844,0
per_huruf,12,46,0.03399852180339985,398.5384615384616,97.99044151115157,398.5384615384616,97.99044151115157,0
per_huruf,12,47,0.03473762010347376,398.61538461538464,97.97269003186163,398.61538461538464,97.97269003186163,0
per_huruf,12,48,0.03547671840354767,398.6923076923076,97.95903504779244,398.6923076923076,97.95903504779244,0
per_huruf,12,49,0.03621581670362158,398.7692307692307,97.95220755575784,398.7692307692307,97.95220755575784,0
per_huruf,12,50,0.03695491500369549,398.84615384615387,97.95493855257169,398.84615384615387,97.95493855257169,0
per_huruf,12,51,0.037694013303769404,398.9230769230769,97.9699590350478,398.9230769230769,97.9699590350478,0
per_huruf,12,52,0.038433111603843315,399.0,98.0,399.0,98.0,0
per_huruf,12,53,0.03917220990391722,399.07692307692315,98.04415111515705,399.07692307692315,98.04415111515705,0
per_huruf,12,54,0.03991130820399113,399.1538461538462,98.09877105143379,399.1538461538462,98.09877105143379,0
per_huruf,12,55,0.04065040650406504,399.23076923076917,98.1624943104233,399.23076923076917,98.1624943104233,0
per_huruf,12,56,0.04138950480413895,399.30769230769226,98.23395539371869,399.30769230769226,98.23395539371869,0
per_huruf,12,57,0.04212860310421286,399.3846153846154,98.31178880291307,399.3846153846154,98.31178880291307,0
per_huruf,12,58,0.04286770140428677,399.4615384615385,98.39462903959948,399.4615384615385,98.39462903959948,0
per_huruf,12,59,0.04360679970436068,399.53846153846155,98.48111060537096,399.53846153846155,98.48111060537096,0
per_huruf,12,60,0.044345898004434586,399.6153846153846,98.56986800182067,399.6153846153846,98.56986800182067,0
per_huruf,12,61,0.0450849963045085,399.69230769230774,98.65953573054165,399.69230769230774,98.65953573054165,1
per_huruf,12,62,0.04582409460458241,399.7692307692307,98.748748293127,399.7692307692307,98.748748293127,0
per_huruf,12,63,0.04656319290465632,399.84615384615387,98.83614019116979,399.84615384615387,98.83614019116979,0
per_huruf,12,64,0.04730229120473023,399.9230769230769,98.92034592626308,399.9230769230769,98.92034592626308,0
per_huruf,12,65,0.04804138950480414,400.0,99.0,400.0,99.0,0
per_huruf,12,66,0.04878048780487805,400.07692307692315,99.07965407373693,400.07692307692315,99.07965407373693,0
per_huruf,12,67,0.04951958610495196,400.1538461538462,99.16385980883022,400.1538461538462,99.16385980883022,0
per_huruf,12,68,0.05025868440502587,400.23076923076917,99.25125170687299,400.23076923076917,99.25125170687299,0
per_huruf,12,69,0.050997782705099776,400.30769230769226,99.34046426945835,400.30769230769226,99.34046426945835,0
per_huruf,12,70,0.051736881005173686,400.3846153846154,99.43013199817935,400.3846153846154,99.43013199817935,0
per_huruf,12,71,0.0524759793052476,400.4615384615385,99.51888939462904,400.4615384615385,99.51888939462904,0
per_huruf,12,72,0.05321507760532151,400.53846153846155,99.60537096040055,400.53846153846155,99.60537096040055,0
per_huruf,12,73,0.05395417590539542,400.61538461538464,99.68821119708693,400.61538461538464,99.68821119708693,0
per_huruf,12,74,0.05469327420546933,400.6923076923076,99.7660446062813,400.6923076923076,99.7660446062813,0
per_huruf,12,75,0.05543237250554324,400.7692307692307,99.83750568957669,400.7692307692307,99.83750568957669,0
per_huruf,12,76,0.056171470805617144,400.84615384615387,99.90122894856623,400.84615384615387,99.90122894856623,0
per_huruf,12,77,0.056910569105691054,400.9230769230769,99.95584888484296,400.9230769230769,99.95584888484296,0
per_huruf,12,78,0.057649667405764965,401.0,100.0,401.0,100.0,0
per_huruf,12,79,0.058388765705838876,401.0769230769231,100.03004096495222,401.0769230769231,100.03004096495222,0
per_huruf,12,80,0.059127864005912786,401.1538461538462,100.04506144742832,401.1538461538462,100.04506144742832,0
per_huruf,12,81,0.0598669623059867,401.23076923076917,100.04779244424215,401.23076923076917,100.04779244424215,1
per_huruf,12,82,0.06060606060606061,401.3076923076922,100.04096495220755,401.3076923076922,100.04096495220755,0
per_huruf,12,83,0.06134515890613452,401.3846153846155,100.02730996813838,401.3846153846155,100.02730996813838,0
per_huruf,12,84,0.06208425720620843,401.46153846153845,100.00955848884846,401.46153846153845,100.00955848884846,0
per_huruf,12,85,0.06282335550628233,401.53846153846155,99.99044151115157,401.53846153846155,99.99044151115157,0
per_huruf,12,86,0.06356245380635625,401.61538461538464,99.97269003186163,401.61538461538464,99.97269003186163,0
per_huruf,12,87,0.06430155210643015,401.6923076923076,99.95903504779244,401.6923076923076,99.95903504779244,0
per_huruf,12,88,0.06504065040650406,401.7692307692307,99.95220755575784,401.7692307692307,99.95220755575784,0
per_huruf,12,89,0.06577974870657798,401.84615384615387,99.95493855257169,401.84615384615387,99.95493855257169,0
per_huruf,12,90,0.06651884700665188,401.9230769230769,99.9699590350478,401.9230769230769,99.9699590350478,0
per_huruf,12,91,0.0672579453067258,402.0,100.0,402.0,100.0,1
per_huruf,12,92,0.0679970436067997,402.07692307692315,100.04688211197089,402.07692307692315,100.04688211197089,0
per_huruf,12,93,0.06873614190687362,402.1538461538462,100.10878470641786,402.1538461538462,100.10878470641786,0
per_huruf,12,94,0.06947524020694752,402.23076923076917,100.18297678652708,402.23076923076917,100.18297678652708,0
per_huruf,12,95,0.07021433850702144,402.30769230769226,100.26672735548475,402.30769230769226,100.26672735548475,0
per_huruf,12,96,0.07095343680709534,402.3846153846154,100.35730541647702,402.3846153846154,100.35730541647702,0
per_huruf,12,97,0.07169253510716925,402.46153846153845,100.45197997269004,402.46153846153845,100.45197997269004,0
per_huruf,12,98,0.07243163340724317,402.53846153846155,100.54802002730997,402.53846153846155,100.54802002730997,0
per_huruf,12,99,0.07317073170731707,402.61538461538464,100.64269458352298,402.61538461538464,100.64269458352298,0
per_huruf,12,100,0.07390983000739099,402.6923076923076,100.73327264451525,402.6923076923076,100.73327264451525,0
per_huruf,12,101,0.07464892830746489,402.7692307692308,100.81702321347291,402.7692307692308,100.81702321347291,0
per_huruf,12,102,0.07538802660753881,402.84615384615387,100.89121529358216,402.84615384615387,100.89121529358216,0
per_huruf,12,103,0.07612712490761271,402.9230769230769,100.95311788802913,402.9230769230769,100.95311788802913,0
per_huruf,12,104,0.07686622320768663,403.0,101.0,403.0,101.0,0
per_huruf,12,105,0.07760532150776053,403.0769230769231,101.03004096495224,403.0769230769231,101.03004096495224,0
per_huruf,12,106,0.07834441980783444,403.15384615384613,101.04506144742832,403.15384615384613,101.04506144742832,0
per_huruf,12,107,0.07908351810790835,403.23076923076917,101.04779244424213,403.23076923076917,101.04779244424213,0
per_huruf,12,108,0.07982261640798226,403.30769230769226,101.04096495220756,403.30769230769226,101.04096495220756,0
per_huruf,12,109,0.08056171470805618,403.3846153846154,101.02730996813837,403.3846153846154,101.02730996813837,0
per_huruf,12,110,0.08130081300813008,403.4615384615385,101.00955848884844,403.4615384615385,101.00955848884844,0
per_huruf,12,111,0.082039911308204,403.53846153846155,100.99044151115157,403.53846153846155,100.99044151115157,0
per_huruf,12,112,0.0827790096082779,403.6153846153846,100.97269003186163,403.6153846153846,100.97269003186163,0
per_huruf,12,113,0.0835181079083518,403.6923076923077,100.95903504779244,403.6923076923077,100.95903504779244,0
per_huruf,12,114,0.08425720620842572,403.7692307692307,100.95220755575784,403.7692307692307,100.95220755575784,0
per_huruf,12,115,0.08499630450849963,403.84615384615387,100.95493855257169,403.84615384615387,100.95493855257169,0
per_huruf,12,116,0.08573540280857354,403.9230769230769,100.9699590350478,403.9230769230769,100.9699590350478,0
per_huruf,12,117,0.08647450110864745,404.0,101.0,404.0,101.0,0
per_huruf,12,118,0.08721359940872137,404.07692307692315,101.0468821119709,404.07692307692315,101.0468821119709,0
per_huruf,12,119,0.08795269770879527,404.1538461538462,101.10878470641785,404.1538461538462,101.10878470641785,0
per_huruf,12,120,0.08869179600886917,404.23076923076917,101.18297678652706,404.23076923076917,101.18297678652706,0
per_huruf,12,121,0.08943089430894309,404.30769230769226,101.26672735548475,404.30769230769226,101.26672735548475,0
per_huruf,12,122,0.090169992609017,404.3846153846154,101.35730541647702,404.3846153846154,101.35730541647702,1
per_huruf,12,123,0.09090909090909091,404.4615384615385,101.45197997269005,404.4615384615385,101.45197997269005,0
per_huruf,12,124,0.09164818920916482,404.53846153846155,101.54802002730996,404.53846153846155,101.54802002730996,0
per_huruf,12,125,0.09238728750923873,404.6153846153846,101.64269458352298,404.6153846153846,101.64269458352298,0
per_huruf,12,126,0.09312638580931264,404.6923076923077,101.73327264451524,404.6923076923077,101.73327264451524,0
per_huruf,12,127,0.09386548410938655,404.7692307692307,101.81702321347291,404.7692307692307,101.81702321347291,0
per_huruf,12,128,0.09460458240946046,404.84615384615387,101.89121529358216,404.84615384615387,101.89121529358216,0
per_huruf,12,129,0.09534368070953436,404.9230769230769,101.95311788802913,404.9230769230769,101.95311788802913,0
per_huruf,12,130,0.09608277900960828,405.0,102.0,405.0,102.0,0
per_huruf,12,131,0.09682187730968218,405.07692307692315,102.03277196176606,405.07692307692315,102.03277196176606,0
per_huruf,12,132,0.0975609756097561,405.1538461538462,102.05507510241237,405.1538461538462,102.05507510241237,0
per_huruf,12,133,0.09830007390983,405.23076923076917,102.0682749203459,405.23076923076917,102.0682749203459,0
per_huruf,12,134,0.09903917220990392,405.3076923076923,102.07373691397359,405.3076923076923,102.07373691397359,0
per_huruf,12,135,0.09977827050997783,405.3846153846154,102.07282658170233,405.3846153846154,102.07282658170233,0
per_huruf,12,136,0.10051736881005174,405.4615384615385,102.06690942193902,405.4615384615385,102.06690942193902,0
per_huruf,12,137,0.10125646711012565,405.53846153846155,102.05735093309058,405.53846153846155,102.05735093309058,0
per_huruf,12,138,0.10199556541019955,405.61538461538464,102.04551661356395,405.61538461538464,102.04551661356395,0
per_huruf,12,139,0.10273466371027347,405.6923076923077,102.03277196176604,405.6923076923077,102.03277196176604,0
per_huruf,12,140,0.10347376201034737,405.7692307692307,102.02048247610378,405.7692307692307,102.02048247610378,0
per_huruf,12,141,0.10421286031042129,405.84615384615387,102.01001365498408,405.84615384615387,102.01001365498408,0
per_huruf,12,142,0.1049519586104952,405.9230769230769,102.00273099681382,405.9230769230769,102.00273099681382,0
per_huruf,12,143,0.10569105691056911,406.0,102.0,406.0,102.0,0
per_huruf,12,144,0.10643015521064302,406.0769230769231,102.00000000000001,406.0769230769231,102.00000000000001,0
per_huruf,12,145,0.10716925351071692,406.15384615384613,101.99999999999999,406.15384615384613,101.99999999999999,0
per_huruf,12,146,0.10790835181079084,406.23076923076917,101.99999999999999,406.23076923076917,101.99999999999999,0
per_huruf,12,147,0.10864745011086474,406.30769230769226,101.99999999999999,406.30769230769226,101.99999999999999,0
per_huruf,12,148,0.10938654841093866,406.3846153846154,102.0,406.3846153846154,102.0,0
per_huruf,12,149,0.11012564671101256,406.4615384615385,102.0,406.4615384615385,102.0,0
per_huruf,12,150,0.11086474501108648,406.53846153846155,101.99999999999999,406.53846153846155,101.99999999999999,0
per_huruf,12,151,0.11160384331116038,406.61538461538464,102.0,406.61538461538464,102.0,0
per_huruf,12,152,0.11234294161123429,406.6923076923077,102.0,406.6923076923077,102.0,0
per_huruf,12,153,0.1130820399113082,406.7692307692307,102.0,406.7692307692307,102.0,0
per_huruf,12,154,0.11382113821138211,406.84615384615387,102.0,406.84615384615387,102.0,0
per_huruf,12,155,0.11456023651145603,406.9230769230769,102.0,406.9230769230769,102.0,0
per_huruf,12,156,0.11529933481152993,407.0,102.0,407.0,102.0,0
per_huruf,12,157,0.11603843311160385,407.0769230769231,101.99726900318618,407.0769230769231,101.99726900318618,0
per_huruf,12,158,0.11677753141167775,407.1538461538461,101.98998634501592,407.1538461538461,101.98998634501592,0
per_huruf,12,159,0.11751662971175167,407.23076923076917,101.9795175238962,407.23076923076917,101.9795175238962,0
per_huruf,12,160,0.11825572801182557,407.3076923076923,101.96722803823394,407.3076923076923,101.96722803823394,0
per_huruf,12,161,0.11899482631189948,407.3846153846154,101.95448338643605,407.3846153846154,101.95448338643605,0
per_huruf,12,162,0.1197339246119734,407.46153846153845,101.94264906690944,407.46153846153845,101.94264906690944,0
per_huruf,12,163,0.1204730229120473,407.5384615384615,101.93309057806098,407.5384615384615,101.93309057806098,0
per_huruf,12,164,0.12121212121212122,407.6153846153846,101.92717341829767,407.6153846153846,101.92717341829767,0
per_huruf,12,165,0.12195121951219512,407.6923076923077,101.9262630860264,407.6923076923077,101.9262630860264,0
per_huruf,12,166,0.12269031781226904,407.7692307692307,101.93172507965406,407.7692307692307,101.93172507965406,0
per_huruf,12,167,0.12342941611234294,407.84615384615387,101.94492489758763,407.84615384615387,101.94492489758763,0
per_huruf,12,168,0.12416851441241686,407.9230769230769,101.96722803823394,407.9230769230769,101.96722803823394,0
per_huruf,12,169,0.12490761271249076,408.0,102.0,408.0,102.0,0
per_huruf,12,170,0.12564671101256467,408.07692307692315,102.04688211197087,408.07692307692315,102.04688211197087,0
per_huruf,12,171,0.12638580931263857,408.15384615384613,102.10878470641785,408.15384615384613,102.10878470641785,0
per_huruf,12,172,0.1271249076127125,408.23076923076917,102.18297678652706,408.23076923076917,102.18297678652706,0
per_huruf,12,173,0.1278640059127864,408.30769230769226,102.26672735548475,408.30769230769226,102.26672735548475,0
per_huruf,12,174,0.1286031042128603,408.3846153846154,102.35730541647702,408.3846153846154,102.35730541647702,0
per_huruf,12,175,0.1293422025129342,408.4615384615385,102.45197997269003,408.4615384615385,102.45197997269003,0
per_huruf,12,176,0.13008130081300812,408.53846153846155,102.54802002730997,408.53846153846155,102.54802002730997,0
per_huruf,12,177,0.13082039911308205,408.6153846153846,102.642694583523,408.6153846153846,102.642694583523,0
per_huruf,12,178,0.13155949741315595,408.6923076923077,102.73327264451524,408.6923076923077,102.73327264451524,0
per_huruf,12,179,0.13229859571322986,408.7692307692307,102.81702321347291,408.7692307692307,102.81702321347291,0
per_huruf,12,180,0.13303769401330376,408.84615384615387,102.89121529358215,408.84615384615387,102.89121529358215,1
per_huruf,12,181,0.1337767923133777,408.9230769230769,102.95311788802913,408.9230769230769,102.95311788802913,0
per_huruf,12,182,0.1345158906134516,409.0,103.0,409.0,103.0,0
per_huruf,12,183,0.1352549889135255,409.0769230769231,103.03277196176606,409.0769230769231,103.03277196176606,0
per_huruf,12,184,0.1359940872135994,409.15384615384613,103.05507510241239,409.15384615384613,103.05507510241239,0
per_huruf,12,185,0.1367331855136733,409.23076923076917,103.0682749203459,409.23076923076917,103.0682749203459,0
per_huruf,12,186,0.13747228381374724,409.30769230769226,103.07373691397359,409.30769230769226,103.07373691397359,0
per_huruf,12,187,0.13821138211382114,409.38461538461536,103.07282658170234,409.38461538461536,103.07282658170234,0
per_huruf,12,188,0.13895048041389504,409.4615384615385,103.06690942193902,409.4615384615385,103.06690942193902,0
per_huruf,12,189,0.13968957871396895,409.53846153846155,103.05735093309056,409.53846153846155,103.05735093309056,0
per_huruf,12,190,0.14042867701404288,409.61538461538464,103.04551661356396,409.61538461538464,103.04551661356396,0
per_huruf,12,191,0.14116777531411678,409.6923076923077,103.03277196176603,409.6923076923077,103.03277196176603,0
per_huruf,12,192,0.1419068736141907,409.7692307692307,103.02048247610378,409.7692307692307,103.02048247610378,0
per_huruf,12,193,0.1426459719142646,409.8461538461539,103.01001365498408,409.8461538461539,103.01001365498408,0
per_huruf,12,194,0.1433850702143385,409.9230769230769,103.00273099681384,409.9230769230769,103.00273099681384,0
per_huruf,12,195,0.14412416851441243,410.0,103.0,410.0,103.0,0
per_huruf,12,196,0.14486326681448633,410.07692307692315,103.00000000000001,410.07692307692315,103.00000000000001,0
per_huruf,12,197,0.14560236511456023,410.15384615384613,103.00000000000001,410.15384615384613,103.00000000000001,0
per_huruf,12,198,0.14634146341463414,410.23076923076917,102.99999999999999,410.23076923076917,102.99999999999999,0
per_huruf,12,199,0.14708056171470807,410.30769230769226,103.0,410.30769230769226,103.0,0
per_huruf,12,200,0.14781966001478197,410.3846153846154,103.00000000000001,410.3846153846154,103.00000000000001,0
per_huruf,12,201,0.14855875831485588,410.46153846153845,103.0,410.46153846153845,103.0,0
per_huruf,12,202,0.14929785661492978,410.53846153846155,103.0,410.53846153846155,103.0,0
per_huruf,12,203,0.15003695491500368,410.61538461538464,103.0,410.61538461538464,103.0,0
per_huruf,12,204,0.15077605321507762,410.6923076923077,103.0,410.6923076923077,103.0,0
per_huruf,12,205,0.15151515151515152,410.7692307692307,103.0,410.7692307692307,103.0,0
per_huruf,12,206,0.15225424981522542,410.84615384615387,103.0,410.84615384615387,103.0,0
per_huruf,12,207,0.15299334811529933,410.9230769230769,103.0,410.9230769230769,103.0,0
per_huruf,12,208,0.15373244641537326,411.0,103.0,411.0,103.0,0
per_huruf,12,209,0.15447154471544716,411.07692307692315,103.00273099681385,411.07692307692315,103.00273099681385,0
per_huruf,12,210,0.15521064301552107,411.1538461538462,103.01001365498409,411.1538461538462,103.01001365498409,0
per_huruf,12,211,0.15594974131559497,411.23076923076917,103.02048247610375,411.23076923076917,103.02048247610375,0
per_huruf,12,212,0.15668883961566887,411.30769230769226,103.03277196176604,411.30769230769226,103.03277196176604,0
per_huruf,12,213,0.1574279379157428,411.3846153846154,103.04551661356396,411.3846153846154,103.04551661356396,0
per_huruf,12,214,0.1581670362158167,411.46153846153845,103.05735093309059,411.46153846153845,103.05735093309059,0
per_huruf,12,215,0.1589061345158906,411.53846153846155,103.06690942193902,411.53846153846155,103.06690942193902,0
per_huruf,12,216,0.15964523281596452,411.61538461538464,103.07282658170234,411.61538461538464,103.07282658170234,0
per_huruf,12,217,0.16038433111603842,411.6923076923077,103.07373691397359,411.6923076923077,103.07373691397359,0
per_huruf,12,218,0.16112342941611235,411.7692307692307,103.06827492034591,411.7692307692307,103.06827492034591,0
per_huruf,12,219,0.16186252771618626,411.84615384615387,103.05507510241239,411.84615384615387,103.05507510241239,0
per_huruf,12,220,0.16260162601626016,411.9230769230769,103.03277196176604,411.9230769230769,103.03277196176604,0
per_huruf,12,221,0.16334072431633406,412.0,103.0,412.0,103.0,0
per_huruf,12,222,0.164079822616408,412.0769230769231,102.95311788802915,412.0769230769231,102.95311788802915,0
per_huruf,12,223,0.1648189209164819,412.1538461538462,102.89121529358215,412.1538461538462,102.89121529358215,0
per_huruf,12,224,0.1655580192165558,412.23076923076917,102.8170232134729,412.23076923076917,102.8170232134729,0
per_huruf,12,225,0.1662971175166297,412.30769230769226,102.73327264451522,412.30769230769226,102.73327264451522,0
per_huruf,12,226,0.1670362158167036,412.3846153846154,102.642694583523,412.3846153846154,102.642694583523,0
per_huruf,12,227,0.16777531411677754,412.4615384615385,102.54802002730997,412.4615384615385,102.54802002730997,0
per_huruf,12,228,0.16851441241685144,412.53846153846155,102.45197997269004,412.53846153846155,102.45197997269004,0
per_huruf,12,229,0.16925351071692535,412.61538461538464,102.35730541647702,412.61538461538464,102.35730541647702,0
per_huruf,12,230,0.16999260901699925,412.6923076923077,102.26672735548476,412.6923076923077,102.26672735548476,0
per_huruf,12,231,0.17073170731707318,412.7692307692307,102.18297678652706,412.7692307692307,102.18297678652706,0
per_huruf,12,232,0.1714708056171471,412.8461538461539,102.10878470641785,412.8461538461539,102.10878470641785,0
per_huruf,12,233,0.172209903917221,412.92307692307696,102.04688211197086,412.92307692307696,102.04688211197086,0
per_huruf,12,234,0.1729490022172949,413.0,102.0,413.0,102.0,0
per_huruf,12,235,0.1736881005173688,413.07692307692315,101.96722803823397,413.07692307692315,101.96722803823397,0
per_huruf,12,236,0.17442719881744273,413.15384615384613,101.94492489758761,413.15384615384613,101.94492489758761,0
per_huruf,12,237,0.17516629711751663,413.2307692307692,101.93172507965404,413.2307692307692,101.93172507965404,0
per_huruf,12,238,0.17590539541759054,413.30769230769226,101.92626308602638,413.30769230769226,101.92626308602638,0
per_huruf,12,239,0.17664449371766444,413.3846153846154,101.92717341829768,413.3846153846154,101.92717341829768,0
per_huruf,12,240,0.17738359201773835,413.4615384615385,101.93309057806101,413.4615384615385,101.93309057806101,0
per_huruf,12,241,0.17812269031781228,413.53846153846155,101.94264906690941,413.53846153846155,101.94264906690941,0
per_huruf,12,242,0.17886178861788618,413.61538461538464,101.95448338643605,413.61538461538464,101.95448338643605,0
per_huruf,12,243,0.17960088691796008,413.6923076923076,101.96722803823396,413.6923076923076,101.96722803823396,0
per_huruf,12,244,0.180339985218034,413.7692307692307,101.97951752389622,413.7692307692307,101.97951752389622,0
per_huruf,12,245,0.18107908351810792,413.84615384615387,101.98998634501594,413.84615384615387,101.98998634501594,0
per_huruf,12,246,0.18181818181818182,413.9230769230769,101.99726900318615,413.9230769230769,101.99726900318615,0
per_huruf,12,247,0.18255728011825573,414.0,102.0,414.0,102.0,0
per_huruf,12,248,0.18329637841832963,414.0769230769231,102.00000000000001,414.0769230769231,102.00000000000001,0
per_huruf,12,249,0.18403547671840353,414.1538461538462,101.99999999999999,414.1538461538462,101.99999999999999,0
per_huruf,12,250,0.18477457501847747,414.2307692307691,101.99999999999999,414.2307692307691,101.99999999999999,0
per_huruf,12,251,0.18551367331855137,414.30769230769226,101.99999999999999,414.30769230769226,101.99999999999999,0
per_huruf,12,252,0.18625277161862527,414.3846153846154,102.0,414.3846153846154,102.0,0
per_huruf,12,253,0.18699186991869918,414.4615384615385,102.0,414.4615384615385,102.0,0
per_huruf,12,254,0.1877309682187731,414.53846153846155,101.99999999999999,414.53846153846155,101.99999999999999,0
per_huruf,12,255,0.188470066518847,414.61538461538464,102.0,414.61538461538464,102.0,0
per_huruf,12,256,0.18920916481892092,414.6923076923077,102.0,414.6923076923077,102.0,0
per_huruf,12,257,0.18994826311899482,414.7692307692307,102.0,414.7692307692307,102.0,0
per_huruf,12,258,0.19068736141906872,414.84615384615387,102.0,414.84615384615387,102.0,0
per_huruf,12,259,0.19142645971914266,414.9230769230769,102.0,414.9230769230769,102.0,0
per_huruf,12,260,0.19216555801921656,415.0,102.0,415.0,102.0,0
per_huruf,12,261,0.19290465631929046,415.0769230769231,102.00000000000001,415.0769230769231,102.00000000000001,0
per_huruf,12,262,0.19364375461936437,415.1538461538462,101.99999999999999,415.1538461538462,101.99999999999999,0
per_huruf,12,263,0.1943828529194383,415.23076923076917,101.99999999999999,415.23076923076917,101.99999999999999,0
per_huruf,12,264,0.1951219512195122,415.30769230769226,101.99999999999999,415.30769230769226,101.99999999999999,0
per_huruf,12,265,0.1958610495195861,415.3846153846155,102.0,415.3846153846155,102.0,0
per_huruf,12,266,0.19660014781966,415.46153846153845,102.0,415.46153846153845,102.0,0
per_huruf,12,267,0.1973392461197339,415.53846153846155,101.99999999999999,415.53846153846155,101.99999999999999,0
per_huruf,12,268,0.19807834441980784,415.61538461538464,102.0,415.61538461538464,102.0,0
per_huruf,12,269,0.19881744271988175,415.6923076923076,102.0,415.6923076923076,102.0,0
per_huruf,12,270,0.19955654101995565,415.7692307692307,102.0,415.7692307692307,102.0,0
per_huruf,12,271,0.20029563932002956,415.8461538461539,102.0,415.8461538461539,102.0,0
per_huruf,12,272,0.2010347376201035,415.9230769230769,102.0,415.9230769230769,102.0,0
per_huruf,12,273,0.2017738359201774,416.0,102.0,416.0,102.0,0
per_huruf,12,274,0.2025129342202513,416.07692307692315,102.00273099681385,416.07692307692315,102.00273099681385,0
per_huruf,12,275,0.2032520325203252,416.1538461538462,102.01001365498405,416.1538461538462,102.01001365498405,0
per_huruf,12,276,0.2039911308203991,416.2307692307692,102.02048247610377,416.2307692307692,102.02048247610377,0
per_huruf,12,277,0.20473022912047303,416.3076923076922,102.03277196176603,416.3076923076922,102.03277196176603,0
per_huruf,12,278,0.20546932742054694,416.3846153846154,102.04551661356396,416.3846153846154,102.04551661356396,0
per_huruf,12,279,0.20620842572062084,416.4615384615385,102.05735093309059,416.4615384615385,102.05735093309059,0
per_huruf,12,280,0.20694752402069475,416.53846153846155,102.066909421939,416.53846153846155,102.066909421939,0
per_huruf,12,281,0.20768662232076865,416.61538461538464,102.07282658170233,416.61538461538464,102.07282658170233,0
per_huruf,12,282,0.20842572062084258,416.69230769230774,102.0737369139736,416.69230769230774,102.0737369139736,0
per_huruf,12,283,0.20916481892091648,416.7692307692307,102.06827492034591,416.7692307692307,102.06827492034591,0
per_huruf,12,284,0.2099039172209904,416.8461538461538,102.05507510241239,416.8461538461538,102.05507510241239,0
per_huruf,12,285,0.2106430155210643,416.9230769230769,102.03277196176603,416.9230769230769,102.03277196176603,0
per_huruf,12,286,0.21138211382113822,417.0,102.0,417.0,102.0,0
per_huruf,12,287,0.21212121212121213,417.0769230769231,101.95311788802913,417.0769230769231,101.95311788802913,0
per_huruf,12,288,0.21286031042128603,417.1538461538462,101.89121529358215,417.1538461538462,101.89121529358215,0
per_huruf,12,289,0.21359940872135993,417.23076923076917,101.8170232134729,417.23076923076917,101.8170232134729,0
per_huruf,12,290,0.21433850702143384,417.30769230769226,101.73327264451524,417.30769230769226,101.73327264451524,0
per_huruf,12,291,0.21507760532150777,417.3846153846155,101.642694583523,417.3846153846155,101.642694583523,0
per_huruf,12,292,0.21581670362158167,417.4615384615385,101.54802002730999,417.4615384615385,101.54802002730999,0
per_huruf,12,293,0.21655580192165558,417.53846153846155,101.45197997269003,417.53846153846155,101.45197997269003,0
per_huruf,12,294,0.21729490022172948,417.61538461538464,101.35730541647702,417.61538461538464,101.35730541647702,0
per_huruf,12,295,0.2180339985218034,417.69230769230774,101.26672735548475,417.69230769230774,101.26672735548475,0
per_huruf,12,296,0.21877309682187732,417.7692307692307,101.18297678652708,417.7692307692307,101.18297678652708,0
per_huruf,12,297,0.21951219512195122,417.8461538461538,101.10878470641785,417.8461538461538,101.10878470641785,0
per_huruf,12,298,0.22025129342202512,417.9230769230769,101.04688211197087,417.9230769230769,101.04688211197087,0
per_huruf,12,299,0.22099039172209903,418.0,101.0,418.0,101.0,0
per_huruf,12,300,0.22172949002217296,418.07692307692315,100.96722803823396,418.07692307692315,100.96722803823396,0
per_huruf,12,301,0.22246858832224686,418.1538461538462,100.94492489758763,418.1538461538462,100.94492489758763,0
per_huruf,12,302,0.22320768662232077,418.23076923076917,100.93172507965406,418.23076923076917,100.93172507965406,0
per_huruf,12,303,0.22394678492239467,418.30769230769226,100.9262630860264,418.30769230769226,100.9262630860264,0
per_huruf,12,304,0.22468588322246857,418.3846153846154,100.92717341829768,418.3846153846154,100.92717341829768,0
per_huruf,12,305,0.2254249815225425,418.46153846153845,100.933090578061,418.46153846153845,100.933090578061,0
per_huruf,12,306,0.2261640798226164,418.5384615384615,100.94264906690941,418.5384615384615,100.94264906690941,0
per_huruf,12,307,0.2269031781226903,418.61538461538464,100.95448338643605,418.61538461538464,100.95448338643605,0
per_huruf,12,308,0.22764227642276422,418.69230769230774,100.96722803823396,418.69230769230774,100.96722803823396,0
per_huruf,12,309,0.22838137472283815,418.7692307692307,100.97951752389622,418.7692307692307,100.97951752389622,0
per_huruf,12,310,0.22912047302291205,418.84615384615387,100.98998634501594,418.84615384615387,100.98998634501594,0
per_huruf,12,311,0.22985957132298596,418.9230769230769,100.99726900318616,418.9230769230769,100.99726900318616,0
per_huruf,12,312,0.23059866962305986,419.0,101.0,419.0,101.0,0
per_huruf,12,313,0.23133776792313376,419.07692307692315,101.00273099681384,419.07692307692315,101.00273099681384,0
per_huruf,12,314,0.2320768662232077,419.1538461538462,101.01001365498406,419.1538461538462,101.01001365498406,0
per_huruf,12,315,0.2328159645232816,419.23076923076917,101.02048247610377,419.23076923076917,101.02048247610377,0
per_huruf,12,316,0.2335550628233555,419.30769230769226,101.03277196176604,419.30769230769226,101.03277196176604,0
per_huruf,12,317,0.2342941611234294,419.3846153846154,101.04551661356396,419.3846153846154,101.04551661356396,0
per_huruf,12,318,0.23503325942350334,419.46153846153845,101.05735093309059,419.46153846153845,101.05735093309059,0
per_huruf,12,319,0.23577235772357724,419.5384615384615,101.06690942193902,419.5384615384615,101.06690942193902,0
per_huruf,12,320,0.23651145602365115,419.61538461538464,101.07282658170232,419.61538461538464,101.07282658170232,0
per_huruf,12,321,0.23725055432372505,419.69230769230774,101.0737369139736,419.69230769230774,101.0737369139736,0
per_huruf,12,322,0.23798965262379895,419.7692307692307,101.06827492034591,419.7692307692307,101.06827492034591,0
per_huruf,12,323,0.23872875092387288,419.8461538461538,101.05507510241239,419.8461538461538,101.05507510241239,0
per_huruf,12,324,0.2394678492239468,419.9230769230769,101.03277196176604,419.9230769230769,101.03277196176604,0
per_huruf,12,325,0.2402069475240207,420.0,101.0,420.0,101.0,0
per_huruf,12,326,0.2409460458240946,420.0769230769231,100.95311788802914,420.0769230769231,100.95311788802914,0
per_huruf,12,327,0.24168514412416853,420.15384615384613,100.89121529358216,420.15384615384613,100.89121529358216,0
per_huruf,12,328,0.24242424242424243,420.23076923076917,100.81702321347291,420.23076923076917,100.81702321347291,0
per_huruf,12,329,0.24316334072431633,420.3076923076923,100.73327264451524,420.3076923076923,100.73327264451524,0
per_huruf,12,330,0.24390243902439024,420.3846153846154,100.642694583523,420.3846153846154,100.642694583523,0
per_huruf,12,331,0.24464153732446414,420.4615384615385,100.54802002730997,420.4615384615385,100.54802002730997,0
per_huruf,12,332,0.24538063562453807,420.53846153846155,100.45197997269004,420.53846153846155,100.45197997269004,0
per_huruf,12,333,0.24611973392461198,420.6153846153846,100.35730541647702,420.6153846153846,100.35730541647702,0
per_huruf,12,334,0.24685883222468588,420.69230769230774,100.26672735548476,420.69230769230774,100.26672735548476,0
per_huruf,12,335,0.24759793052475979,420.7692307692307,100.18297678652706,420.7692307692307,100.18297678652706,0
per_huruf,12,336,0.24833702882483372,420.8461538461538,100.10878470641785,420.8461538461538,100.10878470641785,0
per_huruf,12,337,0.24907612712490762,420.92307692307696,100.04688211197086,420.92307692307696,100.04688211197086,0
per_huruf,12,338,0.24981522542498152,421.0,100.0,421.0,100.0,0
per_huruf,12,339,0.25055432372505543,421.0769230769232,99.96995903504781,421.0769230769232,99.96995903504781,0
per_huruf,12,340,0.25129342202512933,421.1538461538462,99.95493855257169,421.1538461538462,99.95493855257169,0
per_huruf,12,341,0.25203252032520324,421.2307692307691,99.95220755575785,421.2307692307691,99.95220755575785,0
per_huruf,12,342,0.25277161862527714,421.30769230769226,99.95903504779244,421.30769230769226,99.95903504779244,0
per_huruf,12,343,0.2535107169253511,421.3846153846154,99.97269003186165,421.3846153846154,99.97269003186165,0
per_huruf,12,344,0.254249815225425,421.4615384615385,99.99044151115159,421.4615384615385,99.99044151115159,0
per_huruf,12,345,0.2549889135254989,421.53846153846155,100.00955848884844,421.53846153846155,100.00955848884844,0
per_huruf,12,346,0.2557280118255728,421.61538461538464,100.02730996813837,421.61538461538464,100.02730996813837,0
per_huruf,12,347,0.2564671101256467,421.6923076923076,100.04096495220756,421.6923076923076,100.04096495220756,0
per_huruf,12,348,0.2572062084257206,421.7692307692307,100.04779244424213,421.7692307692307,100.04779244424213,0
per_huruf,12,349,0.2579453067257945,421.84615384615387,100.04506144742831,421.84615384615387,100.04506144742831,0
per_huruf,12,350,0.2586844050258684,421.9230769230769,100.0300409649522,421.9230769230769,100.0300409649522,0
per_huruf,12,351,0.25942350332594233,422.0,100.0,422.0,100.0,0
per_huruf,12,352,0.26016260162601623,422.0769230769231,99.95584888484298,422.0769230769231,99.95584888484298,0
per_huruf,12,353,0.2609016999260902,422.1538461538462,99.90122894856623,422.1538461538462,99.90122894856623,0
per_huruf,12,354,0.2616407982261641,422.23076923076917,99.8375056895767,422.23076923076917,99.8375056895767,0
per_huruf,12,355,0.262379896526238,422.30769230769226,99.76604460628128,422.30769230769226,99.76604460628128,0
per_huruf,12,356,0.2631189948263119,422.3846153846154,99.68821119708694,422.3846153846154,99.68821119708694,0
per_huruf,12,357,0.2638580931263858,422.4615384615385,99.60537096040055,422.4615384615385,99.60537096040055,0
per_huruf,12,358,0.2645971914264597,422.5384615384616,99.51888939462903,422.5384615384616,99.51888939462903,0
per_huruf,12,359,0.2653362897265336,422.61538461538464,99.43013199817933,422.61538461538464,99.43013199817933,0
per_huruf,12,360,0.2660753880266075,422.6923076923076,99.34046426945835,422.6923076923076,99.34046426945835,0
per_huruf,12,361,0.2668144863266814,422.7692307692307,99.251251706873,422.7692307692307,99.251251706873,0
per_huruf,12,362,0.2675535846267554,422.8461538461538,99.16385980883022,422.8461538461538,99.16385980883022,0
per_huruf,12,363,0.2682926829268293,422.9230769230769,99.07965407373692,422.9230769230769,99.07965407373692,0
per_huruf,12,364,0.2690317812269032,423.0,99.0,423.0,99.0,0
per_huruf,12,365,0.2697708795269771,423.0769230769231,98.92034592626311,423.0769230769231,98.92034592626311,0
per_huruf,12,366,0.270509977827051,423.1538461538462,98.83614019116979,423.1538461538462,98.83614019116979,0
per_huruf,12,367,0.2712490761271249,423.23076923076917,98.74874829312698,423.23076923076917,98.74874829312698,0
per_huruf,12,368,0.2719881744271988,423.3076923076922,98.65953573054162,423.3076923076922,98.65953573054162,0
per_huruf,12,369,0.2727272727272727,423.3846153846154,98.56986800182068,423.3846153846154,98.56986800182068,0
per_huruf,12,370,0.2734663710273466,423.4615384615385,98.48111060537097,423.4615384615385,98.48111060537097,0
per_huruf,12,371,0.27420546932742057,423.53846153846155,98.39462903959947,423.53846153846155,98.39462903959947,0
per_huruf,12,372,0.2749445676274945,423.61538461538464,98.31178880291307,423.61538461538464,98.31178880291307,0
per_huruf,12,373,0.2756836659275684,423.6923076923076,98.2339553937187,423.6923076923076,98.2339553937187,0
per_huruf,12,374,0.2764227642276423,423.7692307692307,98.16249431042328,423.7692307692307,98.16249431042328,0
per_huruf,12,375,0.2771618625277162,423.84615384615387,98.09877105143377,423.84615384615387,98.09877105143377,0
per_huruf,12,376,0.2779009608277901,423.9230769230769,98.04415111515702,423.9230769230769,98.04415111515702,0
per_huruf,12,377,0.278640059127864,424.0,98.0,424.0,98.0,0
per_huruf,12,378,0.2793791574279379,424.0769230769231,97.96995903504781,424.0769230769231,97.96995903504781,0
per_huruf,12,379,0.2801182557280118,424.1538461538462,97.9549385525717,424.1538461538462,97.9549385525717,0
per_huruf,12,380,0.28085735402808576,424.2307692307691,97.95220755575782,424.2307692307691,97.95220755575782,0
per_huruf,12,381,0.28159645232815966,424.3076923076923,97.95903504779244,424.3076923076923,97.95903504779244,0
per_huruf,12,382,0.28233555062823357,424.3846153846154,97.97269003186165,424.3846153846154,97.97269003186165,0
per_huruf,12,383,0.28307464892830747,424.46153846153845,97.99044151115159,424.46153846153845,97.99044151115159,0
per_huruf,12,384,0.2838137472283814,424.53846153846155,98.00955848884843,424.53846153846155,98.00955848884843,0
per_huruf,12,385,0.2845528455284553,424.6153846153846,98.02730996813837,424.6153846153846,98.02730996813837,0
per_huruf,12,386,0.2852919438285292,424.6923076923076,98.04096495220756,424.6923076923076,98.04096495220756,0
per_huruf,12,387,0.2860310421286031,424.7692307692307,98.04779244424213,424.7692307692307,98.04779244424213,0
per_huruf,12,388,0.286770140428677,424.84615384615387,98.04506144742831,424.84615384615387,98.04506144742831,0
per_huruf,12,389,0.28750923872875095,424.9230769230769,98.0300409649522,424.9230769230769,98.0300409649522,0
per_huruf,12,390,0.28824833702882485,425.0,98.0,425.0,98.0,0
per_huruf,12,391,0.28898743532889876,425.07692307692315,97.95584888484298,425.07692307692315,97.95584888484298,0
per_huruf,12,392,0.28972653362897266,425.15384615384625,97.90122894856623,425.15384615384625,97.90122894856623,0
per_huruf,12,393,0.29046563192904656,425.23076923076917,97.83750568957667,425.23076923076917,97.83750568957667,0
per_huruf,12,394,0.29120473022912047,425.3076923076922,97.76604460628128,425.3076923076922,97.76604460628128,0
per_huruf,12,395,0.29194382852919437,425.38461538461536,97.68821119708694,425.38461538461536,97.68821119708694,0
per_huruf,12,396,0.2926829268292683,425.4615384615385,97.60537096040055,425.4615384615385,97.60537096040055,0
per_huruf,12,397,0.2934220251293422,425.53846153846155,97.51888939462903,425.53846153846155,97.51888939462903,0
per_huruf,12,398,0.29416112342941614,425.61538461538464,97.43013199817933,425.61538461538464,97.43013199817933,0
per_huruf,12,399,0.29490022172949004,425.69230769230774,97.34046426945834,425.69230769230774,97.34046426945834,0
per_huruf,12,400,0.29563932002956395,425.7692307692307,97.25125170687299,425.7692307692307,97.25125170687299,0
per_huruf,12,401,0.29637841832963785,425.84615384615387,97.16385980883022,425.84615384615387,97.16385980883022,0
per_huruf,12,402,0.29711751662971175,425.9230769230769,97.07965407373692,425.9230769230769,97.07965407373692,0
per_huruf,12,403,0.29785661492978566,426.0,97.0,426.0,97.0,0
per_huruf,12,404,0.29859571322985956,426.07692307692315,96.92307692307695,426.07692307692315,96.92307692307695,0
per_huruf,12,405,0.29933481152993346,426.15384615384613,96.84615384615385,426.15384615384613,96.84615384615385,0
per_huruf,12,406,0.30007390983000737,426.2307692307692,96.76923076923076,426.2307692307692,96.76923076923076,0
per_huruf,12,407,0.3008130081300813,426.30769230769226,96.6923076923077,426.30769230769226,96.6923076923077,0
per_huruf,12,408,0.30155210643015523,426.3846153846154,96.61538461538464,426.3846153846154,96.61538461538464,0
per_huruf,12,409,0.30229120473022913,426.4615384615385,96.53846153846155,426.4615384615385,96.53846153846155,0
per_huruf,12,410,0.30303030303030304,426.53846153846155,96.46153846153848,426.53846153846155,96.46153846153848,0
per_huruf,12,411,0.30376940133037694,426.61538461538464,96.38461538461539,426.61538461538464,96.38461538461539,0
per_huruf,12,412,0.30450849963045085,426.69230769230774,96.3076923076923,426.69230769230774,96.3076923076923,0
per_huruf,12,413,0.30524759793052475,426.7692307692307,96.23076923076923,426.7692307692307,96.23076923076923,0
per_huruf,12,414,0.30598669623059865,426.8461538461538,96.15384615384616,426.8461538461538,96.15384615384616,0
per_huruf,12,415,0.30672579453067256,426.9230769230769,96.07692307692307,426.9230769230769,96.07692307692307,0
per_huruf,12,416,0.3074648928307465,427.0,96.0,427.0,96.0,0
per_huruf,12,417,0.3082039911308204,427.07692307692315,95.92307692307692,427.07692307692315,95.92307692307692,0
per_huruf,12,418,0.3089430894308943,427.1538461538462,95.84615384615385,427.1538461538462,95.84615384615385,0
per_huruf,12,419,0.30968218773096823,427.23076923076917,95.76923076923076,427.23076923076917,95.76923076923076,0
per_huruf,12,420,0.31042128603104213,427.30769230769226,95.6923076923077,427.30769230769226,95.6923076923077,0
per_huruf,12,421,0.31116038433111604,427.3846153846155,95.61538461538463,427.3846153846155,95.61538461538463,0
per_huruf,12,422,0.31189948263118994,427.46153846153845,95.53846153846155,427.46153846153845,95.53846153846155,0
per_huruf,12,423,0.31263858093126384,427.53846153846155,95.46153846153845,427.53846153846155,95.46153846153845,0
per_huruf,12,424,0.31337767923133775,427.61538461538464,95.38461538461539,427.61538461538464,95.38461538461539,0
per_huruf,12,425,0.31411677753141165,427.6923076923076,95.3076923076923,427.6923076923076,95.3076923076923,0
per_huruf,12,426,0.3148558758314856,427.7692307692307,95.23076923076923,427.7692307692307,95.23076923076923,0
per_huruf,12,427,0.3155949741315595,427.8461538461539,95.15384615384616,427.8461538461539,95.15384615384616,0
per_huruf,12,428,0.3163340724316334,427.9230769230769,95.07692307692307,427.9230769230769,95.07692307692307,0
per_huruf,12,429,0.3170731707317073,428.0,95.0,428.0,95.0,0
per_huruf,12,430,0.3178122690317812,428.07692307692315,94.9203459262631,428.07692307692315,94.9203459262631,0
per_huruf,12,431,0.31855136733185513,428.1538461538462,94.83614019116979,428.1538461538462,94.83614019116979,0
per_huruf,12,432,0.31929046563192903,428.2307692307691,94.74874829312698,428.2307692307691,94.74874829312698,0
per_huruf,12,433,0.32002956393200294,428.30769230769226,94.65953573054163,428.30769230769226,94.65953573054163,0
per_huruf,12,434,0.32076866223207684,428.3846153846155,94.56986800182068,428.3846153846155,94.56986800182068,0
per_huruf,12,435,0.3215077605321508,428.46153846153845,94.48111060537097,428.46153846153845,94.48111060537097,0
per_huruf,12,436,0.3222468588322247,428.53846153846155,94.39462903959947,428.53846153846155,94.39462903959947,0
per_huruf,12,437,0.3229859571322986,428.6153846153846,94.31178880291307,428.6153846153846,94.31178880291307,0
per_huruf,12,438,0.3237250554323725,428.69230769230774,94.2339553937187,428.69230769230774,94.2339553937187,0
per_huruf,12,439,0.3244641537324464,428.7692307692307,94.16249431042331,428.7692307692307,94.16249431042331,0
per_huruf,12,440,0.3252032520325203,428.8461538461538,94.09877105143377,428.8461538461538,94.09877105143377,0
per_huruf,12,441,0.3259423503325942,428.9230769230769,94.04415111515704,428.9230769230769,94.04415111515704,0
per_huruf,12,442,0.3266814486326681,429.0,94.0,429.0,94.0,0
per_huruf,12,443,0.32742054693274203,429.07692307692315,93.9699590350478,429.07692307692315,93.9699590350478,0
per_huruf,12,444,0.328159645232816,429.15384615384613,93.95493855257169,429.15384615384613,93.95493855257169,0
per_huruf,12,445,0.3288987435328899,429.23076923076917,93.95220755575784,429.23076923076917,93.95220755575784,0
per_huruf,12,446,0.3296378418329638,429.3076923076923,93.95903504779243,429.3076923076923,93.95903504779243,0
per_huruf,12,447,0.3303769401330377,429.3846153846155,93.97269003186165,429.3846153846155,93.97269003186165,0
per_huruf,12,448,0.3311160384331116,429.4615384615385,93.99044151115157,429.4615384615385,93.99044151115157,0
per_huruf,12,449,0.3318551367331855,429.53846153846155,94.00955848884844,429.53846153846155,94.00955848884844,0
per_huruf,12,450,0.3325942350332594,429.61538461538464,94.02730996813837,429.61538461538464,94.02730996813837,0
per_huruf,12,451,0.3333333333333333,429.6923076923077,94.04096495220755,429.6923076923077,94.04096495220755,0
per_huruf,12,452,0.3340724316334072,429.7692307692307,94.04779244424213,429.7692307692307,94.04779244424213,0
per_huruf,12,453,0.3348115299334812,429.84615384615387,94.04506144742831,429.84615384615387,94.04506144742831,0
per_huruf,12,454,0.3355506282335551,429.9230769230769,94.0300409649522,429.9230769230769,94.0300409649522,0
per_huruf,12,455,0.336289726533629,430.0,94.0,430.0,94.0,0
per_huruf,12,456,0.3370288248337029,430.0769230769231,93.95584888484296,430.0769230769231,93.95584888484296,0
per_huruf,12,457,0.3377679231337768,430.15384615384613,93.90122894856623,430.15384615384613,93.90122894856623,0
per_huruf,12,458,0.3385070214338507,430.2307692307692,93.83750568957669,430.2307692307692,93.83750568957669,0
per_huruf,12,459,0.3392461197339246,430.30769230769226,93.76604460628128,430.30769230769226,93.76604460628128,0
per_huruf,12,460,0.3399852180339985,430.3846153846155,93.68821119708694,430.3846153846155,93.68821119708694,0
per_huruf,12,461,0.3407243163340724,430.4615384615385,93.60537096040055,430.4615384615385,93.60537096040055,0
per_huruf,12,462,0.34146341463414637,430.5384615384615,93.51888939462904,430.5384615384615,93.51888939462904,0
per_huruf,12,463,0.34220251293422027,430.61538461538464,93.43013199817933,430.61538461538464,93.43013199817933,0
per_huruf,12,464,0.3429416112342942,430.6923076923077,93.34046426945835,430.6923076923077,93.34046426945835,0
per_huruf,12,465,0.3436807095343681,430.7692307692307,93.25125170687299,430.7692307692307,93.25125170687299,0
per_huruf,12,466,0.344419807834442,430.84615384615387,93.16385980883022,430.84615384615387,93.16385980883022,0
per_huruf,12,467,0.3451589061345159,430.9230769230769,93.07965407373692,430.9230769230769,93.07965407373692,0
per_huruf,12,468,0.3458980044345898,431.0,93.0,431.0,93.0,0
per_huruf,12,469,0.3466371027346637,431.07692307692304,92.92307692307695,431.07692307692304,92.92307692307695,0
per_huruf,12,470,0.3473762010347376,431.15384615384613,92.84615384615384,431.15384615384613,92.84615384615384,0
per_huruf,12,471,0.34811529933481156,431.2307692307692,92.76923076923076,431.2307692307692,92.76923076923076,0
per_huruf,12,472,0.34885439763488546,431.3076923076923,92.69230769230768,431.3076923076923,92.69230769230768,0
per_huruf,12,473,0.34959349593495936,431.3846153846154,92.61538461538464,431.3846153846154,92.61538461538464,0
per_huruf,12,474,0.35033259423503327,431.4615384615385,92.53846153846153,431.4615384615385,92.53846153846153,0
per_huruf,12,475,0.35107169253510717,431.53846153846155,92.46153846153845,431.53846153846155,92.46153846153845,0
per_huruf,12,476,0.3518107908351811,431.61538461538464,92.3846153846154,431.61538461538464,92.3846153846154,0
per_huruf,12,477,0.352549889135255,431.6923076923077,92.30769230769229,431.6923076923077,92.30769230769229,0
per_huruf,12,478,0.3532889874353289,431.7692307692307,92.23076923076923,431.7692307692307,92.23076923076923,0
per_huruf,12,479,0.3540280857354028,431.84615384615387,92.15384615384616,431.84615384615387,92.15384615384616,0
per_huruf,12,480,0.3547671840354767,431.9230769230769,92.07692307692307,431.9230769230769,92.07692307692307,0
per_huruf,12,481,0.35550628233555065,432.0,92.0,432.0,92.0,0
per_huruf,12,482,0.35624538063562455,432.07692307692315,91.92307692307693,432.07692307692315,91.92307692307693,0
per_huruf,12,483,0.35698447893569846,432.15384615384613,91.84615384615385,432.15384615384613,91.84615384615385,0
per_huruf,12,484,0.35772357723577236,432.2307692307691,91.76923076923076,432.2307692307691,91.76923076923076,0
per_huruf,12,485,0.35846267553584626,432.3076923076922,91.69230769230768,432.3076923076922,91.69230769230768,0
per_huruf,12,486,0.35920177383592017,432.3846153846155,91.61538461538461,432.3846153846155,91.61538461538461,0
per_huruf,12,487,0.35994087213599407,432.4615384615385,91.53846153846153,432.4615384615385,91.53846153846153,0
per_huruf,12,488,0.360679970436068,432.5384615384615,91.46153846153847,432.5384615384615,91.46153846153847,0
per_huruf,12,489,0.3614190687361419,432.6153846153846,91.38461538461539,432.6153846153846,91.38461538461539,0
per_huruf,12,490,0.36215816703621584,432.6923076923077,91.3076923076923,432.6923076923077,91.3076923076923,0
per_huruf,12,491,0.36289726533628974,432.7692307692307,91.23076923076923,432.7692307692307,91.23076923076923,0
per_huruf,12,492,0.36363636363636365,432.8461538461538,91.15384615384616,432.8461538461538,91.15384615384616,0
per_huruf,12,493,0.36437546193643755,432.9230769230769,91.07692307692308,432.9230769230769,91.07692307692308,0
per_huruf,12,494,0.36511456023651145,433.0,91.0,433.0,91.0,0
per_huruf,12,495,0.36585365853658536,433.07692307692315,90.92307692307695,433.07692307692315,90.92307692307695,0
per_huruf,12,496,0.36659275683665926,433.15384615384613,90.84615384615385,433.15384615384613,90.84615384615385,0
per_huruf,12,497,0.36733185513673317,433.23076923076917,90.76923076923077,433.23076923076917,90.76923076923077,0
per_huruf,12,498,0.36807095343680707,433.3076923076923,90.69230769230768,433.3076923076923,90.69230769230768,0
per_huruf,12,499,0.36881005173688103,433.3846153846154,90.61538461538461,433.3846153846154,90.61538461538461,0
per_huruf,12,500,0.36954915003695493,433.4615384615385,90.53846153846155,433.4615384615385,90.53846153846155,0
per_huruf,12,501,0.37028824833702884,433.5384615384616,90.46153846153847,433.5384615384616,90.46153846153847,0
per_huruf,12,502,0.37102734663710274,433.61538461538464,90.38461538461539,433.61538461538464,90.38461538461539,0
per_huruf,12,503,0.37176644493717664,433.6923076923077,90.30769230769229,433.6923076923077,90.30769230769229,0
per_huruf,12,504,0.37250554323725055,433.7692307692307,90.23076923076923,433.7692307692307,90.23076923076923,0
per_huruf,12,505,0.37324464153732445,433.8461538461539,90.15384615384616,433.8461538461539,90.15384615384616,0
per_huruf,12,506,0.37398373983739835,433.9230769230769,90.07692307692307,433.9230769230769,90.07692307692307,0
per_huruf,12,507,0.37472283813747226,434.0,90.0,434.0,90.0,0
per_huruf,12,508,0.3754619364375462,434.07692307692315,89.92307692307693,434.07692307692315,89.92307692307693,0
per_huruf,12,509,0.3762010347376201,434.1538461538462,89.84615384615385,434.1538461538462,89.84615384615385,0
per_huruf,12,510,0.376940133037694,434.2307692307692,89.76923076923076,434.2307692307692,89.76923076923076,0
per_huruf,12,511,0.37767923133776793,434.3076923076922,89.6923076923077,434.3076923076922,89.6923076923077,0
per_huruf,12,512,0.37841832963784183,434.3846153846154,89.61538461538463,434.3846153846154,89.61538461538463,0
per_huruf,12,513,0.37915742793791574,434.4615384615385,89.53846153846153,434.4615384615385,89.53846153846153,0
per_huruf,12,514,0.37989652623798964,434.53846153846155,89.46153846153845,434.53846153846155,89.46153846153845,0
per_huruf,12,515,0.38063562453806354,434.61538461538464,89.38461538461539,434.61538461538464,89.38461538461539,0
per_huruf,12,516,0.38137472283813745,434.6923076923077,89.3076923076923,434.6923076923077,89.3076923076923,0
per_huruf,12,517,0.3821138211382114,434.7692307692307,89.23076923076923,434.7692307692307,89.23076923076923,0
per_huruf,12,518,0.3828529194382853,434.8461538461538,89.15384615384616,434.8461538461538,89.15384615384616,0
per_huruf,12,519,0.3835920177383592,434.9230769230769,89.07692307692308,434.9230769230769,89.07692307692308,0
per_huruf,12,520,0.3843311160384331,435.0,89.0,435.0,89.0,0
per_huruf,12,521,0.385070214338507,435.07692307692315,88.92307692307693,435.07692307692315,88.92307692307693,0
per_huruf,12,522,0.3858093126385809,435.15384615384613,88.84615384615385,435.15384615384613,88.84615384615385,0
per_huruf,12,523,0.38654841093865483,435.23076923076917,88.76923076923076,435.23076923076917,88.76923076923076,0
per_huruf,12,524,0.38728750923872873,435.30769230769226,88.6923076923077,435.30769230769226,88.6923076923077,0
per_huruf,12,525,0.38802660753880264,435.3846153846154,88.61538461538463,435.3846153846154,88.61538461538463,0
per_huruf,12,526,0.3887657058388766,435.46153846153845,88.53846153846155,435.46153846153845,88.53846153846155,0
per_huruf,12,527,0.3895048041389505,435.53846153846155,88.46153846153847,435.53846153846155,88.46153846153847,0
per_huruf,12,528,0.3902439024390244,435.61538461538464,88.38461538461539,435.61538461538464,88.38461538461539,0
per_huruf,12,529,0.3909830007390983,435.6923076923077,88.3076923076923,435.6923076923077,88.3076923076923,0
per_huruf,12,530,0.3917220990391722,435.7692307692307,88.23076923076923,435.7692307692307,88.23076923076923,0
per_huruf,12,531,0.3924611973392461,435.84615384615387,88.15384615384616,435.84615384615387,88.15384615384616,0
per_huruf,12,532,0.39320029563932,435.9230769230769,88.07692307692307,435.9230769230769,88.07692307692307,0
per_huruf,12,533,0.3939393939393939,436.0,88.0,436.0,88.0,0
per_huruf,12,534,0.3946784922394678,436.07692307692315,87.92307692307692,436.07692307692315,87.92307692307692,0
per_huruf,12,535,0.3954175905395418,436.1538461538462,87.84615384615385,436.1538461538462,87.84615384615385,0
per_huruf,12,536,0.3961566888396157,436.23076923076917,87.76923076923076,436.23076923076917,87.76923076923076,0
per_huruf,12,537,0.3968957871396896,436.30769230769226,87.6923076923077,436.30769230769226,87.6923076923077,0
per_huruf,12,538,0.3976348854397635,436.3846153846155,87.61538461538461,436.3846153846155,87.61538461538461,0
per_huruf,12,539,0.3983739837398374,436.46153846153845,87.53846153846155,436.46153846153845,87.53846153846155,0
per_huruf,12,540,0.3991130820399113,436.53846153846155,87.46153846153847,436.53846153846155,87.46153846153847,0
per_huruf,12,541,0.3998521803399852,436.61538461538464,87.38461538461539,436.61538461538464,87.38461538461539,0
per_huruf,12,542,0.4005912786400591,436.6923076923077,87.30769230769229,436.6923076923077,87.30769230769229,0
per_huruf,12,543,0.401330376940133,436.7692307692307,87.23076923076923,436.7692307692307,87.23076923076923,0
per_huruf,12,544,0.402069475240207,436.84615384615387,87.15384615384616,436.84615384615387,87.15384615384616,0
per_huruf,12,545,0.4028085735402809,436.9230769230769,87.07692307692308,436.9230769230769,87.07692307692308,0
per_huruf,12,546,0.4035476718403548,437.0,87.0,437.0,87.0,0
per_huruf,12,547,0.4042867701404287,437.07692307692315,86.92307692307693,437.07692307692315,86.92307692307693,0
per_huruf,12,548,0.4050258684405026,437.15384615384613,86.84615384615385,437.15384615384613,86.84615384615385,0
per_huruf,12,549,0.4057649667405765,437.2307692307691,86.76923076923075,437.2307692307691,86.76923076923075,0
per_huruf,12,550,0.4065040650406504,437.3076923076923,86.69230769230768,437.3076923076923,86.69230769230768,0
per_huruf,12,551,0.4072431633407243,437.3846153846155,86.61538461538463,437.3846153846155,86.61538461538463,0
per_huruf,12,552,0.4079822616407982,437.46153846153845,86.53846153846155,437.46153846153845,86.53846153846155,0
per_huruf,12,553,0.4087213599408721,437.53846153846155,86.46153846153845,437.53846153846155,86.46153846153845,0
per_huruf,12,554,0.40946045824094607,437.61538461538464,86.38461538461539,437.61538461538464,86.38461538461539,0
per_huruf,12,555,0.41019955654101997,437.6923076923077,86.3076923076923,437.6923076923077,86.3076923076923,0
per_huruf,12,556,0.4109386548410939,437.7692307692307,86.23076923076923,437.7692307692307,86.23076923076923,0
per_huruf,12,557,0.4116777531411678,437.84615384615387,86.15384615384616,437.84615384615387,86.15384615384616,0
per_huruf,12,558,0.4124168514412417,437.9230769230769,86.07692307692307,437.9230769230769,86.07692307692307,0
per_huruf,12,559,0.4131559497413156,438.0,86.0,438.0,86.0,0
per_huruf,12,560,0.4138950480413895,438.0769230769231,85.92307692307692,438.0769230769231,85.92307692307692,0
per_huruf,12,561,0.4146341463414634,438.15384615384613,85.84615384615387,438.15384615384613,85.84615384615387,0
per_huruf,12,562,0.4153732446415373,438.23076923076917,85.76923076923075,438.23076923076917,85.76923076923075,0
per_huruf,12,563,0.41611234294161126,438.30769230769226,85.6923076923077,438.30769230769226,85.6923076923077,0
per_huruf,12,564,0.41685144124168516,438.3846153846155,85.61538461538463,438.3846153846155,85.61538461538463,0
per_huruf,12,565,0.41759053954175906,438.4615384615385,85.53846153846155,438.4615384615385,85.53846153846155,0
per_huruf,12,566,0.41832963784183297,438.53846153846155,85.46153846153847,438.53846153846155,85.46153846153847,0
per_huruf,12,567,0.4190687361419069,438.61538461538464,85.38461538461539,438.61538461538464,85.38461538461539,0
per_huruf,12,568,0.4198078344419808,438.6923076923077,85.30769230769229,438.6923076923077,85.30769230769229,0
per_huruf,12,569,0.4205469327420547,438.7692307692307,85.23076923076923,438.7692307692307,85.23076923076923,0
per_huruf,12,570,0.4212860310421286,438.84615384615387,85.15384615384616,438.84615384615387,85.15384615384616,0
per_huruf,12,571,0.4220251293422025,438.9230769230769,85.07692307692308,438.9230769230769,85.07692307692308,0
per_huruf,12,572,0.42276422764227645,439.0,85.0,439.0,85.0,0
per_huruf,12,573,0.42350332594235035,439.0769230769231,84.92307692307693,439.0769230769231,84.92307692307693,0
per_huruf,12,574,0.42424242424242425,439.15384615384613,84.84615384615384,439.15384615384613,84.84615384615384,0
per_huruf,12,575,0.42498152254249816,439.23076923076917,84.76923076923076,439.23076923076917,84.76923076923076,0
per_huruf,12,576,0.42572062084257206,439.30769230769226,84.6923076923077,439.30769230769226,84.6923076923077,0
per_huruf,12,577,0.42645971914264597,439.3846153846154,84.61538461538463,439.3846153846154,84.61538461538463,0
per_huruf,12,578,0.42719881744271987,439.4615384615385,84.53846153846156,439.4615384615385,84.53846153846156,0
per_huruf,12,579,0.4279379157427938,439.53846153846155,84.46153846153847,439.53846153846155,84.46153846153847,0
per_huruf,12,580,0.4286770140428677,439.61538461538464,84.38461538461539,439.61538461538464,84.38461538461539,0
per_huruf,12,581,0.42941611234294164,439.6923076923077,84.3076923076923,439.6923076923077,84.3076923076923,0
per_huruf,12,582,0.43015521064301554,439.7692307692307,84.23076923076923,439.7692307692307,84.23076923076923,0
per_huruf,12,583,0.43089430894308944,439.8461538461539,84.15384615384616,439.8461538461539,84.15384615384616,0
per_huruf,12,584,0.43163340724316335,439.9230769230769,84.07692307692307,439.9230769230769,84.07692307692307,0
per_huruf,12,585,0.43237250554323725,440.0,84.0,440.0,84.0,0
per_huruf,12,586,0.43311160384331115,440.07692307692315,83.92307692307692,440.07692307692315,83.92307692307692,0
per_huruf,12,587,0.43385070214338506,440.15384615384613,83.84615384615384,440.15384615384613,83.84615384615384,0
per_huruf,12,588,0.43458980044345896,440.2307692307692,83.76923076923077,440.2307692307692,83.76923076923077,0
per_huruf,12,589,0.43532889874353287,440.30769230769226,83.69230769230768,440.30769230769226,83.69230769230768,0
per_huruf,12,590,0.4360679970436068,440.3846153846155,83.61538461538463,440.3846153846155,83.61538461538463,0
per_huruf,12,591,0.43680709534368073,440.4615384615385,83.53846153846155,440.4615384615385,83.53846153846155,0
per_huruf,12,592,0.43754619364375463,440.53846153846155,83.46153846153845,440.53846153846155,83.46153846153845,0
per_huruf,12,593,0.43828529194382854,440.61538461538464,83.38461538461539,440.61538461538464,83.38461538461539,0
per_huruf,12,594,0.43902439024390244,440.6923076923077,83.3076923076923,440.6923076923077,83.3076923076923,0
per_huruf,12,595,0.43976348854397634,440.7692307692307,83.23076923076923,440.7692307692307,83.23076923076923,0
per_huruf,12,596,0.44050258684405025,440.8461538461538,83.15384615384616,440.8461538461538,83.15384615384616,0
per_huruf,12,597,0.44124168514412415,440.9230769230769,83.07692307692308,440.9230769230769,83.07692307692308,0
per_huruf,12,598,0.44198078344419806,441.0,83.0,441.0,83.0,0
per_huruf,12,599,0.442719881744272,441.0769230769231,82.92307692307695,441.0769230769231,82.92307692307695,0
per_huruf,12,600,0.4434589800443459,441.15384615384613,82.84615384615385,441.15384615384613,82.84615384615385,0
per_huruf,12,601,0.4441980783444198,441.2307692307691,82.76923076923077,441.2307692307691,82.76923076923077,0
per_huruf,12,602,0.4449371766444937,441.3076923076922,82.69230769230768,441.3076923076922,82.69230769230768,0
per_huruf,12,603,0.44567627494456763,441.3846153846154,82.61538461538463,441.3846153846154,82.61538461538463,0
per_huruf,12,604,0.44641537324464153,441.46153846153845,82.53846153846155,441.46153846153845,82.53846153846155,0
per_huruf,12,605,0.44715447154471544,441.53846153846155,82.46153846153847,441.53846153846155,82.46153846153847,0
per_huruf,12,606,0.44789356984478934,441.6153846153846,82.38461538461539,441.6153846153846,82.38461538461539,0
per_huruf,12,607,0.44863266814486324,441.69230769230774,82.3076923076923,441.69230769230774,82.3076923076923,0
per_huruf,12,608,0.44937176644493715,441.7692307692307,82.23076923076923,441.7692307692307,82.23076923076923,0
per_huruf,12,609,0.4501108647450111,441.8461538461539,82.15384615384616,441.8461538461539,82.15384615384616,0
per_huruf,12,610,0.450849963045085,441.9230769230769,82.07692307692307,441.9230769230769,82.07692307692307,0
per_huruf,12,611,0.4515890613451589,442.0,82.0,442.0,82.0,0
per_huruf,12,612,0.4523281596452328,442.07692307692315,81.92307692307692,442.07692307692315,81.92307692307692,0
per_huruf,12,613,0.4530672579453067,442.15384615384625,81.84615384615385,442.15384615384625,81.84615384615385,0
per_huruf,12,614,0.4538063562453806,442.2307692307691,81.76923076923075,442.2307692307691,81.76923076923075,0
per_huruf,12,615,0.45454545454545453,442.3076923076923,81.69230769230768,442.3076923076923,81.69230769230768,0
per_huruf,12,616,0.45528455284552843,442.3846153846154,81.61538461538463,442.3846153846154,81.61538461538463,0
per_huruf,12,617,0.45602365114560234,442.4615384615385,81.53846153846155,442.4615384615385,81.53846153846155,0
per_huruf,12,618,0.4567627494456763,442.53846153846155,81.46153846153845,442.53846153846155,81.46153846153845,0
per_huruf,12,619,0.4575018477457502,442.61538461538464,81.38461538461539,442.61538461538464,81.38461538461539,0
per_huruf,12,620,0.4582409460458241,442.6923076923076,81.3076923076923,442.6923076923076,81.3076923076923,0
per_huruf,12,621,0.458980044345898,442.7692307692307,81.23076923076923,442.7692307692307,81.23076923076923,0
per_huruf,12,622,0.4597191426459719,442.84615384615387,81.15384615384616,442.84615384615387,81.15384615384616,0
per_huruf,12,623,0.4604582409460458,442.9230769230769,81.07692307692308,442.9230769230769,81.07692307692308,0
per_huruf,12,624,0.4611973392461197,443.0,81.0,443.0,81.0,0
per_huruf,12,625,0.4619364375461936,443.079654073737,80.92307692307693,443.079654073737,80.92307692307693,0
per_huruf,12,626,0.4626755358462675,443.1638598088302,80.84615384615385,443.1638598088302,80.84615384615385,0
per_huruf,12,627,0.4634146341463415,443.25125170687295,80.76923076923075,443.25125170687295,80.76923076923075,0
per_huruf,12,628,0.4641537324464154,443.34046426945827,80.6923076923077,443.34046426945827,80.6923076923077,0
per_huruf,12,629,0.4648928307464893,443.4301319981794,80.61538461538463,443.4301319981794,80.61538461538463,0
per_huruf,12,630,0.4656319290465632,443.51888939462907,80.53846153846155,443.51888939462907,80.53846153846155,0
per_huruf,12,631,0.4663710273466371,443.60537096040053,80.46153846153845,443.60537096040053,80.46153846153845,0
per_huruf,12,632,0.467110125646711,443.68821119708696,80.38461538461539,443.68821119708696,80.38461538461539,0
per_huruf,12,633,0.4678492239467849,443.7660446062813,80.30769230769229,443.7660446062813,80.30769230769229,0
per_huruf,12,634,0.4685883222468588,443.8375056895767,80.23076923076923,443.8375056895767,80.23076923076923,0
per_huruf,12,635,0.4693274205469327,443.90122894856626,80.15384615384616,443.90122894856626,80.15384615384616,0
per_huruf,12,636,0.4700665188470067,443.95584888484296,80.07692307692308,443.95584888484296,80.07692307692308,0
per_huruf,12,637,0.4708056171470806,444.0,80.0,444.0,80.0,0
per_huruf,12,638,0.4715447154471545,444.0300409649523,79.92307692307695,444.0300409649523,79.92307692307695,0
per_huruf,12,639,0.4722838137472284,444.04506144742834,79.84615384615385,444.04506144742834,79.84615384615385,0
per_huruf,12,640,0.4730229120473023,444.0477924442421,79.76923076923076,444.0477924442421,79.76923076923076,0
per_huruf,12,641,0.4737620103473762,444.04096495220756,79.6923076923077,444.04096495220756,79.6923076923077,0
per_huruf,12,642,0.4745011086474501,444.0273099681384,79.61538461538463,444.0273099681384,79.61538461538463,0
per_huruf,12,643,0.475240206947524,444.0095584888485,79.53846153846155,444.0095584888485,79.53846153846155,0
per_huruf,12,644,0.4759793052475979,443.9904415111516,79.46153846153847,443.9904415111516,79.46153846153847,0
per_huruf,12,645,0.47671840354767187,443.9726900318616,79.38461538461539,443.9726900318616,79.38461538461539,0
per_huruf,12,646,0.47745750184774577,443.95903504779244,79.3076923076923,443.95903504779244,79.3076923076923,0
per_huruf,12,647,0.4781966001478197,443.9522075557578,79.23076923076923,443.9522075557578,79.23076923076923,0
per_huruf,12,648,0.4789356984478936,443.9549385525717,79.15384615384616,443.9549385525717,79.15384615384616,0
per_huruf,12,649,0.4796747967479675,443.9699590350478,79.07692307692308,443.9699590350478,79.07692307692308,0
per_huruf,12,650,0.4804138950480414,444.0,79.0,444.0,79.0,0
per_huruf,12,651,0.4811529933481153,444.04688211197094,78.92307692307693,444.04688211197094,78.92307692307693,0
per_huruf,12,652,0.4818920916481892,444.1087847064179,78.84615384615385,444.1087847064179,78.84615384615385,0
per_huruf,12,653,0.4826311899482631,444.18297678652704,78.76923076923076,444.18297678652704,78.76923076923076,0
per_huruf,12,654,0.48337028824833705,444.26672735548476,78.69230769230768,444.26672735548476,78.69230769230768,0
per_huruf,12,655,0.48410938654841096,444.35730541647706,78.61538461538463,444.35730541647706,78.61538461538463,0
per_huruf,12,656,0.48484848484848486,444.4519799726901,78.53846153846155,444.4519799726901,78.53846153846155,0
per_huruf,12,657,0.48558758314855877,444.54802002731,78.46153846153845,444.54802002731,78.46153846153845,0
per_huruf,12,658,0.48632668144863267,444.64269458352305,78.38461538461539,444.64269458352305,78.38461538461539,0
per_huruf,12,659,0.4870657797487066,444.7332726445152,78.30769230769229,444.7332726445152,78.30769230769229,0
per_huruf,12,660,0.4878048780487805,444.81702321347285,78.23076923076923,444.81702321347285,78.23076923076923,0
per_huruf,12,661,0.4885439763488544,444.89121529358215,78.15384615384616,444.89121529358215,78.15384615384616,0
per_huruf,12,662,0.4892830746489283,444.95311788802917,78.07692307692308,444.95311788802917,78.07692307692308,0
per_huruf,12,663,0.49002217294900224,445.0,78.0,445.0,78.0,0
per_huruf,12,664,0.49076127124907615,445.0327719617662,77.92307692307695,445.0327719617662,77.92307692307695,0
per_huruf,12,665,0.49150036954915005,445.0550751024124,77.84615384615385,445.0550751024124,77.84615384615385,0
per_huruf,12,666,0.49223946784922396,445.0682749203459,77.76923076923076,445.0682749203459,77.76923076923076,0
per_huruf,12,667,0.49297856614929786,445.07373691397356,77.69230769230768,445.07373691397356,77.69230769230768,0
per_huruf,12,668,0.49371766444937176,445.07282658170243,77.61538461538463,445.07282658170243,77.61538461538463,0
per_huruf,12,669,0.49445676274944567,445.06690942193904,77.53846153846155,445.06690942193904,77.53846153846155,0
per_huruf,12,670,0.49519586104951957,445.0573509330906,77.46153846153847,445.0573509330906,77.46153846153847,0
per_huruf,12,671,0.4959349593495935,445.045516613564,77.38461538461539,445.045516613564,77.38461538461539,0
per_huruf,12,672,0.49667405764966743,445.032771961766,77.3076923076923,445.032771961766,77.3076923076923,0
per_huruf,12,673,0.49741315594974134,445.0204824761038,77.23076923076923,445.0204824761038,77.23076923076923,0
per_huruf,12,674,0.49815225424981524,445.01001365498405,77.15384615384616,445.01001365498405,77.15384615384616,0
per_huruf,12,675,0.49889135254988914,445.00273099681385,77.07692307692307,445.00273099681385,77.07692307692307,0
per_huruf,12,676,0.49963045084996305,445.0,77.0,445.0,77.0,0
per_huruf,12,677,0.500369549150037,445.00000000000006,76.92307692307695,445.00000000000006,76.92307692307695,0
per_huruf,12,678,0.5011086474501109,445.0,76.84615384615385,445.0,76.84615384615385,0
per_huruf,12,679,0.5018477457501848,444.99999999999994,76.76923076923077,444.99999999999994,76.76923076923077,0
per_huruf,12,680,0.5025868440502587,445.0,76.6923076923077,445.0,76.6923076923077,0
per_huruf,12,681,0.5033259423503326,445.0,76.61538461538463,445.0,76.61538461538463,0
per_huruf,12,682,0.5040650406504065,445.0,76.53846153846155,445.0,76.53846153846155,0
per_huruf,12,683,0.5048041389504804,445.0,76.46153846153845,445.0,76.46153846153845,0
per_huruf,12,684,0.5055432372505543,445.0,76.38461538461539,445.0,76.38461538461539,0
per_huruf,12,685,0.5062823355506282,445.0,76.3076923076923,445.0,76.3076923076923,0
per_huruf,12,686,0.5070214338507022,445.0,76.23076923076923,445.0,76.23076923076923,0
per_huruf,12,687,0.5077605321507761,445.0,76.15384615384615,445.0,76.15384615384615,0
per_huruf,12,688,0.50849963045085,445.0,76.07692307692307,445.0,76.07692307692307,0
per_huruf,12,689,0.5092387287509239,445.0,76.0,445.0,76.0,0
per_huruf,12,690,0.5099778270509978,444.9972690031862,75.92307692307693,444.9972690031862,75.92307692307693,0
per_huruf,12,691,0.5107169253510717,444.98998634501595,75.84615384615384,444.98998634501595,75.84615384615384,0
per_huruf,12,692,0.5114560236511456,444.97951752389616,75.76923076923076,444.97951752389616,75.76923076923076,0
per_huruf,12,693,0.5121951219512195,444.96722803823394,75.6923076923077,444.96722803823394,75.6923076923077,0
per_huruf,12,694,0.5129342202512934,444.9544833864361,75.61538461538463,444.9544833864361,75.61538461538463,0
per_huruf,12,695,0.5136733185513673,444.94264906690944,75.53846153846155,444.94264906690944,75.53846153846155,0
per_huruf,12,696,0.5144124168514412,444.933090578061,75.46153846153845,444.933090578061,75.46153846153845,0
per_huruf,12,697,0.5151515151515151,444.9271734182977,75.38461538461539,444.9271734182977,75.38461538461539,0
per_huruf,12,698,0.515890613451589,444.9262630860263,75.3076923076923,444.9262630860263,75.3076923076923,0
per_huruf,12,699,0.516629711751663,444.93172507965403,75.23076923076923,444.93172507965403,75.23076923076923,0
per_huruf,12,700,0.5173688100517368,444.9449248975876,75.15384615384616,444.9449248975876,75.15384615384616,0
per_huruf,12,701,0.5181079083518108,444.967228038234,75.07692307692307,444.967228038234,75.07692307692307,0
per_huruf,12,702,0.5188470066518847,445.0,75.0,445.0,75.0,0
per_huruf,12,703,0.5195861049519586,445.046882111971,74.92307692307693,445.046882111971,74.92307692307693,0
per_huruf,12,704,0.5203252032520325,445.10878470641785,74.84615384615384,445.10878470641785,74.84615384615384,0
per_huruf,12,705,0.5210643015521065,445.1829767865271,74.76923076923076,445.1829767865271,74.76923076923076,0
per_huruf,12,706,0.5218033998521804,445.2667273554847,74.69230769230768,445.2667273554847,74.69230769230768,0
per_huruf,12,707,0.5225424981522543,445.3573054164771,74.61538461538461,445.3573054164771,74.61538461538461,0
per_huruf,12,708,0.5232815964523282,445.4519799726901,74.53846153846153,445.4519799726901,74.53846153846153,0
per_huruf,12,709,0.5240206947524021,445.54802002731,74.46153846153847,445.54802002731,74.46153846153847,0
per_huruf,12,710,0.524759793052476,445.642694583523,74.38461538461539,445.642694583523,74.38461538461539,0
per_huruf,12,711,0.5254988913525499,445.7332726445152,74.3076923076923,445.7332726445152,74.3076923076923,0
per_huruf,12,712,0.5262379896526238,445.8170232134729,74.23076923076923,445.8170232134729,74.23076923076923,0
per_huruf,12,713,0.5269770879526977,445.89121529358215,74.15384615384616,445.89121529358215,74.15384615384616,0
per_huruf,12,714,0.5277161862527716,445.9531178880291,74.07692307692308,445.9531178880291,74.07692307692308,0
per_huruf,12,715,0.5284552845528455,446.0,74.0,446.0,74.0,0
per_huruf,12,716,0.5291943828529194,446.03550295857997,73.92307692307693,446.03550295857997,73.92307692307693,0
per_huruf,12,717,0.5299334811529933,446.0650887573965,73.84615384615385,446.0650887573965,73.84615384615385,0
per_huruf,12,718,0.5306725794530672,446.08875739644964,73.76923076923077,446.08875739644964,73.76923076923077,0
per_huruf,12,719,0.5314116777531411,446.1065088757397,73.69230769230768,446.1065088757397,73.69230769230768,0
per_huruf,12,720,0.532150776053215,446.11834319526633,73.61538461538461,446.11834319526633,73.61538461538461,0
per_huruf,12,721,0.5328898743532889,446.1242603550296,73.53846153846153,446.1242603550296,73.53846153846153,0
per_huruf,12,722,0.5336289726533628,446.12426035502966,73.46153846153845,446.12426035502966,73.46153846153845,0
per_huruf,12,723,0.5343680709534369,446.1183431952663,73.38461538461539,446.1183431952663,73.38461538461539,0
per_huruf,12,724,0.5351071692535108,446.1065088757397,73.30769230769229,446.1065088757397,73.30769230769229,0
per_huruf,12,725,0.5358462675535847,446.08875739644964,73.23076923076923,446.08875739644964,73.23076923076923,0
per_huruf,12,726,0.5365853658536586,446.0650887573965,73.15384615384616,446.0650887573965,73.15384615384616,0
per_huruf,12,727,0.5373244641537325,446.03550295857985,73.07692307692307,446.03550295857985,73.07692307692307,0
per_huruf,12,728,0.5380635624538064,446.0,73.0,446.0,73.0,0
per_huruf,12,729,0.5388026607538803,445.9531178880291,72.92307692307693,445.9531178880291,72.92307692307693,0
per_huruf,12,730,0.5395417590539542,445.8912152935822,72.84615384615385,445.8912152935822,72.84615384615385,0
per_huruf,12,731,0.5402808573540281,445.81702321347285,72.76923076923076,445.81702321347285,72.76923076923076,0
per_huruf,12,732,0.541019955654102,445.73327264451524,72.6923076923077,445.73327264451524,72.6923076923077,0
per_huruf,12,733,0.5417590539541759,445.64269458352305,72.61538461538461,445.64269458352305,72.61538461538461,0
per_huruf,12,734,0.5424981522542498,445.54802002731003,72.53846153846153,445.54802002731003,72.53846153846153,0
per_huruf,12,735,0.5432372505543237,445.45197997269,72.46153846153845,445.45197997269,72.46153846153845,0
per_huruf,12,736,0.5439763488543976,445.35730541647706,72.38461538461539,445.35730541647706,72.38461538461539,0
per_huruf,12,737,0.5447154471544715,445.2667273554847,72.3076923076923,445.2667273554847,72.3076923076923,0
per_huruf,12,738,0.5454545454545454,445.1829767865271,72.23076923076923,445.1829767865271,72.23076923076923,0
per_huruf,12,739,0.5461936437546193,445.10878470641785,72.15384615384616,445.10878470641785,72.15384615384616,0
per_huruf,12,740,0.5469327420546932,445.0468821119709,72.07692307692307,445.0468821119709,72.07692307692307,0
per_huruf,12,741,0.5476718403547672,445.0,72.0,445.0,72.0,0
per_huruf,12,742,0.5484109386548411,444.96995903504785,71.92307692307695,444.96995903504785,71.92307692307695,0
per_huruf,12,743,0.549150036954915,444.9549385525717,71.84615384615385,444.9549385525717,71.84615384615385,0
per_huruf,12,744,0.549889135254989,444.9522075557578,71.76923076923076,444.9522075557578,71.76923076923076,0
per_huruf,12,745,0.5506282335550629,444.9590350477924,71.6923076923077,444.9590350477924,71.6923076923077,0
per_huruf,12,746,0.5513673318551368,444.9726900318617,71.61538461538461,444.9726900318617,71.61538461538461,0
per_huruf,12,747,0.5521064301552107,444.99044151115163,71.53846153846155,444.99044151115163,71.53846153846155,0
per_huruf,12,748,0.5528455284552846,445.0095584888484,71.46153846153847,445.0095584888484,71.46153846153847,0
per_huruf,12,749,0.5535846267553585,445.0273099681384,71.38461538461539,445.0273099681384,71.38461538461539,0
per_huruf,12,750,0.5543237250554324,445.04096495220756,71.3076923076923,445.04096495220756,71.3076923076923,0
per_huruf,12,751,0.5550628233555063,445.04779244424213,71.23076923076923,445.04779244424213,71.23076923076923,0
per_huruf,12,752,0.5558019216555802,445.04506144742834,71.15384615384616,445.04506144742834,71.15384615384616,0
per_huruf,12,753,0.5565410199556541,445.0300409649522,71.07692307692308,445.0300409649522,71.07692307692308,0
per_huruf,12,754,0.557280118255728,445.0,71.0,445.0,71.0,0
per_huruf,12,755,0.5580192165558019,444.9531178880292,70.92307692307693,444.9531178880292,70.92307692307693,0
per_huruf,12,756,0.5587583148558758,444.89121529358215,70.84615384615385,444.89121529358215,70.84615384615385,0
per_huruf,12,757,0.5594974131559497,444.81702321347285,70.76923076923076,444.81702321347285,70.76923076923076,0
per_huruf,12,758,0.5602365114560236,444.7332726445151,70.69230769230768,444.7332726445151,70.69230769230768,0
per_huruf,12,759,0.5609756097560976,444.642694583523,70.61538461538463,444.642694583523,70.61538461538463,0
per_huruf,12,760,0.5617147080561715,444.54802002731003,70.53846153846155,444.54802002731003,70.53846153846155,0
per_huruf,12,761,0.5624538063562454,444.45197997269,70.46153846153845,444.45197997269,70.46153846153845,0
per_huruf,12,762,0.5631929046563193,444.35730541647706,70.38461538461539,444.35730541647706,70.38461538461539,0
per_huruf,12,763,0.5639320029563932,444.2667273554847,70.3076923076923,444.2667273554847,70.3076923076923,0
per_huruf,12,764,0.5646711012564671,444.1829767865271,70.23076923076923,444.1829767865271,70.23076923076923,0
per_huruf,12,765,0.565410199556541,444.10878470641785,70.15384615384616,444.10878470641785,70.15384615384616,0
per_huruf,12,766,0.5661492978566149,444.0468821119709,70.07692307692308,444.0468821119709,70.07692307692308,0
per_huruf,12,767,0.5668883961566888,444.0,70.0,444.0,70.0,0
per_huruf,12,768,0.5676274944567627,443.967228038234,69.92307692307695,443.967228038234,69.92307692307695,0
per_huruf,12,769,0.5683665927568367,443.9449248975876,69.84615384615384,443.9449248975876,69.84615384615384,0
per_huruf,12,770,0.5691056910569106,443.93172507965403,69.76923076923076,443.93172507965403,69.76923076923076,0
per_huruf,12,771,0.5698447893569845,443.9262630860264,69.69230769230768,443.9262630860264,69.69230769230768,0
per_huruf,12,772,0.5705838876570584,443.92717341829774,69.61538461538461,443.92717341829774,69.61538461538461,0
per_huruf,12,773,0.5713229859571323,443.933090578061,69.53846153846155,443.933090578061,69.53846153846155,0
per_huruf,12,774,0.5720620842572062,443.9426490669094,69.46153846153847,443.9426490669094,69.46153846153847,0
per_huruf,12,775,0.5728011825572801,443.9544833864361,69.38461538461539,443.9544833864361,69.38461538461539,0
per_huruf,12,776,0.573540280857354,443.967228038234,69.3076923076923,443.967228038234,69.3076923076923,0
per_huruf,12,777,0.5742793791574279,443.97951752389616,69.23076923076923,443.97951752389616,69.23076923076923,0
per_huruf,12,778,0.5750184774575019,443.98998634501595,69.15384615384616,443.98998634501595,69.15384615384616,0
per_huruf,12,779,0.5757575757575758,443.99726900318615,69.07692307692308,443.99726900318615,69.07692307692308,0
per_huruf,12,780,0.5764966740576497,444.0,69.0,444.0,69.0,0
per_huruf,12,781,0.5772357723577236,444.00000000000006,68.92307692307692,444.00000000000006,68.92307692307692,0
per_huruf,12,782,0.5779748706577975,444.0,68.84615384615385,444.0,68.84615384615385,0
per_huruf,12,783,0.5787139689578714,443.99999999999994,68.76923076923076,443.99999999999994,68.76923076923076,0
per_huruf,12,784,0.5794530672579453,443.99999999999994,68.6923076923077,443.99999999999994,68.6923076923077,0
per_huruf,12,785,0.5801921655580192,444.00000000000006,68.61538461538463,444.00000000000006,68.61538461538463,0
per_huruf,12,786,0.5809312638580931,444.0,68.53846153846155,444.0,68.53846153846155,0
per_huruf,12,787,0.581670362158167,444.0,68.46153846153847,444.0,68.46153846153847,0
per_huruf,12,788,0.5824094604582409,444.0,68.38461538461539,444.0,68.38461538461539,0
per_huruf,12,789,0.5831485587583148,444.0,68.30769230769229,444.0,68.30769230769229,0
per_huruf,12,790,0.5838876570583887,443.99999999999994,68.23076923076923,443.99999999999994,68.23076923076923,0
per_huruf,12,791,0.5846267553584626,444.0,68.15384615384616,444.0,68.15384615384616,0
per_huruf,12,792,0.5853658536585366,444.0,68.07692307692308,444.0,68.07692307692308,0
per_huruf,12,793,0.5861049519586105,444.0,68.0,444.0,68.0,0
per_huruf,12,794,0.5868440502586844,444.00000000000006,67.92307692307693,444.00000000000006,67.92307692307693,0
per_huruf,12,795,0.5875831485587583,444.0,67.84615384615385,444.0,67.84615384615385,0
per_huruf,12,796,0.5883222468588323,443.99999999999994,67.76923076923076,443.99999999999994,67.76923076923076,0
per_huruf,12,797,0.5890613451589062,443.99999999999994,67.69230769230768,443.99999999999994,67.69230769230768,0
per_huruf,12,798,0.5898004434589801,444.00000000000006,67.61538461538463,444.00000000000006,67.61538461538463,0
per_huruf,12,799,0.590539541759054,444.0,67.53846153846155,444.0,67.53846153846155,0
per_huruf,12,800,0.5912786400591279,444.0,67.46153846153845,444.0,67.46153846153845,0
per_huruf,12,801,0.5920177383592018,444.0,67.38461538461539,444.0,67.38461538461539,0
per_huruf,12,802,0.5927568366592757,444.0,67.3076923076923,444.0,67.3076923076923,0
per_huruf,12,803,0.5934959349593496,443.99999999999994,67.23076923076923,443.99999999999994,67.23076923076923,0
per_huruf,12,804,0.5942350332594235,444.0,67.15384615384616,444.0,67.15384615384616,0
per_huruf,12,805,0.5949741315594974,444.0,67.07692307692308,444.0,67.07692307692308,0
per_huruf,12,806,0.5957132298595713,444.0,67.0,444.0,67.0,0
per_huruf,12,807,0.5964523281596452,444.00000000000006,66.92307692307693,444.00000000000006,66.92307692307693,0
per_huruf,12,808,0.5971914264597191,444.0,66.84615384615385,444.0,66.84615384615385,0
per_huruf,12,809,0.597930524759793,443.99999999999994,66.76923076923076,443.99999999999994,66.76923076923076,0
per_huruf,12,810,0.5986696230598669,443.99999999999994,66.69230769230768,443.99999999999994,66.69230769230768,0
per_huruf,12,811,0.5994087213599408,444.00000000000006,66.61538461538463,444.00000000000006,66.61538461538463,0
per_huruf,12,812,0.6001478196600147,444.0,66.53846153846155,444.0,66.53846153846155,0
per_huruf,12,813,0.6008869179600886,444.0,66.46153846153847,444.0,66.46153846153847,0
per_huruf,12,814,0.6016260162601627,444.0,66.38461538461539,444.0,66.38461538461539,0
per_huruf,12,815,0.6023651145602366,444.0,66.3076923076923,444.0,66.3076923076923,0
per_huruf,12,816,0.6031042128603105,443.99999999999994,66.23076923076923,443.99999999999994,66.23076923076923,0
per_huruf,12,817,0.6038433111603844,444.0,66.15384615384616,444.0,66.15384615384616,0
per_huruf,12,818,0.6045824094604583,444.0,66.07692307692308,444.0,66.07692307692308,0
per_huruf,12,819,0.6053215077605322,444.0,66.0,444.0,66.0,0
per_huruf,12,820,0.6060606060606061,444.0027309968139,65.92307692307693,444.0027309968139,65.92307692307693,0
per_huruf,12,821,0.60679970436068,444.0100136549841,65.84615384615385,444.0100136549841,65.84615384615385,0
per_huruf,12,822,0.6075388026607539,444.0204824761037,65.76923076923077,444.0204824761037,65.76923076923077,0
per_huruf,12,823,0.6082779009608278,444.03277196176595,65.6923076923077,444.03277196176595,65.6923076923077,0
per_huruf,12,824,0.6090169992609017,444.04551661356396,65.61538461538461,444.04551661356396,65.61538461538461,0
per_huruf,12,825,0.6097560975609756,444.05735093309056,65.53846153846153,444.05735093309056,65.53846153846153,0
per_huruf,12,826,0.6104951958610495,444.066909421939,65.46153846153847,444.066909421939,65.46153846153847,0
per_huruf,12,827,0.6112342941611234,444.0728265817023,65.38461538461539,444.0728265817023,65.38461538461539,0
per_huruf,12,828,0.6119733924611973,444.07373691397356,65.3076923076923,444.07373691397356,65.3076923076923,0
per_huruf,12,829,0.6127124907612712,444.0682749203459,65.23076923076923,444.0682749203459,65.23076923076923,0
per_huruf,12,830,0.6134515890613451,444.0550751024124,65.15384615384616,444.0550751024124,65.15384615384616,0
per_huruf,12,831,0.614190687361419,444.03277196176606,65.07692307692307,444.03277196176606,65.07692307692307,0
per_huruf,12,832,0.614929785661493,444.0,65.0,444.0,65.0,0
per_huruf,12,833,0.6156688839615669,443.955848884843,64.92307692307693,443.955848884843,64.92307692307693,0
per_huruf,12,834,0.6164079822616408,443.90122894856626,64.84615384615385,443.90122894856626,64.84615384615385,0
per_huruf,12,835,0.6171470805617147,443.83750568957663,64.76923076923076,443.83750568957663,64.76923076923076,0
per_huruf,12,836,0.6178861788617886,443.7660446062813,64.6923076923077,443.7660446062813,64.6923076923077,0
per_huruf,12,837,0.6186252771618626,443.68821119708696,64.61538461538463,443.68821119708696,64.61538461538463,0
per_huruf,12,838,0.6193643754619365,443.6053709604006,64.53846153846155,443.6053709604006,64.53846153846155,0
per_huruf,12,839,0.6201034737620104,443.518889394629,64.46153846153847,443.518889394629,64.46153846153847,0
per_huruf,12,840,0.6208425720620843,443.4301319981794,64.38461538461539,443.4301319981794,64.38461538461539,0
per_huruf,12,841,0.6215816703621582,443.3404642694584,64.3076923076923,443.3404642694584,64.3076923076923,0
per_huruf,12,842,0.6223207686622321,443.25125170687295,64.23076923076923,443.25125170687295,64.23076923076923,0
per_huruf,12,843,0.623059866962306,443.16385980883024,64.15384615384616,443.16385980883024,64.15384615384616,0
per_huruf,12,844,0.6237989652623799,443.0796540737369,64.07692307692307,443.0796540737369,64.07692307692307,0
per_huruf,12,845,0.6245380635624538,443.0,64.0,443.0,64.0,0
per_huruf,12,846,0.6252771618625277,442.92307692307696,63.92034592626309,442.92307692307696,63.92034592626309,0
per_huruf,12,847,0.6260162601626016,442.8461538461539,63.83614019116978,442.8461538461539,63.83614019116978,0
per_huruf,12,848,0.6267553584626755,442.7692307692307,63.74874829312698,442.7692307692307,63.74874829312698,0
per_huruf,12,849,0.6274944567627494,442.6923076923076,63.65953573054165,442.6923076923076,63.65953573054165,0
per_huruf,12,850,0.6282335550628233,442.6153846153847,63.56986800182068,442.6153846153847,63.56986800182068,0
per_huruf,12,851,0.6289726533628973,442.53846153846155,63.48111060537096,442.53846153846155,63.48111060537096,0
per_huruf,12,852,0.6297117516629712,442.46153846153845,63.39462903959946,442.46153846153845,63.39462903959946,0
per_huruf,12,853,0.6304508499630451,442.3846153846154,63.311788802913064,442.3846153846154,63.311788802913064,0
per_huruf,12,854,0.631189948263119,442.30769230769226,63.2339553937187,442.30769230769226,63.2339553937187,0
per_huruf,12,855,0.6319290465631929,442.23076923076917,63.1624943104233,442.23076923076917,63.1624943104233,0
per_huruf,12,856,0.6326681448632668,442.1538461538462,63.09877105143377,442.1538461538462,63.09877105143377,0
per_huruf,12,857,0.6334072431633407,442.0769230769231,63.04415111515703,442.0769230769231,63.04415111515703,0
per_huruf,12,858,0.6341463414634146,442.0,63.0,442.0,63.0,0
per_huruf,12,859,0.6348854397634885,441.923076923077,62.96722803823396,441.923076923077,62.96722803823396,0
per_huruf,12,860,0.6356245380635624,441.84615384615387,62.944924897587626,441.84615384615387,62.944924897587626,0
per_huruf,12,861,0.6363636363636364,441.7692307692307,62.931725079654065,441.7692307692307,62.931725079654065,0
per_huruf,12,862,0.6371027346637103,441.6923076923077,62.926263086026395,441.6923076923077,62.926263086026395,0
per_huruf,12,863,0.6378418329637842,441.61538461538464,62.927173418297684,441.61538461538464,62.927173418297684,0
per_huruf,12,864,0.6385809312638581,441.53846153846155,62.933090578061,441.53846153846155,62.933090578061,0
per_huruf,12,865,0.639320029563932,441.46153846153845,62.942649066909425,441.46153846153845,62.942649066909425,0
per_huruf,12,866,0.6400591278640059,441.3846153846155,62.954483386436046,441.3846153846155,62.954483386436046,0
per_huruf,12,867,0.6407982261640798,441.30769230769226,62.967228038233955,441.30769230769226,62.967228038233955,0
per_huruf,12,868,0.6415373244641537,441.23076923076917,62.97951752389621,441.23076923076917,62.97951752389621,0
per_huruf,12,869,0.6422764227642277,441.1538461538462,62.989986345015936,441.1538461538462,62.989986345015936,0
per_huruf,12,870,0.6430155210643016,441.07692307692304,62.99726900318616,441.07692307692304,62.99726900318616,0
per_huruf,12,871,0.6437546193643755,441.0,63.0,441.0,63.0,0
per_huruf,12,872,0.6444937176644494,440.92307692307696,62.99726900318617,440.92307692307696,62.99726900318617,0
per_huruf,12,873,0.6452328159645233,440.84615384615387,62.98998634501593,440.84615384615387,62.98998634501593,0
per_huruf,12,874,0.6459719142645972,440.7692307692307,62.97951752389621,440.7692307692307,62.97951752389621,0
per_huruf,12,875,0.6467110125646711,440.6923076923076,62.967228038233955,440.6923076923076,62.967228038233955,0
per_huruf,12,876,0.647450110864745,440.6153846153847,62.95448338643605,440.6153846153847,62.95448338643605,0
per_huruf,12,877,0.6481892091648189,440.5384615384616,62.942649066909425,440.5384615384616,62.942649066909425,0
per_huruf,12,878,0.6489283074648928,440.46153846153845,62.933090578061,440.46153846153845,62.933090578061,0
per_huruf,12,879,0.6496674057649667,440.38461538461536,62.92717341829768,440.38461538461536,62.92717341829768,0
per_huruf,12,880,0.6504065040650406,440.30769230769226,62.926263086026395,440.30769230769226,62.926263086026395,0
per_huruf,12,881,0.6511456023651145,440.23076923076917,62.931725079654065,440.23076923076917,62.931725079654065,0
per_huruf,12,882,0.6518847006651884,440.1538461538462,62.944924897587626,440.1538461538462,62.944924897587626,0
per_huruf,12,883,0.6526237989652623,440.07692307692304,62.967228038233955,440.07692307692304,62.967228038233955,0
per_huruf,12,884,0.6533628972653363,440.0,63.0,440.0,63.0,0
per_huruf,12,885,0.6541019955654102,439.92307692307696,63.04688211197088,439.92307692307696,63.04688211197088,0
per_huruf,12,886,0.6548410938654841,439.84615384615387,63.10878470641785,439.84615384615387,63.10878470641785,0
per_huruf,12,887,0.6555801921655581,439.7692307692307,63.18297678652707,439.7692307692307,63.18297678652707,0
per_huruf,12,888,0.656319290465632,439.6923076923076,63.26672735548474,439.6923076923076,63.26672735548474,0
per_huruf,12,889,0.6570583887657059,439.6153846153847,63.35730541647702,439.6153846153847,63.35730541647702,0
per_huruf,12,890,0.6577974870657798,439.5384615384616,63.45197997269004,439.5384615384616,63.45197997269004,0
per_huruf,12,891,0.6585365853658537,439.46153846153845,63.54802002730997,439.46153846153845,63.54802002730997,0
per_huruf,12,892,0.6592756836659276,439.38461538461536,63.64269458352299,439.38461538461536,63.64269458352299,0
per_huruf,12,893,0.6600147819660015,439.30769230769226,63.733272644515246,439.30769230769226,63.733272644515246,0
per_huruf,12,894,0.6607538802660754,439.23076923076917,63.817023213472915,439.23076923076917,63.817023213472915,0
per_huruf,12,895,0.6614929785661493,439.1538461538462,63.89121529358216,439.1538461538462,63.89121529358216,0
per_huruf,12,896,0.6622320768662232,439.07692307692304,63.95311788802913,439.07692307692304,63.95311788802913,0
per_huruf,12,897,0.6629711751662971,439.0,64.0,439.0,64.0,0
per_huruf,12,898,0.663710273466371,438.92307692307696,64.03277196176606,438.92307692307696,64.03277196176606,0
per_huruf,12,899,0.6644493717664449,438.84615384615387,64.05507510241239,438.84615384615387,64.05507510241239,0
per_huruf,12,900,0.6651884700665188,438.7692307692307,64.06827492034591,438.7692307692307,64.06827492034591,0
per_huruf,12,901,0.6659275683665927,438.6923076923077,64.0737369139736,438.6923076923077,64.0737369139736,0
per_huruf,12,902,0.6666666666666666,438.6153846153847,64.07282658170233,438.6153846153847,64.07282658170233,0
per_huruf,12,903,0.6674057649667405,438.53846153846155,64.06690942193902,438.53846153846155,64.06690942193902,0
per_huruf,12,904,0.6681448632668144,438.46153846153845,64.05735093309058,438.46153846153845,64.05735093309058,0
per_huruf,12,905,0.6688839615668883,438.3846153846154,64.04551661356396,438.3846153846154,64.04551661356396,0
per_huruf,12,906,0.6696230598669624,438.3076923076923,64.03277196176604,438.3076923076923,64.03277196176604,0
per_huruf,12,907,0.6703621581670363,438.23076923076917,64.02048247610378,438.23076923076917,64.02048247610378,0
per_huruf,12,908,0.6711012564671102,438.1538461538462,64.01001365498408,438.1538461538462,64.01001365498408,0
per_huruf,12,909,0.6718403547671841,438.07692307692304,64.00273099681384,438.07692307692304,64.00273099681384,0
per_huruf,12,910,0.672579453067258,438.0,64.0,438.0,64.0,0
per_huruf,12,911,0.6733185513673319,437.92307692307696,64.00000000000001,437.92307692307696,64.00000000000001,0
per_huruf,12,912,0.6740576496674058,437.8461538461539,64.0,437.8461538461539,64.0,0
per_huruf,12,913,0.6747967479674797,437.7692307692307,63.99999999999999,437.7692307692307,63.99999999999999,0
per_huruf,12,914,0.6755358462675536,437.6923076923076,63.99999999999999,437.6923076923076,63.99999999999999,0
per_huruf,12,915,0.6762749445676275,437.6153846153847,64.0,437.6153846153847,64.0,0
per_huruf,12,916,0.6770140428677014,437.53846153846155,64.0,437.53846153846155,64.0,0
per_huruf,12,917,0.6777531411677753,437.46153846153845,64.0,437.46153846153845,64.0,0
per_huruf,12,918,0.6784922394678492,437.3846153846155,64.0,437.3846153846155,64.0,0
per_huruf,12,919,0.6792313377679231,437.30769230769226,64.0,437.30769230769226,64.0,0
per_huruf,12,920,0.679970436067997,437.23076923076917,63.99999999999999,437.23076923076917,63.99999999999999,0
per_huruf,12,921,0.6807095343680709,437.15384615384613,64.0,437.15384615384613,64.0,0
per_huruf,12,922,0.6814486326681448,437.0769230769231,64.0,437.0769230769231,64.0,0
per_huruf,12,923,0.6821877309682187,437.0,64.0,437.0,64.0,0
per_huruf,12,924,0.6829268292682927,436.923076923077,63.997269003186176,436.923076923077,63.997269003186176,0
per_huruf,12,925,0.6836659275683666,436.84615384615387,63.989986345015936,436.84615384615387,63.989986345015936,0
per_huruf,12,926,0.6844050258684405,436.76923076923066,63.97951752389621,436.76923076923066,63.97951752389621,0
per_huruf,12,927,0.6851441241685144,436.6923076923077,63.96722803823395,436.6923076923077,63.96722803823395,0
per_huruf,12,928,0.6858832224685883,436.6153846153847,63.95448338643605,436.6153846153847,63.95448338643605,0
per_huruf,12,929,0.6866223207686623,436.53846153846155,63.942649066909425,436.53846153846155,63.942649066909425,0
per_huruf,12,930,0.6873614190687362,436.46153846153845,63.93309057806099,436.46153846153845,63.93309057806099,0
per_huruf,12,931,0.6881005173688101,436.3846153846154,63.92717341829768,436.3846153846154,63.92717341829768,0
per_huruf,12,932,0.688839615668884,436.30769230769226,63.926263086026395,436.30769230769226,63.926263086026395,0
per_huruf,12,933,0.6895787139689579,436.23076923076917,63.93172507965407,436.23076923076917,63.93172507965407,0
per_huruf,12,934,0.6903178122690318,436.1538461538462,63.94492489758762,436.1538461538462,63.94492489758762,0
per_huruf,12,935,0.6910569105691057,436.0769230769231,63.967228038233955,436.0769230769231,63.967228038233955,0
per_huruf,12,936,0.6917960088691796,436.0,64.0,436.0,64.0,0
per_huruf,12,937,0.6925351071692535,435.92307692307696,64.04688211197087,435.92307692307696,64.04688211197087,0
per_huruf,12,938,0.6932742054693274,435.8461538461539,64.10878470641785,435.8461538461539,64.10878470641785,0
per_huruf,12,939,0.6940133037694013,435.7692307692308,64.18297678652708,435.7692307692308,64.18297678652708,0
per_huruf,12,940,0.6947524020694752,435.6923076923076,64.26672735548475,435.6923076923076,64.26672735548475,0
per_huruf,12,941,0.6954915003695491,435.6153846153847,64.35730541647702,435.6153846153847,64.35730541647702,0
per_huruf,12,942,0.6962305986696231,435.53846153846155,64.45197997269004,435.53846153846155,64.45197997269004,0
per_huruf,12,943,0.696969696969697,435.46153846153845,64.54802002730996,435.46153846153845,64.54802002730996,0
per_huruf,12,944,0.6977087952697709,435.38461538461536,64.64269458352298,435.38461538461536,64.64269458352298,0
per_huruf,12,945,0.6984478935698448,435.30769230769226,64.73327264451524,435.30769230769226,64.73327264451524,0
per_huruf,12,946,0.6991869918699187,435.23076923076917,64.81702321347291,435.23076923076917,64.81702321347291,0
per_huruf,12,947,0.6999260901699926,435.1538461538462,64.89121529358216,435.1538461538462,64.89121529358216,0
per_huruf,12,948,0.7006651884700665,435.0769230769231,64.95311788802913,435.0769230769231,64.95311788802913,0
per_huruf,12,949,0.7014042867701404,435.0,65.0,435.0,65.0,0
per_huruf,12,950,0.7021433850702143,434.92034592626317,65.03004096495222,434.92034592626317,65.03004096495222,0
per_huruf,12,951,0.7028824833702882,434.83614019116976,65.04506144742831,434.83614019116976,65.04506144742831,0
per_huruf,12,952,0.7036215816703622,434.74874829312694,65.04779244424215,434.74874829312694,65.04779244424215,0
per_huruf,12,953,0.704360679970436,434.6595357305417,65.04096495220755,434.6595357305417,65.04096495220755,0
per_huruf,12,954,0.70509977827051,434.56986800182074,65.02730996813838,434.56986800182074,65.02730996813838,0
per_huruf,12,955,0.7058388765705839,434.481110605371,65.00955848884843,434.481110605371,65.00955848884843,0
per_huruf,12,956,0.7065779748706578,434.39462903959947,64.99044151115157,434.39462903959947,64.99044151115157,0
per_huruf,12,957,0.7073170731707317,434.3117888029131,64.97269003186163,434.3117888029131,64.97269003186163,0
per_huruf,12,958,0.7080561714708056,434.2339553937187,64.95903504779244,434.2339553937187,64.95903504779244,0
per_huruf,12,959,0.7087952697708795,434.1624943104233,64.95220755575784,434.1624943104233,64.95220755575784,0
per_huruf,12,960,0.7095343680709534,434.0987710514338,64.95493855257169,434.0987710514338,64.95493855257169,0
per_huruf,12,961,0.7102734663710274,434.04415111515704,64.9699590350478,434.04415111515704,64.9699590350478,0
per_huruf,12,962,0.7110125646711013,434.0,65.0,434.0,65.0,0
per_huruf,12,963,0.7117516629711752,433.96722803823405,65.04415111515704,433.96722803823405,65.04415111515704,0
per_huruf,12,964,0.7124907612712491,433.9449248975876,65.09877105143379,433.9449248975876,65.09877105143379,0
per_huruf,12,965,0.713229859571323,433.93172507965403,65.16249431042331,433.93172507965403,65.16249431042331,0
per_huruf,12,966,0.7139689578713969,433.9262630860263,65.2339553937187,433.9262630860263,65.2339553937187,0
per_huruf,12,967,0.7147080561714708,433.92717341829774,65.31178880291307,433.92717341829774,65.31178880291307,0
per_huruf,12,968,0.7154471544715447,433.93309057806107,65.39462903959947,433.93309057806107,65.39462903959947,0
per_huruf,12,969,0.7161862527716186,433.94264906690944,65.48111060537096,433.94264906690944,65.48111060537096,0
per_huruf,12,970,0.7169253510716925,433.95448338643604,65.56986800182067,433.95448338643604,65.56986800182067,0
per_huruf,12,971,0.7176644493717664,433.96722803823394,65.65953573054165,433.96722803823394,65.65953573054165,0
per_huruf,12,972,0.7184035476718403,433.97951752389616,65.748748293127,433.97951752389616,65.748748293127,0
per_huruf,12,973,0.7191426459719142,433.98998634501595,65.83614019116978,433.98998634501595,65.83614019116978,0
per_huruf,12,974,0.7198817442719881,433.99726900318615,65.92034592626308,433.99726900318615,65.92034592626308,0
per_huruf,12,975,0.720620842572062,434.0,66.0,434.0,66.0,0
per_huruf,12,976,0.721359940872136,434.00000000000006,66.07692307692308,434.00000000000006,66.07692307692308,0
per_huruf,12,977,0.7220990391722099,434.0,66.15384615384616,434.0,66.15384615384616,0
per_huruf,12,978,0.7228381374722838,433.99999999999994,66.23076923076923,433.99999999999994,66.23076923076923,0
per_huruf,12,979,0.7235772357723578,434.0,66.30769230769229,434.0,66.30769230769229,0
per_huruf,12,980,0.7243163340724317,434.00000000000006,66.3846153846154,434.00000000000006,66.3846153846154,0
per_huruf,12,981,0.7250554323725056,434.00000000000006,66.46153846153847,434.00000000000006,66.46153846153847,0
per_huruf,12,982,0.7257945306725795,434.0,66.53846153846155,434.0,66.53846153846155,0
per_huruf,12,983,0.7265336289726534,434.00000000000006,66.61538461538463,434.00000000000006,66.61538461538463,0
per_huruf,12,984,0.7272727272727273,434.0,66.6923076923077,434.0,66.6923076923077,0
per_huruf,12,985,0.7280118255728012,433.99999999999994,66.76923076923077,433.99999999999994,66.76923076923077,0
per_huruf,12,986,0.7287509238728751,434.0,66.84615384615385,434.0,66.84615384615385,0
per_huruf,12,987,0.729490022172949,434.0,66.92307692307692,434.0,66.92307692307692,0
per_huruf,12,988,0.7302291204730229,434.0,67.0,434.0,67.0,0
per_huruf,12,989,0.7309682187730968,434.00273099681385,67.07692307692308,434.00273099681385,67.07692307692308,0
per_huruf,12,990,0.7317073170731707,434.01001365498405,67.15384615384616,434.01001365498405,67.15384615384616,0
per_huruf,12,991,0.7324464153732446,434.0204824761037,67.23076923076923,434.0204824761037,67.23076923076923,0
per_huruf,12,992,0.7331855136733185,434.03277196176606,67.3076923076923,434.03277196176606,67.3076923076923,0
per_huruf,12,993,0.7339246119733924,434.045516613564,67.38461538461539,434.045516613564,67.38461538461539,0
per_huruf,12,994,0.7346637102734663,434.0573509330907,67.46153846153847,434.0573509330907,67.46153846153847,0
per_huruf,12,995,0.7354028085735402,434.066909421939,67.53846153846153,434.066909421939,67.53846153846153,0
per_huruf,12,996,0.7361419068736141,434.0728265817024,67.61538461538461,434.0728265817024,67.61538461538461,0
per_huruf,12,997,0.7368810051736882,434.07373691397356,67.69230769230768,434.07373691397356,67.69230769230768,0
per_huruf,12,998,0.7376201034737621,434.06827492034586,67.76923076923076,434.06827492034586,67.76923076923076,0
per_huruf,12,999,0.738359201773836,434.0550751024124,67.84615384615385,434.0550751024124,67.84615384615385,0
per_huruf,12,1000,0.7390983000739099,434.03277196176606,67.92307692307692,434.03277196176606,67.92307692307692,0
per_huruf,12,1001,0.7398373983739838,434.0,68.0,434.0,68.0,0
per_huruf,12,1002,0.7405764966740577,433.9531178880292,68.0769230769231,433.9531178880292,68.0769230769231,0
per_huruf,12,1003,0.7413155949741316,433.89121529358215,68.15384615384616,433.89121529358215,68.15384615384616,0
per_huruf,12,1004,0.7420546932742055,433.81702321347285,68.23076923076921,433.81702321347285,68.23076923076921,0
per_huruf,12,1005,0.7427937915742794,433.7332726445151,68.30769230769229,433.7332726445151,68.30769230769229,0
per_huruf,12,1006,0.7435328898743533,433.64269458352305,68.38461538461539,433.64269458352305,68.38461538461539,0
per_huruf,12,1007,0.7442719881744272,433.54802002731,68.46153846153847,433.54802002731,68.46153846153847,0
per_huruf,12,1008,0.7450110864745011,433.45197997269,68.53846153846153,433.45197997269,68.53846153846153,0
per_huruf,12,1009,0.745750184774575,433.357305416477,68.61538461538461,433.357305416477,68.61538461538461,0
per_huruf,12,1010,0.7464892830746489,433.2667273554847,68.6923076923077,433.2667273554847,68.6923076923077,0
per_huruf,12,1011,0.7472283813747228,433.18297678652704,68.76923076923077,433.18297678652704,68.76923076923077,0
per_huruf,12,1012,0.7479674796747967,433.10878470641785,68.84615384615385,433.10878470641785,68.84615384615385,0
per_huruf,12,1013,0.7487065779748706,433.04688211197083,68.92307692307692,433.04688211197083,68.92307692307692,0
per_huruf,12,1014,0.7494456762749445,433.0,69.0,433.0,69.0,0
per_huruf,12,1015,0.7501847745750185,432.96449704142015,69.07692307692308,432.96449704142015,69.07692307692308,0
per_huruf,12,1016,0.7509238728750924,432.93491124260356,69.15384615384615,432.93491124260356,69.15384615384615,0
per_huruf,12,1017,0.7516629711751663,432.9112426035502,69.23076923076921,432.9112426035502,69.23076923076921,0
per_huruf,12,1018,0.7524020694752402,432.8934911242603,69.30769230769229,432.8934911242603,69.30769230769229,0
per_huruf,12,1019,0.7531411677753141,432.8816568047338,69.38461538461539,432.8816568047338,69.38461538461539,0
per_huruf,12,1020,0.753880266075388,432.87573964497045,69.46153846153847,432.87573964497045,69.46153846153847,0
per_huruf,12,1021,0.754619364375462,432.87573964497045,69.53846153846155,432.87573964497045,69.53846153846155,0
per_huruf,12,1022,0.7553584626755359,432.8816568047337,69.61538461538461,432.8816568047337,69.61538461538461,0
per_huruf,12,1023,0.7560975609756098,432.8934911242603,69.6923076923077,432.8934911242603,69.6923076923077,0
per_huruf,12,1024,0.7568366592756837,432.91124260355025,69.76923076923077,432.91124260355025,69.76923076923077,0
per_huruf,12,1025,0.7575757575757576,432.93491124260356,69.84615384615385,432.93491124260356,69.84615384615385,0
per_huruf,12,1026,0.7583148558758315,432.9644970414201,69.92307692307692,432.9644970414201,69.92307692307692,0
per_huruf,12,1027,0.7590539541759054,433.0,70.0,433.0,70.0,0
per_huruf,12,1028,0.7597930524759793,433.0441511151571,70.07965407373693,433.0441511151571,70.07965407373693,0
per_huruf,12,1029,0.7605321507760532,433.09877105143374,70.16385980883022,433.09877105143374,70.16385980883022,0
per_huruf,12,1030,0.7612712490761271,433.1624943104232,70.25125170687299,433.1624943104232,70.25125170687299,0
per_huruf,12,1031,0.762010347376201,433.23395539371865,70.34046426945835,433.23395539371865,70.34046426945835,0
per_huruf,12,1032,0.7627494456762749,433.3117888029131,70.43013199817933,433.3117888029131,70.43013199817933,0
per_huruf,12,1033,0.7634885439763488,433.3946290395995,70.51888939462904,433.3946290395995,70.51888939462904,0
per_huruf,12,1034,0.7642276422764228,433.48111060537104,70.60537096040055,433.48111060537104,70.60537096040055,0
per_huruf,12,1035,0.7649667405764967,433.5698680018207,70.68821119708693,433.5698680018207,70.68821119708693,0
per_huruf,12,1036,0.7657058388765706,433.6595357305416,70.76604460628128,433.6595357305416,70.76604460628128,0
per_huruf,12,1037,0.7664449371766445,433.74874829312694,70.83750568957669,433.74874829312694,70.83750568957669,0
per_huruf,12,1038,0.7671840354767184,433.8361401911698,70.90122894856623,433.8361401911698,70.90122894856623,0
per_huruf,12,1039,0.7679231337767923,433.92034592626305,70.95584888484296,433.92034592626305,70.95584888484296,0
per_huruf,12,1040,0.7686622320768662,434.0,71.0,434.0,71.0,0
per_huruf,12,1041,0.7694013303769401,434.07692307692315,71.03277196176606,434.07692307692315,71.03277196176606,0
per_huruf,12,1042,0.770140428677014,434.1538461538462,71.05507510241239,434.1538461538462,71.05507510241239,0
per_huruf,12,1043,0.770879526977088,434.2307692307692,71.06827492034591,434.2307692307692,71.06827492034591,0
per_huruf,12,1044,0.7716186252771619,434.3076923076922,71.07373691397359,434.3076923076922,71.07373691397359,0
per_huruf,12,1045,0.7723577235772358,434.3846153846154,71.07282658170233,434.3846153846154,71.07282658170233,0
per_huruf,12,1046,0.7730968218773097,434.4615384615385,71.06690942193902,434.4615384615385,71.06690942193902,0
per_huruf,12,1047,0.7738359201773836,434.53846153846155,71.05735093309058,434.53846153846155,71.05735093309058,0
per_huruf,12,1048,0.7745750184774575,434.61538461538464,71.04551661356396,434.61538461538464,71.04551661356396,0
per_huruf,12,1049,0.7753141167775314,434.6923076923077,71.03277196176604,434.6923076923077,71.03277196176604,0
per_huruf,12,1050,0.7760532150776053,434.7692307692307,71.02048247610378,434.7692307692307,71.02048247610378,0
per_huruf,12,1051,0.7767923133776792,434.8461538461538,71.01001365498408,434.8461538461538,71.01001365498408,0
per_huruf,12,1052,0.7775314116777532,434.9230769230769,71.00273099681384,434.9230769230769,71.00273099681384,0
per_huruf,12,1053,0.7782705099778271,435.0,71.0,435.0,71.0,0
per_huruf,12,1054,0.779009608277901,435.07692307692315,71.00000000000001,435.07692307692315,71.00000000000001,0
per_huruf,12,1055,0.7797487065779749,435.15384615384613,71.0,435.15384615384613,71.0,0
per_huruf,12,1056,0.7804878048780488,435.23076923076917,70.99999999999999,435.23076923076917,70.99999999999999,0
per_huruf,12,1057,0.7812269031781227,435.30769230769226,71.0,435.30769230769226,71.0,0
per_huruf,12,1058,0.7819660014781966,435.3846153846154,71.0,435.3846153846154,71.0,0
per_huruf,12,1059,0.7827050997782705,435.46153846153845,71.0,435.46153846153845,71.0,0
per_huruf,12,1060,0.7834441980783444,435.53846153846155,71.0,435.53846153846155,71.0,0
per_huruf,12,1061,0.7841832963784183,435.61538461538464,71.0,435.61538461538464,71.0,0
per_huruf,12,1062,0.7849223946784922,435.6923076923077,71.0,435.6923076923077,71.0,0
per_huruf,12,1063,0.7856614929785661,435.7692307692307,71.0,435.7692307692307,71.0,0
per_huruf,12,1064,0.78640059127864,435.84615384615387,71.0,435.84615384615387,71.0,0
per_huruf,12,1065,0.7871396895787139,435.9230769230769,71.0,435.9230769230769,71.0,0
per_huruf,12,1066,0.7878787878787878,436.0,71.0,436.0,71.0,0
per_huruf,12,1067,0.7886178861788617,436.07692307692315,71.00000000000001,436.07692307692315,71.00000000000001,0
per_huruf,12,1068,0.7893569844789357,436.1538461538462,71.0,436.1538461538462,71.0,0
per_huruf,12,1069,0.7900960827790096,436.23076923076917,70.99999999999999,436.23076923076917,70.99999999999999,0
per_huruf,12,1070,0.7908351810790836,436.30769230769226,71.0,436.30769230769226,71.0,0
per_huruf,12,1071,0.7915742793791575,436.3846153846155,71.0,436.3846153846155,71.0,0
per_huruf,12,1072,0.7923133776792314,436.46153846153845,71.0,436.46153846153845,71.0,0
per_huruf,12,1073,0.7930524759793053,436.53846153846155,71.0,436.53846153846155,71.0,0
per_huruf,12,1074,0.7937915742793792,436.61538461538464,71.0,436.61538461538464,71.0,0
per_huruf,12,1075,0.7945306725794531,436.6923076923077,71.0,436.6923076923077,71.0,0
per_huruf,12,1076,0.795269770879527,436.7692307692307,71.0,436.7692307692307,71.0,0
per_huruf,12,1077,0.7960088691796009,436.84615384615387,71.0,436.84615384615387,71.0,0
per_huruf,12,1078,0.7967479674796748,436.9230769230769,71.0,436.9230769230769,71.0,0
per_huruf,12,1079,0.7974870657797487,437.0,71.0,437.0,71.0,0
per_huruf,12,1080,0.7982261640798226,437.07692307692315,71.00000000000001,437.07692307692315,71.00000000000001,0
per_huruf,12,1081,0.7989652623798965,437.15384615384613,71.0,437.15384615384613,71.0,0
per_huruf,12,1082,0.7997043606799704,437.2307692307691,70.99999999999999,437.2307692307691,70.99999999999999,0
per_huruf,12,1083,0.8004434589800443,437.3076923076923,71.0,437.3076923076923,71.0,0
per_huruf,12,1084,0.8011825572801182,437.3846153846155,71.0,437.3846153846155,71.0,0
per_huruf,12,1085,0.8019216555801921,437.46153846153845,71.0,437.46153846153845,71.0,0
per_huruf,12,1086,0.802660753880266,437.53846153846155,71.0,437.53846153846155,71.0,0
per_huruf,12,1087,0.8033998521803399,437.61538461538464,71.0,437.61538461538464,71.0,0
per_huruf,12,1088,0.804138950480414,437.6923076923077,71.0,437.6923076923077,71.0,0
per_huruf,12,1089,0.8048780487804879,437.7692307692307,71.0,437.7692307692307,71.0,0
per_huruf,12,1090,0.8056171470805618,437.84615384615387,71.0,437.84615384615387,71.0,0
per_huruf,12,1091,0.8063562453806357,437.9230769230769,71.0,437.9230769230769,71.0,0
per_huruf,12,1092,0.8070953436807096,438.0,71.0,438.0,71.0,0
per_huruf,12,1093,0.8078344419807835,438.0769230769231,71.00000000000001,438.0769230769231,71.00000000000001,0
per_huruf,12,1094,0.8085735402808574,438.15384615384613,71.0,438.15384615384613,71.0,0
per_huruf,12,1095,0.8093126385809313,438.23076923076917,70.99999999999999,438.23076923076917,70.99999999999999,0
per_huruf,12,1096,0.8100517368810052,438.30769230769226,71.0,438.30769230769226,71.0,0
per_huruf,12,1097,0.8107908351810791,438.3846153846155,71.0,438.3846153846155,71.0,0
per_huruf,12,1098,0.811529933481153,438.4615384615385,71.0,438.4615384615385,71.0,0
per_huruf,12,1099,0.8122690317812269,438.53846153846155,71.0,438.53846153846155,71.0,0
per_huruf,12,1100,0.8130081300813008,438.61538461538464,71.0,438.61538461538464,71.0,0
per_huruf,12,1101,0.8137472283813747,438.6923076923077,71.0,438.6923076923077,71.0,0
per_huruf,12,1102,0.8144863266814486,438.7692307692307,71.0,438.7692307692307,71.0,0
per_huruf,12,1103,0.8152254249815225,438.84615384615387,71.0,438.84615384615387,71.0,0
per_huruf,12,1104,0.8159645232815964,438.9230769230769,71.0,438.9230769230769,71.0,0
per_huruf,12,1105,0.8167036215816703,439.0,71.0,439.0,71.0,0
per_huruf,12,1106,0.8174427198817442,439.0769230769231,71.00000000000001,439.0769230769231,71.00000000000001,0
per_huruf,12,1107,0.8181818181818182,439.15384615384613,71.0,439.15384615384613,71.0,0
per_huruf,12,1108,0.8189209164818921,439.23076923076917,70.99999999999999,439.23076923076917,70.99999999999999,0
per_huruf,12,1109,0.819660014781966,439.30769230769226,71.0,439.30769230769226,71.0,0
per_huruf,12,1110,0.8203991130820399,439.3846153846154,71.0,439.3846153846154,71.0,0
per_huruf,12,1111,0.8211382113821138,439.4615384615385,71.0,439.4615384615385,71.0,0
per_huruf,12,1112,0.8218773096821878,439.53846153846155,71.0,439.53846153846155,71.0,0
per_huruf,12,1113,0.8226164079822617,439.61538461538464,71.0,439.61538461538464,71.0,0
per_huruf,12,1114,0.8233555062823356,439.6923076923077,71.0,439.6923076923077,71.0,0
per_huruf,12,1115,0.8240946045824095,439.7692307692307,71.0,439.7692307692307,71.0,0
per_huruf,12,1116,0.8248337028824834,439.8461538461539,71.0,439.8461538461539,71.0,0
per_huruf,12,1117,0.8255728011825573,439.9230769230769,71.0,439.9230769230769,71.0,0
per_huruf,12,1118,0.8263118994826312,440.0,71.0,440.0,71.0,0
per_huruf,12,1119,0.8270509977827051,440.07692307692315,71.00000000000001,440.07692307692315,71.00000000000001,0
per_huruf,12,1120,0.827790096082779,440.15384615384613,71.0,440.15384615384613,71.0,0
per_huruf,12,1121,0.8285291943828529,440.2307692307692,70.99999999999999,440.2307692307692,70.99999999999999,0
per_huruf,12,1122,0.8292682926829268,440.30769230769226,71.0,440.30769230769226,71.0,0
per_huruf,12,1123,0.8300073909830007,440.3846153846155,71.0,440.3846153846155,71.0,0
per_huruf,12,1124,0.8307464892830746,440.4615384615385,71.0,440.4615384615385,71.0,0
per_huruf,12,1125,0.8314855875831486,440.53846153846155,71.0,440.53846153846155,71.0,0
per_huruf,12,1126,0.8322246858832225,440.61538461538464,71.0,440.61538461538464,71.0,0
per_huruf,12,1127,0.8329637841832964,440.6923076923077,71.0,440.6923076923077,71.0,0
per_huruf,12,1128,0.8337028824833703,440.7692307692307,71.0,440.7692307692307,71.0,0
per_huruf,12,1129,0.8344419807834442,440.8461538461538,71.0,440.8461538461538,71.0,0
per_huruf,12,1130,0.8351810790835181,440.9230769230769,71.0,440.9230769230769,71.0,0
per_huruf,12,1131,0.835920177383592,441.0,71.0,441.0,71.0,0
per_huruf,12,1132,0.8366592756836659,441.0769230769231,71.00000000000001,441.0769230769231,71.00000000000001,0
per_huruf,12,1133,0.8373983739837398,441.15384615384613,71.0,441.15384615384613,71.0,0
per_huruf,12,1134,0.8381374722838137,441.2307692307691,70.99999999999999,441.2307692307691,70.99999999999999,0
per_huruf,12,1135,0.8388765705838876,441.3076923076922,71.0,441.3076923076922,71.0,0
per_huruf,12,1136,0.8396156688839616,441.3846153846154,71.0,441.3846153846154,71.0,0
per_huruf,12,1137,0.8403547671840355,441.46153846153845,71.0,441.46153846153845,71.0,0
per_huruf,12,1138,0.8410938654841094,441.53846153846155,71.0,441.53846153846155,71.0,0
per_huruf,12,1139,0.8418329637841833,441.6153846153846,71.0,441.6153846153846,71.0,0
per_huruf,12,1140,0.8425720620842572,441.69230769230774,71.0,441.69230769230774,71.0,0
per_huruf,12,1141,0.8433111603843311,441.7692307692307,71.0,441.7692307692307,71.0,0
per_huruf,12,1142,0.844050258684405,441.8461538461539,71.0,441.8461538461539,71.0,0
per_huruf,12,1143,0.844789356984479,441.9230769230769,71.0,441.9230769230769,71.0,0
per_huruf,12,1144,0.8455284552845529,442.0,71.0,442.0,71.0,0
per_huruf,12,1145,0.8462675535846268,442.07692307692315,71.00000000000001,442.07692307692315,71.00000000000001,0
per_huruf,12,1146,0.8470066518847007,442.15384615384625,71.0,442.15384615384625,71.0,0
per_huruf,12,1147,0.8477457501847746,442.2307692307691,70.99999999999999,442.2307692307691,70.99999999999999,0
per_huruf,12,1148,0.8484848484848485,442.3076923076923,71.0,442.3076923076923,71.0,0
per_huruf,12,1149,0.8492239467849224,442.3846153846154,71.0,442.3846153846154,71.0,0
per_huruf,12,1150,0.8499630450849963,442.4615384615385,71.0,442.4615384615385,71.0,0
per_huruf,12,1151,0.8507021433850702,442.53846153846155,71.0,442.53846153846155,71.0,0
per_huruf,12,1152,0.8514412416851441,442.61538461538464,71.0,442.61538461538464,71.0,0
per_huruf,12,1153,0.852180339985218,442.6923076923076,71.0,442.6923076923076,71.0,0
per_huruf,12,1154,0.8529194382852919,442.7692307692307,71.0,442.7692307692307,71.0,0
per_huruf,12,1155,0.8536585365853658,442.84615384615387,71.0,442.84615384615387,71.0,0
per_huruf,12,1156,0.8543976348854397,442.9230769230769,71.0,442.9230769230769,71.0,0
per_huruf,12,1157,0.8551367331855136,443.0,71.0,443.0,71.0,0
per_huruf,12,1158,0.8558758314855875,443.09877105143386,70.95630405097862,443.09877105143386,70.95630405097862,0
per_huruf,12,1159,0.8566149297856614,443.23395539371865,70.83978152025489,443.23395539371865,70.83978152025489,0
per_huruf,12,1160,0.8573540280857354,443.3946290395994,70.67228038233954,443.3946290395994,70.67228038233954,0
per_huruf,12,1161,0.8580931263858093,443.56986800182057,70.47564861174328,443.56986800182057,70.47564861174328,0
per_huruf,12,1162,0.8588322246858833,443.748748293127,70.27173418297679,443.748748293127,70.27173418297679,0
per_huruf,12,1163,0.8595713229859572,443.9203459262631,70.08238507055076,443.9203459262631,70.08238507055076,0
per_huruf,12,1164,0.8603104212860311,444.0737369139736,69.92944924897589,444.0737369139736,69.92944924897589,0
per_huruf,12,1165,0.861049519586105,444.19799726900317,69.83477469276286,444.19799726900317,69.83477469276286,0
per_huruf,12,1166,0.8617886178861789,444.28220300409646,69.82020937642238,444.28220300409646,69.82020937642238,0
per_huruf,12,1167,0.8625277161862528,444.31543013199814,69.90760127446518,444.31543013199814,69.90760127446518,0
per_huruf,12,1168,0.8632668144863267,444.2867546654529,70.11879836140191,444.2867546654529,70.11879836140191,0
per_huruf,12,1169,0.8640059127864006,444.18525261720526,70.47564861174328,444.18525261720526,70.47564861174328,0
per_huruf,12,1170,0.8647450110864745,444.0,71.0,444.0,71.0,0
per_huruf,12,1171,0.8654841093865484,443.7045971779701,71.74738279472008,443.7045971779701,71.74738279472008,0
per_huruf,12,1172,0.8662232076866223,443.2935821574875,72.73054164770141,443.2935821574875,72.73054164770141,0
per_huruf,12,1173,0.8669623059866962,442.7874374146563,73.90714610832953,442.7874374146563,73.90714610832953,0
per_huruf,12,1174,0.8677014042867701,442.2066454255803,75.23486572598998,442.2066454255803,75.23486572598998,0
per_huruf,12,1175,0.868440502586844,441.5716886663633,76.67137005006829,441.5716886663633,76.67137005006829,0
per_huruf,12,1176,0.8691796008869179,440.9030496131088,78.17432862994994,440.9030496131088,78.17432862994994,0
per_huruf,12,1177,0.8699186991869918,440.2212107419208,79.7014110150205,440.2212107419208,79.7014110150205,0
per_huruf,12,1178,0.8706577974870657,439.5466545289031,81.21028675466546,439.5466545289031,81.21028675466546,0
per_huruf,12,1179,0.8713968957871396,438.8998634501593,82.65862539827037,438.8998634501593,82.65862539827037,0
per_huruf,12,1180,0.8721359940872137,438.3013199817933,84.00409649522075,438.3013199817933,84.00409649522075,0
per_huruf,12,1181,0.8728750923872876,437.771506599909,85.20436959490215,437.771506599909,85.20436959490215,0
per_huruf,12,1182,0.8736141906873615,437.33090578060995,86.21711424670005,437.33090578060995,86.21711424670005,0
per_huruf,12,1183,0.8743532889874354,437.0,87.0,437.0,87.0,0
per_huruf,12,1184,0.8750923872875093,436.77332726445155,87.56850250341375,436.77332726445155,87.56850250341375,0
per_huruf,12,1185,0.8758314855875832,436.6244879380974,87.97997269003187,436.6244879380974,87.97997269003187,0
per_huruf,12,1186,0.8765705838876571,436.5425580336822,88.25489303595809,436.5425580336822,88.25489303595809,0
per_huruf,12,1187,0.877309682187731,436.5166135639508,88.41374601729632,436.5166135639508,88.41374601729632,0
per_huruf,12,1188,0.8780487804878049,436.5357305416478,88.47701411015021,436.5357305416478,88.47701411015021,0
per_huruf,12,1189,0.8787878787878788,436.58898497951753,88.46517979062358,436.58898497951753,88.46517979062358,0
per_huruf,12,1190,0.8795269770879527,436.665452890305,88.3987255348202,436.665452890305,88.3987255348202,0
per_huruf,12,1191,0.8802660753880266,436.75421028675464,88.29813381884387,436.75421028675464,88.29813381884387,0
per_huruf,12,1192,0.8810051736881005,436.8443331816113,88.18388711879837,436.8443331816113,88.18388711879837,0
per_huruf,12,1193,0.8817442719881744,436.92489758761945,88.07646791078743,436.92489758761945,88.07646791078743,0
per_huruf,12,1194,0.8824833702882483,436.9849795175239,87.99635867091487,436.9849795175239,87.99635867091487,0
per_huruf,12,1195,0.8832224685883222,437.0136549840692,87.96404187528447,437.0136549840692,87.96404187528447,0
per_huruf,12,1196,0.8839615668883961,437.0,88.0,437.0,88.0,0
per_huruf,12,1197,0.88470066518847,436.9558488848431,88.0769230769231,436.9558488848431,88.0769230769231,0
per_huruf,12,1198,0.885439763488544,436.90122894856626,88.15384615384617,436.90122894856626,88.15384615384617,0
per_huruf,12,1199,0.8861788617886179,436.83750568957663,88.23076923076921,436.83750568957663,88.23076923076921,0
per_huruf,12,1200,0.8869179600886918,436.76604460628124,88.3076923076923,436.76604460628124,88.3076923076923,0
per_huruf,12,1201,0.8876570583887657,436.688211197087,88.3846153846154,436.688211197087,88.3846153846154,0
per_huruf,12,1202,0.8883961566888396,436.6053709604006,88.46153846153847,436.6053709604006,88.46153846153847,0
per_huruf,12,1203,0.8891352549889135,436.518889394629,88.53846153846153,436.518889394629,88.53846153846153,0
per_huruf,12,1204,0.8898743532889875,436.4301319981794,88.61538461538461,436.4301319981794,88.61538461538461,0
per_huruf,12,1205,0.8906134515890614,436.3404642694583,88.6923076923077,436.3404642694583,88.6923076923077,0
per_huruf,12,1206,0.8913525498891353,436.25125170687295,88.76923076923076,436.25125170687295,88.76923076923076,0
per_huruf,12,1207,0.8920916481892092,436.16385980883024,88.84615384615384,436.16385980883024,88.84615384615384,0
per_huruf,12,1208,0.8928307464892831,436.07965407373695,88.92307692307692,436.07965407373695,88.92307692307692,0
per_huruf,12,1209,0.893569844789357,436.0,89.0,436.0,89.0,0
per_huruf,12,1210,0.8943089430894309,435.92307692307696,89.0769230769231,435.92307692307696,89.0769230769231,0
per_huruf,12,1211,0.8950480413895048,435.8461538461539,89.15384615384616,435.8461538461539,89.15384615384616,0
per_huruf,12,1212,0.8957871396895787,435.7692307692308,89.23076923076923,435.7692307692308,89.23076923076923,0
per_huruf,12,1213,0.8965262379896526,435.6923076923076,89.30769230769229,435.6923076923076,89.30769230769229,0
per_huruf,12,1214,0.8972653362897265,435.6153846153847,89.38461538461539,435.6153846153847,89.38461538461539,0
per_huruf,12,1215,0.8980044345898004,435.53846153846155,89.46153846153845,435.53846153846155,89.46153846153845,0
per_huruf,12,1216,0.8987435328898743,435.46153846153845,89.53846153846155,435.46153846153845,89.53846153846155,0
per_huruf,12,1217,0.8994826311899483,435.38461538461536,89.61538461538461,435.38461538461536,89.61538461538461,0
per_huruf,12,1218,0.9002217294900222,435.30769230769226,89.69230769230768,435.30769230769226,89.69230769230768,0
per_huruf,12,1219,0.9009608277900961,435.23076923076917,89.76923076923077,435.23076923076917,89.76923076923077,0
per_huruf,12,1220,0.90169992609017,435.1538461538462,89.84615384615384,435.1538461538462,89.84615384615384,0
per_huruf,12,1221,0.9024390243902439,435.0769230769231,89.92307692307692,435.0769230769231,89.92307692307692,0
per_huruf,12,1222,0.9031781226903178,435.0,90.0,435.0,90.0,0
per_huruf,12,1223,0.9039172209903917,434.923076923077,90.0769230769231,434.923076923077,90.0769230769231,0
per_huruf,12,1224,0.9046563192904656,434.84615384615387,90.15384615384616,434.84615384615387,90.15384615384616,0
per_huruf,12,1225,0.9053954175905395,434.7692307692307,90.23076923076923,434.7692307692307,90.23076923076923,0
per_huruf,12,1226,0.9061345158906134,434.6923076923077,90.30769230769229,434.6923076923077,90.30769230769229,0
per_huruf,12,1227,0.9068736141906873,434.6153846153847,90.38461538461539,434.6153846153847,90.38461538461539,0
per_huruf,12,1228,0.9076127124907613,434.53846153846155,90.46153846153847,434.53846153846155,90.46153846153847,0
per_huruf,12,1229,0.9083518107908352,434.4615384615385,90.53846153846153,434.4615384615385,90.53846153846153,0
per_huruf,12,1230,0.9090909090909091,434.3846153846154,90.61538461538461,434.3846153846154,90.61538461538461,0
per_huruf,12,1231,0.909830007390983,434.30769230769226,90.6923076923077,434.30769230769226,90.6923076923077,0
per_huruf,12,1232,0.9105691056910569,434.23076923076917,90.76923076923076,434.23076923076917,90.76923076923076,0
per_huruf,12,1233,0.9113082039911308,434.1538461538462,90.84615384615384,434.1538461538462,90.84615384615384,0
per_huruf,12,1234,0.9120473022912047,434.0769230769231,90.92307692307692,434.0769230769231,90.92307692307692,0
per_huruf,12,1235,0.9127864005912787,434.0,91.0,434.0,91.0,0
per_huruf,12,1236,0.9135254988913526,433.92853891670467,91.07419208010924,433.92853891670467,91.07419208010924,0
per_huruf,12,1237,0.9142645971914265,433.86618115612197,91.14383249886208,433.86618115612197,91.14383249886208,0
per_huruf,12,1238,0.9150036954915004,433.8101957214382,91.21028675466543,433.8101957214382,91.21028675466543,0
per_huruf,12,1239,0.9157427937915743,433.75785161583974,91.27492034592625,433.75785161583974,91.27492034592625,0
per_huruf,12,1240,0.9164818920916482,433.70641784251256,91.33909877105145,433.70641784251256,91.33909877105145,0
per_huruf,12,1241,0.9172209903917221,433.6531634046427,91.40418752844788,433.6531634046427,91.40418752844788,0
per_huruf,12,1242,0.917960088691796,433.5953573054165,91.47155211652253,433.5953573054165,91.47155211652253,0
per_huruf,12,1243,0.9186991869918699,433.53026854802005,91.5425580336823,433.53026854802005,91.5425580336823,0
per_huruf,12,1244,0.9194382852919438,433.4551661356395,91.61857077833409,433.4551661356395,91.61857077833409,0
per_huruf,12,1245,0.9201773835920177,433.3673190714611,91.70095584888483,433.3673190714611,91.70095584888483,0
per_huruf,12,1246,0.9209164818920916,433.26399635867097,91.79107874374147,433.26399635867097,91.79107874374147,0
per_huruf,12,1247,0.9216555801921655,433.14246700045516,91.89030496131087,433.14246700045516,91.89030496131087,0
per_huruf,12,1248,0.9223946784922394,433.0,92.0,433.0,92.0,0
per_huruf,12,1249,0.9231337767923133,432.82931269913524,92.12380518889394,432.82931269913524,92.12380518889394,0
per_huruf,12,1250,0.9238728750923872,432.6285844333181,92.262630860264,432.6285844333181,92.262630860264,0
per_huruf,12,1251,0.9246119733924612,432.40327719617653,92.4137460172963,432.40327719617653,92.4137460172963,0
per_huruf,12,1252,0.925351071692535,432.15885298133816,92.57441966317705,432.15885298133816,92.57441966317705,0
per_huruf,12,1253,0.9260901699926091,431.90077378243063,92.74192080109242,431.90077378243063,92.74192080109242,0
per_huruf,12,1254,0.926829268292683,431.63450159308155,92.91351843422851,431.63450159308155,92.91351843422851,0
per_huruf,12,1255,0.9275683665927569,431.3654984069185,93.0864815657715,431.3654984069185,93.0864815657715,0
per_huruf,12,1256,0.9283074648928308,431.0992262175694,93.25807919890761,431.0992262175694,93.25807919890761,0
per_huruf,12,1257,0.9290465631929047,430.84114701866184,93.42558033682293,430.84114701866184,93.42558033682293,0
per_huruf,12,1258,0.9297856614929786,430.59672280382335,93.58625398270368,430.59672280382335,93.58625398270368,0
per_huruf,12,1259,0.9305247597930525,430.3714155666819,93.737369139736,430.3714155666819,93.737369139736,0
per_huruf,12,1260,0.9312638580931264,430.17068730086476,93.87619481110605,430.17068730086476,93.87619481110605,0
per_huruf,12,1261,0.9320029563932003,430.0,94.0,430.0,94.0,0
per_huruf,12,1262,0.9327420546932742,429.8575329995449,94.10969503868913,429.8575329995449,94.10969503868913,0
per_huruf,12,1263,0.9334811529933481,429.7360036413291,94.20892125625853,429.7360036413291,94.20892125625853,0
per_huruf,12,1264,0.934220251293422,429.63268092853883,94.29904415111514,429.63268092853883,94.29904415111514,0
per_huruf,12,1265,0.9349593495934959,429.54483386436044,94.3814292216659,429.54483386436044,94.3814292216659,0
per_huruf,12,1266,0.9356984478935698,429.46973145198,94.45744196631772,429.46973145198,94.45744196631772,0
per_huruf,12,1267,0.9364375461936437,429.4046426945836,94.52844788347748,429.4046426945836,94.52844788347748,0
per_huruf,12,1268,0.9371766444937176,429.34683659535733,94.59581247155211,429.34683659535733,94.59581247155211,0
per_huruf,12,1269,0.9379157427937915,429.2935821574875,94.66090122894857,429.2935821574875,94.66090122894857,0
per_huruf,12,1270,0.9386548410938654,429.2421483841602,94.72507965407374,429.2421483841602,94.72507965407374,0
per_huruf,12,1271,0.9393939393939394,429.1898042785616,94.78971324533454,429.1898042785616,94.78971324533454,0
per_huruf,12,1272,0.9401330376940134,429.13381884387803,94.85616750113792,429.13381884387803,94.85616750113792,0
per_huruf,12,1273,0.9408721359940873,429.0714610832954,94.92580791989076,429.0714610832954,94.92580791989076,0
per_huruf,12,1274,0.9416112342941612,429.0,95.0,429.0,95.0,0
per_huruf,12,1275,0.9423503325942351,428.99681383705064,95.07146108329542,428.99681383705064,95.07146108329542,0
per_huruf,12,1276,0.943089430894309,429.1165225307238,95.13381884387802,429.1165225307238,95.13381884387802,0
per_huruf,12,1277,0.9438285291943829,429.3222576240327,95.18980427856167,429.3222576240327,95.18980427856167,0
per_huruf,12,1278,0.9445676274944568,429.5771506599909,95.24214838416022,429.5771506599909,95.24214838416022,0
per_huruf,12,1279,0.9453067257945307,429.8443331816113,95.29358215748749,429.8443331816113,95.29358215748749,0
per_huruf,12,1280,0.9460458240946046,430.0869367319072,95.3468365953573,430.0869367319072,95.3468365953573,0
per_huruf,12,1281,0.9467849223946785,430.2680928538917,95.40464269458352,430.2680928538917,95.40464269458352,0
per_huruf,12,1282,0.9475240206947524,430.3509330905781,95.46973145197997,430.3509330905781,95.46973145197997,0
per_huruf,12,1283,0.9482631189948263,430.29858898497946,95.54483386436048,430.29858898497946,95.54483386436048,0
per_huruf,12,1284,0.9490022172949002,430.07419208010924,95.6326809285389,430.07419208010924,95.6326809285389,0
per_huruf,12,1285,0.9497413155949741,429.64087391898045,95.73600364132909,429.64087391898045,95.73600364132909,0
per_huruf,12,1286,0.950480413895048,428.9617660446063,95.85753299954483,428.9617660446063,95.85753299954483,0
per_huruf,12,1287,0.9512195121951219,428.0,96.0,428.0,96.0,0
per_huruf,12,1288,0.9519586104951958,426.6572598998635,96.17341829767867,426.6572598998635,96.17341829767867,0
per_huruf,12,1289,0.9526977087952697,424.90896677287213,96.38142922166593,424.90896677287213,96.38142922166593,0
per_huruf,12,1290,0.9534368070953437,422.8288575329995,96.61720527992716,422.8288575329995,96.61720527992716,0
per_huruf,12,1291,0.9541759053954176,420.49066909421936,96.87391898042785,420.49066909421936,96.87391898042785,0
per_huruf,12,1292,0.9549150036954915,417.9681383705053,97.14474283113339,417.9681383705053,97.14474283113339,0
per_huruf,12,1293,0.9556541019955654,415.33500227583073,97.42284934000911,415.33500227583073,97.42284934000911,0
per_huruf,12,1294,0.9563932002956393,412.6649977241693,97.70141101502048,412.6649977241693,97.70141101502048,0
per_huruf,12,1295,0.9571322985957132,410.03186162949476,97.9736003641329,410.03186162949476,97.9736003641329,0
per_huruf,12,1296,0.9578713968957872,407.50933090578064,98.2325898953118,407.50933090578064,98.2325898953118,0
per_huruf,12,1297,0.9586104951958611,405.17114246700044,98.47155211652253,405.17114246700044,98.47155211652253,0
per_huruf,12,1298,0.959349593495935,403.0910332271279,98.68365953573054,403.0910332271279,98.68365953573054,0
per_huruf,12,1299,0.9600886917960089,401.34274010013655,98.86208466090123,401.34274010013655,98.86208466090123,0
per_huruf,12,1300,0.9608277900960828,400.0,99.0,400.0,99.0,0
per_huruf,12,1301,0.9615668883961567,399.0409649522076,99.10377787892581,399.0409649522076,99.10377787892581,0
per_huruf,12,1302,0.9623059866962306,398.3691397360037,99.1852526172053,398.3691397360037,99.1852526172053,0
per_huruf,12,1303,0.9630450849963045,397.94629039599454,99.24578971324534,397.94629039599454,99.24578971324534,0
per_huruf,12,1304,0.9637841832963784,397.7341829767865,99.28675466545288,397.7341829767865,99.28675466545288,0
per_huruf,12,1305,0.9645232815964523,397.69458352298597,99.30951297223487,397.69458352298597,99.30951297223487,0
per_huruf,12,1306,0.9652623798965262,397.7892580791989,99.31543013199818,397.7892580791989,99.31543013199818,0
per_huruf,12,1307,0.9660014781966001,397.97997269003184,99.30587164314976,397.97997269003184,99.30587164314976,0
per_huruf,12,1308,0.9667405764966741,398.22849340009105,99.2822030040965,398.22849340009105,99.2822030040965,0
per_huruf,12,1309,0.967479674796748,398.4965862539826,99.24578971324533,398.4965862539826,99.24578971324533,0
per_huruf,12,1310,0.9682187730968219,398.7460172963131,99.19799726900317,398.7460172963131,99.19799726900317,0
per_huruf,12,1311,0.9689578713968958,398.93855257168866,99.14019116977697,398.93855257168866,99.14019116977697,0
per_huruf,12,1312,0.9696969696969697,399.0359581247155,99.07373691397359,399.0359581247155,99.07373691397359,0
per_huruf,12,1313,0.9704360679970436,399.0,99.0,399.0,99.0,0
per_huruf,12,1314,0.9711751662971175,398.8761948111061,98.90623577605828,398.8761948111061,98.90623577605828,0
per_huruf,12,1315,0.9719142645971914,398.737369139736,98.78243058716431,398.737369139736,98.78243058716431,0
per_huruf,12,1316,0.9726533628972653,398.58625398270357,98.63404642694582,398.58625398270357,98.63404642694582,0
per_huruf,12,1317,0.9733924611973392,398.4255803368229,98.46654528903049,398.4255803368229,98.46654528903049,0
per_huruf,12,1318,0.9741315594974131,398.25807919890764,98.28538916704598,398.25807919890764,98.28538916704598,0
per_huruf,12,1319,0.974870657797487,398.0864815657715,98.09604005461993,398.0864815657715,98.09604005461993,0
per_huruf,12,1320,0.975609756097561,397.9135184342285,97.90395994538007,397.9135184342285,97.90395994538007,0
per_huruf,12,1321,0.9763488543976349,397.7419208010925,97.71461083295404,397.7419208010925,97.71461083295404,0
per_huruf,12,1322,0.9770879526977088,397.5744196631771,97.5334547109695,397.5744196631771,97.5334547109695,0
per_huruf,12,1323,0.9778270509977827,397.41374601729626,97.36595357305416,397.41374601729626,97.36595357305416,0
per_huruf,12,1324,0.9785661492978566,397.26263086026404,97.21756941283569,397.26263086026404,97.21756941283569,0
per_huruf,12,1325,0.9793052475979305,397.1238051888939,97.09376422394173,397.1238051888939,97.09376422394173,0
per_huruf,12,1326,0.9800443458980045,397.0,97.0,397.0,97.0,0
per_huruf,12,1327,0.9807834441980784,396.89030496131096,96.9399180700956,396.89030496131096,96.9399180700956,0
per_huruf,12,1328,0.9815225424981523,396.7910787437415,96.90987710514338,396.7910787437415,96.90987710514338,0
per_huruf,12,1329,0.9822616407982262,396.7009558488848,96.90441511151569,396.7009558488848,96.90441511151569,0
per_huruf,12,1330,0.9830007390983001,396.61857077833406,96.9180700955849,396.61857077833406,96.9180700955849,0
per_huruf,12,1331,0.983739837398374,396.5425580336823,96.94538006372328,396.5425580336823,96.94538006372328,0
per_huruf,12,1332,0.9844789356984479,396.47155211652256,96.98088302230315,396.47155211652256,96.98088302230315,0
per_huruf,12,1333,0.9852180339985218,396.40418752844784,97.01911697769687,396.40418752844784,97.01911697769687,0
per_huruf,12,1334,0.9859571322985957,396.3390987710514,97.05461993627675,396.3390987710514,97.05461993627675,0
per_huruf,12,1335,0.9866962305986696,396.27492034592626,97.0819299044151,396.27492034592626,97.0819299044151,0
per_huruf,12,1336,0.9874353288987435,396.2102867546654,97.09558488848428,396.2102867546654,97.09558488848428,0
per_huruf,12,1337,0.9881744271988174,396.1438324988621,97.09012289485662,396.1438324988621,97.09012289485662,0
per_huruf,12,1338,0.9889135254988913,396.07419208010924,97.06008192990441,396.07419208010924,97.06008192990441,0
per_huruf,12,1339,0.9896526237989652,396.0,97.0,396.0,97.0,0
per_huruf,12,1340,0.9903917220990391,395.9176149294493,96.90350477924443,395.9176149294493,96.90350477924443,0
per_huruf,12,1341,0.991130820399113,395.82612653618577,96.77241693218025,395.82612653618577,96.77241693218025,0
per_huruf,12,1342,0.991869918699187,395.72826581702316,96.61356395084205,395.72826581702316,96.61356395084205,0
per_huruf,12,1343,0.9926090169992609,395.6267637687756,96.43377332726445,395.6267637687756,96.43377332726445,0
per_huruf,12,1344,0.9933481152993349,395.5243513882568,96.23987255348204,395.5243513882568,96.23987255348204,0
per_huruf,12,1345,0.9940872135994088,395.4237596722804,96.03868912152937,395.4237596722804,96.03868912152937,0
per_huruf,12,1346,0.9948263118994827,395.3277196176605,95.83705052344106,395.3277196176605,95.83705052344106,0
per_huruf,12,1347,0.9955654101995566,395.2389622212108,95.64178425125172,395.2389622212108,95.64178425125172,0
per_huruf,12,1348,0.9963045084996305,395.16021847974514,95.4597177969959,395.16021847974514,95.4597177969959,0
per_huruf,12,1349,0.9970436067997044,395.09421939007734,95.29767865270823,395.09421939007734,95.29767865270823,0
per_huruf,12,1350,0.9977827050997783,395.0436959490214,95.16249431042331,395.0436959490214,95.16249431042331,0
per_huruf,12,1351,0.9985218033998522,395.011379153391,95.06099226217569,395.011379153391,95.06099226217569,0
per_huruf,12,1352,0.9992609016999261,395.0,95.0,395.0,95.0,0
per_huruf,12,1353,1.0,395.0,95.0,395.0,95.0,0
