label,huruf,point_index,t,bezier_xx_x,bezier_xx_y,xx_sc_x,xx_sc_y,is_sample_output_bezier_py
per_huruf,4,0,0.0,106.0,71.0,106.0,71.0,0
per_huruf,4,1,0.00018358729575913347,106.00000000000001,71.04415111515704,106.00000000000001,71.04415111515704,0
per_huruf,4,2,0.00036717459151826694,106.00000000000001,71.09877105143377,106.00000000000001,71.09877105143377,0
per_huruf,4,3,0.0005507618872774004,105.99999999999997,71.16249431042328,105.99999999999997,71.16249431042328,0
per_huruf,4,4,0.0007343491830365339,105.99999999999997,71.2339553937187,105.99999999999997,71.2339553937187,0
per_huruf,4,5,0.0009179364787956673,106.0,71.31178880291307,106.0,71.31178880291307,0
per_huruf,4,6,0.0011015237745548008,106.00000000000001,71.39462903959945,106.00000000000001,71.39462903959945,0
per_huruf,4,7,0.0012851110703139342,106.0,71.48111060537096,106.0,71.48111060537096,0
per_huruf,4,8,0.0014686983660730677,106.0,71.56986800182067,106.0,71.56986800182067,0
per_huruf,4,9,0.0016522856618322013,106.0,71.65953573054165,106.0,71.65953573054165,0
per_huruf,4,10,0.0018358729575913347,106.0,71.748748293127,106.0,71.748748293127,0
per_huruf,4,11,0.002019460253350468,106.0,71.83614019116979,106.0,71.83614019116979,0
per_huruf,4,12,0.0022030475491096016,106.0,71.92034592626308,106.0,71.92034592626308,0
per_huruf,4,13,0.002386634844868735,106.0,72.0,106.0,72.0,0
per_huruf,4,14,0.0025702221406278683,106.00273099681385,72.07965407373692,106.00273099681385,72.07965407373692,0
per_huruf,4,15,0.002753809436387002,106.01001365498408,72.16385980883022,106.01001365498408,72.16385980883022,0
per_huruf,4,16,0.0029373967321461355,106.02048247610375,72.251251706873,106.02048247610375,72.251251706873,0
per_huruf,4,17,0.003120984027905269,106.03277196176603,72.34046426945832,106.03277196176603,72.34046426945832,0
per_huruf,4,18,0.0033045713236644026,106.04551661356396,72.43013199817933,106.04551661356396,72.43013199817933,0
per_huruf,4,19,0.003488158619423536,106.05735093309059,72.51888939462903,106.05735093309059,72.51888939462903,0
per_huruf,4,20,0.0036717459151826694,106.06690942193899,72.60537096040053,106.06690942193899,72.60537096040053,0
per_huruf,4,21,0.003855333210941803,106.07282658170233,72.68821119708693,106.07282658170233,72.68821119708693,0
per_huruf,4,22,0.004038920506700936,106.07373691397359,72.7660446062813,106.07373691397359,72.7660446062813,0
per_huruf,4,23,0.00422250780246007,106.06827492034591,72.83750568957669,106.06827492034591,72.83750568957669,0
per_huruf,4,24,0.004406095098219203,106.05507510241239,72.90122894856623,106.05507510241239,72.90122894856623,0
per_huruf,4,25,0.004589682393978336,106.03277196176603,72.95584888484296,106.03277196176603,72.95584888484296,0
per_huruf,4,26,0.00477326968973747,106.0,73.0,106.0,73.0,0
per_huruf,4,27,0.0049568569854966035,105.95311788802914,73.03004096495222,105.95311788802914,73.03004096495222,0
per_huruf,4,28,0.005140444281255737,105.89121529358216,73.04506144742832,105.89121529358216,73.04506144742832,0
per_huruf,4,29,0.005324031577014871,105.81702321347291,73.04779244424213,105.81702321347291,73.04779244424213,0
per_huruf,4,30,0.005507618872774004,105.73327264451525,73.04096495220755,105.73327264451525,73.04096495220755,0
per_huruf,4,31,0.005691206168533138,105.642694583523,73.02730996813838,105.642694583523,73.02730996813838,0
per_huruf,4,32,0.005874793464292271,105.54802002730997,73.00955848884843,105.54802002730997,73.00955848884843,0
per_huruf,4,33,0.006058380760051404,105.45197997269003,72.99044151115157,105.45197997269003,72.99044151115157,0
per_huruf,4,34,0.006241968055810538,105.35730541647703,72.97269003186163,105.35730541647703,72.97269003186163,0
per_huruf,4,35,0.006425555351569671,105.26672735548476,72.95903504779244,105.26672735548476,72.95903504779244,0
per_huruf,4,36,0.006609142647328805,105.18297678652708,72.95220755575784,105.18297678652708,72.95220755575784,0
per_huruf,4,37,0.006792729943087938,105.10878470641785,72.95493855257169,105.10878470641785,72.95493855257169,0
per_huruf,4,38,0.006976317238847072,105.04688211197087,72.9699590350478,105.04688211197087,72.9699590350478,0
per_huruf,4,39,0.007159904534606206,105.0,73.0,105.0,73.0,0
per_huruf,4,40,0.007343491830365339,104.96722803823397,73.04415111515704,104.96722803823397,73.04415111515704,1
per_huruf,4,41,0.007527079126124472,104.94492489758763,73.09877105143379,104.94492489758763,73.09877105143379,0
per_huruf,4,42,0.007710666421883606,104.93172507965406,73.1624943104233,104.93172507965406,73.1624943104233,0
per_huruf,4,43,0.007894253717642739,104.9262630860264,73.2339553937187,104.9262630860264,73.2339553937187,0
per_huruf,4,44,0.008077841013401872,104.92717341829768,73.31178880291307,104.92717341829768,73.31178880291307,0
per_huruf,4,45,0.008261428309161005,104.93309057806098,73.39462903959945,104.93309057806098,73.39462903959945,0
per_huruf,4,46,0.00844501560492014,104.94264906690942,73.48111060537097,104.94264906690942,73.48111060537097,0
per_huruf,4,47,0.008628602900679273,104.95448338643604,73.56986800182067,104.95448338643604,73.56986800182067,0
per_huruf,4,48,0.008812190196438406,104.96722803823394,73.65953573054165,104.96722803823394,73.65953573054165,0
per_huruf,4,49,0.00899577749219754,104.97951752389622,73.748748293127,104.97951752389622,73.748748293127,0
per_huruf,4,50,0.009179364787956673,104.98998634501592,73.83614019116978,104.98998634501592,73.83614019116978,0
per_huruf,4,51,0.009362952083715808,104.99726900318616,73.92034592626308,104.99726900318616,73.92034592626308,0
per_huruf,4,52,0.00954653937947494,105.0,74.0,105.0,74.0,0
per_huruf,4,53,0.009730126675234074,105.00273099681385,74.07692307692308,105.00273099681385,74.07692307692308,0
per_huruf,4,54,0.009913713970993207,105.01001365498408,74.15384615384615,105.01001365498408,74.15384615384615,0
per_huruf,4,55,0.01009730126675234,105.02048247610375,74.23076923076923,105.02048247610375,74.23076923076923,0
per_huruf,4,56,0.010280888562511473,105.03277196176604,74.30769230769229,105.03277196176604,74.30769230769229,0
per_huruf,4,57,0.010464475858270608,105.04551661356396,74.3846153846154,105.04551661356396,74.3846153846154,0
per_huruf,4,58,0.010648063154029741,105.05735093309059,74.46153846153847,105.05735093309059,74.46153846153847,0
per_huruf,4,59,0.010831650449788875,105.066909421939,74.53846153846153,105.066909421939,74.53846153846153,0
per_huruf,4,60,0.011015237745548008,105.07282658170232,74.61538461538461,105.07282658170232,74.61538461538461,0
per_huruf,4,61,0.01119882504130714,105.07373691397359,74.6923076923077,105.07373691397359,74.6923076923077,1
per_huruf,4,62,0.011382412337066276,105.06827492034591,74.76923076923077,105.06827492034591,74.76923076923077,0
per_huruf,4,63,0.011565999632825409,105.05507510241239,74.84615384615384,105.05507510241239,74.84615384615384,0
per_huruf,4,64,0.011749586928584542,105.03277196176604,74.92307692307692,105.03277196176604,74.92307692307692,0
per_huruf,4,65,0.011933174224343675,105.0,75.0,105.0,75.0,0
per_huruf,4,66,0.012116761520102808,104.955848884843,75.07692307692308,104.955848884843,75.07692307692308,0
per_huruf,4,67,0.012300348815861943,104.90122894856624,75.15384615384616,104.90122894856624,75.15384615384616,0
per_huruf,4,68,0.012483936111621076,104.83750568957667,75.23076923076923,104.83750568957667,75.23076923076923,0
per_huruf,4,69,0.01266752340738021,104.76604460628128,75.3076923076923,104.76604460628128,75.3076923076923,0
per_huruf,4,70,0.012851110703139343,104.68821119708693,75.3846153846154,104.68821119708693,75.3846153846154,0
per_huruf,4,71,0.013034697998898476,104.60537096040055,75.46153846153847,104.60537096040055,75.46153846153847,0
per_huruf,4,72,0.01321828529465761,104.51888939462904,75.53846153846153,104.51888939462904,75.53846153846153,0
per_huruf,4,73,0.013401872590416744,104.43013199817935,75.61538461538461,104.43013199817935,75.61538461538461,0
per_huruf,4,74,0.013585459886175877,104.34046426945834,75.6923076923077,104.34046426945834,75.6923076923077,0
per_huruf,4,75,0.01376904718193501,104.251251706873,75.76923076923077,104.251251706873,75.76923076923077,0
per_huruf,4,76,0.013952634477694143,104.16385980883022,75.84615384615384,104.16385980883022,75.84615384615384,0
per_huruf,4,77,0.014136221773453276,104.0796540737369,75.92307692307692,104.0796540737369,75.92307692307692,0
per_huruf,4,78,0.014319809069212411,104.0,76.0,104.0,76.0,0
per_huruf,4,79,0.014503396364971544,103.9203459262631,76.0769230769231,103.9203459262631,76.0769230769231,0
per_huruf,4,80,0.014686983660730677,103.8361401911698,76.15384615384616,103.8361401911698,76.15384615384616,0
per_huruf,4,81,0.01487057095648981,103.74874829312698,76.23076923076921,103.74874829312698,76.23076923076921,1
per_huruf,4,82,0.015054158252248944,103.65953573054163,76.30769230769229,103.65953573054163,76.30769230769229,0
per_huruf,4,83,0.015237745548008079,103.56986800182067,76.3846153846154,103.56986800182067,76.3846153846154,0
per_huruf,4,84,0.015421332843767212,103.48111060537096,76.46153846153847,103.48111060537096,76.46153846153847,0
per_huruf,4,85,0.015604920139526345,103.39462903959944,76.53846153846155,103.39462903959944,76.53846153846155,0
per_huruf,4,86,0.015788507435285478,103.31178880291307,76.61538461538461,103.31178880291307,76.61538461538461,0
per_huruf,4,87,0.015972094731044613,103.2339553937187,76.6923076923077,103.2339553937187,76.6923076923077,0
per_huruf,4,88,0.016155682026803744,103.1624943104233,76.76923076923077,103.1624943104233,76.76923076923077,0
per_huruf,4,89,0.01633926932256288,103.09877105143379,76.84615384615384,103.09877105143379,76.84615384615384,0
per_huruf,4,90,0.01652285661832201,103.04415111515704,76.92307692307692,103.04415111515704,76.92307692307692,0
per_huruf,4,91,0.016706443914081145,103.0,77.0,103.0,77.0,1
per_huruf,4,92,0.01689003120984028,102.96722803823397,77.07692307692308,102.96722803823397,77.07692307692308,0
per_huruf,4,93,0.017073618505599412,102.94492489758763,77.15384615384616,102.94492489758763,77.15384615384616,0
per_huruf,4,94,0.017257205801358547,102.93172507965404,77.23076923076923,102.93172507965404,77.23076923076923,0
per_huruf,4,95,0.017440793097117678,102.92626308602638,77.30769230769229,102.92626308602638,77.30769230769229,0
per_huruf,4,96,0.017624380392876813,102.92717341829768,77.3846153846154,102.92717341829768,77.3846153846154,0
per_huruf,4,97,0.017807967688635948,102.93309057806098,77.46153846153847,102.93309057806098,77.46153846153847,0
per_huruf,4,98,0.01799155498439508,102.94264906690941,77.53846153846155,102.94264906690941,77.53846153846155,0
per_huruf,4,99,0.018175142280154214,102.95448338643607,77.61538461538461,102.95448338643607,77.61538461538461,0
per_huruf,4,100,0.018358729575913346,102.96722803823394,77.6923076923077,102.96722803823394,77.6923076923077,0
per_huruf,4,101,0.01854231687167248,102.97951752389622,77.76923076923077,102.97951752389622,77.76923076923077,0
per_huruf,4,102,0.018725904167431615,102.98998634501594,77.84615384615385,102.98998634501594,77.84615384615385,0
per_huruf,4,103,0.018909491463190747,102.99726900318616,77.92307692307692,102.99726900318616,77.92307692307692,0
per_huruf,4,104,0.01909307875894988,103.0,78.0,103.0,78.0,0
per_huruf,4,105,0.019276666054709013,103.00000000000001,78.0769230769231,103.00000000000001,78.0769230769231,0
per_huruf,4,106,0.019460253350468148,103.00000000000001,78.15384615384615,103.00000000000001,78.15384615384615,0
per_huruf,4,107,0.019643840646227283,102.99999999999999,78.23076923076921,102.99999999999999,78.23076923076921,0
per_huruf,4,108,0.019827427941986414,103.0,78.3076923076923,103.0,78.3076923076923,0
per_huruf,4,109,0.02001101523774555,103.00000000000001,78.3846153846154,103.00000000000001,78.3846153846154,0
per_huruf,4,110,0.02019460253350468,103.0,78.46153846153847,103.0,78.46153846153847,0
per_huruf,4,111,0.020378189829263815,103.0,78.53846153846153,103.0,78.53846153846153,0
per_huruf,4,112,0.020561777125022947,103.0,78.61538461538461,103.0,78.61538461538461,0
per_huruf,4,113,0.02074536442078208,103.0,78.6923076923077,103.0,78.6923076923077,0
per_huruf,4,114,0.020928951716541216,103.0,78.76923076923077,103.0,78.76923076923077,0
per_huruf,4,115,0.021112539012300348,103.0,78.84615384615384,103.0,78.84615384615384,0
per_huruf,4,116,0.021296126308059483,103.0,78.92307692307692,103.0,78.92307692307692,0
per_huruf,4,117,0.021479713603818614,103.0,79.0,103.0,79.0,0
per_huruf,4,118,0.02166330089957775,103.00273099681385,79.07692307692308,103.00273099681385,79.07692307692308,0
per_huruf,4,119,0.021846888195336884,103.01001365498409,79.15384615384617,103.01001365498409,79.15384615384617,0
per_huruf,4,120,0.022030475491096015,103.02048247610375,79.23076923076921,103.02048247610375,79.23076923076921,0
per_huruf,4,121,0.02221406278685515,103.03277196176604,79.3076923076923,103.03277196176604,79.3076923076923,0
per_huruf,4,122,0.02239765008261428,103.04551661356396,79.3846153846154,103.04551661356396,79.3846153846154,1
per_huruf,4,123,0.022581237378373416,103.05735093309059,79.46153846153847,103.05735093309059,79.46153846153847,0
per_huruf,4,124,0.02276482467413255,103.06690942193902,79.53846153846155,103.06690942193902,79.53846153846155,0
per_huruf,4,125,0.022948411969891683,103.07282658170234,79.61538461538463,103.07282658170234,79.61538461538463,0
per_huruf,4,126,0.023131999265650818,103.07373691397359,79.69230769230768,103.07373691397359,79.69230769230768,0
per_huruf,4,127,0.02331558656140995,103.06827492034591,79.76923076923077,103.06827492034591,79.76923076923077,0
per_huruf,4,128,0.023499173857169084,103.05507510241239,79.84615384615384,103.05507510241239,79.84615384615384,0
per_huruf,4,129,0.02368276115292822,103.03277196176604,79.92307692307692,103.03277196176604,79.92307692307692,0
per_huruf,4,130,0.02386634844868735,103.0,80.0,103.0,80.0,0
per_huruf,4,131,0.024049935744446485,102.955848884843,80.07692307692308,102.955848884843,80.07692307692308,0
per_huruf,4,132,0.024233523040205616,102.90122894856623,80.15384615384616,102.90122894856623,80.15384615384616,0
per_huruf,4,133,0.02441711033596475,102.83750568957667,80.23076923076921,102.83750568957667,80.23076923076921,0
per_huruf,4,134,0.024600697631723886,102.76604460628127,80.30769230769229,102.76604460628127,80.30769230769229,0
per_huruf,4,135,0.024784284927483018,102.68821119708693,80.3846153846154,102.68821119708693,80.3846153846154,0
per_huruf,4,136,0.024967872223242153,102.60537096040053,80.46153846153848,102.60537096040053,80.46153846153848,0
per_huruf,4,137,0.025151459519001284,102.51888939462903,80.53846153846153,102.51888939462903,80.53846153846153,0
per_huruf,4,138,0.02533504681476042,102.43013199817933,80.61538461538463,102.43013199817933,80.61538461538463,0
per_huruf,4,139,0.025518634110519554,102.34046426945835,80.6923076923077,102.34046426945835,80.6923076923077,0
per_huruf,4,140,0.025702221406278685,102.251251706873,80.76923076923076,102.251251706873,80.76923076923076,0
per_huruf,4,141,0.02588580870203782,102.16385980883022,80.84615384615385,102.16385980883022,80.84615384615385,0
per_huruf,4,142,0.02606939599779695,102.0796540737369,80.92307692307692,102.0796540737369,80.92307692307692,0
per_huruf,4,143,0.026252983293556086,102.0,81.0,102.0,81.0,0
per_huruf,4,144,0.02643657058931522,101.92034592626308,81.0769230769231,101.92034592626308,81.0769230769231,0
per_huruf,4,145,0.026620157885074353,101.83614019116978,81.15384615384616,101.83614019116978,81.15384615384616,0
per_huruf,4,146,0.026803745180833487,101.74874829312698,81.23076923076923,101.74874829312698,81.23076923076923,0
per_huruf,4,147,0.02698733247659262,101.65953573054165,81.30769230769229,101.65953573054165,81.30769230769229,0
per_huruf,4,148,0.027170919772351754,101.56986800182068,81.38461538461539,101.56986800182068,81.38461538461539,0
per_huruf,4,149,0.027354507068110885,101.48111060537097,81.46153846153847,101.48111060537097,81.46153846153847,0
per_huruf,4,150,0.02753809436387002,101.39462903959947,81.53846153846153,101.39462903959947,81.53846153846153,0
per_huruf,4,151,0.027721681659629155,101.31178880291306,81.61538461538461,101.31178880291306,81.61538461538461,0
per_huruf,4,152,0.027905268955388286,101.2339553937187,81.6923076923077,101.2339553937187,81.6923076923077,0
per_huruf,4,153,0.02808885625114742,101.1624943104233,81.76923076923076,101.1624943104233,81.76923076923076,0
per_huruf,4,154,0.028272443546906553,101.09877105143377,81.84615384615385,101.09877105143377,81.84615384615385,0
per_huruf,4,155,0.028456030842665687,101.04415111515704,81.92307692307692,101.04415111515704,81.92307692307692,0
per_huruf,4,156,0.028639618138424822,101.0,82.0,101.0,82.0,0
per_huruf,4,157,0.028823205434183954,100.96722803823396,82.0769230769231,100.96722803823396,82.0769230769231,0
per_huruf,4,158,0.02900679272994309,100.94492489758763,82.15384615384615,100.94492489758763,82.15384615384615,0
per_huruf,4,159,0.02919038002570222,100.93172507965406,82.23076923076923,100.93172507965406,82.23076923076923,0
per_huruf,4,160,0.029373967321461355,100.9262630860264,82.30769230769229,100.9262630860264,82.30769230769229,0
per_huruf,4,161,0.02955755461722049,100.92717341829768,82.3846153846154,100.92717341829768,82.3846153846154,0
per_huruf,4,162,0.02974114191297962,100.933090578061,82.46153846153847,100.933090578061,82.46153846153847,0
per_huruf,4,163,0.029924729208738756,100.94264906690941,82.53846153846155,100.94264906690941,82.53846153846155,0
per_huruf,4,164,0.030108316504497887,100.95448338643605,82.61538461538461,100.95448338643605,82.61538461538461,0
per_huruf,4,165,0.030291903800257022,100.96722803823396,82.6923076923077,100.96722803823396,82.6923076923077,0
per_huruf,4,166,0.030475491096016157,100.97951752389622,82.76923076923076,100.97951752389622,82.76923076923076,0
per_huruf,4,167,0.03065907839177529,100.98998634501594,82.84615384615384,100.98998634501594,82.84615384615384,0
per_huruf,4,168,0.030842665687534424,100.99726900318616,82.92307692307692,100.99726900318616,82.92307692307692,0
per_huruf,4,169,0.031026252983293555,101.0,83.0,101.0,83.0,0
per_huruf,4,170,0.03120984027905269,101.0,83.0769230769231,101.0,83.0769230769231,0
per_huruf,4,171,0.031393427574811825,101.0,83.15384615384615,101.0,83.15384615384615,0
per_huruf,4,172,0.031577014870570956,100.99999999999999,83.23076923076921,100.99999999999999,83.23076923076921,0
per_huruf,4,173,0.03176060216633009,101.0,83.3076923076923,101.0,83.3076923076923,0
per_huruf,4,174,0.031944189462089226,101.00000000000001,83.3846153846154,101.00000000000001,83.3846153846154,0
per_huruf,4,175,0.03212777675784836,101.00000000000001,83.46153846153847,101.00000000000001,83.46153846153847,0
per_huruf,4,176,0.03231136405360749,101.0,83.53846153846155,101.0,83.53846153846155,0
per_huruf,4,177,0.03249495134936663,100.99999999999999,83.61538461538461,100.99999999999999,83.61538461538461,0
per_huruf,4,178,0.03267853864512576,101.0,83.6923076923077,101.0,83.6923076923077,0
per_huruf,4,179,0.03286212594088489,101.0,83.76923076923076,101.0,83.76923076923076,0
per_huruf,4,180,0.03304571323664402,101.0,83.84615384615384,101.0,83.84615384615384,1
per_huruf,4,181,0.03322930053240316,101.0,83.92307692307692,101.0,83.92307692307692,0
per_huruf,4,182,0.03341288782816229,101.0,84.0,101.0,84.0,0
per_huruf,4,183,0.03359647512392142,101.0,84.07692307692308,101.0,84.07692307692308,0
per_huruf,4,184,0.03378006241968056,101.0,84.15384615384616,101.0,84.15384615384616,0
per_huruf,4,185,0.03396364971543969,100.99999999999999,84.23076923076921,100.99999999999999,84.23076923076921,0
per_huruf,4,186,0.034147237011198824,101.0,84.3076923076923,101.0,84.3076923076923,0
per_huruf,4,187,0.03433082430695796,101.00000000000001,84.3846153846154,101.00000000000001,84.3846153846154,0
per_huruf,4,188,0.03451441160271709,101.00000000000001,84.46153846153847,101.00000000000001,84.46153846153847,0
per_huruf,4,189,0.034697998898476225,101.0,84.53846153846153,101.0,84.53846153846153,0
per_huruf,4,190,0.034881586194235356,100.99999999999999,84.61538461538461,100.99999999999999,84.61538461538461,0
per_huruf,4,191,0.035065173489994494,101.0,84.69230769230768,101.0,84.69230769230768,0
per_huruf,4,192,0.035248760785753626,101.0,84.76923076923076,101.0,84.76923076923076,0
per_huruf,4,193,0.03543234808151276,101.0,84.84615384615385,101.0,84.84615384615385,0
per_huruf,4,194,0.035615935377271896,101.0,84.92307692307692,101.0,84.92307692307692,0
per_huruf,4,195,0.03579952267303103,101.0,85.0,101.0,85.0,0
per_huruf,4,196,0.03598310996879016,101.0,85.07692307692308,101.0,85.07692307692308,0
per_huruf,4,197,0.03616669726454929,101.0,85.15384615384615,101.0,85.15384615384615,0
per_huruf,4,198,0.03635028456030843,100.99999999999999,85.23076923076921,100.99999999999999,85.23076923076921,0
per_huruf,4,199,0.03653387185606756,101.0,85.30769230769229,101.0,85.30769230769229,0
per_huruf,4,200,0.03671745915182669,101.00000000000001,85.38461538461539,101.00000000000001,85.38461538461539,0
per_huruf,4,201,0.03690104644758583,101.00000000000001,85.46153846153845,101.00000000000001,85.46153846153845,0
per_huruf,4,202,0.03708463374334496,101.0,85.53846153846153,101.0,85.53846153846153,0
per_huruf,4,203,0.03726822103910409,100.99999999999999,85.61538461538461,100.99999999999999,85.61538461538461,0
per_huruf,4,204,0.03745180833486323,101.0,85.6923076923077,101.0,85.6923076923077,0
per_huruf,4,205,0.03763539563062236,101.0,85.76923076923076,101.0,85.76923076923076,0
per_huruf,4,206,0.03781898292638149,101.0,85.84615384615385,101.0,85.84615384615385,0
per_huruf,4,207,0.038002570222140625,101.0,85.92307692307692,101.0,85.92307692307692,0
per_huruf,4,208,0.03818615751789976,101.0,86.0,101.0,86.0,0
per_huruf,4,209,0.038369744813658895,101.00273099681384,86.07692307692308,101.00273099681384,86.07692307692308,0
per_huruf,4,210,0.038553332109418026,101.01001365498406,86.15384615384615,101.01001365498406,86.15384615384615,0
per_huruf,4,211,0.038736919405177164,101.02048247610377,86.23076923076921,101.02048247610377,86.23076923076921,0
per_huruf,4,212,0.038920506700936296,101.03277196176604,86.30769230769229,101.03277196176604,86.30769230769229,0
per_huruf,4,213,0.03910409399669543,101.04551661356396,86.3846153846154,101.04551661356396,86.3846153846154,0
per_huruf,4,214,0.039287681292454565,101.05735093309059,86.46153846153845,101.05735093309059,86.46153846153845,0
per_huruf,4,215,0.0394712685882137,101.06690942193902,86.53846153846155,101.06690942193902,86.53846153846155,0
per_huruf,4,216,0.03965485588397283,101.07282658170232,86.61538461538461,101.07282658170232,86.61538461538461,0
per_huruf,4,217,0.03983844317973196,101.0737369139736,86.69230769230768,101.0737369139736,86.69230769230768,0
per_huruf,4,218,0.0400220304754911,101.06827492034591,86.76923076923076,101.06827492034591,86.76923076923076,0
per_huruf,4,219,0.04020561777125023,101.05507510241239,86.84615384615385,101.05507510241239,86.84615384615385,0
per_huruf,4,220,0.04038920506700936,101.03277196176604,86.92307692307693,101.03277196176604,86.92307692307693,0
per_huruf,4,221,0.0405727923627685,101.0,87.0,101.0,87.0,0
per_huruf,4,222,0.04075637965852763,100.95311788802914,87.07692307692308,100.95311788802914,87.07692307692308,0
per_huruf,4,223,0.04093996695428676,100.89121529358216,87.15384615384616,100.89121529358216,87.15384615384616,0
per_huruf,4,224,0.04112355425004589,100.81702321347291,87.23076923076921,100.81702321347291,87.23076923076921,0
per_huruf,4,225,0.04130714154580503,100.73327264451524,87.3076923076923,100.73327264451524,87.3076923076923,0
per_huruf,4,226,0.04149072884156416,100.642694583523,87.38461538461539,100.642694583523,87.38461538461539,0
per_huruf,4,227,0.041674316137323295,100.54802002730997,87.46153846153845,100.54802002730997,87.46153846153845,0
per_huruf,4,228,0.04185790343308243,100.45197997269004,87.53846153846153,100.45197997269004,87.53846153846153,0
per_huruf,4,229,0.042041490728841564,100.35730541647702,87.61538461538461,100.35730541647702,87.61538461538461,0
per_huruf,4,230,0.042225078024600696,100.26672735548476,87.6923076923077,100.26672735548476,87.6923076923077,0
per_huruf,4,231,0.042408665320359834,100.18297678652706,87.76923076923077,100.18297678652706,87.76923076923077,0
per_huruf,4,232,0.042592252616118965,100.10878470641785,87.84615384615384,100.10878470641785,87.84615384615384,0
per_huruf,4,233,0.0427758399118781,100.04688211197086,87.92307692307692,100.04688211197086,87.92307692307692,0
per_huruf,4,234,0.04295942720763723,100.0,88.0,100.0,88.0,0
per_huruf,4,235,0.04314301450339637,99.96722803823397,88.0769230769231,99.96722803823397,88.0769230769231,0
per_huruf,4,236,0.0433266017991555,99.94492489758763,88.15384615384617,99.94492489758763,88.15384615384617,0
per_huruf,4,237,0.04351018909491463,99.93172507965407,88.23076923076921,99.93172507965407,88.23076923076921,0
per_huruf,4,238,0.04369377639067377,99.9262630860264,88.3076923076923,99.9262630860264,88.3076923076923,0
per_huruf,4,239,0.0438773636864329,99.92717341829768,88.3846153846154,99.92717341829768,88.3846153846154,0
per_huruf,4,240,0.04406095098219203,99.93309057806101,88.46153846153847,99.93309057806101,88.46153846153847,0
per_huruf,4,241,0.04424453827795117,99.94264906690942,88.53846153846153,99.94264906690942,88.53846153846153,0
per_huruf,4,242,0.0444281255737103,99.95448338643605,88.61538461538461,99.95448338643605,88.61538461538461,0
per_huruf,4,243,0.04461171286946943,99.96722803823394,88.6923076923077,99.96722803823394,88.6923076923077,0
per_huruf,4,244,0.04479530016522856,99.97951752389622,88.76923076923076,99.97951752389622,88.76923076923076,0
per_huruf,4,245,0.0449788874609877,99.98998634501594,88.84615384615384,99.98998634501594,88.84615384615384,0
per_huruf,4,246,0.04516247475674683,99.99726900318615,88.92307692307692,99.99726900318615,88.92307692307692,0
per_huruf,4,247,0.045346062052505964,100.0,89.0,100.0,89.0,0
per_huruf,4,248,0.0455296493482651,100.0,89.0769230769231,100.0,89.0769230769231,0
per_huruf,4,249,0.045713236644024234,100.00000000000001,89.15384615384616,100.00000000000001,89.15384615384616,0
per_huruf,4,250,0.045896823939783365,99.99999999999999,89.23076923076923,99.99999999999999,89.23076923076923,0
per_huruf,4,251,0.046080411235542504,99.99999999999999,89.30769230769229,99.99999999999999,89.30769230769229,0
per_huruf,4,252,0.046263998531301635,100.00000000000001,89.38461538461539,100.00000000000001,89.38461538461539,0
per_huruf,4,253,0.04644758582706077,100.00000000000001,89.46153846153845,100.00000000000001,89.46153846153845,0
per_huruf,4,254,0.0466311731228199,100.0,89.53846153846155,100.0,89.53846153846155,0
per_huruf,4,255,0.046814760418579036,100.0,89.61538461538461,100.0,89.61538461538461,0
per_huruf,4,256,0.04699834771433817,100.0,89.69230769230768,100.0,89.69230769230768,0
per_huruf,4,257,0.0471819350100973,100.0,89.76923076923077,100.0,89.76923076923077,0
per_huruf,4,258,0.04736552230585644,100.0,89.84615384615384,100.0,89.84615384615384,0
per_huruf,4,259,0.04754910960161557,100.0,89.92307692307692,100.0,89.92307692307692,0
per_huruf,4,260,0.0477326968973747,100.0,90.0,100.0,90.0,0
per_huruf,4,261,0.04791628419313383,100.0,90.0769230769231,100.0,90.0769230769231,0
per_huruf,4,262,0.04809987148889297,100.00000000000001,90.15384615384616,100.00000000000001,90.15384615384616,0
per_huruf,4,263,0.0482834587846521,99.99999999999999,90.23076923076923,99.99999999999999,90.23076923076923,0
per_huruf,4,264,0.04846704608041123,99.99999999999999,90.30769230769229,99.99999999999999,90.30769230769229,0
per_huruf,4,265,0.04865063337617037,100.00000000000001,90.38461538461539,100.00000000000001,90.38461538461539,0
per_huruf,4,266,0.0488342206719295,100.00000000000001,90.46153846153847,100.00000000000001,90.46153846153847,0
per_huruf,4,267,0.049017807967688634,100.0,90.53846153846153,100.0,90.53846153846153,0
per_huruf,4,268,0.04920139526344777,100.0,90.61538461538461,100.0,90.61538461538461,0
per_huruf,4,269,0.049384982559206904,100.0,90.6923076923077,100.0,90.6923076923077,0
per_huruf,4,270,0.049568569854966035,100.0,90.76923076923076,100.0,90.76923076923076,0
per_huruf,4,271,0.04975215715072517,100.0,90.84615384615384,100.0,90.84615384615384,0
per_huruf,4,272,0.049935744446484305,100.0,90.92307692307692,100.0,90.92307692307692,0
per_huruf,4,273,0.050119331742243436,100.0,91.0,100.0,91.0,0
per_huruf,4,274,0.05030291903800257,99.99726900318616,91.07692307692308,99.99726900318616,91.07692307692308,0
per_huruf,4,275,0.050486506333761706,99.98998634501594,91.15384615384615,99.98998634501594,91.15384615384615,0
per_huruf,4,276,0.05067009362952084,99.9795175238962,91.23076923076921,99.9795175238962,91.23076923076921,0
per_huruf,4,277,0.05085368092527997,99.96722803823394,91.30769230769229,99.96722803823394,91.30769230769229,0
per_huruf,4,278,0.05103726822103911,99.95448338643607,91.3846153846154,99.95448338643607,91.3846153846154,0
per_huruf,4,279,0.05122085551679824,99.94264906690944,91.46153846153845,99.94264906690944,91.46153846153845,0
per_huruf,4,280,0.05140444281255737,99.933090578061,91.53846153846153,99.933090578061,91.53846153846153,0
per_huruf,4,281,0.0515880301083165,99.92717341829767,91.61538461538463,99.92717341829767,91.61538461538463,0
per_huruf,4,282,0.05177161740407564,99.92626308602638,91.69230769230768,99.92626308602638,91.69230769230768,0
per_huruf,4,283,0.05195520469983477,99.93172507965406,91.76923076923076,99.93172507965406,91.76923076923076,0
per_huruf,4,284,0.0521387919955939,99.94492489758761,91.84615384615384,99.94492489758761,91.84615384615384,0
per_huruf,4,285,0.05232237929135304,99.96722803823394,91.92307692307692,99.96722803823394,91.92307692307692,0
per_huruf,4,286,0.05250596658711217,100.0,92.0,100.0,92.0,0
per_huruf,4,287,0.052689553882871304,100.04415111515705,92.0769230769231,100.04415111515705,92.0769230769231,0
per_huruf,4,288,0.05287314117863044,100.09877105143379,92.15384615384615,100.09877105143379,92.15384615384615,0
per_huruf,4,289,0.053056728474389574,100.1624943104233,92.23076923076921,100.1624943104233,92.23076923076921,0
per_huruf,4,290,0.053240315770148705,100.2339553937187,92.3076923076923,100.2339553937187,92.3076923076923,0
per_huruf,4,291,0.053423903065907836,100.31178880291307,92.3846153846154,100.31178880291307,92.3846153846154,0
per_huruf,4,292,0.053607490361666975,100.39462903959948,92.46153846153847,100.39462903959948,92.46153846153847,0
per_huruf,4,293,0.053791077657426106,100.48111060537096,92.53846153846155,100.48111060537096,92.53846153846155,0
per_huruf,4,294,0.05397466495318524,100.56986800182067,92.61538461538463,100.56986800182067,92.61538461538463,0
per_huruf,4,295,0.054158252248944376,100.65953573054165,92.69230769230768,100.65953573054165,92.69230769230768,0
per_huruf,4,296,0.05434183954470351,100.748748293127,92.76923076923076,100.748748293127,92.76923076923076,0
per_huruf,4,297,0.05452542684046264,100.83614019116979,92.84615384615384,100.83614019116979,92.84615384615384,0
per_huruf,4,298,0.05470901413622177,100.92034592626308,92.92307692307692,100.92034592626308,92.92307692307692,0
per_huruf,4,299,0.05489260143198091,101.0,93.0,101.0,93.0,0
per_huruf,4,300,0.05507618872774004,101.07965407373693,93.07692307692308,101.07965407373693,93.07692307692308,0
per_huruf,4,301,0.05525977602349917,101.16385980883024,93.15384615384616,101.16385980883024,93.15384615384616,0
per_huruf,4,302,0.05544336331925831,101.25125170687299,93.23076923076921,101.25125170687299,93.23076923076921,0
per_huruf,4,303,0.05562695061501744,101.34046426945834,93.30769230769229,101.34046426945834,93.30769230769229,0
per_huruf,4,304,0.05581053791077657,101.43013199817935,93.3846153846154,101.43013199817935,93.3846153846154,0
per_huruf,4,305,0.05599412520653571,101.51888939462904,93.46153846153847,101.51888939462904,93.46153846153847,0
per_huruf,4,306,0.05617771250229484,101.60537096040053,93.53846153846153,101.60537096040053,93.53846153846153,0
per_huruf,4,307,0.056361299798053974,101.68821119708693,93.61538461538463,101.68821119708693,93.61538461538463,0
per_huruf,4,308,0.056544887093813105,101.76604460628128,93.6923076923077,101.76604460628128,93.6923076923077,0
per_huruf,4,309,0.056728474389572243,101.83750568957669,93.76923076923076,101.83750568957669,93.76923076923076,0
per_huruf,4,310,0.056912061685331375,101.90122894856623,93.84615384615384,101.90122894856623,93.84615384615384,0
per_huruf,4,311,0.057095648981090506,101.95584888484296,93.92307692307692,101.95584888484296,93.92307692307692,0
per_huruf,4,312,0.057279236276849645,102.0,94.0,102.0,94.0,0
per_huruf,4,313,0.057462823572608776,102.03004096495222,94.07692307692308,102.03004096495222,94.07692307692308,0
per_huruf,4,314,0.05764641086836791,102.04506144742831,94.15384615384615,102.04506144742831,94.15384615384615,0
per_huruf,4,315,0.057829998164127046,102.04779244424212,94.23076923076923,102.04779244424212,94.23076923076923,0
per_huruf,4,316,0.05801358545988618,102.04096495220755,94.30769230769229,102.04096495220755,94.30769230769229,0
per_huruf,4,317,0.05819717275564531,102.02730996813838,94.38461538461539,102.02730996813838,94.38461538461539,0
per_huruf,4,318,0.05838076005140444,102.00955848884846,94.46153846153847,102.00955848884846,94.46153846153847,0
per_huruf,4,319,0.05856434734716358,101.99044151115156,94.53846153846153,101.99044151115156,94.53846153846153,0
per_huruf,4,320,0.05874793464292271,101.97269003186163,94.61538461538461,101.97269003186163,94.61538461538461,0
per_huruf,4,321,0.05893152193868184,101.95903504779244,94.6923076923077,101.95903504779244,94.6923076923077,0
per_huruf,4,322,0.05911510923444098,101.95220755575784,94.76923076923076,101.95220755575784,94.76923076923076,0
per_huruf,4,323,0.05929869653020011,101.95493855257169,94.84615384615385,101.95493855257169,94.84615384615385,0
per_huruf,4,324,0.05948228382595924,101.9699590350478,94.92307692307692,101.9699590350478,94.92307692307692,0
per_huruf,4,325,0.059665871121718374,102.0,95.0,102.0,95.0,0
per_huruf,4,326,0.05984945841747751,102.04415111515705,95.07965407373693,102.04415111515705,95.07965407373693,0
per_huruf,4,327,0.060033045713236644,102.09877105143377,95.16385980883022,102.09877105143377,95.16385980883022,0
per_huruf,4,328,0.060216633008995775,102.16249431042328,95.25125170687299,102.16249431042328,95.25125170687299,0
per_huruf,4,329,0.06040022030475491,102.2339553937187,95.34046426945834,102.2339553937187,95.34046426945834,0
per_huruf,4,330,0.060583807600514045,102.31178880291307,95.43013199817935,102.31178880291307,95.43013199817935,0
per_huruf,4,331,0.060767394896273176,102.39462903959947,95.51888939462904,102.39462903959947,95.51888939462904,0
per_huruf,4,332,0.060950982192032314,102.48111060537096,95.60537096040053,102.48111060537096,95.60537096040053,0
per_huruf,4,333,0.061134569487791446,102.56986800182068,95.68821119708694,102.56986800182068,95.68821119708694,0
per_huruf,4,334,0.06131815678355058,102.65953573054165,95.76604460628128,102.65953573054165,95.76604460628128,0
per_huruf,4,335,0.06150174407930971,102.74874829312698,95.83750568957669,102.74874829312698,95.83750568957669,0
per_huruf,4,336,0.06168533137506885,102.83614019116979,95.90122894856623,102.83614019116979,95.90122894856623,0
per_huruf,4,337,0.06186891867082798,102.92034592626308,95.95584888484296,102.92034592626308,95.95584888484296,0
per_huruf,4,338,0.06205250596658711,103.0,96.0,103.0,96.0,0
per_huruf,4,339,0.06223609326234625,103.0769230769231,96.03004096495222,103.0769230769231,96.03004096495222,0
per_huruf,4,340,0.06241968055810538,103.15384615384616,96.04506144742831,103.15384615384616,96.04506144742831,0
per_huruf,4,341,0.06260326785386451,103.23076923076921,96.04779244424212,103.23076923076921,96.04779244424212,0
per_huruf,4,342,0.06278685514962365,103.30769230769229,96.04096495220755,103.30769230769229,96.04096495220755,0
per_huruf,4,343,0.06297044244538277,103.3846153846154,96.02730996813838,103.3846153846154,96.02730996813838,0
per_huruf,4,344,0.06315402974114191,103.46153846153847,96.00955848884843,103.46153846153847,96.00955848884843,0
per_huruf,4,345,0.06333761703690105,103.53846153846155,95.99044151115157,103.53846153846155,95.99044151115157,0
per_huruf,4,346,0.06352120433266017,103.61538461538461,95.97269003186163,103.61538461538461,95.97269003186163,0
per_huruf,4,347,0.06370479162841931,103.69230769230768,95.95903504779244,103.69230769230768,95.95903504779244,0
per_huruf,4,348,0.06388837892417845,103.76923076923077,95.95220755575784,103.76923076923077,95.95220755575784,0
per_huruf,4,349,0.06407196621993758,103.84615384615385,95.95493855257169,103.84615384615385,95.95493855257169,0
per_huruf,4,350,0.06425555351569671,103.92307692307692,95.9699590350478,103.92307692307692,95.9699590350478,0
per_huruf,4,351,0.06443914081145585,104.0,96.0,104.0,96.0,0
per_huruf,4,352,0.06462272810721498,104.0769230769231,96.04688211197089,104.0769230769231,96.04688211197089,0
per_huruf,4,353,0.06480631540297412,104.15384615384616,96.10878470641784,104.15384615384616,96.10878470641784,0
per_huruf,4,354,0.06498990269873325,104.2307692307692,96.18297678652706,104.2307692307692,96.18297678652706,0
per_huruf,4,355,0.06517348999449238,104.3076923076923,96.26672735548475,104.3076923076923,96.26672735548475,0
per_huruf,4,356,0.06535707729025152,104.38461538461539,96.35730541647703,104.38461538461539,96.35730541647703,0
per_huruf,4,357,0.06554066458601064,104.46153846153845,96.45197997269004,104.46153846153845,96.45197997269004,0
per_huruf,4,358,0.06572425188176978,104.53846153846153,96.54802002730996,104.53846153846153,96.54802002730996,0
per_huruf,4,359,0.06590783917752892,104.61538461538461,96.64269458352298,104.61538461538461,96.64269458352298,0
per_huruf,4,360,0.06609142647328804,104.69230769230768,96.73327264451524,104.69230769230768,96.73327264451524,0
per_huruf,4,361,0.06627501376904718,104.76923076923076,96.81702321347291,104.76923076923076,96.81702321347291,0
per_huruf,4,362,0.06645860106480632,104.84615384615384,96.89121529358215,104.84615384615384,96.89121529358215,0
per_huruf,4,363,0.06664218836056544,104.92307692307693,96.95311788802914,104.92307692307693,96.95311788802914,0
per_huruf,4,364,0.06682577565632458,105.0,97.0,105.0,97.0,0
per_huruf,4,365,0.06700936295208372,105.0769230769231,97.03277196176606,105.0769230769231,97.03277196176606,0
per_huruf,4,366,0.06719295024784284,105.15384615384616,97.05507510241239,105.15384615384616,97.05507510241239,0
per_huruf,4,367,0.06737653754360198,105.2307692307692,97.06827492034591,105.2307692307692,97.06827492034591,0
per_huruf,4,368,0.06756012483936112,105.30769230769229,97.0737369139736,105.30769230769229,97.0737369139736,0
per_huruf,4,369,0.06774371213512025,105.38461538461539,97.07282658170233,105.38461538461539,97.07282658170233,0
per_huruf,4,370,0.06792729943087938,105.46153846153847,97.06690942193903,105.46153846153847,97.06690942193903,0
per_huruf,4,371,0.06811088672663852,105.53846153846155,97.05735093309058,105.53846153846155,97.05735093309058,0
per_huruf,4,372,0.06829447402239765,105.61538461538463,97.04551661356395,105.61538461538463,97.04551661356395,0
per_huruf,4,373,0.06847806131815679,105.69230769230768,97.03277196176604,105.69230769230768,97.03277196176604,0
per_huruf,4,374,0.06866164861391592,105.76923076923077,97.02048247610377,105.76923076923077,97.02048247610377,0
per_huruf,4,375,0.06884523590967505,105.84615384615385,97.01001365498408,105.84615384615385,97.01001365498408,0
per_huruf,4,376,0.06902882320543419,105.92307692307692,97.00273099681384,105.92307692307692,97.00273099681384,0
per_huruf,4,377,0.06921241050119331,106.0,97.0,106.0,97.0,0
per_huruf,4,378,0.06939599779695245,106.0769230769231,97.00000000000001,106.0769230769231,97.00000000000001,0
per_huruf,4,379,0.06957958509271159,106.15384615384616,97.0,106.15384615384616,97.0,0
per_huruf,4,380,0.06976317238847071,106.23076923076923,97.0,106.23076923076923,97.0,0
per_huruf,4,381,0.06994675968422985,106.30769230769229,96.99999999999999,106.30769230769229,96.99999999999999,0
per_huruf,4,382,0.07013034697998899,106.38461538461539,97.00000000000001,106.38461538461539,97.00000000000001,0
per_huruf,4,383,0.07031393427574811,106.46153846153847,97.00000000000001,106.46153846153847,97.00000000000001,0
per_huruf,4,384,0.07049752157150725,106.53846153846155,97.0,106.53846153846155,97.0,0
per_huruf,4,385,0.07068110886726639,106.61538461538463,97.0,106.61538461538463,97.0,0
per_huruf,4,386,0.07086469616302551,106.69230769230768,96.99999999999999,106.69230769230768,96.99999999999999,0
per_huruf,4,387,0.07104828345878465,106.76923076923076,97.0,106.76923076923076,97.0,0
per_huruf,4,388,0.07123187075454379,106.84615384615385,97.0,106.84615384615385,97.0,0
per_huruf,4,389,0.07141545805030292,106.92307692307693,97.0,106.92307692307693,97.0,0
per_huruf,4,390,0.07159904534606205,107.0,97.0,107.0,97.0,0
per_huruf,4,391,0.07178263264182119,107.07692307692308,97.00000000000001,107.07692307692308,97.00000000000001,0
per_huruf,4,392,0.07196621993758032,107.15384615384616,97.0,107.15384615384616,97.0,0
per_huruf,4,393,0.07214980723333946,107.23076923076923,97.0,107.23076923076923,97.0,0
per_huruf,4,394,0.07233339452909858,107.30769230769229,96.99999999999999,107.30769230769229,96.99999999999999,0
per_huruf,4,395,0.07251698182485772,107.3846153846154,97.00000000000001,107.3846153846154,97.00000000000001,0
per_huruf,4,396,0.07270056912061686,107.46153846153847,97.00000000000001,107.46153846153847,97.00000000000001,0
per_huruf,4,397,0.07288415641637598,107.53846153846153,97.0,107.53846153846153,97.0,0
per_huruf,4,398,0.07306774371213512,107.61538461538461,97.0,107.61538461538461,97.0,0
per_huruf,4,399,0.07325133100789426,107.6923076923077,96.99999999999999,107.6923076923077,96.99999999999999,0
per_huruf,4,400,0.07343491830365338,107.76923076923077,97.0,107.76923076923077,97.0,0
per_huruf,4,401,0.07361850559941252,107.84615384615385,97.0,107.84615384615385,97.0,0
per_huruf,4,402,0.07380209289517166,107.92307692307692,97.0,107.92307692307692,97.0,0
per_huruf,4,403,0.07398568019093078,108.0,97.0,108.0,97.0,0
per_huruf,4,404,0.07416926748668992,108.07692307692311,97.00000000000001,108.07692307692311,97.00000000000001,0
per_huruf,4,405,0.07435285478244906,108.15384615384616,97.0,108.15384615384616,97.0,0
per_huruf,4,406,0.07453644207820818,108.23076923076923,97.0,108.23076923076923,97.0,0
per_huruf,4,407,0.07472002937396732,108.30769230769229,96.99999999999999,108.30769230769229,96.99999999999999,0
per_huruf,4,408,0.07490361666972646,108.3846153846154,97.00000000000001,108.3846153846154,97.00000000000001,0
per_huruf,4,409,0.07508720396548559,108.46153846153848,97.00000000000001,108.46153846153848,97.00000000000001,0
per_huruf,4,410,0.07527079126124472,108.53846153846155,97.0,108.53846153846155,97.0,0
per_huruf,4,411,0.07545437855700386,108.61538461538461,97.0,108.61538461538461,97.0,0
per_huruf,4,412,0.07563796585276299,108.6923076923077,96.99999999999999,108.6923076923077,96.99999999999999,0
per_huruf,4,413,0.07582155314852213,108.76923076923076,97.0,108.76923076923076,97.0,0
per_huruf,4,414,0.07600514044428125,108.84615384615385,97.0,108.84615384615385,97.0,0
per_huruf,4,415,0.07618872774004039,108.92307692307693,97.0,108.92307692307693,97.0,0
per_huruf,4,416,0.07637231503579953,109.0,97.0,109.0,97.0,0
per_huruf,4,417,0.07655590233155865,109.0769230769231,97.00000000000001,109.0769230769231,97.00000000000001,0
per_huruf,4,418,0.07673948962731779,109.15384615384615,97.0,109.15384615384615,97.0,0
per_huruf,4,419,0.07692307692307693,109.23076923076921,97.0,109.23076923076921,97.0,0
per_huruf,4,420,0.07710666421883605,109.30769230769229,96.99999999999999,109.30769230769229,96.99999999999999,0
per_huruf,4,421,0.07729025151459519,109.3846153846154,97.00000000000001,109.3846153846154,97.00000000000001,0
per_huruf,4,422,0.07747383881035433,109.46153846153847,97.00000000000001,109.46153846153847,97.00000000000001,0
per_huruf,4,423,0.07765742610611345,109.53846153846155,97.0,109.53846153846155,97.0,0
per_huruf,4,424,0.07784101340187259,109.61538461538461,97.0,109.61538461538461,97.0,0
per_huruf,4,425,0.07802460069763173,109.6923076923077,96.99999999999999,109.6923076923077,96.99999999999999,0
per_huruf,4,426,0.07820818799339085,109.76923076923077,97.0,109.76923076923077,97.0,0
per_huruf,4,427,0.07839177528914999,109.84615384615387,97.0,109.84615384615387,97.0,0
per_huruf,4,428,0.07857536258490913,109.92307692307692,97.0,109.92307692307692,97.0,0
per_huruf,4,429,0.07875894988066826,110.0,97.0,110.0,97.0,0
per_huruf,4,430,0.0789425371764274,110.0769230769231,97.00000000000001,110.0769230769231,97.00000000000001,0
per_huruf,4,431,0.07912612447218652,110.15384615384615,97.0,110.15384615384615,97.0,0
per_huruf,4,432,0.07930971176794566,110.23076923076921,97.0,110.23076923076921,97.0,0
per_huruf,4,433,0.0794932990637048,110.30769230769229,96.99999999999999,110.30769230769229,96.99999999999999,0
per_huruf,4,434,0.07967688635946392,110.3846153846154,97.00000000000001,110.3846153846154,97.00000000000001,0
per_huruf,4,435,0.07986047365522306,110.46153846153847,97.00000000000001,110.46153846153847,97.00000000000001,0
per_huruf,4,436,0.0800440609509822,110.53846153846153,97.0,110.53846153846153,97.0,0
per_huruf,4,437,0.08022764824674132,110.61538461538461,97.0,110.61538461538461,97.0,0
per_huruf,4,438,0.08041123554250046,110.69230769230768,96.99999999999999,110.69230769230768,96.99999999999999,0
per_huruf,4,439,0.0805948228382596,110.76923076923076,97.0,110.76923076923076,97.0,0
per_huruf,4,440,0.08077841013401872,110.84615384615385,97.0,110.84615384615385,97.0,0
per_huruf,4,441,0.08096199742977786,110.92307692307693,97.0,110.92307692307693,97.0,0
per_huruf,4,442,0.081145584725537,111.0,97.0,111.0,97.0,0
per_huruf,4,443,0.08132917202129612,111.0769230769231,97.00000000000001,111.0769230769231,97.00000000000001,0
per_huruf,4,444,0.08151275931705526,111.15384615384617,97.0,111.15384615384617,97.0,0
per_huruf,4,445,0.0816963466128144,111.2307692307692,97.0,111.2307692307692,97.0,0
per_huruf,4,446,0.08187993390857352,111.3076923076923,96.99999999999999,111.3076923076923,96.99999999999999,0
per_huruf,4,447,0.08206352120433266,111.3846153846154,97.00000000000001,111.3846153846154,97.00000000000001,0
per_huruf,4,448,0.08224710850009179,111.46153846153847,97.00000000000001,111.46153846153847,97.00000000000001,0
per_huruf,4,449,0.08243069579585093,111.53846153846153,97.0,111.53846153846153,97.0,0
per_huruf,4,450,0.08261428309161006,111.61538461538461,97.0,111.61538461538461,97.0,0
per_huruf,4,451,0.08279787038736919,111.69230769230768,96.99999999999999,111.69230769230768,96.99999999999999,0
per_huruf,4,452,0.08298145768312833,111.76923076923076,97.0,111.76923076923076,97.0,0
per_huruf,4,453,0.08316504497888746,111.84615384615384,97.0,111.84615384615384,97.0,0
per_huruf,4,454,0.08334863227464659,111.92307692307692,97.0,111.92307692307692,97.0,0
per_huruf,4,455,0.08353221957040573,112.0,97.0,112.0,97.0,0
per_huruf,4,456,0.08371580686616487,112.07692307692308,97.00000000000001,112.07692307692308,97.00000000000001,0
per_huruf,4,457,0.08389939416192399,112.15384615384616,97.0,112.15384615384616,97.0,0
per_huruf,4,458,0.08408298145768313,112.2307692307692,97.0,112.2307692307692,97.0,0
per_huruf,4,459,0.08426656875344227,112.3076923076923,96.99999999999999,112.3076923076923,96.99999999999999,0
per_huruf,4,460,0.08445015604920139,112.3846153846154,97.00000000000001,112.3846153846154,97.00000000000001,0
per_huruf,4,461,0.08463374334496053,112.46153846153848,97.00000000000001,112.46153846153848,97.00000000000001,0
per_huruf,4,462,0.08481733064071967,112.53846153846155,97.0,112.53846153846155,97.0,0
per_huruf,4,463,0.08500091793647879,112.61538461538461,97.0,112.61538461538461,97.0,0
per_huruf,4,464,0.08518450523223793,112.69230769230768,96.99999999999999,112.69230769230768,96.99999999999999,0
per_huruf,4,465,0.08536809252799707,112.76923076923075,97.0,112.76923076923075,97.0,0
per_huruf,4,466,0.0855516798237562,112.84615384615384,97.0,112.84615384615384,97.0,0
per_huruf,4,467,0.08573526711951533,112.92307692307693,97.0,112.92307692307693,97.0,0
per_huruf,4,468,0.08591885441527446,113.0,97.0,113.0,97.0,0
per_huruf,4,469,0.0861024417110336,113.0769230769231,97.00273099681385,113.0769230769231,97.00273099681385,0
per_huruf,4,470,0.08628602900679273,113.15384615384616,97.01001365498408,113.15384615384616,97.01001365498408,0
per_huruf,4,471,0.08646961630255186,113.23076923076921,97.02048247610377,113.23076923076921,97.02048247610377,0
per_huruf,4,472,0.086653203598311,113.3076923076923,97.03277196176604,113.3076923076923,97.03277196176604,0
per_huruf,4,473,0.08683679089407013,113.3846153846154,97.04551661356396,113.3846153846154,97.04551661356396,0
per_huruf,4,474,0.08702037818982926,113.46153846153848,97.05735093309059,113.46153846153848,97.05735093309059,0
per_huruf,4,475,0.0872039654855884,113.53846153846153,97.06690942193902,113.53846153846153,97.06690942193902,0
per_huruf,4,476,0.08738755278134754,113.61538461538461,97.07282658170233,113.61538461538461,97.07282658170233,0
per_huruf,4,477,0.08757114007710666,113.6923076923077,97.0737369139736,113.6923076923077,97.0737369139736,0
per_huruf,4,478,0.0877547273728658,113.76923076923075,97.06827492034591,113.76923076923075,97.06827492034591,0
per_huruf,4,479,0.08793831466862494,113.84615384615384,97.05507510241239,113.84615384615384,97.05507510241239,0
per_huruf,4,480,0.08812190196438406,113.92307692307692,97.03277196176604,113.92307692307692,97.03277196176604,0
per_huruf,4,481,0.0883054892601432,114.0,97.0,114.0,97.0,0
per_huruf,4,482,0.08848907655590234,114.0769230769231,96.95311788802915,114.0769230769231,96.95311788802915,0
per_huruf,4,483,0.08867266385166146,114.15384615384616,96.89121529358216,114.15384615384616,96.89121529358216,0
per_huruf,4,484,0.0888562511474206,114.23076923076921,96.8170232134729,114.23076923076921,96.8170232134729,0
per_huruf,4,485,0.08903983844317973,114.30769230769229,96.73327264451524,114.30769230769229,96.73327264451524,0
per_huruf,4,486,0.08922342573893886,114.3846153846154,96.642694583523,114.3846153846154,96.642694583523,0
per_huruf,4,487,0.089407013034698,114.46153846153848,96.54802002730997,114.46153846153848,96.54802002730997,0
per_huruf,4,488,0.08959060033045713,114.53846153846153,96.45197997269005,114.53846153846153,96.45197997269005,0
per_huruf,4,489,0.08977418762621626,114.61538461538461,96.35730541647702,114.61538461538461,96.35730541647702,0
per_huruf,4,490,0.0899577749219754,114.6923076923077,96.26672735548475,114.6923076923077,96.26672735548475,0
per_huruf,4,491,0.09014136221773453,114.76923076923076,96.18297678652708,114.76923076923076,96.18297678652708,0
per_huruf,4,492,0.09032494951349367,114.84615384615384,96.10878470641785,114.84615384615384,96.10878470641785,0
per_huruf,4,493,0.0905085368092528,114.92307692307692,96.04688211197086,114.92307692307692,96.04688211197086,0
per_huruf,4,494,0.09069212410501193,115.0,96.0,115.0,96.0,0
per_huruf,4,495,0.09087571140077107,115.07692307692311,95.96995903504781,115.07692307692311,95.96995903504781,0
per_huruf,4,496,0.0910592986965302,115.15384615384616,95.9549385525717,115.15384615384616,95.9549385525717,0
per_huruf,4,497,0.09124288599228933,115.23076923076923,95.95220755575782,115.23076923076923,95.95220755575782,0
per_huruf,4,498,0.09142647328804847,115.30769230769229,95.95903504779244,115.30769230769229,95.95903504779244,0
per_huruf,4,499,0.0916100605838076,115.3846153846154,95.97269003186165,115.3846153846154,95.97269003186165,0
per_huruf,4,500,0.09179364787956673,115.46153846153847,95.99044151115157,115.46153846153847,95.99044151115157,0
per_huruf,4,501,0.09197723517532587,115.53846153846155,96.00955848884843,115.53846153846155,96.00955848884843,0
per_huruf,4,502,0.09216082247108501,115.61538461538461,96.02730996813838,115.61538461538461,96.02730996813838,0
per_huruf,4,503,0.09234440976684413,115.69230769230768,96.04096495220755,115.69230769230768,96.04096495220755,0
per_huruf,4,504,0.09252799706260327,115.76923076923075,96.04779244424213,115.76923076923075,96.04779244424213,0
per_huruf,4,505,0.0927115843583624,115.84615384615384,96.04506144742831,115.84615384615384,96.04506144742831,0
per_huruf,4,506,0.09289517165412153,115.92307692307692,96.0300409649522,115.92307692307692,96.0300409649522,0
per_huruf,4,507,0.09307875894988067,116.0,96.0,116.0,96.0,0
per_huruf,4,508,0.0932623462456398,116.07692307692308,95.95311788802913,116.07692307692308,95.95311788802913,0
per_huruf,4,509,0.09344593354139893,116.15384615384617,95.89121529358218,116.15384615384617,95.89121529358218,0
per_huruf,4,510,0.09362952083715807,116.23076923076923,95.8170232134729,116.23076923076923,95.8170232134729,0
per_huruf,4,511,0.0938131081329172,116.3076923076923,95.73327264451524,116.3076923076923,95.73327264451524,0
per_huruf,4,512,0.09399669542867634,116.3846153846154,95.642694583523,116.3846153846154,95.642694583523,0
per_huruf,4,513,0.09418028272443547,116.46153846153848,95.54802002730997,116.46153846153848,95.54802002730997,0
per_huruf,4,514,0.0943638700201946,116.53846153846153,95.45197997269003,116.53846153846153,95.45197997269003,0
per_huruf,4,515,0.09454745731595374,116.61538461538461,95.35730541647702,116.61538461538461,95.35730541647702,0
per_huruf,4,516,0.09473104461171288,116.69230769230768,95.26672735548475,116.69230769230768,95.26672735548475,0
per_huruf,4,517,0.094914631907472,116.76923076923076,95.18297678652708,116.76923076923076,95.18297678652708,0
per_huruf,4,518,0.09509821920323114,116.84615384615384,95.10878470641785,116.84615384615384,95.10878470641785,0
per_huruf,4,519,0.09528180649899028,116.92307692307692,95.04688211197087,116.92307692307692,95.04688211197087,0
per_huruf,4,520,0.0954653937947494,117.0,95.0,117.0,95.0,0
per_huruf,4,521,0.09564898109050854,117.0769230769231,94.96722803823396,117.0769230769231,94.96722803823396,0
per_huruf,4,522,0.09583256838626766,117.15384615384616,94.94492489758763,117.15384615384616,94.94492489758763,0
per_huruf,4,523,0.0960161556820268,117.23076923076921,94.93172507965406,117.23076923076921,94.93172507965406,0
per_huruf,4,524,0.09619974297778594,117.3076923076923,94.9262630860264,117.3076923076923,94.9262630860264,0
per_huruf,4,525,0.09638333027354506,117.3846153846154,94.9271734182977,117.3846153846154,94.9271734182977,0
per_huruf,4,526,0.0965669175693042,117.46153846153848,94.933090578061,117.46153846153848,94.933090578061,0
per_huruf,4,527,0.09675050486506334,117.53846153846155,94.94264906690942,117.53846153846155,94.94264906690942,0
per_huruf,4,528,0.09693409216082247,117.61538461538461,94.95448338643605,117.61538461538461,94.95448338643605,0
per_huruf,4,529,0.0971176794565816,117.69230769230768,94.96722803823396,117.69230769230768,94.96722803823396,0
per_huruf,4,530,0.09730126675234074,117.76923076923076,94.97951752389622,117.76923076923076,94.97951752389622,0
per_huruf,4,531,0.09748485404809987,117.84615384615384,94.98998634501594,117.84615384615384,94.98998634501594,0
per_huruf,4,532,0.097668441343859,117.92307692307692,94.99726900318616,117.92307692307692,94.99726900318616,0
per_huruf,4,533,0.09785202863961814,118.0,95.0,118.0,95.0,0
per_huruf,4,534,0.09803561593537727,118.07692307692308,95.00273099681384,118.07692307692308,95.00273099681384,0
per_huruf,4,535,0.0982192032311364,118.15384615384616,95.01001365498408,118.15384615384616,95.01001365498408,0
per_huruf,4,536,0.09840279052689554,118.23076923076921,95.02048247610377,118.23076923076921,95.02048247610377,0
per_huruf,4,537,0.09858637782265467,118.30769230769229,95.03277196176603,118.30769230769229,95.03277196176603,0
per_huruf,4,538,0.09876996511841381,118.38461538461539,95.04551661356396,118.38461538461539,95.04551661356396,0
per_huruf,4,539,0.09895355241417295,118.46153846153848,95.05735093309059,118.46153846153848,95.05735093309059,0
per_huruf,4,540,0.09913713970993207,118.53846153846155,95.06690942193902,118.53846153846155,95.06690942193902,0
per_huruf,4,541,0.09932072700569121,118.61538461538461,95.07282658170233,118.61538461538461,95.07282658170233,0
per_huruf,4,542,0.09950431430145033,118.69230769230768,95.0737369139736,118.69230769230768,95.0737369139736,0
per_huruf,4,543,0.09968790159720947,118.76923076923077,95.06827492034591,118.76923076923077,95.06827492034591,0
per_huruf,4,544,0.09987148889296861,118.84615384615384,95.05507510241239,118.84615384615384,95.05507510241239,0
per_huruf,4,545,0.10005507618872773,118.92307692307693,95.03277196176604,118.92307692307693,95.03277196176604,0
per_huruf,4,546,0.10023866348448687,119.0,95.0,119.0,95.0,0
per_huruf,4,547,0.10042225078024601,119.0769230769231,94.95584888484298,119.0769230769231,94.95584888484298,0
per_huruf,4,548,0.10060583807600514,119.15384615384615,94.90122894856624,119.15384615384615,94.90122894856624,0
per_huruf,4,549,0.10078942537176427,119.23076923076921,94.83750568957669,119.23076923076921,94.83750568957669,0
per_huruf,4,550,0.10097301266752341,119.30769230769229,94.76604460628128,119.30769230769229,94.76604460628128,0
per_huruf,4,551,0.10115659996328254,119.38461538461537,94.68821119708696,119.38461538461537,94.68821119708696,0
per_huruf,4,552,0.10134018725904168,119.46153846153848,94.60537096040055,119.46153846153848,94.60537096040055,0
per_huruf,4,553,0.10152377455480081,119.53846153846155,94.51888939462904,119.53846153846155,94.51888939462904,0
per_huruf,4,554,0.10170736185055994,119.61538461538463,94.43013199817933,119.61538461538463,94.43013199817933,0
per_huruf,4,555,0.10189094914631908,119.6923076923077,94.34046426945835,119.6923076923077,94.34046426945835,0
per_huruf,4,556,0.10207453644207821,119.76923076923076,94.251251706873,119.76923076923076,94.251251706873,0
per_huruf,4,557,0.10225812373783734,119.84615384615384,94.16385980883022,119.84615384615384,94.16385980883022,0
per_huruf,4,558,0.10244171103359648,119.92307692307692,94.0796540737369,119.92307692307692,94.0796540737369,0
per_huruf,4,559,0.1026252983293556,120.0,94.0,120.0,94.0,0
per_huruf,4,560,0.10280888562511474,120.07692307692308,93.92307692307692,120.07692307692308,93.92307692307692,0
per_huruf,4,561,0.10299247292087388,120.15384615384616,93.84615384615385,120.15384615384616,93.84615384615385,0
per_huruf,4,562,0.103176060216633,120.23076923076921,93.76923076923075,120.23076923076921,93.76923076923075,0
per_huruf,4,563,0.10335964751239214,120.3076923076923,93.6923076923077,120.3076923076923,93.6923076923077,0
per_huruf,4,564,0.10354323480815128,120.38461538461539,93.61538461538463,120.38461538461539,93.61538461538463,0
per_huruf,4,565,0.1037268221039104,120.46153846153847,93.53846153846153,120.46153846153847,93.53846153846153,0
per_huruf,4,566,0.10391040939966954,120.53846153846153,93.46153846153845,120.53846153846153,93.46153846153845,0
per_huruf,4,567,0.10409399669542868,120.61538461538463,93.3846153846154,120.61538461538463,93.3846153846154,0
per_huruf,4,568,0.1042775839911878,120.6923076923077,93.30769230769229,120.6923076923077,93.30769230769229,0
per_huruf,4,569,0.10446117128694694,120.76923076923075,93.23076923076923,120.76923076923075,93.23076923076923,0
per_huruf,4,570,0.10464475858270608,120.84615384615384,93.15384615384616,120.84615384615384,93.15384615384616,0
per_huruf,4,571,0.1048283458784652,120.92307692307693,93.07692307692307,120.92307692307693,93.07692307692307,0
per_huruf,4,572,0.10501193317422435,121.0,93.0,121.0,93.0,0
per_huruf,4,573,0.10519552046998348,121.07692307692311,92.92307692307695,121.07692307692311,92.92307692307695,0
per_huruf,4,574,0.10537910776574261,121.15384615384616,92.84615384615384,121.15384615384616,92.84615384615384,0
per_huruf,4,575,0.10556269506150175,121.23076923076921,92.76923076923076,121.23076923076921,92.76923076923076,0
per_huruf,4,576,0.10574628235726088,121.3076923076923,92.69230769230768,121.3076923076923,92.69230769230768,0
per_huruf,4,577,0.10592986965302001,121.3846153846154,92.61538461538464,121.3846153846154,92.61538461538464,0
per_huruf,4,578,0.10611345694877915,121.46153846153847,92.53846153846153,121.46153846153847,92.53846153846153,0
per_huruf,4,579,0.10629704424453827,121.53846153846155,92.46153846153845,121.53846153846155,92.46153846153845,0
per_huruf,4,580,0.10648063154029741,121.61538461538463,92.3846153846154,121.61538461538463,92.3846153846154,0
per_huruf,4,581,0.10666421883605655,121.6923076923077,92.30769230769229,121.6923076923077,92.30769230769229,0
per_huruf,4,582,0.10684780613181567,121.76923076923076,92.23076923076923,121.76923076923076,92.23076923076923,0
per_huruf,4,583,0.10703139342757481,121.84615384615384,92.15384615384616,121.84615384615384,92.15384615384616,0
per_huruf,4,584,0.10721498072333395,121.92307692307692,92.07692307692307,121.92307692307692,92.07692307692307,0
per_huruf,4,585,0.10739856801909307,122.0,92.0,122.0,92.0,0
per_huruf,4,586,0.10758215531485221,122.0769230769231,91.92307692307693,122.0769230769231,91.92307692307693,0
per_huruf,4,587,0.10776574261061135,122.15384615384615,91.84615384615385,122.15384615384615,91.84615384615385,0
per_huruf,4,588,0.10794932990637048,122.2307692307692,91.76923076923076,122.2307692307692,91.76923076923076,0
per_huruf,4,589,0.10813291720212961,122.30769230769229,91.69230769230768,122.30769230769229,91.69230769230768,0
per_huruf,4,590,0.10831650449788875,122.38461538461539,91.61538461538461,122.38461538461539,91.61538461538461,0
per_huruf,4,591,0.10850009179364788,122.46153846153847,91.53846153846153,122.46153846153847,91.53846153846153,0
per_huruf,4,592,0.10868367908940701,122.53846153846153,91.46153846153847,122.53846153846153,91.46153846153847,0
per_huruf,4,593,0.10886726638516615,122.61538461538463,91.38461538461539,122.61538461538463,91.38461538461539,0
per_huruf,4,594,0.10905085368092528,122.69230769230768,91.3076923076923,122.69230769230768,91.3076923076923,0
per_huruf,4,595,0.10923444097668442,122.76923076923077,91.23076923076923,122.76923076923077,91.23076923076923,0
per_huruf,4,596,0.10941802827244354,122.84615384615385,91.15384615384616,122.84615384615385,91.15384615384616,0
per_huruf,4,597,0.10960161556820268,122.92307692307693,91.07692307692308,122.92307692307693,91.07692307692308,0
per_huruf,4,598,0.10978520286396182,123.0,91.0,123.0,91.0,0
per_huruf,4,599,0.10996879015972094,123.0769230769231,90.92307692307695,123.0769230769231,90.92307692307695,0
per_huruf,4,600,0.11015237745548008,123.15384615384616,90.84615384615385,123.15384615384616,90.84615384615385,0
per_huruf,4,601,0.11033596475123922,123.23076923076921,90.76923076923077,123.23076923076921,90.76923076923077,0
per_huruf,4,602,0.11051955204699834,123.30769230769229,90.69230769230768,123.30769230769229,90.69230769230768,0
per_huruf,4,603,0.11070313934275748,123.38461538461539,90.61538461538461,123.38461538461539,90.61538461538461,0
per_huruf,4,604,0.11088672663851662,123.46153846153848,90.53846153846155,123.46153846153848,90.53846153846155,0
per_huruf,4,605,0.11107031393427574,123.53846153846155,90.46153846153847,123.53846153846155,90.46153846153847,0
per_huruf,4,606,0.11125390123003488,123.61538461538463,90.38461538461539,123.61538461538463,90.38461538461539,0
per_huruf,4,607,0.11143748852579402,123.69230769230771,90.30769230769229,123.69230769230771,90.30769230769229,0
per_huruf,4,608,0.11162107582155315,123.76923076923076,90.23076923076923,123.76923076923076,90.23076923076923,0
per_huruf,4,609,0.11180466311731228,123.84615384615384,90.15384615384616,123.84615384615384,90.15384615384616,0
per_huruf,4,610,0.11198825041307142,123.92307692307692,90.07692307692307,123.92307692307692,90.07692307692307,0
per_huruf,4,611,0.11217183770883055,124.0,90.0,124.0,90.0,0
per_huruf,4,612,0.11235542500458968,124.0769230769231,89.92307692307693,124.0769230769231,89.92307692307693,0
per_huruf,4,613,0.11253901230034881,124.15384615384615,89.84615384615385,124.15384615384615,89.84615384615385,0
per_huruf,4,614,0.11272259959610795,124.2307692307692,89.76923076923076,124.2307692307692,89.76923076923076,0
per_huruf,4,615,0.11290618689186709,124.30769230769229,89.6923076923077,124.30769230769229,89.6923076923077,0
per_huruf,4,616,0.11308977418762621,124.3846153846154,89.61538461538463,124.3846153846154,89.61538461538463,0
per_huruf,4,617,0.11327336148338535,124.46153846153847,89.53846153846153,124.46153846153847,89.53846153846153,0
per_huruf,4,618,0.11345694877914449,124.53846153846153,89.46153846153845,124.53846153846153,89.46153846153845,0
per_huruf,4,619,0.11364053607490361,124.61538461538463,89.38461538461539,124.61538461538463,89.38461538461539,0
per_huruf,4,620,0.11382412337066275,124.69230769230768,89.3076923076923,124.69230769230768,89.3076923076923,0
per_huruf,4,621,0.11400771066642189,124.76923076923075,89.23076923076923,124.76923076923075,89.23076923076923,0
per_huruf,4,622,0.11419129796218101,124.84615384615384,89.15384615384616,124.84615384615384,89.15384615384616,0
per_huruf,4,623,0.11437488525794015,124.92307692307693,89.07692307692308,124.92307692307693,89.07692307692308,0
per_huruf,4,624,0.11455847255369929,125.0,89.0,125.0,89.0,0
per_huruf,4,625,0.11474205984945841,125.07965407373693,88.92307692307693,125.07965407373693,88.92307692307693,0
per_huruf,4,626,0.11492564714521755,125.16385980883022,88.84615384615385,125.16385980883022,88.84615384615385,0
per_huruf,4,627,0.11510923444097669,125.25125170687299,88.76923076923076,125.25125170687299,88.76923076923076,0
per_huruf,4,628,0.11529282173673581,125.34046426945834,88.6923076923077,125.34046426945834,88.6923076923077,0
per_huruf,4,629,0.11547640903249495,125.43013199817935,88.61538461538463,125.43013199817935,88.61538461538463,0
per_huruf,4,630,0.11565999632825409,125.51888939462904,88.53846153846155,125.51888939462904,88.53846153846155,0
per_huruf,4,631,0.11584358362401322,125.60537096040055,88.46153846153847,125.60537096040055,88.46153846153847,0
per_huruf,4,632,0.11602717091977235,125.68821119708694,88.38461538461539,125.68821119708694,88.38461538461539,0
per_huruf,4,633,0.11621075821553148,125.76604460628127,88.3076923076923,125.76604460628127,88.3076923076923,0
per_huruf,4,634,0.11639434551129062,125.83750568957667,88.23076923076923,125.83750568957667,88.23076923076923,0
per_huruf,4,635,0.11657793280704976,125.90122894856623,88.15384615384616,125.90122894856623,88.15384615384616,0
per_huruf,4,636,0.11676152010280888,125.95584888484296,88.07692307692307,125.95584888484296,88.07692307692307,0
per_huruf,4,637,0.11694510739856802,126.0,88.0,126.0,88.0,0
per_huruf,4,638,0.11712869469432716,126.03004096495222,87.92307692307692,126.03004096495222,87.92307692307692,0
per_huruf,4,639,0.11731228199008628,126.04506144742832,87.84615384615385,126.04506144742832,87.84615384615385,0
per_huruf,4,640,0.11749586928584542,126.04779244424215,87.76923076923076,126.04779244424215,87.76923076923076,0
per_huruf,4,641,0.11767945658160456,126.04096495220755,87.6923076923077,126.04096495220755,87.6923076923077,0
per_huruf,4,642,0.11786304387736368,126.02730996813838,87.61538461538461,126.02730996813838,87.61538461538461,0
per_huruf,4,643,0.11804663117312282,126.00955848884844,87.53846153846155,126.00955848884844,87.53846153846155,0
per_huruf,4,644,0.11823021846888196,125.99044151115159,87.46153846153847,125.99044151115159,87.46153846153847,0
per_huruf,4,645,0.11841380576464108,125.97269003186163,87.38461538461539,125.97269003186163,87.38461538461539,0
per_huruf,4,646,0.11859739306040022,125.95903504779244,87.30769230769229,125.95903504779244,87.30769230769229,0
per_huruf,4,647,0.11878098035615936,125.95220755575784,87.23076923076923,125.95220755575784,87.23076923076923,0
per_huruf,4,648,0.11896456765191848,125.95493855257169,87.15384615384616,125.95493855257169,87.15384615384616,0
per_huruf,4,649,0.11914815494767762,125.9699590350478,87.07692307692308,125.9699590350478,87.07692307692308,0
per_huruf,4,650,0.11933174224343675,126.0,87.0,126.0,87.0,0
per_huruf,4,651,0.11951532953919589,126.04688211197087,86.92307692307693,126.04688211197087,86.92307692307693,0
per_huruf,4,652,0.11969891683495502,126.10878470641785,86.84615384615385,126.10878470641785,86.84615384615385,0
per_huruf,4,653,0.11988250413071415,126.18297678652708,86.76923076923075,126.18297678652708,86.76923076923075,0
per_huruf,4,654,0.12006609142647329,126.26672735548472,86.69230769230768,126.26672735548472,86.69230769230768,0
per_huruf,4,655,0.12024967872223243,126.35730541647703,86.61538461538463,126.35730541647703,86.61538461538463,0
per_huruf,4,656,0.12043326601799155,126.45197997269004,86.53846153846155,126.45197997269004,86.53846153846155,0
per_huruf,4,657,0.12061685331375069,126.54802002730997,86.46153846153845,126.54802002730997,86.46153846153845,0
per_huruf,4,658,0.12080044060950983,126.64269458352298,86.38461538461539,126.64269458352298,86.38461538461539,0
per_huruf,4,659,0.12098402790526895,126.73327264451524,86.3076923076923,126.73327264451524,86.3076923076923,0
per_huruf,4,660,0.12116761520102809,126.81702321347291,86.23076923076923,126.81702321347291,86.23076923076923,0
per_huruf,4,661,0.12135120249678723,126.89121529358215,86.15384615384616,126.89121529358215,86.15384615384616,0
per_huruf,4,662,0.12153478979254635,126.95311788802913,86.07692307692307,126.95311788802913,86.07692307692307,0
per_huruf,4,663,0.12171837708830549,127.0,86.0,127.0,86.0,0
per_huruf,4,664,0.12190196438406463,127.03277196176606,85.92307692307692,127.03277196176606,85.92307692307692,0
per_huruf,4,665,0.12208555167982375,127.05507510241239,85.84615384615387,127.05507510241239,85.84615384615387,0
per_huruf,4,666,0.12226913897558289,127.06827492034593,85.76923076923075,127.06827492034593,85.76923076923075,0
per_huruf,4,667,0.12245272627134203,127.07373691397359,85.6923076923077,127.07373691397359,85.6923076923077,0
per_huruf,4,668,0.12263631356710115,127.07282658170234,85.61538461538463,127.07282658170234,85.61538461538463,0
per_huruf,4,669,0.12281990086286029,127.066909421939,85.53846153846155,127.066909421939,85.53846153846155,0
per_huruf,4,670,0.12300348815861942,127.05735093309059,85.46153846153847,127.05735093309059,85.46153846153847,0
per_huruf,4,671,0.12318707545437856,127.04551661356395,85.38461538461539,127.04551661356395,85.38461538461539,0
per_huruf,4,672,0.1233706627501377,127.03277196176604,85.30769230769229,127.03277196176604,85.30769230769229,0
per_huruf,4,673,0.12355425004589682,127.02048247610378,85.23076923076923,127.02048247610378,85.23076923076923,0
per_huruf,4,674,0.12373783734165596,127.01001365498408,85.15384615384616,127.01001365498408,85.15384615384616,0
per_huruf,4,675,0.1239214246374151,127.00273099681384,85.07692307692308,127.00273099681384,85.07692307692308,0
per_huruf,4,676,0.12410501193317422,127.0,85.0,127.0,85.0,0
per_huruf,4,677,0.12428859922893336,127.00000000000001,84.92307692307693,127.00000000000001,84.92307692307693,0
per_huruf,4,678,0.1244721865246925,127.00000000000001,84.84615384615384,127.00000000000001,84.84615384615384,0
per_huruf,4,679,0.12465577382045162,126.99999999999999,84.76923076923076,126.99999999999999,84.76923076923076,0
per_huruf,4,680,0.12483936111621076,126.99999999999999,84.6923076923077,126.99999999999999,84.6923076923077,0
per_huruf,4,681,0.1250229484119699,127.00000000000003,84.61538461538463,127.00000000000003,84.61538461538463,0
per_huruf,4,682,0.12520653570772902,127.00000000000001,84.53846153846156,127.00000000000001,84.53846153846156,0
per_huruf,4,683,0.12539012300348815,127.0,84.46153846153847,127.0,84.46153846153847,0
per_huruf,4,684,0.1255737102992473,127.0,84.38461538461539,127.0,84.38461538461539,0
per_huruf,4,685,0.12575729759500642,127.0,84.3076923076923,127.0,84.3076923076923,0
per_huruf,4,686,0.12594088489076555,127.0,84.23076923076923,127.0,84.23076923076923,0
per_huruf,4,687,0.1261244721865247,127.0,84.15384615384616,127.0,84.15384615384616,0
per_huruf,4,688,0.12630805948228382,127.0,84.07692307692307,127.0,84.07692307692307,0
per_huruf,4,689,0.12649164677804295,127.0,84.0,127.0,84.0,0
per_huruf,4,690,0.1266752340738021,127.00000000000001,83.92307692307692,127.00000000000001,83.92307692307692,0
per_huruf,4,691,0.12685882136956123,127.00000000000001,83.84615384615384,127.00000000000001,83.84615384615384,0
per_huruf,4,692,0.12704240866532035,126.99999999999999,83.76923076923077,126.99999999999999,83.76923076923077,0
per_huruf,4,693,0.1272259959610795,126.99999999999999,83.69230769230768,126.99999999999999,83.69230769230768,0
per_huruf,4,694,0.12740958325683863,127.00000000000003,83.61538461538463,127.00000000000003,83.61538461538463,0
per_huruf,4,695,0.12759317055259775,127.00000000000001,83.53846153846155,127.00000000000001,83.53846153846155,0
per_huruf,4,696,0.1277767578483569,127.0,83.46153846153845,127.0,83.46153846153845,0
per_huruf,4,697,0.12796034514411603,127.0,83.38461538461539,127.0,83.38461538461539,0
per_huruf,4,698,0.12814393243987515,127.0,83.3076923076923,127.0,83.3076923076923,0
per_huruf,4,699,0.1283275197356343,127.0,83.23076923076923,127.0,83.23076923076923,0
per_huruf,4,700,0.12851110703139343,127.0,83.15384615384616,127.0,83.15384615384616,0
per_huruf,4,701,0.12869469432715255,127.0,83.07692307692308,127.0,83.07692307692308,0
per_huruf,4,702,0.1288782816229117,127.0,83.0,127.0,83.0,0
per_huruf,4,703,0.12906186891867083,126.99726900318618,82.92307692307695,126.99726900318618,82.92307692307695,0
per_huruf,4,704,0.12924545621442995,126.98998634501595,82.84615384615385,126.98998634501595,82.84615384615385,0
per_huruf,4,705,0.1294290435101891,126.9795175238962,82.76923076923077,126.9795175238962,82.76923076923077,0
per_huruf,4,706,0.12961263080594823,126.96722803823393,82.69230769230768,126.96722803823393,82.69230769230768,0
per_huruf,4,707,0.12979621810170736,126.95448338643607,82.61538461538463,126.95448338643607,82.61538461538463,0
per_huruf,4,708,0.1299798053974665,126.94264906690942,82.53846153846155,126.94264906690942,82.53846153846155,0
per_huruf,4,709,0.13016339269322563,126.93309057806098,82.46153846153847,126.93309057806098,82.46153846153847,0
per_huruf,4,710,0.13034697998898476,126.92717341829767,82.38461538461539,126.92717341829767,82.38461538461539,0
per_huruf,4,711,0.1305305672847439,126.9262630860264,82.3076923076923,126.9262630860264,82.3076923076923,0
per_huruf,4,712,0.13071415458050303,126.93172507965406,82.23076923076923,126.93172507965406,82.23076923076923,0
per_huruf,4,713,0.13089774187626216,126.94492489758761,82.15384615384616,126.94492489758761,82.15384615384616,0
per_huruf,4,714,0.13108132917202128,126.96722803823396,82.07692307692307,126.96722803823396,82.07692307692307,0
per_huruf,4,715,0.13126491646778043,127.0,82.0,127.0,82.0,0
per_huruf,4,716,0.13144850376353956,127.0468821119709,81.92307692307692,127.0468821119709,81.92307692307692,0
per_huruf,4,717,0.13163209105929868,127.10878470641785,81.84615384615385,127.10878470641785,81.84615384615385,0
per_huruf,4,718,0.13181567835505784,127.18297678652708,81.76923076923075,127.18297678652708,81.76923076923075,0
per_huruf,4,719,0.13199926565081696,127.26672735548475,81.69230769230768,127.26672735548475,81.69230769230768,0
per_huruf,4,720,0.13218285294657608,127.35730541647703,81.61538461538463,127.35730541647703,81.61538461538463,0
per_huruf,4,721,0.13236644024233524,127.45197997269003,81.53846153846155,127.45197997269003,81.53846153846155,0
per_huruf,4,722,0.13255002753809436,127.54802002730996,81.46153846153845,127.54802002730996,81.46153846153845,0
per_huruf,4,723,0.13273361483385349,127.64269458352298,81.38461538461539,127.64269458352298,81.38461538461539,0
per_huruf,4,724,0.13291720212961264,127.73327264451524,81.3076923076923,127.73327264451524,81.3076923076923,0
per_huruf,4,725,0.13310078942537176,127.81702321347291,81.23076923076923,127.81702321347291,81.23076923076923,0
per_huruf,4,726,0.1332843767211309,127.89121529358216,81.15384615384616,127.89121529358216,81.15384615384616,0
per_huruf,4,727,0.13346796401689004,127.95311788802913,81.07692307692308,127.95311788802913,81.07692307692308,0
per_huruf,4,728,0.13365155131264916,128.0,81.0,128.0,81.0,0
per_huruf,4,729,0.1338351386084083,128.0355029585799,80.92307692307693,128.0355029585799,80.92307692307693,0
per_huruf,4,730,0.13401872590416744,128.06508875739647,80.84615384615385,128.06508875739647,80.84615384615385,0
per_huruf,4,731,0.13420231319992657,128.08875739644967,80.76923076923075,128.08875739644967,80.76923076923075,0
per_huruf,4,732,0.1343859004956857,128.10650887573962,80.6923076923077,128.10650887573962,80.6923076923077,0
per_huruf,4,733,0.13456948779144484,128.11834319526628,80.61538461538463,128.11834319526628,80.61538461538463,0
per_huruf,4,734,0.13475307508720397,128.12426035502958,80.53846153846155,128.12426035502958,80.53846153846155,0
per_huruf,4,735,0.1349366623829631,128.12426035502958,80.46153846153845,128.12426035502958,80.46153846153845,0
per_huruf,4,736,0.13512024967872224,128.11834319526628,80.38461538461539,128.11834319526628,80.38461538461539,0
per_huruf,4,737,0.13530383697448137,128.10650887573962,80.30769230769229,128.10650887573962,80.30769230769229,0
per_huruf,4,738,0.1354874242702405,128.0887573964497,80.23076923076923,128.0887573964497,80.23076923076923,0
per_huruf,4,739,0.13567101156599964,128.06508875739644,80.15384615384616,128.06508875739644,80.15384615384616,0
per_huruf,4,740,0.13585459886175877,128.03550295857988,80.07692307692308,128.03550295857988,80.07692307692308,0
per_huruf,4,741,0.1360381861575179,128.0,80.0,128.0,80.0,0
per_huruf,4,742,0.13622177345327705,127.95311788802914,79.92307692307695,127.95311788802914,79.92307692307695,0
per_huruf,4,743,0.13640536074903617,127.89121529358216,79.84615384615385,127.89121529358216,79.84615384615385,0
per_huruf,4,744,0.1365889480447953,127.81702321347291,79.76923076923076,127.81702321347291,79.76923076923076,0
per_huruf,4,745,0.13677253534055445,127.73327264451524,79.6923076923077,127.73327264451524,79.6923076923077,0
per_huruf,4,746,0.13695612263631357,127.64269458352301,79.61538461538463,127.64269458352301,79.61538461538463,0
per_huruf,4,747,0.1371397099320727,127.54802002730997,79.53846153846155,127.54802002730997,79.53846153846155,0
per_huruf,4,748,0.13732329722783185,127.45197997269003,79.46153846153847,127.45197997269003,79.46153846153847,0
per_huruf,4,749,0.13750688452359097,127.35730541647702,79.38461538461539,127.35730541647702,79.38461538461539,0
per_huruf,4,750,0.1376904718193501,127.26672735548475,79.3076923076923,127.26672735548475,79.3076923076923,0
per_huruf,4,751,0.13787405911510922,127.18297678652706,79.23076923076923,127.18297678652706,79.23076923076923,0
per_huruf,4,752,0.13805764641086837,127.10878470641785,79.15384615384616,127.10878470641785,79.15384615384616,0
per_huruf,4,753,0.1382412337066275,127.04688211197087,79.07692307692308,127.04688211197087,79.07692307692308,0
per_huruf,4,754,0.13842482100238662,127.0,79.0,127.0,79.0,0
per_huruf,4,755,0.13860840829814577,126.96449704142013,78.92307692307693,126.96449704142013,78.92307692307693,0
per_huruf,4,756,0.1387919955939049,126.93491124260356,78.84615384615385,126.93491124260356,78.84615384615385,0
per_huruf,4,757,0.13897558288966402,126.91124260355029,78.76923076923076,126.91124260355029,78.76923076923076,0
per_huruf,4,758,0.13915917018542318,126.89349112426034,78.69230769230768,126.89349112426034,78.69230769230768,0
per_huruf,4,759,0.1393427574811823,126.88165680473374,78.61538461538463,126.88165680473374,78.61538461538463,0
per_huruf,4,760,0.13952634477694142,126.87573964497044,78.53846153846155,126.87573964497044,78.53846153846155,0
per_huruf,4,761,0.13970993207270058,126.87573964497042,78.46153846153845,126.87573964497042,78.46153846153845,0
per_huruf,4,762,0.1398935193684597,126.88165680473372,78.38461538461539,126.88165680473372,78.38461538461539,0
per_huruf,4,763,0.14007710666421883,126.89349112426035,78.30769230769229,126.89349112426035,78.30769230769229,0
per_huruf,4,764,0.14026069395997798,126.91124260355028,78.23076923076923,126.91124260355028,78.23076923076923,0
per_huruf,4,765,0.1404442812557371,126.93491124260355,78.15384615384616,126.93491124260355,78.15384615384616,0
per_huruf,4,766,0.14062786855149623,126.96449704142012,78.07692307692308,126.96449704142012,78.07692307692308,0
per_huruf,4,767,0.14081145584725538,127.0,78.0,127.0,78.0,0
per_huruf,4,768,0.1409950431430145,127.04415111515706,77.92307692307695,127.04415111515706,77.92307692307695,0
per_huruf,4,769,0.14117863043877363,127.09877105143379,77.84615384615385,127.09877105143379,77.84615384615385,0
per_huruf,4,770,0.14136221773453278,127.1624943104233,77.76923076923076,127.1624943104233,77.76923076923076,0
per_huruf,4,771,0.1415458050302919,127.23395539371869,77.69230769230768,127.23395539371869,77.69230769230768,0
per_huruf,4,772,0.14172939232605103,127.31178880291307,77.61538461538463,127.31178880291307,77.61538461538463,0
per_huruf,4,773,0.14191297962181018,127.39462903959947,77.53846153846155,127.39462903959947,77.53846153846155,0
per_huruf,4,774,0.1420965669175693,127.48111060537097,77.46153846153847,127.48111060537097,77.46153846153847,0
per_huruf,4,775,0.14228015421332843,127.56986800182067,77.38461538461539,127.56986800182067,77.38461538461539,0
per_huruf,4,776,0.14246374150908758,127.65953573054165,77.3076923076923,127.65953573054165,77.3076923076923,0
per_huruf,4,777,0.1426473288048467,127.74874829312698,77.23076923076923,127.74874829312698,77.23076923076923,0
per_huruf,4,778,0.14283091610060583,127.83614019116978,77.15384615384616,127.83614019116978,77.15384615384616,0
per_huruf,4,779,0.14301450339636498,127.92034592626308,77.07692307692307,127.92034592626308,77.07692307692307,0
per_huruf,4,780,0.1431980906921241,128.0,77.0,128.0,77.0,0
per_huruf,4,781,0.14338167798788323,128.0769230769231,76.92034592626311,128.0769230769231,76.92034592626311,0
per_huruf,4,782,0.14356526528364238,128.15384615384616,76.83614019116979,128.15384615384616,76.83614019116979,0
per_huruf,4,783,0.1437488525794015,128.23076923076923,76.748748293127,128.23076923076923,76.748748293127,0
per_huruf,4,784,0.14393243987516063,128.3076923076923,76.65953573054165,128.3076923076923,76.65953573054165,0
per_huruf,4,785,0.14411602717091979,128.3846153846154,76.56986800182068,128.3846153846154,76.56986800182068,0
per_huruf,4,786,0.1442996144666789,128.46153846153845,76.48111060537097,128.46153846153845,76.48111060537097,0
per_huruf,4,787,0.14448320176243803,128.53846153846152,76.39462903959945,128.53846153846152,76.39462903959945,0
per_huruf,4,788,0.14466678905819716,128.6153846153846,76.31178880291307,128.6153846153846,76.31178880291307,0
per_huruf,4,789,0.1448503763539563,128.69230769230768,76.2339553937187,128.69230769230768,76.2339553937187,0
per_huruf,4,790,0.14503396364971544,128.76923076923075,76.16249431042331,128.76923076923075,76.16249431042331,0
per_huruf,4,791,0.14521755094547456,128.84615384615384,76.09877105143377,128.84615384615384,76.09877105143377,0
per_huruf,4,792,0.1454011382412337,128.9230769230769,76.04415111515704,128.9230769230769,76.04415111515704,0
per_huruf,4,793,0.14558472553699284,129.0,76.0,129.0,76.0,0
per_huruf,4,794,0.14576831283275196,129.0769230769231,75.96722803823397,129.0769230769231,75.96722803823397,0
per_huruf,4,795,0.14595190012851111,129.15384615384616,75.94492489758763,129.15384615384616,75.94492489758763,0
per_huruf,4,796,0.14613548742427024,129.23076923076923,75.93172507965406,129.23076923076923,75.93172507965406,0
per_huruf,4,797,0.14631907472002936,129.3076923076923,75.9262630860264,129.3076923076923,75.9262630860264,0
per_huruf,4,798,0.14650266201578852,129.38461538461542,75.9271734182977,129.38461538461542,75.9271734182977,0
per_huruf,4,799,0.14668624931154764,129.46153846153848,75.933090578061,129.46153846153848,75.933090578061,0
per_huruf,4,800,0.14686983660730676,129.53846153846155,75.94264906690942,129.53846153846155,75.94264906690942,0
per_huruf,4,801,0.14705342390306592,129.6153846153846,75.95448338643604,129.6153846153846,75.95448338643604,0
per_huruf,4,802,0.14723701119882504,129.69230769230768,75.96722803823396,129.69230769230768,75.96722803823396,0
per_huruf,4,803,0.14742059849458417,129.76923076923077,75.97951752389622,129.76923076923077,75.97951752389622,0
per_huruf,4,804,0.14760418579034332,129.84615384615387,75.98998634501592,129.84615384615387,75.98998634501592,0
per_huruf,4,805,0.14778777308610244,129.9230769230769,75.99726900318616,129.9230769230769,75.99726900318616,0
per_huruf,4,806,0.14797136038186157,130.0,76.0,130.0,76.0,0
per_huruf,4,807,0.14815494767762072,130.0769230769231,76.00273099681385,130.0769230769231,76.00273099681385,0
per_huruf,4,808,0.14833853497337984,130.15384615384616,76.01001365498408,130.15384615384616,76.01001365498408,0
per_huruf,4,809,0.14852212226913897,130.23076923076923,76.02048247610378,130.23076923076923,76.02048247610378,0
per_huruf,4,810,0.14870570956489812,130.3076923076923,76.03277196176604,130.3076923076923,76.03277196176604,0
per_huruf,4,811,0.14888929686065724,130.3846153846154,76.04551661356396,130.3846153846154,76.04551661356396,0
per_huruf,4,812,0.14907288415641637,130.46153846153845,76.05735093309059,130.46153846153845,76.05735093309059,0
per_huruf,4,813,0.14925647145217552,130.53846153846155,76.066909421939,130.53846153846155,76.066909421939,0
per_huruf,4,814,0.14944005874793465,130.6153846153846,76.07282658170232,130.6153846153846,76.07282658170232,0
per_huruf,4,815,0.14962364604369377,130.69230769230768,76.0737369139736,130.69230769230768,76.0737369139736,0
per_huruf,4,816,0.14980723333945292,130.76923076923075,76.06827492034593,130.76923076923075,76.06827492034593,0
per_huruf,4,817,0.14999082063521205,130.84615384615384,76.05507510241239,130.84615384615384,76.05507510241239,0
per_huruf,4,818,0.15017440793097117,130.9230769230769,76.03277196176604,130.9230769230769,76.03277196176604,0
per_huruf,4,819,0.15035799522673032,131.0,76.0,131.0,76.0,0
per_huruf,4,820,0.15054158252248945,131.07692307692307,75.95311788802914,131.07692307692307,75.95311788802914,0
per_huruf,4,821,0.15072516981824857,131.1538461538462,75.89121529358215,131.1538461538462,75.89121529358215,0
per_huruf,4,822,0.15090875711400772,131.23076923076923,75.81702321347291,131.23076923076923,75.81702321347291,0
per_huruf,4,823,0.15109234440976685,131.30769230769232,75.73327264451524,131.30769230769232,75.73327264451524,0
per_huruf,4,824,0.15127593170552597,131.3846153846154,75.642694583523,131.3846153846154,75.642694583523,0
per_huruf,4,825,0.1514595190012851,131.46153846153848,75.54802002730997,131.46153846153848,75.54802002730997,0
per_huruf,4,826,0.15164310629704425,131.53846153846155,75.45197997269003,131.53846153846155,75.45197997269003,0
per_huruf,4,827,0.15182669359280337,131.6153846153846,75.35730541647703,131.6153846153846,75.35730541647703,0
per_huruf,4,828,0.1520102808885625,131.69230769230768,75.26672735548475,131.69230769230768,75.26672735548475,0
per_huruf,4,829,0.15219386818432165,131.76923076923077,75.18297678652708,131.76923076923077,75.18297678652708,0
per_huruf,4,830,0.15237745548008078,131.84615384615384,75.10878470641785,131.84615384615384,75.10878470641785,0
per_huruf,4,831,0.1525610427758399,131.9230769230769,75.04688211197086,131.9230769230769,75.04688211197086,0
per_huruf,4,832,0.15274463007159905,132.0,75.0,132.0,75.0,0
per_huruf,4,833,0.15292821736735818,132.0769230769231,74.96722803823397,132.0769230769231,74.96722803823397,0
per_huruf,4,834,0.1531118046631173,132.15384615384616,74.94492489758763,132.15384615384616,74.94492489758763,0
per_huruf,4,835,0.15329539195887645,132.2307692307692,74.93172507965407,132.2307692307692,74.93172507965407,0
per_huruf,4,836,0.15347897925463558,132.3076923076923,74.92626308602638,132.3076923076923,74.92626308602638,0
per_huruf,4,837,0.1536625665503947,132.38461538461542,74.9271734182977,132.38461538461542,74.9271734182977,0
per_huruf,4,838,0.15384615384615385,132.46153846153845,74.93309057806098,132.46153846153845,74.93309057806098,0
per_huruf,4,839,0.15402974114191298,132.53846153846155,74.94264906690942,132.53846153846155,74.94264906690942,0
per_huruf,4,840,0.1542133284376721,132.6153846153846,74.95448338643604,132.6153846153846,74.95448338643604,0
per_huruf,4,841,0.15439691573343126,132.69230769230768,74.96722803823396,132.69230769230768,74.96722803823396,0
per_huruf,4,842,0.15458050302919038,132.76923076923075,74.97951752389622,132.76923076923075,74.97951752389622,0
per_huruf,4,843,0.1547640903249495,132.84615384615387,74.98998634501592,132.84615384615387,74.98998634501592,0
per_huruf,4,844,0.15494767762070866,132.9230769230769,74.99726900318616,132.9230769230769,74.99726900318616,0
per_huruf,4,845,0.15513126491646778,133.0,75.0,133.0,75.0,0
per_huruf,4,846,0.1553148522122269,133.0769230769231,75.00000000000001,133.0769230769231,75.00000000000001,0
per_huruf,4,847,0.15549843950798606,133.15384615384616,75.0,133.15384615384616,75.0,0
per_huruf,4,848,0.15568202680374518,133.2307692307692,75.0,133.2307692307692,75.0,0
per_huruf,4,849,0.1558656140995043,133.3076923076923,74.99999999999999,133.3076923076923,74.99999999999999,0
per_huruf,4,850,0.15604920139526346,133.38461538461542,75.00000000000001,133.38461538461542,75.00000000000001,0
per_huruf,4,851,0.15623278869102258,133.46153846153848,75.0,133.46153846153848,75.0,0
per_huruf,4,852,0.1564163759867817,133.53846153846155,75.0,133.53846153846155,75.0,0
per_huruf,4,853,0.15659996328254086,133.6153846153846,75.0,133.6153846153846,75.0,0
per_huruf,4,854,0.15678355057829998,133.69230769230768,75.0,133.69230769230768,75.0,0
per_huruf,4,855,0.1569671378740591,133.76923076923077,75.0,133.76923076923077,75.0,0
per_huruf,4,856,0.15715072516981826,133.84615384615384,75.0,133.84615384615384,75.0,0
per_huruf,4,857,0.1573343124655774,133.9230769230769,75.0,133.9230769230769,75.0,0
per_huruf,4,858,0.1575178997613365,134.0,75.0,134.0,75.0,0
per_huruf,4,859,0.15770148705709566,134.07692307692312,75.00000000000001,134.07692307692312,75.00000000000001,0
per_huruf,4,860,0.1578850743528548,134.15384615384616,75.0,134.15384615384616,75.0,0
per_huruf,4,861,0.1580686616486139,134.2307692307692,75.0,134.2307692307692,75.0,0
per_huruf,4,862,0.15825224894437304,134.3076923076923,74.99999999999999,134.3076923076923,74.99999999999999,0
per_huruf,4,863,0.1584358362401322,134.38461538461542,75.00000000000001,134.38461538461542,75.00000000000001,0
per_huruf,4,864,0.1586194235358913,134.46153846153845,75.0,134.46153846153845,75.0,0
per_huruf,4,865,0.15880301083165044,134.53846153846155,75.0,134.53846153846155,75.0,0
per_huruf,4,866,0.1589865981274096,134.6153846153846,75.0,134.6153846153846,75.0,0
per_huruf,4,867,0.15917018542316871,134.69230769230768,75.0,134.69230769230768,75.0,0
per_huruf,4,868,0.15935377271892784,134.76923076923075,75.0,134.76923076923075,75.0,0
per_huruf,4,869,0.159537360014687,134.84615384615384,75.0,134.84615384615384,75.0,0
per_huruf,4,870,0.15972094731044612,134.9230769230769,75.0,134.9230769230769,75.0,0
per_huruf,4,871,0.15990453460620524,135.0,75.0,135.0,75.0,0
per_huruf,4,872,0.1600881219019644,135.07692307692307,75.00273099681385,135.07692307692307,75.00273099681385,0
per_huruf,4,873,0.16027170919772352,135.15384615384616,75.01001365498406,135.15384615384616,75.01001365498406,0
per_huruf,4,874,0.16045529649348264,135.23076923076923,75.02048247610378,135.23076923076923,75.02048247610378,0
per_huruf,4,875,0.1606388837892418,135.3076923076923,75.03277196176603,135.3076923076923,75.03277196176603,0
per_huruf,4,876,0.16082247108500092,135.38461538461542,75.04551661356396,135.38461538461542,75.04551661356396,0
per_huruf,4,877,0.16100605838076004,135.46153846153848,75.05735093309059,135.46153846153848,75.05735093309059,0
per_huruf,4,878,0.1611896456765192,135.53846153846155,75.06690942193902,135.53846153846155,75.06690942193902,0
per_huruf,4,879,0.16137323297227832,135.6153846153846,75.07282658170233,135.6153846153846,75.07282658170233,0
per_huruf,4,880,0.16155682026803744,135.69230769230768,75.0737369139736,135.69230769230768,75.0737369139736,0
per_huruf,4,881,0.1617404075637966,135.76923076923077,75.06827492034591,135.76923076923077,75.06827492034591,0
per_huruf,4,882,0.16192399485955572,135.84615384615387,75.05507510241239,135.84615384615387,75.05507510241239,0
per_huruf,4,883,0.16210758215531484,135.9230769230769,75.03277196176604,135.9230769230769,75.03277196176604,0
per_huruf,4,884,0.162291169451074,136.0,75.0,136.0,75.0,0
per_huruf,4,885,0.16247475674683312,136.0769230769231,74.95311788802914,136.0769230769231,74.95311788802914,0
per_huruf,4,886,0.16265834404259225,136.15384615384616,74.89121529358216,136.15384615384616,74.89121529358216,0
per_huruf,4,887,0.1628419313383514,136.23076923076923,74.81702321347292,136.23076923076923,74.81702321347292,0
per_huruf,4,888,0.16302551863411052,136.30769230769232,74.73327264451524,136.30769230769232,74.73327264451524,0
per_huruf,4,889,0.16320910592986965,136.38461538461542,74.642694583523,136.38461538461542,74.642694583523,0
per_huruf,4,890,0.1633926932256288,136.46153846153848,74.54802002730997,136.46153846153848,74.54802002730997,0
per_huruf,4,891,0.16357628052138792,136.53846153846155,74.45197997269004,136.53846153846155,74.45197997269004,0
per_huruf,4,892,0.16375986781714705,136.6153846153846,74.35730541647702,136.6153846153846,74.35730541647702,0
per_huruf,4,893,0.1639434551129062,136.69230769230768,74.26672735548476,136.69230769230768,74.26672735548476,0
per_huruf,4,894,0.16412704240866532,136.76923076923075,74.18297678652708,136.76923076923075,74.18297678652708,0
per_huruf,4,895,0.16431062970442445,136.84615384615387,74.10878470641785,136.84615384615387,74.10878470641785,0
per_huruf,4,896,0.16449421700018357,136.9230769230769,74.04688211197087,136.9230769230769,74.04688211197087,0
per_huruf,4,897,0.16467780429594273,137.0,74.0,137.0,74.0,0
per_huruf,4,898,0.16486139159170185,137.0769230769231,73.9699590350478,137.0769230769231,73.9699590350478,0
per_huruf,4,899,0.16504497888746097,137.15384615384616,73.95493855257169,137.15384615384616,73.95493855257169,0
per_huruf,4,900,0.16522856618322013,137.23076923076923,73.95220755575785,137.23076923076923,73.95220755575785,0
per_huruf,4,901,0.16541215347897925,137.3076923076923,73.95903504779244,137.3076923076923,73.95903504779244,0
per_huruf,4,902,0.16559574077473838,137.38461538461542,73.97269003186165,137.38461538461542,73.97269003186165,0
per_huruf,4,903,0.16577932807049753,137.46153846153848,73.99044151115157,137.46153846153848,73.99044151115157,0
per_huruf,4,904,0.16596291536625665,137.53846153846155,74.00955848884843,137.53846153846155,74.00955848884843,0
per_huruf,4,905,0.16614650266201578,137.6153846153846,74.02730996813837,137.6153846153846,74.02730996813837,0
per_huruf,4,906,0.16633008995777493,137.69230769230768,74.04096495220756,137.69230769230768,74.04096495220756,0
per_huruf,4,907,0.16651367725353405,137.76923076923077,74.04779244424215,137.76923076923077,74.04779244424215,0
per_huruf,4,908,0.16669726454929318,137.84615384615387,74.04506144742831,137.84615384615387,74.04506144742831,0
per_huruf,4,909,0.16688085184505233,137.9230769230769,74.0300409649522,137.9230769230769,74.0300409649522,0
per_huruf,4,910,0.16706443914081145,138.0,74.0,138.0,74.0,0
per_huruf,4,911,0.16724802643657058,138.07965407373692,73.95584888484298,138.07965407373692,73.95584888484298,0
per_huruf,4,912,0.16743161373232973,138.16385980883024,73.90122894856623,138.16385980883024,73.90122894856623,0
per_huruf,4,913,0.16761520102808886,138.251251706873,73.83750568957669,138.251251706873,73.83750568957669,0
per_huruf,4,914,0.16779878832384798,138.34046426945835,73.76604460628127,138.34046426945835,73.76604460628127,0
per_huruf,4,915,0.16798237561960713,138.43013199817935,73.68821119708693,138.43013199817935,73.68821119708693,0
per_huruf,4,916,0.16816596291536626,138.51888939462907,73.60537096040053,138.51888939462907,73.60537096040053,0
per_huruf,4,917,0.16834955021112538,138.60537096040056,73.51888939462903,138.60537096040056,73.51888939462903,0
per_huruf,4,918,0.16853313750688453,138.68821119708696,73.43013199817933,138.68821119708696,73.43013199817933,0
per_huruf,4,919,0.16871672480264366,138.7660446062813,73.34046426945835,138.7660446062813,73.34046426945835,0
per_huruf,4,920,0.16890031209840278,138.8375056895767,73.251251706873,138.8375056895767,73.251251706873,0
per_huruf,4,921,0.16908389939416194,138.90122894856626,73.16385980883022,138.90122894856626,73.16385980883022,0
per_huruf,4,922,0.16926748668992106,138.95584888484296,73.07965407373692,138.95584888484296,73.07965407373692,0
per_huruf,4,923,0.16945107398568018,139.0,73.0,139.0,73.0,0
per_huruf,4,924,0.16963466128143934,139.03277196176606,72.92307692307693,139.03277196176606,72.92307692307693,0
per_huruf,4,925,0.16981824857719846,139.0550751024124,72.84615384615385,139.0550751024124,72.84615384615385,0
per_huruf,4,926,0.17000183587295759,139.0682749203459,72.76923076923076,139.0682749203459,72.76923076923076,0
per_huruf,4,927,0.17018542316871674,139.07373691397356,72.6923076923077,139.07373691397356,72.6923076923077,0
per_huruf,4,928,0.17036901046447586,139.07282658170234,72.61538461538461,139.07282658170234,72.61538461538461,0
per_huruf,4,929,0.170552597760235,139.06690942193902,72.53846153846153,139.06690942193902,72.53846153846153,0
per_huruf,4,930,0.17073618505599414,139.0573509330906,72.46153846153845,139.0573509330906,72.46153846153845,0
per_huruf,4,931,0.17091977235175326,139.04551661356396,72.38461538461539,139.04551661356396,72.38461538461539,0
per_huruf,4,932,0.1711033596475124,139.03277196176603,72.3076923076923,139.03277196176603,72.3076923076923,0
per_huruf,4,933,0.1712869469432715,139.02048247610378,72.23076923076923,139.02048247610378,72.23076923076923,0
per_huruf,4,934,0.17147053423903066,139.01001365498408,72.15384615384616,139.01001365498408,72.15384615384616,0
per_huruf,4,935,0.1716541215347898,139.00273099681382,72.07692307692307,139.00273099681382,72.07692307692307,0
per_huruf,4,936,0.1718377088305489,139.0,72.0,139.0,72.0,0
per_huruf,4,937,0.17202129612630807,139.00000000000003,71.92307692307695,139.00000000000003,71.92307692307695,0
per_huruf,4,938,0.1722048834220672,139.0,71.84615384615385,139.0,71.84615384615385,0
per_huruf,4,939,0.17238847071782631,138.99999999999997,71.76923076923076,138.99999999999997,71.76923076923076,0
per_huruf,4,940,0.17257205801358547,138.99999999999997,71.6923076923077,138.99999999999997,71.6923076923077,0
per_huruf,4,941,0.1727556453093446,139.0,71.61538461538461,139.0,71.61538461538461,0
per_huruf,4,942,0.17293923260510372,139.0,71.53846153846155,139.0,71.53846153846155,0
per_huruf,4,943,0.17312281990086287,139.0,71.46153846153847,139.0,71.46153846153847,0
per_huruf,4,944,0.173306407196622,139.0,71.38461538461539,139.0,71.38461538461539,0
per_huruf,4,945,0.17348999449238112,139.0,71.3076923076923,139.0,71.3076923076923,0
per_huruf,4,946,0.17367358178814027,139.0,71.23076923076923,139.0,71.23076923076923,0
per_huruf,4,947,0.1738571690838994,139.0,71.15384615384616,139.0,71.15384615384616,0
per_huruf,4,948,0.17404075637965852,139.0,71.07692307692308,139.0,71.07692307692308,0
per_huruf,4,949,0.17422434367541767,139.0,71.0,139.0,71.0,0
per_huruf,4,950,0.1744079309711768,139.00000000000003,70.92307692307693,139.00000000000003,70.92307692307693,0
per_huruf,4,951,0.17459151826693592,139.0,70.84615384615385,139.0,70.84615384615385,0
per_huruf,4,952,0.17477510556269507,138.99999999999997,70.76923076923076,138.99999999999997,70.76923076923076,0
per_huruf,4,953,0.1749586928584542,138.99999999999997,70.69230769230768,138.99999999999997,70.69230769230768,0
per_huruf,4,954,0.17514228015421332,139.0,70.61538461538463,139.0,70.61538461538463,0
per_huruf,4,955,0.17532586744997247,139.0,70.53846153846155,139.0,70.53846153846155,0
per_huruf,4,956,0.1755094547457316,139.0,70.46153846153845,139.0,70.46153846153845,0
per_huruf,4,957,0.17569304204149072,139.0,70.38461538461539,139.0,70.38461538461539,0
per_huruf,4,958,0.17587662933724987,139.0,70.3076923076923,139.0,70.3076923076923,0
per_huruf,4,959,0.176060216633009,139.0,70.23076923076923,139.0,70.23076923076923,0
per_huruf,4,960,0.17624380392876812,139.0,70.15384615384616,139.0,70.15384615384616,0
per_huruf,4,961,0.17642739122452727,139.0,70.07692307692308,139.0,70.07692307692308,0
per_huruf,4,962,0.1766109785202864,139.0,70.0,139.0,70.0,0
per_huruf,4,963,0.17679456581604552,139.00000000000003,69.92307692307695,139.00000000000003,69.92307692307695,0
per_huruf,4,964,0.17697815311180468,139.0,69.84615384615384,139.0,69.84615384615384,0
per_huruf,4,965,0.1771617404075638,138.99999999999997,69.76923076923076,138.99999999999997,69.76923076923076,0
per_huruf,4,966,0.17734532770332292,138.99999999999997,69.69230769230768,138.99999999999997,69.69230769230768,0
per_huruf,4,967,0.17752891499908208,139.0,69.61538461538461,139.0,69.61538461538461,0
per_huruf,4,968,0.1777125022948412,139.0,69.53846153846155,139.0,69.53846153846155,0
per_huruf,4,969,0.17789608959060033,139.0,69.46153846153847,139.0,69.46153846153847,0
per_huruf,4,970,0.17807967688635945,139.0,69.38461538461539,139.0,69.38461538461539,0
per_huruf,4,971,0.1782632641821186,139.0,69.3076923076923,139.0,69.3076923076923,0
per_huruf,4,972,0.17844685147787773,139.0,69.23076923076923,139.0,69.23076923076923,0
per_huruf,4,973,0.17863043877363685,139.0,69.15384615384616,139.0,69.15384615384616,0
per_huruf,4,974,0.178814026069396,139.0,69.07692307692308,139.0,69.07692307692308,0
per_huruf,4,975,0.17899761336515513,139.0,69.0,139.0,69.0,0
per_huruf,4,976,0.17918120066091425,139.00000000000003,68.92307692307692,139.00000000000003,68.92307692307692,0
per_huruf,4,977,0.1793647879566734,139.0,68.84615384615385,139.0,68.84615384615385,0
per_huruf,4,978,0.17954837525243253,138.99999999999997,68.76923076923076,138.99999999999997,68.76923076923076,0
per_huruf,4,979,0.17973196254819165,138.99999999999997,68.6923076923077,138.99999999999997,68.6923076923077,0
per_huruf,4,980,0.1799155498439508,139.0,68.61538461538463,139.0,68.61538461538463,0
per_huruf,4,981,0.18009913713970993,139.0,68.53846153846155,139.0,68.53846153846155,0
per_huruf,4,982,0.18028272443546906,139.0,68.46153846153847,139.0,68.46153846153847,0
per_huruf,4,983,0.1804663117312282,139.0,68.38461538461539,139.0,68.38461538461539,0
per_huruf,4,984,0.18064989902698733,139.0,68.30769230769229,139.0,68.30769230769229,0
per_huruf,4,985,0.18083348632274646,139.0,68.23076923076923,139.0,68.23076923076923,0
per_huruf,4,986,0.1810170736185056,139.0,68.15384615384616,139.0,68.15384615384616,0
per_huruf,4,987,0.18120066091426473,139.0,68.07692307692308,139.0,68.07692307692308,0
per_huruf,4,988,0.18138424821002386,139.0,68.0,139.0,68.0,0
per_huruf,4,989,0.181567835505783,139.00000000000003,67.92307692307693,139.00000000000003,67.92307692307693,0
per_huruf,4,990,0.18175142280154213,139.0,67.84615384615385,139.0,67.84615384615385,0
per_huruf,4,991,0.18193501009730126,138.99999999999997,67.76923076923076,138.99999999999997,67.76923076923076,0
per_huruf,4,992,0.1821185973930604,138.99999999999997,67.69230769230768,138.99999999999997,67.69230769230768,0
per_huruf,4,993,0.18230218468881954,139.0,67.61538461538463,139.0,67.61538461538463,0
per_huruf,4,994,0.18248577198457866,139.0,67.53846153846155,139.0,67.53846153846155,0
per_huruf,4,995,0.1826693592803378,139.0,67.46153846153845,139.0,67.46153846153845,0
per_huruf,4,996,0.18285294657609694,139.0,67.38461538461539,139.0,67.38461538461539,0
per_huruf,4,997,0.18303653387185606,139.0,67.3076923076923,139.0,67.3076923076923,0
per_huruf,4,998,0.1832201211676152,139.0,67.23076923076923,139.0,67.23076923076923,0
per_huruf,4,999,0.18340370846337434,139.0,67.15384615384616,139.0,67.15384615384616,0
per_huruf,4,1000,0.18358729575913346,139.0,67.07692307692308,139.0,67.07692307692308,0
per_huruf,4,1001,0.18377088305489261,139.0,67.0,139.0,67.0,0
per_huruf,4,1002,0.18395447035065174,139.00000000000003,66.92307692307693,139.00000000000003,66.92307692307693,0
per_huruf,4,1003,0.18413805764641086,139.0,66.84615384615385,139.0,66.84615384615385,0
per_huruf,4,1004,0.18432164494217002,138.99999999999997,66.76923076923076,138.99999999999997,66.76923076923076,0
per_huruf,4,1005,0.18450523223792914,138.99999999999997,66.69230769230768,138.99999999999997,66.69230769230768,0
per_huruf,4,1006,0.18468881953368826,139.0,66.61538461538463,139.0,66.61538461538463,0
per_huruf,4,1007,0.1848724068294474,139.0,66.53846153846155,139.0,66.53846153846155,0
per_huruf,4,1008,0.18505599412520654,139.0,66.46153846153847,139.0,66.46153846153847,0
per_huruf,4,1009,0.18523958142096567,139.0,66.38461538461539,139.0,66.38461538461539,0
per_huruf,4,1010,0.1854231687167248,139.0,66.3076923076923,139.0,66.3076923076923,0
per_huruf,4,1011,0.18560675601248394,139.0,66.23076923076923,139.0,66.23076923076923,0
per_huruf,4,1012,0.18579034330824307,139.0,66.15384615384616,139.0,66.15384615384616,0
per_huruf,4,1013,0.1859739306040022,139.0,66.07692307692308,139.0,66.07692307692308,0
per_huruf,4,1014,0.18615751789976134,139.0,66.0,139.0,66.0,0
per_huruf,4,1015,0.18634110519552047,139.00000000000003,65.92307692307693,139.00000000000003,65.92307692307693,0
per_huruf,4,1016,0.1865246924912796,139.0,65.84615384615385,139.0,65.84615384615385,0
per_huruf,4,1017,0.18670827978703874,138.99999999999997,65.76923076923077,138.99999999999997,65.76923076923077,0
per_huruf,4,1018,0.18689186708279787,138.99999999999997,65.6923076923077,138.99999999999997,65.6923076923077,0
per_huruf,4,1019,0.187075454378557,139.0,65.61538461538461,139.0,65.61538461538461,0
per_huruf,4,1020,0.18725904167431615,139.0,65.53846153846153,139.0,65.53846153846153,0
per_huruf,4,1021,0.18744262897007527,139.0,65.46153846153847,139.0,65.46153846153847,0
per_huruf,4,1022,0.1876262162658344,139.0,65.38461538461539,139.0,65.38461538461539,0
per_huruf,4,1023,0.18780980356159355,139.0,65.3076923076923,139.0,65.3076923076923,0
per_huruf,4,1024,0.18799339085735267,139.0,65.23076923076923,139.0,65.23076923076923,0
per_huruf,4,1025,0.1881769781531118,139.0,65.15384615384616,139.0,65.15384615384616,0
per_huruf,4,1026,0.18836056544887095,139.0,65.07692307692307,139.0,65.07692307692307,0
per_huruf,4,1027,0.18854415274463007,139.0,65.0,139.0,65.0,0
per_huruf,4,1028,0.1887277400403892,139.00000000000003,64.92307692307693,139.00000000000003,64.92307692307693,0
per_huruf,4,1029,0.18891132733614835,139.0,64.84615384615385,139.0,64.84615384615385,0
per_huruf,4,1030,0.18909491463190747,138.99999999999997,64.76923076923076,138.99999999999997,64.76923076923076,0
per_huruf,4,1031,0.1892785019276666,138.99999999999997,64.6923076923077,138.99999999999997,64.6923076923077,0
per_huruf,4,1032,0.18946208922342575,139.0,64.61538461538463,139.0,64.61538461538463,0
per_huruf,4,1033,0.18964567651918487,139.0,64.53846153846155,139.0,64.53846153846155,0
per_huruf,4,1034,0.189829263814944,139.0,64.46153846153847,139.0,64.46153846153847,0
per_huruf,4,1035,0.19001285111070315,139.0,64.38461538461539,139.0,64.38461538461539,0
per_huruf,4,1036,0.19019643840646228,139.0,64.3076923076923,139.0,64.3076923076923,0
per_huruf,4,1037,0.1903800257022214,139.0,64.23076923076923,139.0,64.23076923076923,0
per_huruf,4,1038,0.19056361299798055,139.0,64.15384615384616,139.0,64.15384615384616,0
per_huruf,4,1039,0.19074720029373968,139.0,64.07692307692307,139.0,64.07692307692307,0
per_huruf,4,1040,0.1909307875894988,139.0,64.0,139.0,64.0,0
per_huruf,4,1041,0.19111437488525795,139.00000000000003,63.92307692307693,139.00000000000003,63.92307692307693,0
per_huruf,4,1042,0.19129796218101708,139.0,63.846153846153854,139.0,63.846153846153854,0
per_huruf,4,1043,0.1914815494767762,138.99999999999997,63.76923076923076,138.99999999999997,63.76923076923076,0
per_huruf,4,1044,0.19166513677253533,138.99999999999997,63.69230769230769,138.99999999999997,63.69230769230769,0
per_huruf,4,1045,0.19184872406829448,139.0,63.61538461538463,139.0,63.61538461538463,0
per_huruf,4,1046,0.1920323113640536,139.0,63.53846153846155,139.0,63.53846153846155,0
per_huruf,4,1047,0.19221589865981273,139.0,63.46153846153847,139.0,63.46153846153847,0
per_huruf,4,1048,0.19239948595557188,139.0,63.38461538461539,139.0,63.38461538461539,0
per_huruf,4,1049,0.192583073251331,139.0,63.30769230769231,139.0,63.30769230769231,0
per_huruf,4,1050,0.19276666054709013,139.0,63.230769230769226,139.0,63.230769230769226,0
per_huruf,4,1051,0.19295024784284928,139.0,63.15384615384615,139.0,63.15384615384615,0
per_huruf,4,1052,0.1931338351386084,139.0,63.07692307692307,139.0,63.07692307692307,0
per_huruf,4,1053,0.19331742243436753,139.0,63.0,139.0,63.0,0
per_huruf,4,1054,0.19350100973012668,139.00000000000003,62.92307692307693,139.00000000000003,62.92307692307693,0
per_huruf,4,1055,0.1936845970258858,139.0,62.84615384615384,139.0,62.84615384615384,0
per_huruf,4,1056,0.19386818432164493,138.99999999999997,62.76923076923077,138.99999999999997,62.76923076923077,0
per_huruf,4,1057,0.19405177161740408,138.99999999999997,62.69230769230768,138.99999999999997,62.69230769230768,0
per_huruf,4,1058,0.1942353589131632,139.0,62.61538461538463,139.0,62.61538461538463,0
per_huruf,4,1059,0.19441894620892233,139.0,62.53846153846154,139.0,62.53846153846154,0
per_huruf,4,1060,0.19460253350468149,139.0,62.46153846153847,139.0,62.46153846153847,0
per_huruf,4,1061,0.1947861208004406,139.0,62.38461538461539,139.0,62.38461538461539,0
per_huruf,4,1062,0.19496970809619973,139.0,62.30769230769231,139.0,62.30769230769231,0
per_huruf,4,1063,0.1951532953919589,139.0,62.230769230769226,139.0,62.230769230769226,0
per_huruf,4,1064,0.195336882687718,139.0,62.15384615384615,139.0,62.15384615384615,0
per_huruf,4,1065,0.19552046998347714,139.0,62.07692307692307,139.0,62.07692307692307,0
per_huruf,4,1066,0.1957040572792363,139.0,62.0,139.0,62.0,0
per_huruf,4,1067,0.1958876445749954,139.00000000000003,61.923076923076934,139.00000000000003,61.923076923076934,0
per_huruf,4,1068,0.19607123187075454,139.0,61.846153846153854,139.0,61.846153846153854,0
per_huruf,4,1069,0.1962548191665137,138.99999999999997,61.76923076923076,138.99999999999997,61.76923076923076,0
per_huruf,4,1070,0.1964384064622728,138.99999999999997,61.692307692307686,138.99999999999997,61.692307692307686,0
per_huruf,4,1071,0.19662199375803194,139.0,61.61538461538461,139.0,61.61538461538461,0
per_huruf,4,1072,0.1968055810537911,139.0,61.53846153846155,139.0,61.53846153846155,0
per_huruf,4,1073,0.19698916834955021,139.0,61.46153846153847,139.0,61.46153846153847,0
per_huruf,4,1074,0.19717275564530934,139.0,61.384615384615394,139.0,61.384615384615394,0
per_huruf,4,1075,0.1973563429410685,139.0,61.3076923076923,139.0,61.3076923076923,0
per_huruf,4,1076,0.19753993023682762,139.0,61.230769230769226,139.0,61.230769230769226,0
per_huruf,4,1077,0.19772351753258674,139.0,61.15384615384616,139.0,61.15384615384616,0
per_huruf,4,1078,0.1979071048283459,139.0,61.07692307692307,139.0,61.07692307692307,0
per_huruf,4,1079,0.19809069212410502,139.0,61.0,139.0,61.0,0
per_huruf,4,1080,0.19827427941986414,139.00273099681385,60.92307692307693,139.00273099681385,60.92307692307693,0
per_huruf,4,1081,0.19845786671562327,139.01001365498408,60.84615384615385,139.01001365498408,60.84615384615385,0
per_huruf,4,1082,0.19864145401138242,139.02048247610375,60.76923076923076,139.02048247610375,60.76923076923076,0
per_huruf,4,1083,0.19882504130714154,139.032771961766,60.692307692307686,139.032771961766,60.692307692307686,0
per_huruf,4,1084,0.19900862860290067,139.04551661356396,60.61538461538462,139.04551661356396,60.61538461538462,0
per_huruf,4,1085,0.19919221589865982,139.0573509330906,60.53846153846153,139.0573509330906,60.53846153846153,0
per_huruf,4,1086,0.19937580319441894,139.06690942193902,60.46153846153846,139.06690942193902,60.46153846153846,0
per_huruf,4,1087,0.19955939049017807,139.07282658170232,60.38461538461539,139.07282658170232,60.38461538461539,0
per_huruf,4,1088,0.19974297778593722,139.0737369139736,60.30769230769231,139.0737369139736,60.30769230769231,0
per_huruf,4,1089,0.19992656508169634,139.0682749203459,60.230769230769226,139.0682749203459,60.230769230769226,0
per_huruf,4,1090,0.20011015237745547,139.0550751024124,60.15384615384615,139.0550751024124,60.15384615384615,0
per_huruf,4,1091,0.20029373967321462,139.03277196176603,60.07692307692307,139.03277196176603,60.07692307692307,0
per_huruf,4,1092,0.20047732696897375,139.0,60.0,139.0,60.0,0
per_huruf,4,1093,0.20066091426473287,138.95311788802914,59.92307692307693,138.95311788802914,59.92307692307693,0
per_huruf,4,1094,0.20084450156049202,138.89121529358215,59.84615384615385,138.89121529358215,59.84615384615385,0
per_huruf,4,1095,0.20102808885625115,138.8170232134729,59.76923076923076,138.8170232134729,59.76923076923076,0
per_huruf,4,1096,0.20121167615201027,138.7332726445152,59.69230769230769,138.7332726445152,59.69230769230769,0
per_huruf,4,1097,0.20139526344776942,138.642694583523,59.61538461538462,138.642694583523,59.61538461538462,0
per_huruf,4,1098,0.20157885074352855,138.54802002730997,59.53846153846155,138.54802002730997,59.53846153846155,0
per_huruf,4,1099,0.20176243803928767,138.45197997269003,59.46153846153846,138.45197997269003,59.46153846153846,0
per_huruf,4,1100,0.20194602533504682,138.357305416477,59.38461538461539,138.357305416477,59.38461538461539,0
per_huruf,4,1101,0.20212961263080595,138.26672735548473,59.30769230769231,138.26672735548473,59.30769230769231,0
per_huruf,4,1102,0.20231319992656507,138.1829767865271,59.230769230769226,138.1829767865271,59.230769230769226,0
per_huruf,4,1103,0.20249678722232423,138.10878470641785,59.15384615384615,138.10878470641785,59.15384615384615,0
per_huruf,4,1104,0.20268037451808335,138.04688211197086,59.07692307692307,138.04688211197086,59.07692307692307,0
per_huruf,4,1105,0.20286396181384247,138.0,59.0,138.0,59.0,0
per_huruf,4,1106,0.20304754910960163,137.967228038234,58.92307692307693,137.967228038234,58.92307692307693,0
per_huruf,4,1107,0.20323113640536075,137.94492489758764,58.84615384615385,137.94492489758764,58.84615384615385,0
per_huruf,4,1108,0.20341472370111988,137.93172507965406,58.76923076923077,137.93172507965406,58.76923076923077,0
per_huruf,4,1109,0.20359831099687903,137.92626308602638,58.692307692307686,137.92626308602638,58.692307692307686,0
per_huruf,4,1110,0.20378189829263815,137.92717341829768,58.61538461538462,137.92717341829768,58.61538461538462,0
per_huruf,4,1111,0.20396548558839728,137.933090578061,58.53846153846154,137.933090578061,58.53846153846154,0
per_huruf,4,1112,0.20414907288415643,137.9426490669094,58.46153846153847,137.9426490669094,58.46153846153847,0
per_huruf,4,1113,0.20433266017991555,137.95448338643607,58.38461538461539,137.95448338643607,58.38461538461539,0
per_huruf,4,1114,0.20451624747567468,137.96722803823394,58.30769230769231,137.96722803823394,58.30769230769231,0
per_huruf,4,1115,0.20469983477143383,137.97951752389622,58.230769230769226,137.97951752389622,58.230769230769226,0
per_huruf,4,1116,0.20488342206719296,137.98998634501595,58.15384615384615,137.98998634501595,58.15384615384615,0
per_huruf,4,1117,0.20506700936295208,137.99726900318615,58.07692307692307,137.99726900318615,58.07692307692307,0
per_huruf,4,1118,0.2052505966587112,138.0,58.0,138.0,58.0,0
per_huruf,4,1119,0.20543418395447036,138.00000000000003,57.92307692307692,138.00000000000003,57.92307692307692,0
per_huruf,4,1120,0.20561777125022948,138.00000000000003,57.84615384615385,138.00000000000003,57.84615384615385,0
per_huruf,4,1121,0.2058013585459886,137.99999999999997,57.76923076923076,137.99999999999997,57.76923076923076,0
per_huruf,4,1122,0.20598494584174776,137.99999999999997,57.692307692307686,137.99999999999997,57.692307692307686,0
per_huruf,4,1123,0.20616853313750688,138.0,57.61538461538462,138.0,57.61538461538462,0
per_huruf,4,1124,0.206352120433266,138.00000000000003,57.53846153846155,138.00000000000003,57.53846153846155,0
per_huruf,4,1125,0.20653570772902516,138.0,57.46153846153846,138.0,57.46153846153846,0
per_huruf,4,1126,0.20671929502478428,138.0,57.38461538461539,138.0,57.38461538461539,0
per_huruf,4,1127,0.2069028823205434,138.0,57.30769230769231,138.0,57.30769230769231,0
per_huruf,4,1128,0.20708646961630256,138.0,57.230769230769226,138.0,57.230769230769226,0
per_huruf,4,1129,0.20727005691206168,138.0,57.153846153846146,138.0,57.153846153846146,0
per_huruf,4,1130,0.2074536442078208,138.0,57.07692307692307,138.0,57.07692307692307,0
per_huruf,4,1131,0.20763723150357996,138.0,57.0,138.0,57.0,0
per_huruf,4,1132,0.20782081879933909,138.00000000000003,56.92307692307693,138.00000000000003,56.92307692307693,0
per_huruf,4,1133,0.2080044060950982,138.00000000000003,56.846153846153854,138.00000000000003,56.846153846153854,0
per_huruf,4,1134,0.20818799339085736,137.99999999999997,56.76923076923075,137.99999999999997,56.76923076923075,0
per_huruf,4,1135,0.2083715806866165,137.99999999999997,56.692307692307686,137.99999999999997,56.692307692307686,0
per_huruf,4,1136,0.2085551679823756,138.0,56.61538461538462,138.0,56.61538461538462,0
per_huruf,4,1137,0.20873875527813476,138.00000000000003,56.53846153846154,138.00000000000003,56.53846153846154,0
per_huruf,4,1138,0.2089223425738939,138.0,56.46153846153846,138.0,56.46153846153846,0
per_huruf,4,1139,0.209105929869653,138.0,56.38461538461539,138.0,56.38461538461539,0
per_huruf,4,1140,0.20928951716541216,138.0,56.30769230769231,138.0,56.30769230769231,0
per_huruf,4,1141,0.2094731044611713,138.0,56.230769230769226,138.0,56.230769230769226,0
per_huruf,4,1142,0.2096566917569304,138.0,56.15384615384615,138.0,56.15384615384615,0
per_huruf,4,1143,0.20984027905268957,138.0,56.07692307692307,138.0,56.07692307692307,0
per_huruf,4,1144,0.2100238663484487,138.0,56.0,138.0,56.0,0
per_huruf,4,1145,0.21020745364420781,138.00000000000003,55.923076923076934,138.00000000000003,55.923076923076934,0
per_huruf,4,1146,0.21039104093996697,138.00000000000003,55.846153846153854,138.00000000000003,55.846153846153854,0
per_huruf,4,1147,0.2105746282357261,137.99999999999997,55.76923076923076,137.99999999999997,55.76923076923076,0
per_huruf,4,1148,0.21075821553148522,137.99999999999997,55.69230769230769,137.99999999999997,55.69230769230769,0
per_huruf,4,1149,0.21094180282724437,138.0,55.61538461538462,138.0,55.61538461538462,0
per_huruf,4,1150,0.2111253901230035,138.00000000000003,55.53846153846154,138.00000000000003,55.53846153846154,0
per_huruf,4,1151,0.21130897741876262,138.0,55.46153846153847,138.0,55.46153846153847,0
per_huruf,4,1152,0.21149256471452177,138.0,55.38461538461539,138.0,55.38461538461539,0
per_huruf,4,1153,0.2116761520102809,138.0,55.3076923076923,138.0,55.3076923076923,0
per_huruf,4,1154,0.21185973930604002,138.0,55.230769230769226,138.0,55.230769230769226,0
per_huruf,4,1155,0.21204332660179914,138.0,55.15384615384616,138.0,55.15384615384616,0
per_huruf,4,1156,0.2122269138975583,138.0,55.07692307692307,138.0,55.07692307692307,0
per_huruf,4,1157,0.21241050119331742,138.0,55.0,138.0,55.0,0
per_huruf,4,1158,0.21259408848907654,138.00000000000003,54.92307692307693,138.00000000000003,54.92307692307693,0
per_huruf,4,1159,0.2127776757848357,138.00000000000003,54.84615384615385,138.00000000000003,54.84615384615385,0
per_huruf,4,1160,0.21296126308059482,137.99999999999997,54.76923076923077,137.99999999999997,54.76923076923077,0
per_huruf,4,1161,0.21314485037635394,137.99999999999997,54.692307692307686,137.99999999999997,54.692307692307686,0
per_huruf,4,1162,0.2133284376721131,138.0,54.61538461538462,138.0,54.61538461538462,0
per_huruf,4,1163,0.21351202496787222,138.00000000000003,54.53846153846154,138.00000000000003,54.53846153846154,0
per_huruf,4,1164,0.21369561226363135,138.0,54.46153846153846,138.0,54.46153846153846,0
per_huruf,4,1165,0.2138791995593905,138.0,54.38461538461539,138.0,54.38461538461539,0
per_huruf,4,1166,0.21406278685514962,138.0,54.30769230769231,138.0,54.30769230769231,0
per_huruf,4,1167,0.21424637415090875,138.0,54.230769230769226,138.0,54.230769230769226,0
per_huruf,4,1168,0.2144299614466679,138.0,54.15384615384616,138.0,54.15384615384616,0
per_huruf,4,1169,0.21461354874242702,138.0,54.07692307692307,138.0,54.07692307692307,0
per_huruf,4,1170,0.21479713603818615,138.0,54.0,138.0,54.0,0
per_huruf,4,1171,0.2149807233339453,138.00000000000003,53.923076923076934,138.00000000000003,53.923076923076934,0
per_huruf,4,1172,0.21516431062970443,138.00000000000003,53.84615384615385,138.00000000000003,53.84615384615385,0
per_huruf,4,1173,0.21534789792546355,137.99999999999997,53.76923076923076,137.99999999999997,53.76923076923076,0
per_huruf,4,1174,0.2155314852212227,137.99999999999997,53.69230769230768,137.99999999999997,53.69230769230768,0
per_huruf,4,1175,0.21571507251698183,138.0,53.61538461538461,138.0,53.61538461538461,0
per_huruf,4,1176,0.21589865981274095,138.00000000000003,53.53846153846154,138.00000000000003,53.53846153846154,0
per_huruf,4,1177,0.2160822471085001,138.0,53.46153846153845,138.0,53.46153846153845,0
per_huruf,4,1178,0.21626583440425923,138.0,53.38461538461539,138.0,53.38461538461539,0
per_huruf,4,1179,0.21644942170001835,138.0,53.30769230769231,138.0,53.30769230769231,0
per_huruf,4,1180,0.2166330089957775,138.0,53.230769230769226,138.0,53.230769230769226,0
per_huruf,4,1181,0.21681659629153663,138.0,53.15384615384616,138.0,53.15384615384616,0
per_huruf,4,1182,0.21700018358729575,138.0,53.07692307692307,138.0,53.07692307692307,0
per_huruf,4,1183,0.2171837708830549,138.0,53.0,138.0,53.0,0
per_huruf,4,1184,0.21736735817881403,138.00000000000003,52.923076923076934,138.00000000000003,52.923076923076934,0
per_huruf,4,1185,0.21755094547457315,138.00000000000003,52.846153846153854,138.00000000000003,52.846153846153854,0
per_huruf,4,1186,0.2177345327703323,137.99999999999997,52.76923076923076,137.99999999999997,52.76923076923076,0
per_huruf,4,1187,0.21791812006609143,137.99999999999997,52.692307692307686,137.99999999999997,52.692307692307686,0
per_huruf,4,1188,0.21810170736185056,138.0,52.61538461538462,138.0,52.61538461538462,0
per_huruf,4,1189,0.21828529465760968,138.00000000000003,52.53846153846154,138.00000000000003,52.53846153846154,0
per_huruf,4,1190,0.21846888195336883,138.0,52.46153846153846,138.0,52.46153846153846,0
per_huruf,4,1191,0.21865246924912796,138.0,52.38461538461539,138.0,52.38461538461539,0
per_huruf,4,1192,0.21883605654488708,138.0,52.30769230769231,138.0,52.30769230769231,0
per_huruf,4,1193,0.21901964384064623,138.0,52.230769230769226,138.0,52.230769230769226,0
per_huruf,4,1194,0.21920323113640536,138.0,52.15384615384616,138.0,52.15384615384616,0
per_huruf,4,1195,0.21938681843216448,138.0,52.07692307692307,138.0,52.07692307692307,0
per_huruf,4,1196,0.21957040572792363,138.0,52.0,138.0,52.0,0
per_huruf,4,1197,0.21975399302368276,138.00000000000003,51.923076923076934,138.00000000000003,51.923076923076934,0
per_huruf,4,1198,0.21993758031944188,138.00000000000003,51.84615384615384,138.00000000000003,51.84615384615384,0
per_huruf,4,1199,0.22012116761520104,137.99999999999997,51.76923076923077,137.99999999999997,51.76923076923077,0
per_huruf,4,1200,0.22030475491096016,137.99999999999997,51.69230769230768,137.99999999999997,51.69230769230768,0
per_huruf,4,1201,0.22048834220671928,138.0,51.61538461538462,138.0,51.61538461538462,0
per_huruf,4,1202,0.22067192950247844,138.00000000000003,51.53846153846155,138.00000000000003,51.53846153846155,0
per_huruf,4,1203,0.22085551679823756,138.0,51.46153846153846,138.0,51.46153846153846,0
per_huruf,4,1204,0.22103910409399669,138.0,51.38461538461539,138.0,51.38461538461539,0
per_huruf,4,1205,0.22122269138975584,138.0,51.30769230769231,138.0,51.30769230769231,0
per_huruf,4,1206,0.22140627868551496,138.0,51.230769230769226,138.0,51.230769230769226,0
per_huruf,4,1207,0.2215898659812741,138.0,51.15384615384616,138.0,51.15384615384616,0
per_huruf,4,1208,0.22177345327703324,138.0,51.07692307692307,138.0,51.07692307692307,0
per_huruf,4,1209,0.22195704057279236,138.0,51.0,138.0,51.0,0
per_huruf,4,1210,0.2221406278685515,138.00273099681385,50.92307692307693,138.00273099681385,50.92307692307693,0
per_huruf,4,1211,0.22232421516431064,138.0100136549841,50.84615384615385,138.0100136549841,50.84615384615385,0
per_huruf,4,1212,0.22250780246006976,138.02048247610375,50.76923076923076,138.02048247610375,50.76923076923076,0
per_huruf,4,1213,0.2226913897558289,138.03277196176603,50.692307692307686,138.03277196176603,50.692307692307686,0
per_huruf,4,1214,0.22287497705158804,138.04551661356396,50.61538461538462,138.04551661356396,50.61538461538462,0
per_huruf,4,1215,0.22305856434734717,138.0573509330906,50.53846153846155,138.0573509330906,50.53846153846155,0
per_huruf,4,1216,0.2232421516431063,138.066909421939,50.46153846153846,138.066909421939,50.46153846153846,0
per_huruf,4,1217,0.22342573893886544,138.07282658170232,50.38461538461539,138.07282658170232,50.38461538461539,0
per_huruf,4,1218,0.22360932623462457,138.0737369139736,50.30769230769231,138.0737369139736,50.30769230769231,0
per_huruf,4,1219,0.2237929135303837,138.0682749203459,50.230769230769226,138.0682749203459,50.230769230769226,0
per_huruf,4,1220,0.22397650082614284,138.0550751024124,50.15384615384616,138.0550751024124,50.15384615384616,0
per_huruf,4,1221,0.22416008812190197,138.03277196176603,50.07692307692307,138.03277196176603,50.07692307692307,0
per_huruf,4,1222,0.2243436754176611,138.0,50.0,138.0,50.0,0
per_huruf,4,1223,0.22452726271342024,137.95311788802914,49.92307692307693,137.95311788802914,49.92307692307693,0
per_huruf,4,1224,0.22471085000917937,137.89121529358218,49.846153846153854,137.89121529358218,49.846153846153854,0
per_huruf,4,1225,0.2248944373049385,137.8170232134729,49.76923076923076,137.8170232134729,49.76923076923076,0
per_huruf,4,1226,0.22507802460069762,137.73327264451524,49.692307692307686,137.73327264451524,49.692307692307686,0
per_huruf,4,1227,0.22526161189645677,137.642694583523,49.61538461538462,137.642694583523,49.61538461538462,0
per_huruf,4,1228,0.2254451991922159,137.54802002730997,49.53846153846155,137.54802002730997,49.53846153846155,0
per_huruf,4,1229,0.22562878648797502,137.45197997269003,49.46153846153846,137.45197997269003,49.46153846153846,0
per_huruf,4,1230,0.22581237378373417,137.357305416477,49.38461538461538,137.357305416477,49.38461538461538,0
per_huruf,4,1231,0.2259959610794933,137.26672735548476,49.30769230769231,137.26672735548476,49.30769230769231,0
per_huruf,4,1232,0.22617954837525242,137.18297678652706,49.230769230769226,137.18297678652706,49.230769230769226,0
per_huruf,4,1233,0.22636313567101157,137.10878470641785,49.15384615384615,137.10878470641785,49.15384615384615,0
per_huruf,4,1234,0.2265467229667707,137.04688211197086,49.07692307692307,137.04688211197086,49.07692307692307,0
per_huruf,4,1235,0.22673031026252982,137.0,49.0,137.0,49.0,0
per_huruf,4,1236,0.22691389755828897,136.96722803823397,48.923076923076934,136.96722803823397,48.923076923076934,0
per_huruf,4,1237,0.2270974848540481,136.94492489758764,48.84615384615385,136.94492489758764,48.84615384615385,0
per_huruf,4,1238,0.22728107214980722,136.9317250796541,48.76923076923077,136.9317250796541,48.76923076923077,0
per_huruf,4,1239,0.22746465944556638,136.92626308602638,48.692307692307686,136.92626308602638,48.692307692307686,0
per_huruf,4,1240,0.2276482467413255,136.92717341829768,48.61538461538462,136.92717341829768,48.61538461538462,0
per_huruf,4,1241,0.22783183403708462,136.933090578061,48.53846153846154,136.933090578061,48.53846153846154,0
per_huruf,4,1242,0.22801542133284378,136.94264906690944,48.46153846153847,136.94264906690944,48.46153846153847,0
per_huruf,4,1243,0.2281990086286029,136.95448338643607,48.38461538461539,136.95448338643607,48.38461538461539,0
per_huruf,4,1244,0.22838259592436203,136.96722803823397,48.30769230769231,136.96722803823397,48.30769230769231,0
per_huruf,4,1245,0.22856618322012118,136.97951752389622,48.230769230769226,136.97951752389622,48.230769230769226,0
per_huruf,4,1246,0.2287497705158803,136.98998634501595,48.15384615384615,136.98998634501595,48.15384615384615,0
per_huruf,4,1247,0.22893335781163943,136.99726900318615,48.07692307692307,136.99726900318615,48.07692307692307,0
per_huruf,4,1248,0.22911694510739858,137.0,48.0,137.0,48.0,0
per_huruf,4,1249,0.2293005324031577,137.00000000000003,47.92307692307693,137.00000000000003,47.92307692307693,0
per_huruf,4,1250,0.22948411969891683,137.00000000000003,47.84615384615385,137.00000000000003,47.84615384615385,0
per_huruf,4,1251,0.22966770699467598,137.0,47.76923076923077,137.0,47.76923076923077,0
per_huruf,4,1252,0.2298512942904351,137.0,47.692307692307686,137.0,47.692307692307686,0
per_huruf,4,1253,0.23003488158619423,137.0,47.61538461538462,137.0,47.61538461538462,0
per_huruf,4,1254,0.23021846888195338,137.0,47.53846153846155,137.0,47.53846153846155,0
per_huruf,4,1255,0.2304020561777125,137.0,47.46153846153846,137.0,47.46153846153846,0
per_huruf,4,1256,0.23058564347347163,137.0,47.38461538461539,137.0,47.38461538461539,0
per_huruf,4,1257,0.23076923076923078,137.0,47.30769230769231,137.0,47.30769230769231,0
per_huruf,4,1258,0.2309528180649899,137.0,47.230769230769226,137.0,47.230769230769226,0
per_huruf,4,1259,0.23113640536074903,137.0,47.15384615384616,137.0,47.15384615384616,0
per_huruf,4,1260,0.23131999265650818,137.0,47.07692307692307,137.0,47.07692307692307,0
per_huruf,4,1261,0.2315035799522673,137.0,47.0,137.0,47.0,0
per_huruf,4,1262,0.23168716724802643,137.00000000000003,46.92307692307693,137.00000000000003,46.92307692307693,0
per_huruf,4,1263,0.23187075454378556,137.00000000000003,46.84615384615385,137.00000000000003,46.84615384615385,0
per_huruf,4,1264,0.2320543418395447,137.0,46.76923076923076,137.0,46.76923076923076,0
per_huruf,4,1265,0.23223792913530383,137.0,46.692307692307686,137.0,46.692307692307686,0
per_huruf,4,1266,0.23242151643106296,137.0,46.61538461538462,137.0,46.61538461538462,0
per_huruf,4,1267,0.2326051037268221,137.0,46.53846153846154,137.0,46.53846153846154,0
per_huruf,4,1268,0.23278869102258123,137.0,46.46153846153846,137.0,46.46153846153846,0
per_huruf,4,1269,0.23297227831834036,137.0,46.38461538461539,137.0,46.38461538461539,0
per_huruf,4,1270,0.2331558656140995,137.0,46.30769230769231,137.0,46.30769230769231,0
per_huruf,4,1271,0.23333945290985864,137.0,46.230769230769226,137.0,46.230769230769226,0
per_huruf,4,1272,0.23352304020561776,137.0,46.15384615384615,137.0,46.15384615384615,0
per_huruf,4,1273,0.2337066275013769,137.0,46.07692307692307,137.0,46.07692307692307,0
per_huruf,4,1274,0.23389021479713604,137.0,46.0,137.0,46.0,0
per_huruf,4,1275,0.23407380209289516,136.9972690031862,45.923076923076934,136.9972690031862,45.923076923076934,0
per_huruf,4,1276,0.2342573893886543,136.98998634501595,45.84615384615385,136.98998634501595,45.84615384615385,0
per_huruf,4,1277,0.23444097668441344,136.97951752389622,45.76923076923077,136.97951752389622,45.76923076923077,0
per_huruf,4,1278,0.23462456398017256,136.96722803823394,45.69230769230768,136.96722803823394,45.69230769230768,0
per_huruf,4,1279,0.23480815127593171,136.95448338643607,45.61538461538462,136.95448338643607,45.61538461538462,0
per_huruf,4,1280,0.23499173857169084,136.94264906690944,45.53846153846154,136.94264906690944,45.53846153846154,0
per_huruf,4,1281,0.23517532586744996,136.933090578061,45.46153846153847,136.933090578061,45.46153846153847,0
per_huruf,4,1282,0.23535891316320912,136.92717341829768,45.38461538461539,136.92717341829768,45.38461538461539,0
per_huruf,4,1283,0.23554250045896824,136.9262630860264,45.30769230769231,136.9262630860264,45.30769230769231,0
per_huruf,4,1284,0.23572608775472736,136.93172507965406,45.230769230769226,136.93172507965406,45.230769230769226,0
per_huruf,4,1285,0.23590967505048652,136.9449248975876,45.15384615384615,136.9449248975876,45.15384615384615,0
per_huruf,4,1286,0.23609326234624564,136.96722803823394,45.07692307692307,136.96722803823394,45.07692307692307,0
per_huruf,4,1287,0.23627684964200477,137.0,45.0,137.0,45.0,0
per_huruf,4,1288,0.23646043693776392,137.04415111515706,44.92307692307693,137.04415111515706,44.92307692307693,0
per_huruf,4,1289,0.23664402423352304,137.09877105143377,44.84615384615385,137.09877105143377,44.84615384615385,0
per_huruf,4,1290,0.23682761152928217,137.16249431042328,44.76923076923076,137.16249431042328,44.76923076923076,0
per_huruf,4,1291,0.23701119882504132,137.23395539371867,44.69230769230769,137.23395539371867,44.69230769230769,0
per_huruf,4,1292,0.23719478612080044,137.31178880291304,44.61538461538462,137.31178880291304,44.61538461538462,0
per_huruf,4,1293,0.23737837341655957,137.39462903959947,44.53846153846154,137.39462903959947,44.53846153846154,0
per_huruf,4,1294,0.23756196071231872,137.48111060537096,44.46153846153846,137.48111060537096,44.46153846153846,0
per_huruf,4,1295,0.23774554800807784,137.56986800182065,44.38461538461539,137.56986800182065,44.38461538461539,0
per_huruf,4,1296,0.23792913530383697,137.65953573054165,44.30769230769231,137.65953573054165,44.30769230769231,0
per_huruf,4,1297,0.23811272259959612,137.748748293127,44.230769230769226,137.748748293127,44.230769230769226,0
per_huruf,4,1298,0.23829630989535525,137.8361401911698,44.15384615384615,137.8361401911698,44.15384615384615,0
per_huruf,4,1299,0.23847989719111437,137.92034592626308,44.07692307692307,137.92034592626308,44.07692307692307,0
per_huruf,4,1300,0.2386634844868735,138.0,44.0,138.0,44.0,0
per_huruf,4,1301,0.23884707178263265,138.0769230769231,43.92307692307693,138.0769230769231,43.92307692307693,0
per_huruf,4,1302,0.23903065907839177,138.15384615384616,43.84615384615385,138.15384615384616,43.84615384615385,0
per_huruf,4,1303,0.2392142463741509,138.23076923076923,43.76923076923076,138.23076923076923,43.76923076923076,0
per_huruf,4,1304,0.23939783366991005,138.3076923076923,43.692307692307686,138.3076923076923,43.692307692307686,0
per_huruf,4,1305,0.23958142096566917,138.3846153846154,43.61538461538462,138.3846153846154,43.61538461538462,0
per_huruf,4,1306,0.2397650082614283,138.46153846153848,43.53846153846153,138.46153846153848,43.53846153846153,0
per_huruf,4,1307,0.23994859555718745,138.53846153846155,43.46153846153846,138.53846153846155,43.46153846153846,0
per_huruf,4,1308,0.24013218285294657,138.6153846153846,43.38461538461539,138.6153846153846,43.38461538461539,0
per_huruf,4,1309,0.2403157701487057,138.69230769230768,43.30769230769231,138.69230769230768,43.30769230769231,0
per_huruf,4,1310,0.24049935744446485,138.76923076923075,43.230769230769226,138.76923076923075,43.230769230769226,0
per_huruf,4,1311,0.24068294474022398,138.84615384615387,43.15384615384616,138.84615384615387,43.15384615384616,0
per_huruf,4,1312,0.2408665320359831,138.9230769230769,43.07692307692307,138.9230769230769,43.07692307692307,0
per_huruf,4,1313,0.24105011933174225,139.0,43.0,139.0,43.0,0
per_huruf,4,1314,0.24123370662750138,139.0769230769231,42.92307692307693,139.0769230769231,42.92307692307693,0
per_huruf,4,1315,0.2414172939232605,139.15384615384616,42.84615384615384,139.15384615384616,42.84615384615384,0
per_huruf,4,1316,0.24160088121901965,139.2307692307692,42.76923076923076,139.2307692307692,42.76923076923076,0
per_huruf,4,1317,0.24178446851477878,139.3076923076923,42.692307692307686,139.3076923076923,42.692307692307686,0
per_huruf,4,1318,0.2419680558105379,139.3846153846154,42.61538461538462,139.3846153846154,42.61538461538462,0
per_huruf,4,1319,0.24215164310629705,139.46153846153848,42.53846153846154,139.46153846153848,42.53846153846154,0
per_huruf,4,1320,0.24233523040205618,139.53846153846155,42.46153846153847,139.53846153846155,42.46153846153847,0
per_huruf,4,1321,0.2425188176978153,139.6153846153846,42.38461538461539,139.6153846153846,42.38461538461539,0
per_huruf,4,1322,0.24270240499357446,139.69230769230768,42.30769230769231,139.69230769230768,42.30769230769231,0
per_huruf,4,1323,0.24288599228933358,139.76923076923077,42.230769230769226,139.76923076923077,42.230769230769226,0
per_huruf,4,1324,0.2430695795850927,139.84615384615387,42.15384615384616,139.84615384615387,42.15384615384616,0
per_huruf,4,1325,0.24325316688085186,139.9230769230769,42.07692307692307,139.9230769230769,42.07692307692307,0
per_huruf,4,1326,0.24343675417661098,140.0,42.0,140.0,42.0,0
per_huruf,4,1327,0.2436203414723701,140.0769230769231,41.92307692307693,140.0769230769231,41.92307692307693,0
per_huruf,4,1328,0.24380392876812926,140.15384615384616,41.84615384615385,140.15384615384616,41.84615384615385,0
per_huruf,4,1329,0.24398751606388838,140.23076923076923,41.76923076923076,140.23076923076923,41.76923076923076,0
per_huruf,4,1330,0.2441711033596475,140.3076923076923,41.69230769230769,140.3076923076923,41.69230769230769,0
per_huruf,4,1331,0.24435469065540666,140.3846153846154,41.61538461538462,140.3846153846154,41.61538461538462,0
per_huruf,4,1332,0.24453827795116578,140.46153846153845,41.53846153846154,140.46153846153845,41.53846153846154,0
per_huruf,4,1333,0.2447218652469249,140.53846153846155,41.46153846153846,140.53846153846155,41.46153846153846,0
per_huruf,4,1334,0.24490545254268406,140.6153846153846,41.38461538461539,140.6153846153846,41.38461538461539,0
per_huruf,4,1335,0.24508903983844318,140.69230769230768,41.30769230769231,140.69230769230768,41.30769230769231,0
per_huruf,4,1336,0.2452726271342023,140.76923076923075,41.230769230769226,140.76923076923075,41.230769230769226,0
per_huruf,4,1337,0.24545621442996143,140.84615384615387,41.15384615384616,140.84615384615387,41.15384615384616,0
per_huruf,4,1338,0.24563980172572059,140.9230769230769,41.07692307692307,140.9230769230769,41.07692307692307,0
per_huruf,4,1339,0.2458233890214797,141.0,41.0,141.0,41.0,0
per_huruf,4,1340,0.24600697631723883,141.0769230769231,40.92307692307693,141.0769230769231,40.92307692307693,0
per_huruf,4,1341,0.246190563612998,141.1538461538462,40.846153846153854,141.1538461538462,40.846153846153854,0
per_huruf,4,1342,0.2463741509087571,141.2307692307692,40.76923076923076,141.2307692307692,40.76923076923076,0
per_huruf,4,1343,0.24655773820451624,141.3076923076923,40.69230769230769,141.3076923076923,40.69230769230769,0
per_huruf,4,1344,0.2467413255002754,141.3846153846154,40.61538461538462,141.3846153846154,40.61538461538462,0
per_huruf,4,1345,0.2469249127960345,141.46153846153845,40.53846153846154,141.46153846153845,40.53846153846154,0
per_huruf,4,1346,0.24710850009179364,141.53846153846155,40.46153846153845,141.53846153846155,40.46153846153845,0
per_huruf,4,1347,0.2472920873875528,141.6153846153846,40.38461538461539,141.6153846153846,40.38461538461539,0
per_huruf,4,1348,0.2474756746833119,141.69230769230768,40.30769230769231,141.69230769230768,40.30769230769231,0
per_huruf,4,1349,0.24765926197907104,141.76923076923077,40.230769230769226,141.76923076923077,40.230769230769226,0
per_huruf,4,1350,0.2478428492748302,141.84615384615387,40.15384615384615,141.84615384615387,40.15384615384615,0
per_huruf,4,1351,0.24802643657058931,141.9230769230769,40.07692307692308,141.9230769230769,40.07692307692308,0
per_huruf,4,1352,0.24821002386634844,142.0,40.0,142.0,40.0,0
per_huruf,4,1353,0.2483936111621076,142.0769230769231,39.923076923076934,142.0769230769231,39.923076923076934,0
per_huruf,4,1354,0.24857719845786672,142.15384615384616,39.84615384615384,142.15384615384616,39.84615384615384,0
per_huruf,4,1355,0.24876078575362584,142.23076923076923,39.76923076923077,142.23076923076923,39.76923076923077,0
per_huruf,4,1356,0.248944373049385,142.3076923076923,39.692307692307686,142.3076923076923,39.692307692307686,0
per_huruf,4,1357,0.24912796034514412,142.3846153846154,39.61538461538462,142.3846153846154,39.61538461538462,0
per_huruf,4,1358,0.24931154764090324,142.46153846153848,39.53846153846154,142.46153846153848,39.53846153846154,0
per_huruf,4,1359,0.2494951349366624,142.53846153846152,39.46153846153846,142.53846153846152,39.46153846153846,0
per_huruf,4,1360,0.24967872223242152,142.6153846153846,39.38461538461539,142.6153846153846,39.38461538461539,0
per_huruf,4,1361,0.24986230952818064,142.69230769230768,39.30769230769231,142.69230769230768,39.30769230769231,0
per_huruf,4,1362,0.2500458968239398,142.76923076923077,39.230769230769226,142.76923076923077,39.230769230769226,0
per_huruf,4,1363,0.2502294841196989,142.84615384615387,39.15384615384615,142.84615384615387,39.15384615384615,0
per_huruf,4,1364,0.25041307141545804,142.9230769230769,39.07692307692308,142.9230769230769,39.07692307692308,0
per_huruf,4,1365,0.25059665871121717,143.0,39.0,143.0,39.0,0
per_huruf,4,1366,0.2507802460069763,143.0769230769231,38.923076923076934,143.0769230769231,38.923076923076934,0
per_huruf,4,1367,0.2509638333027355,143.15384615384616,38.846153846153854,143.15384615384616,38.846153846153854,0
per_huruf,4,1368,0.2511474205984946,143.2307692307692,38.76923076923076,143.2307692307692,38.76923076923076,0
per_huruf,4,1369,0.2513310078942537,143.30769230769232,38.692307692307686,143.30769230769232,38.692307692307686,0
per_huruf,4,1370,0.25151459519001285,143.3846153846154,38.61538461538462,143.3846153846154,38.61538461538462,0
per_huruf,4,1371,0.25169818248577197,143.46153846153848,38.53846153846154,143.46153846153848,38.53846153846154,0
per_huruf,4,1372,0.2518817697815311,143.53846153846155,38.46153846153846,143.53846153846155,38.46153846153846,0
per_huruf,4,1373,0.2520653570772903,143.6153846153846,38.38461538461539,143.6153846153846,38.38461538461539,0
per_huruf,4,1374,0.2522489443730494,143.69230769230768,38.30769230769231,143.69230769230768,38.30769230769231,0
per_huruf,4,1375,0.2524325316688085,143.76923076923077,38.230769230769226,143.76923076923077,38.230769230769226,0
per_huruf,4,1376,0.25261611896456765,143.84615384615387,38.15384615384615,143.84615384615387,38.15384615384615,0
per_huruf,4,1377,0.2527997062603268,143.9230769230769,38.07692307692308,143.9230769230769,38.07692307692308,0
per_huruf,4,1378,0.2529832935560859,144.0,38.0,144.0,38.0,0
per_huruf,4,1379,0.2531668808518451,144.07692307692312,37.92307692307693,144.07692307692312,37.92307692307693,0
per_huruf,4,1380,0.2533504681476042,144.15384615384616,37.84615384615385,144.15384615384616,37.84615384615385,0
per_huruf,4,1381,0.2535340554433633,144.2307692307692,37.76923076923077,144.2307692307692,37.76923076923077,0
per_huruf,4,1382,0.25371764273912245,144.30769230769232,37.69230769230769,144.30769230769232,37.69230769230769,0
per_huruf,4,1383,0.2539012300348816,144.3846153846154,37.61538461538461,144.3846153846154,37.61538461538461,0
per_huruf,4,1384,0.2540848173306407,144.46153846153845,37.53846153846154,144.46153846153845,37.53846153846154,0
per_huruf,4,1385,0.2542684046263999,144.53846153846155,37.46153846153847,144.53846153846155,37.46153846153847,0
per_huruf,4,1386,0.254451991922159,144.6153846153846,37.38461538461539,144.6153846153846,37.38461538461539,0
per_huruf,4,1387,0.25463557921791813,144.69230769230768,37.30769230769231,144.69230769230768,37.30769230769231,0
per_huruf,4,1388,0.25481916651367725,144.76923076923075,37.230769230769226,144.76923076923075,37.230769230769226,0
per_huruf,4,1389,0.2550027538094364,144.84615384615384,37.15384615384615,144.84615384615384,37.15384615384615,0
per_huruf,4,1390,0.2551863411051955,144.9230769230769,37.07692307692308,144.9230769230769,37.07692307692308,0
per_huruf,4,1391,0.2553699284009546,145.0,37.0,145.0,37.0,0
per_huruf,4,1392,0.2555535156967138,145.0769230769231,36.92307692307693,145.0769230769231,36.92307692307693,0
per_huruf,4,1393,0.25573710299247293,145.15384615384616,36.84615384615385,145.15384615384616,36.84615384615385,0
per_huruf,4,1394,0.25592069028823206,145.23076923076923,36.76923076923076,145.23076923076923,36.76923076923076,0
per_huruf,4,1395,0.2561042775839912,145.30769230769226,36.69230769230769,145.30769230769226,36.69230769230769,0
per_huruf,4,1396,0.2562878648797503,145.3846153846154,36.61538461538461,145.3846153846154,36.61538461538461,0
per_huruf,4,1397,0.25647145217550943,145.46153846153845,36.53846153846154,145.46153846153845,36.53846153846154,0
per_huruf,4,1398,0.2566550394712686,145.53846153846155,36.46153846153846,145.53846153846155,36.46153846153846,0
per_huruf,4,1399,0.25683862676702773,145.6153846153846,36.38461538461539,145.6153846153846,36.38461538461539,0
per_huruf,4,1400,0.25702221406278686,145.69230769230768,36.30769230769231,145.69230769230768,36.30769230769231,0
per_huruf,4,1401,0.257205801358546,145.76923076923077,36.230769230769226,145.76923076923077,36.230769230769226,0
per_huruf,4,1402,0.2573893886543051,145.84615384615384,36.15384615384616,145.84615384615384,36.15384615384616,0
per_huruf,4,1403,0.25757297595006423,145.9230769230769,36.07692307692308,145.9230769230769,36.07692307692308,0
per_huruf,4,1404,0.2577565632458234,146.0,36.0,146.0,36.0,0
per_huruf,4,1405,0.25794015054158254,146.07692307692312,35.92307692307693,146.07692307692312,35.92307692307693,0
per_huruf,4,1406,0.25812373783734166,146.1538461538462,35.84615384615384,146.1538461538462,35.84615384615384,0
per_huruf,4,1407,0.2583073251331008,146.2307692307692,35.76923076923076,146.2307692307692,35.76923076923076,0
per_huruf,4,1408,0.2584909124288599,146.3076923076923,35.692307692307686,146.3076923076923,35.692307692307686,0
per_huruf,4,1409,0.25867449972461903,146.3846153846154,35.61538461538461,146.3846153846154,35.61538461538461,0
per_huruf,4,1410,0.2588580870203782,146.46153846153848,35.53846153846155,146.46153846153848,35.53846153846155,0
per_huruf,4,1411,0.25904167431613734,146.53846153846155,35.46153846153847,146.53846153846155,35.46153846153847,0
per_huruf,4,1412,0.25922526161189646,146.6153846153846,35.38461538461539,146.6153846153846,35.38461538461539,0
per_huruf,4,1413,0.2594088489076556,146.69230769230768,35.30769230769231,146.69230769230768,35.30769230769231,0
per_huruf,4,1414,0.2595924362034147,146.76923076923077,35.230769230769226,146.76923076923077,35.230769230769226,0
per_huruf,4,1415,0.25977602349917384,146.84615384615384,35.15384615384616,146.84615384615384,35.15384615384616,0
per_huruf,4,1416,0.259959610794933,146.9230769230769,35.07692307692307,146.9230769230769,35.07692307692307,0
per_huruf,4,1417,0.26014319809069214,147.0,35.0,147.0,35.0,0
per_huruf,4,1418,0.26032678538645126,147.07692307692307,34.92307692307693,147.07692307692307,34.92307692307693,0
per_huruf,4,1419,0.2605103726822104,147.15384615384616,34.84615384615385,147.15384615384616,34.84615384615385,0
per_huruf,4,1420,0.2606939599779695,147.23076923076923,34.76923076923076,147.23076923076923,34.76923076923076,0
per_huruf,4,1421,0.26087754727372864,147.3076923076923,34.69230769230769,147.3076923076923,34.69230769230769,0
per_huruf,4,1422,0.2610611345694878,147.38461538461542,34.61538461538461,147.38461538461542,34.61538461538461,0
per_huruf,4,1423,0.26124472186524694,147.46153846153848,34.53846153846154,147.46153846153848,34.53846153846154,0
per_huruf,4,1424,0.26142830916100607,147.53846153846155,34.46153846153846,147.53846153846155,34.46153846153846,0
per_huruf,4,1425,0.2616118964567652,147.6153846153846,34.38461538461539,147.6153846153846,34.38461538461539,0
per_huruf,4,1426,0.2617954837525243,147.69230769230768,34.30769230769231,147.69230769230768,34.30769230769231,0
per_huruf,4,1427,0.26197907104828344,147.76923076923077,34.230769230769226,147.76923076923077,34.230769230769226,0
per_huruf,4,1428,0.26216265834404257,147.84615384615384,34.15384615384616,147.84615384615384,34.15384615384616,0
per_huruf,4,1429,0.26234624563980175,147.9230769230769,34.07692307692307,147.9230769230769,34.07692307692307,0
per_huruf,4,1430,0.26252983293556087,148.0,34.0,148.0,34.0,0
per_huruf,4,1431,0.26271342023132,148.0769230769231,33.92034592626309,148.0769230769231,33.92034592626309,0
per_huruf,4,1432,0.2628970075270791,148.15384615384616,33.83614019116978,148.15384615384616,33.83614019116978,0
per_huruf,4,1433,0.26308059482283824,148.2307692307692,33.74874829312699,148.2307692307692,33.74874829312699,0
per_huruf,4,1434,0.26326418211859737,148.3076923076923,33.65953573054164,148.3076923076923,33.65953573054164,0
per_huruf,4,1435,0.26344776941435655,148.38461538461542,33.569868001820666,148.38461538461542,33.569868001820666,0
per_huruf,4,1436,0.26363135671011567,148.46153846153848,33.481110605370965,148.46153846153848,33.481110605370965,0
per_huruf,4,1437,0.2638149440058748,148.53846153846152,33.39462903959945,148.53846153846152,33.39462903959945,0
per_huruf,4,1438,0.2639985313016339,148.61538461538464,33.311788802913064,148.61538461538464,33.311788802913064,0
per_huruf,4,1439,0.26418211859739305,148.6923076923077,33.2339553937187,148.6923076923077,33.2339553937187,0
per_huruf,4,1440,0.26436570589315217,148.76923076923075,33.1624943104233,148.76923076923075,33.1624943104233,0
per_huruf,4,1441,0.26454929318891135,148.84615384615384,33.09877105143377,148.84615384615384,33.09877105143377,0
per_huruf,4,1442,0.2647328804846705,148.9230769230769,33.04415111515703,148.9230769230769,33.04415111515703,0
per_huruf,4,1443,0.2649164677804296,149.0,33.0,149.0,33.0,0
per_huruf,4,1444,0.2651000550761887,149.0769230769231,32.96995903504779,149.0769230769231,32.96995903504779,0
per_huruf,4,1445,0.26528364237194785,149.15384615384616,32.9549385525717,149.15384615384616,32.9549385525717,0
per_huruf,4,1446,0.26546722966770697,149.23076923076923,32.95220755575785,149.23076923076923,32.95220755575785,0
per_huruf,4,1447,0.26565081696346615,149.3076923076923,32.95903504779245,149.3076923076923,32.95903504779245,0
per_huruf,4,1448,0.2658344042592253,149.38461538461542,32.97269003186163,149.38461538461542,32.97269003186163,0
per_huruf,4,1449,0.2660179915549844,149.46153846153848,32.99044151115157,149.46153846153848,32.99044151115157,0
per_huruf,4,1450,0.2662015788507435,149.53846153846155,33.00955848884843,149.53846153846155,33.00955848884843,0
per_huruf,4,1451,0.26638516614650265,149.6153846153846,33.027309968138375,149.6153846153846,33.027309968138375,0
per_huruf,4,1452,0.2665687534422618,149.69230769230768,33.04096495220755,149.69230769230768,33.04096495220755,0
per_huruf,4,1453,0.26675234073802095,149.76923076923077,33.04779244424215,149.76923076923077,33.04779244424215,0
per_huruf,4,1454,0.2669359280337801,149.84615384615384,33.04506144742831,149.84615384615384,33.04506144742831,0
per_huruf,4,1455,0.2671195153295392,149.9230769230769,33.03004096495221,149.9230769230769,33.03004096495221,0
per_huruf,4,1456,0.26730310262529833,150.0,33.0,150.0,33.0,0
per_huruf,4,1457,0.26748668992105745,150.07692307692312,32.95584888484297,150.07692307692312,32.95584888484297,0
per_huruf,4,1458,0.2676702772168166,150.15384615384616,32.90122894856623,150.15384615384616,32.90122894856623,0
per_huruf,4,1459,0.26785386451257576,150.2307692307692,32.83750568957669,150.2307692307692,32.83750568957669,0
per_huruf,4,1460,0.2680374518083349,150.3076923076923,32.7660446062813,150.3076923076923,32.7660446062813,0
per_huruf,4,1461,0.268221039104094,150.38461538461542,32.688211197086936,150.38461538461542,32.688211197086936,0
per_huruf,4,1462,0.26840462639985313,150.46153846153848,32.60537096040055,150.46153846153848,32.60537096040055,0
per_huruf,4,1463,0.26858821369561225,150.53846153846155,32.51888939462904,150.53846153846155,32.51888939462904,0
per_huruf,4,1464,0.2687718009913714,150.61538461538464,32.43013199817934,150.61538461538464,32.43013199817934,0
per_huruf,4,1465,0.2689553882871305,150.69230769230768,32.34046426945835,150.69230769230768,32.34046426945835,0
per_huruf,4,1466,0.2691389755828897,150.76923076923075,32.251251706873006,150.76923076923075,32.251251706873006,0
per_huruf,4,1467,0.2693225628786488,150.84615384615384,32.163859808830225,150.84615384615384,32.163859808830225,0
per_huruf,4,1468,0.26950615017440793,150.9230769230769,32.07965407373691,150.9230769230769,32.07965407373691,0
per_huruf,4,1469,0.26968973747016706,151.0,32.0,151.0,32.0,0
per_huruf,4,1470,0.2698733247659262,151.0769230769231,31.923076923076927,151.0769230769231,31.923076923076927,0
per_huruf,4,1471,0.2700569120616853,151.15384615384616,31.846153846153847,151.15384615384616,31.846153846153847,0
per_huruf,4,1472,0.2702404993574445,151.23076923076923,31.769230769230766,151.23076923076923,31.769230769230766,0
per_huruf,4,1473,0.2704240866532036,151.3076923076923,31.69230769230769,151.3076923076923,31.69230769230769,0
per_huruf,4,1474,0.27060767394896273,151.38461538461542,31.61538461538462,151.38461538461542,31.61538461538462,0
per_huruf,4,1475,0.27079126124472186,151.46153846153848,31.53846153846154,151.46153846153848,31.53846153846154,0
per_huruf,4,1476,0.270974848540481,151.53846153846152,31.46153846153846,151.53846153846152,31.46153846153846,0
per_huruf,4,1477,0.2711584358362401,151.61538461538464,31.384615384615383,151.61538461538464,31.384615384615383,0
per_huruf,4,1478,0.2713420231319993,151.69230769230768,31.307692307692307,151.69230769230768,31.307692307692307,0
per_huruf,4,1479,0.2715256104277584,151.76923076923077,31.230769230769226,151.76923076923077,31.230769230769226,0
per_huruf,4,1480,0.27170919772351754,151.84615384615384,31.153846153846153,151.84615384615384,31.153846153846153,0
per_huruf,4,1481,0.27189278501927666,151.9230769230769,31.076923076923073,151.9230769230769,31.076923076923073,0
per_huruf,4,1482,0.2720763723150358,152.0,31.0,152.0,31.0,0
per_huruf,4,1483,0.2722599596107949,152.0769230769231,30.923076923076927,152.0769230769231,30.923076923076927,0
per_huruf,4,1484,0.2724435469065541,152.15384615384616,30.846153846153847,152.15384615384616,30.846153846153847,0
per_huruf,4,1485,0.2726271342023132,152.2307692307692,30.769230769230763,152.2307692307692,30.769230769230763,0
per_huruf,4,1486,0.27281072149807234,152.30769230769232,30.69230769230769,152.30769230769232,30.69230769230769,0
per_huruf,4,1487,0.27299430879383146,152.38461538461542,30.61538461538462,152.38461538461542,30.61538461538462,0
per_huruf,4,1488,0.2731778960895906,152.46153846153848,30.53846153846154,152.46153846153848,30.53846153846154,0
per_huruf,4,1489,0.2733614833853497,152.53846153846152,30.461538461538463,152.53846153846152,30.461538461538463,0
per_huruf,4,1490,0.2735450706811089,152.6153846153846,30.384615384615387,152.6153846153846,30.384615384615387,0
per_huruf,4,1491,0.273728657976868,152.69230769230768,30.30769230769231,152.69230769230768,30.30769230769231,0
per_huruf,4,1492,0.27391224527262714,152.76923076923075,30.230769230769226,152.76923076923075,30.230769230769226,0
per_huruf,4,1493,0.27409583256838627,152.84615384615384,30.153846153846153,152.84615384615384,30.153846153846153,0
per_huruf,4,1494,0.2742794198641454,152.9230769230769,30.076923076923073,152.9230769230769,30.076923076923073,0
per_huruf,4,1495,0.2744630071599045,153.0,30.0,153.0,30.0,0
per_huruf,4,1496,0.2746465944556637,153.07692307692312,29.92034592626309,153.07692307692312,29.92034592626309,0
per_huruf,4,1497,0.2748301817514228,153.1538461538462,29.83614019116978,153.1538461538462,29.83614019116978,0
per_huruf,4,1498,0.27501376904718194,153.2307692307692,29.74874829312699,153.2307692307692,29.74874829312699,0
per_huruf,4,1499,0.27519735634294107,153.3076923076923,29.659535730541645,153.3076923076923,29.659535730541645,0
per_huruf,4,1500,0.2753809436387002,153.38461538461542,29.56986800182067,153.38461538461542,29.56986800182067,0
per_huruf,4,1501,0.2755645309344593,153.46153846153848,29.48111060537096,153.46153846153848,29.48111060537096,0
per_huruf,4,1502,0.27574811823021844,153.53846153846155,29.394629039599458,153.53846153846155,29.394629039599458,0
per_huruf,4,1503,0.2759317055259776,153.61538461538464,29.311788802913064,153.61538461538464,29.311788802913064,0
per_huruf,4,1504,0.27611529282173675,153.69230769230768,29.233955393718706,153.69230769230768,29.233955393718706,0
per_huruf,4,1505,0.27629888011749587,153.76923076923077,29.162494310423302,153.76923076923077,29.162494310423302,0
per_huruf,4,1506,0.276482467413255,153.84615384615384,29.098771051433772,153.84615384615384,29.098771051433772,0
per_huruf,4,1507,0.2766660547090141,153.9230769230769,29.04415111515703,153.9230769230769,29.04415111515703,0
per_huruf,4,1508,0.27684964200477324,154.0,29.0,154.0,29.0,0
per_huruf,4,1509,0.2770332293005324,154.0769230769231,28.969959035047793,154.0769230769231,28.969959035047793,0
per_huruf,4,1510,0.27721681659629155,154.1538461538462,28.95493855257169,154.1538461538462,28.95493855257169,0
per_huruf,4,1511,0.2774004038920507,154.23076923076923,28.952207555757848,154.23076923076923,28.952207555757848,0
per_huruf,4,1512,0.2775839911878098,154.3076923076923,28.95903504779244,154.3076923076923,28.95903504779244,0
per_huruf,4,1513,0.2777675784835689,154.38461538461542,28.97269003186163,154.38461538461542,28.97269003186163,0
per_huruf,4,1514,0.27795116577932805,154.46153846153848,28.990441511151577,154.46153846153848,28.990441511151577,0
per_huruf,4,1515,0.2781347530750872,154.53846153846155,29.009558488848434,154.53846153846155,29.009558488848434,0
per_huruf,4,1516,0.27831834037084635,154.6153846153846,29.02730996813837,154.6153846153846,29.02730996813837,0
per_huruf,4,1517,0.2785019276666055,154.69230769230768,29.040964952207553,154.69230769230768,29.040964952207553,0
per_huruf,4,1518,0.2786855149623646,154.76923076923075,29.047792444242145,154.76923076923075,29.047792444242145,0
per_huruf,4,1519,0.2788691022581237,154.84615384615384,29.04506144742831,154.84615384615384,29.04506144742831,0
per_huruf,4,1520,0.27905268955388285,154.9230769230769,29.030040964952207,154.9230769230769,29.030040964952207,0
per_huruf,4,1521,0.27923627684964203,155.0,29.0,155.0,29.0,0
per_huruf,4,1522,0.27941986414540115,155.0769230769231,28.95584888484297,155.0769230769231,28.95584888484297,0
per_huruf,4,1523,0.2796034514411603,155.1538461538462,28.901228948566228,155.1538461538462,28.901228948566228,0
per_huruf,4,1524,0.2797870387369194,155.2307692307692,28.83750568957669,155.2307692307692,28.83750568957669,0
per_huruf,4,1525,0.2799706260326785,155.3076923076923,28.766044606281287,155.3076923076923,28.766044606281287,0
per_huruf,4,1526,0.28015421332843765,155.3846153846154,28.68821119708694,155.3846153846154,28.68821119708694,0
per_huruf,4,1527,0.28033780062419683,155.46153846153848,28.60537096040055,155.46153846153848,28.60537096040055,0
per_huruf,4,1528,0.28052138791995596,155.53846153846155,28.51888939462904,155.53846153846155,28.51888939462904,0
per_huruf,4,1529,0.2807049752157151,155.61538461538464,28.430131998179334,155.61538461538464,28.430131998179334,0
per_huruf,4,1530,0.2808885625114742,155.69230769230768,28.34046426945835,155.69230769230768,28.34046426945835,0
per_huruf,4,1531,0.28107214980723333,155.76923076923077,28.251251706873003,155.76923076923077,28.251251706873003,0
per_huruf,4,1532,0.28125573710299245,155.84615384615384,28.16385980883022,155.84615384615384,28.16385980883022,0
per_huruf,4,1533,0.28143932439875163,155.9230769230769,28.07965407373691,155.9230769230769,28.07965407373691,0
per_huruf,4,1534,0.28162291169451076,156.0,28.0,156.0,28.0,0
per_huruf,4,1535,0.2818064989902699,156.0769230769231,27.923076923076923,156.0769230769231,27.923076923076923,0
per_huruf,4,1536,0.281990086286029,156.1538461538462,27.84615384615385,156.1538461538462,27.84615384615385,0
per_huruf,4,1537,0.28217367358178813,156.23076923076923,27.769230769230766,156.23076923076923,27.769230769230766,0
per_huruf,4,1538,0.28235726087754726,156.3076923076923,27.69230769230769,156.3076923076923,27.69230769230769,0
per_huruf,4,1539,0.2825408481733064,156.38461538461542,27.61538461538462,156.38461538461542,27.61538461538462,0
per_huruf,4,1540,0.28272443546906556,156.46153846153845,27.53846153846154,156.46153846153845,27.53846153846154,0
per_huruf,4,1541,0.2829080227648247,156.53846153846155,27.461538461538463,156.53846153846155,27.461538461538463,0
per_huruf,4,1542,0.2830916100605838,156.6153846153846,27.384615384615387,156.6153846153846,27.384615384615387,0
per_huruf,4,1543,0.28327519735634293,156.69230769230768,27.307692307692307,156.69230769230768,27.307692307692307,0
per_huruf,4,1544,0.28345878465210206,156.76923076923077,27.230769230769226,156.76923076923077,27.230769230769226,0
per_huruf,4,1545,0.2836423719478612,156.84615384615384,27.153846153846153,156.84615384615384,27.153846153846153,0
per_huruf,4,1546,0.28382595924362036,156.9230769230769,27.076923076923077,156.9230769230769,27.076923076923077,0
per_huruf,4,1547,0.2840095465393795,157.0,27.0,157.0,27.0,0
per_huruf,4,1548,0.2841931338351386,157.0769230769231,26.923076923076927,157.0769230769231,26.923076923076927,0
per_huruf,4,1549,0.28437672113089774,157.15384615384616,26.84615384615385,157.15384615384616,26.84615384615385,0
per_huruf,4,1550,0.28456030842665686,157.23076923076917,26.769230769230766,157.23076923076917,26.769230769230766,0
per_huruf,4,1551,0.284743895722416,157.3076923076923,26.69230769230769,157.3076923076923,26.69230769230769,0
per_huruf,4,1552,0.28492748301817516,157.3846153846154,26.615384615384617,157.3846153846154,26.615384615384617,0
per_huruf,4,1553,0.2851110703139343,157.46153846153848,26.53846153846154,157.46153846153848,26.53846153846154,0
per_huruf,4,1554,0.2852946576096934,157.53846153846152,26.46153846153846,157.53846153846152,26.46153846153846,0
per_huruf,4,1555,0.28547824490545254,157.6153846153846,26.384615384615387,157.6153846153846,26.384615384615387,0
per_huruf,4,1556,0.28566183220121166,157.69230769230768,26.307692307692307,157.69230769230768,26.307692307692307,0
per_huruf,4,1557,0.2858454194969708,157.76923076923077,26.230769230769226,157.76923076923077,26.230769230769226,0
per_huruf,4,1558,0.28602900679272997,157.84615384615384,26.153846153846153,157.84615384615384,26.153846153846153,0
per_huruf,4,1559,0.2862125940884891,157.9230769230769,26.076923076923073,157.9230769230769,26.076923076923073,0
per_huruf,4,1560,0.2863961813842482,158.0,26.0,158.0,26.0,0
per_huruf,4,1561,0.28657976868000734,158.0769230769231,25.923076923076923,158.0769230769231,25.923076923076923,0
per_huruf,4,1562,0.28676335597576647,158.1538461538462,25.846153846153847,158.1538461538462,25.846153846153847,0
per_huruf,4,1563,0.2869469432715256,158.23076923076923,25.769230769230766,158.23076923076923,25.769230769230766,0
per_huruf,4,1564,0.28713053056728477,158.3076923076923,25.69230769230769,158.3076923076923,25.69230769230769,0
per_huruf,4,1565,0.2873141178630439,158.38461538461542,25.615384615384617,158.38461538461542,25.615384615384617,0
per_huruf,4,1566,0.287497705158803,158.46153846153845,25.53846153846154,158.46153846153845,25.53846153846154,0
per_huruf,4,1567,0.28768129245456214,158.53846153846152,25.461538461538463,158.53846153846152,25.461538461538463,0
per_huruf,4,1568,0.28786487975032127,158.61538461538464,25.384615384615383,158.61538461538464,25.384615384615383,0
per_huruf,4,1569,0.2880484670460804,158.69230769230768,25.307692307692307,158.69230769230768,25.307692307692307,0
per_huruf,4,1570,0.28823205434183957,158.76923076923077,25.230769230769226,158.76923076923077,25.230769230769226,0
per_huruf,4,1571,0.2884156416375987,158.84615384615384,25.153846153846153,158.84615384615384,25.153846153846153,0
per_huruf,4,1572,0.2885992289333578,158.9230769230769,25.076923076923073,158.9230769230769,25.076923076923073,0
per_huruf,4,1573,0.28878281622911695,159.0,25.0,159.0,25.0,0
per_huruf,4,1574,0.28896640352487607,159.0769230769231,24.923076923076927,159.0769230769231,24.923076923076927,0
per_huruf,4,1575,0.2891499908206352,159.1538461538462,24.846153846153847,159.1538461538462,24.846153846153847,0
per_huruf,4,1576,0.2893335781163943,159.2307692307692,24.769230769230766,159.2307692307692,24.769230769230766,0
per_huruf,4,1577,0.2895171654121535,159.30769230769232,24.69230769230769,159.30769230769232,24.69230769230769,0
per_huruf,4,1578,0.2897007527079126,159.38461538461542,24.615384615384617,159.38461538461542,24.615384615384617,0
per_huruf,4,1579,0.28988434000367175,159.46153846153848,24.53846153846154,159.46153846153848,24.53846153846154,0
per_huruf,4,1580,0.29006792729943087,159.53846153846155,24.46153846153846,159.53846153846155,24.46153846153846,0
per_huruf,4,1581,0.29025151459519,159.6153846153846,24.384615384615387,159.6153846153846,24.384615384615387,0
per_huruf,4,1582,0.2904351018909491,159.69230769230768,24.307692307692307,159.69230769230768,24.307692307692307,0
per_huruf,4,1583,0.2906186891867083,159.76923076923077,24.230769230769226,159.76923076923077,24.230769230769226,0
per_huruf,4,1584,0.2908022764824674,159.84615384615384,24.153846153846153,159.84615384615384,24.153846153846153,0
per_huruf,4,1585,0.29098586377822655,159.9230769230769,24.076923076923073,159.9230769230769,24.076923076923073,0
per_huruf,4,1586,0.2911694510739857,160.0,24.0,160.0,24.0,0
per_huruf,4,1587,0.2913530383697448,160.0769230769231,23.923076923076923,160.0769230769231,23.923076923076923,0
per_huruf,4,1588,0.2915366256655039,160.15384615384616,23.84615384615385,160.15384615384616,23.84615384615385,0
per_huruf,4,1589,0.2917202129612631,160.23076923076923,23.76923076923077,160.23076923076923,23.76923076923077,0
per_huruf,4,1590,0.29190380025702223,160.30769230769232,23.692307692307693,160.30769230769232,23.692307692307693,0
per_huruf,4,1591,0.29208738755278135,160.38461538461542,23.61538461538462,160.38461538461542,23.61538461538462,0
per_huruf,4,1592,0.2922709748485405,160.46153846153845,23.53846153846154,160.46153846153845,23.53846153846154,0
per_huruf,4,1593,0.2924545621442996,160.53846153846155,23.46153846153846,160.53846153846155,23.46153846153846,0
per_huruf,4,1594,0.2926381494400587,160.61538461538464,23.384615384615387,160.61538461538464,23.384615384615387,0
per_huruf,4,1595,0.2928217367358179,160.69230769230768,23.307692307692307,160.69230769230768,23.307692307692307,0
per_huruf,4,1596,0.29300532403157703,160.76923076923075,23.230769230769226,160.76923076923075,23.230769230769226,0
per_huruf,4,1597,0.29318891132733615,160.84615384615384,23.153846153846153,160.84615384615384,23.153846153846153,0
per_huruf,4,1598,0.2933724986230953,160.9230769230769,23.076923076923073,160.9230769230769,23.076923076923073,0
per_huruf,4,1599,0.2935560859188544,161.0,23.0,161.0,23.0,0
per_huruf,4,1600,0.29373967321461353,161.0769230769231,22.923076923076923,161.0769230769231,22.923076923076923,0
per_huruf,4,1601,0.2939232605103727,161.15384615384616,22.846153846153847,161.15384615384616,22.846153846153847,0
per_huruf,4,1602,0.29410684780613183,161.2307692307692,22.769230769230766,161.2307692307692,22.769230769230766,0
per_huruf,4,1603,0.29429043510189096,161.30769230769226,22.69230769230769,161.30769230769226,22.69230769230769,0
per_huruf,4,1604,0.2944740223976501,161.3846153846154,22.615384615384617,161.3846153846154,22.615384615384617,0
per_huruf,4,1605,0.2946576096934092,161.46153846153848,22.538461538461537,161.46153846153848,22.538461538461537,0
per_huruf,4,1606,0.29484119698916833,161.53846153846155,22.461538461538463,161.53846153846155,22.461538461538463,0
per_huruf,4,1607,0.2950247842849275,161.6153846153846,22.384615384615383,161.6153846153846,22.384615384615383,0
per_huruf,4,1608,0.29520837158068663,161.69230769230768,22.307692307692307,161.69230769230768,22.307692307692307,0
per_huruf,4,1609,0.29539195887644576,161.76923076923075,22.230769230769226,161.76923076923075,22.230769230769226,0
per_huruf,4,1610,0.2955755461722049,161.84615384615387,22.153846153846153,161.84615384615387,22.153846153846153,0
per_huruf,4,1611,0.295759133467964,161.9230769230769,22.076923076923073,161.9230769230769,22.076923076923073,0
per_huruf,4,1612,0.29594272076372313,162.0,22.0,162.0,22.0,0
per_huruf,4,1613,0.29612630805948226,162.0769230769231,21.92034592626309,162.0769230769231,21.92034592626309,0
per_huruf,4,1614,0.29630989535524144,162.15384615384613,21.836140191169775,162.15384615384613,21.836140191169775,0
per_huruf,4,1615,0.29649348265100056,162.23076923076923,21.74874829312699,162.23076923076923,21.74874829312699,0
per_huruf,4,1616,0.2966770699467597,162.3076923076923,21.65953573054165,162.3076923076923,21.65953573054165,0
per_huruf,4,1617,0.2968606572425188,162.3846153846154,21.56986800182067,162.3846153846154,21.56986800182067,0
per_huruf,4,1618,0.29704424453827794,162.46153846153845,21.48111060537096,162.46153846153845,21.48111060537096,0
per_huruf,4,1619,0.29722783183403706,162.53846153846155,21.394629039599455,162.53846153846155,21.394629039599455,0
per_huruf,4,1620,0.29741141912979624,162.6153846153846,21.311788802913064,162.6153846153846,21.311788802913064,0
per_huruf,4,1621,0.29759500642555536,162.69230769230768,21.233955393718706,162.69230769230768,21.233955393718706,0
per_huruf,4,1622,0.2977785937213145,162.76923076923077,21.162494310423302,162.76923076923077,21.162494310423302,0
per_huruf,4,1623,0.2979621810170736,162.84615384615387,21.098771051433772,162.84615384615387,21.098771051433772,0
per_huruf,4,1624,0.29814576831283274,162.92307692307693,21.04415111515703,162.92307692307693,21.04415111515703,0
per_huruf,4,1625,0.29832935560859186,163.0,21.0,163.0,21.0,0
per_huruf,4,1626,0.29851294290435104,163.07692307692312,20.969959035047793,163.07692307692312,20.969959035047793,0
per_huruf,4,1627,0.29869653020011017,163.15384615384616,20.954938552571686,163.15384615384616,20.954938552571686,0
per_huruf,4,1628,0.2988801174958693,163.23076923076923,20.952207555757848,163.23076923076923,20.952207555757848,0
per_huruf,4,1629,0.2990637047916284,163.30769230769226,20.959035047792444,163.30769230769226,20.959035047792444,0
per_huruf,4,1630,0.29924729208738754,163.3846153846154,20.97269003186163,163.3846153846154,20.97269003186163,0
per_huruf,4,1631,0.29943087938314666,163.46153846153848,20.99044151115157,163.46153846153848,20.99044151115157,0
per_huruf,4,1632,0.29961446667890584,163.53846153846152,21.00955848884843,163.53846153846152,21.00955848884843,0
per_huruf,4,1633,0.29979805397466497,163.61538461538464,21.027309968138372,163.61538461538464,21.027309968138372,0
per_huruf,4,1634,0.2999816412704241,163.69230769230768,21.040964952207553,163.69230769230768,21.040964952207553,0
per_huruf,4,1635,0.3001652285661832,163.76923076923075,21.04779244424215,163.76923076923075,21.04779244424215,0
per_huruf,4,1636,0.30034881586194234,163.84615384615387,21.04506144742831,163.84615384615387,21.04506144742831,0
per_huruf,4,1637,0.30053240315770147,163.9230769230769,21.030040964952207,163.9230769230769,21.030040964952207,0
per_huruf,4,1638,0.30071599045346065,164.0,21.0,164.0,21.0,0
per_huruf,4,1639,0.30089957774921977,164.0769230769231,20.955848884842965,164.0769230769231,20.955848884842965,0
per_huruf,4,1640,0.3010831650449789,164.15384615384616,20.901228948566228,164.15384615384616,20.901228948566228,0
per_huruf,4,1641,0.301266752340738,164.23076923076923,20.83750568957669,164.23076923076923,20.83750568957669,0
per_huruf,4,1642,0.30145033963649714,164.3076923076923,20.766044606281294,164.3076923076923,20.766044606281294,0
per_huruf,4,1643,0.30163392693225627,164.38461538461542,20.68821119708694,164.38461538461542,20.68821119708694,0
per_huruf,4,1644,0.30181751422801545,164.46153846153845,20.605370960400545,164.46153846153845,20.605370960400545,0
per_huruf,4,1645,0.3020011015237746,164.53846153846155,20.518889394629035,164.53846153846155,20.518889394629035,0
per_huruf,4,1646,0.3021846888195337,164.61538461538464,20.430131998179334,164.61538461538464,20.430131998179334,0
per_huruf,4,1647,0.3023682761152928,164.69230769230768,20.34046426945835,164.69230769230768,20.34046426945835,0
per_huruf,4,1648,0.30255186341105195,164.76923076923075,20.251251706873006,164.76923076923075,20.251251706873006,0
per_huruf,4,1649,0.30273545070681107,164.84615384615387,20.163859808830225,164.84615384615387,20.163859808830225,0
per_huruf,4,1650,0.3029190380025702,164.9230769230769,20.07965407373691,164.9230769230769,20.07965407373691,0
per_huruf,4,1651,0.3031026252983294,165.0,20.0,165.0,20.0,0
per_huruf,4,1652,0.3032862125940885,165.07692307692312,19.92307692307693,165.07692307692312,19.92307692307693,0
per_huruf,4,1653,0.3034697998898476,165.15384615384613,19.84615384615385,165.15384615384613,19.84615384615385,0
per_huruf,4,1654,0.30365338718560675,165.23076923076923,19.76923076923077,165.23076923076923,19.76923076923077,0
per_huruf,4,1655,0.3038369744813659,165.3076923076923,19.692307692307693,165.3076923076923,19.692307692307693,0
per_huruf,4,1656,0.304020561777125,165.3846153846154,19.615384615384617,165.3846153846154,19.615384615384617,0
per_huruf,4,1657,0.3042041490728842,165.46153846153848,19.53846153846154,165.46153846153848,19.53846153846154,0
per_huruf,4,1658,0.3043877363686433,165.53846153846155,19.46153846153846,165.53846153846155,19.46153846153846,0
per_huruf,4,1659,0.3045713236644024,165.6153846153846,19.384615384615387,165.6153846153846,19.384615384615387,0
per_huruf,4,1660,0.30475491096016155,165.69230769230768,19.307692307692307,165.69230769230768,19.307692307692307,0
per_huruf,4,1661,0.3049384982559207,165.76923076923075,19.23076923076923,165.76923076923075,19.23076923076923,0
per_huruf,4,1662,0.3051220855516798,165.84615384615387,19.153846153846153,165.84615384615387,19.153846153846153,0
per_huruf,4,1663,0.305305672847439,165.9230769230769,19.076923076923077,165.9230769230769,19.076923076923077,0
per_huruf,4,1664,0.3054892601431981,166.0,19.0,166.0,19.0,0
per_huruf,4,1665,0.30567284743895723,166.0769230769231,18.923076923076927,166.0769230769231,18.923076923076927,0
per_huruf,4,1666,0.30585643473471635,166.15384615384616,18.846153846153847,166.15384615384616,18.846153846153847,0
per_huruf,4,1667,0.3060400220304755,166.2307692307692,18.769230769230766,166.2307692307692,18.769230769230766,0
per_huruf,4,1668,0.3062236093262346,166.3076923076923,18.692307692307693,166.3076923076923,18.692307692307693,0
per_huruf,4,1669,0.3064071966219938,166.38461538461542,18.615384615384617,166.38461538461542,18.615384615384617,0
per_huruf,4,1670,0.3065907839177529,166.46153846153848,18.53846153846154,166.46153846153848,18.53846153846154,0
per_huruf,4,1671,0.30677437121351203,166.53846153846155,18.461538461538463,166.53846153846155,18.461538461538463,0
per_huruf,4,1672,0.30695795850927116,166.6153846153846,18.384615384615383,166.6153846153846,18.384615384615383,0
per_huruf,4,1673,0.3071415458050303,166.69230769230768,18.307692307692307,166.69230769230768,18.307692307692307,0
per_huruf,4,1674,0.3073251331007894,166.76923076923077,18.23076923076923,166.76923076923077,18.23076923076923,0
per_huruf,4,1675,0.3075087203965486,166.84615384615387,18.153846153846153,166.84615384615387,18.153846153846153,0
per_huruf,4,1676,0.3076923076923077,166.92307692307693,18.076923076923077,166.92307692307693,18.076923076923077,0
per_huruf,4,1677,0.30787589498806683,167.0,18.0,167.0,18.0,0
per_huruf,4,1678,0.30805948228382596,167.07692307692312,17.92034592626309,167.07692307692312,17.92034592626309,0
per_huruf,4,1679,0.3082430695795851,167.15384615384613,17.83614019116978,167.15384615384613,17.83614019116978,0
per_huruf,4,1680,0.3084266568753442,167.23076923076923,17.74874829312699,167.23076923076923,17.74874829312699,0
per_huruf,4,1681,0.3086102441711034,167.3076923076923,17.65953573054165,167.3076923076923,17.65953573054165,0
per_huruf,4,1682,0.3087938314668625,167.3846153846154,17.569868001820666,167.3846153846154,17.569868001820666,0
per_huruf,4,1683,0.30897741876262164,167.46153846153848,17.48111060537096,167.46153846153848,17.48111060537096,0
per_huruf,4,1684,0.30916100605838076,167.53846153846155,17.394629039599455,167.53846153846155,17.394629039599455,0
per_huruf,4,1685,0.3093445933541399,167.6153846153846,17.311788802913064,167.6153846153846,17.311788802913064,0
per_huruf,4,1686,0.309528180649899,167.69230769230768,17.23395539371871,167.69230769230768,17.23395539371871,0
per_huruf,4,1687,0.30971176794565813,167.76923076923075,17.162494310423305,167.76923076923075,17.162494310423305,0
per_huruf,4,1688,0.3098953552414173,167.84615384615387,17.098771051433776,167.84615384615387,17.098771051433776,0
per_huruf,4,1689,0.31007894253717644,167.9230769230769,17.04415111515703,167.9230769230769,17.04415111515703,0
per_huruf,4,1690,0.31026252983293556,168.0,17.0,168.0,17.0,0
per_huruf,4,1691,0.3104461171286947,168.0769230769231,16.969959035047793,168.0769230769231,16.969959035047793,0
per_huruf,4,1692,0.3106297044244538,168.15384615384613,16.95493855257169,168.15384615384613,16.95493855257169,0
per_huruf,4,1693,0.31081329172021294,168.2307692307692,16.952207555757848,168.2307692307692,16.952207555757848,0
per_huruf,4,1694,0.3109968790159721,168.3076923076923,16.959035047792444,168.3076923076923,16.959035047792444,0
per_huruf,4,1695,0.31118046631173124,168.3846153846154,16.97269003186163,168.3846153846154,16.97269003186163,0
per_huruf,4,1696,0.31136405360749037,168.46153846153848,16.990441511151573,168.46153846153848,16.990441511151573,0
per_huruf,4,1697,0.3115476409032495,168.53846153846152,17.00955848884843,168.53846153846152,17.00955848884843,0
per_huruf,4,1698,0.3117312281990086,168.6153846153846,17.027309968138372,168.6153846153846,17.027309968138372,0
per_huruf,4,1699,0.31191481549476774,168.69230769230768,17.040964952207553,168.69230769230768,17.040964952207553,0
per_huruf,4,1700,0.3120984027905269,168.76923076923075,17.04779244424215,168.76923076923075,17.04779244424215,0
per_huruf,4,1701,0.31228199008628604,168.84615384615387,17.045061447428314,168.84615384615387,17.045061447428314,0
per_huruf,4,1702,0.31246557738204517,168.9230769230769,17.030040964952207,168.9230769230769,17.030040964952207,0
per_huruf,4,1703,0.3126491646778043,169.0,17.0,169.0,17.0,0
per_huruf,4,1704,0.3128327519735634,169.0769230769231,16.955848884842972,169.0769230769231,16.955848884842972,0
per_huruf,4,1705,0.31301633926932254,169.1538461538462,16.901228948566228,169.1538461538462,16.901228948566228,0
per_huruf,4,1706,0.3131999265650817,169.2307692307692,16.83750568957669,169.2307692307692,16.83750568957669,0
per_huruf,4,1707,0.31338351386084085,169.30769230769232,16.766044606281294,169.30769230769232,16.766044606281294,0
per_huruf,4,1708,0.31356710115659997,169.3846153846154,16.688211197086936,169.3846153846154,16.688211197086936,0
per_huruf,4,1709,0.3137506884523591,169.4615384615385,16.605370960400545,169.4615384615385,16.605370960400545,0
per_huruf,4,1710,0.3139342757481182,169.53846153846152,16.51888939462904,169.53846153846152,16.51888939462904,0
per_huruf,4,1711,0.31411786304387734,169.6153846153846,16.430131998179334,169.6153846153846,16.430131998179334,0
per_huruf,4,1712,0.3143014503396365,169.69230769230768,16.34046426945835,169.69230769230768,16.34046426945835,0
per_huruf,4,1713,0.31448503763539565,169.76923076923075,16.251251706873006,169.76923076923075,16.251251706873006,0
per_huruf,4,1714,0.3146686249311548,169.84615384615387,16.163859808830225,169.84615384615387,16.163859808830225,0
per_huruf,4,1715,0.3148522122269139,169.9230769230769,16.07965407373691,169.9230769230769,16.07965407373691,0
per_huruf,4,1716,0.315035799522673,170.0,16.0,170.0,16.0,0
per_huruf,4,1717,0.31521938681843215,170.07692307692312,15.923076923076923,170.07692307692312,15.923076923076923,0
per_huruf,4,1718,0.3154029741141913,170.15384615384616,15.846153846153845,170.15384615384616,15.846153846153845,0
per_huruf,4,1719,0.31558656140995045,170.23076923076923,15.769230769230766,170.23076923076923,15.769230769230766,0
per_huruf,4,1720,0.3157701487057096,170.3076923076923,15.69230769230769,170.3076923076923,15.69230769230769,0
per_huruf,4,1721,0.3159537360014687,170.3846153846154,15.615384615384617,170.3846153846154,15.615384615384617,0
per_huruf,4,1722,0.3161373232972278,170.46153846153848,15.53846153846154,170.46153846153848,15.53846153846154,0
per_huruf,4,1723,0.31632091059298695,170.53846153846155,15.461538461538462,170.53846153846155,15.461538461538462,0
per_huruf,4,1724,0.3165044978887461,170.6153846153846,15.384615384615385,170.6153846153846,15.384615384615385,0
per_huruf,4,1725,0.31668808518450525,170.69230769230768,15.307692307692308,170.69230769230768,15.307692307692308,0
per_huruf,4,1726,0.3168716724802644,170.76923076923077,15.23076923076923,170.76923076923077,15.23076923076923,0
per_huruf,4,1727,0.3170552597760235,170.84615384615387,15.153846153846153,170.84615384615387,15.153846153846153,0
per_huruf,4,1728,0.3172388470717826,170.92307692307693,15.076923076923077,170.92307692307693,15.076923076923077,0
per_huruf,4,1729,0.31742243436754175,171.0,15.0,171.0,15.0,0
per_huruf,4,1730,0.3176060216633009,171.0769230769231,14.923076923076923,171.0769230769231,14.923076923076923,0
per_huruf,4,1731,0.31778960895906005,171.1538461538462,14.846153846153847,171.1538461538462,14.846153846153847,0
per_huruf,4,1732,0.3179731962548192,171.2307692307692,14.769230769230766,171.2307692307692,14.769230769230766,0
per_huruf,4,1733,0.3181567835505783,171.3076923076923,14.69230769230769,171.3076923076923,14.69230769230769,0
per_huruf,4,1734,0.31834037084633743,171.38461538461542,14.615384615384617,171.38461538461542,14.615384615384617,0
per_huruf,4,1735,0.31852395814209655,171.46153846153845,14.53846153846154,171.46153846153845,14.53846153846154,0
per_huruf,4,1736,0.3187075454378557,171.53846153846155,14.461538461538462,171.53846153846155,14.461538461538462,0
per_huruf,4,1737,0.31889113273361486,171.6153846153846,14.384615384615385,171.6153846153846,14.384615384615385,0
per_huruf,4,1738,0.319074720029374,171.69230769230768,14.307692307692307,171.69230769230768,14.307692307692307,0
per_huruf,4,1739,0.3192583073251331,171.76923076923075,14.23076923076923,171.76923076923075,14.23076923076923,0
per_huruf,4,1740,0.31944189462089223,171.84615384615387,14.153846153846153,171.84615384615387,14.153846153846153,0
per_huruf,4,1741,0.31962548191665135,171.9230769230769,14.076923076923077,171.9230769230769,14.076923076923077,0
per_huruf,4,1742,0.3198090692124105,172.0,14.0,172.0,14.0,0
per_huruf,4,1743,0.31999265650816966,172.0769230769231,13.920345926263087,172.0769230769231,13.920345926263087,0
per_huruf,4,1744,0.3201762438039288,172.1538461538462,13.836140191169777,172.1538461538462,13.836140191169777,0
per_huruf,4,1745,0.3203598310996879,172.23076923076923,13.748748293126987,172.23076923076923,13.748748293126987,0
per_huruf,4,1746,0.32054341839544703,172.3076923076923,13.659535730541647,172.3076923076923,13.659535730541647,0
per_huruf,4,1747,0.32072700569120616,172.38461538461542,13.569868001820664,172.38461538461542,13.569868001820664,0
per_huruf,4,1748,0.3209105929869653,172.46153846153848,13.48111060537096,172.46153846153848,13.48111060537096,0
per_huruf,4,1749,0.32109418028272446,172.53846153846155,13.394629039599455,172.53846153846155,13.394629039599455,0
per_huruf,4,1750,0.3212777675784836,172.6153846153846,13.311788802913064,172.6153846153846,13.311788802913064,0
per_huruf,4,1751,0.3214613548742427,172.69230769230768,13.233955393718706,172.69230769230768,13.233955393718706,0
per_huruf,4,1752,0.32164494217000184,172.76923076923075,13.162494310423302,172.76923076923075,13.162494310423302,0
per_huruf,4,1753,0.32182852946576096,172.84615384615387,13.098771051433774,172.84615384615387,13.098771051433774,0
per_huruf,4,1754,0.3220121167615201,172.9230769230769,13.044151115157032,172.9230769230769,13.044151115157032,0
per_huruf,4,1755,0.32219570405727926,173.0,13.0,173.0,13.0,0
per_huruf,4,1756,0.3223792913530384,173.0769230769231,12.969959035047793,173.0769230769231,12.969959035047793,0
per_huruf,4,1757,0.3225628786487975,173.1538461538462,12.954938552571688,173.1538461538462,12.954938552571688,0
per_huruf,4,1758,0.32274646594455664,173.2307692307692,12.952207555757848,173.2307692307692,12.952207555757848,0
per_huruf,4,1759,0.32293005324031576,173.3076923076923,12.959035047792442,173.3076923076923,12.959035047792442,0
per_huruf,4,1760,0.3231136405360749,173.3846153846154,12.97269003186163,173.3846153846154,12.97269003186163,0
per_huruf,4,1761,0.323297227831834,173.4615384615385,12.990441511151571,173.4615384615385,12.990441511151571,0
per_huruf,4,1762,0.3234808151275932,173.53846153846155,13.00955848884843,173.53846153846155,13.00955848884843,0
per_huruf,4,1763,0.3236644024233523,173.6153846153846,13.027309968138372,173.6153846153846,13.027309968138372,0
per_huruf,4,1764,0.32384798971911144,173.69230769230768,13.040964952207554,173.69230769230768,13.040964952207554,0
per_huruf,4,1765,0.32403157701487056,173.76923076923075,13.047792444242148,173.76923076923075,13.047792444242148,0
per_huruf,4,1766,0.3242151643106297,173.84615384615387,13.045061447428312,173.84615384615387,13.045061447428312,0
per_huruf,4,1767,0.3243987516063888,173.9230769230769,13.030040964952207,173.9230769230769,13.030040964952207,0
per_huruf,4,1768,0.324582338902148,174.0,13.0,174.0,13.0,0
per_huruf,4,1769,0.3247659261979071,174.0769230769231,12.953117888029132,174.0769230769231,12.953117888029132,0
per_huruf,4,1770,0.32494951349366624,174.1538461538462,12.891215293582157,174.1538461538462,12.891215293582157,0
per_huruf,4,1771,0.32513310078942537,174.2307692307692,12.817023213472915,174.2307692307692,12.817023213472915,0
per_huruf,4,1772,0.3253166880851845,174.3076923076923,12.733272644515248,174.3076923076923,12.733272644515248,0
per_huruf,4,1773,0.3255002753809436,174.3846153846154,12.642694583522987,174.3846153846154,12.642694583522987,0
per_huruf,4,1774,0.3256838626767028,174.46153846153848,12.548020027309969,174.46153846153848,12.548020027309969,0
per_huruf,4,1775,0.3258674499724619,174.53846153846152,12.451979972690033,174.53846153846152,12.451979972690033,0
per_huruf,4,1776,0.32605103726822104,174.6153846153846,12.357305416477015,174.6153846153846,12.357305416477015,0
per_huruf,4,1777,0.32623462456398017,174.69230769230768,12.26672735548475,174.69230769230768,12.26672735548475,0
per_huruf,4,1778,0.3264182118597393,174.76923076923077,12.182976786527082,174.76923076923077,12.182976786527082,0
per_huruf,4,1779,0.3266017991554984,174.84615384615387,12.108784706417843,174.84615384615387,12.108784706417843,0
per_huruf,4,1780,0.3267853864512576,174.92307692307693,12.046882111970868,174.92307692307693,12.046882111970868,0
per_huruf,4,1781,0.3269689737470167,175.0,12.0,175.0,12.0,0
per_huruf,4,1782,0.32715256104277585,175.0769230769231,11.969959035047793,175.0769230769231,11.969959035047793,0
per_huruf,4,1783,0.32733614833853497,175.15384615384616,11.95493855257169,175.15384615384616,11.95493855257169,0
per_huruf,4,1784,0.3275197356342941,175.2307692307692,11.95220755575785,175.2307692307692,11.95220755575785,0
per_huruf,4,1785,0.3277033229300532,175.3076923076923,11.959035047792446,175.3076923076923,11.959035047792446,0
per_huruf,4,1786,0.3278869102258124,175.3846153846154,11.972690031861632,175.3846153846154,11.972690031861632,0
per_huruf,4,1787,0.3280704975215715,175.46153846153845,11.99044151115157,175.46153846153845,11.99044151115157,0
per_huruf,4,1788,0.32825408481733065,175.53846153846155,12.00955848884843,175.53846153846155,12.00955848884843,0
per_huruf,4,1789,0.3284376721130898,175.6153846153846,12.027309968138372,175.6153846153846,12.027309968138372,0
per_huruf,4,1790,0.3286212594088489,175.69230769230768,12.040964952207554,175.69230769230768,12.040964952207554,0
per_huruf,4,1791,0.328804846704608,175.76923076923075,12.047792444242148,175.76923076923075,12.047792444242148,0
per_huruf,4,1792,0.32898843400036715,175.84615384615384,12.045061447428312,175.84615384615384,12.045061447428312,0
per_huruf,4,1793,0.3291720212961263,175.9230769230769,12.030040964952207,175.9230769230769,12.030040964952207,0
per_huruf,4,1794,0.32935560859188545,176.0,12.0,176.0,12.0,0
per_huruf,4,1795,0.3295391958876446,176.0769230769231,11.95311788802913,176.0769230769231,11.95311788802913,0
per_huruf,4,1796,0.3297227831834037,176.1538461538462,11.891215293582158,176.1538461538462,11.891215293582158,0
per_huruf,4,1797,0.3299063704791628,176.23076923076923,11.817023213472917,176.23076923076923,11.817023213472917,0
per_huruf,4,1798,0.33008995777492195,176.30769230769232,11.733272644515248,176.30769230769232,11.733272644515248,0
per_huruf,4,1799,0.33027354507068113,176.3846153846154,11.642694583522987,176.3846153846154,11.642694583522987,0
per_huruf,4,1800,0.33045713236644025,176.46153846153848,11.548020027309967,176.46153846153848,11.548020027309967,0
per_huruf,4,1801,0.3306407196621994,176.53846153846155,11.451979972690031,176.53846153846155,11.451979972690031,0
per_huruf,4,1802,0.3308243069579585,176.61538461538464,11.357305416477013,176.61538461538464,11.357305416477013,0
per_huruf,4,1803,0.3310078942537176,176.69230769230768,11.26672735548475,176.69230769230768,11.26672735548475,0
per_huruf,4,1804,0.33119148154947675,176.76923076923075,11.182976786527082,176.76923076923075,11.182976786527082,0
per_huruf,4,1805,0.33137506884523593,176.84615384615384,11.108784706417842,176.84615384615384,11.108784706417842,0
per_huruf,4,1806,0.33155865614099506,176.9230769230769,11.046882111970868,176.9230769230769,11.046882111970868,0
per_huruf,4,1807,0.3317422434367542,177.0,11.0,177.0,11.0,0
per_huruf,4,1808,0.3319258307325133,177.07692307692312,10.969959035047792,177.07692307692312,10.969959035047792,0
per_huruf,4,1809,0.33210941802827243,177.1538461538462,10.954938552571688,177.1538461538462,10.954938552571688,0
per_huruf,4,1810,0.33229300532403155,177.2307692307692,10.95220755575785,177.2307692307692,10.95220755575785,0
per_huruf,4,1811,0.33247659261979073,177.3076923076923,10.959035047792446,177.3076923076923,10.959035047792446,0
per_huruf,4,1812,0.33266017991554986,177.3846153846154,10.97269003186163,177.3846153846154,10.97269003186163,0
per_huruf,4,1813,0.332843767211309,177.46153846153848,10.99044151115157,177.46153846153848,10.99044151115157,0
per_huruf,4,1814,0.3330273545070681,177.53846153846155,11.009558488848429,177.53846153846155,11.009558488848429,0
per_huruf,4,1815,0.33321094180282723,177.61538461538464,11.02730996813837,177.61538461538464,11.02730996813837,0
per_huruf,4,1816,0.33339452909858636,177.69230769230768,11.040964952207556,177.69230769230768,11.040964952207556,0
per_huruf,4,1817,0.33357811639434554,177.76923076923075,11.047792444242148,177.76923076923075,11.047792444242148,0
per_huruf,4,1818,0.33376170369010466,177.84615384615384,11.04506144742831,177.84615384615384,11.04506144742831,0
per_huruf,4,1819,0.3339452909858638,177.9230769230769,11.030040964952207,177.9230769230769,11.030040964952207,0
per_huruf,4,1820,0.3341288782816229,178.0,11.0,178.0,11.0,0
per_huruf,4,1821,0.33431246557738203,178.0769230769231,10.95311788802913,178.0769230769231,10.95311788802913,0
per_huruf,4,1822,0.33449605287314116,178.15384615384616,10.891215293582158,178.15384615384616,10.891215293582158,0
per_huruf,4,1823,0.33467964016890034,178.2307692307692,10.817023213472917,178.2307692307692,10.817023213472917,0
per_huruf,4,1824,0.33486322746465946,178.3076923076923,10.733272644515248,178.3076923076923,10.733272644515248,0
per_huruf,4,1825,0.3350468147604186,178.3846153846154,10.642694583522987,178.3846153846154,10.642694583522987,0
per_huruf,4,1826,0.3352304020561777,178.46153846153848,10.548020027309969,178.46153846153848,10.548020027309969,0
per_huruf,4,1827,0.33541398935193684,178.53846153846155,10.45197997269003,178.53846153846155,10.45197997269003,0
per_huruf,4,1828,0.33559757664769596,178.61538461538464,10.357305416477015,178.61538461538464,10.357305416477015,0
per_huruf,4,1829,0.3357811639434551,178.69230769230768,10.26672735548475,178.69230769230768,10.26672735548475,0
per_huruf,4,1830,0.33596475123921427,178.76923076923077,10.182976786527082,178.76923076923077,10.182976786527082,0
per_huruf,4,1831,0.3361483385349734,178.84615384615384,10.108784706417843,178.84615384615384,10.108784706417843,0
per_huruf,4,1832,0.3363319258307325,178.92307692307693,10.04688211197087,178.92307692307693,10.04688211197087,0
per_huruf,4,1833,0.33651551312649164,179.0,10.0,179.0,10.0,0
per_huruf,4,1834,0.33669910042225076,179.07692307692312,9.967228038233957,179.07692307692312,9.967228038233957,0
per_huruf,4,1835,0.3368826877180099,179.1538461538462,9.94492489758762,179.1538461538462,9.94492489758762,0
per_huruf,4,1836,0.33706627501376907,179.23076923076923,9.931725079654074,179.23076923076923,9.931725079654074,0
per_huruf,4,1837,0.3372498623095282,179.3076923076923,9.926263086026399,179.3076923076923,9.926263086026399,0
per_huruf,4,1838,0.3374334496052873,179.3846153846154,9.927173418297679,179.3846153846154,9.927173418297679,0
per_huruf,4,1839,0.33761703690104644,179.46153846153845,9.933090578060993,179.46153846153845,9.933090578060993,0
per_huruf,4,1840,0.33780062419680557,179.53846153846155,9.942649066909421,179.53846153846155,9.942649066909421,0
per_huruf,4,1841,0.3379842114925647,179.61538461538464,9.95448338643605,179.61538461538464,9.95448338643605,0
per_huruf,4,1842,0.33816779878832387,179.69230769230768,9.967228038233955,179.69230769230768,9.967228038233955,0
per_huruf,4,1843,0.338351386084083,179.76923076923075,9.979517523896222,179.76923076923075,9.979517523896222,0
per_huruf,4,1844,0.3385349733798421,179.84615384615384,9.98998634501593,179.84615384615384,9.98998634501593,0
per_huruf,4,1845,0.33871856067560124,179.9230769230769,9.997269003186164,179.9230769230769,9.997269003186164,0
per_huruf,4,1846,0.33890214797136037,180.0,10.0,180.0,10.0,0
per_huruf,4,1847,0.3390857352671195,180.0769230769231,10.000000000000002,180.0769230769231,10.000000000000002,0
per_huruf,4,1848,0.3392693225628787,180.15384615384616,10.0,180.15384615384616,10.0,0
per_huruf,4,1849,0.3394529098586378,180.2307692307692,9.999999999999998,180.2307692307692,9.999999999999998,0
per_huruf,4,1850,0.3396364971543969,180.3076923076923,10.0,180.3076923076923,10.0,0
per_huruf,4,1851,0.33982008445015605,180.38461538461542,10.000000000000002,180.38461538461542,10.000000000000002,0
per_huruf,4,1852,0.34000367174591517,180.46153846153848,10.000000000000002,180.46153846153848,10.000000000000002,0
per_huruf,4,1853,0.3401872590416743,180.53846153846152,10.0,180.53846153846152,10.0,0
per_huruf,4,1854,0.3403708463374335,180.61538461538464,10.0,180.61538461538464,10.0,0
per_huruf,4,1855,0.3405544336331926,180.69230769230768,10.0,180.69230769230768,10.0,0
per_huruf,4,1856,0.3407380209289517,180.76923076923077,10.0,180.76923076923077,10.0,0
per_huruf,4,1857,0.34092160822471085,180.84615384615384,10.0,180.84615384615384,10.0,0
per_huruf,4,1858,0.34110519552047,180.9230769230769,10.0,180.9230769230769,10.0,0
per_huruf,4,1859,0.3412887828162291,181.0,10.0,181.0,10.0,0
per_huruf,4,1860,0.3414723701119883,181.07692307692312,10.002730996813838,181.07692307692312,10.002730996813838,0
per_huruf,4,1861,0.3416559574077474,181.15384615384616,10.01001365498407,181.15384615384616,10.01001365498407,0
per_huruf,4,1862,0.3418395447035065,181.23076923076923,10.020482476103775,181.23076923076923,10.020482476103775,0
per_huruf,4,1863,0.34202313199926565,181.3076923076923,10.032771961766043,181.3076923076923,10.032771961766043,0
per_huruf,4,1864,0.3422067192950248,181.38461538461542,10.04551661356395,181.38461538461542,10.04551661356395,0
per_huruf,4,1865,0.3423903065907839,181.46153846153845,10.057350933090579,181.46153846153845,10.057350933090579,0
per_huruf,4,1866,0.342573893886543,181.53846153846152,10.066909421939005,181.53846153846152,10.066909421939005,0
per_huruf,4,1867,0.3427574811823022,181.61538461538464,10.072826581702321,181.61538461538464,10.072826581702321,0
per_huruf,4,1868,0.34294106847806133,181.69230769230768,10.073736913973601,181.69230769230768,10.073736913973601,0
per_huruf,4,1869,0.34312465577382045,181.76923076923075,10.068274920345925,181.76923076923075,10.068274920345925,0
per_huruf,4,1870,0.3433082430695796,181.84615384615384,10.055075102412381,181.84615384615384,10.055075102412381,0
per_huruf,4,1871,0.3434918303653387,181.9230769230769,10.032771961766045,181.9230769230769,10.032771961766045,0
per_huruf,4,1872,0.3436754176610978,182.0,10.0,182.0,10.0,0
per_huruf,4,1873,0.343859004956857,182.0769230769231,9.953117888029134,182.0769230769231,9.953117888029134,0
per_huruf,4,1874,0.34404259225261613,182.15384615384616,9.891215293582158,182.15384615384616,9.891215293582158,0
per_huruf,4,1875,0.34422617954837526,182.2307692307692,9.817023213472917,182.2307692307692,9.817023213472917,0
per_huruf,4,1876,0.3444097668441344,182.3076923076923,9.733272644515248,182.3076923076923,9.733272644515248,0
per_huruf,4,1877,0.3445933541398935,182.38461538461542,9.642694583522985,182.38461538461542,9.642694583522985,0
per_huruf,4,1878,0.34477694143565263,182.46153846153848,9.548020027309969,182.46153846153848,9.548020027309969,0
per_huruf,4,1879,0.3449605287314118,182.53846153846155,9.451979972690031,182.53846153846155,9.451979972690031,0
per_huruf,4,1880,0.34514411602717093,182.61538461538464,9.357305416477015,182.61538461538464,9.357305416477015,0
per_huruf,4,1881,0.34532770332293006,182.69230769230768,9.26672735548475,182.69230769230768,9.26672735548475,0
per_huruf,4,1882,0.3455112906186892,182.76923076923075,9.182976786527082,182.76923076923075,9.182976786527082,0
per_huruf,4,1883,0.3456948779144483,182.84615384615384,9.108784706417843,182.84615384615384,9.108784706417843,0
per_huruf,4,1884,0.34587846521020743,182.92307692307693,9.046882111970868,182.92307692307693,9.046882111970868,0
per_huruf,4,1885,0.3460620525059666,183.0,9.0,183.0,9.0,0
per_huruf,4,1886,0.34624563980172574,183.0769230769231,8.967228038233957,183.0769230769231,8.967228038233957,0
per_huruf,4,1887,0.34642922709748486,183.15384615384613,8.94492489758762,183.15384615384613,8.94492489758762,0
per_huruf,4,1888,0.346612814393244,183.2307692307692,8.931725079654072,183.2307692307692,8.931725079654072,0
per_huruf,4,1889,0.3467964016890031,183.3076923076923,8.9262630860264,183.3076923076923,8.9262630860264,0
per_huruf,4,1890,0.34697998898476223,183.38461538461542,8.92717341829768,183.38461538461542,8.92717341829768,0
per_huruf,4,1891,0.3471635762805214,183.46153846153845,8.933090578060993,183.46153846153845,8.933090578060993,0
per_huruf,4,1892,0.34734716357628054,183.53846153846155,8.942649066909421,183.53846153846155,8.942649066909421,0
per_huruf,4,1893,0.34753075087203966,183.6153846153846,8.95448338643605,183.6153846153846,8.95448338643605,0
per_huruf,4,1894,0.3477143381677988,183.69230769230768,8.967228038233955,183.69230769230768,8.967228038233955,0
per_huruf,4,1895,0.3478979254635579,183.76923076923077,8.979517523896222,183.76923076923077,8.979517523896222,0
per_huruf,4,1896,0.34808151275931704,183.84615384615384,8.989986345015932,183.84615384615384,8.989986345015932,0
per_huruf,4,1897,0.3482651000550762,183.9230769230769,8.997269003186162,183.9230769230769,8.997269003186162,0
per_huruf,4,1898,0.34844868735083534,184.0,9.0,184.0,9.0,0
per_huruf,4,1899,0.34863227464659446,184.0769230769231,9.0,184.0769230769231,9.0,0
per_huruf,4,1900,0.3488158619423536,184.15384615384616,9.0,184.15384615384616,9.0,0
per_huruf,4,1901,0.3489994492381127,184.2307692307692,8.999999999999998,184.2307692307692,8.999999999999998,0
per_huruf,4,1902,0.34918303653387184,184.3076923076923,9.0,184.3076923076923,9.0,0
per_huruf,4,1903,0.34936662382963096,184.38461538461544,9.0,184.38461538461544,9.0,0
per_huruf,4,1904,0.34955021112539014,184.46153846153848,9.0,184.46153846153848,9.0,0
per_huruf,4,1905,0.34973379842114927,184.53846153846155,9.0,184.53846153846155,9.0,0
per_huruf,4,1906,0.3499173857169084,184.61538461538464,9.0,184.61538461538464,9.0,0
per_huruf,4,1907,0.3501009730126675,184.69230769230768,9.0,184.69230769230768,9.0,0
per_huruf,4,1908,0.35028456030842664,184.76923076923077,9.0,184.76923076923077,9.0,0
per_huruf,4,1909,0.35046814760418576,184.84615384615387,9.0,184.84615384615387,9.0,0
per_huruf,4,1910,0.35065173489994494,184.9230769230769,9.0,184.9230769230769,9.0,0
per_huruf,4,1911,0.35083532219570407,185.0,9.0,185.0,9.0,0
per_huruf,4,1912,0.3510189094914632,185.07965407373695,8.997269003186164,185.07965407373695,8.997269003186164,0
per_huruf,4,1913,0.3512024967872223,185.1638598088302,8.98998634501593,185.1638598088302,8.98998634501593,0
per_huruf,4,1914,0.35138608408298144,185.25125170687298,8.97951752389622,185.25125170687298,8.97951752389622,0
per_huruf,4,1915,0.35156967137874057,185.34046426945832,8.967228038233955,185.34046426945832,8.967228038233955,0
per_huruf,4,1916,0.35175325867449975,185.43013199817938,8.95448338643605,185.43013199817938,8.95448338643605,0
per_huruf,4,1917,0.35193684597025887,185.51888939462904,8.942649066909423,185.51888939462904,8.942649066909423,0
per_huruf,4,1918,0.352120433266018,185.60537096040053,8.933090578060993,185.60537096040053,8.933090578060993,0
per_huruf,4,1919,0.3523040205617771,185.68821119708696,8.927173418297679,185.68821119708696,8.927173418297679,0
per_huruf,4,1920,0.35248760785753624,185.7660446062813,8.926263086026399,185.7660446062813,8.926263086026399,0
per_huruf,4,1921,0.35267119515329537,185.8375056895767,8.931725079654074,185.8375056895767,8.931725079654074,0
per_huruf,4,1922,0.35285478244905455,185.90122894856623,8.94492489758762,185.90122894856623,8.94492489758762,0
per_huruf,4,1923,0.3530383697448137,185.95584888484296,8.967228038233955,185.95584888484296,8.967228038233955,0
per_huruf,4,1924,0.3532219570405728,186.0,9.0,186.0,9.0,0
per_huruf,4,1925,0.3534055443363319,186.0327719617661,9.044151115157034,186.0327719617661,9.044151115157034,0
per_huruf,4,1926,0.35358913163209105,186.05507510241236,9.098771051433774,186.05507510241236,9.098771051433774,0
per_huruf,4,1927,0.35377271892785017,186.06827492034589,9.162494310423302,186.06827492034589,9.162494310423302,0
per_huruf,4,1928,0.35395630622360935,186.0737369139736,9.233955393718707,186.0737369139736,9.233955393718707,0
per_huruf,4,1929,0.3541398935193685,186.07282658170234,9.311788802913064,186.07282658170234,9.311788802913064,0
per_huruf,4,1930,0.3543234808151276,186.06690942193902,9.394629039599455,186.06690942193902,9.394629039599455,0
per_huruf,4,1931,0.3545070681108867,186.05735093309056,9.48111060537096,186.05735093309056,9.48111060537096,0
per_huruf,4,1932,0.35469065540664585,186.04551661356396,9.569868001820664,186.04551661356396,9.569868001820664,0
per_huruf,4,1933,0.354874242702405,186.03277196176603,9.659535730541648,186.03277196176603,9.659535730541648,0
per_huruf,4,1934,0.35505782999816415,186.02048247610375,9.74874829312699,186.02048247610375,9.74874829312699,0
per_huruf,4,1935,0.3552414172939233,186.01001365498405,9.836140191169777,186.01001365498405,9.836140191169777,0
per_huruf,4,1936,0.3554250045896824,186.00273099681385,9.920345926263085,186.00273099681385,9.920345926263085,0
per_huruf,4,1937,0.3556085918854415,186.0,10.0,186.0,10.0,0
per_huruf,4,1938,0.35579217918120065,186.00000000000006,10.076923076923077,186.00000000000006,10.076923076923077,0
per_huruf,4,1939,0.3559757664769598,186.0,10.153846153846155,186.0,10.153846153846155,0
per_huruf,4,1940,0.3561593537727189,185.99999999999997,10.230769230769228,185.99999999999997,10.230769230769228,0
per_huruf,4,1941,0.3563429410684781,186.0,10.307692307692308,186.0,10.307692307692308,0
per_huruf,4,1942,0.3565265283642372,186.00000000000003,10.384615384615385,186.00000000000003,10.384615384615385,0
per_huruf,4,1943,0.35671011565999633,186.0,10.461538461538462,186.0,10.461538461538462,0
per_huruf,4,1944,0.35689370295575545,186.0,10.538461538461538,186.0,10.538461538461538,0
per_huruf,4,1945,0.3570772902515146,186.00000000000003,10.615384615384615,186.00000000000003,10.615384615384615,0
per_huruf,4,1946,0.3572608775472737,186.0,10.692307692307692,186.0,10.692307692307692,0
per_huruf,4,1947,0.3574444648430329,186.0,10.769230769230768,186.0,10.769230769230768,0
per_huruf,4,1948,0.357628052138792,186.0,10.846153846153847,186.0,10.846153846153847,0
per_huruf,4,1949,0.35781163943455113,186.0,10.923076923076922,186.0,10.923076923076922,0
per_huruf,4,1950,0.35799522673031026,186.0,11.0,186.0,11.0,0
per_huruf,4,1951,0.3581788140260694,186.00000000000006,11.076923076923078,186.00000000000006,11.076923076923078,0
per_huruf,4,1952,0.3583624013218285,186.0,11.153846153846155,186.0,11.153846153846155,0
per_huruf,4,1953,0.3585459886175877,185.99999999999997,11.230769230769228,185.99999999999997,11.230769230769228,0
per_huruf,4,1954,0.3587295759133468,186.0,11.307692307692307,186.0,11.307692307692307,0
per_huruf,4,1955,0.35891316320910593,186.00000000000003,11.384615384615385,186.00000000000003,11.384615384615385,0
per_huruf,4,1956,0.35909675050486506,186.0,11.461538461538463,186.0,11.461538461538463,0
per_huruf,4,1957,0.3592803378006242,186.0,11.53846153846154,186.0,11.53846153846154,0
per_huruf,4,1958,0.3594639250963833,186.00000000000003,11.615384615384617,186.00000000000003,11.615384615384617,0
per_huruf,4,1959,0.3596475123921425,186.0,11.692307692307692,186.0,11.692307692307692,0
per_huruf,4,1960,0.3598310996879016,186.0,11.769230769230766,186.0,11.769230769230766,0
per_huruf,4,1961,0.36001468698366074,186.0,11.846153846153847,186.0,11.846153846153847,0
per_huruf,4,1962,0.36019827427941986,186.0,11.923076923076922,186.0,11.923076923076922,0
per_huruf,4,1963,0.360381861575179,186.0,12.0,186.0,12.0,0
per_huruf,4,1964,0.3605654488709381,186.00000000000006,12.076923076923078,186.00000000000006,12.076923076923078,0
per_huruf,4,1965,0.3607490361666973,186.0,12.153846153846155,186.0,12.153846153846155,0
per_huruf,4,1966,0.3609326234624564,185.99999999999997,12.23076923076923,185.99999999999997,12.23076923076923,0
per_huruf,4,1967,0.36111621075821554,186.0,12.307692307692307,186.0,12.307692307692307,0
per_huruf,4,1968,0.36129979805397466,186.00000000000003,12.384615384615385,186.00000000000003,12.384615384615385,0
per_huruf,4,1969,0.3614833853497338,186.0,12.461538461538462,186.0,12.461538461538462,0
per_huruf,4,1970,0.3616669726454929,186.0,12.53846153846154,186.0,12.53846153846154,0
per_huruf,4,1971,0.3618505599412521,186.00000000000003,12.615384615384617,186.00000000000003,12.615384615384617,0
per_huruf,4,1972,0.3620341472370112,186.0,12.69230769230769,186.0,12.69230769230769,0
per_huruf,4,1973,0.36221773453277034,186.0,12.769230769230768,186.0,12.769230769230768,0
per_huruf,4,1974,0.36240132182852947,186.0,12.846153846153847,186.0,12.846153846153847,0
per_huruf,4,1975,0.3625849091242886,186.0,12.923076923076922,186.0,12.923076923076922,0
per_huruf,4,1976,0.3627684964200477,186.0,13.0,186.0,13.0,0
per_huruf,4,1977,0.36295208371580684,186.00273099681388,13.076923076923078,186.00273099681388,13.076923076923078,0
per_huruf,4,1978,0.363135671011566,186.01001365498408,13.153846153846157,186.01001365498408,13.153846153846157,0
per_huruf,4,1979,0.36331925830732514,186.02048247610375,13.230769230769228,186.02048247610375,13.230769230769228,0
per_huruf,4,1980,0.36350284560308427,186.03277196176606,13.307692307692307,186.03277196176606,13.307692307692307,0
per_huruf,4,1981,0.3636864328988434,186.04551661356396,13.384615384615387,186.04551661356396,13.384615384615387,0
per_huruf,4,1982,0.3638700201946025,186.0573509330906,13.461538461538462,186.0573509330906,13.461538461538462,0
per_huruf,4,1983,0.36405360749036164,186.066909421939,13.538461538461538,186.066909421939,13.538461538461538,0
per_huruf,4,1984,0.3642371947861208,186.07282658170234,13.615384615384617,186.07282658170234,13.615384615384617,0
per_huruf,4,1985,0.36442078208187995,186.0737369139736,13.69230769230769,186.0737369139736,13.69230769230769,0
per_huruf,4,1986,0.36460436937763907,186.0682749203459,13.769230769230768,186.0682749203459,13.769230769230768,0
per_huruf,4,1987,0.3647879566733982,186.0550751024124,13.846153846153845,186.0550751024124,13.846153846153845,0
per_huruf,4,1988,0.3649715439691573,186.03277196176606,13.923076923076923,186.03277196176606,13.923076923076923,0
per_huruf,4,1989,0.36515513126491644,186.0,14.0,186.0,14.0,0
per_huruf,4,1990,0.3653387185606756,185.95584888484302,14.076923076923078,185.95584888484302,14.076923076923078,0
per_huruf,4,1991,0.36552230585643475,185.90122894856623,14.153846153846155,185.90122894856623,14.153846153846155,0
per_huruf,4,1992,0.3657058931521939,185.83750568957666,14.23076923076923,185.83750568957666,14.23076923076923,0
per_huruf,4,1993,0.365889480447953,185.76604460628127,14.307692307692307,185.76604460628127,14.307692307692307,0
per_huruf,4,1994,0.3660730677437121,185.68821119708696,14.384615384615387,185.68821119708696,14.384615384615387,0
per_huruf,4,1995,0.36625665503947125,185.6053709604006,14.461538461538462,185.6053709604006,14.461538461538462,0
per_huruf,4,1996,0.3664402423352304,185.51888939462904,14.538461538461538,185.51888939462904,14.538461538461538,0
per_huruf,4,1997,0.36662382963098955,185.43013199817938,14.615384615384617,185.43013199817938,14.615384615384617,0
per_huruf,4,1998,0.3668074169267487,185.34046426945835,14.692307692307692,185.34046426945835,14.692307692307692,0
per_huruf,4,1999,0.3669910042225078,185.251251706873,14.769230769230766,185.251251706873,14.769230769230766,0
per_huruf,4,2000,0.3671745915182669,185.16385980883024,14.846153846153847,185.16385980883024,14.846153846153847,0
per_huruf,4,2001,0.36735817881402605,185.0796540737369,14.923076923076922,185.0796540737369,14.923076923076922,0
per_huruf,4,2002,0.36754176610978523,185.0,15.0,185.0,15.0,0
per_huruf,4,2003,0.36772535340554435,184.9203459262631,15.07692307692308,184.9203459262631,15.07692307692308,0
per_huruf,4,2004,0.3679089407013035,184.83614019116976,15.153846153846155,184.83614019116976,15.153846153846155,0
per_huruf,4,2005,0.3680925279970626,184.74874829312697,15.230769230769228,184.74874829312697,15.230769230769228,0
per_huruf,4,2006,0.3682761152928217,184.65953573054162,15.307692307692307,184.65953573054162,15.307692307692307,0
per_huruf,4,2007,0.36845970258858085,184.5698680018207,15.384615384615387,184.5698680018207,15.384615384615387,0
per_huruf,4,2008,0.36864328988434003,184.48111060537096,15.461538461538463,184.48111060537096,15.461538461538463,0
per_huruf,4,2009,0.36882687718009916,184.39462903959944,15.538461538461538,184.39462903959944,15.538461538461538,0
per_huruf,4,2010,0.3690104644758583,184.31178880291307,15.615384615384615,184.31178880291307,15.615384615384615,0
per_huruf,4,2011,0.3691940517716174,184.2339553937187,15.692307692307692,184.2339553937187,15.692307692307692,0
per_huruf,4,2012,0.36937763906737653,184.16249431042326,15.769230769230768,184.16249431042326,15.769230769230768,0
per_huruf,4,2013,0.36956122636313565,184.09877105143377,15.846153846153847,184.09877105143377,15.846153846153847,0
per_huruf,4,2014,0.3697448136588948,184.044151115157,15.923076923076923,184.044151115157,15.923076923076923,0
per_huruf,4,2015,0.36992840095465396,184.0,16.0,184.0,16.0,0
per_huruf,4,2016,0.3701119882504131,183.9699590350478,16.076923076923077,183.9699590350478,16.076923076923077,0
per_huruf,4,2017,0.3702955755461722,183.95493855257166,16.153846153846153,183.95493855257166,16.153846153846153,0
per_huruf,4,2018,0.37047916284193133,183.95220755575784,16.23076923076923,183.95220755575784,16.23076923076923,0
per_huruf,4,2019,0.37066275013769046,183.95903504779244,16.307692307692307,183.95903504779244,16.307692307692307,0
per_huruf,4,2020,0.3708463374334496,183.97269003186167,16.384615384615387,183.97269003186167,16.384615384615387,0
per_huruf,4,2021,0.37102992472920876,183.99044151115157,16.461538461538463,183.99044151115157,16.461538461538463,0
per_huruf,4,2022,0.3712135120249679,184.00955848884843,16.53846153846154,184.00955848884843,16.53846153846154,0
per_huruf,4,2023,0.371397099320727,184.02730996813838,16.615384615384617,184.02730996813838,16.615384615384617,0
per_huruf,4,2024,0.37158068661648613,184.04096495220756,16.692307692307693,184.04096495220756,16.692307692307693,0
per_huruf,4,2025,0.37176427391224526,184.04779244424213,16.769230769230766,184.04779244424213,16.769230769230766,0
per_huruf,4,2026,0.3719478612080044,184.0450614474283,16.846153846153847,184.0450614474283,16.846153846153847,0
per_huruf,4,2027,0.37213144850376356,184.0300409649522,16.923076923076923,184.0300409649522,16.923076923076923,0
per_huruf,4,2028,0.3723150357995227,184.0,17.0,184.0,17.0,0
per_huruf,4,2029,0.3724986230952818,183.95584888484296,17.07692307692308,183.95584888484296,17.07692307692308,0
per_huruf,4,2030,0.37268221039104094,183.90122894856623,17.153846153846153,183.90122894856623,17.153846153846153,0
per_huruf,4,2031,0.37286579768680006,183.83750568957666,17.230769230769226,183.83750568957666,17.230769230769226,0
per_huruf,4,2032,0.3730493849825592,183.76604460628127,17.307692307692307,183.76604460628127,17.307692307692307,0
per_huruf,4,2033,0.37323297227831836,183.68821119708699,17.384615384615387,183.68821119708699,17.384615384615387,0
per_huruf,4,2034,0.3734165595740775,183.6053709604006,17.461538461538463,183.6053709604006,17.461538461538463,0
per_huruf,4,2035,0.3736001468698366,183.518889394629,17.53846153846154,183.518889394629,17.53846153846154,0
per_huruf,4,2036,0.37378373416559574,183.43013199817938,17.615384615384617,183.43013199817938,17.615384615384617,0
per_huruf,4,2037,0.37396732146135486,183.34046426945835,17.692307692307693,183.34046426945835,17.692307692307693,0
per_huruf,4,2038,0.374150908757114,183.251251706873,17.769230769230766,183.251251706873,17.769230769230766,0
per_huruf,4,2039,0.37433449605287317,183.16385980883024,17.846153846153847,183.16385980883024,17.846153846153847,0
per_huruf,4,2040,0.3745180833486323,183.07965407373692,17.923076923076923,183.07965407373692,17.923076923076923,0
per_huruf,4,2041,0.3747016706443914,183.0,18.0,183.0,18.0,0
per_huruf,4,2042,0.37488525794015054,182.9203459262631,18.07692307692308,182.9203459262631,18.07692307692308,0
per_huruf,4,2043,0.37506884523590966,182.83614019116976,18.153846153846153,182.83614019116976,18.153846153846153,0
per_huruf,4,2044,0.3752524325316688,182.74874829312694,18.23076923076923,182.74874829312694,18.23076923076923,0
per_huruf,4,2045,0.37543601982742797,182.65953573054162,18.307692307692307,182.65953573054162,18.307692307692307,0
per_huruf,4,2046,0.3756196071231871,182.56986800182068,18.38461538461539,182.56986800182068,18.38461538461539,0
per_huruf,4,2047,0.3758031944189462,182.48111060537096,18.461538461538463,182.48111060537096,18.461538461538463,0
per_huruf,4,2048,0.37598678171470534,182.39462903959944,18.538461538461537,182.39462903959944,18.538461538461537,0
per_huruf,4,2049,0.37617036901046447,182.31178880291304,18.615384615384613,182.31178880291304,18.615384615384613,0
per_huruf,4,2050,0.3763539563062236,182.2339553937187,18.692307692307693,182.2339553937187,18.692307692307693,0
per_huruf,4,2051,0.3765375436019827,182.16249431042328,18.769230769230766,182.16249431042328,18.769230769230766,0
per_huruf,4,2052,0.3767211308977419,182.09877105143377,18.846153846153847,182.09877105143377,18.846153846153847,0
per_huruf,4,2053,0.376904718193501,182.04415111515704,18.923076923076923,182.04415111515704,18.923076923076923,0
per_huruf,4,2054,0.37708830548926014,182.0,19.0,182.0,19.0,0
per_huruf,4,2055,0.37727189278501927,181.96995903504782,19.07965407373692,181.96995903504782,19.07965407373692,0
per_huruf,4,2056,0.3774554800807784,181.9549385525717,19.163859808830228,181.9549385525717,19.163859808830228,0
per_huruf,4,2057,0.3776390673765375,181.9522075557578,19.251251706873003,181.9522075557578,19.251251706873003,0
per_huruf,4,2058,0.3778226546722967,181.95903504779244,19.34046426945835,181.95903504779244,19.34046426945835,0
per_huruf,4,2059,0.3780062419680558,181.97269003186165,19.430131998179338,181.97269003186165,19.430131998179338,0
per_huruf,4,2060,0.37818982926381495,181.99044151115157,19.51888939462904,181.99044151115157,19.51888939462904,0
per_huruf,4,2061,0.37837341655957407,182.00955848884846,19.605370960400542,182.00955848884846,19.605370960400542,0
per_huruf,4,2062,0.3785570038553332,182.02730996813835,19.688211197086936,182.02730996813835,19.688211197086936,0
per_huruf,4,2063,0.3787405911510923,182.04096495220753,19.76604460628129,182.04096495220753,19.76604460628129,0
per_huruf,4,2064,0.3789241784468515,182.04779244424213,19.837505689576695,182.04779244424213,19.837505689576695,0
per_huruf,4,2065,0.3791077657426106,182.0450614474283,19.901228948566228,182.0450614474283,19.901228948566228,0
per_huruf,4,2066,0.37929135303836975,182.0300409649522,19.95584888484297,182.0300409649522,19.95584888484297,0
per_huruf,4,2067,0.3794749403341289,182.0,20.0,182.0,20.0,0
per_huruf,4,2068,0.379658527629888,181.95311788802914,20.030040964952214,181.95311788802914,20.030040964952214,0
per_huruf,4,2069,0.3798421149256471,181.89121529358215,20.045061447428314,181.89121529358215,20.045061447428314,0
per_huruf,4,2070,0.3800257022214063,181.81702321347288,20.047792444242145,181.81702321347288,20.047792444242145,0
per_huruf,4,2071,0.3802092895171654,181.73327264451524,20.040964952207556,181.73327264451524,20.040964952207556,0
per_huruf,4,2072,0.38039287681292455,181.642694583523,20.027309968138372,181.642694583523,20.027309968138372,0
per_huruf,4,2073,0.3805764641086837,181.54802002731,20.00955848884843,181.54802002731,20.00955848884843,0
per_huruf,4,2074,0.3807600514044428,181.45197997269003,19.990441511151566,181.45197997269003,19.990441511151566,0
per_huruf,4,2075,0.3809436387002019,181.357305416477,19.97269003186163,181.357305416477,19.97269003186163,0
per_huruf,4,2076,0.3811272259959611,181.26672735548473,19.95903504779244,181.26672735548473,19.95903504779244,0
per_huruf,4,2077,0.38131081329172023,181.1829767865271,19.95220755575785,181.1829767865271,19.95220755575785,0
per_huruf,4,2078,0.38149440058747935,181.10878470641785,19.95493855257169,181.10878470641785,19.95493855257169,0
per_huruf,4,2079,0.3816779878832385,181.04688211197086,19.969959035047793,181.04688211197086,19.969959035047793,0
per_huruf,4,2080,0.3818615751789976,181.0,20.0,181.0,20.0,0
per_huruf,4,2081,0.3820451624747567,180.9699590350478,20.046882111970874,180.9699590350478,20.046882111970874,0
per_huruf,4,2082,0.3822287497705159,180.9549385525717,20.10878470641784,180.9549385525717,20.10878470641784,0
per_huruf,4,2083,0.38241233706627503,180.95220755575784,20.18297678652708,180.95220755575784,20.18297678652708,0
per_huruf,4,2084,0.38259592436203416,180.95903504779244,20.26672735548475,180.95903504779244,20.26672735548475,0
per_huruf,4,2085,0.3827795116577933,180.97269003186165,20.357305416477015,180.97269003186165,20.357305416477015,0
per_huruf,4,2086,0.3829630989535524,180.9904415111516,20.451979972690037,180.9904415111516,20.451979972690037,0
per_huruf,4,2087,0.38314668624931153,181.00955848884843,20.548020027309967,181.00955848884843,20.548020027309967,0
per_huruf,4,2088,0.38333027354507065,181.02730996813835,20.64269458352299,181.02730996813835,20.64269458352299,0
per_huruf,4,2089,0.38351386084082983,181.04096495220756,20.733272644515246,181.04096495220756,20.733272644515246,0
per_huruf,4,2090,0.38369744813658896,181.04779244424213,20.817023213472915,181.04779244424213,20.817023213472915,0
per_huruf,4,2091,0.3838810354323481,181.0450614474283,20.891215293582157,181.0450614474283,20.891215293582157,0
per_huruf,4,2092,0.3840646227281072,181.0300409649522,20.953117888029126,181.0300409649522,20.953117888029126,0
per_huruf,4,2093,0.38424821002386633,181.0,21.0,181.0,21.0,0
per_huruf,4,2094,0.38443179731962546,180.95311788802917,21.030040964952207,180.95311788802917,21.030040964952207,0
per_huruf,4,2095,0.38461538461538464,180.89121529358218,21.04506144742831,180.89121529358218,21.04506144742831,0
per_huruf,4,2096,0.38479897191114376,180.8170232134729,21.047792444242145,180.8170232134729,21.047792444242145,0
per_huruf,4,2097,0.3849825592069029,180.73327264451524,21.040964952207556,180.73327264451524,21.040964952207556,0
per_huruf,4,2098,0.385166146502662,180.642694583523,21.027309968138372,180.642694583523,21.027309968138372,0
per_huruf,4,2099,0.38534973379842113,180.54802002730997,21.009558488848434,180.54802002730997,21.009558488848434,0
per_huruf,4,2100,0.38553332109418026,180.45197997269005,20.990441511151573,180.45197997269005,20.990441511151573,0
per_huruf,4,2101,0.38571690838993944,180.357305416477,20.97269003186163,180.357305416477,20.97269003186163,0
per_huruf,4,2102,0.38590049568569856,180.26672735548473,20.959035047792444,180.26672735548473,20.959035047792444,0
per_huruf,4,2103,0.3860840829814577,180.18297678652704,20.952207555757848,180.18297678652704,20.952207555757848,0
per_huruf,4,2104,0.3862676702772168,180.10878470641785,20.95493855257169,180.10878470641785,20.95493855257169,0
per_huruf,4,2105,0.38645125757297594,180.04688211197086,20.96995903504779,180.04688211197086,20.96995903504779,0
per_huruf,4,2106,0.38663484486873506,180.0,21.0,180.0,21.0,0
per_huruf,4,2107,0.38681843216449424,179.9699590350478,21.046882111970866,179.9699590350478,21.046882111970866,0
per_huruf,4,2108,0.38700201946025337,179.95493855257172,21.108784706417843,179.95493855257172,21.108784706417843,0
per_huruf,4,2109,0.3871856067560125,179.95220755575784,21.182976786527078,179.95220755575784,21.182976786527078,0
per_huruf,4,2110,0.3873691940517716,179.95903504779244,21.266727355484754,179.95903504779244,21.266727355484754,0
per_huruf,4,2111,0.38755278134753074,179.97269003186165,21.357305416477015,179.97269003186165,21.357305416477015,0
per_huruf,4,2112,0.38773636864328986,179.99044151115157,21.451979972690033,179.99044151115157,21.451979972690033,0
per_huruf,4,2113,0.38791995593904904,180.00955848884843,21.54802002730997,180.00955848884843,21.54802002730997,0
per_huruf,4,2114,0.38810354323480817,180.02730996813835,21.642694583522985,180.02730996813835,21.642694583522985,0
per_huruf,4,2115,0.3882871305305673,180.04096495220753,21.733272644515246,180.04096495220753,21.733272644515246,0
per_huruf,4,2116,0.3884707178263264,180.04779244424213,21.817023213472915,180.04779244424213,21.817023213472915,0
per_huruf,4,2117,0.38865430512208554,180.0450614474283,21.891215293582157,180.0450614474283,21.891215293582157,0
per_huruf,4,2118,0.38883789241784467,180.0300409649522,21.95311788802913,180.0300409649522,21.95311788802913,0
per_huruf,4,2119,0.38902147971360385,180.0,22.0,180.0,22.0,0
per_huruf,4,2120,0.38920506700936297,179.95311788802914,22.030040964952207,179.95311788802914,22.030040964952207,0
per_huruf,4,2121,0.3893886543051221,179.89121529358218,22.045061447428314,179.89121529358218,22.045061447428314,0
per_huruf,4,2122,0.3895722416008812,179.8170232134729,22.04779244424215,179.8170232134729,22.04779244424215,0
per_huruf,4,2123,0.38975582889664034,179.73327264451524,22.040964952207556,179.73327264451524,22.040964952207556,0
per_huruf,4,2124,0.38993941619239947,179.642694583523,22.027309968138372,179.642694583523,22.027309968138372,0
per_huruf,4,2125,0.3901230034881586,179.54802002731,22.00955848884843,179.54802002731,22.00955848884843,0
per_huruf,4,2126,0.3903065907839178,179.45197997269003,21.99044151115157,179.45197997269003,21.99044151115157,0
per_huruf,4,2127,0.3904901780796769,179.357305416477,21.972690031861628,179.357305416477,21.972690031861628,0
per_huruf,4,2128,0.390673765375436,179.26672735548473,21.959035047792444,179.26672735548473,21.959035047792444,0
per_huruf,4,2129,0.39085735267119515,179.18297678652706,21.95220755575785,179.18297678652706,21.95220755575785,0
per_huruf,4,2130,0.39104093996695427,179.10878470641785,21.95493855257169,179.10878470641785,21.95493855257169,0
per_huruf,4,2131,0.3912245272627134,179.0468821119709,21.96995903504779,179.0468821119709,21.96995903504779,0
per_huruf,4,2132,0.3914081145584726,179.0,22.0,179.0,22.0,0
per_huruf,4,2133,0.3915917018542317,178.96995903504785,22.04688211197087,178.96995903504785,22.04688211197087,0
per_huruf,4,2134,0.3917752891499908,178.9549385525717,22.108784706417843,178.9549385525717,22.108784706417843,0
per_huruf,4,2135,0.39195887644574995,178.95220755575784,22.18297678652708,178.95220755575784,22.18297678652708,0
per_huruf,4,2136,0.3921424637415091,178.95903504779244,22.26672735548475,178.95903504779244,22.26672735548475,0
per_huruf,4,2137,0.3923260510372682,178.97269003186162,22.35730541647702,178.97269003186162,22.35730541647702,0
per_huruf,4,2138,0.3925096383330274,178.99044151115157,22.451979972690033,178.99044151115157,22.451979972690033,0
per_huruf,4,2139,0.3926932256287865,179.00955848884843,22.548020027309967,179.00955848884843,22.548020027309967,0
per_huruf,4,2140,0.3928768129245456,179.0273099681384,22.64269458352299,179.0273099681384,22.64269458352299,0
per_huruf,4,2141,0.39306040022030475,179.04096495220756,22.733272644515246,179.04096495220756,22.733272644515246,0
per_huruf,4,2142,0.3932439875160639,179.04779244424213,22.817023213472915,179.04779244424213,22.817023213472915,0
per_huruf,4,2143,0.393427574811823,179.0450614474283,22.891215293582157,179.0450614474283,22.891215293582157,0
per_huruf,4,2144,0.3936111621075822,179.0300409649522,22.95311788802913,179.0300409649522,22.95311788802913,0
per_huruf,4,2145,0.3937947494033413,179.0,23.0,179.0,23.0,0
per_huruf,4,2146,0.39397833669910043,178.9531178880292,23.03004096495221,178.9531178880292,23.03004096495221,0
per_huruf,4,2147,0.39416192399485955,178.89121529358218,23.04506144742831,178.89121529358218,23.04506144742831,0
per_huruf,4,2148,0.3943455112906187,178.81702321347288,23.047792444242145,178.81702321347288,23.047792444242145,0
per_huruf,4,2149,0.3945290985863778,178.73327264451527,23.040964952207553,178.73327264451527,23.040964952207553,0
per_huruf,4,2150,0.394712685882137,178.642694583523,23.027309968138375,178.642694583523,23.027309968138375,0
per_huruf,4,2151,0.3948962731778961,178.54802002730995,23.00955848884843,178.54802002730995,23.00955848884843,0
per_huruf,4,2152,0.39507986047365523,178.45197997269003,22.99044151115157,178.45197997269003,22.99044151115157,0
per_huruf,4,2153,0.39526344776941436,178.357305416477,22.97269003186163,178.357305416477,22.97269003186163,0
per_huruf,4,2154,0.3954470350651735,178.26672735548476,22.95903504779244,178.26672735548476,22.95903504779244,0
per_huruf,4,2155,0.3956306223609326,178.18297678652706,22.952207555757848,178.18297678652706,22.952207555757848,0
per_huruf,4,2156,0.3958142096566918,178.10878470641785,22.95493855257169,178.10878470641785,22.95493855257169,0
per_huruf,4,2157,0.3959977969524509,178.04688211197086,22.96995903504779,178.04688211197086,22.96995903504779,0
per_huruf,4,2158,0.39618138424821003,178.0,23.0,178.0,23.0,0
per_huruf,4,2159,0.39636497154396916,177.96995903504782,23.046882111970874,177.96995903504782,23.046882111970874,0
per_huruf,4,2160,0.3965485588397283,177.95493855257172,23.108784706417843,177.95493855257172,23.108784706417843,0
per_huruf,4,2161,0.3967321461354874,177.9522075557578,23.182976786527078,177.9522075557578,23.182976786527078,0
per_huruf,4,2162,0.39691573343124653,177.95903504779244,23.26672735548475,177.95903504779244,23.26672735548475,0
per_huruf,4,2163,0.3970993207270057,177.97269003186165,23.35730541647702,177.97269003186165,23.35730541647702,0
per_huruf,4,2164,0.39728290802276484,177.99044151115157,23.451979972690033,177.99044151115157,23.451979972690033,0
per_huruf,4,2165,0.39746649531852396,178.00955848884843,23.548020027309967,178.00955848884843,23.548020027309967,0
per_huruf,4,2166,0.3976500826142831,178.02730996813835,23.642694583522985,178.02730996813835,23.642694583522985,0
per_huruf,4,2167,0.3978336699100422,178.04096495220756,23.733272644515246,178.04096495220756,23.733272644515246,0
per_huruf,4,2168,0.39801725720580133,178.04779244424213,23.817023213472915,178.04779244424213,23.817023213472915,0
per_huruf,4,2169,0.3982008445015605,178.0450614474283,23.891215293582157,178.0450614474283,23.891215293582157,0
per_huruf,4,2170,0.39838443179731964,178.0300409649522,23.953117888029126,178.0300409649522,23.953117888029126,0
per_huruf,4,2171,0.39856801909307876,178.0,24.0,178.0,24.0,0
per_huruf,4,2172,0.3987516063888379,177.95311788802914,24.03004096495221,177.95311788802914,24.03004096495221,0
per_huruf,4,2173,0.398935193684597,177.89121529358218,24.045061447428314,177.89121529358218,24.045061447428314,0
per_huruf,4,2174,0.39911878098035614,177.81702321347288,24.047792444242145,177.81702321347288,24.047792444242145,0
per_huruf,4,2175,0.3993023682761153,177.73327264451524,24.040964952207556,177.73327264451524,24.040964952207556,0
per_huruf,4,2176,0.39948595557187444,177.642694583523,24.027309968138375,177.642694583523,24.027309968138375,0
per_huruf,4,2177,0.39966954286763356,177.54802002731,24.00955848884843,177.54802002731,24.00955848884843,0
per_huruf,4,2178,0.3998531301633927,177.45197997269005,23.990441511151573,177.45197997269005,23.990441511151573,0
per_huruf,4,2179,0.4000367174591518,177.357305416477,23.97269003186163,177.357305416477,23.97269003186163,0
per_huruf,4,2180,0.40022030475491094,177.26672735548473,23.959035047792444,177.26672735548473,23.959035047792444,0
per_huruf,4,2181,0.4004038920506701,177.18297678652706,23.952207555757848,177.18297678652706,23.952207555757848,0
per_huruf,4,2182,0.40058747934642924,177.10878470641785,23.95493855257169,177.10878470641785,23.95493855257169,0
per_huruf,4,2183,0.40077106664218837,177.04688211197086,23.96995903504779,177.04688211197086,23.96995903504779,0
per_huruf,4,2184,0.4009546539379475,177.0,24.0,177.0,24.0,0
per_huruf,4,2185,0.4011382412337066,176.96995903504782,24.044151115157035,176.96995903504782,24.044151115157035,0
per_huruf,4,2186,0.40132182852946574,176.95493855257172,24.098771051433776,176.95493855257172,24.098771051433776,0
per_huruf,4,2187,0.4015054158252249,176.9522075557578,24.162494310423302,176.9522075557578,24.162494310423302,0
per_huruf,4,2188,0.40168900312098405,176.95903504779244,24.233955393718706,176.95903504779244,24.233955393718706,0
per_huruf,4,2189,0.40187259041674317,176.97269003186165,24.311788802913068,176.97269003186165,24.311788802913068,0
per_huruf,4,2190,0.4020561777125023,176.9904415111516,24.394629039599458,176.9904415111516,24.394629039599458,0
per_huruf,4,2191,0.4022397650082614,177.00955848884843,24.48111060537096,177.00955848884843,24.48111060537096,0
per_huruf,4,2192,0.40242335230402054,177.0273099681384,24.569868001820666,177.0273099681384,24.569868001820666,0
per_huruf,4,2193,0.4026069395997797,177.04096495220756,24.65953573054165,177.04096495220756,24.65953573054165,0
per_huruf,4,2194,0.40279052689553885,177.04779244424213,24.74874829312699,177.04779244424213,24.74874829312699,0
per_huruf,4,2195,0.40297411419129797,177.0450614474283,24.836140191169775,177.0450614474283,24.836140191169775,0
per_huruf,4,2196,0.4031577014870571,177.0300409649522,24.920345926263085,177.0300409649522,24.920345926263085,0
per_huruf,4,2197,0.4033412887828162,177.0,25.0,177.0,25.0,0
per_huruf,4,2198,0.40352487607857535,176.955848884843,25.07692307692308,176.955848884843,25.07692307692308,0
per_huruf,4,2199,0.40370846337433447,176.90122894856626,25.153846153846157,176.90122894856626,25.153846153846157,0
per_huruf,4,2200,0.40389205067009365,176.83750568957666,25.23076923076923,176.83750568957666,25.23076923076923,0
per_huruf,4,2201,0.4040756379658528,176.7660446062813,25.307692307692307,176.7660446062813,25.307692307692307,0
per_huruf,4,2202,0.4042592252616119,176.68821119708696,25.384615384615387,176.68821119708696,25.384615384615387,0
per_huruf,4,2203,0.404442812557371,176.60537096040053,25.461538461538463,176.60537096040053,25.461538461538463,0
per_huruf,4,2204,0.40462639985313015,176.51888939462904,25.53846153846154,176.51888939462904,25.53846153846154,0
per_huruf,4,2205,0.40480998714888927,176.43013199817932,25.61538461538462,176.43013199817932,25.61538461538462,0
per_huruf,4,2206,0.40499357444464845,176.34046426945835,25.69230769230769,176.34046426945835,25.69230769230769,0
per_huruf,4,2207,0.4051771617404076,176.251251706873,25.769230769230766,176.251251706873,25.769230769230766,0
per_huruf,4,2208,0.4053607490361667,176.16385980883024,25.846153846153847,176.16385980883024,25.846153846153847,0
per_huruf,4,2209,0.4055443363319258,176.0796540737369,25.92307692307692,176.0796540737369,25.92307692307692,0
per_huruf,4,2210,0.40572792362768495,176.0,26.0,176.0,26.0,0
per_huruf,4,2211,0.4059115109234441,175.92307692307693,26.079654073736915,175.92307692307693,26.079654073736915,0
per_huruf,4,2212,0.40609509821920325,175.84615384615387,26.163859808830225,175.84615384615387,26.163859808830225,0
per_huruf,4,2213,0.4062786855149624,175.76923076923075,26.251251706873006,175.76923076923075,26.251251706873006,0
per_huruf,4,2214,0.4064622728107215,175.69230769230768,26.340464269458348,175.69230769230768,26.340464269458348,0
per_huruf,4,2215,0.4066458601064806,175.6153846153846,26.430131998179338,175.6153846153846,26.430131998179338,0
per_huruf,4,2216,0.40682944740223975,175.53846153846155,26.51888939462904,175.53846153846155,26.51888939462904,0
per_huruf,4,2217,0.4070130346979989,175.46153846153845,26.605370960400545,175.46153846153845,26.605370960400545,0
per_huruf,4,2218,0.40719662199375806,175.3846153846154,26.688211197086936,175.3846153846154,26.688211197086936,0
per_huruf,4,2219,0.4073802092895172,175.30769230769232,26.76604460628129,175.30769230769232,26.76604460628129,0
per_huruf,4,2220,0.4075637965852763,175.23076923076923,26.837505689576695,175.23076923076923,26.837505689576695,0
per_huruf,4,2221,0.40774738388103543,175.15384615384616,26.901228948566228,175.15384615384616,26.901228948566228,0
per_huruf,4,2222,0.40793097117679455,175.0769230769231,26.955848884842965,175.0769230769231,26.955848884842965,0
per_huruf,4,2223,0.4081145584725537,175.0,27.0,175.0,27.0,0
per_huruf,4,2224,0.40829814576831286,174.92307692307696,27.03004096495221,174.92307692307696,27.03004096495221,0
per_huruf,4,2225,0.408481733064072,174.84615384615387,27.045061447428314,174.84615384615387,27.045061447428314,0
per_huruf,4,2226,0.4086653203598311,174.76923076923075,27.04779244424215,174.76923076923075,27.04779244424215,0
per_huruf,4,2227,0.40884890765559023,174.69230769230768,27.040964952207553,174.69230769230768,27.040964952207553,0
per_huruf,4,2228,0.40903249495134936,174.6153846153846,27.027309968138375,174.6153846153846,27.027309968138375,0
per_huruf,4,2229,0.4092160822471085,174.53846153846155,27.00955848884843,174.53846153846155,27.00955848884843,0
per_huruf,4,2230,0.40939966954286766,174.46153846153845,26.99044151115157,174.46153846153845,26.99044151115157,0
per_huruf,4,2231,0.4095832568386268,174.3846153846154,26.97269003186163,174.3846153846154,26.97269003186163,0
per_huruf,4,2232,0.4097668441343859,174.30769230769232,26.959035047792444,174.30769230769232,26.959035047792444,0
per_huruf,4,2233,0.40995043143014503,174.2307692307692,26.95220755575785,174.2307692307692,26.95220755575785,0
per_huruf,4,2234,0.41013401872590416,174.1538461538462,26.95493855257169,174.1538461538462,26.95493855257169,0
per_huruf,4,2235,0.4103176060216633,174.07692307692307,26.96995903504779,174.07692307692307,26.96995903504779,0
per_huruf,4,2236,0.4105011933174224,174.0,27.0,174.0,27.0,0
per_huruf,4,2237,0.4106847806131816,173.92307692307696,27.04415111515704,173.92307692307696,27.04415111515704,0
per_huruf,4,2238,0.4108683679089407,173.84615384615387,27.098771051433776,173.84615384615387,27.098771051433776,0
per_huruf,4,2239,0.41105195520469984,173.76923076923075,27.162494310423302,173.76923076923075,27.162494310423302,0
per_huruf,4,2240,0.41123554250045896,173.69230769230765,27.233955393718706,173.69230769230765,27.233955393718706,0
per_huruf,4,2241,0.4114191297962181,173.6153846153846,27.311788802913068,173.6153846153846,27.311788802913068,0
per_huruf,4,2242,0.4116027170919772,173.53846153846155,27.394629039599458,173.53846153846155,27.394629039599458,0
per_huruf,4,2243,0.4117863043877364,173.46153846153845,27.481110605370958,173.46153846153845,27.481110605370958,0
per_huruf,4,2244,0.4119698916834955,173.3846153846154,27.569868001820666,173.3846153846154,27.569868001820666,0
per_huruf,4,2245,0.41215347897925464,173.30769230769232,27.65953573054165,173.30769230769232,27.65953573054165,0
per_huruf,4,2246,0.41233706627501376,173.23076923076923,27.748748293126987,173.23076923076923,27.748748293126987,0
per_huruf,4,2247,0.4125206535707729,173.15384615384616,27.836140191169775,173.15384615384616,27.836140191169775,0
per_huruf,4,2248,0.412704240866532,173.07692307692307,27.920345926263085,173.07692307692307,27.920345926263085,0
per_huruf,4,2249,0.4128878281622912,173.0,28.0,173.0,28.0,0
per_huruf,4,2250,0.4130714154580503,172.92307692307693,28.07692307692308,172.92307692307693,28.07692307692308,0
per_huruf,4,2251,0.41325500275380944,172.84615384615384,28.153846153846157,172.84615384615384,28.153846153846157,0
per_huruf,4,2252,0.41343859004956857,172.76923076923072,28.23076923076923,172.76923076923072,28.23076923076923,0
per_huruf,4,2253,0.4136221773453277,172.69230769230765,28.307692307692303,172.69230769230765,28.307692307692303,0
per_huruf,4,2254,0.4138057646410868,172.61538461538464,28.384615384615387,172.61538461538464,28.384615384615387,0
per_huruf,4,2255,0.413989351936846,172.53846153846155,28.461538461538463,172.53846153846155,28.461538461538463,0
per_huruf,4,2256,0.4141729392326051,172.46153846153845,28.53846153846154,172.46153846153845,28.53846153846154,0
per_huruf,4,2257,0.41435652652836424,172.3846153846154,28.615384615384613,172.3846153846154,28.615384615384613,0
per_huruf,4,2258,0.41454011382412337,172.30769230769232,28.69230769230769,172.30769230769232,28.69230769230769,0
per_huruf,4,2259,0.4147237011198825,172.23076923076923,28.769230769230766,172.23076923076923,28.769230769230766,0
per_huruf,4,2260,0.4149072884156416,172.15384615384616,28.846153846153847,172.15384615384616,28.846153846153847,0
per_huruf,4,2261,0.4150908757114008,172.07692307692307,28.92307692307692,172.07692307692307,28.92307692307692,0
per_huruf,4,2262,0.4152744630071599,172.0,29.0,172.0,29.0,0
per_huruf,4,2263,0.41545805030291905,171.92307692307693,29.079654073736915,171.92307692307693,29.079654073736915,0
per_huruf,4,2264,0.41564163759867817,171.84615384615384,29.163859808830225,171.84615384615384,29.163859808830225,0
per_huruf,4,2265,0.4158252248944373,171.76923076923077,29.251251706873003,171.76923076923077,29.251251706873003,0
per_huruf,4,2266,0.4160088121901964,171.69230769230765,29.340464269458348,171.69230769230765,29.340464269458348,0
per_huruf,4,2267,0.4161923994859556,171.61538461538464,29.430131998179338,171.61538461538464,29.430131998179338,0
per_huruf,4,2268,0.4163759867817147,171.53846153846155,29.518889394629042,171.53846153846155,29.518889394629042,0
per_huruf,4,2269,0.41655957407747385,171.46153846153848,29.605370960400545,171.46153846153848,29.605370960400545,0
per_huruf,4,2270,0.416743161373233,171.3846153846154,29.68821119708694,171.3846153846154,29.68821119708694,0
per_huruf,4,2271,0.4169267486689921,171.3076923076923,29.76604460628129,171.3076923076923,29.76604460628129,0
per_huruf,4,2272,0.4171103359647512,171.23076923076923,29.83750568957669,171.23076923076923,29.83750568957669,0
per_huruf,4,2273,0.41729392326051035,171.1538461538462,29.901228948566228,171.1538461538462,29.901228948566228,0
per_huruf,4,2274,0.4174775105562695,171.0769230769231,29.955848884842965,171.0769230769231,29.955848884842965,0
per_huruf,4,2275,0.41766109785202865,171.0,30.0,171.0,30.0,0
per_huruf,4,2276,0.4178446851477878,170.9203459262631,30.03004096495221,170.9203459262631,30.03004096495221,0
per_huruf,4,2277,0.4180282724435469,170.83614019116982,30.04506144742831,170.83614019116982,30.04506144742831,0
per_huruf,4,2278,0.418211859739306,170.74874829312694,30.047792444242145,170.74874829312694,30.047792444242145,0
per_huruf,4,2279,0.41839544703506515,170.65953573054162,30.040964952207556,170.65953573054162,30.040964952207556,0
per_huruf,4,2280,0.41857903433082433,170.56986800182065,30.027309968138372,170.56986800182065,30.027309968138372,0
per_huruf,4,2281,0.41876262162658345,170.481110605371,30.00955848884843,170.481110605371,30.00955848884843,0
per_huruf,4,2282,0.4189462089223426,170.39462903959944,29.99044151115157,170.39462903959944,29.99044151115157,0
per_huruf,4,2283,0.4191297962181017,170.31178880291304,29.972690031861628,170.31178880291304,29.972690031861628,0
per_huruf,4,2284,0.4193133835138608,170.2339553937187,29.959035047792444,170.2339553937187,29.959035047792444,0
per_huruf,4,2285,0.41949697080961995,170.16249431042328,29.952207555757848,170.16249431042328,29.952207555757848,0
per_huruf,4,2286,0.41968055810537913,170.0987710514338,29.95493855257169,170.0987710514338,29.95493855257169,0
per_huruf,4,2287,0.41986414540113826,170.04415111515704,29.96995903504779,170.04415111515704,29.96995903504779,0
per_huruf,4,2288,0.4200477326968974,170.0,30.0,170.0,30.0,0
per_huruf,4,2289,0.4202313199926565,169.96995903504782,30.046882111970874,169.96995903504782,30.046882111970874,0
per_huruf,4,2290,0.42041490728841563,169.95493855257172,30.10878470641784,169.95493855257172,30.10878470641784,0
per_huruf,4,2291,0.42059849458417475,169.9522075557578,30.18297678652708,169.9522075557578,30.18297678652708,0
per_huruf,4,2292,0.42078208187993393,169.95903504779244,30.26672735548475,169.95903504779244,30.26672735548475,0
per_huruf,4,2293,0.42096566917569306,169.97269003186165,30.35730541647702,169.97269003186165,30.35730541647702,0
per_huruf,4,2294,0.4211492564714522,169.9904415111516,30.451979972690033,169.9904415111516,30.451979972690033,0
per_huruf,4,2295,0.4213328437672113,170.00955848884846,30.548020027309967,170.00955848884846,30.548020027309967,0
per_huruf,4,2296,0.42151643106297043,170.02730996813835,30.642694583522985,170.02730996813835,30.642694583522985,0
per_huruf,4,2297,0.42170001835872956,170.04096495220753,30.733272644515246,170.04096495220753,30.733272644515246,0
per_huruf,4,2298,0.42188360565448874,170.04779244424213,30.817023213472915,170.04779244424213,30.817023213472915,0
per_huruf,4,2299,0.42206719295024786,170.04506144742834,30.891215293582157,170.04506144742834,30.891215293582157,0
per_huruf,4,2300,0.422250780246007,170.0300409649522,30.95311788802913,170.0300409649522,30.95311788802913,0
per_huruf,4,2301,0.4224343675417661,170.0,31.0,170.0,31.0,0
per_huruf,4,2302,0.42261795483752523,169.955848884843,31.032771961766052,169.955848884843,31.032771961766052,0
per_huruf,4,2303,0.42280154213328436,169.90122894856623,31.05507510241238,169.90122894856623,31.05507510241238,0
per_huruf,4,2304,0.42298512942904354,169.83750568957666,31.06827492034592,169.83750568957666,31.06827492034592,0
per_huruf,4,2305,0.42316871672480266,169.7660446062813,31.073736913973597,169.7660446062813,31.073736913973597,0
per_huruf,4,2306,0.4233523040205618,169.68821119708699,31.072826581702323,169.68821119708699,31.072826581702323,0
per_huruf,4,2307,0.4235358913163209,169.60537096040056,31.066909421939013,169.60537096040056,31.066909421939013,0
per_huruf,4,2308,0.42371947861208004,169.51888939462904,31.05735093309058,169.51888939462904,31.05735093309058,0
per_huruf,4,2309,0.42390306590783916,169.43013199817935,31.04551661356395,169.43013199817935,31.04551661356395,0
per_huruf,4,2310,0.4240866532035983,169.34046426945835,31.032771961766045,169.34046426945835,31.032771961766045,0
per_huruf,4,2311,0.42427024049935746,169.251251706873,31.020482476103773,169.251251706873,31.020482476103773,0
per_huruf,4,2312,0.4244538277951166,169.16385980883024,31.010013654984068,169.16385980883024,31.010013654984068,0
per_huruf,4,2313,0.4246374150908757,169.07965407373692,31.002730996813835,169.07965407373692,31.002730996813835,0
per_huruf,4,2314,0.42482100238663484,169.0,31.0,169.0,31.0,0
per_huruf,4,2315,0.42500458968239396,168.92307692307693,30.99726900318617,168.92307692307693,30.99726900318617,0
per_huruf,4,2316,0.4251881769781531,168.84615384615384,30.98998634501593,168.84615384615384,30.98998634501593,0
per_huruf,4,2317,0.42537176427391227,168.76923076923075,30.97951752389622,168.76923076923075,30.97951752389622,0
per_huruf,4,2318,0.4255553515696714,168.69230769230768,30.96722803823395,168.69230769230768,30.96722803823395,0
per_huruf,4,2319,0.4257389388654305,168.61538461538464,30.954483386436053,168.61538461538464,30.954483386436053,0
per_huruf,4,2320,0.42592252616118964,168.53846153846155,30.942649066909425,168.53846153846155,30.942649066909425,0
per_huruf,4,2321,0.42610611345694877,168.46153846153848,30.93309057806099,168.46153846153848,30.93309057806099,0
per_huruf,4,2322,0.4262897007527079,168.3846153846154,30.92717341829768,168.3846153846154,30.92717341829768,0
per_huruf,4,2323,0.42647328804846707,168.3076923076923,30.926263086026395,168.3076923076923,30.926263086026395,0
per_huruf,4,2324,0.4266568753442262,168.23076923076923,30.931725079654072,168.23076923076923,30.931725079654072,0
per_huruf,4,2325,0.4268404626399853,168.1538461538462,30.94492489758762,168.1538461538462,30.94492489758762,0
per_huruf,4,2326,0.42702404993574444,168.07692307692307,30.967228038233955,168.07692307692307,30.967228038233955,0
per_huruf,4,2327,0.42720763723150357,168.0,31.0,168.0,31.0,0
per_huruf,4,2328,0.4273912245272627,167.92307692307693,31.046882111970877,167.92307692307693,31.046882111970877,0
per_huruf,4,2329,0.42757481182302187,167.84615384615387,31.108784706417843,167.84615384615387,31.108784706417843,0
per_huruf,4,2330,0.427758399118781,167.76923076923075,31.182976786527075,167.76923076923075,31.182976786527075,0
per_huruf,4,2331,0.4279419864145401,167.69230769230768,31.26672735548475,167.69230769230768,31.26672735548475,0
per_huruf,4,2332,0.42812557371029925,167.6153846153846,31.35730541647702,167.6153846153846,31.35730541647702,0
per_huruf,4,2333,0.42830916100605837,167.53846153846155,31.451979972690037,167.53846153846155,31.451979972690037,0
per_huruf,4,2334,0.4284927483018175,167.46153846153845,31.548020027309967,167.46153846153845,31.548020027309967,0
per_huruf,4,2335,0.4286763355975767,167.3846153846154,31.642694583522985,167.3846153846154,31.642694583522985,0
per_huruf,4,2336,0.4288599228933358,167.30769230769232,31.733272644515246,167.30769230769232,31.733272644515246,0
per_huruf,4,2337,0.4290435101890949,167.23076923076923,31.817023213472915,167.23076923076923,31.817023213472915,0
per_huruf,4,2338,0.42922709748485405,167.15384615384616,31.891215293582157,167.15384615384616,31.891215293582157,0
per_huruf,4,2339,0.42941068478061317,167.0769230769231,31.95311788802913,167.0769230769231,31.95311788802913,0
per_huruf,4,2340,0.4295942720763723,167.0,32.0,167.0,32.0,0
per_huruf,4,2341,0.4297778593721314,166.89303595812478,32.08739189804279,166.89303595812478,32.08739189804279,0
per_huruf,4,2342,0.4299614466678906,166.73600364132906,32.255348202093764,166.73600364132906,32.255348202093764,0
per_huruf,4,2343,0.4301450339636497,166.5439235320892,32.477924442421475,166.5439235320892,32.477924442421475,0
per_huruf,4,2344,0.43032862125940885,166.3318161128812,32.72917614929449,166.3318161128812,32.72917614929449,0
per_huruf,4,2345,0.430512208555168,166.11470186618118,32.98315885298134,166.11470186618118,32.98315885298134,0
per_huruf,4,2346,0.4306957958509271,165.9076012744652,33.213928083750574,165.9076012744652,33.213928083750574,0
per_huruf,4,2347,0.4308793831466862,165.72553482020936,33.39553937187073,165.72553482020936,33.39553937187073,0
per_huruf,4,2348,0.4310629704424454,165.58352298588986,33.50204824761038,165.58352298588986,33.50204824761038,0
per_huruf,4,2349,0.43124655773820453,165.49658625398268,33.50751024123805,165.49658625398268,33.50751024123805,0
per_huruf,4,2350,0.43143014503396365,165.47974510696403,33.3859808830223,165.47974510696403,33.3859808830223,0
per_huruf,4,2351,0.4316137323297228,165.54802002730997,33.11151570323168,165.54802002730997,33.11151570323168,0
per_huruf,4,2352,0.4317973196254819,165.7164314974966,32.65817023213473,165.7164314974966,32.65817023213473,0
per_huruf,4,2353,0.431980906921241,166.0,32.0,166.0,32.0,0
per_huruf,4,2354,0.4321644942170002,166.4387801547565,31.05962676376878,166.4387801547565,31.05962676376878,0
per_huruf,4,2355,0.43234808151275933,167.0427856167501,29.814292216659084,167.0427856167501,29.814292216659084,0
per_huruf,4,2356,0.43253166880851845,167.78197542102865,28.31998179335457,167.78197542102865,28.31998179335457,0
per_huruf,4,2357,0.4327152561042776,168.62630860263994,26.63268092853891,168.62630860263994,26.63268092853891,0
per_huruf,4,2358,0.4328988434000367,169.54574419663177,24.808375056895773,169.54574419663177,24.808375056895773,0
per_huruf,4,2359,0.43308243069579583,170.5102412380519,22.903049613108788,170.5102412380519,22.903049613108788,0
per_huruf,4,2360,0.433266017991555,171.4897587619481,20.972690031861628,171.4897587619481,20.972690031861628,0
per_huruf,4,2361,0.43344960528731413,172.45425580336823,19.07328174783796,172.45425580336823,19.07328174783796,0
per_huruf,4,2362,0.43363319258307326,173.37369139736003,17.26081019572144,173.37369139736003,17.26081019572144,0
per_huruf,4,2363,0.4338167798788324,174.21802457897132,15.591260810195717,174.21802457897132,15.591260810195717,0
per_huruf,4,2364,0.4340003671745915,174.9572143832499,14.120619025944467,174.9572143832499,14.120619025944467,0
per_huruf,4,2365,0.43418395447035063,175.5612198452435,12.90487027765134,175.5612198452435,12.90487027765134,0
per_huruf,4,2366,0.4343675417661098,176.0,12.0,176.0,12.0,0
per_huruf,4,2367,0.43455112906186893,176.28356850250344,11.391442876649979,176.28356850250344,11.391442876649979,0
per_huruf,4,2368,0.43473471635762806,176.45197997269008,11.007282658170235,176.45197997269008,11.007282658170235,0
per_huruf,4,2369,0.4349183036533872,176.52025489303594,10.817478379608556,176.52025489303594,10.817478379608556,0
per_huruf,4,2370,0.4351018909491463,176.5034137460173,10.791989076012744,176.5034137460173,10.791989076012744,0
per_huruf,4,2371,0.43528547824490543,176.41647701411017,10.900773782430589,176.41647701411017,10.900773782430589,0
per_huruf,4,2372,0.4354690655406646,176.27446517979064,11.113791533909877,176.27446517979064,11.113791533909877,0
per_huruf,4,2373,0.43565265283642374,176.09239872553482,11.401001365498407,176.09239872553482,11.401001365498407,0
per_huruf,4,2374,0.43583624013218286,175.88529813381885,11.732362312243971,175.88529813381885,11.732362312243971,0
per_huruf,4,2375,0.436019827427942,175.6681838871188,12.077833409194355,175.6681838871188,12.077833409194355,0
per_huruf,4,2376,0.4362034147237011,175.4560764679108,12.40737369139736,175.4560764679108,12.40737369139736,0
per_huruf,4,2377,0.43638700201946024,175.2639963586709,12.690942193900774,175.2639963586709,12.690942193900774,0
per_huruf,4,2378,0.43657058931521936,175.1069640418753,12.89849795175239,175.1069640418753,12.89849795175239,0
per_huruf,4,2379,0.43675417661097854,175.0,13.0,175.0,13.0,0
per_huruf,4,2380,0.43693776390673766,174.92307692307696,13.03004096495221,174.92307692307696,13.03004096495221,0
per_huruf,4,2381,0.4371213512024968,174.84615384615387,13.045061447428312,174.84615384615387,13.045061447428312,0
per_huruf,4,2382,0.4373049384982559,174.76923076923075,13.047792444242146,174.76923076923075,13.047792444242146,0
per_huruf,4,2383,0.43748852579401504,174.69230769230768,13.040964952207554,174.69230769230768,13.040964952207554,0
per_huruf,4,2384,0.43767211308977416,174.6153846153846,13.02730996813837,174.6153846153846,13.02730996813837,0
per_huruf,4,2385,0.43785570038553334,174.53846153846155,13.009558488848429,174.53846153846155,13.009558488848429,0
per_huruf,4,2386,0.43803928768129247,174.46153846153845,12.99044151115157,174.46153846153845,12.99044151115157,0
per_huruf,4,2387,0.4382228749770516,174.3846153846154,12.972690031861632,174.3846153846154,12.972690031861632,0
per_huruf,4,2388,0.4384064622728107,174.30769230769232,12.959035047792444,174.30769230769232,12.959035047792444,0
per_huruf,4,2389,0.43859004956856984,174.2307692307692,12.952207555757852,174.2307692307692,12.952207555757852,0
per_huruf,4,2390,0.43877363686432896,174.1538461538462,12.95493855257169,174.1538461538462,12.95493855257169,0
per_huruf,4,2391,0.43895722416008814,174.07692307692307,12.969959035047792,174.07692307692307,12.969959035047792,0
per_huruf,4,2392,0.43914081145584727,174.0,13.0,174.0,13.0,0
per_huruf,4,2393,0.4393243987516064,173.92307692307696,13.044151115157034,173.92307692307696,13.044151115157034,0
per_huruf,4,2394,0.4395079860473655,173.84615384615387,13.098771051433776,173.84615384615387,13.098771051433776,0
per_huruf,4,2395,0.43969157334312464,173.76923076923075,13.162494310423302,173.76923076923075,13.162494310423302,0
per_huruf,4,2396,0.43987516063888377,173.69230769230765,13.233955393718706,173.69230769230765,13.233955393718706,0
per_huruf,4,2397,0.44005874793464295,173.6153846153846,13.311788802913064,173.6153846153846,13.311788802913064,0
per_huruf,4,2398,0.44024233523040207,173.53846153846155,13.394629039599455,173.53846153846155,13.394629039599455,0
per_huruf,4,2399,0.4404259225261612,173.46153846153845,13.48111060537096,173.46153846153845,13.48111060537096,0
per_huruf,4,2400,0.4406095098219203,173.3846153846154,13.569868001820666,173.3846153846154,13.569868001820666,0
per_huruf,4,2401,0.44079309711767944,173.30769230769232,13.659535730541645,173.30769230769232,13.659535730541645,0
per_huruf,4,2402,0.44097668441343857,173.23076923076923,13.74874829312699,173.23076923076923,13.74874829312699,0
per_huruf,4,2403,0.44116027170919775,173.15384615384616,13.836140191169775,173.15384615384616,13.836140191169775,0
per_huruf,4,2404,0.4413438590049569,173.07692307692307,13.920345926263085,173.07692307692307,13.920345926263085,0
per_huruf,4,2405,0.441527446300716,173.0,14.0,173.0,14.0,0
per_huruf,4,2406,0.4417110335964751,172.92307692307693,14.076923076923078,172.92307692307693,14.076923076923078,0
per_huruf,4,2407,0.44189462089223425,172.84615384615384,14.153846153846155,172.84615384615384,14.153846153846155,0
per_huruf,4,2408,0.44207820818799337,172.76923076923072,14.23076923076923,172.76923076923072,14.23076923076923,0
per_huruf,4,2409,0.44226179548375255,172.69230769230765,14.307692307692307,172.69230769230765,14.307692307692307,0
per_huruf,4,2410,0.4424453827795117,172.61538461538464,14.384615384615387,172.61538461538464,14.384615384615387,0
per_huruf,4,2411,0.4426289700752708,172.53846153846155,14.461538461538462,172.53846153846155,14.461538461538462,0
per_huruf,4,2412,0.4428125573710299,172.46153846153845,14.538461538461538,172.46153846153845,14.538461538461538,0
per_huruf,4,2413,0.44299614466678905,172.3846153846154,14.615384615384617,172.3846153846154,14.615384615384617,0
per_huruf,4,2414,0.4431797319625482,172.30769230769232,14.692307692307692,172.30769230769232,14.692307692307692,0
per_huruf,4,2415,0.4433633192583073,172.23076923076923,14.769230769230766,172.23076923076923,14.769230769230766,0
per_huruf,4,2416,0.4435469065540665,172.15384615384616,14.846153846153847,172.15384615384616,14.846153846153847,0
per_huruf,4,2417,0.4437304938498256,172.07692307692307,14.923076923076922,172.07692307692307,14.923076923076922,0
per_huruf,4,2418,0.4439140811455847,172.0,15.0,172.0,15.0,0
per_huruf,4,2419,0.44409766844134385,171.9258079198908,15.07692307692308,171.9258079198908,15.07692307692308,0
per_huruf,4,2420,0.444281255737103,171.85616750113792,15.153846153846155,171.85616750113792,15.153846153846155,0
per_huruf,4,2421,0.4444648430328621,171.78971324533455,15.230769230769228,171.78971324533455,15.230769230769228,0
per_huruf,4,2422,0.4446484303286213,171.72507965407368,15.307692307692307,171.72507965407368,15.307692307692307,0
per_huruf,4,2423,0.4448320176243804,171.66090122894857,15.384615384615387,171.66090122894857,15.384615384615387,0
per_huruf,4,2424,0.44501560492013953,171.5958124715521,15.461538461538463,171.5958124715521,15.461538461538463,0
per_huruf,4,2425,0.44519919221589865,171.52844788347747,15.538461538461538,171.52844788347747,15.538461538461538,0
per_huruf,4,2426,0.4453827795116578,171.4574419663177,15.615384615384615,171.4574419663177,15.615384615384615,0
per_huruf,4,2427,0.4455663668074169,171.38142922166588,15.692307692307692,171.38142922166588,15.692307692307692,0
per_huruf,4,2428,0.4457499541031761,171.29904415111514,15.769230769230768,171.29904415111514,15.769230769230768,0
per_huruf,4,2429,0.4459335413989352,171.20892125625852,15.846153846153847,171.20892125625852,15.846153846153847,0
per_huruf,4,2430,0.44611712869469433,171.10969503868913,15.923076923076923,171.10969503868913,15.923076923076923,0
per_huruf,4,2431,0.44630071599045346,171.0,16.0,171.0,16.0,0
per_huruf,4,2432,0.4464843032862126,170.87619481110607,16.076923076923077,170.87619481110607,16.076923076923077,0
per_huruf,4,2433,0.4466678905819717,170.73736913973602,16.153846153846153,170.73736913973602,16.153846153846153,0
per_huruf,4,2434,0.4468514778777309,170.58625398270365,16.23076923076923,170.58625398270365,16.23076923076923,0
per_huruf,4,2435,0.44703506517349,170.42558033682295,16.307692307692307,170.42558033682295,16.307692307692307,0
per_huruf,4,2436,0.44721865246924913,170.2580791989076,16.384615384615387,170.2580791989076,16.384615384615387,0
per_huruf,4,2437,0.44740223976500826,170.0864815657715,16.461538461538463,170.0864815657715,16.461538461538463,0
per_huruf,4,2438,0.4475858270607674,169.91351843422848,16.53846153846154,169.91351843422848,16.53846153846154,0
per_huruf,4,2439,0.4477694143565265,169.7419208010924,16.615384615384617,169.7419208010924,16.615384615384617,0
per_huruf,4,2440,0.4479530016522857,169.57441966317705,16.692307692307693,169.57441966317705,16.692307692307693,0
per_huruf,4,2441,0.4481365889480448,169.41374601729632,16.769230769230766,169.41374601729632,16.769230769230766,0
per_huruf,4,2442,0.44832017624380394,169.26263086026398,16.846153846153847,169.26263086026398,16.846153846153847,0
per_huruf,4,2443,0.44850376353956306,169.12380518889393,16.923076923076923,169.12380518889393,16.923076923076923,0
per_huruf,4,2444,0.4486873508353222,169.0,17.0,169.0,17.0,0
per_huruf,4,2445,0.4488709381310813,168.8984979517524,17.071461083295407,168.8984979517524,17.071461083295407,0
per_huruf,4,2446,0.4490545254268405,168.82111970869366,17.133818843878018,168.82111970869366,17.133818843878018,0
per_huruf,4,2447,0.4492381127225996,168.76240327719614,17.18980427856167,168.76240327719614,17.18980427856167,0
per_huruf,4,2448,0.44942170001835874,168.71688666363224,17.242148384160217,168.71688666363224,17.242148384160217,0
per_huruf,4,2449,0.44960528731411786,168.67910787437418,17.29358215748748,168.67910787437418,17.29358215748748,0
per_huruf,4,2450,0.449788874609877,168.6436049157943,17.346836595357306,168.6436049157943,17.346836595357306,0
per_huruf,4,2451,0.4499724619056361,168.6049157942649,17.404642694583522,168.6049157942649,17.404642694583522,0
per_huruf,4,2452,0.45015604920139524,168.5575785161584,17.46973145197997,168.5575785161584,17.46973145197997,0
per_huruf,4,2453,0.4503396364971544,168.49613108784706,17.54483386436049,168.49613108784706,17.54483386436049,0
per_huruf,4,2454,0.45052322379291354,168.41511151570322,17.632680928538914,168.41511151570322,17.632680928538914,0
per_huruf,4,2455,0.45070681108867267,168.30905780609925,17.736003641329084,168.30905780609925,17.736003641329084,0
per_huruf,4,2456,0.4508903983844318,168.17250796540736,17.857532999544834,168.17250796540736,17.857532999544834,0
per_huruf,4,2457,0.4510739856801909,168.0,18.0,168.0,18.0,0
per_huruf,4,2458,0.45125757297595004,167.78243058716433,18.170687300864817,167.78243058716433,18.170687300864817,0
per_huruf,4,2459,0.4514411602717092,167.51979972690032,18.371415566681836,167.51979972690032,18.371415566681836,0
per_huruf,4,2460,0.45162474756746834,167.2203004096495,18.596722803823397,167.2203004096495,18.596722803823397,0
per_huruf,4,2461,0.45180833486322747,166.89212562585342,18.841147018661815,166.89212562585342,18.841147018661815,0
per_huruf,4,2462,0.4519919221589866,166.5434683659536,19.099226217569413,166.5434683659536,19.099226217569413,0
per_huruf,4,2463,0.4521755094547457,166.18252162039147,19.36549840691853,166.18252162039147,19.36549840691853,0
per_huruf,4,2464,0.45235909675050484,165.81747837960856,19.634501593081474,165.81747837960856,19.634501593081474,0
per_huruf,4,2465,0.452542684046264,165.45653163404643,19.900773782430587,165.45653163404643,19.900773782430587,0
per_huruf,4,2466,0.45272627134202315,165.10787437414655,20.15885298133819,165.10787437414655,20.15885298133819,0
per_huruf,4,2467,0.45290985863778227,164.77969959035045,20.403277196176603,164.77969959035045,20.403277196176603,0
per_huruf,4,2468,0.4530934459335414,164.48020027309968,20.62858443331816,164.48020027309968,20.62858443331816,0
per_huruf,4,2469,0.4532770332293005,164.21756941283567,20.829312699135183,164.21756941283567,20.829312699135183,0
per_huruf,4,2470,0.45346062052505964,164.0,21.0,164.0,21.0,0
per_huruf,4,2471,0.4536442078208188,163.82476103777879,21.142467000455166,163.82476103777879,21.142467000455166,0
per_huruf,4,2472,0.45382779511657795,163.6809285389167,21.263996358670912,163.6809285389167,21.263996358670912,0
per_huruf,4,2473,0.4540113824123371,163.56440600819298,21.36731907146108,163.56440600819298,21.36731907146108,0
per_huruf,4,2474,0.4541949697080962,163.47109695038685,21.45516613563951,163.47109695038685,21.45516613563951,0
per_huruf,4,2475,0.4543785570038553,163.39690487027767,21.53026854802003,163.39690487027767,21.53026854802003,0
per_huruf,4,2476,0.45456214429961445,163.33773327264453,21.595357305416478,163.33773327264453,21.595357305416478,0
per_huruf,4,2477,0.4547457315953736,163.2894856622667,21.653163404642694,163.2894856622667,21.653163404642694,0
per_huruf,4,2478,0.45492931889113275,163.24806554392353,21.706417842512515,163.24806554392353,21.706417842512515,0
per_huruf,4,2479,0.4551129061868919,163.20937642239417,21.757851615839783,163.20937642239417,21.757851615839783,0
per_huruf,4,2480,0.455296493482651,163.1693218024579,21.810195721438323,163.1693218024579,21.810195721438323,0
per_huruf,4,2481,0.4554800807784101,163.12380518889395,21.866181156121982,163.12380518889395,21.866181156121982,0
per_huruf,4,2482,0.45566366807416925,163.06873008648157,21.928538916704596,163.06873008648157,21.928538916704596,0
per_huruf,4,2483,0.45584725536992843,163.0,22.0,163.0,22.0,0
per_huruf,4,2484,0.45603084266568755,162.93946290395996,22.063268092853892,162.93946290395996,22.063268092853892,0
per_huruf,4,2485,0.4562144299614467,162.90623577605828,22.103777878925808,162.90623577605828,22.103777878925808,0
per_huruf,4,2486,0.4563980172572058,162.8921256258534,22.128356850250338,162.8921256258534,22.128356850250338,0
per_huruf,4,2487,0.4565816045529649,162.88893946290392,22.143832498862082,162.88893946290392,22.143832498862082,0
per_huruf,4,2488,0.45676519184872405,162.88848429676833,22.157032316795632,162.88848429676833,22.157032316795632,0
per_huruf,4,2489,0.4569487791444832,162.88256713700503,22.17478379608557,162.88256713700503,22.17478379608557,0
per_huruf,4,2490,0.45713236644024235,162.8629949931725,22.203914428766495,162.8629949931725,22.203914428766495,0
per_huruf,4,2491,0.4573159537360015,162.8215748748293,22.25125170687301,162.8215748748293,22.25125170687301,0
per_huruf,4,2492,0.4574995410317606,162.75011379153392,22.32362312243969,162.75011379153392,22.32362312243969,0
per_huruf,4,2493,0.45768312832751973,162.64041875284477,22.427856167501133,162.64041875284477,22.427856167501133,0
per_huruf,4,2494,0.45786671562327885,162.48429676832046,22.570778334091944,162.48429676832046,22.570778334091944,0
per_huruf,4,2495,0.458050302919038,162.27355484751934,22.7592171142467,162.27355484751934,22.7592171142467,0
per_huruf,4,2496,0.45823389021479716,162.0,23.0,162.0,23.0,0
per_huruf,4,2497,0.4584174775105563,161.64178425125172,23.311333636777427,161.64178425125172,23.311333636777427,0
per_huruf,4,2498,0.4586010648063154,161.1934456076468,23.69776968593537,161.1934456076468,23.69776968593537,0
per_huruf,4,2499,0.45878465210207453,160.67137005006825,24.14565316340464,160.67137005006825,24.14565316340464,0
per_huruf,4,2500,0.45896823939783365,160.09194355939917,24.64132908511607,160.09194355939917,24.64132908511607,0
per_huruf,4,2501,0.4591518266935928,159.47155211652256,25.171142467000458,159.47155211652256,25.171142467000458,0
per_huruf,4,2502,0.45933541398935196,158.82658170232136,25.721438324988622,158.82658170232136,25.721438324988622,0
per_huruf,4,2503,0.4595190012851111,158.17341829767864,26.27856167501138,158.17341829767864,26.27856167501138,0
per_huruf,4,2504,0.4597025885808702,157.5284478834775,26.828857532999542,157.5284478834775,26.828857532999542,0
per_huruf,4,2505,0.45988617587662933,156.90805644060083,27.35867091488393,156.90805644060083,27.35867091488393,0
per_huruf,4,2506,0.46006976317238846,156.32862994993172,27.854346836595354,156.32862994993172,27.854346836595354,0
per_huruf,4,2507,0.4602533504681476,155.8065543923532,28.302230314064634,155.8065543923532,28.302230314064634,0
per_huruf,4,2508,0.46043693776390676,155.35821574874828,28.688666363222573,155.35821574874828,28.688666363222573,0
per_huruf,4,2509,0.4606205250596659,155.0,29.0,155.0,29.0,0
per_huruf,4,2510,0.460804112355425,154.7346381429222,29.23532089212563,154.7346381429222,29.23532089212563,0
per_huruf,4,2511,0.46098769965118414,154.54574419663177,29.409194355939924,154.54574419663177,29.409194355939924,0
per_huruf,4,2512,0.46117128694694326,154.42102867546652,29.531178880291304,154.42102867546652,29.531178880291304,0
per_huruf,4,2513,0.4613548742427024,154.3482020937642,29.61083295402822,154.3482020937642,29.61083295402822,0
per_huruf,4,2514,0.46153846153846156,154.31497496586255,29.657715065999092,154.31497496586255,29.657715065999092,0
per_huruf,4,2515,0.4617220488342207,154.30905780609922,29.681383705052344,154.30905780609922,29.681383705052344,0
per_huruf,4,2516,0.4619056361299798,154.31816112881202,29.691397360036415,154.31816112881202,29.691397360036415,0
per_huruf,4,2517,0.46208922342573894,154.32999544833865,29.69731451979973,154.32999544833865,29.69731451979973,0
per_huruf,4,2518,0.46227281072149806,154.33227127901682,29.708693673190712,154.33227127901682,29.708693673190712,0
per_huruf,4,2519,0.4624563980172572,154.31269913518435,29.735093309057802,154.31269913518435,29.735093309057802,0
per_huruf,4,2520,0.46263998531301637,154.25898953117888,29.78607191624943,154.25898953117888,29.78607191624943,0
per_huruf,4,2521,0.4628235726087755,154.15885298133819,29.871187983614018,154.15885298133819,29.871187983614018,0
per_huruf,4,2522,0.4630071599045346,154.0,30.0,154.0,30.0,0
per_huruf,4,2523,0.46319074720029374,153.78243058716433,30.17068730086482,153.78243058716433,30.17068730086482,0
per_huruf,4,2524,0.46337433449605286,153.51979972690032,30.37141556668184,153.51979972690032,30.37141556668184,0
per_huruf,4,2525,0.463557921791812,153.2203004096495,30.59672280382339,153.2203004096495,30.59672280382339,0
per_huruf,4,2526,0.4637415090875711,152.89212562585342,30.841147018661808,152.89212562585342,30.841147018661808,0
per_huruf,4,2527,0.4639250963833303,152.5434683659536,31.099226217569417,152.5434683659536,31.099226217569417,0
per_huruf,4,2528,0.4641086836790894,152.18252162039144,31.36549840691853,152.18252162039144,31.36549840691853,0
per_huruf,4,2529,0.46429227097484854,151.81747837960853,31.634501593081474,151.81747837960853,31.634501593081474,0
per_huruf,4,2530,0.46447585827060767,151.45653163404643,31.90077378243059,151.45653163404643,31.90077378243059,0
per_huruf,4,2531,0.4646594455663668,151.10787437414655,32.158852981338185,151.10787437414655,32.158852981338185,0
per_huruf,4,2532,0.4648430328621259,150.77969959035048,32.4032771961766,150.77969959035048,32.4032771961766,0
per_huruf,4,2533,0.4650266201578851,150.48020027309968,32.62858443331817,150.48020027309968,32.62858443331817,0
per_huruf,4,2534,0.4652102074536442,150.2175694128357,32.82931269913519,150.2175694128357,32.82931269913519,0
per_huruf,4,2535,0.46539379474940334,150.0,33.0,150.0,33.0,0
per_huruf,4,2536,0.46557738204516247,149.8247610377788,33.14246700045517,149.8247610377788,33.14246700045517,0
per_huruf,4,2537,0.4657609693409216,149.6809285389167,33.263996358670916,149.6809285389167,33.263996358670916,0
per_huruf,4,2538,0.4659445566366807,149.56440600819298,33.367319071461075,149.56440600819298,33.367319071461075,0
per_huruf,4,2539,0.4661281439324399,149.47109695038685,33.45516613563951,149.47109695038685,33.45516613563951,0
per_huruf,4,2540,0.466311731228199,149.39690487027764,33.53026854802003,149.39690487027764,33.53026854802003,0
per_huruf,4,2541,0.46649531852395815,149.33773327264453,33.59535730541648,149.33773327264453,33.59535730541648,0
per_huruf,4,2542,0.46667890581971727,149.2894856622667,33.65316340464269,149.2894856622667,33.65316340464269,0
per_huruf,4,2543,0.4668624931154764,149.24806554392353,33.706417842512515,149.24806554392353,33.706417842512515,0
per_huruf,4,2544,0.4670460804112355,149.20937642239417,33.75785161583978,149.20937642239417,33.75785161583978,0
per_huruf,4,2545,0.4672296677069947,149.1693218024579,33.81019572143832,149.1693218024579,33.81019572143832,0
per_huruf,4,2546,0.4674132550027538,149.12380518889395,33.86618115612198,149.12380518889395,33.86618115612198,0
per_huruf,4,2547,0.46759684229851295,149.06873008648157,33.928538916704596,149.06873008648157,33.928538916704596,0
per_huruf,4,2548,0.4677804295942721,149.0,34.0,149.0,34.0,0
per_huruf,4,2549,0.4679640168900312,148.92307692307693,34.07692307692309,148.92307692307693,34.07692307692309,0
per_huruf,4,2550,0.4681476041857903,148.84615384615384,34.15384615384615,148.84615384615384,34.15384615384615,0
per_huruf,4,2551,0.4683311914815495,148.76923076923075,34.230769230769226,148.76923076923075,34.230769230769226,0
per_huruf,4,2552,0.4685147787773086,148.69230769230768,34.3076923076923,148.69230769230768,34.3076923076923,0
per_huruf,4,2553,0.46869836607306775,148.61538461538464,34.38461538461539,148.61538461538464,34.38461538461539,0
per_huruf,4,2554,0.4688819533688269,148.53846153846155,34.46153846153847,148.53846153846155,34.46153846153847,0
per_huruf,4,2555,0.469065540664586,148.46153846153845,34.53846153846153,148.46153846153845,34.53846153846153,0
per_huruf,4,2556,0.4692491279603451,148.3846153846154,34.61538461538461,148.3846153846154,34.61538461538461,0
per_huruf,4,2557,0.4694327152561043,148.30769230769232,34.69230769230769,148.30769230769232,34.69230769230769,0
per_huruf,4,2558,0.46961630255186343,148.23076923076923,34.76923076923077,148.23076923076923,34.76923076923077,0
per_huruf,4,2559,0.46979988984762255,148.15384615384616,34.84615384615385,148.15384615384616,34.84615384615385,0
per_huruf,4,2560,0.4699834771433817,148.07692307692307,34.92307692307692,148.07692307692307,34.92307692307692,0
per_huruf,4,2561,0.4701670644391408,148.0,35.0,148.0,35.0,0
per_huruf,4,2562,0.4703506517348999,147.92307692307693,35.07692307692309,147.92307692307693,35.07692307692309,0
per_huruf,4,2563,0.47053423903065905,147.84615384615387,35.15384615384616,147.84615384615387,35.15384615384616,0
per_huruf,4,2564,0.47071782632641823,147.76923076923075,35.230769230769226,147.76923076923075,35.230769230769226,0
per_huruf,4,2565,0.47090141362217736,147.69230769230768,35.30769230769231,147.69230769230768,35.30769230769231,0
per_huruf,4,2566,0.4710850009179365,147.6153846153846,35.38461538461539,147.6153846153846,35.38461538461539,0
per_huruf,4,2567,0.4712685882136956,147.53846153846155,35.46153846153846,147.53846153846155,35.46153846153846,0
per_huruf,4,2568,0.47145217550945473,147.46153846153845,35.53846153846154,147.46153846153845,35.53846153846154,0
per_huruf,4,2569,0.47163576280521385,147.3846153846154,35.61538461538461,147.3846153846154,35.61538461538461,0
per_huruf,4,2570,0.47181935010097303,147.30769230769232,35.69230769230769,147.30769230769232,35.69230769230769,0
per_huruf,4,2571,0.47200293739673216,147.23076923076923,35.76923076923077,147.23076923076923,35.76923076923077,0
per_huruf,4,2572,0.4721865246924913,147.15384615384616,35.846153846153854,147.15384615384616,35.846153846153854,0
per_huruf,4,2573,0.4723701119882504,147.07692307692307,35.92307692307692,147.07692307692307,35.92307692307692,0
per_huruf,4,2574,0.47255369928400953,147.0,36.0,147.0,36.0,0
per_huruf,4,2575,0.47273728657976866,146.92307692307693,36.07692307692308,146.92307692307693,36.07692307692308,0
per_huruf,4,2576,0.47292087387552784,146.84615384615387,36.15384615384615,146.84615384615387,36.15384615384615,0
per_huruf,4,2577,0.47310446117128696,146.76923076923075,36.230769230769226,146.76923076923075,36.230769230769226,0
per_huruf,4,2578,0.4732880484670461,146.69230769230768,36.30769230769231,146.69230769230768,36.30769230769231,0
per_huruf,4,2579,0.4734716357628052,146.6153846153846,36.38461538461539,146.6153846153846,36.38461538461539,0
per_huruf,4,2580,0.47365522305856433,146.53846153846155,36.46153846153846,146.53846153846155,36.46153846153846,0
per_huruf,4,2581,0.47383881035432346,146.46153846153845,36.53846153846154,146.46153846153845,36.53846153846154,0
per_huruf,4,2582,0.47402239765008264,146.3846153846154,36.61538461538461,146.3846153846154,36.61538461538461,0
per_huruf,4,2583,0.47420598494584176,146.30769230769232,36.69230769230769,146.30769230769232,36.69230769230769,0
per_huruf,4,2584,0.4743895722416009,146.23076923076923,36.76923076923077,146.23076923076923,36.76923076923077,0
per_huruf,4,2585,0.47457315953736,146.15384615384616,36.84615384615385,146.15384615384616,36.84615384615385,0
per_huruf,4,2586,0.47475674683311914,146.07692307692307,36.92307692307692,146.07692307692307,36.92307692307692,0
per_huruf,4,2587,0.47494033412887826,146.0,37.0,146.0,37.0,0
per_huruf,4,2588,0.47512392142463744,145.92307692307696,37.07692307692309,145.92307692307696,37.07692307692309,0
per_huruf,4,2589,0.47530750872039657,145.84615384615384,37.15384615384615,145.84615384615384,37.15384615384615,0
per_huruf,4,2590,0.4754910960161557,145.76923076923075,37.230769230769226,145.76923076923075,37.230769230769226,0
per_huruf,4,2591,0.4756746833119148,145.6923076923077,37.30769230769231,145.6923076923077,37.30769230769231,0
per_huruf,4,2592,0.47585827060767394,145.61538461538464,37.38461538461539,145.61538461538464,37.38461538461539,0
per_huruf,4,2593,0.47604185790343306,145.53846153846155,37.46153846153846,145.53846153846155,37.46153846153846,0
per_huruf,4,2594,0.47622544519919224,145.46153846153845,37.53846153846154,145.46153846153845,37.53846153846154,0
per_huruf,4,2595,0.47640903249495137,145.3846153846154,37.61538461538461,145.3846153846154,37.61538461538461,0
per_huruf,4,2596,0.4765926197907105,145.3076923076923,37.69230769230769,145.3076923076923,37.69230769230769,0
per_huruf,4,2597,0.4767762070864696,145.23076923076923,37.76923076923077,145.23076923076923,37.76923076923077,0
per_huruf,4,2598,0.47695979438222874,145.15384615384616,37.84615384615385,145.15384615384616,37.84615384615385,0
per_huruf,4,2599,0.47714338167798787,145.07692307692307,37.92307692307692,145.07692307692307,37.92307692307692,0
per_huruf,4,2600,0.477326968973747,145.0,38.0,145.0,38.0,0
per_huruf,4,2601,0.47751055626950617,144.9285389167046,38.07419208010925,144.9285389167046,38.07419208010925,0
per_huruf,4,2602,0.4776941435652653,144.866181156122,38.14383249886209,144.866181156122,38.14383249886209,0
per_huruf,4,2603,0.4778777308610244,144.8101957214383,38.21028675466545,144.8101957214383,38.21028675466545,0
per_huruf,4,2604,0.47806131815678354,144.75785161583977,38.27492034592626,144.75785161583977,38.27492034592626,0
per_huruf,4,2605,0.47824490545254267,144.7064178425125,38.33909877105145,144.7064178425125,38.33909877105145,0
per_huruf,4,2606,0.4784284927483018,144.6531634046427,38.40418752844789,144.6531634046427,38.40418752844789,0
per_huruf,4,2607,0.478612080044061,144.59535730541648,38.47155211652253,144.59535730541648,38.47155211652253,0
per_huruf,4,2608,0.4787956673398201,144.53026854802002,38.5425580336823,144.53026854802002,38.5425580336823,0
per_huruf,4,2609,0.4789792546355792,144.4551661356395,38.61857077833409,144.4551661356395,38.61857077833409,0
per_huruf,4,2610,0.47916284193133835,144.36731907146105,38.700955848884846,144.36731907146105,38.700955848884846,0
per_huruf,4,2611,0.47934642922709747,144.2639963586709,38.791078743741465,144.2639963586709,38.791078743741465,0
per_huruf,4,2612,0.4795300165228566,144.14246700045516,38.890304961310875,144.14246700045516,38.890304961310875,0
per_huruf,4,2613,0.4797136038186158,144.0,39.0,144.0,39.0,0
per_huruf,4,2614,0.4798971911143749,143.82658170232136,39.12380518889396,143.82658170232136,39.12380518889396,0
per_huruf,4,2615,0.480080778410134,143.6185707783341,39.262630860264,143.6185707783341,39.262630860264,0
per_huruf,4,2616,0.48026436570589315,143.3827947200728,39.41374601729631,143.3827947200728,39.41374601729631,0
per_huruf,4,2617,0.4804479530016523,143.12608101957213,39.57441966317705,143.12608101957213,39.57441966317705,0
per_huruf,4,2618,0.4806315402974114,142.85525716886664,39.741920801092405,142.85525716886664,39.741920801092405,0
per_huruf,4,2619,0.4808151275931706,142.5771506599909,39.9135184342285,142.5771506599909,39.9135184342285,0
per_huruf,4,2620,0.4809987148889297,142.29858898497952,40.08648156577151,142.29858898497952,40.08648156577151,0
per_huruf,4,2621,0.4811823021846888,142.0263996358671,40.2580791989076,142.0263996358671,40.2580791989076,0
per_huruf,4,2622,0.48136588948044795,141.76741010468822,40.42558033682294,141.76741010468822,40.42558033682294,0
per_huruf,4,2623,0.4815494767762071,141.52844788347744,40.58625398270368,141.52844788347744,40.58625398270368,0
per_huruf,4,2624,0.4817330640719662,141.31634046426947,40.737369139736,141.31634046426947,40.737369139736,0
per_huruf,4,2625,0.4819166513677254,141.13791533909875,40.876194811106046,141.13791533909875,40.876194811106046,0
per_huruf,4,2626,0.4821002386634845,141.0,41.0,141.0,41.0,0
per_huruf,4,2627,0.48228382595924363,140.9044151115157,41.109695038689125,140.9044151115157,41.109695038689125,0
per_huruf,4,2628,0.48246741325500275,140.84478834774694,41.20892125625853,140.84478834774694,41.20892125625853,0
per_huruf,4,2629,0.4826510005507619,140.81565771506598,41.299044151115154,140.81565771506598,41.299044151115154,0
per_huruf,4,2630,0.482834587846521,140.81156121984523,41.381429221665904,140.81156121984523,41.381429221665904,0
per_huruf,4,2631,0.4830181751422802,140.827036868457,41.45744196631771,140.827036868457,41.45744196631771,0
per_huruf,4,2632,0.4832017624380393,140.85662266727357,41.528447883477476,140.85662266727357,41.528447883477476,0
per_huruf,4,2633,0.48338534973379843,140.89485662266728,41.595812471552115,140.89485662266728,41.595812471552115,0
per_huruf,4,2634,0.48356893702955756,140.93627674101046,41.66090122894857,140.93627674101046,41.66090122894857,0
per_huruf,4,2635,0.4837525243253167,140.97542102867544,41.72507965407374,140.97542102867544,41.72507965407374,0
per_huruf,4,2636,0.4839361116210758,141.00682749203457,41.78971324533454,141.00682749203457,41.78971324533454,0
per_huruf,4,2637,0.48411969891683493,141.02503413746018,41.85616750113792,141.02503413746018,41.85616750113792,0
per_huruf,4,2638,0.4843032862125941,141.02457897132453,41.92580791989076,141.02457897132453,41.92580791989076,0
per_huruf,4,2639,0.48448687350835323,141.0,42.0,141.0,42.0,0
per_huruf,4,2640,0.48467046080411236,140.955848884843,42.07965407373691,140.955848884843,42.07965407373691,0
per_huruf,4,2641,0.4848540480998715,140.90122894856623,42.163859808830225,140.90122894856623,42.163859808830225,0
per_huruf,4,2642,0.4850376353956306,140.8375056895767,42.251251706873,140.8375056895767,42.251251706873,0
per_huruf,4,2643,0.48522122269138973,140.76604460628127,42.34046426945835,140.76604460628127,42.34046426945835,0
per_huruf,4,2644,0.4854048099871489,140.68821119708696,42.43013199817934,140.68821119708696,42.43013199817934,0
per_huruf,4,2645,0.48558839728290804,140.60537096040056,42.51888939462904,140.60537096040056,42.51888939462904,0
per_huruf,4,2646,0.48577198457866716,140.51888939462907,42.60537096040055,140.51888939462907,42.60537096040055,0
per_huruf,4,2647,0.4859555718744263,140.43013199817935,42.68821119708694,140.43013199817935,42.68821119708694,0
per_huruf,4,2648,0.4861391591701854,140.34046426945835,42.7660446062813,140.34046426945835,42.7660446062813,0
per_huruf,4,2649,0.48632274646594453,140.251251706873,42.83750568957669,140.251251706873,42.83750568957669,0
per_huruf,4,2650,0.4865063337617037,140.16385980883024,42.90122894856623,140.16385980883024,42.90122894856623,0
per_huruf,4,2651,0.48668992105746284,140.07965407373692,42.955848884842965,140.07965407373692,42.955848884842965,0
per_huruf,4,2652,0.48687350835322196,140.0,43.0,140.0,43.0,0
per_huruf,4,2653,0.4870570956489811,139.92307692307693,43.032771961766045,139.92307692307693,43.032771961766045,0
per_huruf,4,2654,0.4872406829447402,139.84615384615384,43.05507510241238,139.84615384615384,43.05507510241238,0
per_huruf,4,2655,0.48742427024049934,139.76923076923075,43.06827492034592,139.76923076923075,43.06827492034592,0
per_huruf,4,2656,0.4876078575362585,139.69230769230768,43.07373691397359,139.69230769230768,43.07373691397359,0
per_huruf,4,2657,0.48779144483201764,139.6153846153846,43.07282658170232,139.6153846153846,43.07282658170232,0
per_huruf,4,2658,0.48797503212777676,139.53846153846155,43.066909421939,139.53846153846155,43.066909421939,0
per_huruf,4,2659,0.4881586194235359,139.46153846153845,43.057350933090575,139.46153846153845,43.057350933090575,0
per_huruf,4,2660,0.488342206719295,139.3846153846154,43.04551661356395,139.3846153846154,43.04551661356395,0
per_huruf,4,2661,0.48852579401505414,139.3076923076923,43.032771961766045,139.3076923076923,43.032771961766045,0
per_huruf,4,2662,0.4887093813108133,139.23076923076923,43.02048247610377,139.23076923076923,43.02048247610377,0
per_huruf,4,2663,0.48889296860657244,139.15384615384616,43.01001365498407,139.15384615384616,43.01001365498407,0
per_huruf,4,2664,0.48907655590233157,139.07692307692307,43.00273099681384,139.07692307692307,43.00273099681384,0
per_huruf,4,2665,0.4892601431980907,139.0,43.0,139.0,43.0,0
per_huruf,4,2666,0.4894437304938498,138.9176149294493,42.91807009558489,138.9176149294493,42.91807009558489,0
per_huruf,4,2667,0.48962731778960894,138.8261265361857,42.699590350477926,138.8261265361857,42.699590350477926,0
per_huruf,4,2668,0.4898109050853681,138.72826581702319,42.385525716886654,138.72826581702319,42.385525716886654,0
per_huruf,4,2669,0.48999449238112724,138.62676376877556,42.01684114701866,138.62676376877556,42.01684114701866,0
per_huruf,4,2670,0.49017807967688637,138.52435138825672,41.634501593081474,138.52435138825672,41.634501593081474,0
per_huruf,4,2671,0.4903616669726455,138.4237596722804,41.27947200728266,138.4237596722804,41.27947200728266,0
per_huruf,4,2672,0.4905452542684046,138.32771961766045,40.99271734182977,138.32771961766045,40.99271734182977,0
per_huruf,4,2673,0.49072884156416374,138.23896222121073,40.81520254893036,138.23896222121073,40.81520254893036,0
per_huruf,4,2674,0.49091242885992287,138.1602184797451,40.78789258079199,138.1602184797451,40.78789258079199,0
per_huruf,4,2675,0.49109601615568205,138.09421939007737,40.95175238962221,138.09421939007737,40.95175238962221,0
per_huruf,4,2676,0.49127960345144117,138.0436959490214,41.34774692762859,138.0436959490214,41.34774692762859,0
per_huruf,4,2677,0.4914631907472003,138.01137915339098,42.01684114701866,138.01137915339098,42.01684114701866,0
per_huruf,4,2678,0.4916467780429594,138.0,43.0,138.0,43.0,0
per_huruf,4,2679,0.49183036533871854,138.01411015020483,44.40373236231225,138.01411015020483,44.40373236231225,0
per_huruf,4,2680,0.49201395263447767,138.0537096040055,46.253527537551214,138.0537096040055,46.253527537551214,0
per_huruf,4,2681,0.49219753993023685,138.11470186618115,48.46882111970868,138.11470186618115,48.46882111970868,0
per_huruf,4,2682,0.492381127225996,138.19299044151114,50.96904870277651,138.19299044151114,50.96904870277651,0
per_huruf,4,2683,0.4925647145217551,138.28447883477472,53.673645880746484,138.28447883477472,53.673645880746484,0
per_huruf,4,2684,0.4927483018175142,138.38507055075104,56.50204824761038,138.38507055075104,56.50204824761038,0
per_huruf,4,2685,0.49293188911327335,138.49066909421938,59.37369139736004,138.49066909421938,59.37369139736004,0
per_huruf,4,2686,0.49311547640903247,138.59717796995903,62.20801092398726,138.59717796995903,62.20801092398726,0
per_huruf,4,2687,0.49329906370479165,138.7005006827492,64.92444242148383,138.7005006827492,64.92444242148383,0
per_huruf,4,2688,0.4934826510005508,138.79654073736913,67.4424214838416,138.79654073736913,67.4424214838416,0
per_huruf,4,2689,0.4936662382963099,138.8812016385981,69.68138370505234,138.8812016385981,69.68138370505234,0
per_huruf,4,2690,0.493849825592069,138.9503868912153,71.56076467910788,138.9503868912153,71.56076467910788,0
per_huruf,4,2691,0.49403341288782815,139.0,73.0,139.0,73.0,0
per_huruf,4,2692,0.4942170001835873,139.03277196176606,74.02730996813837,139.03277196176606,74.02730996813837,0
per_huruf,4,2693,0.49440058747934645,139.0550751024124,74.7510241238052,139.0550751024124,74.7510241238052,0
per_huruf,4,2694,0.4945841747751056,139.0682749203459,75.2107419208011,139.0682749203459,75.2107419208011,0
per_huruf,4,2695,0.4947677620708647,139.07373691397356,75.44606281292671,139.07373691397356,75.44606281292671,0
per_huruf,4,2696,0.4949513493666238,139.07282658170234,75.49658625398271,139.07282658170234,75.49658625398271,0
per_huruf,4,2697,0.49513493666238295,139.06690942193902,75.40191169776969,139.06690942193902,75.40191169776969,0
per_huruf,4,2698,0.4953185239581421,139.0573509330906,75.20163859808831,139.0573509330906,75.20163859808831,0
per_huruf,4,2699,0.49550211125390126,139.04551661356396,74.93536640873918,139.04551661356396,74.93536640873918,0
per_huruf,4,2700,0.4956856985496604,139.03277196176603,74.642694583523,139.03277196176603,74.642694583523,0
per_huruf,4,2701,0.4958692858454195,139.02048247610378,74.36322257624033,139.02048247610378,74.36322257624033,0
per_huruf,4,2702,0.49605287314117863,139.01001365498408,74.13654984069186,139.01001365498408,74.13654984069186,0
per_huruf,4,2703,0.49623646043693775,139.00273099681382,74.0022758306782,139.00273099681382,74.0022758306782,0
per_huruf,4,2704,0.4964200477326969,139.0,74.0,139.0,74.0,0
per_huruf,4,2705,0.49660363502845606,138.99726900318618,74.07692307692308,138.99726900318618,74.07692307692308,0
per_huruf,4,2706,0.4967872223242152,138.98998634501592,74.15384615384615,138.98998634501592,74.15384615384615,0
per_huruf,4,2707,0.4969708096199743,138.9795175238962,74.23076923076923,138.9795175238962,74.23076923076923,0
per_huruf,4,2708,0.49715439691573343,138.96722803823394,74.30769230769229,138.96722803823394,74.30769230769229,0
per_huruf,4,2709,0.49733798421149256,138.95448338643607,74.3846153846154,138.95448338643607,74.3846153846154,0
per_huruf,4,2710,0.4975215715072517,138.94264906690944,74.46153846153847,138.94264906690944,74.46153846153847,0
per_huruf,4,2711,0.4977051588030108,138.933090578061,74.53846153846153,138.933090578061,74.53846153846153,0
per_huruf,4,2712,0.49788874609877,138.92717341829768,74.61538461538461,138.92717341829768,74.61538461538461,0
per_huruf,4,2713,0.4980723333945291,138.9262630860264,74.6923076923077,138.9262630860264,74.6923076923077,0
per_huruf,4,2714,0.49825592069028823,138.93172507965406,74.76923076923077,138.93172507965406,74.76923076923077,0
per_huruf,4,2715,0.49843950798604736,138.94492489758764,74.84615384615384,138.94492489758764,74.84615384615384,0
per_huruf,4,2716,0.4986230952818065,138.96722803823394,74.92307692307692,138.96722803823394,74.92307692307692,0
per_huruf,4,2717,0.4988066825775656,139.0,75.0,139.0,75.0,0
per_huruf,4,2718,0.4989902698733248,139.04415111515704,75.07692307692308,139.04415111515704,75.07692307692308,0
per_huruf,4,2719,0.4991738571690839,139.09877105143377,75.15384615384616,139.09877105143377,75.15384615384616,0
per_huruf,4,2720,0.49935744446484304,139.16249431042326,75.23076923076923,139.16249431042326,75.23076923076923,0
per_huruf,4,2721,0.49954103176060216,139.23395539371867,75.3076923076923,139.23395539371867,75.3076923076923,0
per_huruf,4,2722,0.4997246190563613,139.31178880291307,75.3846153846154,139.31178880291307,75.3846153846154,0
per_huruf,4,2723,0.4999082063521204,139.39462903959947,75.46153846153847,139.39462903959947,75.46153846153847,0
per_huruf,4,2724,0.5000917936478796,139.48111060537096,75.53846153846153,139.48111060537096,75.53846153846153,0
per_huruf,4,2725,0.5002753809436387,139.56986800182065,75.61538461538461,139.56986800182065,75.61538461538461,0
per_huruf,4,2726,0.5004589682393978,139.65953573054165,75.6923076923077,139.65953573054165,75.6923076923077,0
per_huruf,4,2727,0.500642555535157,139.74874829312697,75.76923076923077,139.74874829312697,75.76923076923077,0
per_huruf,4,2728,0.5008261428309161,139.83614019116976,75.84615384615384,139.83614019116976,75.84615384615384,0
per_huruf,4,2729,0.5010097301266753,139.92034592626308,75.92307692307692,139.92034592626308,75.92307692307692,0
per_huruf,4,2730,0.5011933174224343,140.0,76.0,140.0,76.0,0
per_huruf,4,2731,0.5013769047181935,140.07965407373695,76.0769230769231,140.07965407373695,76.0769230769231,0
per_huruf,4,2732,0.5015604920139526,140.1638598088302,76.15384615384616,140.1638598088302,76.15384615384616,0
per_huruf,4,2733,0.5017440793097118,140.251251706873,76.23076923076921,140.251251706873,76.23076923076921,0
per_huruf,4,2734,0.501927666605471,140.34046426945832,76.30769230769229,140.34046426945832,76.30769230769229,0
per_huruf,4,2735,0.50211125390123,140.43013199817935,76.3846153846154,140.43013199817935,76.3846153846154,0
per_huruf,4,2736,0.5022948411969892,140.51888939462904,76.46153846153847,140.51888939462904,76.46153846153847,0
per_huruf,4,2737,0.5024784284927483,140.60537096040056,76.53846153846155,140.60537096040056,76.53846153846155,0
per_huruf,4,2738,0.5026620157885074,140.68821119708696,76.61538461538461,140.68821119708696,76.61538461538461,0
per_huruf,4,2739,0.5028456030842666,140.7660446062813,76.6923076923077,140.7660446062813,76.6923076923077,0
per_huruf,4,2740,0.5030291903800257,140.8375056895767,76.76923076923077,140.8375056895767,76.76923076923077,0
per_huruf,4,2741,0.5032127776757849,140.90122894856626,76.84615384615384,140.90122894856626,76.84615384615384,0
per_huruf,4,2742,0.5033963649715439,140.95584888484296,76.92307692307692,140.95584888484296,76.92307692307692,0
per_huruf,4,2743,0.5035799522673031,141.0,77.0,141.0,77.0,0
per_huruf,4,2744,0.5037635395630622,141.03004096495224,77.07692307692308,141.03004096495224,77.07692307692308,0
per_huruf,4,2745,0.5039471268588214,141.0450614474283,77.15384615384616,141.0450614474283,77.15384615384616,0
per_huruf,4,2746,0.5041307141545806,141.04779244424213,77.23076923076923,141.04779244424213,77.23076923076923,0
per_huruf,4,2747,0.5043143014503396,141.04096495220756,77.30769230769229,141.04096495220756,77.30769230769229,0
per_huruf,4,2748,0.5044978887460988,141.02730996813838,77.3846153846154,141.02730996813838,77.3846153846154,0
per_huruf,4,2749,0.5046814760418579,141.00955848884843,77.46153846153847,141.00955848884843,77.46153846153847,0
per_huruf,4,2750,0.504865063337617,140.99044151115157,77.53846153846155,140.99044151115157,77.53846153846155,0
per_huruf,4,2751,0.5050486506333761,140.97269003186165,77.61538461538461,140.97269003186165,77.61538461538461,0
per_huruf,4,2752,0.5052322379291353,140.95903504779244,77.6923076923077,140.95903504779244,77.6923076923077,0
per_huruf,4,2753,0.5054158252248945,140.95220755575784,77.76923076923077,140.95220755575784,77.76923076923077,0
per_huruf,4,2754,0.5055994125206535,140.95493855257172,77.84615384615385,140.95493855257172,77.84615384615385,0
per_huruf,4,2755,0.5057829998164127,140.9699590350478,77.92307692307692,140.9699590350478,77.92307692307692,0
per_huruf,4,2756,0.5059665871121718,141.0,78.0,141.0,78.0,0
per_huruf,4,2757,0.506150174407931,141.04415111515706,78.07965407373693,141.04415111515706,78.07965407373693,0
per_huruf,4,2758,0.5063337617036902,141.0987710514338,78.16385980883022,141.0987710514338,78.16385980883022,0
per_huruf,4,2759,0.5065173489994492,141.16249431042328,78.25125170687298,141.16249431042328,78.25125170687298,0
per_huruf,4,2760,0.5067009362952084,141.2339553937187,78.34046426945835,141.2339553937187,78.34046426945835,0
per_huruf,4,2761,0.5068845235909675,141.31178880291304,78.43013199817933,141.31178880291304,78.43013199817933,0
per_huruf,4,2762,0.5070681108867267,141.39462903959947,78.51888939462904,141.39462903959947,78.51888939462904,0
per_huruf,4,2763,0.5072516981824857,141.48111060537096,78.60537096040053,141.48111060537096,78.60537096040053,0
per_huruf,4,2764,0.5074352854782449,141.56986800182068,78.68821119708693,141.56986800182068,78.68821119708693,0
per_huruf,4,2765,0.5076188727740041,141.65953573054162,78.76604460628128,141.65953573054162,78.76604460628128,0
per_huruf,4,2766,0.5078024600697632,141.748748293127,78.83750568957669,141.748748293127,78.83750568957669,0
per_huruf,4,2767,0.5079860473655223,141.8361401911698,78.90122894856623,141.8361401911698,78.90122894856623,0
per_huruf,4,2768,0.5081696346612814,141.92034592626308,78.95584888484296,141.92034592626308,78.95584888484296,0
per_huruf,4,2769,0.5083532219570406,142.0,79.0,142.0,79.0,0
per_huruf,4,2770,0.5085368092527998,142.0769230769231,79.03277196176606,142.0769230769231,79.03277196176606,0
per_huruf,4,2771,0.5087203965485588,142.15384615384616,79.05507510241239,142.15384615384616,79.05507510241239,0
per_huruf,4,2772,0.508903983844318,142.23076923076923,79.06827492034591,142.23076923076923,79.06827492034591,0
per_huruf,4,2773,0.5090875711400771,142.3076923076923,79.07373691397359,142.3076923076923,79.07373691397359,0
per_huruf,4,2774,0.5092711584358363,142.3846153846154,79.07282658170234,142.3846153846154,79.07282658170234,0
per_huruf,4,2775,0.5094547457315953,142.46153846153848,79.06690942193902,142.46153846153848,79.06690942193902,0
per_huruf,4,2776,0.5096383330273545,142.53846153846152,79.05735093309058,142.53846153846152,79.05735093309058,0
per_huruf,4,2777,0.5098219203231137,142.6153846153846,79.04551661356396,142.6153846153846,79.04551661356396,0
per_huruf,4,2778,0.5100055076188728,142.69230769230768,79.03277196176603,142.69230769230768,79.03277196176603,0
per_huruf,4,2779,0.5101890949146319,142.76923076923077,79.02048247610378,142.76923076923077,79.02048247610378,0
per_huruf,4,2780,0.510372682210391,142.84615384615387,79.01001365498406,142.84615384615387,79.01001365498406,0
per_huruf,4,2781,0.5105562695061502,142.9230769230769,79.00273099681384,142.9230769230769,79.00273099681384,0
per_huruf,4,2782,0.5107398568019093,143.0,79.0,143.0,79.0,0
per_huruf,4,2783,0.5109234440976684,143.0769230769231,78.99726900318618,143.0769230769231,78.99726900318618,0
per_huruf,4,2784,0.5111070313934276,143.15384615384616,78.98998634501594,143.15384615384616,78.98998634501594,0
per_huruf,4,2785,0.5112906186891867,143.2307692307692,78.97951752389619,143.2307692307692,78.97951752389619,0
per_huruf,4,2786,0.5114742059849459,143.30769230769232,78.96722803823396,143.30769230769232,78.96722803823396,0
per_huruf,4,2787,0.5116577932807049,143.3846153846154,78.95448338643605,143.3846153846154,78.95448338643605,0
per_huruf,4,2788,0.5118413805764641,143.46153846153848,78.94264906690942,143.46153846153848,78.94264906690942,0
per_huruf,4,2789,0.5120249678722233,143.53846153846155,78.93309057806098,143.53846153846155,78.93309057806098,0
per_huruf,4,2790,0.5122085551679824,143.6153846153846,78.92717341829768,143.6153846153846,78.92717341829768,0
per_huruf,4,2791,0.5123921424637415,143.69230769230768,78.9262630860264,143.69230769230768,78.9262630860264,0
per_huruf,4,2792,0.5125757297595006,143.76923076923077,78.93172507965407,143.76923076923077,78.93172507965407,0
per_huruf,4,2793,0.5127593170552598,143.84615384615387,78.94492489758761,143.84615384615387,78.94492489758761,0
per_huruf,4,2794,0.5129429043510189,143.9230769230769,78.96722803823396,143.9230769230769,78.96722803823396,0
per_huruf,4,2795,0.513126491646778,144.0,79.0,144.0,79.0,0
per_huruf,4,2796,0.5133100789425372,144.07692307692312,79.04688211197087,144.07692307692312,79.04688211197087,0
per_huruf,4,2797,0.5134936662382963,144.15384615384616,79.10878470641786,144.15384615384616,79.10878470641786,0
per_huruf,4,2798,0.5136772535340555,144.2307692307692,79.18297678652708,144.2307692307692,79.18297678652708,0
per_huruf,4,2799,0.5138608408298145,144.30769230769232,79.26672735548475,144.30769230769232,79.26672735548475,0
per_huruf,4,2800,0.5140444281255737,144.3846153846154,79.35730541647703,144.3846153846154,79.35730541647703,0
per_huruf,4,2801,0.5142280154213329,144.46153846153845,79.45197997269004,144.46153846153845,79.45197997269004,0
per_huruf,4,2802,0.514411602717092,144.53846153846155,79.54802002730997,144.53846153846155,79.54802002730997,0
per_huruf,4,2803,0.5145951900128511,144.6153846153846,79.642694583523,144.6153846153846,79.642694583523,0
per_huruf,4,2804,0.5147787773086102,144.69230769230768,79.73327264451524,144.69230769230768,79.73327264451524,0
per_huruf,4,2805,0.5149623646043694,144.76923076923075,79.81702321347291,144.76923076923075,79.81702321347291,0
per_huruf,4,2806,0.5151459519001285,144.84615384615384,79.89121529358215,144.84615384615384,79.89121529358215,0
per_huruf,4,2807,0.5153295391958876,144.9230769230769,79.95311788802913,144.9230769230769,79.95311788802913,0
per_huruf,4,2808,0.5155131264916468,145.0,80.0,145.0,80.0,0
per_huruf,4,2809,0.5156967137874059,145.0769230769231,80.0300409649522,145.0769230769231,80.0300409649522,0
per_huruf,4,2810,0.5158803010831651,145.15384615384616,80.04506144742832,145.15384615384616,80.04506144742832,0
per_huruf,4,2811,0.5160638883789241,145.23076923076923,80.04779244424215,145.23076923076923,80.04779244424215,0
per_huruf,4,2812,0.5162474756746833,145.30769230769226,80.04096495220756,145.30769230769226,80.04096495220756,0
per_huruf,4,2813,0.5164310629704425,145.3846153846154,80.02730996813838,145.3846153846154,80.02730996813838,0
per_huruf,4,2814,0.5166146502662016,145.46153846153845,80.00955848884844,145.46153846153845,80.00955848884844,0
per_huruf,4,2815,0.5167982375619607,145.53846153846155,79.99044151115157,145.53846153846155,79.99044151115157,0
per_huruf,4,2816,0.5169818248577198,145.6153846153846,79.97269003186163,145.6153846153846,79.97269003186163,0
per_huruf,4,2817,0.517165412153479,145.69230769230768,79.95903504779244,145.69230769230768,79.95903504779244,0
per_huruf,4,2818,0.5173489994492381,145.76923076923077,79.95220755575784,145.76923076923077,79.95220755575784,0
per_huruf,4,2819,0.5175325867449972,145.84615384615384,79.95493855257169,145.84615384615384,79.95493855257169,0
per_huruf,4,2820,0.5177161740407564,145.9230769230769,79.9699590350478,145.9230769230769,79.9699590350478,0
per_huruf,4,2821,0.5178997613365155,146.0,80.0,146.0,80.0,0
per_huruf,4,2822,0.5180833486322747,146.07692307692312,80.04688211197087,146.07692307692312,80.04688211197087,0
per_huruf,4,2823,0.5182669359280337,146.1538461538462,80.10878470641785,146.1538461538462,80.10878470641785,0
per_huruf,4,2824,0.5184505232237929,146.2307692307692,80.18297678652708,146.2307692307692,80.18297678652708,0
per_huruf,4,2825,0.518634110519552,146.3076923076923,80.26672735548473,146.3076923076923,80.26672735548473,0
per_huruf,4,2826,0.5188176978153112,146.3846153846154,80.35730541647702,146.3846153846154,80.35730541647702,0
per_huruf,4,2827,0.5190012851110704,146.46153846153848,80.45197997269004,146.46153846153848,80.45197997269004,0
per_huruf,4,2828,0.5191848724068294,146.53846153846155,80.54802002730997,146.53846153846155,80.54802002730997,0
per_huruf,4,2829,0.5193684597025886,146.6153846153846,80.642694583523,146.6153846153846,80.642694583523,0
per_huruf,4,2830,0.5195520469983477,146.69230769230768,80.73327264451524,146.69230769230768,80.73327264451524,0
per_huruf,4,2831,0.5197356342941069,146.76923076923077,80.81702321347291,146.76923076923077,80.81702321347291,0
per_huruf,4,2832,0.519919221589866,146.84615384615384,80.89121529358216,146.84615384615384,80.89121529358216,0
per_huruf,4,2833,0.5201028088856251,146.9230769230769,80.95311788802913,146.9230769230769,80.95311788802913,0
per_huruf,4,2834,0.5202863961813843,147.0,81.0,147.0,81.0,0
per_huruf,4,2835,0.5204699834771433,147.07692307692307,81.03277196176606,147.07692307692307,81.03277196176606,0
per_huruf,4,2836,0.5206535707729025,147.15384615384616,81.05507510241237,147.15384615384616,81.05507510241237,0
per_huruf,4,2837,0.5208371580686616,147.23076923076923,81.06827492034591,147.23076923076923,81.06827492034591,0
per_huruf,4,2838,0.5210207453644208,147.3076923076923,81.07373691397359,147.3076923076923,81.07373691397359,0
per_huruf,4,2839,0.52120433266018,147.38461538461542,81.07282658170233,147.38461538461542,81.07282658170233,0
per_huruf,4,2840,0.521387919955939,147.46153846153848,81.06690942193902,147.46153846153848,81.06690942193902,0
per_huruf,4,2841,0.5215715072516982,147.53846153846155,81.05735093309059,147.53846153846155,81.05735093309059,0
per_huruf,4,2842,0.5217550945474573,147.6153846153846,81.04551661356396,147.6153846153846,81.04551661356396,0
per_huruf,4,2843,0.5219386818432165,147.69230769230768,81.03277196176604,147.69230769230768,81.03277196176604,0
per_huruf,4,2844,0.5221222691389756,147.76923076923077,81.02048247610377,147.76923076923077,81.02048247610377,0
per_huruf,4,2845,0.5223058564347347,147.84615384615384,81.01001365498408,147.84615384615384,81.01001365498408,0
per_huruf,4,2846,0.5224894437304939,147.9230769230769,81.00273099681384,147.9230769230769,81.00273099681384,0
per_huruf,4,2847,0.522673031026253,148.0,81.0,148.0,81.0,0
per_huruf,4,2848,0.5228566183220121,148.0769230769231,81.00000000000001,148.0769230769231,81.00000000000001,0
per_huruf,4,2849,0.5230402056177712,148.15384615384616,81.0,148.15384615384616,81.0,0
per_huruf,4,2850,0.5232237929135304,148.2307692307692,80.99999999999999,148.2307692307692,80.99999999999999,0
per_huruf,4,2851,0.5234073802092896,148.3076923076923,81.0,148.3076923076923,81.0,0
per_huruf,4,2852,0.5235909675050486,148.38461538461542,81.00000000000001,148.38461538461542,81.00000000000001,0
per_huruf,4,2853,0.5237745548008078,148.46153846153848,81.00000000000001,148.46153846153848,81.00000000000001,0
per_huruf,4,2854,0.5239581420965669,148.53846153846152,81.0,148.53846153846152,81.0,0
per_huruf,4,2855,0.5241417293923261,148.61538461538464,81.0,148.61538461538464,81.0,0
per_huruf,4,2856,0.5243253166880851,148.6923076923077,81.0,148.6923076923077,81.0,0
per_huruf,4,2857,0.5245089039838443,148.76923076923075,81.0,148.76923076923075,81.0,0
per_huruf,4,2858,0.5246924912796035,148.84615384615384,81.0,148.84615384615384,81.0,0
per_huruf,4,2859,0.5248760785753626,148.9230769230769,81.0,148.9230769230769,81.0,0
per_huruf,4,2860,0.5250596658711217,149.0,81.0,149.0,81.0,0
per_huruf,4,2861,0.5252432531668808,149.0769230769231,81.00000000000001,149.0769230769231,81.00000000000001,0
per_huruf,4,2862,0.52542684046264,149.15384615384616,81.0,149.15384615384616,81.0,0
per_huruf,4,2863,0.5256104277583992,149.23076923076923,80.99999999999999,149.23076923076923,80.99999999999999,0
per_huruf,4,2864,0.5257940150541582,149.3076923076923,81.0,149.3076923076923,81.0,0
per_huruf,4,2865,0.5259776023499174,149.38461538461542,81.00000000000001,149.38461538461542,81.00000000000001,0
per_huruf,4,2866,0.5261611896456765,149.46153846153848,81.00000000000001,149.46153846153848,81.00000000000001,0
per_huruf,4,2867,0.5263447769414357,149.53846153846155,81.0,149.53846153846155,81.0,0
per_huruf,4,2868,0.5265283642371947,149.6153846153846,81.0,149.6153846153846,81.0,0
per_huruf,4,2869,0.5267119515329539,149.69230769230768,81.0,149.69230769230768,81.0,0
per_huruf,4,2870,0.5268955388287131,149.76923076923077,81.0,149.76923076923077,81.0,0
per_huruf,4,2871,0.5270791261244722,149.84615384615384,81.0,149.84615384615384,81.0,0
per_huruf,4,2872,0.5272627134202313,149.9230769230769,81.0,149.9230769230769,81.0,0
per_huruf,4,2873,0.5274463007159904,150.0,81.0,150.0,81.0,0
per_huruf,4,2874,0.5276298880117496,150.07692307692312,81.00000000000001,150.07692307692312,81.00000000000001,0
per_huruf,4,2875,0.5278134753075088,150.15384615384616,81.0,150.15384615384616,81.0,0
per_huruf,4,2876,0.5279970626032678,150.2307692307692,80.99999999999999,150.2307692307692,80.99999999999999,0
per_huruf,4,2877,0.528180649899027,150.3076923076923,81.0,150.3076923076923,81.0,0
per_huruf,4,2878,0.5283642371947861,150.38461538461542,81.00000000000001,150.38461538461542,81.00000000000001,0
per_huruf,4,2879,0.5285478244905453,150.46153846153848,81.00000000000001,150.46153846153848,81.00000000000001,0
per_huruf,4,2880,0.5287314117863043,150.53846153846155,81.0,150.53846153846155,81.0,0
per_huruf,4,2881,0.5289149990820635,150.61538461538464,81.0,150.61538461538464,81.0,0
per_huruf,4,2882,0.5290985863778227,150.69230769230768,81.0,150.69230769230768,81.0,0
per_huruf,4,2883,0.5292821736735818,150.76923076923075,81.0,150.76923076923075,81.0,0
per_huruf,4,2884,0.529465760969341,150.84615384615384,81.0,150.84615384615384,81.0,0
per_huruf,4,2885,0.5296493482651,150.9230769230769,81.0,150.9230769230769,81.0,0
per_huruf,4,2886,0.5298329355608592,151.0,81.0,151.0,81.0,0
per_huruf,4,2887,0.5300165228566184,151.0769230769231,81.00000000000001,151.0769230769231,81.00000000000001,0
per_huruf,4,2888,0.5302001101523774,151.15384615384616,81.0,151.15384615384616,81.0,0
per_huruf,4,2889,0.5303836974481366,151.23076923076923,80.99999999999999,151.23076923076923,80.99999999999999,0
per_huruf,4,2890,0.5305672847438957,151.3076923076923,81.0,151.3076923076923,81.0,0
per_huruf,4,2891,0.5307508720396549,151.38461538461542,81.00000000000001,151.38461538461542,81.00000000000001,0
per_huruf,4,2892,0.5309344593354139,151.46153846153848,81.00000000000001,151.46153846153848,81.00000000000001,0
per_huruf,4,2893,0.5311180466311731,151.53846153846152,81.0,151.53846153846152,81.0,0
per_huruf,4,2894,0.5313016339269323,151.61538461538464,81.0,151.61538461538464,81.0,0
per_huruf,4,2895,0.5314852212226914,151.69230769230768,81.0,151.69230769230768,81.0,0
per_huruf,4,2896,0.5316688085184506,151.76923076923077,81.0,151.76923076923077,81.0,0
per_huruf,4,2897,0.5318523958142096,151.84615384615384,81.0,151.84615384615384,81.0,0
per_huruf,4,2898,0.5320359831099688,151.9230769230769,81.0,151.9230769230769,81.0,0
per_huruf,4,2899,0.5322195704057279,152.0,81.0,152.0,81.0,0
per_huruf,4,2900,0.532403157701487,152.0769230769231,81.00000000000001,152.0769230769231,81.00000000000001,0
per_huruf,4,2901,0.5325867449972462,152.15384615384616,81.0,152.15384615384616,81.0,0
per_huruf,4,2902,0.5327703322930053,152.2307692307692,80.99999999999999,152.2307692307692,80.99999999999999,0
per_huruf,4,2903,0.5329539195887645,152.30769230769232,81.0,152.30769230769232,81.0,0
per_huruf,4,2904,0.5331375068845235,152.38461538461542,81.00000000000001,152.38461538461542,81.00000000000001,0
per_huruf,4,2905,0.5333210941802827,152.46153846153848,81.00000000000001,152.46153846153848,81.00000000000001,0
per_huruf,4,2906,0.5335046814760419,152.53846153846152,81.0,152.53846153846152,81.0,0
per_huruf,4,2907,0.533688268771801,152.6153846153846,81.0,152.6153846153846,81.0,0
per_huruf,4,2908,0.5338718560675602,152.69230769230768,81.0,152.69230769230768,81.0,0
per_huruf,4,2909,0.5340554433633192,152.76923076923075,81.0,152.76923076923075,81.0,0
per_huruf,4,2910,0.5342390306590784,152.84615384615384,81.0,152.84615384615384,81.0,0
per_huruf,4,2911,0.5344226179548375,152.9230769230769,81.0,152.9230769230769,81.0,0
per_huruf,4,2912,0.5346062052505967,153.0,81.0,153.0,81.0,0
per_huruf,4,2913,0.5347897925463558,153.07692307692312,81.00000000000001,153.07692307692312,81.00000000000001,0
per_huruf,4,2914,0.5349733798421149,153.1538461538462,81.0,153.1538461538462,81.0,0
per_huruf,4,2915,0.5351569671378741,153.2307692307692,80.99999999999999,153.2307692307692,80.99999999999999,0
per_huruf,4,2916,0.5353405544336332,153.3076923076923,81.0,153.3076923076923,81.0,0
per_huruf,4,2917,0.5355241417293923,153.38461538461542,81.00000000000001,153.38461538461542,81.00000000000001,0
per_huruf,4,2918,0.5357077290251515,153.46153846153848,81.00000000000001,153.46153846153848,81.00000000000001,0
per_huruf,4,2919,0.5358913163209106,153.53846153846155,81.0,153.53846153846155,81.0,0
per_huruf,4,2920,0.5360749036166698,153.61538461538464,81.0,153.61538461538464,81.0,0
per_huruf,4,2921,0.5362584909124288,153.69230769230768,81.0,153.69230769230768,81.0,0
per_huruf,4,2922,0.536442078208188,153.76923076923077,81.0,153.76923076923077,81.0,0
per_huruf,4,2923,0.5366256655039471,153.84615384615384,81.0,153.84615384615384,81.0,0
per_huruf,4,2924,0.5368092527997063,153.9230769230769,81.0,153.9230769230769,81.0,0
per_huruf,4,2925,0.5369928400954654,154.0,81.0,154.0,81.0,0
per_huruf,4,2926,0.5371764273912245,154.0769230769231,81.00000000000001,154.0769230769231,81.00000000000001,0
per_huruf,4,2927,0.5373600146869837,154.1538461538462,81.0,154.1538461538462,81.0,0
per_huruf,4,2928,0.5375436019827428,154.23076923076923,80.99999999999999,154.23076923076923,80.99999999999999,0
per_huruf,4,2929,0.5377271892785019,154.3076923076923,81.0,154.3076923076923,81.0,0
per_huruf,4,2930,0.537910776574261,154.38461538461542,81.00000000000001,154.38461538461542,81.00000000000001,0
per_huruf,4,2931,0.5380943638700202,154.46153846153848,81.00000000000001,154.46153846153848,81.00000000000001,0
per_huruf,4,2932,0.5382779511657794,154.53846153846155,81.0,154.53846153846155,81.0,0
per_huruf,4,2933,0.5384615384615384,154.6153846153846,81.0,154.6153846153846,81.0,0
per_huruf,4,2934,0.5386451257572976,154.69230769230768,81.0,154.69230769230768,81.0,0
per_huruf,4,2935,0.5388287130530567,154.76923076923075,81.0,154.76923076923075,81.0,0
per_huruf,4,2936,0.5390123003488159,154.84615384615384,81.0,154.84615384615384,81.0,0
per_huruf,4,2937,0.539195887644575,154.9230769230769,81.0,154.9230769230769,81.0,0
per_huruf,4,2938,0.5393794749403341,155.0,81.0,155.0,81.0,0
per_huruf,4,2939,0.5395630622360933,155.0769230769231,81.00000000000001,155.0769230769231,81.00000000000001,0
per_huruf,4,2940,0.5397466495318524,155.1538461538462,81.0,155.1538461538462,81.0,0
per_huruf,4,2941,0.5399302368276115,155.2307692307692,80.99999999999999,155.2307692307692,80.99999999999999,0
per_huruf,4,2942,0.5401138241233706,155.3076923076923,81.0,155.3076923076923,81.0,0
per_huruf,4,2943,0.5402974114191298,155.3846153846154,81.00000000000001,155.3846153846154,81.00000000000001,0
per_huruf,4,2944,0.540480998714889,155.46153846153848,81.00000000000001,155.46153846153848,81.00000000000001,0
per_huruf,4,2945,0.540664586010648,155.53846153846155,81.0,155.53846153846155,81.0,0
per_huruf,4,2946,0.5408481733064072,155.61538461538464,81.0,155.61538461538464,81.0,0
per_huruf,4,2947,0.5410317606021663,155.69230769230768,81.0,155.69230769230768,81.0,0
per_huruf,4,2948,0.5412153478979255,155.76923076923077,81.0,155.76923076923077,81.0,0
per_huruf,4,2949,0.5413989351936846,155.84615384615384,81.0,155.84615384615384,81.0,0
per_huruf,4,2950,0.5415825224894437,155.9230769230769,81.0,155.9230769230769,81.0,0
per_huruf,4,2951,0.5417661097852029,156.0,81.0,156.0,81.0,0
per_huruf,4,2952,0.541949697080962,156.0769230769231,81.00273099681385,156.0769230769231,81.00273099681385,0
per_huruf,4,2953,0.5421332843767211,156.1538461538462,81.01001365498408,156.1538461538462,81.01001365498408,0
per_huruf,4,2954,0.5423168716724802,156.23076923076923,81.02048247610377,156.23076923076923,81.02048247610377,0
per_huruf,4,2955,0.5425004589682394,156.3076923076923,81.03277196176604,156.3076923076923,81.03277196176604,0
per_huruf,4,2956,0.5426840462639986,156.38461538461542,81.04551661356396,156.38461538461542,81.04551661356396,0
per_huruf,4,2957,0.5428676335597576,156.46153846153845,81.05735093309059,156.46153846153845,81.05735093309059,0
per_huruf,4,2958,0.5430512208555168,156.53846153846155,81.06690942193902,156.53846153846155,81.06690942193902,0
per_huruf,4,2959,0.5432348081512759,156.6153846153846,81.07282658170233,156.6153846153846,81.07282658170233,0
per_huruf,4,2960,0.5434183954470351,156.69230769230768,81.0737369139736,156.69230769230768,81.0737369139736,0
per_huruf,4,2961,0.5436019827427943,156.76923076923077,81.06827492034591,156.76923076923077,81.06827492034591,0
per_huruf,4,2962,0.5437855700385533,156.84615384615384,81.05507510241239,156.84615384615384,81.05507510241239,0
per_huruf,4,2963,0.5439691573343125,156.9230769230769,81.03277196176604,156.9230769230769,81.03277196176604,0
per_huruf,4,2964,0.5441527446300716,157.0,81.0,157.0,81.0,0
per_huruf,4,2965,0.5443363319258308,157.0769230769231,80.95311788802914,157.0769230769231,80.95311788802914,0
per_huruf,4,2966,0.5445199192215898,157.15384615384616,80.89121529358218,157.15384615384616,80.89121529358218,0
per_huruf,4,2967,0.544703506517349,157.23076923076917,80.8170232134729,157.23076923076917,80.8170232134729,0
per_huruf,4,2968,0.5448870938131082,157.3076923076923,80.73327264451525,157.3076923076923,80.73327264451525,0
per_huruf,4,2969,0.5450706811088672,157.3846153846154,80.642694583523,157.3846153846154,80.642694583523,0
per_huruf,4,2970,0.5452542684046264,157.46153846153848,80.54802002730997,157.46153846153848,80.54802002730997,0
per_huruf,4,2971,0.5454378557003855,157.53846153846152,80.45197997269003,157.53846153846152,80.45197997269003,0
per_huruf,4,2972,0.5456214429961447,157.6153846153846,80.35730541647702,157.6153846153846,80.35730541647702,0
per_huruf,4,2973,0.5458050302919037,157.69230769230768,80.26672735548475,157.69230769230768,80.26672735548475,0
per_huruf,4,2974,0.5459886175876629,157.76923076923077,80.18297678652708,157.76923076923077,80.18297678652708,0
per_huruf,4,2975,0.5461722048834221,157.84615384615384,80.10878470641785,157.84615384615384,80.10878470641785,0
per_huruf,4,2976,0.5463557921791812,157.9230769230769,80.04688211197087,157.9230769230769,80.04688211197087,0
per_huruf,4,2977,0.5465393794749404,158.0,80.0,158.0,80.0,0
per_huruf,4,2978,0.5467229667706994,158.0769230769231,79.9699590350478,158.0769230769231,79.9699590350478,0
per_huruf,4,2979,0.5469065540664586,158.1538461538462,79.9549385525717,158.1538461538462,79.9549385525717,0
per_huruf,4,2980,0.5470901413622178,158.23076923076923,79.95220755575785,158.23076923076923,79.95220755575785,0
per_huruf,4,2981,0.5472737286579769,158.3076923076923,79.95903504779244,158.3076923076923,79.95903504779244,0
per_huruf,4,2982,0.547457315953736,158.38461538461542,79.97269003186165,158.38461538461542,79.97269003186165,0
per_huruf,4,2983,0.5476409032494951,158.46153846153845,79.99044151115157,158.46153846153845,79.99044151115157,0
per_huruf,4,2984,0.5478244905452543,158.53846153846152,80.00955848884843,158.53846153846152,80.00955848884843,0
per_huruf,4,2985,0.5480080778410134,158.61538461538464,80.02730996813837,158.61538461538464,80.02730996813837,0
per_huruf,4,2986,0.5481916651367725,158.69230769230768,80.04096495220756,158.69230769230768,80.04096495220756,0
per_huruf,4,2987,0.5483752524325317,158.76923076923077,80.04779244424215,158.76923076923077,80.04779244424215,0
per_huruf,4,2988,0.5485588397282908,158.84615384615384,80.04506144742831,158.84615384615384,80.04506144742831,0
per_huruf,4,2989,0.54874242702405,158.9230769230769,80.0300409649522,158.9230769230769,80.0300409649522,0
per_huruf,4,2990,0.548926014319809,159.0,80.0,159.0,80.0,0
per_huruf,4,2991,0.5491096016155682,159.07965407373695,79.95584888484298,159.07965407373695,79.95584888484298,0
per_huruf,4,2992,0.5492931889113274,159.16385980883027,79.90122894856623,159.16385980883027,79.90122894856623,0
per_huruf,4,2993,0.5494767762070865,159.25125170687298,79.83750568957669,159.25125170687298,79.83750568957669,0
per_huruf,4,2994,0.5496603635028456,159.34046426945835,79.76604460628128,159.34046426945835,79.76604460628128,0
per_huruf,4,2995,0.5498439507986047,159.43013199817938,79.68821119708694,159.43013199817938,79.68821119708694,0
per_huruf,4,2996,0.5500275380943639,159.51888939462904,79.60537096040055,159.51888939462904,79.60537096040055,0
per_huruf,4,2997,0.550211125390123,159.60537096040053,79.51888939462903,159.60537096040053,79.51888939462903,0
per_huruf,4,2998,0.5503947126858821,159.68821119708696,79.43013199817933,159.68821119708696,79.43013199817933,0
per_huruf,4,2999,0.5505782999816413,159.7660446062813,79.34046426945834,159.7660446062813,79.34046426945834,0
per_huruf,4,3000,0.5507618872774004,159.8375056895767,79.251251706873,159.8375056895767,79.251251706873,0
per_huruf,4,3001,0.5509454745731596,159.90122894856623,79.16385980883022,159.90122894856623,79.16385980883022,0
per_huruf,4,3002,0.5511290618689186,159.95584888484296,79.07965407373692,159.95584888484296,79.07965407373692,0
per_huruf,4,3003,0.5513126491646778,160.0,79.0,160.0,79.0,0
per_huruf,4,3004,0.5514962364604369,160.03004096495224,78.92307692307693,160.03004096495224,78.92307692307693,0
per_huruf,4,3005,0.5516798237561961,160.04506144742834,78.84615384615385,160.04506144742834,78.84615384615385,0
per_huruf,4,3006,0.5518634110519552,160.0477924442421,78.76923076923076,160.0477924442421,78.76923076923076,0
per_huruf,4,3007,0.5520469983477143,160.04096495220756,78.69230769230768,160.04096495220756,78.69230769230768,0
per_huruf,4,3008,0.5522305856434735,160.02730996813838,78.61538461538463,160.02730996813838,78.61538461538463,0
per_huruf,4,3009,0.5524141729392326,160.00955848884846,78.53846153846155,160.00955848884846,78.53846153846155,0
per_huruf,4,3010,0.5525977602349917,159.99044151115157,78.46153846153845,159.99044151115157,78.46153846153845,0
per_huruf,4,3011,0.5527813475307509,159.97269003186165,78.38461538461539,159.97269003186165,78.38461538461539,0
per_huruf,4,3012,0.55296493482651,159.95903504779244,78.30769230769229,159.95903504779244,78.30769230769229,0
per_huruf,4,3013,0.5531485221222692,159.95220755575787,78.23076923076923,159.95220755575787,78.23076923076923,0
per_huruf,4,3014,0.5533321094180282,159.9549385525717,78.15384615384616,159.9549385525717,78.15384615384616,0
per_huruf,4,3015,0.5535156967137874,159.9699590350478,78.07692307692308,159.9699590350478,78.07692307692308,0
per_huruf,4,3016,0.5536992840095465,160.0,78.0,160.0,78.0,0
per_huruf,4,3017,0.5538828713053057,160.0468821119709,77.92307692307695,160.0468821119709,77.92307692307695,0
per_huruf,4,3018,0.5540664586010648,160.10878470641785,77.84615384615385,160.10878470641785,77.84615384615385,0
per_huruf,4,3019,0.5542500458968239,160.18297678652704,77.76923076923076,160.18297678652704,77.76923076923076,0
per_huruf,4,3020,0.5544336331925831,160.26672735548476,77.69230769230768,160.26672735548476,77.69230769230768,0
per_huruf,4,3021,0.5546172204883422,160.35730541647703,77.61538461538463,160.35730541647703,77.61538461538463,0
per_huruf,4,3022,0.5548008077841013,160.45197997269003,77.53846153846155,160.45197997269003,77.53846153846155,0
per_huruf,4,3023,0.5549843950798605,160.54802002730997,77.46153846153847,160.54802002730997,77.46153846153847,0
per_huruf,4,3024,0.5551679823756196,160.642694583523,77.38461538461539,160.642694583523,77.38461538461539,0
per_huruf,4,3025,0.5553515696713788,160.73327264451524,77.3076923076923,160.73327264451524,77.3076923076923,0
per_huruf,4,3026,0.5555351569671378,160.8170232134729,77.23076923076923,160.8170232134729,77.23076923076923,0
per_huruf,4,3027,0.555718744262897,160.89121529358215,77.15384615384616,160.89121529358215,77.15384615384616,0
per_huruf,4,3028,0.5559023315586561,160.9531178880291,77.07692307692307,160.9531178880291,77.07692307692307,0
per_huruf,4,3029,0.5560859188544153,161.0,77.0,161.0,77.0,0
per_huruf,4,3030,0.5562695061501745,161.03277196176606,76.92307692307695,161.03277196176606,76.92307692307695,0
per_huruf,4,3031,0.5564530934459335,161.05507510241236,76.84615384615385,161.05507510241236,76.84615384615385,0
per_huruf,4,3032,0.5566366807416927,161.0682749203459,76.76923076923077,161.0682749203459,76.76923076923077,0
per_huruf,4,3033,0.5568202680374518,161.0737369139736,76.6923076923077,161.0737369139736,76.6923076923077,0
per_huruf,4,3034,0.557003855333211,161.07282658170234,76.61538461538463,161.07282658170234,76.61538461538463,0
per_huruf,4,3035,0.5571874426289701,161.06690942193902,76.53846153846155,161.06690942193902,76.53846153846155,0
per_huruf,4,3036,0.5573710299247292,161.05735093309056,76.46153846153845,161.05735093309056,76.46153846153845,0
per_huruf,4,3037,0.5575546172204884,161.04551661356396,76.38461538461539,161.04551661356396,76.38461538461539,0
per_huruf,4,3038,0.5577382045162474,161.03277196176603,76.3076923076923,161.03277196176603,76.3076923076923,0
per_huruf,4,3039,0.5579217918120066,161.02048247610375,76.23076923076923,161.02048247610375,76.23076923076923,0
per_huruf,4,3040,0.5581053791077657,161.01001365498408,76.15384615384615,161.01001365498408,76.15384615384615,0
per_huruf,4,3041,0.5582889664035249,161.00273099681382,76.07692307692307,161.00273099681382,76.07692307692307,0
per_huruf,4,3042,0.5584725536992841,161.0,76.0,161.0,76.0,0
per_huruf,4,3043,0.5586561409950431,160.99726900318618,75.92307692307693,160.99726900318618,75.92307692307693,0
per_huruf,4,3044,0.5588397282908023,160.98998634501595,75.84615384615384,160.98998634501595,75.84615384615384,0
per_huruf,4,3045,0.5590233155865614,160.9795175238962,75.76923076923076,160.9795175238962,75.76923076923076,0
per_huruf,4,3046,0.5592069028823206,160.96722803823394,75.6923076923077,160.96722803823394,75.6923076923077,0
per_huruf,4,3047,0.5593904901780796,160.95448338643607,75.61538461538463,160.95448338643607,75.61538461538463,0
per_huruf,4,3048,0.5595740774738388,160.94264906690944,75.53846153846155,160.94264906690944,75.53846153846155,0
per_huruf,4,3049,0.559757664769598,160.93309057806098,75.46153846153845,160.93309057806098,75.46153846153845,0
per_huruf,4,3050,0.559941252065357,160.92717341829768,75.38461538461539,160.92717341829768,75.38461538461539,0
per_huruf,4,3051,0.5601248393611162,160.92626308602638,75.3076923076923,160.92626308602638,75.3076923076923,0
per_huruf,4,3052,0.5603084266568753,160.93172507965406,75.23076923076923,160.93172507965406,75.23076923076923,0
per_huruf,4,3053,0.5604920139526345,160.9449248975876,75.15384615384616,160.9449248975876,75.15384615384616,0
per_huruf,4,3054,0.5606756012483937,160.96722803823394,75.07692307692307,160.96722803823394,75.07692307692307,0
per_huruf,4,3055,0.5608591885441527,161.0,75.0,161.0,75.0,0
per_huruf,4,3056,0.5610427758399119,161.04415111515704,74.9203459262631,161.04415111515704,74.9203459262631,0
per_huruf,4,3057,0.561226363135671,161.09877105143377,74.83614019116978,161.09877105143377,74.83614019116978,0
per_huruf,4,3058,0.5614099504314302,161.16249431042328,74.74874829312698,161.16249431042328,74.74874829312698,0
per_huruf,4,3059,0.5615935377271892,161.23395539371867,74.65953573054165,161.23395539371867,74.65953573054165,0
per_huruf,4,3060,0.5617771250229484,161.31178880291307,74.56986800182068,161.31178880291307,74.56986800182068,0
per_huruf,4,3061,0.5619607123187076,161.39462903959947,74.48111060537097,161.39462903959947,74.48111060537097,0
per_huruf,4,3062,0.5621442996144667,161.481110605371,74.39462903959947,161.481110605371,74.39462903959947,0
per_huruf,4,3063,0.5623278869102258,161.56986800182065,74.31178880291307,161.56986800182065,74.31178880291307,0
per_huruf,4,3064,0.5625114742059849,161.65953573054162,74.2339553937187,161.65953573054162,74.2339553937187,0
per_huruf,4,3065,0.5626950615017441,161.74874829312697,74.1624943104233,161.74874829312697,74.1624943104233,0
per_huruf,4,3066,0.5628786487975033,161.83614019116976,74.09877105143377,161.83614019116976,74.09877105143377,0
per_huruf,4,3067,0.5630622360932623,161.92034592626308,74.04415111515704,161.92034592626308,74.04415111515704,0
per_huruf,4,3068,0.5632458233890215,162.0,74.0,162.0,74.0,0
per_huruf,4,3069,0.5634294106847806,162.0769230769231,73.96722803823396,162.0769230769231,73.96722803823396,0
per_huruf,4,3070,0.5636129979805398,162.15384615384613,73.94492489758761,162.15384615384613,73.94492489758761,0
per_huruf,4,3071,0.5637965852762988,162.23076923076923,73.93172507965407,162.23076923076923,73.93172507965407,0
per_huruf,4,3072,0.563980172572058,162.3076923076923,73.92626308602638,162.3076923076923,73.92626308602638,0
per_huruf,4,3073,0.5641637598678172,162.3846153846154,73.92717341829768,162.3846153846154,73.92717341829768,0
per_huruf,4,3074,0.5643473471635763,162.46153846153845,73.93309057806098,162.46153846153845,73.93309057806098,0
per_huruf,4,3075,0.5645309344593354,162.53846153846155,73.94264906690942,162.53846153846155,73.94264906690942,0
per_huruf,4,3076,0.5647145217550945,162.6153846153846,73.95448338643605,162.6153846153846,73.95448338643605,0
per_huruf,4,3077,0.5648981090508537,162.69230769230768,73.96722803823394,162.69230769230768,73.96722803823394,0
per_huruf,4,3078,0.5650816963466128,162.76923076923077,73.97951752389622,162.76923076923077,73.97951752389622,0
per_huruf,4,3079,0.5652652836423719,162.84615384615387,73.98998634501594,162.84615384615387,73.98998634501594,0
per_huruf,4,3080,0.5654488709381311,162.92307692307693,73.99726900318616,162.92307692307693,73.99726900318616,0
per_huruf,4,3081,0.5656324582338902,163.0,74.0,163.0,74.0,0
per_huruf,4,3082,0.5658160455296494,163.07692307692312,74.0,163.07692307692312,74.0,0
per_huruf,4,3083,0.5659996328254084,163.15384615384616,73.99999999999999,163.15384615384616,73.99999999999999,0
per_huruf,4,3084,0.5661832201211676,163.23076923076923,74.0,163.23076923076923,74.0,0
per_huruf,4,3085,0.5663668074169268,163.30769230769226,74.0,163.30769230769226,74.0,0
per_huruf,4,3086,0.5665503947126859,163.3846153846154,74.0,163.3846153846154,74.0,0
per_huruf,4,3087,0.566733982008445,163.46153846153848,74.0,163.46153846153848,74.0,0
per_huruf,4,3088,0.5669175693042041,163.53846153846152,74.0,163.53846153846152,74.0,0
per_huruf,4,3089,0.5671011565999633,163.61538461538464,74.0,163.61538461538464,74.0,0
per_huruf,4,3090,0.5672847438957224,163.69230769230768,74.0,163.69230769230768,74.0,0
per_huruf,4,3091,0.5674683311914815,163.76923076923075,74.0,163.76923076923075,74.0,0
per_huruf,4,3092,0.5676519184872407,163.84615384615387,74.0,163.84615384615387,74.0,0
per_huruf,4,3093,0.5678355057829998,163.9230769230769,74.0,163.9230769230769,74.0,0
per_huruf,4,3094,0.568019093078759,164.0,74.0,164.0,74.0,0
per_huruf,4,3095,0.568202680374518,164.0769230769231,74.0,164.0769230769231,74.0,0
per_huruf,4,3096,0.5683862676702772,164.15384615384616,73.99999999999999,164.15384615384616,73.99999999999999,0
per_huruf,4,3097,0.5685698549660364,164.23076923076923,74.0,164.23076923076923,74.0,0
per_huruf,4,3098,0.5687534422617955,164.3076923076923,74.0,164.3076923076923,74.0,0
per_huruf,4,3099,0.5689370295575547,164.38461538461542,74.0,164.38461538461542,74.0,0
per_huruf,4,3100,0.5691206168533137,164.46153846153845,74.0,164.46153846153845,74.0,0
per_huruf,4,3101,0.5693042041490729,164.53846153846155,74.0,164.53846153846155,74.0,0
per_huruf,4,3102,0.569487791444832,164.61538461538464,74.0,164.61538461538464,74.0,0
per_huruf,4,3103,0.5696713787405911,164.69230769230768,74.0,164.69230769230768,74.0,0
per_huruf,4,3104,0.5698549660363503,164.76923076923075,74.0,164.76923076923075,74.0,0
per_huruf,4,3105,0.5700385533321094,164.84615384615387,74.0,164.84615384615387,74.0,0
per_huruf,4,3106,0.5702221406278686,164.9230769230769,74.0,164.9230769230769,74.0,0
per_huruf,4,3107,0.5704057279236276,165.0,74.0,165.0,74.0,0
per_huruf,4,3108,0.5705893152193868,165.07692307692312,74.00273099681384,165.07692307692312,74.00273099681384,0
per_huruf,4,3109,0.5707729025151459,165.15384615384613,74.01001365498406,165.15384615384613,74.01001365498406,0
per_huruf,4,3110,0.5709564898109051,165.23076923076923,74.02048247610377,165.23076923076923,74.02048247610377,0
per_huruf,4,3111,0.5711400771066643,165.3076923076923,74.03277196176603,165.3076923076923,74.03277196176603,0
per_huruf,4,3112,0.5713236644024233,165.3846153846154,74.04551661356396,165.3846153846154,74.04551661356396,0
per_huruf,4,3113,0.5715072516981825,165.46153846153848,74.05735093309059,165.46153846153848,74.05735093309059,0
per_huruf,4,3114,0.5716908389939416,165.53846153846155,74.06690942193902,165.53846153846155,74.06690942193902,0
per_huruf,4,3115,0.5718744262897008,165.6153846153846,74.07282658170233,165.6153846153846,74.07282658170233,0
per_huruf,4,3116,0.5720580135854599,165.69230769230768,74.07373691397359,165.69230769230768,74.07373691397359,0
per_huruf,4,3117,0.572241600881219,165.76923076923075,74.06827492034591,165.76923076923075,74.06827492034591,0
per_huruf,4,3118,0.5724251881769782,165.84615384615387,74.05507510241239,165.84615384615387,74.05507510241239,0
per_huruf,4,3119,0.5726087754727373,165.9230769230769,74.03277196176604,165.9230769230769,74.03277196176604,0
per_huruf,4,3120,0.5727923627684964,166.0,74.0,166.0,74.0,0
per_huruf,4,3121,0.5729759500642555,166.07965407373695,73.95584888484298,166.07965407373695,73.95584888484298,0
per_huruf,4,3122,0.5731595373600147,166.16385980883024,73.90122894856623,166.16385980883024,73.90122894856623,0
per_huruf,4,3123,0.5733431246557739,166.25125170687298,73.83750568957669,166.25125170687298,73.83750568957669,0
per_huruf,4,3124,0.5735267119515329,166.34046426945835,73.76604460628127,166.34046426945835,73.76604460628127,0
per_huruf,4,3125,0.5737102992472921,166.43013199817935,73.68821119708693,166.43013199817935,73.68821119708693,0
per_huruf,4,3126,0.5738938865430512,166.51888939462907,73.60537096040053,166.51888939462907,73.60537096040053,0
per_huruf,4,3127,0.5740774738388104,166.60537096040053,73.51888939462903,166.60537096040053,73.51888939462903,0
per_huruf,4,3128,0.5742610611345695,166.68821119708696,73.43013199817933,166.68821119708696,73.43013199817933,0
per_huruf,4,3129,0.5744446484303286,166.7660446062813,73.34046426945835,166.7660446062813,73.34046426945835,0
per_huruf,4,3130,0.5746282357260878,166.8375056895767,73.251251706873,166.8375056895767,73.251251706873,0
per_huruf,4,3131,0.5748118230218469,166.90122894856623,73.16385980883022,166.90122894856623,73.16385980883022,0
per_huruf,4,3132,0.574995410317606,166.95584888484296,73.07965407373692,166.95584888484296,73.07965407373692,0
per_huruf,4,3133,0.5751789976133651,167.0,73.0,167.0,73.0,0
per_huruf,4,3134,0.5753625849091243,167.03277196176606,72.92307692307693,167.03277196176606,72.92307692307693,0
per_huruf,4,3135,0.5755461722048835,167.0550751024124,72.84615384615385,167.0550751024124,72.84615384615385,0
per_huruf,4,3136,0.5757297595006425,167.06827492034589,72.76923076923076,167.06827492034589,72.76923076923076,0
per_huruf,4,3137,0.5759133467964017,167.0737369139736,72.6923076923077,167.0737369139736,72.6923076923077,0
per_huruf,4,3138,0.5760969340921608,167.07282658170234,72.61538461538461,167.07282658170234,72.61538461538461,0
per_huruf,4,3139,0.57628052138792,167.06690942193902,72.53846153846153,167.06690942193902,72.53846153846153,0
per_huruf,4,3140,0.5764641086836791,167.05735093309056,72.46153846153845,167.05735093309056,72.46153846153845,0
per_huruf,4,3141,0.5766476959794382,167.04551661356396,72.38461538461539,167.04551661356396,72.38461538461539,0
per_huruf,4,3142,0.5768312832751974,167.03277196176603,72.3076923076923,167.03277196176603,72.3076923076923,0
per_huruf,4,3143,0.5770148705709565,167.02048247610378,72.23076923076923,167.02048247610378,72.23076923076923,0
per_huruf,4,3144,0.5771984578667156,167.01001365498408,72.15384615384616,167.01001365498408,72.15384615384616,0
per_huruf,4,3145,0.5773820451624747,167.00273099681385,72.07692307692307,167.00273099681385,72.07692307692307,0
per_huruf,4,3146,0.5775656324582339,167.0,72.0,167.0,72.0,0
per_huruf,4,3147,0.5777492197539931,166.99726900318618,71.92307692307695,166.99726900318618,71.92307692307695,0
per_huruf,4,3148,0.5779328070497521,166.98998634501595,71.84615384615385,166.98998634501595,71.84615384615385,0
per_huruf,4,3149,0.5781163943455113,166.9795175238962,71.76923076923076,166.9795175238962,71.76923076923076,0
per_huruf,4,3150,0.5782999816412704,166.96722803823394,71.6923076923077,166.96722803823394,71.6923076923077,0
per_huruf,4,3151,0.5784835689370296,166.95448338643607,71.61538461538461,166.95448338643607,71.61538461538461,0
per_huruf,4,3152,0.5786671562327886,166.94264906690944,71.53846153846155,166.94264906690944,71.53846153846155,0
per_huruf,4,3153,0.5788507435285478,166.933090578061,71.46153846153847,166.933090578061,71.46153846153847,0
per_huruf,4,3154,0.579034330824307,166.92717341829768,71.38461538461539,166.92717341829768,71.38461538461539,0
per_huruf,4,3155,0.5792179181200661,166.92626308602638,71.3076923076923,166.92626308602638,71.3076923076923,0
per_huruf,4,3156,0.5794015054158252,166.93172507965406,71.23076923076923,166.93172507965406,71.23076923076923,0
per_huruf,4,3157,0.5795850927115843,166.9449248975876,71.15384615384616,166.9449248975876,71.15384615384616,0
per_huruf,4,3158,0.5797686800073435,166.96722803823397,71.07692307692308,166.96722803823397,71.07692307692308,0
per_huruf,4,3159,0.5799522673031027,167.0,71.0,167.0,71.0,0
per_huruf,4,3160,0.5801358545988617,167.04415111515706,70.92307692307693,167.04415111515706,70.92307692307693,0
per_huruf,4,3161,0.5803194418946209,167.09877105143374,70.84615384615385,167.09877105143374,70.84615384615385,0
per_huruf,4,3162,0.58050302919038,167.16249431042326,70.76923076923076,167.16249431042326,70.76923076923076,0
per_huruf,4,3163,0.5806866164861392,167.2339553937187,70.69230769230768,167.2339553937187,70.69230769230768,0
per_huruf,4,3164,0.5808702037818982,167.31178880291307,70.61538461538463,167.31178880291307,70.61538461538463,0
per_huruf,4,3165,0.5810537910776574,167.39462903959947,70.53846153846155,167.39462903959947,70.53846153846155,0
per_huruf,4,3166,0.5812373783734166,167.48111060537096,70.46153846153845,167.48111060537096,70.46153846153845,0
per_huruf,4,3167,0.5814209656691757,167.56986800182065,70.38461538461539,167.56986800182065,70.38461538461539,0
per_huruf,4,3168,0.5816045529649349,167.65953573054162,70.3076923076923,167.65953573054162,70.3076923076923,0
per_huruf,4,3169,0.5817881402606939,167.74874829312697,70.23076923076923,167.74874829312697,70.23076923076923,0
per_huruf,4,3170,0.5819717275564531,167.83614019116976,70.15384615384616,167.83614019116976,70.15384615384616,0
per_huruf,4,3171,0.5821553148522123,167.92034592626308,70.07692307692308,167.92034592626308,70.07692307692308,0
per_huruf,4,3172,0.5823389021479713,168.0,70.0,168.0,70.0,0
per_huruf,4,3173,0.5825224894437305,168.07965407373692,69.92307692307695,168.07965407373692,69.92307692307695,0
per_huruf,4,3174,0.5827060767394896,168.1638598088302,69.84615384615384,168.1638598088302,69.84615384615384,0
per_huruf,4,3175,0.5828896640352488,168.25125170687298,69.76923076923076,168.25125170687298,69.76923076923076,0
per_huruf,4,3176,0.5830732513310078,168.34046426945835,69.69230769230768,168.34046426945835,69.69230769230768,0
per_huruf,4,3177,0.583256838626767,168.43013199817935,69.61538461538461,168.43013199817935,69.61538461538461,0
per_huruf,4,3178,0.5834404259225262,168.51888939462904,69.53846153846155,168.51888939462904,69.53846153846155,0
per_huruf,4,3179,0.5836240132182853,168.60537096040053,69.46153846153847,168.60537096040053,69.46153846153847,0
per_huruf,4,3180,0.5838076005140445,168.68821119708696,69.38461538461539,168.68821119708696,69.38461538461539,0
per_huruf,4,3181,0.5839911878098035,168.7660446062813,69.3076923076923,168.7660446062813,69.3076923076923,0
per_huruf,4,3182,0.5841747751055627,168.8375056895767,69.23076923076923,168.8375056895767,69.23076923076923,0
per_huruf,4,3183,0.5843583624013218,168.90122894856626,69.15384615384616,168.90122894856626,69.15384615384616,0
per_huruf,4,3184,0.584541949697081,168.95584888484296,69.07692307692308,168.95584888484296,69.07692307692308,0
per_huruf,4,3185,0.5847255369928401,169.0,69.0,169.0,69.0,0
per_huruf,4,3186,0.5849091242885992,169.03277196176606,68.92307692307692,169.03277196176606,68.92307692307692,0
per_huruf,4,3187,0.5850927115843584,169.0550751024124,68.84615384615385,169.0550751024124,68.84615384615385,0
per_huruf,4,3188,0.5852762988801175,169.06827492034589,68.76923076923076,169.06827492034589,68.76923076923076,0
per_huruf,4,3189,0.5854598861758766,169.0737369139736,68.6923076923077,169.0737369139736,68.6923076923077,0
per_huruf,4,3190,0.5856434734716358,169.07282658170234,68.61538461538463,169.07282658170234,68.61538461538463,0
per_huruf,4,3191,0.5858270607673949,169.06690942193902,68.53846153846155,169.06690942193902,68.53846153846155,0
per_huruf,4,3192,0.5860106480631541,169.05735093309056,68.46153846153847,169.05735093309056,68.46153846153847,0
per_huruf,4,3193,0.5861942353589131,169.04551661356396,68.38461538461539,169.04551661356396,68.38461538461539,0
per_huruf,4,3194,0.5863778226546723,169.03277196176603,68.30769230769229,169.03277196176603,68.30769230769229,0
per_huruf,4,3195,0.5865614099504314,169.02048247610375,68.23076923076923,169.02048247610375,68.23076923076923,0
per_huruf,4,3196,0.5867449972461906,169.01001365498408,68.15384615384616,169.01001365498408,68.15384615384616,0
per_huruf,4,3197,0.5869285845419497,169.00273099681382,68.07692307692308,169.00273099681382,68.07692307692308,0
per_huruf,4,3198,0.5871121718377088,169.0,68.0,169.0,68.0,0
per_huruf,4,3199,0.587295759133468,169.00000000000003,67.92307692307693,169.00000000000003,67.92307692307693,0
per_huruf,4,3200,0.5874793464292271,169.0,67.84615384615385,169.0,67.84615384615385,0
per_huruf,4,3201,0.5876629337249862,168.99999999999997,67.76923076923076,168.99999999999997,67.76923076923076,0
per_huruf,4,3202,0.5878465210207454,169.0,67.69230769230768,169.0,67.69230769230768,0
per_huruf,4,3203,0.5880301083165045,169.00000000000003,67.61538461538463,169.00000000000003,67.61538461538463,0
per_huruf,4,3204,0.5882136956122637,169.0,67.53846153846155,169.0,67.53846153846155,0
per_huruf,4,3205,0.5883972829080227,168.99999999999997,67.46153846153845,168.99999999999997,67.46153846153845,0
per_huruf,4,3206,0.5885808702037819,169.0,67.38461538461539,169.0,67.38461538461539,0
per_huruf,4,3207,0.588764457499541,169.0,67.3076923076923,169.0,67.3076923076923,0
per_huruf,4,3208,0.5889480447953002,169.0,67.23076923076923,169.0,67.23076923076923,0
per_huruf,4,3209,0.5891316320910593,169.0,67.15384615384616,169.0,67.15384615384616,0
per_huruf,4,3210,0.5893152193868184,169.0,67.07692307692308,169.0,67.07692307692308,0
per_huruf,4,3211,0.5894988066825776,169.0,67.0,169.0,67.0,0
per_huruf,4,3212,0.5896823939783367,168.99726900318618,66.92307692307693,168.99726900318618,66.92307692307693,0
per_huruf,4,3213,0.5898659812740958,168.98998634501592,66.84615384615385,168.98998634501592,66.84615384615385,0
per_huruf,4,3214,0.590049568569855,168.9795175238962,66.76923076923076,168.9795175238962,66.76923076923076,0
per_huruf,4,3215,0.5902331558656141,168.96722803823397,66.69230769230768,168.96722803823397,66.69230769230768,0
per_huruf,4,3216,0.5904167431613733,168.95448338643607,66.61538461538463,168.95448338643607,66.61538461538463,0
per_huruf,4,3217,0.5906003304571323,168.94264906690944,66.53846153846155,168.94264906690944,66.53846153846155,0
per_huruf,4,3218,0.5907839177528915,168.93309057806098,66.46153846153847,168.93309057806098,66.46153846153847,0
per_huruf,4,3219,0.5909675050486506,168.92717341829768,66.38461538461539,168.92717341829768,66.38461538461539,0
per_huruf,4,3220,0.5911510923444098,168.92626308602638,66.3076923076923,168.92626308602638,66.3076923076923,0
per_huruf,4,3221,0.591334679640169,168.9317250796541,66.23076923076923,168.9317250796541,66.23076923076923,0
per_huruf,4,3222,0.591518266935928,168.9449248975876,66.15384615384616,168.9449248975876,66.15384615384616,0
per_huruf,4,3223,0.5917018542316872,168.96722803823394,66.07692307692308,168.96722803823394,66.07692307692308,0
per_huruf,4,3224,0.5918854415274463,169.0,66.0,169.0,66.0,0
per_huruf,4,3225,0.5920690288232054,169.0468821119709,65.92307692307693,169.0468821119709,65.92307692307693,0
per_huruf,4,3226,0.5922526161189645,169.10878470641785,65.84615384615385,169.10878470641785,65.84615384615385,0
per_huruf,4,3227,0.5924362034147237,169.18297678652706,65.76923076923077,169.18297678652706,65.76923076923077,0
per_huruf,4,3228,0.5926197907104829,169.26672735548476,65.6923076923077,169.26672735548476,65.6923076923077,0
per_huruf,4,3229,0.5928033780062419,169.35730541647703,65.61538461538461,169.35730541647703,65.61538461538461,0
per_huruf,4,3230,0.5929869653020011,169.45197997269008,65.53846153846153,169.45197997269008,65.53846153846153,0
per_huruf,4,3231,0.5931705525977602,169.54802002730997,65.46153846153847,169.54802002730997,65.46153846153847,0
per_huruf,4,3232,0.5933541398935194,169.642694583523,65.38461538461539,169.642694583523,65.38461538461539,0
per_huruf,4,3233,0.5935377271892786,169.73327264451524,65.3076923076923,169.73327264451524,65.3076923076923,0
per_huruf,4,3234,0.5937213144850376,169.8170232134729,65.23076923076923,169.8170232134729,65.23076923076923,0
per_huruf,4,3235,0.5939049017807968,169.89121529358218,65.15384615384616,169.89121529358218,65.15384615384616,0
per_huruf,4,3236,0.5940884890765559,169.9531178880291,65.07692307692307,169.9531178880291,65.07692307692307,0
per_huruf,4,3237,0.594272076372315,170.0,65.0,170.0,65.0,0
per_huruf,4,3238,0.5944556636680741,170.0355029585799,64.92307692307693,170.0355029585799,64.92307692307693,0
per_huruf,4,3239,0.5946392509638333,170.0650887573965,64.84615384615385,170.0650887573965,64.84615384615385,0
per_huruf,4,3240,0.5948228382595925,170.08875739644967,64.76923076923076,170.08875739644967,64.76923076923076,0
per_huruf,4,3241,0.5950064255553515,170.10650887573962,64.6923076923077,170.10650887573962,64.6923076923077,0
per_huruf,4,3242,0.5951900128511107,170.11834319526628,64.61538461538463,170.11834319526628,64.61538461538463,0
per_huruf,4,3243,0.5953736001468698,170.1242603550296,64.53846153846155,170.1242603550296,64.53846153846155,0
per_huruf,4,3244,0.595557187442629,170.12426035502958,64.46153846153847,170.12426035502958,64.46153846153847,0
per_huruf,4,3245,0.5957407747383882,170.11834319526628,64.38461538461539,170.11834319526628,64.38461538461539,0
per_huruf,4,3246,0.5959243620341472,170.10650887573962,64.3076923076923,170.10650887573962,64.3076923076923,0
per_huruf,4,3247,0.5961079493299064,170.0887573964497,64.23076923076923,170.0887573964497,64.23076923076923,0
per_huruf,4,3248,0.5962915366256655,170.06508875739644,64.15384615384616,170.06508875739644,64.15384615384616,0
per_huruf,4,3249,0.5964751239214247,170.03550295857988,64.07692307692307,170.03550295857988,64.07692307692307,0
per_huruf,4,3250,0.5966587112171837,170.0,64.0,170.0,64.0,0
per_huruf,4,3251,0.5968422985129429,169.95311788802914,63.92307692307693,169.95311788802914,63.92307692307693,0
per_huruf,4,3252,0.5970258858087021,169.89121529358215,63.846153846153854,169.89121529358215,63.846153846153854,0
per_huruf,4,3253,0.5972094731044612,169.81702321347288,63.76923076923076,169.81702321347288,63.76923076923076,0
per_huruf,4,3254,0.5973930604002203,169.73327264451527,63.69230769230769,169.73327264451527,63.69230769230769,0
per_huruf,4,3255,0.5975766476959794,169.64269458352302,63.61538461538463,169.64269458352302,63.61538461538463,0
per_huruf,4,3256,0.5977602349917386,169.54802002730997,63.53846153846155,169.54802002730997,63.53846153846155,0
per_huruf,4,3257,0.5979438222874977,169.45197997269003,63.46153846153847,169.45197997269003,63.46153846153847,0
per_huruf,4,3258,0.5981274095832568,169.35730541647703,63.38461538461539,169.35730541647703,63.38461538461539,0
per_huruf,4,3259,0.598310996879016,169.26672735548473,63.30769230769231,169.26672735548473,63.30769230769231,0
per_huruf,4,3260,0.5984945841747751,169.18297678652706,63.230769230769226,169.18297678652706,63.230769230769226,0
per_huruf,4,3261,0.5986781714705343,169.10878470641785,63.15384615384615,169.10878470641785,63.15384615384615,0
per_huruf,4,3262,0.5988617587662933,169.04688211197086,63.07692307692307,169.04688211197086,63.07692307692307,0
per_huruf,4,3263,0.5990453460620525,169.0,63.0,169.0,63.0,0
per_huruf,4,3264,0.5992289333578117,168.9699590350478,62.92307692307693,168.9699590350478,62.92307692307693,0
per_huruf,4,3265,0.5994125206535708,168.9549385525717,62.84615384615384,168.9549385525717,62.84615384615384,0
per_huruf,4,3266,0.5995961079493299,168.95220755575784,62.76923076923077,168.95220755575784,62.76923076923077,0
per_huruf,4,3267,0.599779695245089,168.95903504779247,62.69230769230768,168.95903504779247,62.69230769230768,0
per_huruf,4,3268,0.5999632825408482,168.97269003186165,62.61538461538463,168.97269003186165,62.61538461538463,0
per_huruf,4,3269,0.6001468698366073,168.99044151115157,62.53846153846154,168.99044151115157,62.53846153846154,0
per_huruf,4,3270,0.6003304571323664,169.0095584888484,62.46153846153847,169.0095584888484,62.46153846153847,0
per_huruf,4,3271,0.6005140444281256,169.02730996813838,62.38461538461539,169.02730996813838,62.38461538461539,0
per_huruf,4,3272,0.6006976317238847,169.04096495220756,62.30769230769231,169.04096495220756,62.30769230769231,0
per_huruf,4,3273,0.6008812190196439,169.04779244424213,62.230769230769226,169.04779244424213,62.230769230769226,0
per_huruf,4,3274,0.6010648063154029,169.04506144742834,62.15384615384615,169.04506144742834,62.15384615384615,0
per_huruf,4,3275,0.6012483936111621,169.0300409649522,62.07692307692307,169.0300409649522,62.07692307692307,0
per_huruf,4,3276,0.6014319809069213,169.0,62.0,169.0,62.0,0
per_huruf,4,3277,0.6016155682026804,168.955848884843,61.9203459262631,168.955848884843,61.9203459262631,0
per_huruf,4,3278,0.6017991554984395,168.90122894856623,61.83614019116978,168.90122894856623,61.83614019116978,0
per_huruf,4,3279,0.6019827427941986,168.8375056895767,61.74874829312698,168.8375056895767,61.74874829312698,0
per_huruf,4,3280,0.6021663300899578,168.7660446062813,61.65953573054164,168.7660446062813,61.65953573054164,0
per_huruf,4,3281,0.6023499173857169,168.68821119708696,61.56986800182066,168.68821119708696,61.56986800182066,0
per_huruf,4,3282,0.602533504681476,168.60537096040056,61.48111060537096,168.60537096040056,61.48111060537096,0
per_huruf,4,3283,0.6027170919772352,168.51888939462907,61.39462903959945,168.51888939462907,61.39462903959945,0
per_huruf,4,3284,0.6029006792729943,168.43013199817935,61.311788802913064,168.43013199817935,61.311788802913064,0
per_huruf,4,3285,0.6030842665687535,168.34046426945835,61.2339553937187,168.34046426945835,61.2339553937187,0
per_huruf,4,3286,0.6032678538645125,168.251251706873,61.16249431042329,168.251251706873,61.16249431042329,0
per_huruf,4,3287,0.6034514411602717,168.16385980883024,61.09877105143377,168.16385980883024,61.09877105143377,0
per_huruf,4,3288,0.6036350284560309,168.0796540737369,61.04415111515703,168.0796540737369,61.04415111515703,0
per_huruf,4,3289,0.60381861575179,168.0,61.0,168.0,61.0,0
per_huruf,4,3290,0.6040022030475491,167.92307692307693,60.96722803823397,167.92307692307693,60.96722803823397,0
per_huruf,4,3291,0.6041857903433082,167.84615384615387,60.944924897587626,167.84615384615387,60.944924897587626,0
per_huruf,4,3292,0.6043693776390674,167.76923076923075,60.931725079654065,167.76923076923075,60.931725079654065,0
per_huruf,4,3293,0.6045529649348265,167.69230769230768,60.926263086026395,167.69230769230768,60.926263086026395,0
per_huruf,4,3294,0.6047365522305856,167.6153846153846,60.927173418297684,167.6153846153846,60.927173418297684,0
per_huruf,4,3295,0.6049201395263448,167.53846153846155,60.933090578061,167.53846153846155,60.933090578061,0
per_huruf,4,3296,0.6051037268221039,167.46153846153845,60.942649066909425,167.46153846153845,60.942649066909425,0
per_huruf,4,3297,0.6052873141178631,167.3846153846154,60.954483386436046,167.3846153846154,60.954483386436046,0
per_huruf,4,3298,0.6054709014136221,167.30769230769232,60.96722803823395,167.30769230769232,60.96722803823395,0
per_huruf,4,3299,0.6056544887093813,167.23076923076923,60.97951752389621,167.23076923076923,60.97951752389621,0
per_huruf,4,3300,0.6058380760051404,167.15384615384616,60.989986345015936,167.15384615384616,60.989986345015936,0
per_huruf,4,3301,0.6060216633008996,167.0769230769231,60.99726900318616,167.0769230769231,60.99726900318616,0
per_huruf,4,3302,0.6062052505966588,167.0,61.0,167.0,61.0,0
per_huruf,4,3303,0.6063888378924178,166.923076923077,60.997269003186176,166.923076923077,60.997269003186176,0
per_huruf,4,3304,0.606572425188177,166.84615384615384,60.989986345015936,166.84615384615384,60.989986345015936,0
per_huruf,4,3305,0.6067560124839361,166.76923076923075,60.97951752389621,166.76923076923075,60.97951752389621,0
per_huruf,4,3306,0.6069395997796952,166.69230769230768,60.96722803823395,166.69230769230768,60.96722803823395,0
per_huruf,4,3307,0.6071231870754544,166.61538461538464,60.954483386436046,166.61538461538464,60.954483386436046,0
per_huruf,4,3308,0.6073067743712135,166.53846153846155,60.942649066909425,166.53846153846155,60.942649066909425,0
per_huruf,4,3309,0.6074903616669727,166.46153846153845,60.933090578061,166.46153846153845,60.933090578061,0
per_huruf,4,3310,0.6076739489627317,166.38461538461542,60.92717341829768,166.38461538461542,60.92717341829768,0
per_huruf,4,3311,0.6078575362584909,166.30769230769232,60.926263086026395,166.30769230769232,60.926263086026395,0
per_huruf,4,3312,0.60804112355425,166.23076923076923,60.931725079654065,166.23076923076923,60.931725079654065,0
per_huruf,4,3313,0.6082247108500092,166.15384615384616,60.94492489758762,166.15384615384616,60.94492489758762,0
per_huruf,4,3314,0.6084082981457684,166.07692307692307,60.967228038233955,166.07692307692307,60.967228038233955,0
per_huruf,4,3315,0.6085918854415274,166.0,61.0,166.0,61.0,0
per_huruf,4,3316,0.6087754727372866,165.92307692307693,61.04688211197088,165.92307692307693,61.04688211197088,0
per_huruf,4,3317,0.6089590600330457,165.84615384615387,61.108784706417836,165.84615384615387,61.108784706417836,0
per_huruf,4,3318,0.6091426473288049,165.76923076923072,61.18297678652707,165.76923076923072,61.18297678652707,0
per_huruf,4,3319,0.609326234624564,165.6923076923077,61.26672735548475,165.6923076923077,61.26672735548475,0
per_huruf,4,3320,0.6095098219203231,165.6153846153846,61.35730541647702,165.6153846153846,61.35730541647702,0
per_huruf,4,3321,0.6096934092160823,165.53846153846155,61.45197997269004,165.53846153846155,61.45197997269004,0
per_huruf,4,3322,0.6098769965118414,165.46153846153848,61.54802002730997,165.46153846153848,61.54802002730997,0
per_huruf,4,3323,0.6100605838076005,165.3846153846154,61.64269458352299,165.3846153846154,61.64269458352299,0
per_huruf,4,3324,0.6102441711033596,165.30769230769232,61.73327264451525,165.30769230769232,61.73327264451525,0
per_huruf,4,3325,0.6104277583991188,165.23076923076923,61.81702321347291,165.23076923076923,61.81702321347291,0
per_huruf,4,3326,0.610611345694878,165.15384615384616,61.891215293582164,165.15384615384616,61.891215293582164,0
per_huruf,4,3327,0.610794932990637,165.07692307692307,61.95311788802913,165.07692307692307,61.95311788802913,0
per_huruf,4,3328,0.6109785202863962,165.0,62.0,165.0,62.0,0
per_huruf,4,3329,0.6111621075821553,164.92307692307696,62.03277196176606,164.92307692307696,62.03277196176606,0
per_huruf,4,3330,0.6113456948779145,164.84615384615387,62.05507510241238,164.84615384615387,62.05507510241238,0
per_huruf,4,3331,0.6115292821736735,164.76923076923077,62.068274920345914,164.76923076923077,62.068274920345914,0
per_huruf,4,3332,0.6117128694694327,164.69230769230768,62.07373691397359,164.69230769230768,62.07373691397359,0
per_huruf,4,3333,0.6118964567651919,164.61538461538464,62.07282658170233,164.61538461538464,62.07282658170233,0
per_huruf,4,3334,0.612080044060951,164.53846153846155,62.06690942193901,164.53846153846155,62.06690942193901,0
per_huruf,4,3335,0.6122636313567101,164.46153846153848,62.057350933090575,164.46153846153848,62.057350933090575,0
per_huruf,4,3336,0.6124472186524692,164.38461538461542,62.045516613563954,164.38461538461542,62.045516613563954,0
per_huruf,4,3337,0.6126308059482284,164.3076923076923,62.032771961766045,164.3076923076923,62.032771961766045,0
per_huruf,4,3338,0.6128143932439876,164.23076923076923,62.02048247610377,164.23076923076923,62.02048247610377,0
per_huruf,4,3339,0.6129979805397466,164.15384615384616,62.010013654984064,164.15384615384616,62.010013654984064,0
per_huruf,4,3340,0.6131815678355058,164.07692307692307,62.00273099681384,164.07692307692307,62.00273099681384,0
per_huruf,4,3341,0.6133651551312649,164.0,62.0,164.0,62.0,0
per_huruf,4,3342,0.6135487424270241,163.9203459262631,61.997269003186176,163.9203459262631,61.997269003186176,0
per_huruf,4,3343,0.6137323297227831,163.83614019116976,61.98998634501593,163.83614019116976,61.98998634501593,0
per_huruf,4,3344,0.6139159170185423,163.74874829312697,61.97951752389621,163.74874829312697,61.97951752389621,0
per_huruf,4,3345,0.6140995043143015,163.65953573054162,61.96722803823395,163.65953573054162,61.96722803823395,0
per_huruf,4,3346,0.6142830916100606,163.56986800182068,61.95448338643605,163.56986800182068,61.95448338643605,0
per_huruf,4,3347,0.6144666789058197,163.48111060537096,61.942649066909425,163.48111060537096,61.942649066909425,0
per_huruf,4,3348,0.6146502662015788,163.39462903959947,61.933090578061,163.39462903959947,61.933090578061,0
per_huruf,4,3349,0.614833853497338,163.31178880291307,61.927173418297684,163.31178880291307,61.927173418297684,0
per_huruf,4,3350,0.6150174407930972,163.2339553937187,61.926263086026395,163.2339553937187,61.926263086026395,0
per_huruf,4,3351,0.6152010280888562,163.1624943104233,61.93172507965407,163.1624943104233,61.93172507965407,0
per_huruf,4,3352,0.6153846153846154,163.09877105143377,61.944924897587626,163.09877105143377,61.944924897587626,0
per_huruf,4,3353,0.6155682026803745,163.04415111515704,61.967228038233955,163.04415111515704,61.967228038233955,0
per_huruf,4,3354,0.6157517899761337,163.0,62.0,163.0,62.0,0
per_huruf,4,3355,0.6159353772718927,162.96995903504782,62.04688211197088,162.96995903504782,62.04688211197088,0
per_huruf,4,3356,0.6161189645676519,162.9549385525717,62.10878470641784,162.9549385525717,62.10878470641784,0
per_huruf,4,3357,0.6163025518634111,162.9522075557578,62.18297678652707,162.9522075557578,62.18297678652707,0
per_huruf,4,3358,0.6164861391591702,162.9590350477924,62.26672735548475,162.9590350477924,62.26672735548475,0
per_huruf,4,3359,0.6166697264549293,162.97269003186165,62.35730541647702,162.97269003186165,62.35730541647702,0
per_huruf,4,3360,0.6168533137506884,162.99044151115157,62.45197997269003,162.99044151115157,62.45197997269003,0
per_huruf,4,3361,0.6170369010464476,163.00955848884843,62.54802002730997,163.00955848884843,62.54802002730997,0
per_huruf,4,3362,0.6172204883422068,163.02730996813838,62.64269458352299,163.02730996813838,62.64269458352299,0
per_huruf,4,3363,0.6174040756379658,163.04096495220756,62.73327264451525,163.04096495220756,62.73327264451525,0
per_huruf,4,3364,0.617587662933725,163.04779244424213,62.817023213472915,163.04779244424213,62.817023213472915,0
per_huruf,4,3365,0.6177712502294841,163.0450614474283,62.891215293582164,163.0450614474283,62.891215293582164,0
per_huruf,4,3366,0.6179548375252433,163.0300409649522,62.95311788802913,163.0300409649522,62.95311788802913,0
per_huruf,4,3367,0.6181384248210023,163.0,63.0,163.0,63.0,0
per_huruf,4,3368,0.6183220121167615,162.95311788802914,63.030040964952214,162.95311788802914,63.030040964952214,0
per_huruf,4,3369,0.6185055994125207,162.89121529358218,63.04506144742832,162.89121529358218,63.04506144742832,0
per_huruf,4,3370,0.6186891867082798,162.81702321347288,63.04779244424214,162.81702321347288,63.04779244424214,0
per_huruf,4,3371,0.618872774004039,162.7332726445152,63.04096495220755,162.7332726445152,63.04096495220755,0
per_huruf,4,3372,0.619056361299798,162.64269458352302,63.02730996813838,162.64269458352302,63.02730996813838,0
per_huruf,4,3373,0.6192399485955572,162.54802002730997,63.009558488848434,162.54802002730997,63.009558488848434,0
per_huruf,4,3374,0.6194235358913163,162.45197997269003,62.99044151115158,162.45197997269003,62.99044151115158,0
per_huruf,4,3375,0.6196071231870754,162.357305416477,62.97269003186163,162.357305416477,62.97269003186163,0
per_huruf,4,3376,0.6197907104828346,162.26672735548476,62.95903504779244,162.26672735548476,62.95903504779244,0
per_huruf,4,3377,0.6199742977785937,162.18297678652704,62.952207555757845,162.18297678652704,62.952207555757845,0
per_huruf,4,3378,0.6201578850743529,162.10878470641785,62.95493855257169,162.10878470641785,62.95493855257169,0
per_huruf,4,3379,0.620341472370112,162.04688211197086,62.96995903504779,162.04688211197086,62.96995903504779,0
per_huruf,4,3380,0.6205250596658711,162.0,63.0,162.0,63.0,0
per_huruf,4,3381,0.6207086469616303,161.96995903504782,63.04415111515704,161.96995903504782,63.04415111515704,0
per_huruf,4,3382,0.6208922342573894,161.9549385525717,63.09877105143378,161.9549385525717,63.09877105143378,0
per_huruf,4,3383,0.6210758215531486,161.95220755575784,63.16249431042329,161.95220755575784,63.16249431042329,0
per_huruf,4,3384,0.6212594088489076,161.9590350477924,63.233955393718695,161.9590350477924,63.233955393718695,0
per_huruf,4,3385,0.6214429961446668,161.97269003186167,63.31178880291307,161.97269003186167,63.31178880291307,0
per_huruf,4,3386,0.6216265834404259,161.99044151115157,63.39462903959946,161.99044151115157,63.39462903959946,0
per_huruf,4,3387,0.621810170736185,162.00955848884843,63.48111060537096,162.00955848884843,63.48111060537096,0
per_huruf,4,3388,0.6219937580319442,162.02730996813838,63.569868001820666,162.02730996813838,63.569868001820666,0
per_huruf,4,3389,0.6221773453277033,162.04096495220756,63.65953573054165,162.04096495220756,63.65953573054165,0
per_huruf,4,3390,0.6223609326234625,162.04779244424213,63.74874829312699,162.04779244424213,63.74874829312699,0
per_huruf,4,3391,0.6225445199192216,162.0450614474283,63.836140191169775,162.0450614474283,63.836140191169775,0
per_huruf,4,3392,0.6227281072149807,162.0300409649522,63.92034592626308,162.0300409649522,63.92034592626308,0
per_huruf,4,3393,0.6229116945107399,162.0,64.0,162.0,64.0,0
per_huruf,4,3394,0.623095281806499,161.95311788802917,64.07692307692308,161.95311788802917,64.07692307692308,0
per_huruf,4,3395,0.6232788691022582,161.89121529358215,64.15384615384616,161.89121529358215,64.15384615384616,0
per_huruf,4,3396,0.6234624563980172,161.8170232134729,64.23076923076923,161.8170232134729,64.23076923076923,0
per_huruf,4,3397,0.6236460436937764,161.73327264451524,64.30769230769229,161.73327264451524,64.30769230769229,0
per_huruf,4,3398,0.6238296309895355,161.64269458352302,64.38461538461539,161.64269458352302,64.38461538461539,0
per_huruf,4,3399,0.6240132182852947,161.54802002730997,64.46153846153847,161.54802002730997,64.46153846153847,0
per_huruf,4,3400,0.6241968055810538,161.45197997269003,64.53846153846153,161.45197997269003,64.53846153846153,0
per_huruf,4,3401,0.6243803928768129,161.35730541647703,64.61538461538463,161.35730541647703,64.61538461538463,0
per_huruf,4,3402,0.6245639801725721,161.26672735548473,64.6923076923077,161.26672735548473,64.6923076923077,0
per_huruf,4,3403,0.6247475674683312,161.18297678652706,64.76923076923077,161.18297678652706,64.76923076923077,0
per_huruf,4,3404,0.6249311547640903,161.10878470641785,64.84615384615385,161.10878470641785,64.84615384615385,0
per_huruf,4,3405,0.6251147420598494,161.04688211197086,64.92307692307692,161.04688211197086,64.92307692307692,0
per_huruf,4,3406,0.6252983293556086,161.0,65.0,161.0,65.0,0
per_huruf,4,3407,0.6254819166513678,160.96722803823397,65.07692307692308,160.96722803823397,65.07692307692308,0
per_huruf,4,3408,0.6256655039471268,160.9449248975876,65.15384615384616,160.9449248975876,65.15384615384616,0
per_huruf,4,3409,0.625849091242886,160.93172507965406,65.23076923076923,160.93172507965406,65.23076923076923,0
per_huruf,4,3410,0.6260326785386451,160.9262630860264,65.3076923076923,160.9262630860264,65.3076923076923,0
per_huruf,4,3411,0.6262162658344043,160.9271734182977,65.38461538461539,160.9271734182977,65.38461538461539,0
per_huruf,4,3412,0.6263998531301634,160.93309057806098,65.46153846153847,160.93309057806098,65.46153846153847,0
per_huruf,4,3413,0.6265834404259225,160.94264906690944,65.53846153846153,160.94264906690944,65.53846153846153,0
per_huruf,4,3414,0.6267670277216817,160.95448338643607,65.61538461538461,160.95448338643607,65.61538461538461,0
per_huruf,4,3415,0.6269506150174408,160.96722803823394,65.6923076923077,160.96722803823394,65.6923076923077,0
per_huruf,4,3416,0.6271342023131999,160.97951752389622,65.76923076923077,160.97951752389622,65.76923076923077,0
per_huruf,4,3417,0.627317789608959,160.98998634501595,65.84615384615384,160.98998634501595,65.84615384615384,0
per_huruf,4,3418,0.6275013769047182,160.99726900318615,65.92307692307692,160.99726900318615,65.92307692307692,0
per_huruf,4,3419,0.6276849642004774,161.0,66.0,161.0,66.0,0
per_huruf,4,3420,0.6278685514962364,161.00000000000003,66.07692307692308,161.00000000000003,66.07692307692308,0
per_huruf,4,3421,0.6280521387919956,161.0,66.15384615384616,161.0,66.15384615384616,0
per_huruf,4,3422,0.6282357260877547,160.99999999999997,66.23076923076923,160.99999999999997,66.23076923076923,0
per_huruf,4,3423,0.6284193133835139,161.0,66.30769230769229,161.0,66.30769230769229,0
per_huruf,4,3424,0.628602900679273,161.00000000000003,66.3846153846154,161.00000000000003,66.3846153846154,0
per_huruf,4,3425,0.6287864879750321,161.0,66.46153846153847,161.0,66.46153846153847,0
per_huruf,4,3426,0.6289700752707913,161.0,66.53846153846155,161.0,66.53846153846155,0
per_huruf,4,3427,0.6291536625665504,161.0,66.61538461538463,161.0,66.61538461538463,0
per_huruf,4,3428,0.6293372498623095,161.0,66.6923076923077,161.0,66.6923076923077,0
per_huruf,4,3429,0.6295208371580686,160.99999999999997,66.76923076923077,160.99999999999997,66.76923076923077,0
per_huruf,4,3430,0.6297044244538278,161.0,66.84615384615385,161.0,66.84615384615385,0
per_huruf,4,3431,0.629888011749587,161.0,66.92307692307692,161.0,66.92307692307692,0
per_huruf,4,3432,0.630071599045346,161.0,67.0,161.0,67.0,0
per_huruf,4,3433,0.6302551863411052,161.00273099681385,67.07965407373692,161.00273099681385,67.07965407373692,0
per_huruf,4,3434,0.6304387736368643,161.01001365498408,67.16385980883022,161.01001365498408,67.16385980883022,0
per_huruf,4,3435,0.6306223609326235,161.02048247610375,67.251251706873,161.02048247610375,67.251251706873,0
per_huruf,4,3436,0.6308059482283827,161.03277196176603,67.34046426945835,161.03277196176603,67.34046426945835,0
per_huruf,4,3437,0.6309895355241417,161.045516613564,67.43013199817933,161.045516613564,67.43013199817933,0
per_huruf,4,3438,0.6311731228199009,161.0573509330906,67.51888939462904,161.0573509330906,67.51888939462904,0
per_huruf,4,3439,0.63135671011566,161.066909421939,67.60537096040055,161.066909421939,67.60537096040055,0
per_huruf,4,3440,0.6315402974114191,161.07282658170232,67.68821119708693,161.07282658170232,67.68821119708693,0
per_huruf,4,3441,0.6317238847071782,161.07373691397356,67.76604460628128,161.07373691397356,67.76604460628128,0
per_huruf,4,3442,0.6319074720029374,161.0682749203459,67.83750568957669,161.0682749203459,67.83750568957669,0
per_huruf,4,3443,0.6320910592986966,161.0550751024124,67.90122894856623,161.0550751024124,67.90122894856623,0
per_huruf,4,3444,0.6322746465944556,161.03277196176603,67.95584888484296,161.03277196176603,67.95584888484296,0
per_huruf,4,3445,0.6324582338902148,161.0,68.0,161.0,68.0,0
per_huruf,4,3446,0.6326418211859739,160.95311788802914,68.0300409649522,160.95311788802914,68.0300409649522,0
per_huruf,4,3447,0.6328254084817331,160.89121529358218,68.04506144742831,160.89121529358218,68.04506144742831,0
per_huruf,4,3448,0.6330089957774921,160.81702321347288,68.04779244424215,160.81702321347288,68.04779244424215,0
per_huruf,4,3449,0.6331925830732513,160.73327264451524,68.04096495220756,160.73327264451524,68.04096495220756,0
per_huruf,4,3450,0.6333761703690105,160.64269458352302,68.02730996813838,160.64269458352302,68.02730996813838,0
per_huruf,4,3451,0.6335597576647696,160.54802002730997,68.00955848884844,160.54802002730997,68.00955848884844,0
per_huruf,4,3452,0.6337433449605288,160.45197997269003,67.99044151115157,160.45197997269003,67.99044151115157,0
per_huruf,4,3453,0.6339269322562878,160.357305416477,67.97269003186163,160.357305416477,67.97269003186163,0
per_huruf,4,3454,0.634110519552047,160.26672735548476,67.95903504779244,160.26672735548476,67.95903504779244,0
per_huruf,4,3455,0.6342941068478062,160.1829767865271,67.95220755575784,160.1829767865271,67.95220755575784,0
per_huruf,4,3456,0.6344776941435653,160.10878470641785,67.95493855257169,160.10878470641785,67.95493855257169,0
per_huruf,4,3457,0.6346612814393244,160.04688211197086,67.9699590350478,160.04688211197086,67.9699590350478,0
per_huruf,4,3458,0.6348448687350835,160.0,68.0,160.0,68.0,0
per_huruf,4,3459,0.6350284560308427,159.96722803823397,68.04415111515705,159.96722803823397,68.04415111515705,0
per_huruf,4,3460,0.6352120433266017,159.94492489758764,68.09877105143377,159.94492489758764,68.09877105143377,0
per_huruf,4,3461,0.6353956306223609,159.93172507965406,68.1624943104233,159.93172507965406,68.1624943104233,0
per_huruf,4,3462,0.6355792179181201,159.9262630860264,68.2339553937187,159.9262630860264,68.2339553937187,0
per_huruf,4,3463,0.6357628052138792,159.9271734182977,68.31178880291307,159.9271734182977,68.31178880291307,0
per_huruf,4,3464,0.6359463925096384,159.933090578061,68.39462903959947,159.933090578061,68.39462903959947,0
per_huruf,4,3465,0.6361299798053974,159.94264906690944,68.48111060537096,159.94264906690944,68.48111060537096,0
per_huruf,4,3466,0.6363135671011566,159.95448338643607,68.56986800182067,159.95448338643607,68.56986800182067,0
per_huruf,4,3467,0.6364971543969158,159.96722803823394,68.65953573054165,159.96722803823394,68.65953573054165,0
per_huruf,4,3468,0.6366807416926749,159.97951752389622,68.748748293127,159.97951752389622,68.748748293127,0
per_huruf,4,3469,0.636864328988434,159.98998634501595,68.83614019116979,159.98998634501595,68.83614019116979,0
per_huruf,4,3470,0.6370479162841931,159.99726900318615,68.92034592626308,159.99726900318615,68.92034592626308,0
per_huruf,4,3471,0.6372315035799523,160.0,69.0,160.0,69.0,0
per_huruf,4,3472,0.6374150908757114,160.00000000000003,69.07692307692308,160.00000000000003,69.07692307692308,0
per_huruf,4,3473,0.6375986781714705,160.0,69.15384615384615,160.0,69.15384615384615,0
per_huruf,4,3474,0.6377822654672297,159.99999999999997,69.23076923076921,159.99999999999997,69.23076923076921,0
per_huruf,4,3475,0.6379658527629888,160.0,69.30769230769229,160.0,69.30769230769229,0
per_huruf,4,3476,0.638149440058748,160.00000000000003,69.38461538461539,160.00000000000003,69.38461538461539,0
per_huruf,4,3477,0.638333027354507,160.00000000000003,69.46153846153847,160.00000000000003,69.46153846153847,0
per_huruf,4,3478,0.6385166146502662,160.0,69.53846153846155,160.0,69.53846153846155,0
per_huruf,4,3479,0.6387002019460253,160.0,69.61538461538461,160.0,69.61538461538461,0
per_huruf,4,3480,0.6388837892417845,160.0,69.6923076923077,160.0,69.6923076923077,0
per_huruf,4,3481,0.6390673765375436,160.0,69.76923076923077,160.0,69.76923076923077,0
per_huruf,4,3482,0.6392509638333027,160.0,69.84615384615385,160.0,69.84615384615385,0
per_huruf,4,3483,0.6394345511290619,160.0,69.92307692307692,160.0,69.92307692307692,0
per_huruf,4,3484,0.639618138424821,160.0,70.0,160.0,70.0,0
per_huruf,4,3485,0.6398017257205801,160.00000000000003,70.0769230769231,160.00000000000003,70.0769230769231,0
per_huruf,4,3486,0.6399853130163393,160.0,70.15384615384615,160.0,70.15384615384615,0
per_huruf,4,3487,0.6401689003120984,159.99999999999997,70.23076923076921,159.99999999999997,70.23076923076921,0
per_huruf,4,3488,0.6403524876078576,160.0,70.3076923076923,160.0,70.3076923076923,0
per_huruf,4,3489,0.6405360749036166,160.00000000000003,70.38461538461539,160.00000000000003,70.38461538461539,0
per_huruf,4,3490,0.6407196621993758,160.00000000000003,70.46153846153848,160.00000000000003,70.46153846153848,0
per_huruf,4,3491,0.6409032494951349,160.0,70.53846153846155,160.0,70.53846153846155,0
per_huruf,4,3492,0.6410868367908941,160.0,70.61538461538461,160.0,70.61538461538461,0
per_huruf,4,3493,0.6412704240866532,160.0,70.6923076923077,160.0,70.6923076923077,0
per_huruf,4,3494,0.6414540113824123,160.0,70.76923076923077,160.0,70.76923076923077,0
per_huruf,4,3495,0.6416375986781715,160.0,70.84615384615385,160.0,70.84615384615385,0
per_huruf,4,3496,0.6418211859739306,160.0,70.92307692307692,160.0,70.92307692307692,0
per_huruf,4,3497,0.6420047732696897,160.0,71.0,160.0,71.0,0
per_huruf,4,3498,0.6421883605654489,160.00000000000003,71.07692307692308,160.00000000000003,71.07692307692308,0
per_huruf,4,3499,0.642371947861208,160.0,71.15384615384616,160.0,71.15384615384616,0
per_huruf,4,3500,0.6425555351569672,159.99999999999997,71.23076923076921,159.99999999999997,71.23076923076921,0
per_huruf,4,3501,0.6427391224527262,160.0,71.3076923076923,160.0,71.3076923076923,0
per_huruf,4,3502,0.6429227097484854,160.00000000000003,71.38461538461539,160.00000000000003,71.38461538461539,0
per_huruf,4,3503,0.6431062970442445,160.00000000000003,71.46153846153847,160.00000000000003,71.46153846153847,0
per_huruf,4,3504,0.6432898843400037,160.0,71.53846153846153,160.0,71.53846153846153,0
per_huruf,4,3505,0.6434734716357629,160.0,71.61538461538461,160.0,71.61538461538461,0
per_huruf,4,3506,0.6436570589315219,160.0,71.6923076923077,160.0,71.6923076923077,0
per_huruf,4,3507,0.6438406462272811,160.0,71.76923076923077,160.0,71.76923076923077,0
per_huruf,4,3508,0.6440242335230402,160.0,71.84615384615385,160.0,71.84615384615385,0
per_huruf,4,3509,0.6442078208187993,160.0,71.92307692307692,160.0,71.92307692307692,0
per_huruf,4,3510,0.6443914081145585,160.0,72.0,160.0,72.0,0
per_huruf,4,3511,0.6445749954103176,159.9972690031862,72.07692307692308,159.9972690031862,72.07692307692308,0
per_huruf,4,3512,0.6447585827060768,159.98998634501595,72.15384615384616,159.98998634501595,72.15384615384616,0
per_huruf,4,3513,0.6449421700018358,159.9795175238962,72.23076923076923,159.9795175238962,72.23076923076923,0
per_huruf,4,3514,0.645125757297595,159.96722803823394,72.30769230769229,159.96722803823394,72.30769230769229,0
per_huruf,4,3515,0.6453093445933541,159.95448338643607,72.38461538461539,159.95448338643607,72.38461538461539,0
per_huruf,4,3516,0.6454929318891133,159.94264906690944,72.46153846153845,159.94264906690944,72.46153846153845,0
per_huruf,4,3517,0.6456765191848725,159.933090578061,72.53846153846153,159.933090578061,72.53846153846153,0
per_huruf,4,3518,0.6458601064806315,159.92717341829768,72.61538461538461,159.92717341829768,72.61538461538461,0
per_huruf,4,3519,0.6460436937763907,159.92626308602638,72.69230769230768,159.92626308602638,72.69230769230768,0
per_huruf,4,3520,0.6462272810721498,159.9317250796541,72.76923076923077,159.9317250796541,72.76923076923077,0
per_huruf,4,3521,0.646410868367909,159.9449248975876,72.84615384615384,159.9449248975876,72.84615384615384,0
per_huruf,4,3522,0.646594455663668,159.96722803823394,72.92307692307692,159.96722803823394,72.92307692307692,0
per_huruf,4,3523,0.6467780429594272,160.0,73.0,160.0,73.0,0
per_huruf,4,3524,0.6469616302551864,160.0304961310879,73.08238507055076,160.0304961310879,73.08238507055076,0
per_huruf,4,3525,0.6471452175509455,160.04870277651344,73.17387346381427,160.04870277651344,73.17387346381427,0
per_huruf,4,3526,0.6473288048467046,160.06008192990438,73.27173418297679,160.06008192990438,73.27173418297679,0
per_huruf,4,3527,0.6475123921424637,160.0700955848885,73.37323623122438,160.0700955848885,73.37323623122438,0
per_huruf,4,3528,0.6476959794382229,160.08420573509332,73.47564861174328,160.08420573509332,73.47564861174328,0
per_huruf,4,3529,0.6478795667339821,160.10787437414658,73.57624032771962,160.10787437414658,73.57624032771962,0
per_huruf,4,3530,0.6480631540297411,160.14656349567593,73.67228038233955,160.14656349567593,73.67228038233955,0
per_huruf,4,3531,0.6482467413255003,160.20573509330907,73.76103777878926,160.20573509330907,73.76103777878926,0
per_huruf,4,3532,0.6484303286212594,160.29085116067364,73.83978152025489,160.29085116067364,73.83978152025489,0
per_huruf,4,3533,0.6486139159170186,160.40737369139737,73.90578060992262,160.40737369139737,73.90578060992262,0
per_huruf,4,3534,0.6487975032127776,160.56076467910788,73.95630405097862,160.56076467910788,73.95630405097862,0
per_huruf,4,3535,0.6489810905085368,160.75648611743287,73.98862084660901,160.75648611743287,73.98862084660901,0
per_huruf,4,3536,0.649164677804296,161.0,74.0,161.0,74.0,0
per_huruf,4,3537,0.649348265100055,161.31406463359127,73.98315885298135,161.31406463359127,73.98315885298135,0
per_huruf,4,3538,0.6495318523958142,161.70778334091946,73.93627674101046,161.70778334091946,73.93627674101046,0
per_huruf,4,3539,0.6497154396915733,162.16613563950838,73.86481565771506,162.16613563950838,73.86481565771506,0
per_huruf,4,3540,0.6498990269873325,162.6741010468821,73.7742375967228,162.6741010468821,73.7742375967228,0
per_huruf,4,3541,0.6500826142830917,163.21665908056443,73.67000455166136,163.21665908056443,73.67000455166136,0
per_huruf,4,3542,0.6502662015788507,163.7787892580792,73.5575785161584,163.7787892580792,73.5575785161584,0
per_huruf,4,3543,0.6504497888746099,164.34547109695038,73.4424214838416,164.34547109695038,73.4424214838416,0
per_huruf,4,3544,0.650633376170369,164.90168411470188,73.32999544833865,164.90168411470188,73.32999544833865,0
per_huruf,4,3545,0.6508169634661282,165.43240782885752,73.2257624032772,165.43240782885752,73.2257624032772,0
per_huruf,4,3546,0.6510005507618872,165.92262175694128,73.13518434228493,165.92262175694128,73.13518434228493,0
per_huruf,4,3547,0.6511841380576464,166.357305416477,73.06372325898953,166.357305416477,73.06372325898953,0
per_huruf,4,3548,0.6513677253534056,166.72143832498864,73.01684114701865,166.72143832498864,73.01684114701865,0
per_huruf,4,3549,0.6515513126491647,167.0,73.0,167.0,73.0,0
per_huruf,4,3550,0.6517348999449238,167.19390077378247,73.01137915339099,167.19390077378247,73.01137915339099,0
per_huruf,4,3551,0.6519184872406829,167.32043695949022,73.0436959490214,167.32043695949022,73.0436959490214,0
per_huruf,4,3552,0.6521020745364421,167.38916704597176,73.09421939007737,167.38916704597176,73.09421939007737,0
per_huruf,4,3553,0.6522856618322012,167.40964952207554,73.1602184797451,167.40964952207554,73.1602184797451,0
per_huruf,4,3554,0.6524692491279603,167.39144287665,73.23896222121076,167.39144287665,73.23896222121076,0
per_huruf,4,3555,0.6526528364237195,167.34410559854348,73.32771961766045,167.34410559854348,73.32771961766045,0
per_huruf,4,3556,0.6528364237194786,167.27719617660446,73.4237596722804,167.27719617660446,73.4237596722804,0
per_huruf,4,3557,0.6530200110152378,167.2002730996814,73.52435138825672,167.2002730996814,73.52435138825672,0
per_huruf,4,3558,0.6532035983109968,167.12289485662268,73.6267637687756,167.12289485662268,73.6267637687756,0
per_huruf,4,3559,0.653387185606756,167.0546199362767,73.72826581702321,167.0546199362767,73.72826581702321,0
per_huruf,4,3560,0.6535707729025152,167.00500682749202,73.82612653618571,167.00500682749202,73.82612653618571,0
per_huruf,4,3561,0.6537543601982743,166.983614019117,73.91761492944924,166.983614019117,73.91761492944924,0
per_huruf,4,3562,0.6539379474940334,167.0,74.0,167.0,74.0,0
per_huruf,4,3563,0.6541215347897925,167.04415111515706,74.07965407373692,167.04415111515706,74.07965407373692,0
per_huruf,4,3564,0.6543051220855517,167.09877105143374,74.16385980883021,167.09877105143374,74.16385980883021,0
per_huruf,4,3565,0.6544887093813108,167.16249431042326,74.251251706873,167.16249431042326,74.251251706873,0
per_huruf,4,3566,0.6546722966770699,167.2339553937187,74.34046426945834,167.2339553937187,74.34046426945834,0
per_huruf,4,3567,0.6548558839728291,167.31178880291307,74.43013199817933,167.31178880291307,74.43013199817933,0
per_huruf,4,3568,0.6550394712685882,167.39462903959947,74.51888939462904,167.39462903959947,74.51888939462904,0
per_huruf,4,3569,0.6552230585643474,167.48111060537096,74.60537096040053,167.48111060537096,74.60537096040053,0
per_huruf,4,3570,0.6554066458601064,167.56986800182065,74.68821119708693,167.56986800182065,74.68821119708693,0
per_huruf,4,3571,0.6555902331558656,167.65953573054162,74.76604460628128,167.65953573054162,74.76604460628128,0
per_huruf,4,3572,0.6557738204516248,167.74874829312697,74.83750568957669,167.74874829312697,74.83750568957669,0
per_huruf,4,3573,0.6559574077473839,167.83614019116976,74.90122894856623,167.83614019116976,74.90122894856623,0
per_huruf,4,3574,0.656140995043143,167.92034592626308,74.95584888484296,167.92034592626308,74.95584888484296,0
per_huruf,4,3575,0.6563245823389021,168.0,75.0,168.0,75.0,0
per_huruf,4,3576,0.6565081696346613,168.0769230769231,75.03004096495222,168.0769230769231,75.03004096495222,0
per_huruf,4,3577,0.6566917569304204,168.15384615384613,75.04506144742831,168.15384615384613,75.04506144742831,0
per_huruf,4,3578,0.6568753442261795,168.2307692307692,75.04779244424215,168.2307692307692,75.04779244424215,0
per_huruf,4,3579,0.6570589315219387,168.3076923076923,75.04096495220755,168.3076923076923,75.04096495220755,0
per_huruf,4,3580,0.6572425188176978,168.3846153846154,75.0273099681384,168.3846153846154,75.0273099681384,0
per_huruf,4,3581,0.657426106113457,168.46153846153848,75.00955848884843,168.46153846153848,75.00955848884843,0
per_huruf,4,3582,0.657609693409216,168.53846153846152,74.99044151115157,168.53846153846152,74.99044151115157,0
per_huruf,4,3583,0.6577932807049752,168.6153846153846,74.97269003186163,168.6153846153846,74.97269003186163,0
per_huruf,4,3584,0.6579768680007343,168.69230769230768,74.95903504779244,168.69230769230768,74.95903504779244,0
per_huruf,4,3585,0.6581604552964935,168.76923076923075,74.95220755575784,168.76923076923075,74.95220755575784,0
per_huruf,4,3586,0.6583440425922527,168.84615384615387,74.95493855257169,168.84615384615387,74.95493855257169,0
per_huruf,4,3587,0.6585276298880117,168.9230769230769,74.9699590350478,168.9230769230769,74.9699590350478,0
per_huruf,4,3588,0.6587112171837709,169.0,75.0,169.0,75.0,0
per_huruf,4,3589,0.65889480447953,169.0769230769231,75.04415111515705,169.0769230769231,75.04415111515705,0
per_huruf,4,3590,0.6590783917752892,169.1538461538462,75.09877105143379,169.1538461538462,75.09877105143379,0
per_huruf,4,3591,0.6592619790710483,169.2307692307692,75.1624943104233,169.2307692307692,75.1624943104233,0
per_huruf,4,3592,0.6594455663668074,169.30769230769232,75.2339553937187,169.30769230769232,75.2339553937187,0
per_huruf,4,3593,0.6596291536625666,169.3846153846154,75.31178880291309,169.3846153846154,75.31178880291309,0
per_huruf,4,3594,0.6598127409583256,169.4615384615385,75.39462903959945,169.4615384615385,75.39462903959945,0
per_huruf,4,3595,0.6599963282540848,169.53846153846152,75.48111060537096,169.53846153846152,75.48111060537096,0
per_huruf,4,3596,0.6601799155498439,169.6153846153846,75.56986800182068,169.6153846153846,75.56986800182068,0
per_huruf,4,3597,0.6603635028456031,169.69230769230768,75.65953573054165,169.69230769230768,75.65953573054165,0
per_huruf,4,3598,0.6605470901413623,169.76923076923075,75.748748293127,169.76923076923075,75.748748293127,0
per_huruf,4,3599,0.6607306774371213,169.84615384615387,75.83614019116978,169.84615384615387,75.83614019116978,0
per_huruf,4,3600,0.6609142647328805,169.9230769230769,75.92034592626308,169.9230769230769,75.92034592626308,0
per_huruf,4,3601,0.6610978520286396,170.0,76.0,170.0,76.0,0
per_huruf,4,3602,0.6612814393243988,170.07692307692312,76.07965407373693,170.07692307692312,76.07965407373693,0
per_huruf,4,3603,0.6614650266201579,170.15384615384616,76.16385980883024,170.15384615384616,76.16385980883024,0
per_huruf,4,3604,0.661648613915917,170.23076923076923,76.25125170687299,170.23076923076923,76.25125170687299,0
per_huruf,4,3605,0.6618322012116762,170.3076923076923,76.34046426945834,170.3076923076923,76.34046426945834,0
per_huruf,4,3606,0.6620157885074353,170.3846153846154,76.43013199817933,170.3846153846154,76.43013199817933,0
per_huruf,4,3607,0.6621993758031944,170.46153846153848,76.51888939462904,170.46153846153848,76.51888939462904,0
per_huruf,4,3608,0.6623829630989535,170.53846153846155,76.60537096040055,170.53846153846155,76.60537096040055,0
per_huruf,4,3609,0.6625665503947127,170.6153846153846,76.68821119708693,170.6153846153846,76.68821119708693,0
per_huruf,4,3610,0.6627501376904719,170.69230769230768,76.76604460628128,170.69230769230768,76.76604460628128,0
per_huruf,4,3611,0.6629337249862309,170.76923076923077,76.83750568957669,170.76923076923077,76.83750568957669,0
per_huruf,4,3612,0.6631173122819901,170.84615384615387,76.90122894856623,170.84615384615387,76.90122894856623,0
per_huruf,4,3613,0.6633008995777492,170.92307692307693,76.95584888484296,170.92307692307693,76.95584888484296,0
per_huruf,4,3614,0.6634844868735084,171.0,77.0,171.0,77.0,0
per_huruf,4,3615,0.6636680741692675,171.0769230769231,77.03277196176606,171.0769230769231,77.03277196176606,0
per_huruf,4,3616,0.6638516614650266,171.1538461538462,77.05507510241239,171.1538461538462,77.05507510241239,0
per_huruf,4,3617,0.6640352487607858,171.2307692307692,77.06827492034591,171.2307692307692,77.06827492034591,0
per_huruf,4,3618,0.6642188360565449,171.3076923076923,77.07373691397359,171.3076923076923,77.07373691397359,0
per_huruf,4,3619,0.664402423352304,171.38461538461542,77.07282658170233,171.38461538461542,77.07282658170233,0
per_huruf,4,3620,0.6645860106480631,171.46153846153845,77.06690942193902,171.46153846153845,77.06690942193902,0
per_huruf,4,3621,0.6647695979438223,171.53846153846155,77.05735093309059,171.53846153846155,77.05735093309059,0
per_huruf,4,3622,0.6649531852395815,171.6153846153846,77.04551661356396,171.6153846153846,77.04551661356396,0
per_huruf,4,3623,0.6651367725353405,171.69230769230768,77.03277196176603,171.69230769230768,77.03277196176603,0
per_huruf,4,3624,0.6653203598310997,171.76923076923075,77.02048247610378,171.76923076923075,77.02048247610378,0
per_huruf,4,3625,0.6655039471268588,171.84615384615387,77.01001365498408,171.84615384615387,77.01001365498408,0
per_huruf,4,3626,0.665687534422618,171.9230769230769,77.00273099681384,171.9230769230769,77.00273099681384,0
per_huruf,4,3627,0.665871121718377,172.0,77.0,172.0,77.0,0
per_huruf,4,3628,0.6660547090141362,172.0769230769231,77.00000000000001,172.0769230769231,77.00000000000001,0
per_huruf,4,3629,0.6662382963098954,172.1538461538462,77.00000000000001,172.1538461538462,77.00000000000001,0
per_huruf,4,3630,0.6664218836056545,172.23076923076923,76.99999999999999,172.23076923076923,76.99999999999999,0
per_huruf,4,3631,0.6666054709014136,172.3076923076923,76.99999999999999,172.3076923076923,76.99999999999999,0
per_huruf,4,3632,0.6667890581971727,172.38461538461542,77.00000000000001,172.38461538461542,77.00000000000001,0
per_huruf,4,3633,0.6669726454929319,172.46153846153848,77.0,172.46153846153848,77.0,0
per_huruf,4,3634,0.6671562327886911,172.53846153846155,77.00000000000001,172.53846153846155,77.00000000000001,0
per_huruf,4,3635,0.6673398200844501,172.6153846153846,77.0,172.6153846153846,77.0,0
per_huruf,4,3636,0.6675234073802093,172.69230769230768,77.0,172.69230769230768,77.0,0
per_huruf,4,3637,0.6677069946759684,172.76923076923075,77.0,172.76923076923075,77.0,0
per_huruf,4,3638,0.6678905819717276,172.84615384615387,77.0,172.84615384615387,77.0,0
per_huruf,4,3639,0.6680741692674866,172.9230769230769,77.0,172.9230769230769,77.0,0
per_huruf,4,3640,0.6682577565632458,173.0,77.0,173.0,77.0,0
per_huruf,4,3641,0.668441343859005,173.0769230769231,77.00000000000001,173.0769230769231,77.00000000000001,0
per_huruf,4,3642,0.6686249311547641,173.1538461538462,77.00000000000001,173.1538461538462,77.00000000000001,0
per_huruf,4,3643,0.6688085184505232,173.2307692307692,76.99999999999999,173.2307692307692,76.99999999999999,0
per_huruf,4,3644,0.6689921057462823,173.3076923076923,76.99999999999999,173.3076923076923,76.99999999999999,0
per_huruf,4,3645,0.6691756930420415,173.3846153846154,77.00000000000001,173.3846153846154,77.00000000000001,0
per_huruf,4,3646,0.6693592803378007,173.4615384615385,77.0,173.4615384615385,77.0,0
per_huruf,4,3647,0.6695428676335597,173.53846153846155,77.00000000000001,173.53846153846155,77.00000000000001,0
per_huruf,4,3648,0.6697264549293189,173.6153846153846,77.0,173.6153846153846,77.0,0
per_huruf,4,3649,0.669910042225078,173.69230769230768,77.0,173.69230769230768,77.0,0
per_huruf,4,3650,0.6700936295208372,173.76923076923075,77.0,173.76923076923075,77.0,0
per_huruf,4,3651,0.6702772168165962,173.84615384615387,77.0,173.84615384615387,77.0,0
per_huruf,4,3652,0.6704608041123554,173.9230769230769,77.0,173.9230769230769,77.0,0
per_huruf,4,3653,0.6706443914081146,174.0,77.0,174.0,77.0,0
per_huruf,4,3654,0.6708279787038737,174.0769230769231,77.00000000000001,174.0769230769231,77.00000000000001,0
per_huruf,4,3655,0.6710115659996329,174.1538461538462,77.00000000000001,174.1538461538462,77.00000000000001,0
per_huruf,4,3656,0.6711951532953919,174.2307692307692,76.99999999999999,174.2307692307692,76.99999999999999,0
per_huruf,4,3657,0.6713787405911511,174.3076923076923,76.99999999999999,174.3076923076923,76.99999999999999,0
per_huruf,4,3658,0.6715623278869102,174.3846153846154,77.00000000000001,174.3846153846154,77.00000000000001,0
per_huruf,4,3659,0.6717459151826694,174.46153846153848,77.0,174.46153846153848,77.0,0
per_huruf,4,3660,0.6719295024784285,174.53846153846152,77.00000000000001,174.53846153846152,77.00000000000001,0
per_huruf,4,3661,0.6721130897741876,174.6153846153846,77.0,174.6153846153846,77.0,0
per_huruf,4,3662,0.6722966770699468,174.69230769230768,77.0,174.69230769230768,77.0,0
per_huruf,4,3663,0.6724802643657058,174.76923076923077,77.0,174.76923076923077,77.0,0
per_huruf,4,3664,0.672663851661465,174.84615384615387,77.0,174.84615384615387,77.0,0
per_huruf,4,3665,0.6728474389572242,174.92307692307693,77.0,174.92307692307693,77.0,0
per_huruf,4,3666,0.6730310262529833,175.0,77.0,175.0,77.0,0
per_huruf,4,3667,0.6732146135487425,175.0769230769231,77.00000000000001,175.0769230769231,77.00000000000001,0
per_huruf,4,3668,0.6733982008445015,175.15384615384616,77.00000000000001,175.15384615384616,77.00000000000001,0
per_huruf,4,3669,0.6735817881402607,175.2307692307692,76.99999999999999,175.2307692307692,76.99999999999999,0
per_huruf,4,3670,0.6737653754360198,175.3076923076923,76.99999999999999,175.3076923076923,76.99999999999999,0
per_huruf,4,3671,0.673948962731779,175.3846153846154,77.00000000000001,175.3846153846154,77.00000000000001,0
per_huruf,4,3672,0.6741325500275381,175.46153846153845,77.0,175.46153846153845,77.0,0
per_huruf,4,3673,0.6743161373232972,175.53846153846155,77.00000000000001,175.53846153846155,77.00000000000001,0
per_huruf,4,3674,0.6744997246190564,175.6153846153846,77.0,175.6153846153846,77.0,0
per_huruf,4,3675,0.6746833119148155,175.69230769230768,77.0,175.69230769230768,77.0,0
per_huruf,4,3676,0.6748668992105746,175.76923076923075,77.0,175.76923076923075,77.0,0
per_huruf,4,3677,0.6750504865063338,175.84615384615384,77.0,175.84615384615384,77.0,0
per_huruf,4,3678,0.6752340738020929,175.9230769230769,77.0,175.9230769230769,77.0,0
per_huruf,4,3679,0.6754176610978521,176.0,77.0,176.0,77.0,0
per_huruf,4,3680,0.6756012483936111,176.0769230769231,77.00273099681385,176.0769230769231,77.00273099681385,0
per_huruf,4,3681,0.6757848356893703,176.1538461538462,77.01001365498408,176.1538461538462,77.01001365498408,0
per_huruf,4,3682,0.6759684229851294,176.23076923076923,77.02048247610377,176.23076923076923,77.02048247610377,0
per_huruf,4,3683,0.6761520102808886,176.30769230769232,77.03277196176603,176.30769230769232,77.03277196176603,0
per_huruf,4,3684,0.6763355975766477,176.3846153846154,77.04551661356396,176.3846153846154,77.04551661356396,0
per_huruf,4,3685,0.6765191848724068,176.46153846153848,77.05735093309059,176.46153846153848,77.05735093309059,0
per_huruf,4,3686,0.676702772168166,176.53846153846155,77.06690942193902,176.53846153846155,77.06690942193902,0
per_huruf,4,3687,0.6768863594639251,176.61538461538464,77.07282658170232,176.61538461538464,77.07282658170232,0
per_huruf,4,3688,0.6770699467596842,176.69230769230768,77.07373691397359,176.69230769230768,77.07373691397359,0
per_huruf,4,3689,0.6772535340554434,176.76923076923075,77.06827492034591,176.76923076923075,77.06827492034591,0
per_huruf,4,3690,0.6774371213512025,176.84615384615384,77.05507510241239,176.84615384615384,77.05507510241239,0
per_huruf,4,3691,0.6776207086469617,176.9230769230769,77.03277196176604,176.9230769230769,77.03277196176604,0
per_huruf,4,3692,0.6778042959427207,177.0,77.0,177.0,77.0,0
per_huruf,4,3693,0.6779878832384799,177.07692307692312,76.95584888484298,177.07692307692312,76.95584888484298,0
per_huruf,4,3694,0.678171470534239,177.1538461538462,76.90122894856623,177.1538461538462,76.90122894856623,0
per_huruf,4,3695,0.6783550578299982,177.2307692307692,76.83750568957669,177.2307692307692,76.83750568957669,0
per_huruf,4,3696,0.6785386451257573,177.3076923076923,76.76604460628128,177.3076923076923,76.76604460628128,0
per_huruf,4,3697,0.6787222324215164,177.3846153846154,76.68821119708694,177.3846153846154,76.68821119708694,0
per_huruf,4,3698,0.6789058197172756,177.46153846153848,76.60537096040055,177.46153846153848,76.60537096040055,0
per_huruf,4,3699,0.6790894070130347,177.53846153846155,76.51888939462903,177.53846153846155,76.51888939462903,0
per_huruf,4,3700,0.6792729943087938,177.61538461538464,76.43013199817932,177.61538461538464,76.43013199817932,0
per_huruf,4,3701,0.6794565816045529,177.69230769230768,76.34046426945835,177.69230769230768,76.34046426945835,0
per_huruf,4,3702,0.6796401689003121,177.76923076923075,76.251251706873,177.76923076923075,76.251251706873,0
per_huruf,4,3703,0.6798237561960713,177.84615384615384,76.16385980883021,177.84615384615384,76.16385980883021,0
per_huruf,4,3704,0.6800073434918303,177.9230769230769,76.07965407373692,177.9230769230769,76.07965407373692,0
per_huruf,4,3705,0.6801909307875895,178.0,76.0,178.0,76.0,0
per_huruf,4,3706,0.6803745180833486,178.0769230769231,75.92307692307693,178.0769230769231,75.92307692307693,0
per_huruf,4,3707,0.6805581053791078,178.15384615384616,75.84615384615384,178.15384615384616,75.84615384615384,0
per_huruf,4,3708,0.680741692674867,178.2307692307692,75.76923076923076,178.2307692307692,75.76923076923076,0
per_huruf,4,3709,0.680925279970626,178.3076923076923,75.6923076923077,178.3076923076923,75.6923076923077,0
per_huruf,4,3710,0.6811088672663852,178.3846153846154,75.61538461538463,178.3846153846154,75.61538461538463,0
per_huruf,4,3711,0.6812924545621443,178.46153846153848,75.53846153846155,178.46153846153848,75.53846153846155,0
per_huruf,4,3712,0.6814760418579034,178.53846153846155,75.46153846153845,178.53846153846155,75.46153846153845,0
per_huruf,4,3713,0.6816596291536625,178.61538461538464,75.38461538461539,178.61538461538464,75.38461538461539,0
per_huruf,4,3714,0.6818432164494217,178.69230769230768,75.3076923076923,178.69230769230768,75.3076923076923,0
per_huruf,4,3715,0.6820268037451809,178.76923076923077,75.23076923076923,178.76923076923077,75.23076923076923,0
per_huruf,4,3716,0.68221039104094,178.84615384615384,75.15384615384616,178.84615384615384,75.15384615384616,0
per_huruf,4,3717,0.6823939783366991,178.92307692307693,75.07692307692307,178.92307692307693,75.07692307692307,0
per_huruf,4,3718,0.6825775656324582,179.0,75.0,179.0,75.0,0
per_huruf,4,3719,0.6827611529282174,179.07692307692312,74.92307692307693,179.07692307692312,74.92307692307693,0
per_huruf,4,3720,0.6829447402239766,179.1538461538462,74.84615384615384,179.1538461538462,74.84615384615384,0
per_huruf,4,3721,0.6831283275197356,179.23076923076923,74.76923076923076,179.23076923076923,74.76923076923076,0
per_huruf,4,3722,0.6833119148154948,179.3076923076923,74.69230769230768,179.3076923076923,74.69230769230768,0
per_huruf,4,3723,0.6834955021112539,179.3846153846154,74.61538461538461,179.3846153846154,74.61538461538461,0
per_huruf,4,3724,0.683679089407013,179.46153846153845,74.53846153846153,179.46153846153845,74.53846153846153,0
per_huruf,4,3725,0.6838626767027721,179.53846153846155,74.46153846153847,179.53846153846155,74.46153846153847,0
per_huruf,4,3726,0.6840462639985313,179.61538461538464,74.38461538461539,179.61538461538464,74.38461538461539,0
per_huruf,4,3727,0.6842298512942905,179.69230769230768,74.3076923076923,179.69230769230768,74.3076923076923,0
per_huruf,4,3728,0.6844134385900495,179.76923076923075,74.23076923076923,179.76923076923075,74.23076923076923,0
per_huruf,4,3729,0.6845970258858087,179.84615384615384,74.15384615384616,179.84615384615384,74.15384615384616,0
per_huruf,4,3730,0.6847806131815678,179.9230769230769,74.07692307692308,179.9230769230769,74.07692307692308,0
per_huruf,4,3731,0.684964200477327,180.0,74.0,180.0,74.0,0
per_huruf,4,3732,0.685147787773086,180.0769230769231,73.92307692307693,180.0769230769231,73.92307692307693,0
per_huruf,4,3733,0.6853313750688452,180.15384615384616,73.84615384615385,180.15384615384616,73.84615384615385,0
per_huruf,4,3734,0.6855149623646044,180.2307692307692,73.76923076923077,180.2307692307692,73.76923076923077,0
per_huruf,4,3735,0.6856985496603635,180.3076923076923,73.69230769230768,180.3076923076923,73.69230769230768,0
per_huruf,4,3736,0.6858821369561227,180.38461538461542,73.61538461538461,180.38461538461542,73.61538461538461,0
per_huruf,4,3737,0.6860657242518817,180.46153846153848,73.53846153846153,180.46153846153848,73.53846153846153,0
per_huruf,4,3738,0.6862493115476409,180.53846153846152,73.46153846153845,180.53846153846152,73.46153846153845,0
per_huruf,4,3739,0.6864328988434001,180.61538461538464,73.38461538461539,180.61538461538464,73.38461538461539,0
per_huruf,4,3740,0.6866164861391592,180.69230769230768,73.30769230769229,180.69230769230768,73.30769230769229,0
per_huruf,4,3741,0.6868000734349183,180.76923076923077,73.23076923076923,180.76923076923077,73.23076923076923,0
per_huruf,4,3742,0.6869836607306774,180.84615384615384,73.15384615384616,180.84615384615384,73.15384615384616,0
per_huruf,4,3743,0.6871672480264366,180.9230769230769,73.07692307692307,180.9230769230769,73.07692307692307,0
per_huruf,4,3744,0.6873508353221957,181.0,73.0,181.0,73.0,0
per_huruf,4,3745,0.6875344226179548,181.07692307692312,72.92307692307693,181.07692307692312,72.92307692307693,0
per_huruf,4,3746,0.687718009913714,181.15384615384616,72.84615384615385,181.15384615384616,72.84615384615385,0
per_huruf,4,3747,0.6879015972094731,181.23076923076923,72.76923076923076,181.23076923076923,72.76923076923076,0
per_huruf,4,3748,0.6880851845052323,181.3076923076923,72.6923076923077,181.3076923076923,72.6923076923077,0
per_huruf,4,3749,0.6882687718009913,181.38461538461542,72.61538461538461,181.38461538461542,72.61538461538461,0
per_huruf,4,3750,0.6884523590967505,181.46153846153845,72.53846153846153,181.46153846153845,72.53846153846153,0
per_huruf,4,3751,0.6886359463925097,181.53846153846152,72.46153846153845,181.53846153846152,72.46153846153845,0
per_huruf,4,3752,0.6888195336882688,181.61538461538464,72.38461538461539,181.61538461538464,72.38461538461539,0
per_huruf,4,3753,0.6890031209840279,181.69230769230768,72.3076923076923,181.69230769230768,72.3076923076923,0
per_huruf,4,3754,0.689186708279787,181.76923076923075,72.23076923076923,181.76923076923075,72.23076923076923,0
per_huruf,4,3755,0.6893702955755462,181.84615384615384,72.15384615384616,181.84615384615384,72.15384615384616,0
per_huruf,4,3756,0.6895538828713053,181.9230769230769,72.07692307692307,181.9230769230769,72.07692307692307,0
per_huruf,4,3757,0.6897374701670644,182.0,72.0,182.0,72.0,0
per_huruf,4,3758,0.6899210574628236,182.0769230769231,71.92034592626311,182.0769230769231,71.92034592626311,0
per_huruf,4,3759,0.6901046447585827,182.15384615384616,71.83614019116978,182.15384615384616,71.83614019116978,0
per_huruf,4,3760,0.6902882320543419,182.2307692307692,71.74874829312698,182.2307692307692,71.74874829312698,0
per_huruf,4,3761,0.6904718193501009,182.3076923076923,71.65953573054165,182.3076923076923,71.65953573054165,0
per_huruf,4,3762,0.6906554066458601,182.38461538461542,71.56986800182067,182.38461538461542,71.56986800182067,0
per_huruf,4,3763,0.6908389939416193,182.46153846153848,71.48111060537096,182.46153846153848,71.48111060537096,0
per_huruf,4,3764,0.6910225812373784,182.53846153846155,71.39462903959945,182.53846153846155,71.39462903959945,0
per_huruf,4,3765,0.6912061685331375,182.61538461538464,71.31178880291307,182.61538461538464,71.31178880291307,0
per_huruf,4,3766,0.6913897558288966,182.69230769230768,71.2339553937187,182.69230769230768,71.2339553937187,0
per_huruf,4,3767,0.6915733431246558,182.76923076923075,71.1624943104233,182.76923076923075,71.1624943104233,0
per_huruf,4,3768,0.6917569304204149,182.84615384615384,71.09877105143379,182.84615384615384,71.09877105143379,0
per_huruf,4,3769,0.691940517716174,182.92307692307693,71.04415111515704,182.92307692307693,71.04415111515704,0
per_huruf,4,3770,0.6921241050119332,183.0,71.0,183.0,71.0,0
per_huruf,4,3771,0.6923076923076923,183.0769230769231,70.96995903504781,183.0769230769231,70.96995903504781,0
per_huruf,4,3772,0.6924912796034515,183.15384615384613,70.95493855257169,183.15384615384613,70.95493855257169,0
per_huruf,4,3773,0.6926748668992105,183.2307692307692,70.95220755575784,183.2307692307692,70.95220755575784,0
per_huruf,4,3774,0.6928584541949697,183.3076923076923,70.95903504779244,183.3076923076923,70.95903504779244,0
per_huruf,4,3775,0.6930420414907288,183.38461538461542,70.97269003186163,183.38461538461542,70.97269003186163,0
per_huruf,4,3776,0.693225628786488,183.46153846153845,70.99044151115157,183.46153846153845,70.99044151115157,0
per_huruf,4,3777,0.6934092160822471,183.53846153846155,71.00955848884843,183.53846153846155,71.00955848884843,0
per_huruf,4,3778,0.6935928033780062,183.6153846153846,71.02730996813837,183.6153846153846,71.02730996813837,0
per_huruf,4,3779,0.6937763906737654,183.69230769230768,71.04096495220756,183.69230769230768,71.04096495220756,0
per_huruf,4,3780,0.6939599779695245,183.76923076923077,71.04779244424213,183.76923076923077,71.04779244424213,0
per_huruf,4,3781,0.6941435652652836,183.84615384615384,71.04506144742831,183.84615384615384,71.04506144742831,0
per_huruf,4,3782,0.6943271525610428,183.9230769230769,71.0300409649522,183.9230769230769,71.0300409649522,0
per_huruf,4,3783,0.6945107398568019,184.0,71.0,184.0,71.0,0
per_huruf,4,3784,0.6946943271525611,184.0769230769231,70.95311788802914,184.0769230769231,70.95311788802914,0
per_huruf,4,3785,0.6948779144483201,184.15384615384616,70.89121529358215,184.15384615384616,70.89121529358215,0
per_huruf,4,3786,0.6950615017440793,184.2307692307692,70.81702321347291,184.2307692307692,70.81702321347291,0
per_huruf,4,3787,0.6952450890398384,184.3076923076923,70.73327264451524,184.3076923076923,70.73327264451524,0
per_huruf,4,3788,0.6954286763355976,184.38461538461544,70.642694583523,184.38461538461544,70.642694583523,0
per_huruf,4,3789,0.6956122636313568,184.46153846153848,70.54802002730997,184.46153846153848,70.54802002730997,0
per_huruf,4,3790,0.6957958509271158,184.53846153846155,70.45197997269003,184.53846153846155,70.45197997269003,0
per_huruf,4,3791,0.695979438222875,184.61538461538464,70.35730541647702,184.61538461538464,70.35730541647702,0
per_huruf,4,3792,0.6961630255186341,184.69230769230768,70.26672735548475,184.69230769230768,70.26672735548475,0
per_huruf,4,3793,0.6963466128143933,184.76923076923077,70.18297678652708,184.76923076923077,70.18297678652708,0
per_huruf,4,3794,0.6965302001101524,184.84615384615387,70.10878470641785,184.84615384615387,70.10878470641785,0
per_huruf,4,3795,0.6967137874059115,184.9230769230769,70.04688211197087,184.9230769230769,70.04688211197087,0
per_huruf,4,3796,0.6968973747016707,185.0,70.0,185.0,70.0,0
per_huruf,4,3797,0.6970809619974297,185.07692307692312,69.96722803823397,185.07692307692312,69.96722803823397,0
per_huruf,4,3798,0.6972645492931889,185.15384615384616,69.94492489758761,185.15384615384616,69.94492489758761,0
per_huruf,4,3799,0.697448136588948,185.2307692307692,69.93172507965406,185.2307692307692,69.93172507965406,0
per_huruf,4,3800,0.6976317238847072,185.3076923076923,69.9262630860264,185.3076923076923,69.9262630860264,0
per_huruf,4,3801,0.6978153111804664,185.38461538461542,69.92717341829768,185.38461538461542,69.92717341829768,0
per_huruf,4,3802,0.6979988984762254,185.46153846153845,69.933090578061,185.46153846153845,69.933090578061,0
per_huruf,4,3803,0.6981824857719846,185.53846153846155,69.94264906690941,185.53846153846155,69.94264906690941,0
per_huruf,4,3804,0.6983660730677437,185.6153846153846,69.95448338643605,185.6153846153846,69.95448338643605,0
per_huruf,4,3805,0.6985496603635029,185.69230769230768,69.96722803823396,185.69230769230768,69.96722803823396,0
per_huruf,4,3806,0.6987332476592619,185.76923076923075,69.97951752389622,185.76923076923075,69.97951752389622,0
per_huruf,4,3807,0.6989168349550211,185.84615384615384,69.98998634501594,185.84615384615384,69.98998634501594,0
per_huruf,4,3808,0.6991004222507803,185.92307692307693,69.99726900318616,185.92307692307693,69.99726900318616,0
per_huruf,4,3809,0.6992840095465394,186.0,70.0,186.0,70.0,0
per_huruf,4,3810,0.6994675968422985,186.0769230769231,70.00273099681385,186.0769230769231,70.00273099681385,0
per_huruf,4,3811,0.6996511841380576,186.15384615384616,70.01001365498406,186.15384615384616,70.01001365498406,0
per_huruf,4,3812,0.6998347714338168,186.2307692307692,70.02048247610377,186.2307692307692,70.02048247610377,0
per_huruf,4,3813,0.700018358729576,186.30769230769226,70.03277196176604,186.30769230769226,70.03277196176604,0
per_huruf,4,3814,0.700201946025335,186.38461538461542,70.04551661356396,186.38461538461542,70.04551661356396,0
per_huruf,4,3815,0.7003855333210942,186.4615384615385,70.05735093309059,186.4615384615385,70.05735093309059,0
per_huruf,4,3816,0.7005691206168533,186.53846153846152,70.06690942193902,186.53846153846152,70.06690942193902,0
per_huruf,4,3817,0.7007527079126125,186.61538461538464,70.07282658170233,186.61538461538464,70.07282658170233,0
per_huruf,4,3818,0.7009362952083715,186.69230769230768,70.07373691397359,186.69230769230768,70.07373691397359,0
per_huruf,4,3819,0.7011198825041307,186.76923076923077,70.06827492034591,186.76923076923077,70.06827492034591,0
per_huruf,4,3820,0.7013034697998899,186.84615384615384,70.05507510241239,186.84615384615384,70.05507510241239,0
per_huruf,4,3821,0.701487057095649,186.92307692307693,70.03277196176604,186.92307692307693,70.03277196176604,0
per_huruf,4,3822,0.7016706443914081,187.0,70.0,187.0,70.0,0
per_huruf,4,3823,0.7018542316871672,187.0769230769231,69.955848884843,187.0769230769231,69.955848884843,0
per_huruf,4,3824,0.7020378189829264,187.1538461538462,69.90122894856623,187.1538461538462,69.90122894856623,0
per_huruf,4,3825,0.7022214062786856,187.2307692307692,69.83750568957667,187.2307692307692,69.83750568957667,0
per_huruf,4,3826,0.7024049935744446,187.30769230769226,69.76604460628128,187.30769230769226,69.76604460628128,0
per_huruf,4,3827,0.7025885808702038,187.38461538461542,69.68821119708693,187.38461538461542,69.68821119708693,0
per_huruf,4,3828,0.7027721681659629,187.46153846153845,69.60537096040055,187.46153846153845,69.60537096040055,0
per_huruf,4,3829,0.7029557554617221,187.53846153846152,69.51888939462904,187.53846153846152,69.51888939462904,0
per_huruf,4,3830,0.7031393427574811,187.6153846153846,69.43013199817933,187.6153846153846,69.43013199817933,0
per_huruf,4,3831,0.7033229300532403,187.69230769230768,69.34046426945835,187.69230769230768,69.34046426945835,0
per_huruf,4,3832,0.7035065173489995,187.76923076923077,69.251251706873,187.76923076923077,69.251251706873,0
per_huruf,4,3833,0.7036901046447586,187.84615384615387,69.16385980883022,187.84615384615387,69.16385980883022,0
per_huruf,4,3834,0.7038736919405177,187.9230769230769,69.07965407373692,187.9230769230769,69.07965407373692,0
per_huruf,4,3835,0.7040572792362768,188.0,69.0,188.0,69.0,0
per_huruf,4,3836,0.704240866532036,188.07965407373692,68.92307692307692,188.07965407373692,68.92307692307692,0
per_huruf,4,3837,0.7044244538277952,188.1638598088302,68.84615384615385,188.1638598088302,68.84615384615385,0
per_huruf,4,3838,0.7046080411235542,188.251251706873,68.76923076923076,188.251251706873,68.76923076923076,0
per_huruf,4,3839,0.7047916284193134,188.34046426945832,68.6923076923077,188.34046426945832,68.6923076923077,0
per_huruf,4,3840,0.7049752157150725,188.43013199817938,68.61538461538463,188.43013199817938,68.61538461538463,0
per_huruf,4,3841,0.7051588030108317,188.51888939462907,68.53846153846155,188.51888939462907,68.53846153846155,0
per_huruf,4,3842,0.7053423903065907,188.60537096040053,68.46153846153847,188.60537096040053,68.46153846153847,0
per_huruf,4,3843,0.7055259776023499,188.68821119708696,68.38461538461539,188.68821119708696,68.38461538461539,0
per_huruf,4,3844,0.7057095648981091,188.7660446062813,68.30769230769229,188.7660446062813,68.30769230769229,0
per_huruf,4,3845,0.7058931521938682,188.8375056895767,68.23076923076923,188.8375056895767,68.23076923076923,0
per_huruf,4,3846,0.7060767394896273,188.90122894856623,68.15384615384616,188.90122894856623,68.15384615384616,0
per_huruf,4,3847,0.7062603267853864,188.95584888484296,68.07692307692308,188.95584888484296,68.07692307692308,0
per_huruf,4,3848,0.7064439140811456,189.0,68.0,189.0,68.0,0
per_huruf,4,3849,0.7066275013769047,189.03277196176606,67.92307692307693,189.03277196176606,67.92307692307693,0
per_huruf,4,3850,0.7068110886726638,189.05507510241236,67.84615384615385,189.05507510241236,67.84615384615385,0
per_huruf,4,3851,0.706994675968423,189.06827492034589,67.76923076923076,189.06827492034589,67.76923076923076,0
per_huruf,4,3852,0.7071782632641821,189.0737369139736,67.69230769230768,189.0737369139736,67.69230769230768,0
per_huruf,4,3853,0.7073618505599413,189.07282658170234,67.61538461538463,189.07282658170234,67.61538461538463,0
per_huruf,4,3854,0.7075454378557003,189.066909421939,67.53846153846155,189.066909421939,67.53846153846155,0
per_huruf,4,3855,0.7077290251514595,189.05735093309056,67.46153846153845,189.05735093309056,67.46153846153845,0
per_huruf,4,3856,0.7079126124472187,189.04551661356396,67.38461538461539,189.04551661356396,67.38461538461539,0
per_huruf,4,3857,0.7080961997429778,189.03277196176603,67.3076923076923,189.03277196176603,67.3076923076923,0
per_huruf,4,3858,0.708279787038737,189.02048247610378,67.23076923076923,189.02048247610378,67.23076923076923,0
per_huruf,4,3859,0.708463374334496,189.01001365498405,67.15384615384616,189.01001365498405,67.15384615384616,0
per_huruf,4,3860,0.7086469616302552,189.00273099681382,67.07692307692308,189.00273099681382,67.07692307692308,0
per_huruf,4,3861,0.7088305489260143,189.0,67.0,189.0,67.0,0
per_huruf,4,3862,0.7090141362217734,189.00273099681385,66.91215293582158,189.00273099681385,66.91215293582158,0
per_huruf,4,3863,0.7091977235175326,189.01001365498408,66.80609922621758,189.01001365498408,66.80609922621758,0
per_huruf,4,3864,0.7093813108132917,189.02048247610375,66.68730086481565,189.02048247610375,66.68730086481565,0
per_huruf,4,3865,0.7095648981090509,189.032771961766,66.56121984524351,189.032771961766,66.56121984524351,0
per_huruf,4,3866,0.70974848540481,189.04551661356396,66.43331816112882,189.04551661356396,66.43331816112882,0
per_huruf,4,3867,0.7099320727005691,189.05735093309056,66.30905780609923,189.05735093309056,66.30905780609923,0
per_huruf,4,3868,0.7101156599963283,189.066909421939,66.19390077378243,189.066909421939,66.19390077378243,0
per_huruf,4,3869,0.7102992472920874,189.07282658170232,66.09330905780611,189.07282658170232,66.09330905780611,0
per_huruf,4,3870,0.7104828345878466,189.0737369139736,66.0127446517979,189.0737369139736,66.0127446517979,0
per_huruf,4,3871,0.7106664218836056,189.0682749203459,65.95766954938551,189.0682749203459,65.95766954938551,0
per_huruf,4,3872,0.7108500091793648,189.0550751024124,65.93354574419664,189.0550751024124,65.93354574419664,0
per_huruf,4,3873,0.7110335964751239,189.03277196176603,65.9458352298589,189.03277196176603,65.9458352298589,0
per_huruf,4,3874,0.711217183770883,189.0,66.0,189.0,66.0,0
per_huruf,4,3875,0.7114007710666422,188.95038689121532,66.10514337733274,188.95038689121532,66.10514337733274,0
per_huruf,4,3876,0.7115843583624013,188.8812016385981,66.26126536185707,188.8812016385981,66.26126536185707,0
per_huruf,4,3877,0.7117679456581605,188.7965407373691,66.46017296313153,188.7965407373691,66.46017296313153,0
per_huruf,4,3878,0.7119515329539196,188.70050068274918,66.69367319071459,188.70050068274918,66.69367319071459,0
per_huruf,4,3879,0.7121351202496787,188.59717796995906,66.95357305416478,188.59717796995906,66.95357305416478,0
per_huruf,4,3880,0.7123187075454378,188.4906690942194,67.23167956304052,188.4906690942194,67.23167956304052,0
per_huruf,4,3881,0.712502294841197,188.38507055075104,67.51979972690032,188.38507055075104,67.51979972690032,0
per_huruf,4,3882,0.7126858821369562,188.28447883477472,67.80974055530268,188.28447883477472,67.80974055530268,0
per_huruf,4,3883,0.7128694694327152,188.19299044151117,68.0933090578061,188.19299044151117,68.0933090578061,0
per_huruf,4,3884,0.7130530567284744,188.11470186618112,68.36231224396903,188.11470186618112,68.36231224396903,0
per_huruf,4,3885,0.7132366440242335,188.05370960400546,68.60855712335002,188.05370960400546,68.60855712335002,0
per_huruf,4,3886,0.7134202313199927,188.0141101502048,68.82385070550751,188.0141101502048,68.82385070550751,0
per_huruf,4,3887,0.7136038186157518,188.0,69.0,188.0,69.0,0
per_huruf,4,3888,0.7137874059115109,188.011379153391,69.14246700045517,188.011379153391,69.14246700045517,0
per_huruf,4,3889,0.7139709932072701,188.0436959490214,69.26399635867092,188.0436959490214,69.26399635867092,0
per_huruf,4,3890,0.7141545805030292,188.09421939007737,69.36731907146107,188.09421939007737,69.36731907146107,0
per_huruf,4,3891,0.7143381677987883,188.16021847974508,69.4551661356395,188.16021847974508,69.4551661356395,0
per_huruf,4,3892,0.7145217550945474,188.23896222121078,69.53026854802003,188.23896222121078,69.53026854802003,0
per_huruf,4,3893,0.7147053423903066,188.32771961766042,69.59535730541648,188.32771961766042,69.59535730541648,0
per_huruf,4,3894,0.7148889296860658,188.42375967228037,69.6531634046427,188.42375967228037,69.6531634046427,0
per_huruf,4,3895,0.7150725169818248,188.52435138825672,69.70641784251252,188.52435138825672,69.70641784251252,0
per_huruf,4,3896,0.715256104277584,188.6267637687756,69.75785161583978,188.6267637687756,69.75785161583978,0
per_huruf,4,3897,0.7154396915733431,188.7282658170232,69.81019572143832,188.7282658170232,69.81019572143832,0
per_huruf,4,3898,0.7156232788691023,188.8261265361857,69.866181156122,188.8261265361857,69.866181156122,0
per_huruf,4,3899,0.7158068661648614,188.91761492944926,69.9285389167046,188.91761492944926,69.9285389167046,0
per_huruf,4,3900,0.7159904534606205,189.0,70.0,189.0,70.0,0
per_huruf,4,3901,0.7161740407563797,189.07965407373692,70.0769230769231,189.07965407373692,70.0769230769231,0
per_huruf,4,3902,0.7163576280521388,189.16385980883024,70.15384615384615,189.16385980883024,70.15384615384615,0
per_huruf,4,3903,0.7165412153478979,189.25125170687298,70.23076923076921,189.25125170687298,70.23076923076921,0
per_huruf,4,3904,0.716724802643657,189.34046426945832,70.3076923076923,189.34046426945832,70.3076923076923,0
per_huruf,4,3905,0.7169083899394162,189.43013199817935,70.38461538461539,189.43013199817935,70.38461538461539,0
per_huruf,4,3906,0.7170919772351754,189.51888939462904,70.46153846153848,189.51888939462904,70.46153846153848,0
per_huruf,4,3907,0.7172755645309344,189.60537096040053,70.53846153846155,189.60537096040053,70.53846153846155,0
per_huruf,4,3908,0.7174591518266936,189.68821119708696,70.61538461538461,189.68821119708696,70.61538461538461,0
per_huruf,4,3909,0.7176427391224527,189.7660446062813,70.6923076923077,189.7660446062813,70.6923076923077,0
per_huruf,4,3910,0.7178263264182119,189.8375056895767,70.76923076923077,189.8375056895767,70.76923076923077,0
per_huruf,4,3911,0.718009913713971,189.90122894856623,70.84615384615385,189.90122894856623,70.84615384615385,0
per_huruf,4,3912,0.7181935010097301,189.95584888484296,70.92307692307692,189.95584888484296,70.92307692307692,0
per_huruf,4,3913,0.7183770883054893,190.0,71.0,190.0,71.0,0
per_huruf,4,3914,0.7185606756012484,190.03004096495224,71.07692307692308,190.03004096495224,71.07692307692308,0
per_huruf,4,3915,0.7187442628970075,190.04506144742834,71.15384615384616,190.04506144742834,71.15384615384616,0
per_huruf,4,3916,0.7189278501927666,190.0477924442421,71.23076923076921,190.0477924442421,71.23076923076921,0
per_huruf,4,3917,0.7191114374885258,190.04096495220753,71.3076923076923,190.04096495220753,71.3076923076923,0
per_huruf,4,3918,0.719295024784285,190.02730996813838,71.38461538461539,190.02730996813838,71.38461538461539,0
per_huruf,4,3919,0.719478612080044,190.00955848884846,71.46153846153847,190.00955848884846,71.46153846153847,0
per_huruf,4,3920,0.7196621993758032,189.99044151115157,71.53846153846153,189.99044151115157,71.53846153846153,0
per_huruf,4,3921,0.7198457866715623,189.97269003186165,71.61538461538461,189.97269003186165,71.61538461538461,0
per_huruf,4,3922,0.7200293739673215,189.95903504779244,71.6923076923077,189.95903504779244,71.6923076923077,0
per_huruf,4,3923,0.7202129612630805,189.95220755575784,71.76923076923077,189.95220755575784,71.76923076923077,0
per_huruf,4,3924,0.7203965485588397,189.9549385525717,71.84615384615385,189.9549385525717,71.84615384615385,0
per_huruf,4,3925,0.7205801358545989,189.9699590350478,71.92307692307692,189.9699590350478,71.92307692307692,0
per_huruf,4,3926,0.720763723150358,190.0,72.0,190.0,72.0,0
per_huruf,4,3927,0.7209473104461172,190.04688211197092,72.07692307692308,190.04688211197092,72.07692307692308,0
per_huruf,4,3928,0.7211308977418762,190.10878470641785,72.15384615384616,190.10878470641785,72.15384615384616,0
per_huruf,4,3929,0.7213144850376354,190.18297678652706,72.23076923076923,190.18297678652706,72.23076923076923,0
per_huruf,4,3930,0.7214980723333946,190.26672735548473,72.30769230769229,190.26672735548473,72.30769230769229,0
per_huruf,4,3931,0.7216816596291536,190.35730541647703,72.38461538461539,190.35730541647703,72.38461538461539,0
per_huruf,4,3932,0.7218652469249128,190.45197997269008,72.46153846153845,190.45197997269008,72.46153846153845,0
per_huruf,4,3933,0.7220488342206719,190.54802002730997,72.53846153846153,190.54802002730997,72.53846153846153,0
per_huruf,4,3934,0.7222324215164311,190.642694583523,72.61538461538461,190.642694583523,72.61538461538461,0
per_huruf,4,3935,0.7224160088121901,190.73327264451524,72.69230769230768,190.73327264451524,72.69230769230768,0
per_huruf,4,3936,0.7225995961079493,190.8170232134729,72.76923076923077,190.8170232134729,72.76923076923077,0
per_huruf,4,3937,0.7227831834037085,190.89121529358215,72.84615384615384,190.89121529358215,72.84615384615384,0
per_huruf,4,3938,0.7229667706994676,190.95311788802914,72.92307692307692,190.95311788802914,72.92307692307692,0
per_huruf,4,3939,0.7231503579952268,191.0,73.0,191.0,73.0,0
per_huruf,4,3940,0.7233339452909858,191.03004096495224,73.07692307692308,191.03004096495224,73.07692307692308,0
per_huruf,4,3941,0.723517532586745,191.04506144742834,73.15384615384615,191.04506144742834,73.15384615384615,0
per_huruf,4,3942,0.7237011198825042,191.04779244424213,73.23076923076923,191.04779244424213,73.23076923076923,0
per_huruf,4,3943,0.7238847071782633,191.04096495220753,73.3076923076923,191.04096495220753,73.3076923076923,0
per_huruf,4,3944,0.7240682944740224,191.0273099681384,73.38461538461539,191.0273099681384,73.38461538461539,0
per_huruf,4,3945,0.7242518817697815,191.00955848884843,73.46153846153847,191.00955848884843,73.46153846153847,0
per_huruf,4,3946,0.7244354690655407,190.99044151115157,73.53846153846155,190.99044151115157,73.53846153846155,0
per_huruf,4,3947,0.7246190563612998,190.97269003186165,73.61538461538461,190.97269003186165,73.61538461538461,0
per_huruf,4,3948,0.7248026436570589,190.95903504779244,73.6923076923077,190.95903504779244,73.6923076923077,0
per_huruf,4,3949,0.7249862309528181,190.95220755575787,73.76923076923077,190.95220755575787,73.76923076923077,0
per_huruf,4,3950,0.7251698182485772,190.9549385525717,73.84615384615384,190.9549385525717,73.84615384615384,0
per_huruf,4,3951,0.7253534055443364,190.9699590350478,73.92307692307692,190.9699590350478,73.92307692307692,0
per_huruf,4,3952,0.7255369928400954,191.0,74.0,191.0,74.0,0
per_huruf,4,3953,0.7257205801358546,191.04688211197092,74.07692307692308,191.04688211197092,74.07692307692308,0
per_huruf,4,3954,0.7259041674316137,191.10878470641785,74.15384615384615,191.10878470641785,74.15384615384615,0
per_huruf,4,3955,0.7260877547273729,191.18297678652704,74.23076923076923,191.18297678652704,74.23076923076923,0
per_huruf,4,3956,0.726271342023132,191.26672735548473,74.30769230769229,191.26672735548473,74.30769230769229,0
per_huruf,4,3957,0.7264549293188911,191.35730541647706,74.3846153846154,191.35730541647706,74.3846153846154,0
per_huruf,4,3958,0.7266385166146503,191.45197997269003,74.46153846153847,191.45197997269003,74.46153846153847,0
per_huruf,4,3959,0.7268221039104094,191.54802002730997,74.53846153846153,191.54802002730997,74.53846153846153,0
per_huruf,4,3960,0.7270056912061685,191.642694583523,74.61538461538461,191.642694583523,74.61538461538461,0
per_huruf,4,3961,0.7271892785019277,191.73327264451524,74.6923076923077,191.73327264451524,74.6923076923077,0
per_huruf,4,3962,0.7273728657976868,191.8170232134729,74.76923076923077,191.8170232134729,74.76923076923077,0
per_huruf,4,3963,0.727556453093446,191.89121529358215,74.84615384615384,191.89121529358215,74.84615384615384,0
per_huruf,4,3964,0.727740040389205,191.9531178880291,74.92307692307692,191.9531178880291,74.92307692307692,0
per_huruf,4,3965,0.7279236276849642,192.0,75.0,192.0,75.0,0
per_huruf,4,3966,0.7281072149807233,192.03277196176606,75.07692307692308,192.03277196176606,75.07692307692308,0
per_huruf,4,3967,0.7282908022764825,192.05507510241236,75.15384615384616,192.05507510241236,75.15384615384616,0
per_huruf,4,3968,0.7284743895722416,192.06827492034589,75.23076923076923,192.06827492034589,75.23076923076923,0
per_huruf,4,3969,0.7286579768680007,192.0737369139736,75.3076923076923,192.0737369139736,75.3076923076923,0
per_huruf,4,3970,0.7288415641637599,192.07282658170234,75.3846153846154,192.07282658170234,75.3846153846154,0
per_huruf,4,3971,0.729025151459519,192.06690942193902,75.46153846153847,192.06690942193902,75.46153846153847,0
per_huruf,4,3972,0.7292087387552781,192.05735093309056,75.53846153846153,192.05735093309056,75.53846153846153,0
per_huruf,4,3973,0.7293923260510373,192.04551661356396,75.61538461538461,192.04551661356396,75.61538461538461,0
per_huruf,4,3974,0.7295759133467964,192.03277196176603,75.6923076923077,192.03277196176603,75.6923076923077,0
per_huruf,4,3975,0.7297595006425556,192.02048247610378,75.76923076923077,192.02048247610378,75.76923076923077,0
per_huruf,4,3976,0.7299430879383146,192.01001365498408,75.84615384615384,192.01001365498408,75.84615384615384,0
per_huruf,4,3977,0.7301266752340738,192.00273099681382,75.92307692307692,192.00273099681382,75.92307692307692,0
per_huruf,4,3978,0.7303102625298329,192.0,76.0,192.0,76.0,0
per_huruf,4,3979,0.7304938498255921,191.9972690031862,76.0769230769231,191.9972690031862,76.0769230769231,0
per_huruf,4,3980,0.7306774371213512,191.98998634501595,76.15384615384616,191.98998634501595,76.15384615384616,0
per_huruf,4,3981,0.7308610244171103,191.9795175238962,76.23076923076921,191.9795175238962,76.23076923076921,0
per_huruf,4,3982,0.7310446117128695,191.96722803823394,76.30769230769229,191.96722803823394,76.30769230769229,0
per_huruf,4,3983,0.7312281990086286,191.9544833864361,76.3846153846154,191.9544833864361,76.3846153846154,0
per_huruf,4,3984,0.7314117863043877,191.94264906690944,76.46153846153847,191.94264906690944,76.46153846153847,0
per_huruf,4,3985,0.7315953736001469,191.933090578061,76.53846153846155,191.933090578061,76.53846153846155,0
per_huruf,4,3986,0.731778960895906,191.92717341829768,76.61538461538461,191.92717341829768,76.61538461538461,0
per_huruf,4,3987,0.7319625481916652,191.9262630860264,76.6923076923077,191.9262630860264,76.6923076923077,0
per_huruf,4,3988,0.7321461354874242,191.9317250796541,76.76923076923077,191.9317250796541,76.76923076923077,0
per_huruf,4,3989,0.7323297227831834,191.9449248975876,76.84615384615384,191.9449248975876,76.84615384615384,0
per_huruf,4,3990,0.7325133100789425,191.96722803823394,76.92307692307692,191.96722803823394,76.92307692307692,0
per_huruf,4,3991,0.7326968973747017,192.0,77.0,192.0,77.0,0
per_huruf,4,3992,0.7328804846704609,192.04415111515704,77.07692307692308,192.04415111515704,77.07692307692308,0
per_huruf,4,3993,0.7330640719662199,192.09877105143377,77.15384615384616,192.09877105143377,77.15384615384616,0
per_huruf,4,3994,0.7332476592619791,192.16249431042328,77.23076923076923,192.16249431042328,77.23076923076923,0
per_huruf,4,3995,0.7334312465577382,192.2339553937187,77.30769230769229,192.2339553937187,77.30769230769229,0
per_huruf,4,3996,0.7336148338534974,192.3117888029131,77.3846153846154,192.3117888029131,77.3846153846154,0
per_huruf,4,3997,0.7337984211492564,192.39462903959947,77.46153846153847,192.39462903959947,77.46153846153847,0
per_huruf,4,3998,0.7339820084450156,192.48111060537096,77.53846153846155,192.48111060537096,77.53846153846155,0
per_huruf,4,3999,0.7341655957407748,192.56986800182068,77.61538461538461,192.56986800182068,77.61538461538461,0
per_huruf,4,4000,0.7343491830365338,192.65953573054165,77.6923076923077,192.65953573054165,77.6923076923077,0
per_huruf,4,4001,0.734532770332293,192.74874829312697,77.76923076923077,192.74874829312697,77.76923076923077,0
per_huruf,4,4002,0.7347163576280521,192.83614019116976,77.84615384615385,192.83614019116976,77.84615384615385,0
per_huruf,4,4003,0.7348999449238113,192.92034592626308,77.92307692307692,192.92034592626308,77.92307692307692,0
per_huruf,4,4004,0.7350835322195705,193.0,78.0,193.0,78.0,0
per_huruf,4,4005,0.7352671195153295,193.07692307692312,78.0769230769231,193.07692307692312,78.0769230769231,0
per_huruf,4,4006,0.7354507068110887,193.15384615384616,78.15384615384615,193.15384615384616,78.15384615384615,0
per_huruf,4,4007,0.7356342941068478,193.2307692307692,78.23076923076921,193.2307692307692,78.23076923076921,0
per_huruf,4,4008,0.735817881402607,193.3076923076923,78.3076923076923,193.3076923076923,78.3076923076923,0
per_huruf,4,4009,0.736001468698366,193.38461538461542,78.3846153846154,193.38461538461542,78.3846153846154,0
per_huruf,4,4010,0.7361850559941252,193.46153846153848,78.46153846153847,193.46153846153848,78.46153846153847,0
per_huruf,4,4011,0.7363686432898844,193.53846153846155,78.53846153846153,193.53846153846155,78.53846153846153,0
per_huruf,4,4012,0.7365522305856435,193.6153846153846,78.61538461538461,193.6153846153846,78.61538461538461,0
per_huruf,4,4013,0.7367358178814026,193.69230769230768,78.6923076923077,193.69230769230768,78.6923076923077,0
per_huruf,4,4014,0.7369194051771617,193.76923076923075,78.76923076923077,193.76923076923075,78.76923076923077,0
per_huruf,4,4015,0.7371029924729209,193.84615384615387,78.84615384615384,193.84615384615387,78.84615384615384,0
per_huruf,4,4016,0.7372865797686801,193.92307692307693,78.92307692307692,193.92307692307693,78.92307692307692,0
per_huruf,4,4017,0.7374701670644391,194.0,79.0,194.0,79.0,0
per_huruf,4,4018,0.7376537543601983,194.0769230769231,79.07692307692308,194.0769230769231,79.07692307692308,0
per_huruf,4,4019,0.7378373416559574,194.1538461538462,79.15384615384617,194.1538461538462,79.15384615384617,0
per_huruf,4,4020,0.7380209289517166,194.2307692307692,79.23076923076921,194.2307692307692,79.23076923076921,0
per_huruf,4,4021,0.7382045162474756,194.30769230769232,79.3076923076923,194.30769230769232,79.3076923076923,0
per_huruf,4,4022,0.7383881035432348,194.3846153846154,79.3846153846154,194.3846153846154,79.3846153846154,0
per_huruf,4,4023,0.738571690838994,194.46153846153848,79.46153846153847,194.46153846153848,79.46153846153847,0
per_huruf,4,4024,0.7387552781347531,194.53846153846155,79.53846153846155,194.53846153846155,79.53846153846155,0
per_huruf,4,4025,0.7389388654305122,194.61538461538464,79.61538461538463,194.61538461538464,79.61538461538463,0
per_huruf,4,4026,0.7391224527262713,194.69230769230765,79.69230769230768,194.69230769230765,79.69230769230768,0
per_huruf,4,4027,0.7393060400220305,194.76923076923075,79.76923076923077,194.76923076923075,79.76923076923077,0
per_huruf,4,4028,0.7394896273177896,194.84615384615387,79.84615384615384,194.84615384615387,79.84615384615384,0
per_huruf,4,4029,0.7396732146135487,194.9230769230769,79.92307692307692,194.9230769230769,79.92307692307692,0
per_huruf,4,4030,0.7398568019093079,195.0,80.0,195.0,80.0,0
per_huruf,4,4031,0.740040389205067,195.0769230769231,80.07965407373692,195.0769230769231,80.07965407373692,0
per_huruf,4,4032,0.7402239765008262,195.15384615384616,80.16385980883022,195.15384615384616,80.16385980883022,0
per_huruf,4,4033,0.7404075637965852,195.2307692307692,80.25125170687299,195.2307692307692,80.25125170687299,0
per_huruf,4,4034,0.7405911510923444,195.30769230769226,80.34046426945834,195.30769230769226,80.34046426945834,0
per_huruf,4,4035,0.7407747383881036,195.38461538461542,80.43013199817933,195.38461538461542,80.43013199817933,0
per_huruf,4,4036,0.7409583256838627,195.46153846153845,80.51888939462904,195.46153846153845,80.51888939462904,0
per_huruf,4,4037,0.7411419129796218,195.53846153846155,80.60537096040053,195.53846153846155,80.60537096040053,0
per_huruf,4,4038,0.7413255002753809,195.6153846153846,80.68821119708694,195.6153846153846,80.68821119708694,0
per_huruf,4,4039,0.7415090875711401,195.69230769230768,80.76604460628128,195.69230769230768,80.76604460628128,0
per_huruf,4,4040,0.7416926748668992,195.76923076923075,80.83750568957669,195.76923076923075,80.83750568957669,0
per_huruf,4,4041,0.7418762621626583,195.84615384615384,80.90122894856623,195.84615384615384,80.90122894856623,0
per_huruf,4,4042,0.7420598494584175,195.9230769230769,80.95584888484296,195.9230769230769,80.95584888484296,0
per_huruf,4,4043,0.7422434367541766,196.0,81.0,196.0,81.0,0
per_huruf,4,4044,0.7424270240499358,196.07692307692312,81.03277196176606,196.07692307692312,81.03277196176606,0
per_huruf,4,4045,0.7426106113456948,196.15384615384616,81.05507510241237,196.15384615384616,81.05507510241237,0
per_huruf,4,4046,0.742794198641454,196.2307692307692,81.06827492034591,196.2307692307692,81.06827492034591,0
per_huruf,4,4047,0.7429777859372132,196.30769230769226,81.07373691397359,196.30769230769226,81.07373691397359,0
per_huruf,4,4048,0.7431613732329723,196.38461538461542,81.07282658170233,196.38461538461542,81.07282658170233,0
per_huruf,4,4049,0.7433449605287314,196.46153846153848,81.06690942193902,196.46153846153848,81.06690942193902,0
per_huruf,4,4050,0.7435285478244905,196.53846153846155,81.05735093309059,196.53846153846155,81.05735093309059,0
per_huruf,4,4051,0.7437121351202497,196.6153846153846,81.04551661356396,196.6153846153846,81.04551661356396,0
per_huruf,4,4052,0.7438957224160088,196.69230769230768,81.03277196176604,196.69230769230768,81.03277196176604,0
per_huruf,4,4053,0.7440793097117679,196.76923076923075,81.02048247610377,196.76923076923075,81.02048247610377,0
per_huruf,4,4054,0.7442628970075271,196.84615384615387,81.01001365498408,196.84615384615387,81.01001365498408,0
per_huruf,4,4055,0.7444464843032862,196.9230769230769,81.00273099681384,196.9230769230769,81.00273099681384,0
per_huruf,4,4056,0.7446300715990454,197.0,81.0,197.0,81.0,0
per_huruf,4,4057,0.7448136588948044,197.07692307692312,80.99726900318618,197.07692307692312,80.99726900318618,0
per_huruf,4,4058,0.7449972461905636,197.1538461538462,80.98998634501594,197.1538461538462,80.98998634501594,0
per_huruf,4,4059,0.7451808334863228,197.2307692307692,80.9795175238962,197.2307692307692,80.9795175238962,0
per_huruf,4,4060,0.7453644207820819,197.30769230769226,80.96722803823394,197.30769230769226,80.96722803823394,0
per_huruf,4,4061,0.745548008077841,197.38461538461542,80.95448338643605,197.38461538461542,80.95448338643605,0
per_huruf,4,4062,0.7457315953736001,197.46153846153848,80.94264906690944,197.46153846153848,80.94264906690944,0
per_huruf,4,4063,0.7459151826693593,197.53846153846152,80.93309057806098,197.53846153846152,80.93309057806098,0
per_huruf,4,4064,0.7460987699651184,197.6153846153846,80.92717341829768,197.6153846153846,80.92717341829768,0
per_huruf,4,4065,0.7462823572608775,197.69230769230768,80.9262630860264,197.69230769230768,80.9262630860264,0
per_huruf,4,4066,0.7464659445566367,197.76923076923075,80.93172507965406,197.76923076923075,80.93172507965406,0
per_huruf,4,4067,0.7466495318523958,197.84615384615387,80.94492489758761,197.84615384615387,80.94492489758761,0
per_huruf,4,4068,0.746833119148155,197.9230769230769,80.96722803823396,197.9230769230769,80.96722803823396,0
per_huruf,4,4069,0.747016706443914,198.0,81.0,198.0,81.0,0
per_huruf,4,4070,0.7472002937396732,198.07692307692312,81.04688211197089,198.07692307692312,81.04688211197089,0
per_huruf,4,4071,0.7473838810354323,198.15384615384613,81.10878470641784,198.15384615384613,81.10878470641784,0
per_huruf,4,4072,0.7475674683311915,198.23076923076923,81.18297678652708,198.23076923076923,81.18297678652708,0
per_huruf,4,4073,0.7477510556269507,198.3076923076923,81.26672735548473,198.3076923076923,81.26672735548473,0
per_huruf,4,4074,0.7479346429227097,198.38461538461542,81.35730541647702,198.38461538461542,81.35730541647702,0
per_huruf,4,4075,0.7481182302184689,198.46153846153848,81.45197997269004,198.46153846153848,81.45197997269004,0
per_huruf,4,4076,0.748301817514228,198.53846153846152,81.54802002730996,198.53846153846152,81.54802002730996,0
per_huruf,4,4077,0.7484854048099872,198.6153846153846,81.642694583523,198.6153846153846,81.642694583523,0
per_huruf,4,4078,0.7486689921057463,198.69230769230768,81.73327264451524,198.69230769230768,81.73327264451524,0
per_huruf,4,4079,0.7488525794015054,198.76923076923075,81.81702321347291,198.76923076923075,81.81702321347291,0
per_huruf,4,4080,0.7490361666972646,198.84615384615384,81.89121529358215,198.84615384615384,81.89121529358215,0
per_huruf,4,4081,0.7492197539930237,198.9230769230769,81.95311788802913,198.9230769230769,81.95311788802913,0
per_huruf,4,4082,0.7494033412887828,199.0,82.0,199.0,82.0,0
per_huruf,4,4083,0.7495869285845419,199.07692307692307,82.03277196176606,199.07692307692307,82.03277196176606,0
per_huruf,4,4084,0.7497705158803011,199.15384615384616,82.05507510241239,199.15384615384616,82.05507510241239,0
per_huruf,4,4085,0.7499541031760603,199.2307692307692,82.06827492034593,199.2307692307692,82.06827492034593,0
per_huruf,4,4086,0.7501376904718193,199.3076923076923,82.07373691397359,199.3076923076923,82.07373691397359,0
per_huruf,4,4087,0.7503212777675785,199.38461538461542,82.07282658170233,199.38461538461542,82.07282658170233,0
per_huruf,4,4088,0.7505048650633376,199.46153846153848,82.06690942193902,199.46153846153848,82.06690942193902,0
per_huruf,4,4089,0.7506884523590968,199.53846153846152,82.05735093309058,199.53846153846152,82.05735093309058,0
per_huruf,4,4090,0.7508720396548559,199.6153846153846,82.04551661356396,199.6153846153846,82.04551661356396,0
per_huruf,4,4091,0.751055626950615,199.69230769230768,82.03277196176604,199.69230769230768,82.03277196176604,0
per_huruf,4,4092,0.7512392142463742,199.76923076923075,82.02048247610377,199.76923076923075,82.02048247610377,0
per_huruf,4,4093,0.7514228015421333,199.84615384615387,82.01001365498408,199.84615384615387,82.01001365498408,0
per_huruf,4,4094,0.7516063888378924,199.9230769230769,82.00273099681382,199.9230769230769,82.00273099681382,0
per_huruf,4,4095,0.7517899761336515,200.0,82.0,200.0,82.0,0
per_huruf,4,4096,0.7519735634294107,200.07692307692312,82.00000000000001,200.07692307692312,82.00000000000001,0
per_huruf,4,4097,0.7521571507251699,200.15384615384622,82.0,200.15384615384622,82.0,0
per_huruf,4,4098,0.7523407380209289,200.23076923076923,82.0,200.23076923076923,82.0,0
per_huruf,4,4099,0.7525243253166881,200.3076923076923,82.0,200.3076923076923,82.0,0
per_huruf,4,4100,0.7527079126124472,200.38461538461542,82.00000000000001,200.38461538461542,82.00000000000001,0
per_huruf,4,4101,0.7528914999082064,200.46153846153848,82.00000000000001,200.46153846153848,82.00000000000001,0
per_huruf,4,4102,0.7530750872039654,200.53846153846155,82.0,200.53846153846155,82.0,0
per_huruf,4,4103,0.7532586744997246,200.6153846153846,82.0,200.6153846153846,82.0,0
per_huruf,4,4104,0.7534422617954838,200.69230769230768,82.0,200.69230769230768,82.0,0
per_huruf,4,4105,0.7536258490912429,200.76923076923075,81.99999999999999,200.76923076923075,81.99999999999999,0
per_huruf,4,4106,0.753809436387002,200.84615384615387,82.0,200.84615384615387,82.0,0
per_huruf,4,4107,0.7539930236827611,200.9230769230769,82.0,200.9230769230769,82.0,0
per_huruf,4,4108,0.7541766109785203,201.0,82.0,201.0,82.0,0
per_huruf,4,4109,0.7543601982742795,201.0769230769231,82.00000000000001,201.0769230769231,82.00000000000001,0
per_huruf,4,4110,0.7545437855700385,201.15384615384616,82.0,201.15384615384616,82.0,0
per_huruf,4,4111,0.7547273728657977,201.2307692307692,82.0,201.2307692307692,82.0,0
per_huruf,4,4112,0.7549109601615568,201.3076923076923,82.0,201.3076923076923,82.0,0
per_huruf,4,4113,0.755094547457316,201.3846153846154,82.00000000000001,201.3846153846154,82.00000000000001,0
per_huruf,4,4114,0.755278134753075,201.46153846153848,82.00000000000001,201.46153846153848,82.00000000000001,0
per_huruf,4,4115,0.7554617220488342,201.53846153846155,82.0,201.53846153846155,82.0,0
per_huruf,4,4116,0.7556453093445934,201.6153846153846,82.0,201.6153846153846,82.0,0
per_huruf,4,4117,0.7558288966403525,201.69230769230768,82.0,201.69230769230768,82.0,0
per_huruf,4,4118,0.7560124839361116,201.76923076923077,81.99999999999999,201.76923076923077,81.99999999999999,0
per_huruf,4,4119,0.7561960712318707,201.84615384615387,82.0,201.84615384615387,82.0,0
per_huruf,4,4120,0.7563796585276299,201.9230769230769,82.0,201.9230769230769,82.0,0
per_huruf,4,4121,0.7565632458233891,202.0,82.0,202.0,82.0,0
per_huruf,4,4122,0.7567468331191481,202.07692307692312,82.00273099681385,202.07692307692312,82.00273099681385,0
per_huruf,4,4123,0.7569304204149073,202.1538461538462,82.01001365498408,202.1538461538462,82.01001365498408,0
per_huruf,4,4124,0.7571140077106664,202.2307692307692,82.02048247610378,202.2307692307692,82.02048247610378,0
per_huruf,4,4125,0.7572975950064256,202.30769230769232,82.03277196176603,202.30769230769232,82.03277196176603,0
per_huruf,4,4126,0.7574811823021846,202.3846153846154,82.04551661356396,202.3846153846154,82.04551661356396,0
per_huruf,4,4127,0.7576647695979438,202.46153846153848,82.05735093309059,202.46153846153848,82.05735093309059,0
per_huruf,4,4128,0.757848356893703,202.53846153846155,82.066909421939,202.53846153846155,82.066909421939,0
per_huruf,4,4129,0.7580319441894621,202.6153846153846,82.07282658170233,202.6153846153846,82.07282658170233,0
per_huruf,4,4130,0.7582155314852213,202.69230769230768,82.0737369139736,202.69230769230768,82.0737369139736,0
per_huruf,4,4131,0.7583991187809803,202.76923076923075,82.06827492034591,202.76923076923075,82.06827492034591,0
per_huruf,4,4132,0.7585827060767395,202.84615384615387,82.05507510241239,202.84615384615387,82.05507510241239,0
per_huruf,4,4133,0.7587662933724986,202.9230769230769,82.03277196176603,202.9230769230769,82.03277196176603,0
per_huruf,4,4134,0.7589498806682577,203.0,82.0,203.0,82.0,0
per_huruf,4,4135,0.7591334679640169,203.0769230769231,81.95311788802914,203.0769230769231,81.95311788802914,0
per_huruf,4,4136,0.759317055259776,203.15384615384616,81.89121529358216,203.15384615384616,81.89121529358216,0
per_huruf,4,4137,0.7595006425555352,203.2307692307692,81.81702321347291,203.2307692307692,81.81702321347291,0
per_huruf,4,4138,0.7596842298512942,203.3076923076923,81.73327264451524,203.3076923076923,81.73327264451524,0
per_huruf,4,4139,0.7598678171470534,203.38461538461542,81.642694583523,203.38461538461542,81.642694583523,0
per_huruf,4,4140,0.7600514044428126,203.4615384615385,81.54802002730997,203.4615384615385,81.54802002730997,0
per_huruf,4,4141,0.7602349917385717,203.53846153846152,81.45197997269003,203.53846153846152,81.45197997269003,0
per_huruf,4,4142,0.7604185790343309,203.6153846153846,81.35730541647702,203.6153846153846,81.35730541647702,0
per_huruf,4,4143,0.7606021663300899,203.69230769230768,81.26672735548476,203.69230769230768,81.26672735548476,0
per_huruf,4,4144,0.7607857536258491,203.76923076923075,81.18297678652708,203.76923076923075,81.18297678652708,0
per_huruf,4,4145,0.7609693409216082,203.84615384615387,81.10878470641785,203.84615384615387,81.10878470641785,0
per_huruf,4,4146,0.7611529282173674,203.9230769230769,81.04688211197087,203.9230769230769,81.04688211197087,0
per_huruf,4,4147,0.7613365155131265,204.0,81.0,204.0,81.0,0
per_huruf,4,4148,0.7615201028088856,204.0769230769231,80.96995903504781,204.0769230769231,80.96995903504781,0
per_huruf,4,4149,0.7617036901046448,204.15384615384616,80.9549385525717,204.15384615384616,80.9549385525717,0
per_huruf,4,4150,0.7618872774004039,204.23076923076917,80.95220755575784,204.23076923076917,80.95220755575784,0
per_huruf,4,4151,0.762070864696163,204.3076923076923,80.95903504779244,204.3076923076923,80.95903504779244,0
per_huruf,4,4152,0.7622544519919222,204.38461538461542,80.97269003186163,204.38461538461542,80.97269003186163,0
per_huruf,4,4153,0.7624380392876813,204.46153846153848,80.99044151115157,204.46153846153848,80.99044151115157,0
per_huruf,4,4154,0.7626216265834405,204.53846153846155,81.00955848884843,204.53846153846155,81.00955848884843,0
per_huruf,4,4155,0.7628052138791995,204.61538461538458,81.02730996813837,204.61538461538458,81.02730996813837,0
per_huruf,4,4156,0.7629888011749587,204.69230769230768,81.04096495220756,204.69230769230768,81.04096495220756,0
per_huruf,4,4157,0.7631723884707178,204.76923076923072,81.04779244424213,204.76923076923072,81.04779244424213,0
per_huruf,4,4158,0.763355975766477,204.84615384615387,81.04506144742831,204.84615384615387,81.04506144742831,0
per_huruf,4,4159,0.7635395630622361,204.9230769230769,81.0300409649522,204.9230769230769,81.0300409649522,0
per_huruf,4,4160,0.7637231503579952,205.0,81.0,205.0,81.0,0
per_huruf,4,4161,0.7639067376537544,205.07692307692312,80.95311788802914,205.07692307692312,80.95311788802914,0
per_huruf,4,4162,0.7640903249495135,205.1538461538462,80.89121529358218,205.1538461538462,80.89121529358218,0
per_huruf,4,4163,0.7642739122452726,205.23076923076923,80.8170232134729,205.23076923076923,80.8170232134729,0
per_huruf,4,4164,0.7644574995410318,205.3076923076923,80.73327264451525,205.3076923076923,80.73327264451525,0
per_huruf,4,4165,0.7646410868367909,205.38461538461542,80.642694583523,205.38461538461542,80.642694583523,0
per_huruf,4,4166,0.7648246741325501,205.46153846153845,80.54802002730997,205.46153846153845,80.54802002730997,0
per_huruf,4,4167,0.7650082614283091,205.53846153846155,80.45197997269003,205.53846153846155,80.45197997269003,0
per_huruf,4,4168,0.7651918487240683,205.61538461538464,80.35730541647702,205.61538461538464,80.35730541647702,0
per_huruf,4,4169,0.7653754360198274,205.69230769230768,80.26672735548475,205.69230769230768,80.26672735548475,0
per_huruf,4,4170,0.7655590233155866,205.76923076923075,80.18297678652708,205.76923076923075,80.18297678652708,0
per_huruf,4,4171,0.7657426106113457,205.84615384615387,80.10878470641785,205.84615384615387,80.10878470641785,0
per_huruf,4,4172,0.7659261979071048,205.9230769230769,80.04688211197087,205.9230769230769,80.04688211197087,0
per_huruf,4,4173,0.766109785202864,206.0,80.0,206.0,80.0,0
per_huruf,4,4174,0.7662933724986231,206.0769230769231,79.96722803823396,206.0769230769231,79.96722803823396,0
per_huruf,4,4175,0.7664769597943822,206.15384615384616,79.94492489758763,206.15384615384616,79.94492489758763,0
per_huruf,4,4176,0.7666605470901413,206.2307692307692,79.93172507965407,206.2307692307692,79.93172507965407,0
per_huruf,4,4177,0.7668441343859005,206.30769230769226,79.9262630860264,206.30769230769226,79.9262630860264,0
per_huruf,4,4178,0.7670277216816597,206.38461538461542,79.9271734182977,206.38461538461542,79.9271734182977,0
per_huruf,4,4179,0.7672113089774187,206.46153846153848,79.933090578061,206.46153846153848,79.933090578061,0
per_huruf,4,4180,0.7673948962731779,206.53846153846155,79.94264906690941,206.53846153846155,79.94264906690941,0
per_huruf,4,4181,0.767578483568937,206.61538461538464,79.95448338643605,206.61538461538464,79.95448338643605,0
per_huruf,4,4182,0.7677620708646962,206.69230769230768,79.96722803823394,206.69230769230768,79.96722803823394,0
per_huruf,4,4183,0.7679456581604553,206.76923076923075,79.97951752389622,206.76923076923075,79.97951752389622,0
per_huruf,4,4184,0.7681292454562144,206.84615384615387,79.98998634501594,206.84615384615387,79.98998634501594,0
per_huruf,4,4185,0.7683128327519736,206.9230769230769,79.99726900318616,206.9230769230769,79.99726900318616,0
per_huruf,4,4186,0.7684964200477327,207.0,80.0,207.0,80.0,0
per_huruf,4,4187,0.7686800073434918,207.0769230769231,80.00000000000001,207.0769230769231,80.00000000000001,0
per_huruf,4,4188,0.7688635946392509,207.15384615384616,80.0,207.15384615384616,80.0,0
per_huruf,4,4189,0.7690471819350101,207.23076923076923,79.99999999999999,207.23076923076923,79.99999999999999,0
per_huruf,4,4190,0.7692307692307693,207.3076923076923,80.0,207.3076923076923,80.0,0
per_huruf,4,4191,0.7694143565265283,207.38461538461542,80.00000000000001,207.38461538461542,80.00000000000001,0
per_huruf,4,4192,0.7695979438222875,207.46153846153848,80.00000000000001,207.46153846153848,80.00000000000001,0
per_huruf,4,4193,0.7697815311180466,207.53846153846155,80.0,207.53846153846155,80.0,0
per_huruf,4,4194,0.7699651184138058,207.61538461538464,80.0,207.61538461538464,80.0,0
per_huruf,4,4195,0.770148705709565,207.69230769230768,80.0,207.69230769230768,80.0,0
per_huruf,4,4196,0.770332293005324,207.76923076923075,80.0,207.76923076923075,80.0,0
per_huruf,4,4197,0.7705158803010832,207.84615384615387,80.0,207.84615384615387,80.0,0
per_huruf,4,4198,0.7706994675968423,207.9230769230769,80.0,207.9230769230769,80.0,0
per_huruf,4,4199,0.7708830548926014,208.0,80.0,208.0,80.0,0
per_huruf,4,4200,0.7710666421883605,208.0769230769231,80.00273099681385,208.0769230769231,80.00273099681385,0
per_huruf,4,4201,0.7712502294841197,208.15384615384616,80.01001365498408,208.15384615384616,80.01001365498408,0
per_huruf,4,4202,0.7714338167798789,208.2307692307692,80.02048247610377,208.2307692307692,80.02048247610377,0
per_huruf,4,4203,0.771617404075638,208.30769230769226,80.03277196176604,208.30769230769226,80.03277196176604,0
per_huruf,4,4204,0.7718009913713971,208.38461538461542,80.04551661356396,208.38461538461542,80.04551661356396,0
per_huruf,4,4205,0.7719845786671562,208.46153846153848,80.05735093309059,208.46153846153848,80.05735093309059,0
per_huruf,4,4206,0.7721681659629154,208.53846153846155,80.06690942193902,208.53846153846155,80.06690942193902,0
per_huruf,4,4207,0.7723517532586744,208.61538461538458,80.07282658170233,208.61538461538458,80.07282658170233,0
per_huruf,4,4208,0.7725353405544336,208.69230769230768,80.07373691397359,208.69230769230768,80.07373691397359,0
per_huruf,4,4209,0.7727189278501928,208.76923076923072,80.06827492034591,208.76923076923072,80.06827492034591,0
per_huruf,4,4210,0.7729025151459519,208.84615384615384,80.05507510241239,208.84615384615384,80.05507510241239,0
per_huruf,4,4211,0.773086102441711,208.9230769230769,80.03277196176604,208.9230769230769,80.03277196176604,0
per_huruf,4,4212,0.7732696897374701,209.0,80.0,209.0,80.0,0
per_huruf,4,4213,0.7734532770332293,209.0769230769231,79.95311788802914,209.0769230769231,79.95311788802914,0
per_huruf,4,4214,0.7736368643289885,209.15384615384616,79.89121529358215,209.15384615384616,79.89121529358215,0
per_huruf,4,4215,0.7738204516247476,209.2307692307692,79.81702321347291,209.2307692307692,79.81702321347291,0
per_huruf,4,4216,0.7740040389205067,209.3076923076923,79.73327264451524,209.3076923076923,79.73327264451524,0
per_huruf,4,4217,0.7741876262162658,209.3846153846154,79.642694583523,209.3846153846154,79.642694583523,0
per_huruf,4,4218,0.774371213512025,209.46153846153845,79.54802002730997,209.46153846153845,79.54802002730997,0
per_huruf,4,4219,0.774554800807784,209.53846153846152,79.45197997269004,209.53846153846152,79.45197997269004,0
per_huruf,4,4220,0.7747383881035432,209.61538461538464,79.35730541647702,209.61538461538464,79.35730541647702,0
per_huruf,4,4221,0.7749219753993024,209.69230769230768,79.26672735548475,209.69230769230768,79.26672735548475,0
per_huruf,4,4222,0.7751055626950615,209.76923076923077,79.18297678652709,209.76923076923077,79.18297678652709,0
per_huruf,4,4223,0.7752891499908207,209.84615384615384,79.10878470641785,209.84615384615384,79.10878470641785,0
per_huruf,4,4224,0.7754727372865797,209.9230769230769,79.04688211197087,209.9230769230769,79.04688211197087,0
per_huruf,4,4225,0.7756563245823389,210.0,79.0,210.0,79.0,0
per_huruf,4,4226,0.7758399118780981,210.07692307692312,78.96995903504781,210.07692307692312,78.96995903504781,0
per_huruf,4,4227,0.7760234991738572,210.15384615384616,78.95493855257169,210.15384615384616,78.95493855257169,0
per_huruf,4,4228,0.7762070864696163,210.2307692307692,78.95220755575784,210.2307692307692,78.95220755575784,0
per_huruf,4,4229,0.7763906737653754,210.3076923076923,78.95903504779244,210.3076923076923,78.95903504779244,0
per_huruf,4,4230,0.7765742610611346,210.3846153846154,78.97269003186163,210.3846153846154,78.97269003186163,0
per_huruf,4,4231,0.7767578483568937,210.46153846153848,78.99044151115157,210.46153846153848,78.99044151115157,0
per_huruf,4,4232,0.7769414356526528,210.53846153846155,79.00955848884843,210.53846153846155,79.00955848884843,0
per_huruf,4,4233,0.777125022948412,210.61538461538458,79.02730996813838,210.61538461538458,79.02730996813838,0
per_huruf,4,4234,0.7773086102441711,210.69230769230768,79.04096495220755,210.69230769230768,79.04096495220755,0
per_huruf,4,4235,0.7774921975399303,210.76923076923075,79.04779244424215,210.76923076923075,79.04779244424215,0
per_huruf,4,4236,0.7776757848356893,210.84615384615387,79.04506144742831,210.84615384615387,79.04506144742831,0
per_huruf,4,4237,0.7778593721314485,210.9230769230769,79.0300409649522,210.9230769230769,79.0300409649522,0
per_huruf,4,4238,0.7780429594272077,211.0,79.0,211.0,79.0,0
per_huruf,4,4239,0.7782265467229668,211.0769230769231,78.95584888484298,211.0769230769231,78.95584888484298,0
per_huruf,4,4240,0.7784101340187259,211.15384615384616,78.90122894856623,211.15384615384616,78.90122894856623,0
per_huruf,4,4241,0.778593721314485,211.2307692307692,78.83750568957669,211.2307692307692,78.83750568957669,0
per_huruf,4,4242,0.7787773086102442,211.30769230769226,78.76604460628128,211.30769230769226,78.76604460628128,0
per_huruf,4,4243,0.7789608959060033,211.3846153846154,78.68821119708694,211.3846153846154,78.68821119708694,0
per_huruf,4,4244,0.7791444832017624,211.46153846153848,78.60537096040055,211.46153846153848,78.60537096040055,0
per_huruf,4,4245,0.7793280704975216,211.53846153846155,78.51888939462904,211.53846153846155,78.51888939462904,0
per_huruf,4,4246,0.7795116577932807,211.61538461538464,78.43013199817933,211.61538461538464,78.43013199817933,0
per_huruf,4,4247,0.7796952450890399,211.69230769230768,78.34046426945834,211.69230769230768,78.34046426945834,0
per_huruf,4,4248,0.7798788323847989,211.76923076923075,78.251251706873,211.76923076923075,78.251251706873,0
per_huruf,4,4249,0.7800624196805581,211.84615384615387,78.16385980883022,211.84615384615387,78.16385980883022,0
per_huruf,4,4250,0.7802460069763172,211.9230769230769,78.07965407373692,211.9230769230769,78.07965407373692,0
per_huruf,4,4251,0.7804295942720764,212.0,78.0,212.0,78.0,0
per_huruf,4,4252,0.7806131815678355,212.07692307692312,77.92034592626311,212.07692307692312,77.92034592626311,0
per_huruf,4,4253,0.7807967688635946,212.15384615384616,77.83614019116978,212.15384615384616,77.83614019116978,0
per_huruf,4,4254,0.7809803561593538,212.23076923076923,77.74874829312698,212.23076923076923,77.74874829312698,0
per_huruf,4,4255,0.7811639434551129,212.3076923076923,77.65953573054163,212.3076923076923,77.65953573054163,0
per_huruf,4,4256,0.781347530750872,212.38461538461542,77.56986800182068,212.38461538461542,77.56986800182068,0
per_huruf,4,4257,0.7815311180466312,212.46153846153848,77.48111060537097,212.46153846153848,77.48111060537097,0
per_huruf,4,4258,0.7817147053423903,212.53846153846155,77.39462903959947,212.53846153846155,77.39462903959947,0
per_huruf,4,4259,0.7818982926381495,212.6153846153846,77.31178880291307,212.6153846153846,77.31178880291307,0
per_huruf,4,4260,0.7820818799339085,212.69230769230768,77.2339553937187,212.69230769230768,77.2339553937187,0
per_huruf,4,4261,0.7822654672296677,212.76923076923075,77.16249431042331,212.76923076923075,77.16249431042331,0
per_huruf,4,4262,0.7824490545254268,212.84615384615387,77.09877105143377,212.84615384615387,77.09877105143377,0
per_huruf,4,4263,0.782632641821186,212.9230769230769,77.04415111515704,212.9230769230769,77.04415111515704,0
per_huruf,4,4264,0.7828162291169452,213.0,77.0,213.0,77.0,0
per_huruf,4,4265,0.7829998164127042,213.0769230769231,76.96722803823397,213.0769230769231,76.96722803823397,0
per_huruf,4,4266,0.7831834037084634,213.15384615384616,76.94492489758763,213.15384615384616,76.94492489758763,0
per_huruf,4,4267,0.7833669910042225,213.2307692307692,76.93172507965406,213.2307692307692,76.93172507965406,0
per_huruf,4,4268,0.7835505782999816,213.3076923076923,76.92626308602638,213.3076923076923,76.92626308602638,0
per_huruf,4,4269,0.7837341655957408,213.38461538461542,76.9271734182977,213.38461538461542,76.9271734182977,0
per_huruf,4,4270,0.7839177528914999,213.46153846153848,76.933090578061,213.46153846153848,76.933090578061,0
per_huruf,4,4271,0.7841013401872591,213.53846153846155,76.94264906690942,213.53846153846155,76.94264906690942,0
per_huruf,4,4272,0.7842849274830181,213.61538461538464,76.95448338643604,213.61538461538464,76.95448338643604,0
per_huruf,4,4273,0.7844685147787773,213.69230769230768,76.96722803823394,213.69230769230768,76.96722803823394,0
per_huruf,4,4274,0.7846521020745364,213.76923076923075,76.97951752389622,213.76923076923075,76.97951752389622,0
per_huruf,4,4275,0.7848356893702956,213.84615384615387,76.98998634501592,213.84615384615387,76.98998634501592,0
per_huruf,4,4276,0.7850192766660548,213.9230769230769,76.99726900318616,213.9230769230769,76.99726900318616,0
per_huruf,4,4277,0.7852028639618138,214.0,77.0,214.0,77.0,0
per_huruf,4,4278,0.785386451257573,214.07692307692312,77.00000000000001,214.07692307692312,77.00000000000001,0
per_huruf,4,4279,0.7855700385533321,214.15384615384616,77.00000000000001,214.15384615384616,77.00000000000001,0
per_huruf,4,4280,0.7857536258490913,214.2307692307692,76.99999999999999,214.2307692307692,76.99999999999999,0
per_huruf,4,4281,0.7859372131448503,214.3076923076923,76.99999999999999,214.3076923076923,76.99999999999999,0
per_huruf,4,4282,0.7861208004406095,214.38461538461542,77.00000000000001,214.38461538461542,77.00000000000001,0
per_huruf,4,4283,0.7863043877363687,214.46153846153848,77.0,214.46153846153848,77.0,0
per_huruf,4,4284,0.7864879750321278,214.53846153846155,77.00000000000001,214.53846153846155,77.00000000000001,0
per_huruf,4,4285,0.7866715623278869,214.6153846153846,77.0,214.6153846153846,77.0,0
per_huruf,4,4286,0.786855149623646,214.6923076923077,77.0,214.6923076923077,77.0,0
per_huruf,4,4287,0.7870387369194052,214.76923076923075,77.0,214.76923076923075,77.0,0
per_huruf,4,4288,0.7872223242151644,214.84615384615387,77.0,214.84615384615387,77.0,0
per_huruf,4,4289,0.7874059115109234,214.9230769230769,77.0,214.9230769230769,77.0,0
per_huruf,4,4290,0.7875894988066826,215.0,77.0,215.0,77.0,0
per_huruf,4,4291,0.7877730861024417,215.0769230769231,77.00000000000001,215.0769230769231,77.00000000000001,0
per_huruf,4,4292,0.7879566733982009,215.15384615384616,77.00000000000001,215.15384615384616,77.00000000000001,0
per_huruf,4,4293,0.7881402606939599,215.2307692307692,76.99999999999999,215.2307692307692,76.99999999999999,0
per_huruf,4,4294,0.7883238479897191,215.3076923076923,76.99999999999999,215.3076923076923,76.99999999999999,0
per_huruf,4,4295,0.7885074352854783,215.38461538461542,77.00000000000001,215.38461538461542,77.00000000000001,0
per_huruf,4,4296,0.7886910225812374,215.46153846153848,77.0,215.46153846153848,77.0,0
per_huruf,4,4297,0.7888746098769965,215.53846153846152,77.00000000000001,215.53846153846152,77.00000000000001,0
per_huruf,4,4298,0.7890581971727556,215.61538461538464,77.0,215.61538461538464,77.0,0
per_huruf,4,4299,0.7892417844685148,215.69230769230768,77.0,215.69230769230768,77.0,0
per_huruf,4,4300,0.789425371764274,215.76923076923077,77.0,215.76923076923077,77.0,0
per_huruf,4,4301,0.789608959060033,215.84615384615387,77.0,215.84615384615387,77.0,0
per_huruf,4,4302,0.7897925463557922,215.9230769230769,77.0,215.9230769230769,77.0,0
per_huruf,4,4303,0.7899761336515513,216.0,77.0,216.0,77.0,0
per_huruf,4,4304,0.7901597209473105,216.0769230769231,77.00000000000001,216.0769230769231,77.00000000000001,0
per_huruf,4,4305,0.7903433082430695,216.15384615384613,77.00000000000001,216.15384615384613,77.00000000000001,0
per_huruf,4,4306,0.7905268955388287,216.2307692307692,76.99999999999999,216.2307692307692,76.99999999999999,0
per_huruf,4,4307,0.7907104828345879,216.3076923076923,76.99999999999999,216.3076923076923,76.99999999999999,0
per_huruf,4,4308,0.790894070130347,216.38461538461544,77.00000000000001,216.38461538461544,77.00000000000001,0
per_huruf,4,4309,0.7910776574261061,216.4615384615385,77.0,216.4615384615385,77.0,0
per_huruf,4,4310,0.7912612447218652,216.53846153846155,77.00000000000001,216.53846153846155,77.00000000000001,0
per_huruf,4,4311,0.7914448320176244,216.6153846153846,77.0,216.6153846153846,77.0,0
per_huruf,4,4312,0.7916284193133836,216.69230769230768,77.0,216.69230769230768,77.0,0
per_huruf,4,4313,0.7918120066091426,216.76923076923075,77.0,216.76923076923075,77.0,0
per_huruf,4,4314,0.7919955939049018,216.84615384615387,77.0,216.84615384615387,77.0,0
per_huruf,4,4315,0.7921791812006609,216.9230769230769,77.0,216.9230769230769,77.0,0
per_huruf,4,4316,0.7923627684964201,217.0,77.0,217.0,77.0,0
per_huruf,4,4317,0.7925463557921791,217.07692307692312,77.00000000000001,217.07692307692312,77.00000000000001,0
per_huruf,4,4318,0.7927299430879383,217.1538461538462,77.00000000000001,217.1538461538462,77.00000000000001,0
per_huruf,4,4319,0.7929135303836975,217.23076923076923,76.99999999999999,217.23076923076923,76.99999999999999,0
per_huruf,4,4320,0.7930971176794566,217.3076923076923,76.99999999999999,217.3076923076923,76.99999999999999,0
per_huruf,4,4321,0.7932807049752157,217.38461538461542,77.00000000000001,217.38461538461542,77.00000000000001,0
per_huruf,4,4322,0.7934642922709748,217.46153846153848,77.0,217.46153846153848,77.0,0
per_huruf,4,4323,0.793647879566734,217.53846153846155,77.00000000000001,217.53846153846155,77.00000000000001,0
per_huruf,4,4324,0.7938314668624931,217.6153846153846,77.0,217.6153846153846,77.0,0
per_huruf,4,4325,0.7940150541582522,217.69230769230768,77.0,217.69230769230768,77.0,0
per_huruf,4,4326,0.7941986414540114,217.76923076923075,77.0,217.76923076923075,77.0,0
per_huruf,4,4327,0.7943822287497705,217.84615384615387,77.0,217.84615384615387,77.0,0
per_huruf,4,4328,0.7945658160455297,217.9230769230769,77.0,217.9230769230769,77.0,0
per_huruf,4,4329,0.7947494033412887,218.0,77.0,218.0,77.0,0
per_huruf,4,4330,0.7949329906370479,218.0769230769231,77.00273099681385,218.0769230769231,77.00273099681385,0
per_huruf,4,4331,0.7951165779328071,218.1538461538462,77.01001365498408,218.1538461538462,77.01001365498408,0
per_huruf,4,4332,0.7953001652285662,218.23076923076917,77.02048247610377,218.23076923076917,77.02048247610377,0
per_huruf,4,4333,0.7954837525243253,218.3076923076923,77.03277196176603,218.3076923076923,77.03277196176603,0
per_huruf,4,4334,0.7956673398200844,218.38461538461542,77.04551661356396,218.38461538461542,77.04551661356396,0
per_huruf,4,4335,0.7958509271158436,218.46153846153845,77.05735093309059,218.46153846153845,77.05735093309059,0
per_huruf,4,4336,0.7960345144116027,218.53846153846155,77.06690942193902,218.53846153846155,77.06690942193902,0
per_huruf,4,4337,0.7962181017073618,218.6153846153846,77.07282658170232,218.6153846153846,77.07282658170232,0
per_huruf,4,4338,0.796401689003121,218.69230769230768,77.07373691397359,218.69230769230768,77.07373691397359,0
per_huruf,4,4339,0.7965852762988801,218.76923076923075,77.06827492034591,218.76923076923075,77.06827492034591,0
per_huruf,4,4340,0.7967688635946393,218.84615384615387,77.05507510241239,218.84615384615387,77.05507510241239,0
per_huruf,4,4341,0.7969524508903983,218.9230769230769,77.03277196176604,218.9230769230769,77.03277196176604,0
per_huruf,4,4342,0.7971360381861575,219.0,77.0,219.0,77.0,0
per_huruf,4,4343,0.7973196254819167,219.09604005461995,76.9503868912153,219.09604005461995,76.9503868912153,0
per_huruf,4,4344,0.7975032127776758,219.22394173873465,76.8812016385981,219.22394173873465,76.8812016385981,0
per_huruf,4,4345,0.797686800073435,219.37414656349566,76.79654073736913,219.37414656349566,76.79654073736913,0
per_huruf,4,4346,0.797870387369194,219.53709604005456,76.7005006827492,219.53709604005456,76.7005006827492,0
per_huruf,4,4347,0.7980539746649532,219.70323167956306,76.59717796995905,219.70323167956306,76.59717796995905,0
per_huruf,4,4348,0.7982375619607123,219.86299499317252,76.4906690942194,219.86299499317252,76.4906690942194,0
per_huruf,4,4349,0.7984211492564715,220.00682749203463,76.38507055075102,220.00682749203463,76.38507055075102,0
per_huruf,4,4350,0.7986047365522306,220.12517068730088,76.28447883477469,220.12517068730088,76.28447883477469,0
per_huruf,4,4351,0.7987883238479897,220.20846609012287,76.19299044151114,220.20846609012287,76.19299044151114,0
per_huruf,4,4352,0.7989719111437489,220.24715521165223,76.11470186618115,220.24715521165223,76.11470186618115,0
per_huruf,4,4353,0.799155498439508,220.23167956304053,76.05370960400546,220.23167956304053,76.05370960400546,0
per_huruf,4,4354,0.7993390857352671,220.15248065543923,76.01411015020483,220.15248065543923,76.01411015020483,0
per_huruf,4,4355,0.7995226730310262,220.0,76.0,220.0,76.0,0
per_huruf,4,4356,0.7997062603267854,219.7542102867547,76.01684114701868,219.7542102867547,76.01684114701868,0
per_huruf,4,4357,0.7998898476225446,219.41238051888942,76.06372325898954,219.41238051888942,76.06372325898954,0
per_huruf,4,4358,0.8000734349183036,218.9908966772872,76.13518434228493,218.9908966772872,76.13518434228493,0
per_huruf,4,4359,0.8002570222140628,218.5061447428311,76.22576240327719,218.5061447428311,76.22576240327719,0
per_huruf,4,4360,0.8004406095098219,217.9745106964042,76.32999544833866,217.9745106964042,76.32999544833866,0
per_huruf,4,4361,0.8006241968055811,217.4123805188894,76.44242148384161,217.4123805188894,76.44242148384161,0
per_huruf,4,4362,0.8008077841013402,216.83614019116976,76.55757851615842,216.83614019116976,76.55757851615842,0
per_huruf,4,4363,0.8009913713970993,216.26217569412836,76.67000455166135,216.26217569412836,76.67000455166135,0
per_huruf,4,4364,0.8011749586928585,215.70687300864813,76.7742375967228,215.70687300864813,76.7742375967228,0
per_huruf,4,4365,0.8013585459886176,215.1866181156122,76.86481565771507,215.1866181156122,76.86481565771507,0
per_huruf,4,4366,0.8015421332843767,214.7177969959035,76.93627674101047,214.7177969959035,76.93627674101047,0
per_huruf,4,4367,0.8017257205801358,214.3167956304051,76.98315885298133,214.3167956304051,76.98315885298133,0
per_huruf,4,4368,0.801909307875895,214.0,77.0,214.0,77.0,0
per_huruf,4,4369,0.8020928951716542,213.7564861174329,76.98862084660902,213.7564861174329,76.98862084660902,0
per_huruf,4,4370,0.8022764824674132,213.56076467910788,76.95630405097862,213.56076467910788,76.95630405097862,0
per_huruf,4,4371,0.8024600697631724,213.4073736913973,76.90578060992262,213.4073736913973,76.90578060992262,0
per_huruf,4,4372,0.8026436570589315,213.29085116067364,76.83978152025489,213.29085116067364,76.83978152025489,0
per_huruf,4,4373,0.8028272443546907,213.20573509330904,76.76103777878927,213.20573509330904,76.76103777878927,0
per_huruf,4,4374,0.8030108316504498,213.14656349567593,76.67228038233955,213.14656349567593,76.67228038233955,0
per_huruf,4,4375,0.8031944189462089,213.10787437414655,76.57624032771962,213.10787437414655,76.57624032771962,0
per_huruf,4,4376,0.8033780062419681,213.08420573509332,76.47564861174328,213.08420573509332,76.47564861174328,0
per_huruf,4,4377,0.8035615935377272,213.07009558488846,76.3732362312244,213.07009558488846,76.3732362312244,0
per_huruf,4,4378,0.8037451808334863,213.0600819299044,76.27173418297679,213.0600819299044,76.27173418297679,0
per_huruf,4,4379,0.8039287681292454,213.04870277651344,76.17387346381429,213.04870277651344,76.17387346381429,0
per_huruf,4,4380,0.8041123554250046,213.03049613108783,76.08238507055074,213.03049613108783,76.08238507055074,0
per_huruf,4,4381,0.8042959427207638,213.0,76.0,213.0,76.0,0
per_huruf,4,4382,0.8044795300165228,212.967228038234,75.92307692307693,212.967228038234,75.92307692307693,0
per_huruf,4,4383,0.804663117312282,212.94492489758767,75.84615384615384,212.94492489758767,75.84615384615384,0
per_huruf,4,4384,0.8048467046080411,212.93172507965406,75.76923076923076,212.93172507965406,75.76923076923076,0
per_huruf,4,4385,0.8050302919038003,212.92626308602638,75.6923076923077,212.92626308602638,75.6923076923077,0
per_huruf,4,4386,0.8052138791995594,212.92717341829768,75.61538461538463,212.92717341829768,75.61538461538463,0
per_huruf,4,4387,0.8053974664953185,212.933090578061,75.53846153846155,212.933090578061,75.53846153846155,0
per_huruf,4,4388,0.8055810537910777,212.94264906690944,75.46153846153845,212.94264906690944,75.46153846153845,0
per_huruf,4,4389,0.8057646410868368,212.95448338643607,75.38461538461539,212.95448338643607,75.38461538461539,0
per_huruf,4,4390,0.8059482283825959,212.96722803823394,75.3076923076923,212.96722803823394,75.3076923076923,0
per_huruf,4,4391,0.806131815678355,212.9795175238962,75.23076923076923,212.9795175238962,75.23076923076923,0
per_huruf,4,4392,0.8063154029741142,212.98998634501595,75.15384615384616,212.98998634501595,75.15384615384616,0
per_huruf,4,4393,0.8064989902698734,212.99726900318615,75.07692307692307,212.99726900318615,75.07692307692307,0
per_huruf,4,4394,0.8066825775656324,213.0,75.0,213.0,75.0,0
per_huruf,4,4395,0.8068661648613916,213.00000000000006,74.92307692307693,213.00000000000006,74.92307692307693,0
per_huruf,4,4396,0.8070497521571507,213.00000000000003,74.84615384615384,213.00000000000003,74.84615384615384,0
per_huruf,4,4397,0.8072333394529099,213.0,74.76923076923076,213.0,74.76923076923076,0
per_huruf,4,4398,0.8074169267486689,212.99999999999994,74.69230769230768,212.99999999999994,74.69230769230768,0
per_huruf,4,4399,0.8076005140444281,213.00000000000003,74.61538461538461,213.00000000000003,74.61538461538461,0
per_huruf,4,4400,0.8077841013401873,213.0,74.53846153846153,213.0,74.53846153846153,0
per_huruf,4,4401,0.8079676886359464,213.0,74.46153846153847,213.0,74.46153846153847,0
per_huruf,4,4402,0.8081512759317055,213.00000000000003,74.38461538461539,213.00000000000003,74.38461538461539,0
per_huruf,4,4403,0.8083348632274646,213.0,74.3076923076923,213.0,74.3076923076923,0
per_huruf,4,4404,0.8085184505232238,212.99999999999997,74.23076923076923,212.99999999999997,74.23076923076923,0
per_huruf,4,4405,0.808702037818983,213.0,74.15384615384616,213.0,74.15384615384616,0
per_huruf,4,4406,0.808885625114742,213.0,74.07692307692308,213.0,74.07692307692308,0
per_huruf,4,4407,0.8090692124105012,213.0,74.0,213.0,74.0,0
per_huruf,4,4408,0.8092527997062603,213.00273099681388,73.92307692307693,213.00273099681388,73.92307692307693,0
per_huruf,4,4409,0.8094363870020195,213.01001365498408,73.84615384615385,213.01001365498408,73.84615384615385,0
per_huruf,4,4410,0.8096199742977785,213.02048247610378,73.76923076923077,213.02048247610378,73.76923076923077,0
per_huruf,4,4411,0.8098035615935377,213.032771961766,73.69230769230768,213.032771961766,73.69230769230768,0
per_huruf,4,4412,0.8099871488892969,213.04551661356396,73.61538461538461,213.04551661356396,73.61538461538461,0
per_huruf,4,4413,0.810170736185056,213.0573509330906,73.53846153846153,213.0573509330906,73.53846153846153,0
per_huruf,4,4414,0.8103543234808152,213.066909421939,73.46153846153845,213.066909421939,73.46153846153845,0
per_huruf,4,4415,0.8105379107765742,213.07282658170234,73.38461538461539,213.07282658170234,73.38461538461539,0
per_huruf,4,4416,0.8107214980723334,213.07373691397356,73.30769230769229,213.07373691397356,73.30769230769229,0
per_huruf,4,4417,0.8109050853680926,213.0682749203459,73.23076923076923,213.0682749203459,73.23076923076923,0
per_huruf,4,4418,0.8110886726638517,213.0550751024124,73.15384615384616,213.0550751024124,73.15384615384616,0
per_huruf,4,4419,0.8112722599596108,213.03277196176603,73.07692307692307,213.03277196176603,73.07692307692307,0
per_huruf,4,4420,0.8114558472553699,213.0,73.0,213.0,73.0,0
per_huruf,4,4421,0.8116394345511291,212.95038689121532,72.92307692307693,212.95038689121532,72.92307692307693,0
per_huruf,4,4422,0.8118230218468881,212.88120163859813,72.84615384615385,212.88120163859813,72.84615384615385,0
per_huruf,4,4423,0.8120066091426473,212.7965407373691,72.76923076923076,212.7965407373691,72.76923076923076,0
per_huruf,4,4424,0.8121901964384065,212.70050068274918,72.6923076923077,212.70050068274918,72.6923076923077,0
per_huruf,4,4425,0.8123737837341656,212.59717796995903,72.61538461538461,212.59717796995903,72.61538461538461,0
per_huruf,4,4426,0.8125573710299248,212.4906690942194,72.53846153846153,212.4906690942194,72.53846153846153,0
per_huruf,4,4427,0.8127409583256838,212.38507055075104,72.46153846153845,212.38507055075104,72.46153846153845,0
per_huruf,4,4428,0.812924545621443,212.28447883477472,72.38461538461539,212.28447883477472,72.38461538461539,0
per_huruf,4,4429,0.8131081329172021,212.19299044151114,72.3076923076923,212.19299044151114,72.3076923076923,0
per_huruf,4,4430,0.8132917202129613,212.11470186618112,72.23076923076923,212.11470186618112,72.23076923076923,0
per_huruf,4,4431,0.8134753075087204,212.05370960400546,72.15384615384616,212.05370960400546,72.15384615384616,0
per_huruf,4,4432,0.8136588948044795,212.01411015020483,72.07692307692307,212.01411015020483,72.07692307692307,0
per_huruf,4,4433,0.8138424821002387,212.0,72.0,212.0,72.0,0
per_huruf,4,4434,0.8140260693959978,212.01411015020486,71.92307692307695,212.01411015020486,71.92307692307695,0
per_huruf,4,4435,0.8142096566917569,212.0537096040055,71.84615384615385,212.0537096040055,71.84615384615385,0
per_huruf,4,4436,0.8143932439875161,212.11470186618112,71.76923076923076,212.11470186618112,71.76923076923076,0
per_huruf,4,4437,0.8145768312832752,212.1929904415111,71.6923076923077,212.1929904415111,71.6923076923077,0
per_huruf,4,4438,0.8147604185790344,212.2844788347747,71.61538461538461,212.2844788347747,71.61538461538461,0
per_huruf,4,4439,0.8149440058747934,212.38507055075107,71.53846153846155,212.38507055075107,71.53846153846155,0
per_huruf,4,4440,0.8151275931705526,212.49066909421938,71.46153846153847,212.49066909421938,71.46153846153847,0
per_huruf,4,4441,0.8153111804663117,212.59717796995906,71.38461538461539,212.59717796995906,71.38461538461539,0
per_huruf,4,4442,0.8154947677620709,212.70050068274918,71.3076923076923,212.70050068274918,71.3076923076923,0
per_huruf,4,4443,0.81567835505783,212.79654073736913,71.23076923076923,212.79654073736913,71.23076923076923,0
per_huruf,4,4444,0.8158619423535891,212.8812016385981,71.15384615384616,212.8812016385981,71.15384615384616,0
per_huruf,4,4445,0.8160455296493483,212.9503868912153,71.07692307692308,212.9503868912153,71.07692307692308,0
per_huruf,4,4446,0.8162291169451074,213.0,71.0,213.0,71.0,0
per_huruf,4,4447,0.8164127042408665,213.0327719617661,70.92307692307693,213.0327719617661,70.92307692307693,0
per_huruf,4,4448,0.8165962915366257,213.0550751024124,70.84615384615385,213.0550751024124,70.84615384615385,0
per_huruf,4,4449,0.8167798788323848,213.0682749203459,70.76923076923076,213.0682749203459,70.76923076923076,0
per_huruf,4,4450,0.816963466128144,213.07373691397356,70.69230769230768,213.07373691397356,70.69230769230768,0
per_huruf,4,4451,0.817147053423903,213.07282658170234,70.61538461538463,213.07282658170234,70.61538461538463,0
per_huruf,4,4452,0.8173306407196622,213.06690942193904,70.53846153846155,213.06690942193904,70.53846153846155,0
per_huruf,4,4453,0.8175142280154213,213.05735093309056,70.46153846153845,213.05735093309056,70.46153846153845,0
per_huruf,4,4454,0.8176978153111805,213.045516613564,70.38461538461539,213.045516613564,70.38461538461539,0
per_huruf,4,4455,0.8178814026069396,213.032771961766,70.3076923076923,213.032771961766,70.3076923076923,0
per_huruf,4,4456,0.8180649899026987,213.02048247610375,70.23076923076923,213.02048247610375,70.23076923076923,0
per_huruf,4,4457,0.8182485771984579,213.01001365498408,70.15384615384616,213.01001365498408,70.15384615384616,0
per_huruf,4,4458,0.818432164494217,213.00273099681385,70.07692307692308,213.00273099681385,70.07692307692308,0
per_huruf,4,4459,0.8186157517899761,213.0,70.0,213.0,70.0,0
per_huruf,4,4460,0.8187993390857353,213.00000000000006,69.92307692307695,213.00000000000006,69.92307692307695,0
per_huruf,4,4461,0.8189829263814944,213.00000000000003,69.84615384615384,213.00000000000003,69.84615384615384,0
per_huruf,4,4462,0.8191665136772536,213.0,69.76923076923076,213.0,69.76923076923076,0
per_huruf,4,4463,0.8193501009730126,212.99999999999994,69.69230769230768,212.99999999999994,69.69230769230768,0
per_huruf,4,4464,0.8195336882687718,213.00000000000003,69.61538461538461,213.00000000000003,69.61538461538461,0
per_huruf,4,4465,0.8197172755645309,213.0,69.53846153846155,213.0,69.53846153846155,0
per_huruf,4,4466,0.8199008628602901,213.0,69.46153846153847,213.0,69.46153846153847,0
per_huruf,4,4467,0.8200844501560492,213.00000000000003,69.38461538461539,213.00000000000003,69.38461538461539,0
per_huruf,4,4468,0.8202680374518083,213.0,69.3076923076923,213.0,69.3076923076923,0
per_huruf,4,4469,0.8204516247475675,212.99999999999997,69.23076923076923,212.99999999999997,69.23076923076923,0
per_huruf,4,4470,0.8206352120433266,213.0,69.15384615384616,213.0,69.15384615384616,0
per_huruf,4,4471,0.8208187993390857,213.0,69.07692307692308,213.0,69.07692307692308,0
per_huruf,4,4472,0.8210023866348448,213.0,69.0,213.0,69.0,0
per_huruf,4,4473,0.821185973930604,212.9972690031862,68.92307692307692,212.9972690031862,68.92307692307692,0
per_huruf,4,4474,0.8213695612263632,212.98998634501595,68.84615384615385,212.98998634501595,68.84615384615385,0
per_huruf,4,4475,0.8215531485221222,212.97951752389622,68.76923076923076,212.97951752389622,68.76923076923076,0
per_huruf,4,4476,0.8217367358178814,212.9672280382339,68.6923076923077,212.9672280382339,68.6923076923077,0
per_huruf,4,4477,0.8219203231136405,212.9544833864361,68.61538461538463,212.9544833864361,68.61538461538463,0
per_huruf,4,4478,0.8221039104093997,212.94264906690944,68.53846153846155,212.94264906690944,68.53846153846155,0
per_huruf,4,4479,0.8222874977051589,212.93309057806098,68.46153846153847,212.93309057806098,68.46153846153847,0
per_huruf,4,4480,0.8224710850009179,212.9271734182977,68.38461538461539,212.9271734182977,68.38461538461539,0
per_huruf,4,4481,0.8226546722966771,212.92626308602638,68.30769230769229,212.92626308602638,68.30769230769229,0
per_huruf,4,4482,0.8228382595924362,212.93172507965406,68.23076923076923,212.93172507965406,68.23076923076923,0
per_huruf,4,4483,0.8230218468881954,212.94492489758764,68.15384615384616,212.94492489758764,68.15384615384616,0
per_huruf,4,4484,0.8232054341839544,212.96722803823394,68.07692307692308,212.96722803823394,68.07692307692308,0
per_huruf,4,4485,0.8233890214797136,213.0,68.0,213.0,68.0,0
per_huruf,4,4486,0.8235726087754728,213.04415111515704,67.92307692307693,213.04415111515704,67.92307692307693,0
per_huruf,4,4487,0.8237561960712318,213.09877105143377,67.84615384615385,213.09877105143377,67.84615384615385,0
per_huruf,4,4488,0.823939783366991,213.16249431042328,67.76923076923076,213.16249431042328,67.76923076923076,0
per_huruf,4,4489,0.8241233706627501,213.23395539371867,67.69230769230768,213.23395539371867,67.69230769230768,0
per_huruf,4,4490,0.8243069579585093,213.3117888029131,67.61538461538463,213.3117888029131,67.61538461538463,0
per_huruf,4,4491,0.8244905452542685,213.39462903959947,67.53846153846155,213.39462903959947,67.53846153846155,0
per_huruf,4,4492,0.8246741325500275,213.48111060537096,67.46153846153845,213.48111060537096,67.46153846153845,0
per_huruf,4,4493,0.8248577198457867,213.56986800182068,67.38461538461539,213.56986800182068,67.38461538461539,0
per_huruf,4,4494,0.8250413071415458,213.65953573054162,67.3076923076923,213.65953573054162,67.3076923076923,0
per_huruf,4,4495,0.825224894437305,213.74874829312697,67.23076923076923,213.74874829312697,67.23076923076923,0
per_huruf,4,4496,0.825408481733064,213.8361401911698,67.15384615384616,213.8361401911698,67.15384615384616,0
per_huruf,4,4497,0.8255920690288232,213.92034592626308,67.07692307692308,213.92034592626308,67.07692307692308,0
per_huruf,4,4498,0.8257756563245824,214.0,67.0,214.0,67.0,0
per_huruf,4,4499,0.8259592436203415,214.07692307692312,66.9203459262631,214.07692307692312,66.9203459262631,0
per_huruf,4,4500,0.8261428309161006,214.15384615384616,66.83614019116979,214.15384615384616,66.83614019116979,0
per_huruf,4,4501,0.8263264182118597,214.2307692307692,66.748748293127,214.2307692307692,66.748748293127,0
per_huruf,4,4502,0.8265100055076189,214.3076923076923,66.65953573054165,214.3076923076923,66.65953573054165,0
per_huruf,4,4503,0.826693592803378,214.38461538461542,66.56986800182068,214.38461538461542,66.56986800182068,0
per_huruf,4,4504,0.8268771800991371,214.46153846153848,66.48111060537097,214.46153846153848,66.48111060537097,0
per_huruf,4,4505,0.8270607673948963,214.53846153846155,66.39462903959945,214.53846153846155,66.39462903959945,0
per_huruf,4,4506,0.8272443546906554,214.6153846153846,66.31178880291307,214.6153846153846,66.31178880291307,0
per_huruf,4,4507,0.8274279419864146,214.6923076923077,66.2339553937187,214.6923076923077,66.2339553937187,0
per_huruf,4,4508,0.8276115292821736,214.76923076923075,66.1624943104233,214.76923076923075,66.1624943104233,0
per_huruf,4,4509,0.8277951165779328,214.84615384615387,66.09877105143377,214.84615384615387,66.09877105143377,0
per_huruf,4,4510,0.827978703873692,214.9230769230769,66.04415111515704,214.9230769230769,66.04415111515704,0
per_huruf,4,4511,0.8281622911694511,215.0,66.0,215.0,66.0,0
per_huruf,4,4512,0.8283458784652102,215.0769230769231,65.9699590350478,215.0769230769231,65.9699590350478,0
per_huruf,4,4513,0.8285294657609693,215.15384615384616,65.9549385525717,215.15384615384616,65.9549385525717,0
per_huruf,4,4514,0.8287130530567285,215.2307692307692,65.95220755575785,215.2307692307692,65.95220755575785,0
per_huruf,4,4515,0.8288966403524876,215.3076923076923,65.95903504779244,215.3076923076923,65.95903504779244,0
per_huruf,4,4516,0.8290802276482467,215.38461538461542,65.97269003186163,215.38461538461542,65.97269003186163,0
per_huruf,4,4517,0.8292638149440059,215.46153846153848,65.99044151115157,215.46153846153848,65.99044151115157,0
per_huruf,4,4518,0.829447402239765,215.53846153846152,66.00955848884843,215.53846153846152,66.00955848884843,0
per_huruf,4,4519,0.8296309895355242,215.61538461538464,66.02730996813838,215.61538461538464,66.02730996813838,0
per_huruf,4,4520,0.8298145768312832,215.69230769230768,66.04096495220756,215.69230769230768,66.04096495220756,0
per_huruf,4,4521,0.8299981641270424,215.76923076923077,66.04779244424215,215.76923076923077,66.04779244424215,0
per_huruf,4,4522,0.8301817514228016,215.84615384615387,66.04506144742831,215.84615384615387,66.04506144742831,0
per_huruf,4,4523,0.8303653387185607,215.9230769230769,66.0300409649522,215.9230769230769,66.0300409649522,0
per_huruf,4,4524,0.8305489260143198,216.0,66.0,216.0,66.0,0
per_huruf,4,4525,0.8307325133100789,216.0769230769231,65.95311788802914,216.0769230769231,65.95311788802914,0
per_huruf,4,4526,0.8309161006058381,216.15384615384613,65.89121529358216,216.15384615384613,65.89121529358216,0
per_huruf,4,4527,0.8310996879015972,216.2307692307692,65.81702321347292,216.2307692307692,65.81702321347292,0
per_huruf,4,4528,0.8312832751973563,216.3076923076923,65.73327264451524,216.3076923076923,65.73327264451524,0
per_huruf,4,4529,0.8314668624931155,216.38461538461544,65.642694583523,216.38461538461544,65.642694583523,0
per_huruf,4,4530,0.8316504497888746,216.4615384615385,65.54802002730997,216.4615384615385,65.54802002730997,0
per_huruf,4,4531,0.8318340370846338,216.53846153846155,65.45197997269003,216.53846153846155,65.45197997269003,0
per_huruf,4,4532,0.8320176243803928,216.6153846153846,65.35730541647702,216.6153846153846,65.35730541647702,0
per_huruf,4,4533,0.832201211676152,216.69230769230768,65.26672735548475,216.69230769230768,65.26672735548475,0
per_huruf,4,4534,0.8323847989719112,216.76923076923075,65.18297678652708,216.76923076923075,65.18297678652708,0
per_huruf,4,4535,0.8325683862676703,216.84615384615387,65.10878470641785,216.84615384615387,65.10878470641785,0
per_huruf,4,4536,0.8327519735634294,216.9230769230769,65.04688211197087,216.9230769230769,65.04688211197087,0
per_huruf,4,4537,0.8329355608591885,217.0,65.0,217.0,65.0,0
per_huruf,4,4538,0.8331191481549477,217.07692307692312,64.96722803823397,217.07692307692312,64.96722803823397,0
per_huruf,4,4539,0.8333027354507068,217.1538461538462,64.94492489758761,217.1538461538462,64.94492489758761,0
per_huruf,4,4540,0.833486322746466,217.23076923076923,64.93172507965407,217.23076923076923,64.93172507965407,0
per_huruf,4,4541,0.8336699100422251,217.3076923076923,64.9262630860264,217.3076923076923,64.9262630860264,0
per_huruf,4,4542,0.8338534973379842,217.38461538461542,64.92717341829768,217.38461538461542,64.92717341829768,0
per_huruf,4,4543,0.8340370846337434,217.46153846153848,64.933090578061,217.46153846153848,64.933090578061,0
per_huruf,4,4544,0.8342206719295024,217.53846153846155,64.94264906690942,217.53846153846155,64.94264906690942,0
per_huruf,4,4545,0.8344042592252616,217.6153846153846,64.95448338643605,217.6153846153846,64.95448338643605,0
per_huruf,4,4546,0.8345878465210207,217.69230769230768,64.96722803823396,217.69230769230768,64.96722803823396,0
per_huruf,4,4547,0.8347714338167799,217.76923076923075,64.97951752389622,217.76923076923075,64.97951752389622,0
per_huruf,4,4548,0.834955021112539,217.84615384615387,64.98998634501594,217.84615384615387,64.98998634501594,0
per_huruf,4,4549,0.8351386084082981,217.9230769230769,64.99726900318616,217.9230769230769,64.99726900318616,0
per_huruf,4,4550,0.8353221957040573,218.0,65.0,218.0,65.0,0
per_huruf,4,4551,0.8355057829998164,218.0769230769231,65.00000000000001,218.0769230769231,65.00000000000001,0
per_huruf,4,4552,0.8356893702955756,218.1538461538462,65.0,218.1538461538462,65.0,0
per_huruf,4,4553,0.8358729575913347,218.23076923076917,65.0,218.23076923076917,65.0,0
per_huruf,4,4554,0.8360565448870938,218.3076923076923,65.0,218.3076923076923,65.0,0
per_huruf,4,4555,0.836240132182853,218.38461538461542,65.00000000000001,218.38461538461542,65.00000000000001,0
per_huruf,4,4556,0.836423719478612,218.46153846153845,65.0,218.46153846153845,65.0,0
per_huruf,4,4557,0.8366073067743712,218.53846153846155,65.0,218.53846153846155,65.0,0
per_huruf,4,4558,0.8367908940701303,218.6153846153846,65.0,218.6153846153846,65.0,0
per_huruf,4,4559,0.8369744813658895,218.69230769230768,65.0,218.69230769230768,65.0,0
per_huruf,4,4560,0.8371580686616487,218.76923076923075,65.0,218.76923076923075,65.0,0
per_huruf,4,4561,0.8373416559574077,218.84615384615387,65.0,218.84615384615387,65.0,0
per_huruf,4,4562,0.8375252432531669,218.9230769230769,65.0,218.9230769230769,65.0,0
per_huruf,4,4563,0.837708830548926,219.0,65.0,219.0,65.0,0
per_huruf,4,4564,0.8378924178446852,219.0769230769231,65.00000000000001,219.0769230769231,65.00000000000001,0
per_huruf,4,4565,0.8380760051404443,219.15384615384616,65.0,219.15384615384616,65.0,0
per_huruf,4,4566,0.8382595924362034,219.23076923076923,65.0,219.23076923076923,65.0,0
per_huruf,4,4567,0.8384431797319626,219.30769230769226,65.0,219.30769230769226,65.0,0
per_huruf,4,4568,0.8386267670277217,219.38461538461542,65.00000000000001,219.38461538461542,65.00000000000001,0
per_huruf,4,4569,0.8388103543234808,219.46153846153848,65.0,219.46153846153848,65.0,0
per_huruf,4,4570,0.8389939416192399,219.53846153846155,65.0,219.53846153846155,65.0,0
per_huruf,4,4571,0.8391775289149991,219.61538461538464,65.0,219.61538461538464,65.0,0
per_huruf,4,4572,0.8393611162107583,219.69230769230768,65.0,219.69230769230768,65.0,0
per_huruf,4,4573,0.8395447035065173,219.76923076923077,65.0,219.76923076923077,65.0,0
per_huruf,4,4574,0.8397282908022765,219.84615384615387,65.0,219.84615384615387,65.0,0
per_huruf,4,4575,0.8399118780980356,219.9230769230769,65.0,219.9230769230769,65.0,0
per_huruf,4,4576,0.8400954653937948,220.0,65.0,220.0,65.0,0
per_huruf,4,4577,0.8402790526895538,220.0769230769231,65.00000000000001,220.0769230769231,65.00000000000001,0
per_huruf,4,4578,0.840462639985313,220.1538461538462,65.0,220.1538461538462,65.0,0
per_huruf,4,4579,0.8406462272810722,220.23076923076917,65.0,220.23076923076917,65.0,0
per_huruf,4,4580,0.8408298145768313,220.30769230769226,65.0,220.30769230769226,65.0,0
per_huruf,4,4581,0.8410134018725904,220.3846153846154,65.00000000000001,220.3846153846154,65.00000000000001,0
per_huruf,4,4582,0.8411969891683495,220.46153846153845,65.0,220.46153846153845,65.0,0
per_huruf,4,4583,0.8413805764641087,220.53846153846155,65.0,220.53846153846155,65.0,0
per_huruf,4,4584,0.8415641637598679,220.6153846153846,65.0,220.6153846153846,65.0,0
per_huruf,4,4585,0.8417477510556269,220.69230769230768,65.0,220.69230769230768,65.0,0
per_huruf,4,4586,0.8419313383513861,220.76923076923075,65.0,220.76923076923075,65.0,0
per_huruf,4,4587,0.8421149256471452,220.84615384615387,65.0,220.84615384615387,65.0,0
per_huruf,4,4588,0.8422985129429044,220.9230769230769,65.0,220.9230769230769,65.0,0
per_huruf,4,4589,0.8424821002386634,221.0,65.0,221.0,65.0,0
per_huruf,4,4590,0.8426656875344226,221.0769230769231,64.99726900318618,221.0769230769231,64.99726900318618,0
per_huruf,4,4591,0.8428492748301818,221.1538461538462,64.98998634501594,221.1538461538462,64.98998634501594,0
per_huruf,4,4592,0.8430328621259409,221.2307692307692,64.97951752389622,221.2307692307692,64.97951752389622,0
per_huruf,4,4593,0.8432164494217,221.3076923076923,64.96722803823396,221.3076923076923,64.96722803823396,0
per_huruf,4,4594,0.8434000367174591,221.38461538461542,64.95448338643607,221.38461538461542,64.95448338643607,0
per_huruf,4,4595,0.8435836240132183,221.46153846153848,64.94264906690942,221.46153846153848,64.94264906690942,0
per_huruf,4,4596,0.8437672113089775,221.53846153846152,64.93309057806098,221.53846153846152,64.93309057806098,0
per_huruf,4,4597,0.8439507986047365,221.6153846153846,64.92717341829768,221.6153846153846,64.92717341829768,0
per_huruf,4,4598,0.8441343859004957,221.69230769230768,64.9262630860264,221.69230769230768,64.9262630860264,0
per_huruf,4,4599,0.8443179731962548,221.76923076923075,64.93172507965406,221.76923076923075,64.93172507965406,0
per_huruf,4,4600,0.844501560492014,221.84615384615387,64.94492489758763,221.84615384615387,64.94492489758763,0
per_huruf,4,4601,0.844685147787773,221.92307692307693,64.96722803823396,221.92307692307693,64.96722803823396,0
per_huruf,4,4602,0.8448687350835322,222.0,65.0,222.0,65.0,0
per_huruf,4,4603,0.8450523223792914,222.07692307692312,65.04688211197087,222.07692307692312,65.04688211197087,0
per_huruf,4,4604,0.8452359096750505,222.15384615384616,65.10878470641785,222.15384615384616,65.10878470641785,0
per_huruf,4,4605,0.8454194969708096,222.23076923076923,65.18297678652708,222.23076923076923,65.18297678652708,0
per_huruf,4,4606,0.8456030842665687,222.30769230769232,65.26672735548475,222.30769230769232,65.26672735548475,0
per_huruf,4,4607,0.8457866715623279,222.38461538461542,65.35730541647702,222.38461538461542,65.35730541647702,0
per_huruf,4,4608,0.8459702588580871,222.46153846153845,65.45197997269004,222.46153846153845,65.45197997269004,0
per_huruf,4,4609,0.8461538461538461,222.53846153846155,65.54802002730996,222.53846153846155,65.54802002730996,0
per_huruf,4,4610,0.8463374334496053,222.6153846153846,65.64269458352298,222.6153846153846,65.64269458352298,0
per_huruf,4,4611,0.8465210207453644,222.69230769230768,65.73327264451524,222.69230769230768,65.73327264451524,0
per_huruf,4,4612,0.8467046080411236,222.76923076923075,65.81702321347291,222.76923076923075,65.81702321347291,0
per_huruf,4,4613,0.8468881953368826,222.84615384615387,65.89121529358215,222.84615384615387,65.89121529358215,0
per_huruf,4,4614,0.8470717826326418,222.9230769230769,65.95311788802913,222.9230769230769,65.95311788802913,0
per_huruf,4,4615,0.847255369928401,223.0,66.0,223.0,66.0,0
per_huruf,4,4616,0.8474389572241601,223.0769230769231,66.03277196176604,223.0769230769231,66.03277196176604,0
per_huruf,4,4617,0.8476225445199193,223.1538461538462,66.05507510241239,223.1538461538462,66.05507510241239,0
per_huruf,4,4618,0.8478061318156783,223.23076923076917,66.06827492034593,223.23076923076917,66.06827492034593,0
per_huruf,4,4619,0.8479897191114375,223.3076923076923,66.07373691397359,223.3076923076923,66.07373691397359,0
per_huruf,4,4620,0.8481733064071966,223.38461538461542,66.07282658170233,223.38461538461542,66.07282658170233,0
per_huruf,4,4621,0.8483568937029557,223.46153846153848,66.06690942193902,223.46153846153848,66.06690942193902,0
per_huruf,4,4622,0.8485404809987149,223.53846153846155,66.05735093309058,223.53846153846155,66.05735093309058,0
per_huruf,4,4623,0.848724068294474,223.61538461538464,66.04551661356396,223.61538461538464,66.04551661356396,0
per_huruf,4,4624,0.8489076555902332,223.69230769230768,66.03277196176604,223.69230769230768,66.03277196176604,0
per_huruf,4,4625,0.8490912428859922,223.76923076923075,66.02048247610378,223.76923076923075,66.02048247610378,0
per_huruf,4,4626,0.8492748301817514,223.84615384615384,66.01001365498408,223.84615384615384,66.01001365498408,0
per_huruf,4,4627,0.8494584174775106,223.9230769230769,66.00273099681384,223.9230769230769,66.00273099681384,0
per_huruf,4,4628,0.8496420047732697,224.0,66.0,224.0,66.0,0
per_huruf,4,4629,0.8498255920690289,224.08511606736462,66.0,224.08511606736462,66.0,0
per_huruf,4,4630,0.8500091793647879,224.1838871187984,66.00000000000001,224.1838871187984,66.00000000000001,0
per_huruf,4,4631,0.8501927666605471,224.29221665908054,66.0,224.29221665908054,66.0,0
per_huruf,4,4632,0.8503763539563062,224.40600819299044,66.0,224.40600819299044,66.0,0
per_huruf,4,4633,0.8505599412520654,224.52116522530727,66.0,224.52116522530727,66.0,0
per_huruf,4,4634,0.8507435285478245,224.6335912608102,66.0,224.6335912608102,66.0,0
per_huruf,4,4635,0.8509271158435836,224.73918980427857,66.0,224.73918980427857,66.0,0
per_huruf,4,4636,0.8511107031393428,224.83386436049156,66.0,224.83386436049156,66.0,0
per_huruf,4,4637,0.8512942904351019,224.91351843422848,66.0,224.91351843422848,66.0,0
per_huruf,4,4638,0.851477877730861,224.97405553026852,66.0,224.97405553026852,66.0,0
per_huruf,4,4639,0.8516614650266202,225.01137915339098,66.0,225.01137915339098,66.0,0
per_huruf,4,4640,0.8518450523223793,225.02139280837505,66.0,225.02139280837505,66.0,0
per_huruf,4,4641,0.8520286396181385,225.0,66.0,225.0,66.0,0
per_huruf,4,4642,0.8522122269138975,224.94173873463816,66.0,224.94173873463816,66.0,0
per_huruf,4,4643,0.8523958142096567,224.8475193445608,66.00000000000001,224.8475193445608,66.00000000000001,0
per_huruf,4,4644,0.8525794015054158,224.7228038233955,66.0,224.7228038233955,66.0,0
per_huruf,4,4645,0.852762988801175,224.57305416477013,66.0,224.57305416477013,66.0,0
per_huruf,4,4646,0.8529465760969341,224.40373236231227,66.0,224.40373236231227,66.0,0
per_huruf,4,4647,0.8531301633926932,224.22030040964952,66.0,224.22030040964952,66.0,0
per_huruf,4,4648,0.8533137506884524,224.02822030040966,66.0,224.02822030040966,66.0,0
per_huruf,4,4649,0.8534973379842115,223.8329540282203,66.0,223.8329540282203,66.0,0
per_huruf,4,4650,0.8536809252799706,223.63996358670914,66.0,223.63996358670914,66.0,0
per_huruf,4,4651,0.8538645125757297,223.45471096950385,66.0,223.45471096950385,66.0,0
per_huruf,4,4652,0.8540480998714889,223.28265817023217,66.0,223.28265817023217,66.0,0
per_huruf,4,4653,0.8542316871672481,223.1292671825216,66.0,223.1292671825216,66.0,0
per_huruf,4,4654,0.8544152744630071,223.0,66.0,223.0,66.0,0
per_huruf,4,4655,0.8545988617587663,222.90942193900776,65.9699590350478,222.90942193900776,65.9699590350478,0
per_huruf,4,4656,0.8547824490545254,222.86117432862994,65.88984979517525,222.86117432862994,65.88984979517525,0
per_huruf,4,4657,0.8549660363502846,222.84433318161123,65.77469276285844,222.84433318161123,65.77469276285844,0
per_huruf,4,4658,0.8551496236460437,222.84797451069636,65.6395084205735,222.84797451069636,65.6395084205735,0
per_huruf,4,4659,0.8553332109418028,222.86117432862997,65.49931725079655,222.86117432862997,65.49931725079655,0
per_huruf,4,4660,0.855516798237562,222.8730086481566,65.36913973600365,222.8730086481566,65.36913973600365,0
per_huruf,4,4661,0.8557003855333211,222.87255348202095,65.26399635867091,222.87255348202095,65.26399635867091,0
per_huruf,4,4662,0.8558839728290802,222.8488848429677,65.19890760127447,222.8488848429677,65.19890760127447,0
per_huruf,4,4663,0.8560675601248393,222.79107874374148,65.18889394629039,222.79107874374148,65.18889394629039,0
per_huruf,4,4664,0.8562511474205985,222.68821119708693,65.2489758761948,222.68821119708693,65.2489758761948,0
per_huruf,4,4665,0.8564347347163577,222.52935821574877,65.39417387346381,222.52935821574877,65.39417387346381,0
per_huruf,4,4666,0.8566183220121167,222.30359581247154,65.6395084205735,222.30359581247154,65.6395084205735,0
per_huruf,4,4667,0.8568019093078759,222.0,66.0,222.0,66.0,0
per_huruf,4,4668,0.856985496603635,221.5949021392809,66.51297223486574,221.5949021392809,66.51297223486574,0
per_huruf,4,4669,0.8571690838993942,221.084660901229,67.1866181156122,221.084660901229,67.1866181156122,0
per_huruf,4,4670,0.8573526711951533,220.48839326354118,67.99226217569412,220.48839326354118,67.99226217569412,0
per_huruf,4,4671,0.8575362584909124,219.8252162039144,68.90122894856621,219.8252162039144,68.90122894856621,0
per_huruf,4,4672,0.8577198457866716,219.1142467000455,69.88484296768321,219.1142467000455,69.88484296768321,0
per_huruf,4,4673,0.8579034330824307,218.3746017296313,70.91442876649978,218.3746017296313,70.91442876649978,0
per_huruf,4,4674,0.8580870203781898,217.6253982703687,71.96131087847064,217.6253982703687,71.96131087847064,0
per_huruf,4,4675,0.8582706076739489,216.8857532999545,72.99681383705052,216.8857532999545,72.99681383705052,0
per_huruf,4,4676,0.8584541949697081,216.17478379608553,73.99226217569412,216.17478379608553,73.99226217569412,0
per_huruf,4,4677,0.8586377822654673,215.5116067364588,74.91898042785616,215.5116067364588,74.91898042785616,0
per_huruf,4,4678,0.8588213695612263,214.91533909877106,75.74829312699136,214.91533909877106,75.74829312699136,0
per_huruf,4,4679,0.8590049568569855,214.40509786071917,76.45152480655439,214.40509786071917,76.45152480655439,0
per_huruf,4,4680,0.8591885441527446,214.0,77.0,214.0,77.0,0
per_huruf,4,4681,0.8593721314485038,213.69367319071466,77.40464269458353,213.69367319071466,77.40464269458353,0
per_huruf,4,4682,0.8595557187442628,213.46062812926718,77.70459717796996,213.46062812926718,77.70459717796996,0
per_huruf,4,4683,0.859739306040022,213.29130632680926,77.9135184342285,213.29130632680926,77.9135184342285,0
per_huruf,4,4684,0.8599228933357812,213.17614929449243,78.0450614474283,213.17614929449243,78.0450614474283,0
per_huruf,4,4685,0.8601064806315403,213.10559854346837,78.11288120163861,213.10559854346837,78.11288120163861,0
per_huruf,4,4686,0.8602900679272995,213.07009558488852,78.13063268092854,213.07009558488852,78.13063268092854,0
per_huruf,4,4687,0.8604736552230585,213.0600819299044,78.11197086936733,213.0600819299044,78.11197086936733,0
per_huruf,4,4688,0.8606572425188177,213.06599908966777,78.07055075102413,213.06599908966777,78.07055075102413,0
per_huruf,4,4689,0.8608408298145769,213.07828857532996,78.02002730996813,213.07828857532996,78.02002730996813,0
per_huruf,4,4690,0.861024417110336,213.08739189804277,77.97405553026854,213.08739189804277,77.97405553026854,0
per_huruf,4,4691,0.8612080044060951,213.08375056895767,77.94629039599454,213.08375056895767,77.94629039599454,0
per_huruf,4,4692,0.8613915917018542,213.0578060992262,77.95038689121529,213.0578060992262,77.95038689121529,0
per_huruf,4,4693,0.8615751789976134,213.0,78.0,213.0,78.0,0
per_huruf,4,4694,0.8617587662933724,212.93400091033232,78.0769230769231,212.93400091033232,78.0769230769231,0
per_huruf,4,4695,0.8619423535891316,212.88620846609015,78.15384615384615,212.88620846609015,78.15384615384615,0
per_huruf,4,4696,0.8621259408848908,212.85116067364584,78.23076923076921,212.85116067364584,78.23076923076921,0
per_huruf,4,4697,0.8623095281806499,212.82339553937183,78.3076923076923,212.82339553937183,78.3076923076923,0
per_huruf,4,4698,0.8624931154764091,212.79745106964043,78.3846153846154,212.79745106964043,78.3846153846154,0
per_huruf,4,4699,0.8626767027721681,212.76786527082388,78.46153846153847,212.76786527082388,78.46153846153847,0
per_huruf,4,4700,0.8628602900679273,212.72917614929446,78.53846153846153,212.72917614929446,78.53846153846153,0
per_huruf,4,4701,0.8630438773636865,212.67592171142468,78.61538461538461,212.67592171142468,78.61538461538461,0
per_huruf,4,4702,0.8632274646594456,212.60263996358668,78.6923076923077,212.60263996358668,78.6923076923077,0
per_huruf,4,4703,0.8634110519552047,212.5038689121529,78.76923076923077,212.5038689121529,78.76923076923077,0
per_huruf,4,4704,0.8635946392509638,212.37414656349569,78.84615384615384,212.37414656349569,78.84615384615384,0
per_huruf,4,4705,0.863778226546723,212.20801092398725,78.92307692307692,212.20801092398725,78.92307692307692,0
per_huruf,4,4706,0.863961813842482,212.0,79.0,212.0,79.0,0
per_huruf,4,4707,0.8641454011382412,211.73554847519347,79.07692307692308,211.73554847519347,79.07692307692308,0
per_huruf,4,4708,0.8643289884340004,211.41101502048247,79.15384615384617,211.41101502048247,79.15384615384617,0
per_huruf,4,4709,0.8645125757297595,211.03732362312243,79.23076923076921,211.03732362312243,79.23076923076921,0
per_huruf,4,4710,0.8646961630255187,210.62539827036863,79.3076923076923,210.62539827036863,79.3076923076923,0
per_huruf,4,4711,0.8648797503212777,210.18616294947657,79.3846153846154,210.18616294947657,79.3846153846154,0
per_huruf,4,4712,0.8650633376170369,209.73054164770141,79.46153846153847,209.73054164770141,79.46153846153847,0
per_huruf,4,4713,0.8652469249127961,209.26945835229859,79.53846153846155,209.26945835229859,79.53846153846155,0
per_huruf,4,4714,0.8654305122085552,208.81383705052343,79.61538461538463,208.81383705052343,79.61538461538463,0
per_huruf,4,4715,0.8656140995043143,208.3746017296313,79.69230769230768,208.3746017296313,79.69230769230768,0
per_huruf,4,4716,0.8657976868000734,207.96267637687754,79.76923076923077,207.96267637687754,79.76923076923077,0
per_huruf,4,4717,0.8659812740958326,207.58898497951753,79.84615384615384,207.58898497951753,79.84615384615384,0
per_huruf,4,4718,0.8661648613915917,207.26445152480653,79.92307692307692,207.26445152480653,79.92307692307692,0
per_huruf,4,4719,0.8663484486873508,207.0,80.0,207.0,80.0,0
per_huruf,4,4720,0.86653203598311,206.8329540282203,80.10423304506145,206.8329540282203,80.10423304506145,0
per_huruf,4,4721,0.8667156232788691,206.77605826126538,80.25398270368684,206.77605826126538,80.25398270368684,0
per_huruf,4,4722,0.8668992105746283,206.8033682294037,80.435593991807,206.8033682294037,80.435593991807,0
per_huruf,4,4723,0.8670827978703873,206.88893946290395,80.63541192535274,206.88893946290395,80.63541192535274,0
per_huruf,4,4724,0.8672663851661465,207.00682749203463,80.8397815202549,207.00682749203463,80.8397815202549,0
per_huruf,4,4725,0.8674499724619056,207.13108784706418,81.03504779244425,207.13108784706418,81.03504779244425,0
per_huruf,4,4726,0.8676335597576648,207.23577605826125,81.20755575785161,207.23577605826125,81.20755575785161,0
per_huruf,4,4727,0.8678171470534239,207.29494765589442,81.34365043240783,207.29494765589442,81.34365043240783,0
per_huruf,4,4728,0.868000734349183,207.28265817023214,81.4296768320437,207.28265817023214,81.4296768320437,0
per_huruf,4,4729,0.8681843216449422,207.17296313154299,81.45197997269001,207.17296313154299,81.45197997269001,0
per_huruf,4,4730,0.8683679089407013,206.9399180700956,81.39690487027765,206.9399180700956,81.39690487027765,0
per_huruf,4,4731,0.8685514962364604,206.5575785161584,81.25079654073737,206.5575785161584,81.25079654073737,0
per_huruf,4,4732,0.8687350835322196,206.0,81.0,206.0,81.0,0
per_huruf,4,4733,0.8689186708279787,205.2198452435139,80.61356395084206,205.2198452435139,80.61356395084206,0
per_huruf,4,4734,0.8691022581237379,204.21438324988623,80.08602639963588,204.21438324988623,80.08602639963588,0
per_huruf,4,4735,0.8692858454194969,203.0245789713245,79.44196631770596,203.0245789713245,79.44196631770596,0
per_huruf,4,4736,0.8694694327152561,201.69139736003638,78.70596267637688,201.69139736003638,78.70596267637688,0
per_huruf,4,4737,0.8696530200110152,200.25580336822946,77.90259444697315,200.25580336822946,77.90259444697315,0
per_huruf,4,4738,0.8698366073067744,198.75876194811107,77.0564406008193,198.75876194811107,77.0564406008193,0
per_huruf,4,4739,0.8700201946025335,197.24123805188896,76.19208010923987,197.24123805188896,76.19208010923987,0
per_huruf,4,4740,0.8702037818982926,195.74419663177062,75.3340919435594,195.74419663177062,75.3340919435594,0
per_huruf,4,4741,0.8703873691940518,194.3086026399636,74.50705507510241,194.3086026399636,74.50705507510241,0
per_huruf,4,4742,0.8705709564898109,192.97542102867544,73.73554847519344,192.97542102867544,73.73554847519344,0
per_huruf,4,4743,0.87075454378557,191.78561675011377,73.04415111515704,191.78561675011377,73.04415111515704,0
per_huruf,4,4744,0.8709381310813292,190.78015475648613,72.4574419663177,190.78015475648613,72.4574419663177,0
per_huruf,4,4745,0.8711217183770883,190.0,72.0,190.0,72.0,0
per_huruf,4,4746,0.8713053056728475,189.44242148384163,71.65817023213475,189.44242148384163,71.65817023213475,0
per_huruf,4,4747,0.8714888929686065,189.0600819299044,71.39553937187073,189.0600819299044,71.39553937187073,0
per_huruf,4,4748,0.8716724802643657,188.82703686845696,71.20254893035957,188.82703686845696,71.20254893035957,0
per_huruf,4,4749,0.8718560675601248,188.71734182976783,71.06964041875284,188.71734182976783,71.06964041875284,0
per_huruf,4,4750,0.872039654855884,188.70505234410564,70.9872553482021,188.70505234410564,70.9872553482021,0
per_huruf,4,4751,0.8722232421516432,188.76422394173875,70.94583522985891,188.76422394173875,70.94583522985891,0
per_huruf,4,4752,0.8724068294474022,188.86891215293582,70.93582157487484,188.86891215293582,70.93582157487484,0
per_huruf,4,4753,0.8725904167431614,188.99317250796543,70.94765589440146,188.99317250796543,70.94765589440146,0
per_huruf,4,4754,0.8727740040389205,189.11106053709602,70.97177969959034,189.11106053709602,70.97177969959034,0
per_huruf,4,4755,0.8729575913346797,189.19663177059624,70.99863450159307,189.19663177059624,70.99863450159307,0
per_huruf,4,4756,0.8731411786304387,189.22394173873465,71.01866181156123,189.22394173873465,71.01866181156123,0
per_huruf,4,4757,0.8733247659261979,189.1670459717797,71.02230314064633,189.1670459717797,71.02230314064633,0
per_huruf,4,4758,0.8735083532219571,189.0,71.0,189.0,71.0,0
per_huruf,4,4759,0.8736919405177161,188.73554847519347,70.96449704142013,188.73554847519347,70.96449704142013,0
per_huruf,4,4760,0.8738755278134753,188.41101502048247,70.93491124260356,188.41101502048247,70.93491124260356,0
per_huruf,4,4761,0.8740591151092344,188.0373236231224,70.91124260355028,188.0373236231224,70.91124260355028,0
per_huruf,4,4762,0.8742427024049936,187.62539827036866,70.89349112426035,187.62539827036866,70.89349112426035,0
per_huruf,4,4763,0.8744262897007528,187.1861629494766,70.88165680473372,187.1861629494766,70.88165680473372,0
per_huruf,4,4764,0.8746098769965118,186.73054164770144,70.87573964497042,186.73054164770144,70.87573964497042,0
per_huruf,4,4765,0.874793464292271,186.26945835229859,70.87573964497041,186.26945835229859,70.87573964497041,0
per_huruf,4,4766,0.8749770515880301,185.81383705052346,70.88165680473372,185.81383705052346,70.88165680473372,0
per_huruf,4,4767,0.8751606388837893,185.3746017296313,70.89349112426035,185.3746017296313,70.89349112426035,0
per_huruf,4,4768,0.8753442261795483,184.96267637687754,70.91124260355028,184.96267637687754,70.91124260355028,0
per_huruf,4,4769,0.8755278134753075,184.58898497951753,70.93491124260356,184.58898497951753,70.93491124260356,0
per_huruf,4,4770,0.8757114007710667,184.26445152480653,70.96449704142012,184.26445152480653,70.96449704142012,0
per_huruf,4,4771,0.8758949880668258,184.0,71.0,184.0,71.0,0
per_huruf,4,4772,0.8760785753625849,183.79472007282658,71.04415111515704,183.79472007282658,71.04415111515704,0
per_huruf,4,4773,0.876262162658344,183.63586709148842,71.09877105143377,183.63586709148842,71.09877105143377,0
per_huruf,4,4774,0.8764457499541032,183.5166135639508,71.16249431042328,183.5166135639508,71.16249431042328,0
per_huruf,4,4775,0.8766293372498624,183.43013199817935,71.2339553937187,183.43013199817935,71.2339553937187,0
per_huruf,4,4776,0.8768129245456214,183.36959490213934,71.31178880291307,183.36959490213934,71.31178880291307,0
per_huruf,4,4777,0.8769965118413806,183.3281747837961,71.39462903959945,183.3281747837961,71.39462903959945,0
per_huruf,4,4778,0.8771800991371397,183.29904415111514,71.48111060537096,183.29904415111514,71.48111060537096,0
per_huruf,4,4779,0.8773636864328989,183.27537551206188,71.56986800182067,183.27537551206188,71.56986800182067,0
per_huruf,4,4780,0.8775472737286579,183.25034137460173,71.65953573054165,183.25034137460173,71.65953573054165,0
per_huruf,4,4781,0.8777308610244171,183.21711424670002,71.748748293127,183.21711424670002,71.748748293127,0
per_huruf,4,4782,0.8779144483201763,183.16886663632226,71.83614019116979,183.16886663632226,71.83614019116979,0
per_huruf,4,4783,0.8780980356159354,183.0987710514338,71.92034592626308,183.0987710514338,71.92034592626308,0
per_huruf,4,4784,0.8782816229116945,183.0,72.0,183.0,72.0,0
per_huruf,4,4785,0.8784652102074536,182.87619481110607,72.07965407373692,182.87619481110607,72.07965407373692,0
per_huruf,4,4786,0.8786487975032128,182.73736913973602,72.16385980883022,182.73736913973602,72.16385980883022,0
per_huruf,4,4787,0.878832384798972,182.58625398270365,72.251251706873,182.58625398270365,72.251251706873,0
per_huruf,4,4788,0.879015972094731,182.42558033682292,72.34046426945832,182.42558033682292,72.34046426945832,0
per_huruf,4,4789,0.8791995593904902,182.25807919890764,72.43013199817933,182.25807919890764,72.43013199817933,0
per_huruf,4,4790,0.8793831466862493,182.08648156577152,72.51888939462903,182.08648156577152,72.51888939462903,0
per_huruf,4,4791,0.8795667339820085,181.91351843422848,72.60537096040053,181.91351843422848,72.60537096040053,0
per_huruf,4,4792,0.8797503212777675,181.74192080109242,72.68821119708693,181.74192080109242,72.68821119708693,0
per_huruf,4,4793,0.8799339085735267,181.57441966317705,72.7660446062813,181.57441966317705,72.7660446062813,0
per_huruf,4,4794,0.8801174958692859,181.41374601729632,72.83750568957669,181.41374601729632,72.83750568957669,0
per_huruf,4,4795,0.880301083165045,181.26263086026398,72.90122894856623,181.26263086026398,72.90122894856623,0
per_huruf,4,4796,0.8804846704608041,181.12380518889393,72.95584888484296,181.12380518889393,72.95584888484296,0
per_huruf,4,4797,0.8806682577565632,181.0,73.0,181.0,73.0,0
per_huruf,4,4798,0.8808518450523224,180.8903049613109,73.03004096495222,180.8903049613109,73.03004096495222,0
per_huruf,4,4799,0.8810354323480815,180.7910787437415,73.04506144742832,180.7910787437415,73.04506144742832,0
per_huruf,4,4800,0.8812190196438406,180.70095584888483,73.04779244424213,180.70095584888483,73.04779244424213,0
per_huruf,4,4801,0.8814026069395998,180.61857077833406,73.04096495220755,180.61857077833406,73.04096495220755,0
per_huruf,4,4802,0.8815861942353589,180.5425580336823,73.02730996813838,180.5425580336823,73.02730996813838,0
per_huruf,4,4803,0.8817697815311181,180.47155211652253,73.00955848884843,180.47155211652253,73.00955848884843,0
per_huruf,4,4804,0.8819533688268771,180.4041875284479,72.99044151115157,180.4041875284479,72.99044151115157,0
per_huruf,4,4805,0.8821369561226363,180.33909877105145,72.97269003186163,180.33909877105145,72.97269003186163,0
per_huruf,4,4806,0.8823205434183955,180.27492034592626,72.95903504779244,180.27492034592626,72.95903504779244,0
per_huruf,4,4807,0.8825041307141546,180.21028675466545,72.95220755575784,180.21028675466545,72.95220755575784,0
per_huruf,4,4808,0.8826877180099137,180.14383249886208,72.95493855257169,180.14383249886208,72.95493855257169,0
per_huruf,4,4809,0.8828713053056728,180.07419208010924,72.9699590350478,180.07419208010924,72.9699590350478,0
per_huruf,4,4810,0.883054892601432,180.0,73.0,180.0,73.0,0
per_huruf,4,4811,0.8832384798971911,179.92307692307693,73.0414201183432,179.92307692307693,73.0414201183432,0
per_huruf,4,4812,0.8834220671929502,179.84615384615387,73.08875739644971,179.84615384615387,73.08875739644971,0
per_huruf,4,4813,0.8836056544887094,179.76923076923075,73.14201183431952,179.76923076923075,73.14201183431952,0
per_huruf,4,4814,0.8837892417844685,179.69230769230765,73.20118343195266,179.69230769230765,73.20118343195266,0
per_huruf,4,4815,0.8839728290802277,179.6153846153846,73.26627218934914,179.6153846153846,73.26627218934914,0
per_huruf,4,4816,0.8841564163759867,179.53846153846155,73.33727810650888,179.53846153846155,73.33727810650888,0
per_huruf,4,4817,0.8843400036717459,179.46153846153845,73.41420118343196,179.46153846153845,73.41420118343196,0
per_huruf,4,4818,0.8845235909675051,179.38461538461542,73.49704142011834,179.38461538461542,73.49704142011834,0
per_huruf,4,4819,0.8847071782632642,179.3076923076923,73.58579881656804,179.3076923076923,73.58579881656804,0
per_huruf,4,4820,0.8848907655590234,179.23076923076923,73.68047337278107,179.23076923076923,73.68047337278107,0
per_huruf,4,4821,0.8850743528547824,179.15384615384616,73.7810650887574,179.15384615384616,73.7810650887574,0
per_huruf,4,4822,0.8852579401505416,179.0769230769231,73.88757396449704,179.0769230769231,73.88757396449704,0
per_huruf,4,4823,0.8854415274463007,179.0,74.0,179.0,74.0,0
per_huruf,4,4824,0.8856251147420598,178.92034592626314,74.12380518889395,178.92034592626314,74.12380518889395,0
per_huruf,4,4825,0.885808702037819,178.8361401911698,74.26263086026401,178.8361401911698,74.26263086026401,0
per_huruf,4,4826,0.8859922893335781,178.74874829312697,74.4137460172963,178.74874829312697,74.4137460172963,0
per_huruf,4,4827,0.8861758766293373,178.65953573054165,74.57441966317705,178.65953573054165,74.57441966317705,0
per_huruf,4,4828,0.8863594639250963,178.56986800182065,74.74192080109242,178.56986800182065,74.74192080109242,0
per_huruf,4,4829,0.8865430512208555,178.48111060537096,74.9135184342285,178.48111060537096,74.9135184342285,0
per_huruf,4,4830,0.8867266385166146,178.39462903959944,75.0864815657715,178.39462903959944,75.0864815657715,0
per_huruf,4,4831,0.8869102258123738,178.31178880291304,75.25807919890761,178.31178880291304,75.25807919890761,0
per_huruf,4,4832,0.887093813108133,178.2339553937187,75.42558033682295,178.2339553937187,75.42558033682295,0
per_huruf,4,4833,0.887277400403892,178.16249431042328,75.58625398270368,178.16249431042328,75.58625398270368,0
per_huruf,4,4834,0.8874609876996512,178.09877105143377,75.737369139736,178.09877105143377,75.737369139736,0
per_huruf,4,4835,0.8876445749954103,178.04415111515704,75.87619481110605,178.04415111515704,75.87619481110605,0
per_huruf,4,4836,0.8878281622911695,178.0,76.0,178.0,76.0,0
per_huruf,4,4837,0.8880117495869286,177.96449704142015,76.10969503868914,177.96449704142015,76.10969503868914,0
per_huruf,4,4838,0.8881953368826877,177.9349112426036,76.20892125625853,177.9349112426036,76.20892125625853,0
per_huruf,4,4839,0.8883789241784469,177.91124260355025,76.29904415111514,177.91124260355025,76.29904415111514,0
per_huruf,4,4840,0.888562511474206,177.89349112426035,76.3814292216659,177.89349112426035,76.3814292216659,0
per_huruf,4,4841,0.8887460987699651,177.88165680473375,76.45744196631772,177.88165680473375,76.45744196631772,0
per_huruf,4,4842,0.8889296860657242,177.87573964497042,76.52844788347747,177.87573964497042,76.52844788347747,0
per_huruf,4,4843,0.8891132733614834,177.8757396449704,76.59581247155212,177.8757396449704,76.59581247155212,0
per_huruf,4,4844,0.8892968606572426,177.88165680473372,76.66090122894857,177.88165680473372,76.66090122894857,0
per_huruf,4,4845,0.8894804479530016,177.89349112426035,76.72507965407374,177.89349112426035,76.72507965407374,0
per_huruf,4,4846,0.8896640352487608,177.91124260355028,76.78971324533455,177.91124260355028,76.78971324533455,0
per_huruf,4,4847,0.8898476225445199,177.93491124260356,76.85616750113792,177.93491124260356,76.85616750113792,0
per_huruf,4,4848,0.8900312098402791,177.96449704142012,76.92580791989076,177.96449704142012,76.92580791989076,0
per_huruf,4,4849,0.8902147971360382,178.0,77.0,178.0,77.0,0
per_huruf,4,4850,0.8903983844317973,178.04415111515704,77.07692307692308,178.04415111515704,77.07692307692308,0
per_huruf,4,4851,0.8905819717275565,178.09877105143377,77.15384615384616,178.09877105143377,77.15384615384616,0
per_huruf,4,4852,0.8907655590233156,178.16249431042328,77.23076923076923,178.16249431042328,77.23076923076923,0
per_huruf,4,4853,0.8909491463190747,178.23395539371867,77.30769230769229,178.23395539371867,77.30769230769229,0
per_huruf,4,4854,0.8911327336148338,178.31178880291307,77.3846153846154,178.31178880291307,77.3846153846154,0
per_huruf,4,4855,0.891316320910593,178.39462903959947,77.46153846153847,178.39462903959947,77.46153846153847,0
per_huruf,4,4856,0.8914999082063522,178.48111060537096,77.53846153846155,178.48111060537096,77.53846153846155,0
per_huruf,4,4857,0.8916834955021112,178.56986800182068,77.61538461538461,178.56986800182068,77.61538461538461,0
per_huruf,4,4858,0.8918670827978704,178.65953573054162,77.6923076923077,178.65953573054162,77.6923076923077,0
per_huruf,4,4859,0.8920506700936295,178.748748293127,77.76923076923077,178.748748293127,77.76923076923077,0
per_huruf,4,4860,0.8922342573893887,178.83614019116976,77.84615384615385,178.83614019116976,77.84615384615385,0
per_huruf,4,4861,0.8924178446851478,178.9203459262631,77.92307692307692,178.9203459262631,77.92307692307692,0
per_huruf,4,4862,0.8926014319809069,179.0,78.0,179.0,78.0,0
per_huruf,4,4863,0.8927850192766661,179.07692307692312,78.07965407373693,179.07692307692312,78.07965407373693,0
per_huruf,4,4864,0.8929686065724252,179.1538461538462,78.16385980883022,179.1538461538462,78.16385980883022,0
per_huruf,4,4865,0.8931521938681843,179.23076923076923,78.25125170687298,179.23076923076923,78.25125170687298,0
per_huruf,4,4866,0.8933357811639434,179.3076923076923,78.34046426945835,179.3076923076923,78.34046426945835,0
per_huruf,4,4867,0.8935193684597026,179.3846153846154,78.43013199817933,179.3846153846154,78.43013199817933,0
per_huruf,4,4868,0.8937029557554618,179.46153846153845,78.51888939462904,179.46153846153845,78.51888939462904,0
per_huruf,4,4869,0.8938865430512208,179.53846153846155,78.60537096040053,179.53846153846155,78.60537096040053,0
per_huruf,4,4870,0.89407013034698,179.61538461538464,78.68821119708693,179.61538461538464,78.68821119708693,0
per_huruf,4,4871,0.8942537176427391,179.69230769230768,78.76604460628128,179.69230769230768,78.76604460628128,0
per_huruf,4,4872,0.8944373049384983,179.76923076923075,78.83750568957669,179.76923076923075,78.83750568957669,0
per_huruf,4,4873,0.8946208922342573,179.84615384615384,78.90122894856623,179.84615384615384,78.90122894856623,0
per_huruf,4,4874,0.8948044795300165,179.9230769230769,78.95584888484296,179.9230769230769,78.95584888484296,0
per_huruf,4,4875,0.8949880668257757,180.0,79.0,180.0,79.0,0
per_huruf,4,4876,0.8951716541215348,180.0769230769231,79.03004096495222,180.0769230769231,79.03004096495222,0
per_huruf,4,4877,0.895355241417294,180.15384615384616,79.04506144742832,180.15384615384616,79.04506144742832,0
per_huruf,4,4878,0.895538828713053,180.2307692307692,79.04779244424213,180.2307692307692,79.04779244424213,0
per_huruf,4,4879,0.8957224160088122,180.3076923076923,79.04096495220755,180.3076923076923,79.04096495220755,0
per_huruf,4,4880,0.8959060033045714,180.38461538461542,79.0273099681384,180.38461538461542,79.0273099681384,0
per_huruf,4,4881,0.8960895906003304,180.46153846153848,79.00955848884843,180.46153846153848,79.00955848884843,0
per_huruf,4,4882,0.8962731778960896,180.53846153846152,78.99044151115156,180.53846153846152,78.99044151115156,0
per_huruf,4,4883,0.8964567651918487,180.61538461538464,78.97269003186163,180.61538461538464,78.97269003186163,0
per_huruf,4,4884,0.8966403524876079,180.69230769230768,78.95903504779244,180.69230769230768,78.95903504779244,0
per_huruf,4,4885,0.8968239397833669,180.76923076923077,78.95220755575784,180.76923076923077,78.95220755575784,0
per_huruf,4,4886,0.8970075270791261,180.84615384615384,78.95493855257169,180.84615384615384,78.95493855257169,0
per_huruf,4,4887,0.8971911143748853,180.9230769230769,78.9699590350478,180.9230769230769,78.9699590350478,0
per_huruf,4,4888,0.8973747016706444,181.0,79.0,181.0,79.0,0
per_huruf,4,4889,0.8975582889664036,181.07965407373695,79.04415111515704,181.07965407373695,79.04415111515704,0
per_huruf,4,4890,0.8977418762621626,181.16385980883024,79.0987710514338,181.16385980883024,79.0987710514338,0
per_huruf,4,4891,0.8979254635579218,181.25125170687303,79.1624943104233,181.25125170687303,79.1624943104233,0
per_huruf,4,4892,0.898109050853681,181.34046426945835,79.2339553937187,181.34046426945835,79.2339553937187,0
per_huruf,4,4893,0.89829263814944,181.43013199817938,79.31178880291309,181.43013199817938,79.31178880291309,0
per_huruf,4,4894,0.8984762254451992,181.51888939462904,79.39462903959947,181.51888939462904,79.39462903959947,0
per_huruf,4,4895,0.8986598127409583,181.60537096040056,79.48111060537096,181.60537096040056,79.48111060537096,0
per_huruf,4,4896,0.8988434000367175,181.68821119708696,79.56986800182068,181.68821119708696,79.56986800182068,0
per_huruf,4,4897,0.8990269873324765,181.7660446062813,79.65953573054165,181.7660446062813,79.65953573054165,0
per_huruf,4,4898,0.8992105746282357,181.8375056895767,79.748748293127,181.8375056895767,79.748748293127,0
per_huruf,4,4899,0.8993941619239949,181.90122894856623,79.83614019116978,181.90122894856623,79.83614019116978,0
per_huruf,4,4900,0.899577749219754,181.95584888484296,79.92034592626308,181.95584888484296,79.92034592626308,0
per_huruf,4,4901,0.8997613365155132,182.0,80.0,182.0,80.0,0
per_huruf,4,4902,0.8999449238112722,182.0327719617661,80.07692307692308,182.0327719617661,80.07692307692308,0
per_huruf,4,4903,0.9001285111070314,182.0550751024124,80.15384615384616,182.0550751024124,80.15384615384616,0
per_huruf,4,4904,0.9003120984027905,182.0682749203459,80.23076923076921,182.0682749203459,80.23076923076921,0
per_huruf,4,4905,0.9004956856985497,182.07373691397356,80.30769230769229,182.07373691397356,80.30769230769229,0
per_huruf,4,4906,0.9006792729943088,182.07282658170232,80.3846153846154,182.07282658170232,80.3846153846154,0
per_huruf,4,4907,0.9008628602900679,182.06690942193902,80.46153846153848,182.06690942193902,80.46153846153848,0
per_huruf,4,4908,0.9010464475858271,182.0573509330906,80.53846153846153,182.0573509330906,80.53846153846153,0
per_huruf,4,4909,0.9012300348815862,182.04551661356396,80.61538461538463,182.04551661356396,80.61538461538463,0
per_huruf,4,4910,0.9014136221773453,182.03277196176603,80.6923076923077,182.03277196176603,80.6923076923077,0
per_huruf,4,4911,0.9015972094731045,182.02048247610375,80.76923076923076,182.02048247610375,80.76923076923076,0
per_huruf,4,4912,0.9017807967688636,182.01001365498405,80.84615384615385,182.01001365498405,80.84615384615385,0
per_huruf,4,4913,0.9019643840646228,182.00273099681385,80.92307692307692,182.00273099681385,80.92307692307692,0
per_huruf,4,4914,0.9021479713603818,182.0,81.0,182.0,81.0,0
per_huruf,4,4915,0.902331558656141,182.00000000000003,81.0769230769231,182.00000000000003,81.0769230769231,0
per_huruf,4,4916,0.9025151459519001,182.00000000000003,81.15384615384616,182.00000000000003,81.15384615384616,0
per_huruf,4,4917,0.9026987332476593,182.0,81.23076923076923,182.0,81.23076923076923,0
per_huruf,4,4918,0.9028823205434184,181.99999999999997,81.30769230769229,181.99999999999997,81.30769230769229,0
per_huruf,4,4919,0.9030659078391775,182.0,81.38461538461539,182.0,81.38461538461539,0
per_huruf,4,4920,0.9032494951349367,182.00000000000003,81.46153846153847,182.00000000000003,81.46153846153847,0
per_huruf,4,4921,0.9034330824306958,182.0,81.53846153846153,182.0,81.53846153846153,0
per_huruf,4,4922,0.9036166697264549,182.0,81.61538461538461,182.0,81.61538461538461,0
per_huruf,4,4923,0.9038002570222141,181.99999999999997,81.6923076923077,181.99999999999997,81.6923076923077,0
per_huruf,4,4924,0.9039838443179732,181.99999999999997,81.76923076923076,181.99999999999997,81.76923076923076,0
per_huruf,4,4925,0.9041674316137324,182.0,81.84615384615385,182.0,81.84615384615385,0
per_huruf,4,4926,0.9043510189094914,182.0,81.92307692307692,182.0,81.92307692307692,0
per_huruf,4,4927,0.9045346062052506,182.0,82.0,182.0,82.0,0
per_huruf,4,4928,0.9047181935010097,182.00000000000003,82.0769230769231,182.00000000000003,82.0769230769231,0
per_huruf,4,4929,0.9049017807967689,182.00000000000003,82.15384615384615,182.00000000000003,82.15384615384615,0
per_huruf,4,4930,0.905085368092528,182.0,82.23076923076923,182.0,82.23076923076923,0
per_huruf,4,4931,0.9052689553882871,181.99999999999997,82.30769230769229,181.99999999999997,82.30769230769229,0
per_huruf,4,4932,0.9054525426840463,182.0,82.3846153846154,182.0,82.3846153846154,0
per_huruf,4,4933,0.9056361299798054,182.00000000000003,82.46153846153847,182.00000000000003,82.46153846153847,0
per_huruf,4,4934,0.9058197172755645,182.0,82.53846153846155,182.0,82.53846153846155,0
per_huruf,4,4935,0.9060033045713237,182.0,82.61538461538461,182.0,82.61538461538461,0
per_huruf,4,4936,0.9061868918670828,181.99999999999997,82.6923076923077,181.99999999999997,82.6923076923077,0
per_huruf,4,4937,0.906370479162842,181.99999999999997,82.76923076923076,181.99999999999997,82.76923076923076,0
per_huruf,4,4938,0.906554066458601,182.0,82.84615384615384,182.0,82.84615384615384,0
per_huruf,4,4939,0.9067376537543602,182.0,82.92307692307692,182.0,82.92307692307692,0
per_huruf,4,4940,0.9069212410501193,182.0,83.0,182.0,83.0,0
per_huruf,4,4941,0.9071048283458785,182.00273099681385,83.0769230769231,182.00273099681385,83.0769230769231,0
per_huruf,4,4942,0.9072884156416376,182.01001365498408,83.15384615384615,182.01001365498408,83.15384615384615,0
per_huruf,4,4943,0.9074720029373967,182.02048247610375,83.23076923076921,182.02048247610375,83.23076923076921,0
per_huruf,4,4944,0.9076555902331559,182.03277196176603,83.3076923076923,182.03277196176603,83.3076923076923,0
per_huruf,4,4945,0.907839177528915,182.04551661356396,83.3846153846154,182.04551661356396,83.3846153846154,0
per_huruf,4,4946,0.9080227648246741,182.0573509330906,83.46153846153847,182.0573509330906,83.46153846153847,0
per_huruf,4,4947,0.9082063521204332,182.06690942193902,83.53846153846155,182.06690942193902,83.53846153846155,0
per_huruf,4,4948,0.9083899394161924,182.07282658170232,83.61538461538461,182.07282658170232,83.61538461538461,0
per_huruf,4,4949,0.9085735267119516,182.0737369139736,83.6923076923077,182.0737369139736,83.6923076923077,0
per_huruf,4,4950,0.9087571140077106,182.0682749203459,83.76923076923076,182.0682749203459,83.76923076923076,0
per_huruf,4,4951,0.9089407013034698,182.0550751024124,83.84615384615384,182.0550751024124,83.84615384615384,0
per_huruf,4,4952,0.9091242885992289,182.03277196176606,83.92307692307692,182.03277196176606,83.92307692307692,0
per_huruf,4,4953,0.9093078758949881,182.0,84.0,182.0,84.0,0
per_huruf,4,4954,0.9094914631907473,181.955848884843,84.07692307692308,181.955848884843,84.07692307692308,0
per_huruf,4,4955,0.9096750504865063,181.90122894856623,84.15384615384616,181.90122894856623,84.15384615384616,0
per_huruf,4,4956,0.9098586377822655,181.83750568957666,84.23076923076921,181.83750568957666,84.23076923076921,0
per_huruf,4,4957,0.9100422250780246,181.76604460628127,84.3076923076923,181.76604460628127,84.3076923076923,0
per_huruf,4,4958,0.9102258123737837,181.68821119708696,84.3846153846154,181.68821119708696,84.3846153846154,0
per_huruf,4,4959,0.9104093996695428,181.60537096040056,84.46153846153847,181.60537096040056,84.46153846153847,0
per_huruf,4,4960,0.910592986965302,181.51888939462904,84.53846153846153,181.51888939462904,84.53846153846153,0
per_huruf,4,4961,0.9107765742610612,181.43013199817938,84.61538461538461,181.43013199817938,84.61538461538461,0
per_huruf,4,4962,0.9109601615568202,181.34046426945835,84.69230769230768,181.34046426945835,84.69230769230768,0
per_huruf,4,4963,0.9111437488525794,181.251251706873,84.76923076923076,181.251251706873,84.76923076923076,0
per_huruf,4,4964,0.9113273361483385,181.16385980883024,84.84615384615385,181.16385980883024,84.84615384615385,0
per_huruf,4,4965,0.9115109234440977,181.0796540737369,84.92307692307692,181.0796540737369,84.92307692307692,0
per_huruf,4,4966,0.9116945107398569,181.0,85.0,181.0,85.0,0
per_huruf,4,4967,0.9118780980356159,180.92307692307696,85.07965407373692,180.92307692307696,85.07965407373692,0
per_huruf,4,4968,0.9120616853313751,180.84615384615387,85.16385980883022,180.84615384615387,85.16385980883022,0
per_huruf,4,4969,0.9122452726271342,180.76923076923077,85.25125170687299,180.76923076923077,85.25125170687299,0
per_huruf,4,4970,0.9124288599228934,180.69230769230768,85.34046426945834,180.69230769230768,85.34046426945834,0
per_huruf,4,4971,0.9126124472186524,180.6153846153846,85.43013199817933,180.6153846153846,85.43013199817933,0
per_huruf,4,4972,0.9127960345144116,180.53846153846155,85.51888939462904,180.53846153846155,85.51888939462904,0
per_huruf,4,4973,0.9129796218101708,180.46153846153848,85.60537096040053,180.46153846153848,85.60537096040053,0
per_huruf,4,4974,0.9131632091059299,180.38461538461536,85.68821119708693,180.38461538461536,85.68821119708693,0
per_huruf,4,4975,0.913346796401689,180.30769230769232,85.7660446062813,180.30769230769232,85.7660446062813,0
per_huruf,4,4976,0.9135303836974481,180.23076923076923,85.83750568957669,180.23076923076923,85.83750568957669,0
per_huruf,4,4977,0.9137139709932073,180.15384615384616,85.90122894856623,180.15384615384616,85.90122894856623,0
per_huruf,4,4978,0.9138975582889663,180.07692307692307,85.95584888484296,180.07692307692307,85.95584888484296,0
per_huruf,4,4979,0.9140811455847255,180.0,86.0,180.0,86.0,0
per_huruf,4,4980,0.9142647328804847,179.92307692307693,86.0300409649522,179.92307692307693,86.0300409649522,0
per_huruf,4,4981,0.9144483201762438,179.84615384615387,86.04506144742832,179.84615384615387,86.04506144742832,0
per_huruf,4,4982,0.914631907472003,179.76923076923075,86.04779244424215,179.76923076923075,86.04779244424215,0
per_huruf,4,4983,0.914815494767762,179.69230769230765,86.04096495220755,179.69230769230765,86.04096495220755,0
per_huruf,4,4984,0.9149990820635212,179.6153846153846,86.02730996813838,179.6153846153846,86.02730996813838,0
per_huruf,4,4985,0.9151826693592804,179.53846153846155,86.00955848884843,179.53846153846155,86.00955848884843,0
per_huruf,4,4986,0.9153662566550395,179.46153846153845,85.99044151115157,179.46153846153845,85.99044151115157,0
per_huruf,4,4987,0.9155498439507986,179.38461538461542,85.97269003186163,179.38461538461542,85.97269003186163,0
per_huruf,4,4988,0.9157334312465577,179.3076923076923,85.95903504779244,179.3076923076923,85.95903504779244,0
per_huruf,4,4989,0.9159170185423169,179.23076923076923,85.95220755575784,179.23076923076923,85.95220755575784,0
per_huruf,4,4990,0.916100605838076,179.15384615384616,85.95493855257169,179.15384615384616,85.95493855257169,0
per_huruf,4,4991,0.9162841931338351,179.0769230769231,85.96995903504778,179.0769230769231,85.96995903504778,0
per_huruf,4,4992,0.9164677804295943,179.0,86.0,179.0,86.0,0
per_huruf,4,4993,0.9166513677253534,178.92307692307696,86.04688211197087,178.92307692307696,86.04688211197087,0
per_huruf,4,4994,0.9168349550211126,178.84615384615387,86.10878470641785,178.84615384615387,86.10878470641785,0
per_huruf,4,4995,0.9170185423168716,178.76923076923075,86.18297678652708,178.76923076923075,86.18297678652708,0
per_huruf,4,4996,0.9172021296126308,178.6923076923077,86.26672735548475,178.6923076923077,86.26672735548475,0
per_huruf,4,4997,0.91738571690839,178.6153846153846,86.35730541647702,178.6153846153846,86.35730541647702,0
per_huruf,4,4998,0.9175693042041491,178.53846153846152,86.45197997269003,178.53846153846152,86.45197997269003,0
per_huruf,4,4999,0.9177528914999082,178.46153846153845,86.54802002730997,178.46153846153845,86.54802002730997,0
per_huruf,4,5000,0.9179364787956673,178.38461538461536,86.64269458352298,178.38461538461536,86.64269458352298,0
per_huruf,4,5001,0.9181200660914265,178.30769230769232,86.73327264451524,178.30769230769232,86.73327264451524,0
per_huruf,4,5002,0.9183036533871856,178.23076923076923,86.81702321347291,178.23076923076923,86.81702321347291,0
per_huruf,4,5003,0.9184872406829447,178.15384615384613,86.89121529358215,178.15384615384613,86.89121529358215,0
per_huruf,4,5004,0.9186708279787039,178.0769230769231,86.95311788802913,178.0769230769231,86.95311788802913,0
per_huruf,4,5005,0.918854415274463,178.0,87.0,178.0,87.0,0
per_huruf,4,5006,0.9190380025702222,177.92307692307696,87.03277196176606,177.92307692307696,87.03277196176606,0
per_huruf,4,5007,0.9192215898659812,177.84615384615387,87.05507510241239,177.84615384615387,87.05507510241239,0
per_huruf,4,5008,0.9194051771617404,177.76923076923072,87.06827492034591,177.76923076923072,87.06827492034591,0
per_huruf,4,5009,0.9195887644574996,177.6923076923077,87.07373691397359,177.6923076923077,87.07373691397359,0
per_huruf,4,5010,0.9197723517532587,177.6153846153846,87.07282658170233,177.6153846153846,87.07282658170233,0
per_huruf,4,5011,0.9199559390490178,177.53846153846155,87.06690942193902,177.53846153846155,87.06690942193902,0
per_huruf,4,5012,0.9201395263447769,177.46153846153848,87.05735093309059,177.46153846153848,87.05735093309059,0
per_huruf,4,5013,0.9203231136405361,177.38461538461542,87.04551661356396,177.38461538461542,87.04551661356396,0
per_huruf,4,5014,0.9205067009362952,177.3076923076923,87.03277196176603,177.3076923076923,87.03277196176603,0
per_huruf,4,5015,0.9206902882320543,177.23076923076923,87.02048247610377,177.23076923076923,87.02048247610377,0
per_huruf,4,5016,0.9208738755278135,177.15384615384616,87.01001365498408,177.15384615384616,87.01001365498408,0
per_huruf,4,5017,0.9210574628235726,177.07692307692307,87.00273099681384,177.07692307692307,87.00273099681384,0
per_huruf,4,5018,0.9212410501193318,177.0,87.0,177.0,87.0,0
per_huruf,4,5019,0.9214246374150908,176.92307692307693,87.00000000000001,176.92307692307693,87.00000000000001,0
per_huruf,4,5020,0.92160822471085,176.84615384615387,87.0,176.84615384615387,87.0,0
per_huruf,4,5021,0.9217918120066091,176.76923076923075,86.99999999999999,176.76923076923075,86.99999999999999,0
per_huruf,4,5022,0.9219753993023683,176.69230769230768,87.0,176.69230769230768,87.0,0
per_huruf,4,5023,0.9221589865981275,176.61538461538464,87.00000000000001,176.61538461538464,87.00000000000001,0
per_huruf,4,5024,0.9223425738938865,176.53846153846155,87.0,176.53846153846155,87.0,0
per_huruf,4,5025,0.9225261611896457,176.46153846153848,87.0,176.46153846153848,87.0,0
per_huruf,4,5026,0.9227097484854048,176.38461538461536,87.0,176.38461538461536,87.0,0
per_huruf,4,5027,0.922893335781164,176.30769230769232,87.0,176.30769230769232,87.0,0
per_huruf,4,5028,0.9230769230769231,176.23076923076923,86.99999999999999,176.23076923076923,86.99999999999999,0
per_huruf,4,5029,0.9232605103726822,176.15384615384616,87.0,176.15384615384616,87.0,0
per_huruf,4,5030,0.9234440976684414,176.07692307692307,87.0,176.07692307692307,87.0,0
per_huruf,4,5031,0.9236276849642004,176.0,87.0,176.0,87.0,0
per_huruf,4,5032,0.9238112722599596,175.92307692307693,87.00000000000001,175.92307692307693,87.00000000000001,0
per_huruf,4,5033,0.9239948595557187,175.84615384615387,87.0,175.84615384615387,87.0,0
per_huruf,4,5034,0.9241784468514779,175.76923076923075,86.99999999999999,175.76923076923075,86.99999999999999,0
per_huruf,4,5035,0.924362034147237,175.69230769230768,87.0,175.69230769230768,87.0,0
per_huruf,4,5036,0.9245456214429961,175.6153846153846,87.00000000000001,175.6153846153846,87.00000000000001,0
per_huruf,4,5037,0.9247292087387553,175.53846153846155,87.0,175.53846153846155,87.0,0
per_huruf,4,5038,0.9249127960345144,175.46153846153845,87.0,175.46153846153845,87.0,0
per_huruf,4,5039,0.9250963833302736,175.3846153846154,87.0,175.3846153846154,87.0,0
per_huruf,4,5040,0.9252799706260327,175.30769230769232,87.0,175.30769230769232,87.0,0
per_huruf,4,5041,0.9254635579217918,175.23076923076923,86.99999999999999,175.23076923076923,86.99999999999999,0
per_huruf,4,5042,0.925647145217551,175.15384615384616,87.0,175.15384615384616,87.0,0
per_huruf,4,5043,0.92583073251331,175.0769230769231,87.0,175.0769230769231,87.0,0
per_huruf,4,5044,0.9260143198090692,175.0,87.0,175.0,87.0,0
per_huruf,4,5045,0.9261979071048283,174.92307692307696,87.00000000000001,174.92307692307696,87.00000000000001,0
per_huruf,4,5046,0.9263814944005875,174.84615384615387,87.0,174.84615384615387,87.0,0
per_huruf,4,5047,0.9265650816963467,174.76923076923075,86.99999999999999,174.76923076923075,86.99999999999999,0
per_huruf,4,5048,0.9267486689921057,174.69230769230768,87.0,174.69230769230768,87.0,0
per_huruf,4,5049,0.9269322562878649,174.6153846153846,87.00000000000001,174.6153846153846,87.00000000000001,0
per_huruf,4,5050,0.927115843583624,174.53846153846155,87.0,174.53846153846155,87.0,0
per_huruf,4,5051,0.9272994308793832,174.46153846153845,87.0,174.46153846153845,87.0,0
per_huruf,4,5052,0.9274830181751422,174.3846153846154,87.0,174.3846153846154,87.0,0
per_huruf,4,5053,0.9276666054709014,174.30769230769232,87.0,174.30769230769232,87.0,0
per_huruf,4,5054,0.9278501927666606,174.2307692307692,86.99999999999999,174.2307692307692,86.99999999999999,0
per_huruf,4,5055,0.9280337800624197,174.1538461538462,87.0,174.1538461538462,87.0,0
per_huruf,4,5056,0.9282173673581788,174.07692307692307,87.0,174.07692307692307,87.0,0
per_huruf,4,5057,0.9284009546539379,174.0,87.0,174.0,87.0,0
per_huruf,4,5058,0.9285845419496971,173.92307692307696,87.00000000000001,173.92307692307696,87.00000000000001,0
per_huruf,4,5059,0.9287681292454563,173.84615384615387,87.0,173.84615384615387,87.0,0
per_huruf,4,5060,0.9289517165412153,173.76923076923075,86.99999999999999,173.76923076923075,86.99999999999999,0
per_huruf,4,5061,0.9291353038369745,173.69230769230765,87.0,173.69230769230765,87.0,0
per_huruf,4,5062,0.9293188911327336,173.6153846153846,87.00000000000001,173.6153846153846,87.00000000000001,0
per_huruf,4,5063,0.9295024784284928,173.53846153846155,87.0,173.53846153846155,87.0,0
per_huruf,4,5064,0.9296860657242518,173.46153846153845,87.0,173.46153846153845,87.0,0
per_huruf,4,5065,0.929869653020011,173.3846153846154,87.0,173.3846153846154,87.0,0
per_huruf,4,5066,0.9300532403157702,173.30769230769232,87.0,173.30769230769232,87.0,0
per_huruf,4,5067,0.9302368276115293,173.23076923076923,86.99999999999999,173.23076923076923,86.99999999999999,0
per_huruf,4,5068,0.9304204149072884,173.15384615384616,87.0,173.15384615384616,87.0,0
per_huruf,4,5069,0.9306040022030475,173.07692307692307,87.0,173.07692307692307,87.0,0
per_huruf,4,5070,0.9307875894988067,173.0,87.0,173.0,87.0,0
per_huruf,4,5071,0.9309711767945659,172.92307692307693,87.00000000000001,172.92307692307693,87.00000000000001,0
per_huruf,4,5072,0.9311547640903249,172.84615384615384,87.0,172.84615384615384,87.0,0
per_huruf,4,5073,0.9313383513860841,172.76923076923072,86.99999999999999,172.76923076923072,86.99999999999999,0
per_huruf,4,5074,0.9315219386818432,172.69230769230765,87.0,172.69230769230765,87.0,0
per_huruf,4,5075,0.9317055259776024,172.61538461538464,87.00000000000001,172.61538461538464,87.00000000000001,0
per_huruf,4,5076,0.9318891132733614,172.53846153846155,87.0,172.53846153846155,87.0,0
per_huruf,4,5077,0.9320727005691206,172.46153846153845,87.0,172.46153846153845,87.0,0
per_huruf,4,5078,0.9322562878648798,172.3846153846154,87.0,172.3846153846154,87.0,0
per_huruf,4,5079,0.9324398751606389,172.30769230769232,87.0,172.30769230769232,87.0,0
per_huruf,4,5080,0.932623462456398,172.23076923076923,86.99999999999999,172.23076923076923,86.99999999999999,0
per_huruf,4,5081,0.9328070497521571,172.15384615384616,87.0,172.15384615384616,87.0,0
per_huruf,4,5082,0.9329906370479163,172.07692307692307,87.0,172.07692307692307,87.0,0
per_huruf,4,5083,0.9331742243436755,172.0,87.0,172.0,87.0,0
per_huruf,4,5084,0.9333578116394345,171.92307692307693,87.00000000000001,171.92307692307693,87.00000000000001,0
per_huruf,4,5085,0.9335413989351937,171.84615384615384,87.0,171.84615384615384,87.0,0
per_huruf,4,5086,0.9337249862309528,171.76923076923077,86.99999999999999,171.76923076923077,86.99999999999999,0
per_huruf,4,5087,0.933908573526712,171.69230769230765,87.0,171.69230769230765,87.0,0
per_huruf,4,5088,0.934092160822471,171.61538461538464,87.00000000000001,171.61538461538464,87.00000000000001,0
per_huruf,4,5089,0.9342757481182302,171.53846153846155,87.0,171.53846153846155,87.0,0
per_huruf,4,5090,0.9344593354139894,171.46153846153848,87.0,171.46153846153848,87.0,0
per_huruf,4,5091,0.9346429227097485,171.3846153846154,87.0,171.3846153846154,87.0,0
per_huruf,4,5092,0.9348265100055076,171.3076923076923,87.0,171.3076923076923,87.0,0
per_huruf,4,5093,0.9350100973012667,171.23076923076923,86.99999999999999,171.23076923076923,86.99999999999999,0
per_huruf,4,5094,0.9351936845970259,171.1538461538462,87.0,171.1538461538462,87.0,0
per_huruf,4,5095,0.935377271892785,171.0769230769231,87.0,171.0769230769231,87.0,0
per_huruf,4,5096,0.9355608591885441,171.0,87.0,171.0,87.0,0
per_huruf,4,5097,0.9357444464843033,170.92307692307696,87.00000000000001,170.92307692307696,87.00000000000001,0
per_huruf,4,5098,0.9359280337800624,170.84615384615387,87.0,170.84615384615387,87.0,0
per_huruf,4,5099,0.9361116210758216,170.76923076923072,86.99999999999999,170.76923076923072,86.99999999999999,0
per_huruf,4,5100,0.9362952083715806,170.69230769230768,87.0,170.69230769230768,87.0,0
per_huruf,4,5101,0.9364787956673398,170.6153846153846,87.00000000000001,170.6153846153846,87.00000000000001,0
per_huruf,4,5102,0.936662382963099,170.53846153846155,87.0,170.53846153846155,87.0,0
per_huruf,4,5103,0.9368459702588581,170.46153846153848,87.0,170.46153846153848,87.0,0
per_huruf,4,5104,0.9370295575546173,170.3846153846154,87.0,170.3846153846154,87.0,0
per_huruf,4,5105,0.9372131448503763,170.30769230769232,87.0,170.30769230769232,87.0,0
per_huruf,4,5106,0.9373967321461355,170.23076923076923,86.99999999999999,170.23076923076923,86.99999999999999,0
per_huruf,4,5107,0.9375803194418946,170.15384615384616,87.0,170.15384615384616,87.0,0
per_huruf,4,5108,0.9377639067376538,170.07692307692307,87.0,170.07692307692307,87.0,0
per_huruf,4,5109,0.9379474940334129,170.0,87.0,170.0,87.0,0
per_huruf,4,5110,0.938131081329172,169.92307692307693,87.00000000000001,169.92307692307693,87.00000000000001,0
per_huruf,4,5111,0.9383146686249312,169.84615384615384,87.0,169.84615384615384,87.0,0
per_huruf,4,5112,0.9384982559206902,169.76923076923075,86.99999999999999,169.76923076923075,86.99999999999999,0
per_huruf,4,5113,0.9386818432164494,169.69230769230768,87.0,169.69230769230768,87.0,0
per_huruf,4,5114,0.9388654305122086,169.6153846153846,87.00000000000001,169.6153846153846,87.00000000000001,0
per_huruf,4,5115,0.9390490178079677,169.53846153846155,87.0,169.53846153846155,87.0,0
per_huruf,4,5116,0.9392326051037269,169.46153846153845,87.0,169.46153846153845,87.0,0
per_huruf,4,5117,0.9394161923994859,169.3846153846154,87.0,169.3846153846154,87.0,0
per_huruf,4,5118,0.9395997796952451,169.3076923076923,87.0,169.3076923076923,87.0,0
per_huruf,4,5119,0.9397833669910042,169.23076923076923,86.99999999999999,169.23076923076923,86.99999999999999,0
per_huruf,4,5120,0.9399669542867634,169.15384615384616,87.0,169.15384615384616,87.0,0
per_huruf,4,5121,0.9401505415825225,169.07692307692307,87.0,169.07692307692307,87.0,0
per_huruf,4,5122,0.9403341288782816,169.0,87.0,169.0,87.0,0
per_huruf,4,5123,0.9405177161740408,168.92307692307693,87.00273099681385,168.92307692307693,87.00273099681385,0
per_huruf,4,5124,0.9407013034697999,168.84615384615384,87.01001365498408,168.84615384615384,87.01001365498408,0
per_huruf,4,5125,0.940884890765559,168.76923076923075,87.02048247610377,168.76923076923075,87.02048247610377,0
per_huruf,4,5126,0.9410684780613181,168.69230769230768,87.03277196176604,168.69230769230768,87.03277196176604,0
per_huruf,4,5127,0.9412520653570773,168.61538461538464,87.04551661356396,168.61538461538464,87.04551661356396,0
per_huruf,4,5128,0.9414356526528365,168.53846153846155,87.05735093309059,168.53846153846155,87.05735093309059,0
per_huruf,4,5129,0.9416192399485955,168.46153846153848,87.06690942193902,168.46153846153848,87.06690942193902,0
per_huruf,4,5130,0.9418028272443547,168.3846153846154,87.07282658170232,168.3846153846154,87.07282658170232,0
per_huruf,4,5131,0.9419864145401138,168.3076923076923,87.07373691397359,168.3076923076923,87.07373691397359,0
per_huruf,4,5132,0.942170001835873,168.23076923076923,87.06827492034591,168.23076923076923,87.06827492034591,0
per_huruf,4,5133,0.9423535891316321,168.1538461538462,87.05507510241239,168.1538461538462,87.05507510241239,0
per_huruf,4,5134,0.9425371764273912,168.07692307692307,87.03277196176604,168.07692307692307,87.03277196176604,0
per_huruf,4,5135,0.9427207637231504,168.0,87.0,168.0,87.0,0
per_huruf,4,5136,0.9429043510189095,167.92307692307693,86.95311788802914,167.92307692307693,86.95311788802914,0
per_huruf,4,5137,0.9430879383146686,167.84615384615387,86.89121529358216,167.84615384615387,86.89121529358216,0
per_huruf,4,5138,0.9432715256104277,167.76923076923075,86.81702321347291,167.76923076923075,86.81702321347291,0
per_huruf,4,5139,0.9434551129061869,167.69230769230768,86.73327264451522,167.69230769230768,86.73327264451522,0
per_huruf,4,5140,0.9436387002019461,167.6153846153846,86.642694583523,167.6153846153846,86.642694583523,0
per_huruf,4,5141,0.9438222874977051,167.53846153846155,86.54802002730997,167.53846153846155,86.54802002730997,0
per_huruf,4,5142,0.9440058747934643,167.46153846153845,86.45197997269003,167.46153846153845,86.45197997269003,0
per_huruf,4,5143,0.9441894620892234,167.3846153846154,86.35730541647702,167.3846153846154,86.35730541647702,0
per_huruf,4,5144,0.9443730493849826,167.30769230769232,86.26672735548476,167.30769230769232,86.26672735548476,0
per_huruf,4,5145,0.9445566366807417,167.23076923076923,86.18297678652706,167.23076923076923,86.18297678652706,0
per_huruf,4,5146,0.9447402239765008,167.15384615384616,86.10878470641785,167.15384615384616,86.10878470641785,0
per_huruf,4,5147,0.94492381127226,167.0769230769231,86.04688211197086,167.0769230769231,86.04688211197086,0
per_huruf,4,5148,0.9451073985680191,167.0,86.0,167.0,86.0,0
per_huruf,4,5149,0.9452909858637782,166.923076923077,85.96722803823396,166.923076923077,85.96722803823396,0
per_huruf,4,5150,0.9454745731595373,166.84615384615384,85.94492489758763,166.84615384615384,85.94492489758763,0
per_huruf,4,5151,0.9456581604552965,166.76923076923075,85.93172507965407,166.76923076923075,85.93172507965407,0
per_huruf,4,5152,0.9458417477510557,166.69230769230768,85.92626308602638,166.69230769230768,85.92626308602638,0
per_huruf,4,5153,0.9460253350468147,166.61538461538464,85.92717341829768,166.61538461538464,85.92717341829768,0
per_huruf,4,5154,0.9462089223425739,166.53846153846155,85.93309057806098,166.53846153846155,85.93309057806098,0
per_huruf,4,5155,0.946392509638333,166.46153846153845,85.94264906690941,166.46153846153845,85.94264906690941,0
per_huruf,4,5156,0.9465760969340922,166.38461538461542,85.95448338643605,166.38461538461542,85.95448338643605,0
per_huruf,4,5157,0.9467596842298512,166.30769230769232,85.96722803823394,166.30769230769232,85.96722803823394,0
per_huruf,4,5158,0.9469432715256104,166.23076923076923,85.97951752389622,166.23076923076923,85.97951752389622,0
per_huruf,4,5159,0.9471268588213696,166.15384615384616,85.98998634501594,166.15384615384616,85.98998634501594,0
per_huruf,4,5160,0.9473104461171287,166.07692307692307,85.99726900318616,166.07692307692307,85.99726900318616,0
per_huruf,4,5161,0.9474940334128878,166.0,86.0,166.0,86.0,0
per_huruf,4,5162,0.9476776207086469,165.92307692307693,86.00273099681384,165.92307692307693,86.00273099681384,0
per_huruf,4,5163,0.9478612080044061,165.84615384615387,86.01001365498406,165.84615384615387,86.01001365498406,0
per_huruf,4,5164,0.9480447953001653,165.76923076923072,86.02048247610375,165.76923076923072,86.02048247610375,0
per_huruf,4,5165,0.9482283825959243,165.6923076923077,86.03277196176604,165.6923076923077,86.03277196176604,0
per_huruf,4,5166,0.9484119698916835,165.6153846153846,86.04551661356396,165.6153846153846,86.04551661356396,0
per_huruf,4,5167,0.9485955571874426,165.53846153846155,86.05735093309059,165.53846153846155,86.05735093309059,0
per_huruf,4,5168,0.9487791444832018,165.46153846153848,86.06690942193902,165.46153846153848,86.06690942193902,0
per_huruf,4,5169,0.9489627317789608,165.3846153846154,86.07282658170232,165.3846153846154,86.07282658170232,0
per_huruf,4,5170,0.94914631907472,165.30769230769232,86.07373691397359,165.30769230769232,86.07373691397359,0
per_huruf,4,5171,0.9493299063704792,165.23076923076923,86.06827492034591,165.23076923076923,86.06827492034591,0
per_huruf,4,5172,0.9495134936662383,165.15384615384616,86.05507510241239,165.15384615384616,86.05507510241239,0
per_huruf,4,5173,0.9496970809619975,165.07692307692307,86.03277196176603,165.07692307692307,86.03277196176603,0
per_huruf,4,5174,0.9498806682577565,165.0,86.0,165.0,86.0,0
per_huruf,4,5175,0.9500642555535157,164.92307692307696,85.95584888484296,164.92307692307696,85.95584888484296,0
per_huruf,4,5176,0.9502478428492749,164.84615384615387,85.90122894856624,164.84615384615387,85.90122894856624,0
per_huruf,4,5177,0.950431430145034,164.76923076923077,85.83750568957669,164.76923076923077,85.83750568957669,0
per_huruf,4,5178,0.9506150174407931,164.69230769230768,85.76604460628128,164.69230769230768,85.76604460628128,0
per_huruf,4,5179,0.9507986047365522,164.61538461538464,85.68821119708694,164.61538461538464,85.68821119708694,0
per_huruf,4,5180,0.9509821920323114,164.53846153846155,85.60537096040055,164.53846153846155,85.60537096040055,0
per_huruf,4,5181,0.9511657793280704,164.46153846153848,85.51888939462903,164.46153846153848,85.51888939462903,0
per_huruf,4,5182,0.9513493666238296,164.38461538461542,85.43013199817933,164.38461538461542,85.43013199817933,0
per_huruf,4,5183,0.9515329539195888,164.3076923076923,85.34046426945834,164.3076923076923,85.34046426945834,0
per_huruf,4,5184,0.9517165412153479,164.23076923076923,85.251251706873,164.23076923076923,85.251251706873,0
per_huruf,4,5185,0.9519001285111071,164.15384615384616,85.16385980883022,164.15384615384616,85.16385980883022,0
per_huruf,4,5186,0.9520837158068661,164.07692307692307,85.07965407373692,164.07692307692307,85.07965407373692,0
per_huruf,4,5187,0.9522673031026253,164.0,85.0,164.0,85.0,0
per_huruf,4,5188,0.9524508903983845,163.9203459262631,84.91761492944926,163.9203459262631,84.91761492944926,0
per_huruf,4,5189,0.9526344776941436,163.83614019116976,84.82612653618571,163.83614019116976,84.82612653618571,0
per_huruf,4,5190,0.9528180649899027,163.74874829312697,84.7282658170232,163.74874829312697,84.7282658170232,0
per_huruf,4,5191,0.9530016522856618,163.65953573054162,84.6267637687756,163.65953573054162,84.6267637687756,0
per_huruf,4,5192,0.953185239581421,163.56986800182068,84.52435138825672,163.56986800182068,84.52435138825672,0
per_huruf,4,5193,0.95336882687718,163.48111060537096,84.4237596722804,163.48111060537096,84.4237596722804,0
per_huruf,4,5194,0.9535524141729392,163.39462903959947,84.32771961766045,163.39462903959947,84.32771961766045,0
per_huruf,4,5195,0.9537360014686984,163.31178880291307,84.23896222121074,163.31178880291307,84.23896222121074,0
per_huruf,4,5196,0.9539195887644575,163.2339553937187,84.1602184797451,163.2339553937187,84.1602184797451,0
per_huruf,4,5197,0.9541031760602167,163.1624943104233,84.09421939007737,163.1624943104233,84.09421939007737,0
per_huruf,4,5198,0.9542867633559757,163.09877105143377,84.0436959490214,163.09877105143377,84.0436959490214,0
per_huruf,4,5199,0.9544703506517349,163.04415111515704,84.01137915339098,163.04415111515704,84.01137915339098,0
per_huruf,4,5200,0.954653937947494,163.0,84.0,163.0,84.0,0
per_huruf,4,5201,0.9548375252432532,162.96995903504782,84.01684114701867,162.96995903504782,84.01684114701867,0
per_huruf,4,5202,0.9550211125390123,162.9549385525717,84.06372325898954,162.9549385525717,84.06372325898954,0
per_huruf,4,5203,0.9552046998347714,162.9522075557578,84.13518434228492,162.9522075557578,84.13518434228492,0
per_huruf,4,5204,0.9553882871305306,162.9590350477924,84.22576240327719,162.9590350477924,84.22576240327719,0
per_huruf,4,5205,0.9555718744262897,162.97269003186165,84.32999544833865,162.97269003186165,84.32999544833865,0
per_huruf,4,5206,0.9557554617220488,162.99044151115157,84.44242148384161,162.99044151115157,84.44242148384161,0
per_huruf,4,5207,0.955939049017808,163.00955848884843,84.5575785161584,163.00955848884843,84.5575785161584,0
per_huruf,4,5208,0.9561226363135671,163.02730996813838,84.67000455166135,163.02730996813838,84.67000455166135,0
per_huruf,4,5209,0.9563062236093263,163.04096495220756,84.7742375967228,163.04096495220756,84.7742375967228,0
per_huruf,4,5210,0.9564898109050853,163.04779244424213,84.86481565771506,163.04779244424213,84.86481565771506,0
per_huruf,4,5211,0.9566733982008445,163.0450614474283,84.93627674101047,163.0450614474283,84.93627674101047,0
per_huruf,4,5212,0.9568569854966036,163.0300409649522,84.98315885298133,163.0300409649522,84.98315885298133,0
per_huruf,4,5213,0.9570405727923628,163.0,85.0,163.0,85.0,0
per_huruf,4,5214,0.957224160088122,162.95311788802914,84.98862084660902,162.95311788802914,84.98862084660902,0
per_huruf,4,5215,0.957407747383881,162.89121529358218,84.9563040509786,162.89121529358218,84.9563040509786,0
per_huruf,4,5216,0.9575913346796402,162.81702321347288,84.9057806099226,162.81702321347288,84.9057806099226,0
per_huruf,4,5217,0.9577749219753993,162.7332726445152,84.83978152025489,162.7332726445152,84.83978152025489,0
per_huruf,4,5218,0.9579585092711584,162.64269458352302,84.76103777878927,162.64269458352302,84.76103777878927,0
per_huruf,4,5219,0.9581420965669176,162.54802002730997,84.67228038233957,162.54802002730997,84.67228038233957,0
per_huruf,4,5220,0.9583256838626767,162.45197997269003,84.57624032771962,162.45197997269003,84.57624032771962,0
per_huruf,4,5221,0.9585092711584359,162.357305416477,84.47564861174328,162.357305416477,84.47564861174328,0
per_huruf,4,5222,0.9586928584541949,162.26672735548476,84.37323623122438,162.26672735548476,84.37323623122438,0
per_huruf,4,5223,0.9588764457499541,162.18297678652704,84.27173418297677,162.18297678652704,84.27173418297677,0
per_huruf,4,5224,0.9590600330457132,162.10878470641785,84.17387346381429,162.10878470641785,84.17387346381429,0
per_huruf,4,5225,0.9592436203414724,162.04688211197086,84.08238507055074,162.04688211197086,84.08238507055074,0
per_huruf,4,5226,0.9594272076372315,162.0,84.0,162.0,84.0,0
per_huruf,4,5227,0.9596107949329906,161.96995903504782,83.92307692307692,161.96995903504782,83.92307692307692,0
per_huruf,4,5228,0.9597943822287498,161.9549385525717,83.84615384615384,161.9549385525717,83.84615384615384,0
per_huruf,4,5229,0.9599779695245089,161.95220755575784,83.76923076923077,161.95220755575784,83.76923076923077,0
per_huruf,4,5230,0.960161556820268,161.9590350477924,83.69230769230768,161.9590350477924,83.69230769230768,0
per_huruf,4,5231,0.9603451441160271,161.97269003186167,83.61538461538463,161.97269003186167,83.61538461538463,0
per_huruf,4,5232,0.9605287314117863,161.99044151115157,83.53846153846155,161.99044151115157,83.53846153846155,0
per_huruf,4,5233,0.9607123187075455,162.00955848884843,83.46153846153845,162.00955848884843,83.46153846153845,0
per_huruf,4,5234,0.9608959060033045,162.02730996813838,83.38461538461539,162.02730996813838,83.38461538461539,0
per_huruf,4,5235,0.9610794932990637,162.04096495220756,83.3076923076923,162.04096495220756,83.3076923076923,0
per_huruf,4,5236,0.9612630805948228,162.04779244424213,83.23076923076923,162.04779244424213,83.23076923076923,0
per_huruf,4,5237,0.961446667890582,162.0450614474283,83.15384615384616,162.0450614474283,83.15384615384616,0
per_huruf,4,5238,0.9616302551863412,162.0300409649522,83.07692307692308,162.0300409649522,83.07692307692308,0
per_huruf,4,5239,0.9618138424821002,162.0,83.0,162.0,83.0,0
per_huruf,4,5240,0.9619974297778594,161.95311788802917,82.92307692307695,161.95311788802917,82.92307692307695,0
per_huruf,4,5241,0.9621810170736185,161.89121529358215,82.84615384615385,161.89121529358215,82.84615384615385,0
per_huruf,4,5242,0.9623646043693777,161.8170232134729,82.76923076923077,161.8170232134729,82.76923076923077,0
per_huruf,4,5243,0.9625481916651367,161.73327264451524,82.69230769230768,161.73327264451524,82.69230769230768,0
per_huruf,4,5244,0.9627317789608959,161.64269458352302,82.61538461538463,161.64269458352302,82.61538461538463,0
per_huruf,4,5245,0.9629153662566551,161.54802002730997,82.53846153846155,161.54802002730997,82.53846153846155,0
per_huruf,4,5246,0.9630989535524141,161.45197997269003,82.46153846153847,161.45197997269003,82.46153846153847,0
per_huruf,4,5247,0.9632825408481733,161.35730541647703,82.38461538461539,161.35730541647703,82.38461538461539,0
per_huruf,4,5248,0.9634661281439324,161.26672735548473,82.3076923076923,161.26672735548473,82.3076923076923,0
per_huruf,4,5249,0.9636497154396916,161.18297678652706,82.23076923076923,161.18297678652706,82.23076923076923,0
per_huruf,4,5250,0.9638333027354508,161.10878470641785,82.15384615384616,161.10878470641785,82.15384615384616,0
per_huruf,4,5251,0.9640168900312098,161.04688211197086,82.07692307692307,161.04688211197086,82.07692307692307,0
per_huruf,4,5252,0.964200477326969,161.0,82.0,161.0,82.0,0
per_huruf,4,5253,0.9643840646227281,160.9699590350478,81.92307692307692,160.9699590350478,81.92307692307692,0
per_huruf,4,5254,0.9645676519184873,160.9549385525717,81.84615384615385,160.9549385525717,81.84615384615385,0
per_huruf,4,5255,0.9647512392142463,160.95220755575784,81.76923076923075,160.95220755575784,81.76923076923075,0
per_huruf,4,5256,0.9649348265100055,160.95903504779244,81.69230769230768,160.95903504779244,81.69230769230768,0
per_huruf,4,5257,0.9651184138057647,160.97269003186167,81.61538461538463,160.97269003186167,81.61538461538463,0
per_huruf,4,5258,0.9653020011015238,160.99044151115157,81.53846153846155,160.99044151115157,81.53846153846155,0
per_huruf,4,5259,0.9654855883972829,161.00955848884843,81.46153846153845,161.00955848884843,81.46153846153845,0
per_huruf,4,5260,0.965669175693042,161.02730996813838,81.38461538461539,161.02730996813838,81.38461538461539,0
per_huruf,4,5261,0.9658527629888012,161.04096495220756,81.3076923076923,161.04096495220756,81.3076923076923,0
per_huruf,4,5262,0.9660363502845604,161.04779244424213,81.23076923076923,161.04779244424213,81.23076923076923,0
per_huruf,4,5263,0.9662199375803194,161.0450614474283,81.15384615384616,161.0450614474283,81.15384615384616,0
per_huruf,4,5264,0.9664035248760786,161.0300409649522,81.07692307692308,161.0300409649522,81.07692307692308,0
per_huruf,4,5265,0.9665871121718377,161.0,81.0,161.0,81.0,0
per_huruf,4,5266,0.9667706994675969,160.92580791989076,80.93126991351845,160.92580791989076,80.93126991351845,0
per_huruf,4,5267,0.9669542867633559,160.79107874374148,80.87619481110606,160.79107874374148,80.87619481110606,0
per_huruf,4,5268,0.9671378740591151,160.6121984524351,80.83067819754208,160.6121984524351,80.83067819754208,0
per_huruf,4,5269,0.9673214613548743,160.4055530268548,80.79062357760581,160.4055530268548,80.79062357760581,0
per_huruf,4,5270,0.9675050486506334,160.18752844788352,80.75193445607648,160.18752844788352,80.75193445607648,0
per_huruf,4,5271,0.9676886359463925,159.9745106964042,80.71051433773327,159.9745106964042,80.71051433773327,0
per_huruf,4,5272,0.9678722232421516,159.78288575329998,80.66226672735547,159.78288575329998,80.66226672735547,0
per_huruf,4,5273,0.9680558105379108,159.62903959945382,80.60309512972235,159.62903959945382,80.60309512972235,0
per_huruf,4,5274,0.9682393978336699,159.52935821574874,80.52890304961309,159.52935821574874,80.52890304961309,0
per_huruf,4,5275,0.968422985129429,159.5002275830678,80.435593991807,159.5002275830678,80.435593991807,0
per_huruf,4,5276,0.9686065724251882,159.55803368229402,80.3190714610833,159.55803368229402,80.3190714610833,0
per_huruf,4,5277,0.9687901597209473,159.7191624943104,80.17523896222121,159.7191624943104,80.17523896222121,0
per_huruf,4,5278,0.9689737470167065,160.0,80.0,160.0,80.0,0
per_huruf,4,5279,0.9691573343124655,160.4387801547565,79.7796995903505,160.4387801547565,79.7796995903505,0
per_huruf,4,5280,0.9693409216082247,161.04278561675014,79.50978607191625,161.04278561675014,79.50978607191625,0
per_huruf,4,5281,0.9695245089039839,161.78197542102865,79.19981793354573,161.78197542102865,79.19981793354573,0
per_huruf,4,5282,0.969708096199743,162.62630860263997,78.8593536640874,162.62630860263997,78.8593536640874,0
per_huruf,4,5283,0.9698916834955021,163.54574419663177,78.49795175238965,163.54574419663177,78.49795175238965,0
per_huruf,4,5284,0.9700752707912612,164.51024123805192,78.12517068730087,164.51024123805192,78.12517068730087,0
per_huruf,4,5285,0.9702588580870204,165.4897587619481,77.75056895766954,165.4897587619481,77.75056895766954,0
per_huruf,4,5286,0.9704424453827795,166.45425580336826,77.38370505234411,166.45425580336826,77.38370505234411,0
per_huruf,4,5287,0.9706260326785386,167.37369139736003,77.03413746017296,167.37369139736003,77.03413746017296,0
per_huruf,4,5288,0.9708096199742978,168.21802457897132,76.71142467000455,168.21802457897132,76.71142467000455,0
per_huruf,4,5289,0.9709932072700569,168.9572143832499,76.4251251706873,168.9572143832499,76.4251251706873,0
per_huruf,4,5290,0.9711767945658161,169.5612198452435,76.18479745106964,169.5612198452435,76.18479745106964,0
per_huruf,4,5291,0.9713603818615751,170.0,76.0,170.0,76.0,0
per_huruf,4,5292,0.9715439691573343,170.34638142922168,75.8579881656805,170.34638142922168,75.8579881656805,0
per_huruf,4,5293,0.9717275564530935,170.68229403732363,75.7396449704142,170.68229403732363,75.7396449704142,0
per_huruf,4,5294,0.9719111437488526,170.9913518434228,75.64497041420117,170.9913518434228,75.64497041420117,0
per_huruf,4,5295,0.9720947310446117,171.2571688666363,75.57396449704142,171.2571688666363,75.57396449704142,0
per_huruf,4,5296,0.9722783183403708,171.46335912608103,75.52662721893492,171.46335912608103,75.52662721893492,0
per_huruf,4,5297,0.97246190563613,171.59353664087394,75.50295857988165,171.59353664087394,75.50295857988165,0
per_huruf,4,5298,0.9726454929318891,171.631315430132,75.50295857988165,171.631315430132,75.50295857988165,0
per_huruf,4,5299,0.9728290802276482,171.56030951297222,75.52662721893492,171.56030951297222,75.52662721893492,0
per_huruf,4,5300,0.9730126675234074,171.3641329085116,75.57396449704142,171.3641329085116,75.57396449704142,0
per_huruf,4,5301,0.9731962548191665,171.02639963586708,75.64497041420117,171.02639963586708,75.64497041420117,0
per_huruf,4,5302,0.9733798421149257,170.53072371415567,75.7396449704142,170.53072371415567,75.7396449704142,0
per_huruf,4,5303,0.9735634294106847,169.8607191624943,75.85798816568047,169.8607191624943,75.85798816568047,0
per_huruf,4,5304,0.9737470167064439,169.0,76.0,169.0,76.0,0
per_huruf,4,5305,0.973930604002203,167.84478834774694,76.1875284478835,167.84478834774694,76.1875284478835,0
per_huruf,4,5306,0.9741141912979622,166.34410559854348,76.43513882567139,166.34410559854348,76.43513882567139,0
per_huruf,4,5307,0.9742977785937214,164.56076467910785,76.73190714610831,164.56076467910785,76.73190714610831,0
per_huruf,4,5308,0.9744813658894804,162.5575785161584,77.066909421939,162.5575785161584,77.066909421939,0
per_huruf,4,5309,0.9746649531852396,160.3973600364133,77.42922166590807,160.3973600364133,77.42922166590807,0
per_huruf,4,5310,0.9748485404809987,158.1429221665908,77.80791989076015,158.1429221665908,77.80791989076015,0
per_huruf,4,5311,0.9750321277767579,155.8570778334092,78.19208010923987,155.8570778334092,78.19208010923987,0
per_huruf,4,5312,0.975215715072517,153.6026399635867,78.57077833409195,153.6026399635867,78.57077833409195,0
per_huruf,4,5313,0.9753993023682761,151.4424214838416,78.93309057806098,151.4424214838416,78.93309057806098,0
per_huruf,4,5314,0.9755828896640353,149.43923532089212,79.26809285389166,149.43923532089212,79.26809285389166,0
per_huruf,4,5315,0.9757664769597943,147.65589440145652,79.56486117432863,147.65589440145652,79.56486117432863,0
per_huruf,4,5316,0.9759500642555535,146.15521165225306,79.81247155211652,146.15521165225306,79.81247155211652,0
per_huruf,4,5317,0.9761336515513126,145.0,80.0,145.0,80.0,0
per_huruf,4,5318,0.9763172388470718,144.1747837960856,80.13654984069187,144.1747837960856,80.13654984069187,0
per_huruf,4,5319,0.976500826142831,143.59945380063726,80.24032771961767,143.59945380063726,80.24032771961767,0
per_huruf,4,5320,0.97668441343859,143.239872553482,80.31406463359124,143.239872553482,80.31406463359124,0
per_huruf,4,5321,0.9768680007343492,143.061902594447,80.3604915794265,143.061902594447,80.3604915794265,0
per_huruf,4,5322,0.9770515880301083,143.03140646335913,80.3823395539372,143.03140646335913,80.3823395539372,0
per_huruf,4,5323,0.9772351753258675,143.11424670004553,80.3823395539372,143.11424670004553,80.3823395539372,0
per_huruf,4,5324,0.9774187626216266,143.2762858443332,80.36322257624033,143.2762858443332,80.36322257624033,0
per_huruf,4,5325,0.9776023499173857,143.48338643604916,80.32771961766045,143.48338643604916,80.32771961766045,0
per_huruf,4,5326,0.9777859372131449,143.70141101502048,80.27856167501136,143.70141101502048,80.27856167501136,0
per_huruf,4,5327,0.977969524508904,143.89622212107417,80.21847974510695,143.89622212107417,80.21847974510695,0
per_huruf,4,5328,0.9781531118046631,144.03368229403733,80.15020482476103,144.03368229403733,80.15020482476103,0
per_huruf,4,5329,0.9783366991004222,144.07965407373692,80.07646791078744,144.07965407373692,80.07646791078744,0
per_huruf,4,5330,0.9785202863961814,144.0,80.0,144.0,80.0,0
per_huruf,4,5331,0.9787038736919406,143.82931269913522,79.90896677287212,143.82931269913522,79.90896677287212,0
per_huruf,4,5332,0.9788874609876996,143.62858443331817,79.79244424214839,143.62858443331817,79.79244424214839,0
per_huruf,4,5333,0.9790710482834588,143.4032771961766,79.65452890304961,143.4032771961766,79.65452890304961,0
per_huruf,4,5334,0.9792546355792179,143.15885298133819,79.49931725079654,143.15885298133819,79.49931725079654,0
per_huruf,4,5335,0.9794382228749771,142.90077378243058,79.33090578060994,142.90077378243058,79.33090578060994,0
per_huruf,4,5336,0.9796218101707362,142.6345015930815,79.15339098771052,142.6345015930815,79.15339098771052,0
per_huruf,4,5337,0.9798053974664953,142.36549840691853,78.97086936731908,142.36549840691853,78.97086936731908,0
per_huruf,4,5338,0.9799889847622545,142.09922621756942,78.78743741465635,142.09922621756942,78.78743741465635,0
per_huruf,4,5339,0.9801725720580136,141.84114701866181,78.6071916249431,141.84114701866181,78.6071916249431,0
per_huruf,4,5340,0.9803561593537727,141.59672280382335,78.4342284934001,141.59672280382335,78.4342284934001,0
per_huruf,4,5341,0.9805397466495318,141.37141556668183,78.27264451524806,141.37141556668183,78.27264451524806,0
per_huruf,4,5342,0.980723333945291,141.1706873008648,78.12653618570778,141.1706873008648,78.12653618570778,0
per_huruf,4,5343,0.9809069212410502,141.0,78.0,141.0,78.0,0
per_huruf,4,5344,0.9810905085368092,140.88757396449705,77.88757396449707,140.88757396449705,77.88757396449707,0
per_huruf,4,5345,0.9812740958325684,140.84615384615384,77.7810650887574,140.84615384615384,77.7810650887574,0
per_huruf,4,5346,0.9814576831283275,140.85798816568047,77.68047337278105,140.85798816568047,77.68047337278105,0
per_huruf,4,5347,0.9816412704240867,140.90532544378695,77.58579881656803,140.90532544378695,77.58579881656803,0
per_huruf,4,5348,0.9818248577198457,140.97041420118342,77.49704142011835,140.97041420118342,77.49704142011835,0
per_huruf,4,5349,0.9820084450156049,141.0355029585799,77.41420118343196,141.0355029585799,77.41420118343196,0
per_huruf,4,5350,0.9821920323113641,141.0828402366864,77.33727810650889,141.0828402366864,77.33727810650889,0
per_huruf,4,5351,0.9823756196071232,141.09467455621302,77.26627218934911,141.09467455621302,77.26627218934911,0
per_huruf,4,5352,0.9825592069028823,141.0532544378698,77.20118343195266,141.0532544378698,77.20118343195266,0
per_huruf,4,5353,0.9827427941986414,140.94082840236686,77.14201183431953,140.94082840236686,77.14201183431953,0
per_huruf,4,5354,0.9829263814944006,140.7396449704142,77.08875739644971,140.7396449704142,77.08875739644971,0
per_huruf,4,5355,0.9831099687901598,140.4319526627219,77.0414201183432,140.4319526627219,77.0414201183432,0
per_huruf,4,5356,0.9832935560859188,140.0,77.0,140.0,77.0,0
per_huruf,4,5357,0.983477143381678,139.40737369139737,76.96722803823397,139.40737369139737,76.96722803823397,0
per_huruf,4,5358,0.9836607306774371,138.6495220755576,76.94492489758763,138.6495220755576,76.94492489758763,0
per_huruf,4,5359,0.9838443179731963,137.75648611743281,76.93172507965406,137.75648611743281,76.93172507965406,0
per_huruf,4,5360,0.9840279052689553,136.75830678197542,76.92626308602638,136.75830678197542,76.92626308602638,0
per_huruf,4,5361,0.9842114925647145,135.68502503413748,76.9271734182977,135.68502503413748,76.9271734182977,0
per_huruf,4,5362,0.9843950798604737,134.5666818388712,76.933090578061,134.5666818388712,76.933090578061,0
per_huruf,4,5363,0.9845786671562328,133.43331816112882,76.94264906690942,133.43331816112882,76.94264906690942,0
per_huruf,4,5364,0.984762254451992,132.31497496586255,76.95448338643604,132.31497496586255,76.95448338643604,0
per_huruf,4,5365,0.984945841747751,131.24169321802458,76.96722803823394,131.24169321802458,76.96722803823394,0
per_huruf,4,5366,0.9851294290435102,130.24351388256713,76.97951752389622,130.24351388256713,76.97951752389622,0
per_huruf,4,5367,0.9853130163392694,129.35047792444243,76.98998634501592,129.35047792444243,76.98998634501592,0
per_huruf,4,5368,0.9854966036350284,128.59262630860263,76.99726900318616,128.59262630860263,76.99726900318616,0
per_huruf,4,5369,0.9856801909307876,128.0,77.0,128.0,77.0,0
per_huruf,4,5370,0.9858637782265467,127.56258534365044,77.00000000000001,127.56258534365044,77.00000000000001,0
per_huruf,4,5371,0.9860473655223059,127.24032771961767,77.00000000000001,127.24032771961767,77.00000000000001,0
per_huruf,4,5372,0.9862309528180649,127.01820664542555,76.99999999999999,127.01820664542555,76.99999999999999,0
per_huruf,4,5373,0.9864145401138241,126.88120163859806,76.99999999999999,126.88120163859806,76.99999999999999,0
per_huruf,4,5374,0.9865981274095833,126.8142922166591,77.00000000000001,126.8142922166591,77.00000000000001,0
per_huruf,4,5375,0.9867817147053424,126.80245789713246,77.0,126.80245789713246,77.0,0
per_huruf,4,5376,0.9869653020011016,126.8306781975421,77.00000000000001,126.8306781975421,77.00000000000001,0
per_huruf,4,5377,0.9871488892968606,126.88393263541192,77.0,126.88393263541192,77.0,0
per_huruf,4,5378,0.9873324765926198,126.94720072826581,77.0,126.94720072826581,77.0,0
per_huruf,4,5379,0.9875160638883789,127.00546199362768,77.0,127.00546199362768,77.0,0
per_huruf,4,5380,0.987699651184138,127.04369594902138,77.0,127.04369594902138,77.0,0
per_huruf,4,5381,0.9878832384798972,127.04688211197087,77.0,127.04688211197087,77.0,0
per_huruf,4,5382,0.9880668257756563,127.0,77.0,127.0,77.0,0
per_huruf,4,5383,0.9882504130714155,126.92307692307695,77.00273099681385,126.92307692307695,77.00273099681385,0
per_huruf,4,5384,0.9884340003671745,126.84615384615385,77.01001365498408,126.84615384615385,77.01001365498408,0
per_huruf,4,5385,0.9886175876629337,126.76923076923075,77.02048247610377,126.76923076923075,77.02048247610377,0
per_huruf,4,5386,0.9888011749586929,126.6923076923077,77.03277196176603,126.6923076923077,77.03277196176603,0
per_huruf,4,5387,0.988984762254452,126.61538461538464,77.04551661356396,126.61538461538464,77.04551661356396,0
per_huruf,4,5388,0.9891683495502112,126.53846153846155,77.05735093309059,126.53846153846155,77.05735093309059,0
per_huruf,4,5389,0.9893519368459702,126.46153846153847,77.06690942193902,126.46153846153847,77.06690942193902,0
per_huruf,4,5390,0.9895355241417294,126.38461538461539,77.07282658170232,126.38461538461539,77.07282658170232,0
per_huruf,4,5391,0.9897191114374885,126.30769230769229,77.07373691397359,126.30769230769229,77.07373691397359,0
per_huruf,4,5392,0.9899026987332477,126.23076923076921,77.06827492034591,126.23076923076921,77.06827492034591,0
per_huruf,4,5393,0.9900862860290068,126.15384615384616,77.05507510241239,126.15384615384616,77.05507510241239,0
per_huruf,4,5394,0.9902698733247659,126.07692307692307,77.03277196176604,126.07692307692307,77.03277196176604,0
per_huruf,4,5395,0.9904534606205251,126.0,77.0,126.0,77.0,0
per_huruf,4,5396,0.9906370479162842,125.92307692307693,76.95311788802914,125.92307692307693,76.95311788802914,0
per_huruf,4,5397,0.9908206352120433,125.84615384615385,76.89121529358216,125.84615384615385,76.89121529358216,0
per_huruf,4,5398,0.9910042225078025,125.76923076923076,76.81702321347291,125.76923076923076,76.81702321347291,0
per_huruf,4,5399,0.9911878098035616,125.69230769230768,76.73327264451524,125.69230769230768,76.73327264451524,0
per_huruf,4,5400,0.9913713970993208,125.61538461538463,76.642694583523,125.61538461538463,76.642694583523,0
per_huruf,4,5401,0.9915549843950798,125.53846153846156,76.54802002730997,125.53846153846156,76.54802002730997,0
per_huruf,4,5402,0.991738571690839,125.46153846153845,76.45197997269003,125.46153846153845,76.45197997269003,0
per_huruf,4,5403,0.9919221589865981,125.38461538461539,76.357305416477,125.38461538461539,76.357305416477,0
per_huruf,4,5404,0.9921057462823573,125.30769230769229,76.26672735548476,125.30769230769229,76.26672735548476,0
per_huruf,4,5405,0.9922893335781164,125.23076923076923,76.18297678652708,125.23076923076923,76.18297678652708,0
per_huruf,4,5406,0.9924729208738755,125.15384615384616,76.10878470641785,125.15384615384616,76.10878470641785,0
per_huruf,4,5407,0.9926565081696347,125.07692307692308,76.04688211197086,125.07692307692308,76.04688211197086,0
per_huruf,4,5408,0.9928400954653938,125.0,76.0,125.0,76.0,0
per_huruf,4,5409,0.9930236827611529,124.92307692307696,75.92626308602641,124.92307692307696,75.92626308602641,0
per_huruf,4,5410,0.9932072700569121,124.84615384615385,75.79472007282658,124.84615384615385,75.79472007282658,0
per_huruf,4,5411,0.9933908573526712,124.76923076923076,75.62448793809739,124.76923076923076,75.62448793809739,0
per_huruf,4,5412,0.9935744446484304,124.69230769230768,75.43468365953572,124.69230769230768,75.43468365953572,0
per_huruf,4,5413,0.9937580319441894,124.61538461538464,75.24442421483843,124.61538461538464,75.24442421483843,0
per_huruf,4,5414,0.9939416192399486,124.53846153846155,75.07282658170232,124.53846153846155,75.07282658170232,0
per_huruf,4,5415,0.9941252065357077,124.46153846153845,74.9390077378243,124.46153846153845,74.9390077378243,0
per_huruf,4,5416,0.9943087938314669,124.38461538461539,74.86208466090122,124.38461538461539,74.86208466090122,0
per_huruf,4,5417,0.994492381127226,124.30769230769232,74.86117432862994,124.30769230769232,74.86117432862994,0
per_huruf,4,5418,0.9946759684229851,124.23076923076921,74.95539371870733,124.23076923076921,74.95539371870733,0
per_huruf,4,5419,0.9948595557187443,124.15384615384616,75.16385980883022,124.15384615384616,75.16385980883022,0
per_huruf,4,5420,0.9950431430145034,124.07692307692307,75.50568957669549,124.07692307692307,75.50568957669549,0
per_huruf,4,5421,0.9952267303102625,124.0,76.0,124.0,76.0,0
per_huruf,4,5422,0.9954103176060216,123.92034592626311,76.70050068274922,123.92034592626311,76.70050068274922,0
per_huruf,4,5423,0.9955939049017808,123.83614019116978,77.62175694128358,123.83614019116978,77.62175694128358,0
per_huruf,4,5424,0.99577749219754,123.74874829312698,78.72416932180245,123.74874829312698,78.72416932180245,0
per_huruf,4,5425,0.995961079493299,123.65953573054163,79.96813837050523,123.65953573054163,79.96813837050523,0
per_huruf,4,5426,0.9961446667890582,123.56986800182068,81.31406463359127,123.56986800182068,81.31406463359127,0
per_huruf,4,5427,0.9963282540848173,123.48111060537097,82.7223486572599,123.48111060537097,82.7223486572599,0
per_huruf,4,5428,0.9965118413805765,123.39462903959945,84.15339098771052,123.39462903959945,84.15339098771052,0
per_huruf,4,5429,0.9966954286763356,123.31178880291307,85.56759217114248,123.31178880291307,85.56759217114248,0
per_huruf,4,5430,0.9968790159720947,123.2339553937187,86.92535275375512,123.2339553937187,86.92535275375512,0
per_huruf,4,5431,0.9970626032678539,123.16249431042328,88.18707328174783,123.16249431042328,88.18707328174783,0
per_huruf,4,5432,0.997246190563613,123.09877105143377,89.31315430131998,123.09877105143377,89.31315430131998,0
per_huruf,4,5433,0.9974297778593721,123.04415111515704,90.26399635867091,123.04415111515704,90.26399635867091,0
per_huruf,4,5434,0.9976133651551312,123.0,91.0,123.0,91.0,0
per_huruf,4,5435,0.9977969524508904,122.96722803823398,91.53846153846155,122.96722803823398,91.53846153846155,0
per_huruf,4,5436,0.9979805397466496,122.94492489758763,91.93491124260355,122.94492489758763,91.93491124260355,0
per_huruf,4,5437,0.9981641270424086,122.93172507965404,92.20710059171597,122.93172507965404,92.20710059171597,0
per_huruf,4,5438,0.9983477143381678,122.92626308602638,92.37278106508874,122.92626308602638,92.37278106508874,0
per_huruf,4,5439,0.9985313016339269,122.9271734182977,92.44970414201185,122.9271734182977,92.44970414201185,0
per_huruf,4,5440,0.9987148889296861,122.933090578061,92.45562130177515,122.933090578061,92.45562130177515,0
per_huruf,4,5441,0.9988984762254453,122.94264906690942,92.40828402366864,122.94264906690942,92.40828402366864,0
per_huruf,4,5442,0.9990820635212043,122.95448338643605,92.32544378698226,122.95448338643605,92.32544378698226,0
per_huruf,4,5443,0.9992656508169635,122.96722803823396,92.22485207100591,122.96722803823396,92.22485207100591,0
per_huruf,4,5444,0.9994492381127226,122.97951752389622,92.12426035502958,122.97951752389622,92.12426035502958,0
per_huruf,4,5445,0.9996328254084818,122.98998634501592,92.0414201183432,122.98998634501592,92.0414201183432,0
per_huruf,4,5446,0.9998164127042408,122.99726900318616,91.99408284023667,122.99726900318616,91.99408284023667,0
per_huruf,4,5447,1.0,123.0,92.0,123.0,92.0,0
