label,huruf,point_index,t,bezier_xx_x,bezier_xx_y,xx_sc_x,xx_sc_y,is_sample_output_bezier_py
per_huruf,1,0,0.0,56.0,58.0,56.0,58.0,0
per_huruf,1,1,0.000693000693000693,55.95584888484298,57.953117888029134,55.95584888484298,57.953117888029134,0
per_huruf,1,2,0.001386001386001386,55.90122894856623,57.891215293582164,55.90122894856623,57.891215293582164,0
per_huruf,1,3,0.002079002079002079,55.83750568957669,57.81702321347291,55.83750568957669,57.81702321347291,0
per_huruf,1,4,0.002772002772002772,55.7660446062813,57.733272644515246,55.7660446062813,57.733272644515246,0
per_huruf,1,5,0.003465003465003465,55.68821119708694,57.64269458352299,55.68821119708694,57.64269458352299,0
per_huruf,1,6,0.004158004158004158,55.605370960400556,57.54802002730998,55.605370960400556,57.54802002730998,0
per_huruf,1,7,0.004851004851004851,55.51888939462904,57.45197997269003,55.51888939462904,57.45197997269003,0
per_huruf,1,8,0.005544005544005544,55.43013199817934,57.35730541647702,55.43013199817934,57.35730541647702,0
per_huruf,1,9,0.006237006237006237,55.34046426945835,57.266727355484754,55.34046426945835,57.266727355484754,0
per_huruf,1,10,0.00693000693000693,55.251251706873006,57.18297678652708,55.251251706873006,57.18297678652708,0
per_huruf,1,11,0.007623007623007623,55.163859808830225,57.108784706417836,55.163859808830225,57.108784706417836,0
per_huruf,1,12,0.008316008316008316,55.07965407373691,57.046882111970866,55.07965407373691,57.046882111970866,0
per_huruf,1,13,0.009009009009009009,55.0,57.0,55.0,57.0,0
per_huruf,1,14,0.009702009702009701,54.92307692307693,56.964497041420124,54.92307692307693,56.964497041420124,0
per_huruf,1,15,0.010395010395010396,54.84615384615385,56.934911242603555,54.84615384615385,56.934911242603555,0
per_huruf,1,16,0.011088011088011088,54.76923076923077,56.911242603550285,54.76923076923077,56.911242603550285,0
per_huruf,1,17,0.01178101178101178,54.692307692307686,56.89349112426036,54.692307692307686,56.89349112426036,0
per_huruf,1,18,0.012474012474012475,54.61538461538462,56.88165680473374,54.61538461538462,56.88165680473374,0
per_huruf,1,19,0.013167013167013167,54.53846153846154,56.87573964497042,54.53846153846154,56.87573964497042,0
per_huruf,1,20,0.01386001386001386,54.46153846153846,56.875739644970416,54.46153846153846,56.875739644970416,0
per_huruf,1,21,0.014553014553014554,54.38461538461539,56.88165680473373,54.38461538461539,56.88165680473373,0
per_huruf,1,22,0.015246015246015246,54.30769230769231,56.89349112426036,54.30769230769231,56.89349112426036,0
per_huruf,1,23,0.01593901593901594,54.230769230769226,56.91124260355029,54.230769230769226,56.91124260355029,0
per_huruf,1,24,0.016632016632016633,54.15384615384616,56.93491124260355,54.15384615384616,56.93491124260355,0
per_huruf,1,25,0.017325017325017324,54.07692307692307,56.96449704142012,54.07692307692307,56.96449704142012,0
per_huruf,1,26,0.018018018018018018,54.0,57.0,54.0,57.0,0
per_huruf,1,27,0.018711018711018712,53.923076923076934,57.04688211197088,53.923076923076934,57.04688211197088,0
per_huruf,1,28,0.019404019404019403,53.84615384615385,57.10878470641785,53.84615384615385,57.10878470641785,0
per_huruf,1,29,0.020097020097020097,53.76923076923076,57.18297678652708,53.76923076923076,57.18297678652708,0
per_huruf,1,30,0.02079002079002079,53.69230769230768,57.26672735548475,53.69230769230768,57.26672735548475,0
per_huruf,1,31,0.021483021483021482,53.61538461538461,57.357305416477026,53.61538461538461,57.357305416477026,0
per_huruf,1,32,0.022176022176022176,53.53846153846154,57.45197997269004,53.53846153846154,57.45197997269004,0
per_huruf,1,33,0.02286902286902287,53.46153846153845,57.548020027309974,53.46153846153845,57.548020027309974,0
per_huruf,1,34,0.02356202356202356,53.38461538461539,57.642694583522996,53.38461538461539,57.642694583522996,0
per_huruf,1,35,0.024255024255024255,53.30769230769231,57.733272644515246,53.30769230769231,57.733272644515246,0
per_huruf,1,36,0.02494802494802495,53.230769230769226,57.81702321347291,53.230769230769226,57.81702321347291,0
per_huruf,1,37,0.02564102564102564,53.15384615384616,57.89121529358216,53.15384615384616,57.89121529358216,0
per_huruf,1,38,0.026334026334026334,53.07692307692307,57.95311788802913,53.07692307692307,57.95311788802913,0
per_huruf,1,39,0.02702702702702703,53.0,58.0,53.0,58.0,0
per_huruf,1,40,0.02772002772002772,52.923076923076934,58.03277196176605,52.923076923076934,58.03277196176605,1
per_huruf,1,41,0.028413028413028413,52.846153846153854,58.055075102412395,52.846153846153854,58.055075102412395,0
per_huruf,1,42,0.029106029106029108,52.76923076923076,58.06827492034593,52.76923076923076,58.06827492034593,0
per_huruf,1,43,0.0297990297990298,52.692307692307686,58.0737369139736,52.692307692307686,58.0737369139736,0
per_huruf,1,44,0.030492030492030493,52.61538461538462,58.07282658170233,52.61538461538462,58.07282658170233,0
per_huruf,1,45,0.031185031185031187,52.53846153846154,58.06690942193901,52.53846153846154,58.06690942193901,0
per_huruf,1,46,0.03187803187803188,52.46153846153846,58.057350933090575,52.46153846153846,58.057350933090575,0
per_huruf,1,47,0.03257103257103257,52.38461538461539,58.04551661356395,52.38461538461539,58.04551661356395,0
per_huruf,1,48,0.033264033264033266,52.30769230769231,58.032771961766045,52.30769230769231,58.032771961766045,0
per_huruf,1,49,0.03395703395703396,52.230769230769226,58.02048247610377,52.230769230769226,58.02048247610377,0
per_huruf,1,50,0.03465003465003465,52.15384615384616,58.010013654984064,52.15384615384616,58.010013654984064,0
per_huruf,1,51,0.035343035343035345,52.07692307692307,58.00273099681383,52.07692307692307,58.00273099681383,0
per_huruf,1,52,0.036036036036036036,52.0,58.0,52.0,58.0,0
per_huruf,1,53,0.036729036729036726,51.923076923076934,57.99726900318617,51.923076923076934,57.99726900318617,0
per_huruf,1,54,0.037422037422037424,51.84615384615384,57.989986345015936,51.84615384615384,57.989986345015936,0
per_huruf,1,55,0.038115038115038115,51.76923076923077,57.97951752389622,51.76923076923077,57.97951752389622,0
per_huruf,1,56,0.038808038808038806,51.69230769230768,57.96722803823395,51.69230769230768,57.96722803823395,0
per_huruf,1,57,0.0395010395010395,51.61538461538462,57.95448338643606,51.61538461538462,57.95448338643606,0
per_huruf,1,58,0.040194040194040194,51.53846153846155,57.94264906690943,51.53846153846155,57.94264906690943,0
per_huruf,1,59,0.040887040887040885,51.46153846153846,57.933090578061,51.46153846153846,57.933090578061,0
per_huruf,1,60,0.04158004158004158,51.38461538461539,57.927173418297684,51.38461538461539,57.927173418297684,0
per_huruf,1,61,0.04227304227304227,51.30769230769231,57.926263086026395,51.30769230769231,57.926263086026395,1
per_huruf,1,62,0.042966042966042964,51.230769230769226,57.931725079654065,51.230769230769226,57.931725079654065,0
per_huruf,1,63,0.04365904365904366,51.15384615384616,57.94492489758762,51.15384615384616,57.94492489758762,0
per_huruf,1,64,0.04435204435204435,51.07692307692307,57.967228038233955,51.07692307692307,57.967228038233955,0
per_huruf,1,65,0.04504504504504504,51.0,58.0,51.0,58.0,0
per_huruf,1,66,0.04573804573804574,50.92307692307693,58.04688211197087,50.92307692307693,58.04688211197087,0
per_huruf,1,67,0.04643104643104643,50.84615384615385,58.10878470641785,50.84615384615385,58.10878470641785,0
per_huruf,1,68,0.04712404712404712,50.76923076923076,58.18297678652708,50.76923076923076,58.18297678652708,0
per_huruf,1,69,0.04781704781704782,50.692307692307686,58.266727355484754,50.692307692307686,58.266727355484754,0
per_huruf,1,70,0.04851004851004851,50.61538461538462,58.357305416477026,50.61538461538462,58.357305416477026,0
per_huruf,1,71,0.0492030492030492,50.53846153846155,58.45197997269004,50.53846153846155,58.45197997269004,0
per_huruf,1,72,0.0498960498960499,50.46153846153846,58.54802002730997,50.46153846153846,58.54802002730997,0
per_huruf,1,73,0.05058905058905059,50.38461538461539,58.64269458352298,50.38461538461539,58.64269458352298,0
per_huruf,1,74,0.05128205128205128,50.30769230769231,58.73327264451524,50.30769230769231,58.73327264451524,0
per_huruf,1,75,0.05197505197505198,50.230769230769226,58.81702321347291,50.230769230769226,58.81702321347291,0
per_huruf,1,76,0.05266805266805267,50.15384615384616,58.891215293582164,50.15384615384616,58.891215293582164,0
per_huruf,1,77,0.05336105336105336,50.07692307692307,58.95311788802913,50.07692307692307,58.95311788802913,0
per_huruf,1,78,0.05405405405405406,50.0,59.0,50.0,59.0,0
per_huruf,1,79,0.05474705474705475,49.92307692307693,59.030040964952214,49.92307692307693,59.030040964952214,0
per_huruf,1,80,0.05544005544005544,49.846153846153854,59.04506144742831,49.846153846153854,59.04506144742831,0
per_huruf,1,81,0.056133056133056136,49.76923076923076,59.04779244424214,49.76923076923076,59.04779244424214,1
per_huruf,1,82,0.05682605682605683,49.692307692307686,59.04096495220755,49.692307692307686,59.04096495220755,0
per_huruf,1,83,0.05751905751905752,49.61538461538462,59.027309968138375,49.61538461538462,59.027309968138375,0
per_huruf,1,84,0.058212058212058215,49.53846153846155,59.00955848884844,49.53846153846155,59.00955848884844,0
per_huruf,1,85,0.058905058905058906,49.46153846153846,58.99044151115157,49.46153846153846,58.99044151115157,0
per_huruf,1,86,0.0595980595980596,49.38461538461538,58.97269003186163,49.38461538461538,58.97269003186163,0
per_huruf,1,87,0.060291060291060294,49.30769230769231,58.95903504779244,49.30769230769231,58.95903504779244,0
per_huruf,1,88,0.060984060984060985,49.230769230769226,58.952207555757845,49.230769230769226,58.952207555757845,0
per_huruf,1,89,0.061677061677061676,49.15384615384615,58.95493855257169,49.15384615384615,58.95493855257169,0
per_huruf,1,90,0.062370062370062374,49.07692307692307,58.96995903504779,49.07692307692307,58.96995903504779,0
per_huruf,1,91,0.06306306306306306,49.0,59.0,49.0,59.0,1
per_huruf,1,92,0.06375606375606375,48.923076923076934,59.04688211197087,48.923076923076934,59.04688211197087,0
per_huruf,1,93,0.06444906444906445,48.84615384615385,59.10878470641784,48.84615384615385,59.10878470641784,0
per_huruf,1,94,0.06514206514206514,48.76923076923077,59.18297678652708,48.76923076923077,59.18297678652708,0
per_huruf,1,95,0.06583506583506583,48.692307692307686,59.26672735548475,48.692307692307686,59.26672735548475,0
per_huruf,1,96,0.06652806652806653,48.61538461538462,59.35730541647701,48.61538461538462,59.35730541647701,0
per_huruf,1,97,0.06722106722106722,48.53846153846154,59.45197997269004,48.53846153846154,59.45197997269004,0
per_huruf,1,98,0.06791406791406791,48.46153846153847,59.54802002730997,48.46153846153847,59.54802002730997,0
per_huruf,1,99,0.06860706860706861,48.38461538461539,59.64269458352299,48.38461538461539,59.64269458352299,0
per_huruf,1,100,0.0693000693000693,48.30769230769231,59.733272644515246,48.30769230769231,59.733272644515246,0
per_huruf,1,101,0.06999306999306999,48.230769230769226,59.81702321347291,48.230769230769226,59.81702321347291,0
per_huruf,1,102,0.07068607068607069,48.15384615384615,59.89121529358216,48.15384615384615,59.89121529358216,0
per_huruf,1,103,0.07137907137907137,48.07692307692307,59.95311788802913,48.07692307692307,59.95311788802913,0
per_huruf,1,104,0.07207207207207207,48.0,60.0,48.0,60.0,0
per_huruf,1,105,0.07276507276507277,47.92034592626309,60.030040964952214,47.92034592626309,60.030040964952214,0
per_huruf,1,106,0.07345807345807345,47.83614019116978,60.04506144742831,47.83614019116978,60.04506144742831,0
per_huruf,1,107,0.07415107415107415,47.74874829312699,60.04779244424214,47.74874829312699,60.04779244424214,0
per_huruf,1,108,0.07484407484407485,47.65953573054164,60.04096495220755,47.65953573054164,60.04096495220755,0
per_huruf,1,109,0.07553707553707553,47.56986800182067,60.027309968138375,47.56986800182067,60.027309968138375,0
per_huruf,1,110,0.07623007623007623,47.48111060537096,60.00955848884843,47.48111060537096,60.00955848884843,0
per_huruf,1,111,0.07692307692307693,47.39462903959946,59.990441511151566,47.39462903959946,59.990441511151566,0
per_huruf,1,112,0.07761607761607761,47.311788802913064,59.97269003186164,47.311788802913064,59.97269003186164,0
per_huruf,1,113,0.07830907830907831,47.2339553937187,59.95903504779245,47.2339553937187,59.95903504779245,0
per_huruf,1,114,0.079002079002079,47.1624943104233,59.952207555757845,47.1624943104233,59.952207555757845,0
per_huruf,1,115,0.07969507969507969,47.09877105143377,59.95493855257169,47.09877105143377,59.95493855257169,0
per_huruf,1,116,0.08038808038808039,47.04415111515703,59.96995903504779,47.04415111515703,59.96995903504779,0
per_huruf,1,117,0.08108108108108109,47.0,60.0,47.0,60.0,0
per_huruf,1,118,0.08177408177408177,46.96995903504779,60.04688211197088,46.96995903504779,60.04688211197088,0
per_huruf,1,119,0.08246708246708247,46.9549385525717,60.10878470641784,46.9549385525717,60.10878470641784,0
per_huruf,1,120,0.08316008316008316,46.952207555757845,60.18297678652707,46.952207555757845,60.18297678652707,0
per_huruf,1,121,0.08385308385308385,46.95903504779244,60.266727355484754,46.95903504779244,60.266727355484754,0
per_huruf,1,122,0.08454608454608455,46.97269003186164,60.35730541647701,46.97269003186164,60.35730541647701,1
per_huruf,1,123,0.08523908523908524,46.99044151115157,60.45197997269003,46.99044151115157,60.45197997269003,0
per_huruf,1,124,0.08593208593208593,47.009558488848434,60.548020027309974,47.009558488848434,60.548020027309974,0
per_huruf,1,125,0.08662508662508663,47.027309968138375,60.64269458352299,47.027309968138375,60.64269458352299,0
per_huruf,1,126,0.08731808731808732,47.04096495220755,60.733272644515246,47.04096495220755,60.733272644515246,0
per_huruf,1,127,0.088011088011088,47.04779244424215,60.817023213472915,47.04779244424215,60.817023213472915,0
per_huruf,1,128,0.0887040887040887,47.04506144742831,60.89121529358216,47.04506144742831,60.89121529358216,0
per_huruf,1,129,0.0893970893970894,47.03004096495221,60.95311788802913,47.03004096495221,60.95311788802913,0
per_huruf,1,130,0.09009009009009009,47.0,61.0,47.0,61.0,0
per_huruf,1,131,0.09078309078309078,46.953117888029134,61.03004096495222,46.953117888029134,61.03004096495222,0
per_huruf,1,132,0.09147609147609148,46.89121529358216,61.04506144742831,46.89121529358216,61.04506144742831,0
per_huruf,1,133,0.09216909216909216,46.81702321347291,61.047792444242134,46.81702321347291,61.047792444242134,0
per_huruf,1,134,0.09286209286209286,46.733272644515246,61.04096495220755,46.733272644515246,61.04096495220755,0
per_huruf,1,135,0.09355509355509356,46.642694583522996,61.027309968138375,46.642694583522996,61.027309968138375,0
per_huruf,1,136,0.09424809424809424,46.54802002730997,61.009558488848434,46.54802002730997,61.009558488848434,0
per_huruf,1,137,0.09494109494109494,46.451979972690026,60.99044151115157,46.451979972690026,60.99044151115157,0
per_huruf,1,138,0.09563409563409564,46.35730541647702,60.97269003186163,46.35730541647702,60.97269003186163,0
per_huruf,1,139,0.09632709632709632,46.26672735548475,60.95903504779244,46.26672735548475,60.95903504779244,0
per_huruf,1,140,0.09702009702009702,46.18297678652708,60.952207555757845,46.18297678652708,60.952207555757845,0
per_huruf,1,141,0.09771309771309772,46.10878470641784,60.95493855257169,46.10878470641784,60.95493855257169,0
per_huruf,1,142,0.0984060984060984,46.046882111970866,60.96995903504779,46.046882111970866,60.96995903504779,0
per_huruf,1,143,0.0990990990990991,46.0,61.0,46.0,61.0,0
per_huruf,1,144,0.0997920997920998,45.9699590350478,61.04415111515704,45.9699590350478,61.04415111515704,0
per_huruf,1,145,0.10048510048510048,45.95493855257169,61.098771051433765,45.95493855257169,61.098771051433765,0
per_huruf,1,146,0.10117810117810118,45.952207555757845,61.1624943104233,45.952207555757845,61.1624943104233,0
per_huruf,1,147,0.10187110187110188,45.95903504779244,61.2339553937187,45.95903504779244,61.2339553937187,0
per_huruf,1,148,0.10256410256410256,45.97269003186164,61.31178880291307,45.97269003186164,61.31178880291307,0
per_huruf,1,149,0.10325710325710326,45.99044151115157,61.39462903959946,45.99044151115157,61.39462903959946,0
per_huruf,1,150,0.10395010395010396,46.00955848884843,61.48111060537096,46.00955848884843,61.48111060537096,0
per_huruf,1,151,0.10464310464310464,46.027309968138375,61.56986800182066,46.027309968138375,61.56986800182066,0
per_huruf,1,152,0.10533610533610534,46.04096495220755,61.65953573054165,46.04096495220755,61.65953573054165,0
per_huruf,1,153,0.10602910602910603,46.04779244424215,61.74874829312698,46.04779244424215,61.74874829312698,0
per_huruf,1,154,0.10672210672210672,46.04506144742831,61.836140191169775,46.04506144742831,61.836140191169775,0
per_huruf,1,155,0.10741510741510742,46.03004096495221,61.92034592626308,46.03004096495221,61.92034592626308,0
per_huruf,1,156,0.10810810810810811,46.0,62.0,46.0,62.0,0
per_huruf,1,157,0.1088011088011088,45.95584888484298,62.07692307692309,45.95584888484298,62.07692307692309,0
per_huruf,1,158,0.1094941094941095,45.901228948566235,62.15384615384616,45.901228948566235,62.15384615384616,0
per_huruf,1,159,0.1101871101871102,45.837505689576695,62.23076923076922,45.837505689576695,62.23076923076922,0
per_huruf,1,160,0.11088011088011088,45.766044606281284,62.30769230769231,45.766044606281284,62.30769230769231,0
per_huruf,1,161,0.11157311157311157,45.688211197086936,62.384615384615394,45.688211197086936,62.384615384615394,0
per_huruf,1,162,0.11226611226611227,45.60537096040055,62.46153846153847,45.60537096040055,62.46153846153847,0
per_huruf,1,163,0.11295911295911296,45.51888939462904,62.53846153846154,45.51888939462904,62.53846153846154,0
per_huruf,1,164,0.11365211365211365,45.430131998179334,62.61538461538462,45.430131998179334,62.61538461538462,0
per_huruf,1,165,0.11434511434511435,45.34046426945835,62.69230769230769,45.34046426945835,62.69230769230769,0
per_huruf,1,166,0.11503811503811504,45.251251706873006,62.76923076923077,45.251251706873006,62.76923076923077,0
per_huruf,1,167,0.11573111573111573,45.163859808830225,62.84615384615385,45.163859808830225,62.84615384615385,0
per_huruf,1,168,0.11642411642411643,45.07965407373691,62.92307692307692,45.07965407373691,62.92307692307692,0
per_huruf,1,169,0.11711711711711711,45.0,63.0,45.0,63.0,0
per_huruf,1,170,0.11781011781011781,44.92307692307693,63.07692307692309,44.92307692307693,63.07692307692309,0
per_huruf,1,171,0.11850311850311851,44.84615384615385,63.15384615384615,44.84615384615385,63.15384615384615,0
per_huruf,1,172,0.1191961191961192,44.76923076923076,63.23076923076922,44.76923076923076,63.23076923076922,0
per_huruf,1,173,0.11988911988911989,44.69230769230769,63.3076923076923,44.69230769230769,63.3076923076923,0
per_huruf,1,174,0.12058212058212059,44.61538461538462,63.384615384615394,44.61538461538462,63.384615384615394,0
per_huruf,1,175,0.12127512127512127,44.53846153846154,63.46153846153847,44.53846153846154,63.46153846153847,0
per_huruf,1,176,0.12196812196812197,44.46153846153846,63.53846153846154,44.46153846153846,63.53846153846154,0
per_huruf,1,177,0.12266112266112267,44.38461538461539,63.61538461538462,44.38461538461539,63.61538461538462,0
per_huruf,1,178,0.12335412335412335,44.30769230769231,63.69230769230769,44.30769230769231,63.69230769230769,0
per_huruf,1,179,0.12404712404712405,44.230769230769226,63.76923076923076,44.230769230769226,63.76923076923076,0
per_huruf,1,180,0.12474012474012475,44.15384615384615,63.84615384615385,44.15384615384615,63.84615384615385,1
per_huruf,1,181,0.12543312543312543,44.07692307692307,63.92307692307692,44.07692307692307,63.92307692307692,0
per_huruf,1,182,0.12612612612612611,44.0,64.0,44.0,64.0,0
per_huruf,1,183,0.12681912681912683,43.92034592626309,64.07692307692308,43.92034592626309,64.07692307692308,0
per_huruf,1,184,0.1275121275121275,43.83614019116978,64.15384615384616,43.83614019116978,64.15384615384616,0
per_huruf,1,185,0.1282051282051282,43.74874829312698,64.23076923076923,43.74874829312698,64.23076923076923,0
per_huruf,1,186,0.1288981288981289,43.65953573054164,64.30769230769229,43.65953573054164,64.30769230769229,0
per_huruf,1,187,0.1295911295911296,43.569868001820666,64.38461538461539,43.569868001820666,64.38461538461539,0
per_huruf,1,188,0.13028413028413027,43.48111060537096,64.46153846153847,43.48111060537096,64.46153846153847,0
per_huruf,1,189,0.13097713097713098,43.39462903959945,64.53846153846153,43.39462903959945,64.53846153846153,0
per_huruf,1,190,0.13167013167013167,43.311788802913064,64.61538461538463,43.311788802913064,64.61538461538463,0
per_huruf,1,191,0.13236313236313235,43.2339553937187,64.6923076923077,43.2339553937187,64.6923076923077,0
per_huruf,1,192,0.13305613305613306,43.1624943104233,64.76923076923077,43.1624943104233,64.76923076923077,0
per_huruf,1,193,0.13374913374913375,43.09877105143377,64.84615384615385,43.09877105143377,64.84615384615385,0
per_huruf,1,194,0.13444213444213443,43.04415111515703,64.92307692307692,43.04415111515703,64.92307692307692,0
per_huruf,1,195,0.13513513513513514,43.0,65.0,43.0,65.0,0
per_huruf,1,196,0.13582813582813583,42.96995903504779,65.07692307692308,42.96995903504779,65.07692307692308,0
per_huruf,1,197,0.1365211365211365,42.9549385525717,65.15384615384616,42.9549385525717,65.15384615384616,0
per_huruf,1,198,0.13721413721413722,42.95220755575784,65.23076923076923,42.95220755575784,65.23076923076923,0
per_huruf,1,199,0.1379071379071379,42.95903504779244,65.3076923076923,42.95903504779244,65.3076923076923,0
per_huruf,1,200,0.1386001386001386,42.97269003186164,65.38461538461539,42.97269003186164,65.38461538461539,0
per_huruf,1,201,0.1392931392931393,42.99044151115157,65.46153846153847,42.99044151115157,65.46153846153847,0
per_huruf,1,202,0.13998613998613998,43.00955848884843,65.53846153846153,43.00955848884843,65.53846153846153,0
per_huruf,1,203,0.14067914067914067,43.02730996813837,65.61538461538461,43.02730996813837,65.61538461538461,0
per_huruf,1,204,0.14137214137214138,43.04096495220756,65.6923076923077,43.04096495220756,65.6923076923077,0
per_huruf,1,205,0.14206514206514206,43.04779244424214,65.76923076923077,43.04779244424214,65.76923076923077,0
per_huruf,1,206,0.14275814275814275,43.04506144742831,65.84615384615384,43.04506144742831,65.84615384615384,0
per_huruf,1,207,0.14345114345114346,43.03004096495221,65.92307692307692,43.03004096495221,65.92307692307692,0
per_huruf,1,208,0.14414414414414414,43.0,66.0,43.0,66.0,0
per_huruf,1,209,0.14483714483714483,42.953117888029134,66.07692307692308,42.953117888029134,66.07692307692308,0
per_huruf,1,210,0.14553014553014554,42.89121529358216,66.15384615384616,42.89121529358216,66.15384615384616,0
per_huruf,1,211,0.14622314622314622,42.81702321347291,66.23076923076923,42.81702321347291,66.23076923076923,0
per_huruf,1,212,0.1469161469161469,42.733272644515246,66.30769230769229,42.733272644515246,66.30769230769229,0
per_huruf,1,213,0.14760914760914762,42.642694583522996,66.3846153846154,42.642694583522996,66.3846153846154,0
per_huruf,1,214,0.1483021483021483,42.548020027309974,66.46153846153847,42.548020027309974,66.46153846153847,0
per_huruf,1,215,0.14899514899514898,42.45197997269003,66.53846153846155,42.45197997269003,66.53846153846155,0
per_huruf,1,216,0.1496881496881497,42.35730541647702,66.61538461538463,42.35730541647702,66.61538461538463,0
per_huruf,1,217,0.15038115038115038,42.26672735548475,66.6923076923077,42.26672735548475,66.6923076923077,0
per_huruf,1,218,0.15107415107415106,42.18297678652708,66.76923076923077,42.18297678652708,66.76923076923077,0
per_huruf,1,219,0.15176715176715178,42.10878470641784,66.84615384615385,42.10878470641784,66.84615384615385,0
per_huruf,1,220,0.15246015246015246,42.046882111970866,66.92307692307692,42.046882111970866,66.92307692307692,0
per_huruf,1,221,0.15315315315315314,42.0,67.0,42.0,67.0,0
per_huruf,1,222,0.15384615384615385,41.96995903504779,67.07965407373692,41.96995903504779,67.07965407373692,0
per_huruf,1,223,0.15453915453915454,41.95493855257168,67.16385980883022,41.95493855257168,67.16385980883022,0
per_huruf,1,224,0.15523215523215522,41.95220755575785,67.251251706873,41.95220755575785,67.251251706873,0
per_huruf,1,225,0.15592515592515593,41.95903504779244,67.34046426945835,41.95903504779244,67.34046426945835,0
per_huruf,1,226,0.15661815661815662,41.97269003186163,67.43013199817933,41.97269003186163,67.43013199817933,0
per_huruf,1,227,0.1573111573111573,41.99044151115158,67.51888939462904,41.99044151115158,67.51888939462904,0
per_huruf,1,228,0.158004158004158,42.00955848884843,67.60537096040055,42.00955848884843,67.60537096040055,0
per_huruf,1,229,0.1586971586971587,42.02730996813837,67.68821119708693,42.02730996813837,67.68821119708693,0
per_huruf,1,230,0.15939015939015938,42.04096495220755,67.76604460628128,42.04096495220755,67.76604460628128,0
per_huruf,1,231,0.1600831600831601,42.04779244424214,67.83750568957669,42.04779244424214,67.83750568957669,0
per_huruf,1,232,0.16077616077616078,42.04506144742831,67.90122894856623,42.04506144742831,67.90122894856623,0
per_huruf,1,233,0.16146916146916146,42.03004096495221,67.95584888484296,42.03004096495221,67.95584888484296,0
per_huruf,1,234,0.16216216216216217,42.0,68.0,42.0,68.0,0
per_huruf,1,235,0.16285516285516285,41.953117888029134,68.0300409649522,41.953117888029134,68.0300409649522,0
per_huruf,1,236,0.16354816354816354,41.89121529358216,68.04506144742831,41.89121529358216,68.04506144742831,0
per_huruf,1,237,0.16424116424116425,41.81702321347292,68.04779244424215,41.81702321347292,68.04779244424215,0
per_huruf,1,238,0.16493416493416493,41.73327264451524,68.04096495220756,41.73327264451524,68.04096495220756,0
per_huruf,1,239,0.16562716562716562,41.64269458352299,68.02730996813838,41.64269458352299,68.02730996813838,0
per_huruf,1,240,0.16632016632016633,41.548020027309974,68.00955848884844,41.548020027309974,68.00955848884844,0
per_huruf,1,241,0.167013167013167,41.45197997269003,67.99044151115157,41.45197997269003,67.99044151115157,0
per_huruf,1,242,0.1677061677061677,41.35730541647702,67.97269003186163,41.35730541647702,67.97269003186163,0
per_huruf,1,243,0.1683991683991684,41.26672735548475,67.95903504779244,41.26672735548475,67.95903504779244,0
per_huruf,1,244,0.1690921690921691,41.18297678652708,67.95220755575784,41.18297678652708,67.95220755575784,0
per_huruf,1,245,0.16978516978516978,41.10878470641784,67.95493855257169,41.10878470641784,67.95493855257169,0
per_huruf,1,246,0.1704781704781705,41.046882111970866,67.9699590350478,41.046882111970866,67.9699590350478,0
per_huruf,1,247,0.17117117117117117,41.0,68.0,41.0,68.0,0
per_huruf,1,248,0.17186417186417186,40.96722803823396,68.04415111515705,40.96722803823396,68.04415111515705,0
per_huruf,1,249,0.17255717255717257,40.944924897587626,68.09877105143377,40.944924897587626,68.09877105143377,0
per_huruf,1,250,0.17325017325017325,40.93172507965407,68.1624943104233,40.93172507965407,68.1624943104233,0
per_huruf,1,251,0.17394317394317393,40.926263086026395,68.2339553937187,40.926263086026395,68.2339553937187,0
per_huruf,1,252,0.17463617463617465,40.927173418297684,68.31178880291307,40.927173418297684,68.31178880291307,0
per_huruf,1,253,0.17532917532917533,40.933090578061,68.39462903959947,40.933090578061,68.39462903959947,0
per_huruf,1,254,0.176022176022176,40.94264906690942,68.48111060537096,40.94264906690942,68.48111060537096,0
per_huruf,1,255,0.17671517671517672,40.95448338643605,68.56986800182067,40.95448338643605,68.56986800182067,0
per_huruf,1,256,0.1774081774081774,40.967228038233955,68.65953573054165,40.967228038233955,68.65953573054165,0
per_huruf,1,257,0.1781011781011781,40.97951752389622,68.748748293127,40.97951752389622,68.748748293127,0
per_huruf,1,258,0.1787941787941788,40.989986345015936,68.83614019116979,40.989986345015936,68.83614019116979,0
per_huruf,1,259,0.1794871794871795,40.99726900318616,68.92034592626308,40.99726900318616,68.92034592626308,0
per_huruf,1,260,0.18018018018018017,41.0,69.0,41.0,69.0,0
per_huruf,1,261,0.18087318087318088,41.002730996813845,69.07965407373692,41.002730996813845,69.07965407373692,0
per_huruf,1,262,0.18156618156618157,41.01001365498407,69.16385980883022,41.01001365498407,69.16385980883022,0
per_huruf,1,263,0.18225918225918225,41.02048247610378,69.25125170687299,41.02048247610378,69.25125170687299,0
per_huruf,1,264,0.18295218295218296,41.03277196176604,69.34046426945834,41.03277196176604,69.34046426945834,0
per_huruf,1,265,0.18364518364518365,41.045516613563954,69.43013199817933,41.045516613563954,69.43013199817933,0
per_huruf,1,266,0.18433818433818433,41.05735093309058,69.51888939462904,41.05735093309058,69.51888939462904,0
per_huruf,1,267,0.18503118503118504,41.06690942193901,69.60537096040053,41.06690942193901,69.60537096040053,0
per_huruf,1,268,0.18572418572418573,41.07282658170232,69.68821119708693,41.07282658170232,69.68821119708693,0
per_huruf,1,269,0.1864171864171864,41.0737369139736,69.7660446062813,41.0737369139736,69.7660446062813,0
per_huruf,1,270,0.18711018711018712,41.068274920345914,69.83750568957669,41.068274920345914,69.83750568957669,0
per_huruf,1,271,0.1878031878031878,41.05507510241238,69.90122894856623,41.05507510241238,69.90122894856623,0
per_huruf,1,272,0.1884961884961885,41.03277196176604,69.95584888484296,41.03277196176604,69.95584888484296,0
per_huruf,1,273,0.1891891891891892,41.0,70.0,41.0,70.0,0
per_huruf,1,274,0.18988218988218988,40.953117888029134,70.03004096495222,40.953117888029134,70.03004096495222,0
per_huruf,1,275,0.19057519057519057,40.891215293582164,70.04506144742831,40.891215293582164,70.04506144742831,0
per_huruf,1,276,0.19126819126819128,40.81702321347291,70.04779244424213,40.81702321347291,70.04779244424213,0
per_huruf,1,277,0.19196119196119196,40.733272644515246,70.04096495220755,40.733272644515246,70.04096495220755,0
per_huruf,1,278,0.19265419265419265,40.64269458352299,70.02730996813837,40.64269458352299,70.02730996813837,0
per_huruf,1,279,0.19334719334719336,40.548020027309974,70.00955848884844,40.548020027309974,70.00955848884844,0
per_huruf,1,280,0.19404019404019404,40.451979972690026,69.99044151115157,40.451979972690026,69.99044151115157,0
per_huruf,1,281,0.19473319473319473,40.35730541647702,69.97269003186163,40.35730541647702,69.97269003186163,0
per_huruf,1,282,0.19542619542619544,40.26672735548475,69.95903504779244,40.26672735548475,69.95903504779244,0
per_huruf,1,283,0.19611919611919612,40.18297678652708,69.95220755575784,40.18297678652708,69.95220755575784,0
per_huruf,1,284,0.1968121968121968,40.10878470641784,69.95493855257169,40.10878470641784,69.95493855257169,0
per_huruf,1,285,0.19750519750519752,40.046882111970866,69.9699590350478,40.046882111970866,69.9699590350478,0
per_huruf,1,286,0.1981981981981982,40.0,70.0,40.0,70.0,0
per_huruf,1,287,0.19889119889119888,39.96722803823396,70.04415111515705,39.96722803823396,70.04415111515705,0
per_huruf,1,288,0.1995841995841996,39.944924897587626,70.09877105143377,39.944924897587626,70.09877105143377,0
per_huruf,1,289,0.20027720027720028,39.93172507965407,70.16249431042328,39.93172507965407,70.16249431042328,0
per_huruf,1,290,0.20097020097020096,39.9262630860264,70.2339553937187,39.9262630860264,70.2339553937187,0
per_huruf,1,291,0.20166320166320167,39.92717341829769,70.31178880291307,39.92717341829769,70.31178880291307,0
per_huruf,1,292,0.20235620235620236,39.93309057806099,70.39462903959947,39.93309057806099,70.39462903959947,0
per_huruf,1,293,0.20304920304920304,39.942649066909425,70.48111060537097,39.942649066909425,70.48111060537097,0
per_huruf,1,294,0.20374220374220375,39.95448338643605,70.56986800182067,39.95448338643605,70.56986800182067,0
per_huruf,1,295,0.20443520443520444,39.967228038233955,70.65953573054165,39.967228038233955,70.65953573054165,0
per_huruf,1,296,0.20512820512820512,39.97951752389622,70.748748293127,39.97951752389622,70.748748293127,0
per_huruf,1,297,0.20582120582120583,39.989986345015936,70.83614019116979,39.989986345015936,70.83614019116979,0
per_huruf,1,298,0.20651420651420652,39.99726900318616,70.92034592626308,39.99726900318616,70.92034592626308,0
per_huruf,1,299,0.2072072072072072,40.0,71.0,40.0,71.0,0
per_huruf,1,300,0.2079002079002079,40.002730996813845,71.07965407373692,40.002730996813845,71.07965407373692,0
per_huruf,1,301,0.2085932085932086,40.01001365498407,71.16385980883022,40.01001365498407,71.16385980883022,0
per_huruf,1,302,0.20928620928620928,40.020482476103766,71.25125170687299,40.020482476103766,71.25125170687299,0
per_huruf,1,303,0.20997920997921,40.032771961766045,71.34046426945835,40.032771961766045,71.34046426945835,0
per_huruf,1,304,0.21067221067221067,40.045516613563954,71.43013199817933,40.045516613563954,71.43013199817933,0
per_huruf,1,305,0.21136521136521136,40.05735093309058,71.51888939462903,40.05735093309058,71.51888939462903,0
per_huruf,1,306,0.21205821205821207,40.066909421939,71.60537096040055,40.066909421939,71.60537096040055,0
per_huruf,1,307,0.21275121275121275,40.07282658170232,71.68821119708693,40.07282658170232,71.68821119708693,0
per_huruf,1,308,0.21344421344421344,40.0737369139736,71.76604460628128,40.0737369139736,71.76604460628128,0
per_huruf,1,309,0.21413721413721415,40.06827492034592,71.83750568957669,40.06827492034592,71.83750568957669,0
per_huruf,1,310,0.21483021483021483,40.05507510241238,71.90122894856623,40.05507510241238,71.90122894856623,0
per_huruf,1,311,0.21552321552321552,40.032771961766045,71.95584888484296,40.032771961766045,71.95584888484296,0
per_huruf,1,312,0.21621621621621623,40.0,72.0,40.0,72.0,0
per_huruf,1,313,0.2169092169092169,39.95311788802914,72.03004096495222,39.95311788802914,72.03004096495222,0
per_huruf,1,314,0.2176022176022176,39.891215293582164,72.04506144742832,39.891215293582164,72.04506144742832,0
per_huruf,1,315,0.2182952182952183,39.817023213472915,72.04779244424213,39.817023213472915,72.04779244424213,0
per_huruf,1,316,0.218988218988219,39.733272644515246,72.04096495220756,39.733272644515246,72.04096495220756,0
per_huruf,1,317,0.21968121968121967,39.642694583522996,72.02730996813837,39.642694583522996,72.02730996813837,0
per_huruf,1,318,0.2203742203742204,39.54802002730997,72.00955848884843,39.54802002730997,72.00955848884843,0
per_huruf,1,319,0.22106722106722107,39.45197997269003,71.99044151115157,39.45197997269003,71.99044151115157,0
per_huruf,1,320,0.22176022176022175,39.35730541647702,71.97269003186163,39.35730541647702,71.97269003186163,0
per_huruf,1,321,0.22245322245322247,39.26672735548475,71.95903504779244,39.26672735548475,71.95903504779244,0
per_huruf,1,322,0.22314622314622315,39.18297678652708,71.95220755575784,39.18297678652708,71.95220755575784,0
per_huruf,1,323,0.22383922383922383,39.10878470641784,71.95493855257169,39.10878470641784,71.95493855257169,0
per_huruf,1,324,0.22453222453222454,39.046882111970866,71.9699590350478,39.046882111970866,71.9699590350478,0
per_huruf,1,325,0.22522522522522523,39.0,72.0,39.0,72.0,0
per_huruf,1,326,0.2259182259182259,38.9699590350478,72.04415111515705,38.9699590350478,72.04415111515705,0
per_huruf,1,327,0.22661122661122662,38.95493855257169,72.09877105143379,38.95493855257169,72.09877105143379,0
per_huruf,1,328,0.2273042273042273,38.952207555757845,72.1624943104233,38.952207555757845,72.1624943104233,0
per_huruf,1,329,0.227997227997228,38.95903504779244,72.2339553937187,38.95903504779244,72.2339553937187,0
per_huruf,1,330,0.2286902286902287,38.97269003186164,72.31178880291307,38.97269003186164,72.31178880291307,0
per_huruf,1,331,0.2293832293832294,38.99044151115157,72.39462903959945,38.99044151115157,72.39462903959945,0
per_huruf,1,332,0.23007623007623007,39.00955848884843,72.48111060537096,39.00955848884843,72.48111060537096,0
per_huruf,1,333,0.23076923076923078,39.027309968138375,72.56986800182067,39.027309968138375,72.56986800182067,0
per_huruf,1,334,0.23146223146223147,39.04096495220755,72.65953573054165,39.04096495220755,72.65953573054165,0
per_huruf,1,335,0.23215523215523215,39.04779244424215,72.748748293127,39.04779244424215,72.748748293127,0
per_huruf,1,336,0.23284823284823286,39.04506144742831,72.83614019116978,39.04506144742831,72.83614019116978,0
per_huruf,1,337,0.23354123354123354,39.03004096495221,72.92034592626308,39.03004096495221,72.92034592626308,0
per_huruf,1,338,0.23423423423423423,39.0,73.0,39.0,73.0,0
per_huruf,1,339,0.23492723492723494,38.95311788802914,73.07692307692308,38.95311788802914,73.07692307692308,0
per_huruf,1,340,0.23562023562023562,38.89121529358216,73.15384615384615,38.89121529358216,73.15384615384615,0
per_huruf,1,341,0.2363132363132363,38.817023213472915,73.23076923076923,38.817023213472915,73.23076923076923,0
per_huruf,1,342,0.23700623700623702,38.733272644515246,73.3076923076923,38.733272644515246,73.3076923076923,0
per_huruf,1,343,0.2376992376992377,38.642694583522996,73.38461538461539,38.642694583522996,73.38461538461539,0
per_huruf,1,344,0.2383922383922384,38.548020027309974,73.46153846153847,38.548020027309974,73.46153846153847,0
per_huruf,1,345,0.2390852390852391,38.45197997269003,73.53846153846155,38.45197997269003,73.53846153846155,0
per_huruf,1,346,0.23977823977823978,38.35730541647702,73.61538461538461,38.35730541647702,73.61538461538461,0
per_huruf,1,347,0.24047124047124047,38.266727355484754,73.6923076923077,38.266727355484754,73.6923076923077,0
per_huruf,1,348,0.24116424116424118,38.18297678652708,73.76923076923077,38.18297678652708,73.76923076923077,0
per_huruf,1,349,0.24185724185724186,38.10878470641784,73.84615384615384,38.10878470641784,73.84615384615384,0
per_huruf,1,350,0.24255024255024255,38.046882111970866,73.92307692307692,38.046882111970866,73.92307692307692,0
per_huruf,1,351,0.24324324324324326,38.0,74.0,38.0,74.0,0
per_huruf,1,352,0.24393624393624394,37.9699590350478,74.07692307692308,37.9699590350478,74.07692307692308,0
per_huruf,1,353,0.24462924462924462,37.95493855257169,74.15384615384615,37.95493855257169,74.15384615384615,0
per_huruf,1,354,0.24532224532224534,37.95220755575785,74.23076923076923,37.95220755575785,74.23076923076923,0
per_huruf,1,355,0.24601524601524602,37.95903504779245,74.30769230769229,37.95903504779245,74.30769230769229,0
per_huruf,1,356,0.2467082467082467,37.97269003186164,74.3846153846154,37.97269003186164,74.3846153846154,0
per_huruf,1,357,0.24740124740124741,37.99044151115157,74.46153846153847,37.99044151115157,74.46153846153847,0
per_huruf,1,358,0.2480942480942481,38.00955848884843,74.53846153846153,38.00955848884843,74.53846153846153,0
per_huruf,1,359,0.24878724878724878,38.02730996813837,74.61538461538461,38.02730996813837,74.61538461538461,0
per_huruf,1,360,0.2494802494802495,38.04096495220756,74.6923076923077,38.04096495220756,74.6923076923077,0
per_huruf,1,361,0.25017325017325015,38.04779244424215,74.76923076923077,38.04779244424215,74.76923076923077,0
per_huruf,1,362,0.25086625086625086,38.04506144742831,74.84615384615384,38.04506144742831,74.84615384615384,0
per_huruf,1,363,0.2515592515592516,38.03004096495221,74.92307692307692,38.03004096495221,74.92307692307692,0
per_huruf,1,364,0.25225225225225223,38.0,75.0,38.0,75.0,0
per_huruf,1,365,0.25294525294525294,37.95584888484297,75.07692307692308,37.95584888484297,75.07692307692308,0
per_huruf,1,366,0.25363825363825365,37.90122894856623,75.15384615384616,37.90122894856623,75.15384615384616,0
per_huruf,1,367,0.2543312543312543,37.837505689576695,75.23076923076923,37.837505689576695,75.23076923076923,0
per_huruf,1,368,0.255024255024255,37.76604460628129,75.3076923076923,37.76604460628129,75.3076923076923,0
per_huruf,1,369,0.25571725571725573,37.68821119708694,75.3846153846154,37.68821119708694,75.3846153846154,0
per_huruf,1,370,0.2564102564102564,37.60537096040055,75.46153846153847,37.60537096040055,75.46153846153847,0
per_huruf,1,371,0.2571032571032571,37.51888939462904,75.53846153846153,37.51888939462904,75.53846153846153,0
per_huruf,1,372,0.2577962577962578,37.430131998179334,75.61538461538461,37.430131998179334,75.61538461538461,0
per_huruf,1,373,0.25848925848925847,37.34046426945835,75.6923076923077,37.34046426945835,75.6923076923077,0
per_huruf,1,374,0.2591822591822592,37.251251706873006,75.76923076923077,37.251251706873006,75.76923076923077,0
per_huruf,1,375,0.2598752598752599,37.163859808830225,75.84615384615384,37.163859808830225,75.84615384615384,0
per_huruf,1,376,0.26056826056826055,37.07965407373691,75.92307692307692,37.07965407373691,75.92307692307692,0
per_huruf,1,377,0.26126126126126126,37.0,76.0,37.0,76.0,0
per_huruf,1,378,0.26195426195426197,36.92034592626309,76.0769230769231,36.92034592626309,76.0769230769231,0
per_huruf,1,379,0.2626472626472626,36.836140191169775,76.15384615384616,36.836140191169775,76.15384615384616,0
per_huruf,1,380,0.26334026334026334,36.74874829312698,76.23076923076921,36.74874829312698,76.23076923076921,0
per_huruf,1,381,0.26403326403326405,36.65953573054165,76.30769230769229,36.65953573054165,76.30769230769229,0
per_huruf,1,382,0.2647262647262647,36.569868001820666,76.3846153846154,36.569868001820666,76.3846153846154,0
per_huruf,1,383,0.2654192654192654,36.48111060537096,76.46153846153847,36.48111060537096,76.46153846153847,0
per_huruf,1,384,0.2661122661122661,36.39462903959945,76.53846153846155,36.39462903959945,76.53846153846155,0
per_huruf,1,385,0.2668052668052668,36.311788802913064,76.61538461538461,36.311788802913064,76.61538461538461,0
per_huruf,1,386,0.2674982674982675,36.2339553937187,76.6923076923077,36.2339553937187,76.6923076923077,0
per_huruf,1,387,0.2681912681912682,36.1624943104233,76.76923076923077,36.1624943104233,76.76923076923077,0
per_huruf,1,388,0.26888426888426886,36.09877105143377,76.84615384615384,36.09877105143377,76.84615384615384,0
per_huruf,1,389,0.2695772695772696,36.04415111515703,76.92307692307692,36.04415111515703,76.92307692307692,0
per_huruf,1,390,0.2702702702702703,36.0,77.0,36.0,77.0,0
per_huruf,1,391,0.27096327096327094,35.9699590350478,77.07692307692308,35.9699590350478,77.07692307692308,0
per_huruf,1,392,0.27165627165627165,35.95493855257169,77.15384615384616,35.95493855257169,77.15384615384616,0
per_huruf,1,393,0.27234927234927236,35.952207555757845,77.23076923076923,35.952207555757845,77.23076923076923,0
per_huruf,1,394,0.273042273042273,35.95903504779245,77.30769230769229,35.95903504779245,77.30769230769229,0
per_huruf,1,395,0.27373527373527373,35.97269003186163,77.3846153846154,35.97269003186163,77.3846153846154,0
per_huruf,1,396,0.27442827442827444,35.990441511151566,77.46153846153847,35.990441511151566,77.46153846153847,0
per_huruf,1,397,0.2751212751212751,36.00955848884843,77.53846153846155,36.00955848884843,77.53846153846155,0
per_huruf,1,398,0.2758142758142758,36.02730996813837,77.61538461538461,36.02730996813837,77.61538461538461,0
per_huruf,1,399,0.2765072765072765,36.04096495220755,77.6923076923077,36.04096495220755,77.6923076923077,0
per_huruf,1,400,0.2772002772002772,36.04779244424215,77.76923076923077,36.04779244424215,77.76923076923077,0
per_huruf,1,401,0.2778932778932779,36.04506144742831,77.84615384615385,36.04506144742831,77.84615384615385,0
per_huruf,1,402,0.2785862785862786,36.03004096495221,77.92307692307692,36.03004096495221,77.92307692307692,0
per_huruf,1,403,0.27927927927927926,36.0,78.0,36.0,78.0,0
per_huruf,1,404,0.27997227997227997,35.95311788802914,78.0769230769231,35.95311788802914,78.0769230769231,0
per_huruf,1,405,0.2806652806652807,35.89121529358216,78.15384615384615,35.89121529358216,78.15384615384615,0
per_huruf,1,406,0.28135828135828134,35.817023213472915,78.23076923076921,35.817023213472915,78.23076923076921,0
per_huruf,1,407,0.28205128205128205,35.733272644515246,78.3076923076923,35.733272644515246,78.3076923076923,0
per_huruf,1,408,0.28274428274428276,35.64269458352299,78.3846153846154,35.64269458352299,78.3846153846154,0
per_huruf,1,409,0.2834372834372834,35.548020027309974,78.46153846153847,35.548020027309974,78.46153846153847,0
per_huruf,1,410,0.2841302841302841,35.451979972690026,78.53846153846153,35.451979972690026,78.53846153846153,0
per_huruf,1,411,0.28482328482328484,35.35730541647702,78.61538461538461,35.35730541647702,78.61538461538461,0
per_huruf,1,412,0.2855162855162855,35.26672735548475,78.6923076923077,35.26672735548475,78.6923076923077,0
per_huruf,1,413,0.2862092862092862,35.18297678652708,78.76923076923077,35.18297678652708,78.76923076923077,0
per_huruf,1,414,0.2869022869022869,35.10878470641784,78.84615384615384,35.10878470641784,78.84615384615384,0
per_huruf,1,415,0.2875952875952876,35.046882111970866,78.92307692307692,35.046882111970866,78.92307692307692,0
per_huruf,1,416,0.2882882882882883,35.0,79.0,35.0,79.0,0
per_huruf,1,417,0.288981288981289,34.9699590350478,79.07965407373692,34.9699590350478,79.07965407373692,0
per_huruf,1,418,0.28967428967428965,34.95493855257169,79.16385980883024,34.95493855257169,79.16385980883024,0
per_huruf,1,419,0.29036729036729036,34.952207555757845,79.25125170687299,34.952207555757845,79.25125170687299,0
per_huruf,1,420,0.2910602910602911,34.95903504779244,79.34046426945835,34.95903504779244,79.34046426945835,0
per_huruf,1,421,0.29175329175329173,34.97269003186163,79.43013199817935,34.97269003186163,79.43013199817935,0
per_huruf,1,422,0.29244629244629244,34.99044151115157,79.51888939462904,34.99044151115157,79.51888939462904,0
per_huruf,1,423,0.29313929313929316,35.00955848884843,79.60537096040053,35.00955848884843,79.60537096040053,0
per_huruf,1,424,0.2938322938322938,35.02730996813837,79.68821119708694,35.02730996813837,79.68821119708694,0
per_huruf,1,425,0.2945252945252945,35.04096495220755,79.7660446062813,35.04096495220755,79.7660446062813,0
per_huruf,1,426,0.29521829521829523,35.04779244424215,79.83750568957669,35.04779244424215,79.83750568957669,0
per_huruf,1,427,0.2959112959112959,35.04506144742831,79.90122894856623,35.04506144742831,79.90122894856623,0
per_huruf,1,428,0.2966042966042966,35.03004096495221,79.95584888484296,35.03004096495221,79.95584888484296,0
per_huruf,1,429,0.2972972972972973,35.0,80.0,35.0,80.0,0
per_huruf,1,430,0.29799029799029797,34.953117888029134,80.0300409649522,34.953117888029134,80.0300409649522,0
per_huruf,1,431,0.2986832986832987,34.89121529358216,80.04506144742832,34.89121529358216,80.04506144742832,0
per_huruf,1,432,0.2993762993762994,34.817023213472915,80.04779244424215,34.817023213472915,80.04779244424215,0
per_huruf,1,433,0.30006930006930005,34.733272644515246,80.04096495220756,34.733272644515246,80.04096495220756,0
per_huruf,1,434,0.30076230076230076,34.64269458352299,80.02730996813838,34.64269458352299,80.02730996813838,0
per_huruf,1,435,0.30145530145530147,34.548020027309974,80.00955848884844,34.548020027309974,80.00955848884844,0
per_huruf,1,436,0.30214830214830213,34.45197997269003,79.99044151115157,34.45197997269003,79.99044151115157,0
per_huruf,1,437,0.30284130284130284,34.35730541647702,79.97269003186163,34.35730541647702,79.97269003186163,0
per_huruf,1,438,0.30353430353430355,34.26672735548475,79.95903504779244,34.26672735548475,79.95903504779244,0
per_huruf,1,439,0.3042273042273042,34.18297678652708,79.95220755575784,34.18297678652708,79.95220755575784,0
per_huruf,1,440,0.3049203049203049,34.10878470641784,79.95493855257169,34.10878470641784,79.95493855257169,0
per_huruf,1,441,0.30561330561330563,34.046882111970866,79.9699590350478,34.046882111970866,79.9699590350478,0
per_huruf,1,442,0.3063063063063063,34.0,80.0,34.0,80.0,0
per_huruf,1,443,0.306999306999307,33.96995903504779,80.04415111515704,33.96995903504779,80.04415111515704,0
per_huruf,1,444,0.3076923076923077,33.95493855257169,80.09877105143379,33.95493855257169,80.09877105143379,0
per_huruf,1,445,0.30838530838530837,33.952207555757845,80.1624943104233,33.952207555757845,80.1624943104233,0
per_huruf,1,446,0.3090783090783091,33.95903504779244,80.2339553937187,33.95903504779244,80.2339553937187,0
per_huruf,1,447,0.3097713097713098,33.97269003186163,80.31178880291309,33.97269003186163,80.31178880291309,0
per_huruf,1,448,0.31046431046431044,33.99044151115157,80.39462903959947,33.99044151115157,80.39462903959947,0
per_huruf,1,449,0.31115731115731116,34.009558488848434,80.48111060537096,34.009558488848434,80.48111060537096,0
per_huruf,1,450,0.31185031185031187,34.02730996813837,80.56986800182068,34.02730996813837,80.56986800182068,0
per_huruf,1,451,0.3125433125433125,34.04096495220755,80.65953573054165,34.04096495220755,80.65953573054165,0
per_huruf,1,452,0.31323631323631324,34.04779244424215,80.74874829312698,34.04779244424215,80.74874829312698,0
per_huruf,1,453,0.31392931392931395,34.04506144742831,80.83614019116979,34.04506144742831,80.83614019116979,0
per_huruf,1,454,0.3146223146223146,34.03004096495221,80.92034592626308,34.03004096495221,80.92034592626308,0
per_huruf,1,455,0.3153153153153153,34.0,81.0,34.0,81.0,0
per_huruf,1,456,0.316008316008316,33.953117888029134,81.0769230769231,33.953117888029134,81.0769230769231,0
per_huruf,1,457,0.3167013167013167,33.891215293582164,81.15384615384616,33.891215293582164,81.15384615384616,0
per_huruf,1,458,0.3173943173943174,33.817023213472915,81.23076923076923,33.817023213472915,81.23076923076923,0
per_huruf,1,459,0.3180873180873181,33.73327264451524,81.30769230769229,33.73327264451524,81.30769230769229,0
per_huruf,1,460,0.31878031878031876,33.642694583522996,81.38461538461539,33.642694583522996,81.38461538461539,0
per_huruf,1,461,0.3194733194733195,33.548020027309974,81.46153846153847,33.548020027309974,81.46153846153847,0
per_huruf,1,462,0.3201663201663202,33.45197997269003,81.53846153846153,33.45197997269003,81.53846153846153,0
per_huruf,1,463,0.32085932085932084,33.35730541647702,81.61538461538461,33.35730541647702,81.61538461538461,0
per_huruf,1,464,0.32155232155232155,33.26672735548475,81.6923076923077,33.26672735548475,81.6923076923077,0
per_huruf,1,465,0.32224532224532226,33.18297678652708,81.76923076923076,33.18297678652708,81.76923076923076,0
per_huruf,1,466,0.3229383229383229,33.10878470641784,81.84615384615385,33.10878470641784,81.84615384615385,0
per_huruf,1,467,0.32363132363132363,33.046882111970866,81.92307692307692,33.046882111970866,81.92307692307692,0
per_huruf,1,468,0.32432432432432434,33.0,82.0,33.0,82.0,0
per_huruf,1,469,0.325017325017325,32.96995903504779,82.07965407373693,32.96995903504779,82.07965407373693,0
per_huruf,1,470,0.3257103257103257,32.9549385525717,82.16385980883021,32.9549385525717,82.16385980883021,0
per_huruf,1,471,0.3264033264033264,32.95220755575785,82.251251706873,32.95220755575785,82.251251706873,0
per_huruf,1,472,0.3270963270963271,32.95903504779245,82.34046426945834,32.95903504779245,82.34046426945834,0
per_huruf,1,473,0.3277893277893278,32.97269003186163,82.43013199817933,32.97269003186163,82.43013199817933,0
per_huruf,1,474,0.3284823284823285,32.99044151115157,82.51888939462904,32.99044151115157,82.51888939462904,0
per_huruf,1,475,0.32917532917532916,33.00955848884843,82.60537096040053,33.00955848884843,82.60537096040053,0
per_huruf,1,476,0.32986832986832987,33.027309968138375,82.68821119708693,33.027309968138375,82.68821119708693,0
per_huruf,1,477,0.3305613305613306,33.04096495220755,82.76604460628128,33.04096495220755,82.76604460628128,0
per_huruf,1,478,0.33125433125433124,33.04779244424215,82.83750568957669,33.04779244424215,82.83750568957669,0
per_huruf,1,479,0.33194733194733195,33.04506144742831,82.90122894856623,33.04506144742831,82.90122894856623,0
per_huruf,1,480,0.33264033264033266,33.03004096495221,82.95584888484296,33.03004096495221,82.95584888484296,0
per_huruf,1,481,0.3333333333333333,33.0,83.0,33.0,83.0,0
per_huruf,1,482,0.334026334026334,32.953117888029134,83.03004096495224,32.953117888029134,83.03004096495224,0
per_huruf,1,483,0.33471933471933474,32.89121529358216,83.04506144742831,32.89121529358216,83.04506144742831,0
per_huruf,1,484,0.3354123354123354,32.817023213472915,83.04779244424213,32.817023213472915,83.04779244424213,0
per_huruf,1,485,0.3361053361053361,32.733272644515246,83.04096495220755,32.733272644515246,83.04096495220755,0
per_huruf,1,486,0.3367983367983368,32.64269458352299,83.02730996813838,32.64269458352299,83.02730996813838,0
per_huruf,1,487,0.3374913374913375,32.54802002730997,83.00955848884844,32.54802002730997,83.00955848884844,0
per_huruf,1,488,0.3381843381843382,32.45197997269003,82.99044151115157,32.45197997269003,82.99044151115157,0
per_huruf,1,489,0.3388773388773389,32.35730541647702,82.97269003186162,32.35730541647702,82.97269003186162,0
per_huruf,1,490,0.33957033957033955,32.26672735548475,82.95903504779244,32.26672735548475,82.95903504779244,0
per_huruf,1,491,0.34026334026334026,32.18297678652708,82.95220755575784,32.18297678652708,82.95220755575784,0
per_huruf,1,492,0.340956340956341,32.10878470641784,82.95493855257169,32.10878470641784,82.95493855257169,0
per_huruf,1,493,0.34164934164934163,32.046882111970866,82.9699590350478,32.046882111970866,82.9699590350478,0
per_huruf,1,494,0.34234234234234234,32.0,83.0,32.0,83.0,0
per_huruf,1,495,0.34303534303534305,31.969959035047797,83.04415111515705,31.969959035047797,83.04415111515705,0
per_huruf,1,496,0.3437283437283437,31.95493855257169,83.09877105143377,31.95493855257169,83.09877105143377,0
per_huruf,1,497,0.3444213444213444,31.952207555757845,83.1624943104233,31.952207555757845,83.1624943104233,0
per_huruf,1,498,0.34511434511434513,31.95903504779244,83.2339553937187,31.95903504779244,83.2339553937187,0
per_huruf,1,499,0.3458073458073458,31.972690031861635,83.31178880291309,31.972690031861635,83.31178880291309,0
per_huruf,1,500,0.3465003465003465,31.990441511151573,83.39462903959947,31.990441511151573,83.39462903959947,0
per_huruf,1,501,0.3471933471933472,32.009558488848434,83.48111060537096,32.009558488848434,83.48111060537096,0
per_huruf,1,502,0.34788634788634787,32.027309968138375,83.56986800182067,32.027309968138375,83.56986800182067,0
per_huruf,1,503,0.3485793485793486,32.04096495220755,83.65953573054165,32.04096495220755,83.65953573054165,0
per_huruf,1,504,0.3492723492723493,32.04779244424215,83.748748293127,32.04779244424215,83.748748293127,0
per_huruf,1,505,0.34996534996534995,32.04506144742831,83.83614019116979,32.04506144742831,83.83614019116979,0
per_huruf,1,506,0.35065835065835066,32.03004096495221,83.92034592626308,32.03004096495221,83.92034592626308,0
per_huruf,1,507,0.35135135135135137,32.0,84.0,32.0,84.0,0
per_huruf,1,508,0.352044352044352,31.955848884842972,84.07692307692308,31.955848884842972,84.07692307692308,0
per_huruf,1,509,0.35273735273735274,31.901228948566228,84.15384615384616,31.901228948566228,84.15384615384616,0
per_huruf,1,510,0.35343035343035345,31.83750568957669,84.23076923076921,31.83750568957669,84.23076923076921,0
per_huruf,1,511,0.3541233541233541,31.76604460628129,84.3076923076923,31.76604460628129,84.3076923076923,0
per_huruf,1,512,0.3548163548163548,31.688211197086943,84.3846153846154,31.688211197086943,84.3846153846154,0
per_huruf,1,513,0.35550935550935553,31.60537096040055,84.46153846153847,31.60537096040055,84.46153846153847,0
per_huruf,1,514,0.3562023562023562,31.51888939462904,84.53846153846153,31.51888939462904,84.53846153846153,0
per_huruf,1,515,0.3568953568953569,31.430131998179338,84.61538461538461,31.430131998179338,84.61538461538461,0
per_huruf,1,516,0.3575883575883576,31.34046426945835,84.69230769230768,31.34046426945835,84.69230769230768,0
per_huruf,1,517,0.35828135828135826,31.251251706873006,84.76923076923076,31.251251706873006,84.76923076923076,0
per_huruf,1,518,0.358974358974359,31.16385980883022,84.84615384615385,31.16385980883022,84.84615384615385,0
per_huruf,1,519,0.3596673596673597,31.07965407373691,84.92307692307692,31.07965407373691,84.92307692307692,0
per_huruf,1,520,0.36036036036036034,31.0,85.0,31.0,85.0,0
per_huruf,1,521,0.36105336105336105,30.923076923076927,85.07692307692308,30.923076923076927,85.07692307692308,0
per_huruf,1,522,0.36174636174636177,30.846153846153847,85.15384615384615,30.846153846153847,85.15384615384615,0
per_huruf,1,523,0.3624393624393624,30.769230769230763,85.23076923076921,30.769230769230763,85.23076923076921,0
per_huruf,1,524,0.36313236313236313,30.69230769230769,85.30769230769229,30.69230769230769,85.30769230769229,0
per_huruf,1,525,0.36382536382536385,30.61538461538462,85.38461538461539,30.61538461538462,85.38461538461539,0
per_huruf,1,526,0.3645183645183645,30.53846153846154,85.46153846153845,30.53846153846154,85.46153846153845,0
per_huruf,1,527,0.3652113652113652,30.461538461538463,85.53846153846153,30.461538461538463,85.53846153846153,0
per_huruf,1,528,0.3659043659043659,30.384615384615387,85.61538461538461,30.384615384615387,85.61538461538461,0
per_huruf,1,529,0.3665973665973666,30.30769230769231,85.6923076923077,30.30769230769231,85.6923076923077,0
per_huruf,1,530,0.3672903672903673,30.230769230769226,85.76923076923076,30.230769230769226,85.76923076923076,0
per_huruf,1,531,0.367983367983368,30.153846153846153,85.84615384615385,30.153846153846153,85.84615384615385,0
per_huruf,1,532,0.36867636867636866,30.076923076923073,85.92307692307692,30.076923076923073,85.92307692307692,0
per_huruf,1,533,0.36936936936936937,30.0,86.0,30.0,86.0,0
per_huruf,1,534,0.3700623700623701,29.923076923076927,86.07692307692308,29.923076923076927,86.07692307692308,0
per_huruf,1,535,0.37075537075537074,29.84615384615385,86.15384615384615,29.84615384615385,86.15384615384615,0
per_huruf,1,536,0.37144837144837145,29.76923076923077,86.23076923076921,29.76923076923077,86.23076923076921,0
per_huruf,1,537,0.37214137214137216,29.69230769230769,86.30769230769229,29.69230769230769,86.30769230769229,0
per_huruf,1,538,0.3728343728343728,29.61538461538462,86.3846153846154,29.61538461538462,86.3846153846154,0
per_huruf,1,539,0.37352737352737353,29.53846153846154,86.46153846153845,29.53846153846154,86.46153846153845,0
per_huruf,1,540,0.37422037422037424,29.461538461538467,86.53846153846155,29.461538461538467,86.53846153846155,0
per_huruf,1,541,0.3749133749133749,29.384615384615387,86.61538461538461,29.384615384615387,86.61538461538461,0
per_huruf,1,542,0.3756063756063756,29.307692307692307,86.69230769230768,29.307692307692307,86.69230769230768,0
per_huruf,1,543,0.3762993762993763,29.230769230769226,86.76923076923076,29.230769230769226,86.76923076923076,0
per_huruf,1,544,0.376992376992377,29.153846153846153,86.84615384615385,29.153846153846153,86.84615384615385,0
per_huruf,1,545,0.3776853776853777,29.076923076923073,86.92307692307693,29.076923076923073,86.92307692307693,0
per_huruf,1,546,0.3783783783783784,29.0,87.0,29.0,87.0,0
per_huruf,1,547,0.37907137907137906,28.92034592626309,87.07692307692308,28.92034592626309,87.07692307692308,0
per_huruf,1,548,0.37976437976437977,28.836140191169783,87.15384615384616,28.836140191169783,87.15384615384616,0
per_huruf,1,549,0.3804573804573805,28.74874829312699,87.23076923076921,28.74874829312699,87.23076923076921,0
per_huruf,1,550,0.38115038115038113,28.659535730541645,87.3076923076923,28.659535730541645,87.3076923076923,0
per_huruf,1,551,0.38184338184338185,28.56986800182067,87.38461538461539,28.56986800182067,87.38461538461539,0
per_huruf,1,552,0.38253638253638256,28.48111060537096,87.46153846153845,28.48111060537096,87.46153846153845,0
per_huruf,1,553,0.3832293832293832,28.39462903959945,87.53846153846153,28.39462903959945,87.53846153846153,0
per_huruf,1,554,0.3839223839223839,28.311788802913064,87.61538461538461,28.311788802913064,87.61538461538461,0
per_huruf,1,555,0.38461538461538464,28.23395539371871,87.6923076923077,28.23395539371871,87.6923076923077,0
per_huruf,1,556,0.3853083853083853,28.162494310423302,87.76923076923077,28.162494310423302,87.76923076923077,0
per_huruf,1,557,0.386001386001386,28.098771051433772,87.84615384615384,28.098771051433772,87.84615384615384,0
per_huruf,1,558,0.3866943866943867,28.04415111515703,87.92307692307692,28.04415111515703,87.92307692307692,0
per_huruf,1,559,0.38738738738738737,28.0,88.0,28.0,88.0,0
per_huruf,1,560,0.3880803880803881,27.969959035047793,88.07965407373693,27.969959035047793,88.07965407373693,0
per_huruf,1,561,0.3887733887733888,27.954938552571694,88.16385980883024,27.954938552571694,88.16385980883024,0
per_huruf,1,562,0.38946638946638945,27.952207555757848,88.25125170687299,27.952207555757848,88.25125170687299,0
per_huruf,1,563,0.39015939015939016,27.959035047792444,88.34046426945834,27.959035047792444,88.34046426945834,0
per_huruf,1,564,0.3908523908523909,27.97269003186163,88.43013199817933,27.97269003186163,88.43013199817933,0
per_huruf,1,565,0.39154539154539153,27.990441511151573,88.51888939462904,27.990441511151573,88.51888939462904,0
per_huruf,1,566,0.39223839223839224,28.009558488848427,88.60537096040053,28.009558488848427,88.60537096040053,0
per_huruf,1,567,0.39293139293139295,28.02730996813837,88.68821119708693,28.02730996813837,88.68821119708693,0
per_huruf,1,568,0.3936243936243936,28.040964952207553,88.76604460628128,28.040964952207553,88.76604460628128,0
per_huruf,1,569,0.3943173943173943,28.047792444242145,88.83750568957669,28.047792444242145,88.83750568957669,0
per_huruf,1,570,0.39501039501039503,28.04506144742831,88.90122894856623,28.04506144742831,88.90122894856623,0
per_huruf,1,571,0.3957033957033957,28.030040964952207,88.95584888484296,28.030040964952207,88.95584888484296,0
per_huruf,1,572,0.3963963963963964,28.0,89.0,28.0,89.0,0
per_huruf,1,573,0.3970893970893971,27.95584888484297,89.03004096495224,27.95584888484297,89.03004096495224,0
per_huruf,1,574,0.39778239778239777,27.90122894856623,89.04506144742832,27.90122894856623,89.04506144742832,0
per_huruf,1,575,0.3984753984753985,27.83750568957669,89.04779244424212,27.83750568957669,89.04779244424212,0
per_huruf,1,576,0.3991683991683992,27.76604460628129,89.04096495220757,27.76604460628129,89.04096495220757,0
per_huruf,1,577,0.39986139986139985,27.68821119708694,89.02730996813837,27.68821119708694,89.02730996813837,0
per_huruf,1,578,0.40055440055440056,27.605370960400545,89.00955848884843,27.605370960400545,89.00955848884843,0
per_huruf,1,579,0.40124740124740127,27.51888939462904,88.99044151115157,27.51888939462904,88.99044151115157,0
per_huruf,1,580,0.4019404019404019,27.430131998179334,88.97269003186162,27.430131998179334,88.97269003186162,0
per_huruf,1,581,0.40263340263340264,27.340464269458348,88.95903504779244,27.340464269458348,88.95903504779244,0
per_huruf,1,582,0.40332640332640335,27.251251706873006,88.95220755575784,27.251251706873006,88.95220755575784,0
per_huruf,1,583,0.404019404019404,27.163859808830225,88.95493855257169,27.163859808830225,88.95493855257169,0
per_huruf,1,584,0.4047124047124047,27.07965407373691,88.9699590350478,27.07965407373691,88.9699590350478,0
per_huruf,1,585,0.40540540540540543,27.0,89.0,27.0,89.0,0
per_huruf,1,586,0.4060984060984061,26.923076923076927,89.04415111515705,26.923076923076927,89.04415111515705,0
per_huruf,1,587,0.4067914067914068,26.84615384615385,89.09877105143379,26.84615384615385,89.09877105143379,0
per_huruf,1,588,0.4074844074844075,26.769230769230766,89.1624943104233,26.769230769230766,89.1624943104233,0
per_huruf,1,589,0.40817740817740816,26.69230769230769,89.2339553937187,26.69230769230769,89.2339553937187,0
per_huruf,1,590,0.4088704088704089,26.615384615384617,89.31178880291307,26.615384615384617,89.31178880291307,0
per_huruf,1,591,0.4095634095634096,26.53846153846154,89.39462903959947,26.53846153846154,89.39462903959947,0
per_huruf,1,592,0.41025641025641024,26.46153846153846,89.48111060537096,26.46153846153846,89.48111060537096,0
per_huruf,1,593,0.41094941094941095,26.384615384615387,89.56986800182068,26.384615384615387,89.56986800182068,0
per_huruf,1,594,0.41164241164241167,26.307692307692307,89.65953573054165,26.307692307692307,89.65953573054165,0
per_huruf,1,595,0.4123354123354123,26.230769230769226,89.748748293127,26.230769230769226,89.748748293127,0
per_huruf,1,596,0.41302841302841303,26.153846153846153,89.83614019116978,26.153846153846153,89.83614019116978,0
per_huruf,1,597,0.41372141372141374,26.076923076923073,89.92034592626308,26.076923076923073,89.92034592626308,0
per_huruf,1,598,0.4144144144144144,26.0,90.0,26.0,90.0,0
per_huruf,1,599,0.4151074151074151,25.923076923076923,90.07965407373693,25.923076923076923,90.07965407373693,0
per_huruf,1,600,0.4158004158004158,25.846153846153847,90.16385980883022,25.846153846153847,90.16385980883022,0
per_huruf,1,601,0.4164934164934165,25.769230769230766,90.251251706873,25.769230769230766,90.251251706873,0
per_huruf,1,602,0.4171864171864172,25.69230769230769,90.34046426945834,25.69230769230769,90.34046426945834,0
per_huruf,1,603,0.4178794178794179,25.615384615384617,90.43013199817935,25.615384615384617,90.43013199817935,0
per_huruf,1,604,0.41857241857241856,25.53846153846154,90.51888939462904,25.53846153846154,90.51888939462904,0
per_huruf,1,605,0.41926541926541927,25.461538461538463,90.60537096040055,25.461538461538463,90.60537096040055,0
per_huruf,1,606,0.41995841995842,25.384615384615383,90.68821119708693,25.384615384615383,90.68821119708693,0
per_huruf,1,607,0.42065142065142064,25.307692307692307,90.76604460628128,25.307692307692307,90.76604460628128,0
per_huruf,1,608,0.42134442134442135,25.230769230769226,90.83750568957669,25.230769230769226,90.83750568957669,0
per_huruf,1,609,0.42203742203742206,25.153846153846153,90.90122894856623,25.153846153846153,90.90122894856623,0
per_huruf,1,610,0.4227304227304227,25.076923076923073,90.95584888484296,25.076923076923073,90.95584888484296,0
per_huruf,1,611,0.42342342342342343,25.0,91.0,25.0,91.0,0
per_huruf,1,612,0.42411642411642414,24.923076923076927,91.03277196176607,24.923076923076927,91.03277196176607,0
per_huruf,1,613,0.4248094248094248,24.846153846153847,91.05507510241239,24.846153846153847,91.05507510241239,0
per_huruf,1,614,0.4255024255024255,24.769230769230766,91.06827492034591,24.769230769230766,91.06827492034591,0
per_huruf,1,615,0.4261954261954262,24.69230769230769,91.07373691397359,24.69230769230769,91.07373691397359,0
per_huruf,1,616,0.4268884268884269,24.615384615384617,91.07282658170234,24.615384615384617,91.07282658170234,0
per_huruf,1,617,0.4275814275814276,24.53846153846154,91.066909421939,24.53846153846154,91.066909421939,0
per_huruf,1,618,0.4282744282744283,24.46153846153846,91.05735093309058,24.46153846153846,91.05735093309058,0
per_huruf,1,619,0.42896742896742895,24.384615384615387,91.04551661356396,24.384615384615387,91.04551661356396,0
per_huruf,1,620,0.42966042966042967,24.307692307692307,91.03277196176603,24.307692307692307,91.03277196176603,0
per_huruf,1,621,0.4303534303534304,24.230769230769226,91.02048247610377,24.230769230769226,91.02048247610377,0
per_huruf,1,622,0.43104643104643103,24.153846153846153,91.01001365498408,24.153846153846153,91.01001365498408,0
per_huruf,1,623,0.43173943173943174,24.076923076923073,91.00273099681384,24.076923076923073,91.00273099681384,0
per_huruf,1,624,0.43243243243243246,24.0,91.0,24.0,91.0,0
per_huruf,1,625,0.4331254331254331,23.92034592626309,90.99726900318618,23.92034592626309,90.99726900318618,0
per_huruf,1,626,0.4338184338184338,23.83614019116978,90.98998634501594,23.83614019116978,90.98998634501594,0
per_huruf,1,627,0.43451143451143454,23.74874829312699,90.97951752389622,23.74874829312699,90.97951752389622,0
per_huruf,1,628,0.4352044352044352,23.65953573054165,90.96722803823394,23.65953573054165,90.96722803823394,0
per_huruf,1,629,0.4358974358974359,23.56986800182067,90.95448338643607,23.56986800182067,90.95448338643607,0
per_huruf,1,630,0.4365904365904366,23.48111060537096,90.94264906690942,23.48111060537096,90.94264906690942,0
per_huruf,1,631,0.43728343728343727,23.394629039599455,90.93309057806098,23.394629039599455,90.93309057806098,0
per_huruf,1,632,0.437976437976438,23.311788802913068,90.92717341829768,23.311788802913068,90.92717341829768,0
per_huruf,1,633,0.4386694386694387,23.23395539371871,90.9262630860264,23.23395539371871,90.9262630860264,0
per_huruf,1,634,0.43936243936243935,23.162494310423305,90.93172507965406,23.162494310423305,90.93172507965406,0
per_huruf,1,635,0.44005544005544006,23.098771051433772,90.94492489758761,23.098771051433772,90.94492489758761,0
per_huruf,1,636,0.4407484407484408,23.04415111515703,90.96722803823396,23.04415111515703,90.96722803823396,0
per_huruf,1,637,0.44144144144144143,23.0,91.0,23.0,91.0,0
per_huruf,1,638,0.44213444213444214,22.969959035047797,91.04688211197089,22.969959035047797,91.04688211197089,0
per_huruf,1,639,0.44282744282744285,22.954938552571686,91.10878470641784,22.954938552571686,91.10878470641784,0
per_huruf,1,640,0.4435204435204435,22.952207555757848,91.18297678652708,22.952207555757848,91.18297678652708,0
per_huruf,1,641,0.4442134442134442,22.95903504779244,91.26672735548475,22.95903504779244,91.26672735548475,0
per_huruf,1,642,0.44490644490644493,22.97269003186163,91.35730541647703,22.97269003186163,91.35730541647703,0
per_huruf,1,643,0.4455994455994456,22.99044151115157,91.45197997269003,22.99044151115157,91.45197997269003,0
per_huruf,1,644,0.4462924462924463,23.009558488848427,91.54802002730996,23.009558488848427,91.54802002730996,0
per_huruf,1,645,0.446985446985447,23.027309968138372,91.64269458352298,23.027309968138372,91.64269458352298,0
per_huruf,1,646,0.44767844767844767,23.040964952207556,91.73327264451524,23.040964952207556,91.73327264451524,0
per_huruf,1,647,0.4483714483714484,23.04779244424215,91.81702321347291,23.04779244424215,91.81702321347291,0
per_huruf,1,648,0.4490644490644491,23.04506144742831,91.89121529358215,23.04506144742831,91.89121529358215,0
per_huruf,1,649,0.44975744975744975,23.030040964952207,91.95311788802913,23.030040964952207,91.95311788802913,0
per_huruf,1,650,0.45045045045045046,23.0,92.0,23.0,92.0,0
per_huruf,1,651,0.45114345114345117,22.95584888484297,92.0300409649522,22.95584888484297,92.0300409649522,0
per_huruf,1,652,0.4518364518364518,22.901228948566224,92.04506144742831,22.901228948566224,92.04506144742831,0
per_huruf,1,653,0.45252945252945254,22.83750568957669,92.04779244424215,22.83750568957669,92.04779244424215,0
per_huruf,1,654,0.45322245322245325,22.766044606281287,92.04096495220755,22.766044606281287,92.04096495220755,0
per_huruf,1,655,0.4539154539154539,22.688211197086936,92.0273099681384,22.688211197086936,92.0273099681384,0
per_huruf,1,656,0.4546084546084546,22.605370960400545,92.00955848884843,22.605370960400545,92.00955848884843,0
per_huruf,1,657,0.4553014553014553,22.51888939462904,91.99044151115157,22.51888939462904,91.99044151115157,0
per_huruf,1,658,0.455994455994456,22.430131998179334,91.97269003186163,22.430131998179334,91.97269003186163,0
per_huruf,1,659,0.4566874566874567,22.34046426945835,91.95903504779244,22.34046426945835,91.95903504779244,0
per_huruf,1,660,0.4573804573804574,22.251251706873006,91.95220755575784,22.251251706873006,91.95220755575784,0
per_huruf,1,661,0.45807345807345806,22.16385980883022,91.95493855257169,22.16385980883022,91.95493855257169,0
per_huruf,1,662,0.4587664587664588,22.07965407373691,91.96995903504778,22.07965407373691,91.96995903504778,0
per_huruf,1,663,0.4594594594594595,22.0,92.0,22.0,92.0,0
per_huruf,1,664,0.46015246015246014,21.923076923076923,92.04688211197087,21.923076923076923,92.04688211197087,0
per_huruf,1,665,0.46084546084546085,21.846153846153847,92.10878470641784,21.846153846153847,92.10878470641784,0
per_huruf,1,666,0.46153846153846156,21.769230769230766,92.18297678652708,21.769230769230766,92.18297678652708,0
per_huruf,1,667,0.4622314622314622,21.692307692307693,92.26672735548475,21.692307692307693,92.26672735548475,0
per_huruf,1,668,0.46292446292446293,21.615384615384617,92.35730541647703,21.615384615384617,92.35730541647703,0
per_huruf,1,669,0.46361746361746364,21.53846153846154,92.45197997269004,21.53846153846154,92.45197997269004,0
per_huruf,1,670,0.4643104643104643,21.46153846153846,92.54802002730997,21.46153846153846,92.54802002730997,0
per_huruf,1,671,0.465003465003465,21.384615384615383,92.642694583523,21.384615384615383,92.642694583523,0
per_huruf,1,672,0.4656964656964657,21.307692307692307,92.73327264451524,21.307692307692307,92.73327264451524,0
per_huruf,1,673,0.4663894663894664,21.230769230769226,92.81702321347291,21.230769230769226,92.81702321347291,0
per_huruf,1,674,0.4670824670824671,21.153846153846153,92.89121529358215,21.153846153846153,92.89121529358215,0
per_huruf,1,675,0.4677754677754678,21.076923076923073,92.95311788802913,21.076923076923073,92.95311788802913,0
per_huruf,1,676,0.46846846846846846,21.0,93.0,21.0,93.0,0
per_huruf,1,677,0.46916146916146917,20.923076923076923,93.03277196176606,20.923076923076923,93.03277196176606,0
per_huruf,1,678,0.4698544698544699,20.84615384615385,93.05507510241237,20.84615384615385,93.05507510241237,0
per_huruf,1,679,0.47054747054747054,20.769230769230763,93.06827492034593,20.769230769230763,93.06827492034593,0
per_huruf,1,680,0.47124047124047125,20.69230769230769,93.07373691397359,20.69230769230769,93.07373691397359,0
per_huruf,1,681,0.47193347193347196,20.615384615384617,93.07282658170234,20.615384615384617,93.07282658170234,0
per_huruf,1,682,0.4726264726264726,20.53846153846154,93.06690942193902,20.53846153846154,93.06690942193902,0
per_huruf,1,683,0.4733194733194733,20.46153846153846,93.05735093309059,20.46153846153846,93.05735093309059,0
per_huruf,1,684,0.47401247401247404,20.384615384615383,93.04551661356396,20.384615384615383,93.04551661356396,0
per_huruf,1,685,0.4747054747054747,20.307692307692307,93.03277196176603,20.307692307692307,93.03277196176603,0
per_huruf,1,686,0.4753984753984754,20.23076923076923,93.02048247610377,20.23076923076923,93.02048247610377,0
per_huruf,1,687,0.4760914760914761,20.153846153846153,93.01001365498408,20.153846153846153,93.01001365498408,0
per_huruf,1,688,0.4767844767844768,20.076923076923077,93.00273099681384,20.076923076923077,93.00273099681384,0
per_huruf,1,689,0.4774774774774775,20.0,93.0,20.0,93.0,0
per_huruf,1,690,0.4781704781704782,19.92307692307693,93.00000000000003,19.92307692307693,93.00000000000003,0
per_huruf,1,691,0.47886347886347885,19.84615384615385,93.0,19.84615384615385,93.0,0
per_huruf,1,692,0.47955647955647956,19.76923076923077,92.99999999999999,19.76923076923077,92.99999999999999,0
per_huruf,1,693,0.4802494802494803,19.692307692307693,93.0,19.692307692307693,93.0,0
per_huruf,1,694,0.48094248094248093,19.615384615384617,93.00000000000001,19.615384615384617,93.00000000000001,0
per_huruf,1,695,0.48163548163548164,19.53846153846154,93.0,19.53846153846154,93.0,0
per_huruf,1,696,0.48232848232848236,19.46153846153846,93.0,19.46153846153846,93.0,0
per_huruf,1,697,0.483021483021483,19.384615384615387,93.00000000000001,19.384615384615387,93.00000000000001,0
per_huruf,1,698,0.4837144837144837,19.307692307692307,93.0,19.307692307692307,93.0,0
per_huruf,1,699,0.48440748440748443,19.23076923076923,93.0,19.23076923076923,93.0,0
per_huruf,1,700,0.4851004851004851,19.153846153846153,93.0,19.153846153846153,93.0,0
per_huruf,1,701,0.4857934857934858,19.076923076923077,93.0,19.076923076923077,93.0,0
per_huruf,1,702,0.4864864864864865,19.0,93.0,19.0,93.0,0
per_huruf,1,703,0.48717948717948717,18.923076923076927,93.00000000000003,18.923076923076927,93.00000000000003,0
per_huruf,1,704,0.4878724878724879,18.846153846153847,93.0,18.846153846153847,93.0,0
per_huruf,1,705,0.4885654885654886,18.769230769230766,92.99999999999999,18.769230769230766,92.99999999999999,0
per_huruf,1,706,0.48925848925848925,18.692307692307693,93.0,18.692307692307693,93.0,0
per_huruf,1,707,0.48995148995148996,18.615384615384617,93.00000000000001,18.615384615384617,93.00000000000001,0
per_huruf,1,708,0.49064449064449067,18.53846153846154,93.0,18.53846153846154,93.0,0
per_huruf,1,709,0.49133749133749133,18.461538461538463,93.0,18.461538461538463,93.0,0
per_huruf,1,710,0.49203049203049204,18.384615384615383,93.00000000000001,18.384615384615383,93.00000000000001,0
per_huruf,1,711,0.49272349272349275,18.307692307692307,93.0,18.307692307692307,93.0,0
per_huruf,1,712,0.4934164934164934,18.23076923076923,93.0,18.23076923076923,93.0,0
per_huruf,1,713,0.4941094941094941,18.153846153846153,93.0,18.153846153846153,93.0,0
per_huruf,1,714,0.49480249480249483,18.076923076923077,93.0,18.076923076923077,93.0,0
per_huruf,1,715,0.4954954954954955,18.0,93.0,18.0,93.0,0
per_huruf,1,716,0.4961884961884962,17.923076923076927,93.00273099681385,17.923076923076927,93.00273099681385,0
per_huruf,1,717,0.4968814968814969,17.84615384615385,93.01001365498406,17.84615384615385,93.01001365498406,0
per_huruf,1,718,0.49757449757449757,17.769230769230766,93.02048247610377,17.769230769230766,93.02048247610377,0
per_huruf,1,719,0.4982674982674983,17.692307692307693,93.03277196176604,17.692307692307693,93.03277196176604,0
per_huruf,1,720,0.498960498960499,17.615384615384617,93.04551661356396,17.615384615384617,93.04551661356396,0
per_huruf,1,721,0.49965349965349964,17.53846153846154,93.05735093309058,17.53846153846154,93.05735093309058,0
per_huruf,1,722,0.5003465003465003,17.46153846153846,93.06690942193902,17.46153846153846,93.06690942193902,0
per_huruf,1,723,0.501039501039501,17.384615384615383,93.07282658170233,17.384615384615383,93.07282658170233,0
per_huruf,1,724,0.5017325017325017,17.307692307692307,93.07373691397359,17.307692307692307,93.07373691397359,0
per_huruf,1,725,0.5024255024255024,17.23076923076923,93.06827492034591,17.23076923076923,93.06827492034591,0
per_huruf,1,726,0.5031185031185031,17.153846153846153,93.05507510241239,17.153846153846153,93.05507510241239,0
per_huruf,1,727,0.5038115038115039,17.076923076923077,93.03277196176604,17.076923076923077,93.03277196176604,0
per_huruf,1,728,0.5045045045045045,17.0,93.0,17.0,93.0,0
per_huruf,1,729,0.5051975051975052,16.923076923076927,92.95311788802914,16.923076923076927,92.95311788802914,0
per_huruf,1,730,0.5058905058905059,16.846153846153847,92.89121529358215,16.846153846153847,92.89121529358215,0
per_huruf,1,731,0.5065835065835066,16.769230769230766,92.81702321347292,16.769230769230766,92.81702321347292,0
per_huruf,1,732,0.5072765072765073,16.69230769230769,92.73327264451524,16.69230769230769,92.73327264451524,0
per_huruf,1,733,0.507969507969508,16.615384615384617,92.642694583523,16.615384615384617,92.642694583523,0
per_huruf,1,734,0.5086625086625086,16.53846153846154,92.54802002730997,16.53846153846154,92.54802002730997,0
per_huruf,1,735,0.5093555093555093,16.461538461538463,92.45197997269003,16.461538461538463,92.45197997269003,0
per_huruf,1,736,0.51004851004851,16.384615384615387,92.35730541647702,16.384615384615387,92.35730541647702,0
per_huruf,1,737,0.5107415107415108,16.307692307692307,92.26672735548476,16.307692307692307,92.26672735548476,0
per_huruf,1,738,0.5114345114345115,16.230769230769226,92.18297678652708,16.230769230769226,92.18297678652708,0
per_huruf,1,739,0.5121275121275122,16.153846153846153,92.10878470641785,16.153846153846153,92.10878470641785,0
per_huruf,1,740,0.5128205128205128,16.076923076923077,92.04688211197086,16.076923076923077,92.04688211197086,0
per_huruf,1,741,0.5135135135135135,16.0,92.0,16.0,92.0,0
per_huruf,1,742,0.5142065142065142,15.923076923076923,91.9699590350478,15.923076923076923,91.9699590350478,0
per_huruf,1,743,0.5148995148995149,15.846153846153845,91.95493855257169,15.846153846153845,91.95493855257169,0
per_huruf,1,744,0.5155925155925156,15.769230769230766,91.95220755575785,15.769230769230766,91.95220755575785,0
per_huruf,1,745,0.5162855162855163,15.69230769230769,91.95903504779243,15.69230769230769,91.95903504779243,0
per_huruf,1,746,0.5169785169785169,15.615384615384617,91.97269003186165,15.615384615384617,91.97269003186165,0
per_huruf,1,747,0.5176715176715176,15.53846153846154,91.99044151115157,15.53846153846154,91.99044151115157,0
per_huruf,1,748,0.5183645183645184,15.461538461538462,92.00955848884843,15.461538461538462,92.00955848884843,0
per_huruf,1,749,0.5190575190575191,15.384615384615385,92.02730996813838,15.384615384615385,92.02730996813838,0
per_huruf,1,750,0.5197505197505198,15.307692307692308,92.04096495220756,15.307692307692308,92.04096495220756,0
per_huruf,1,751,0.5204435204435205,15.23076923076923,92.04779244424213,15.23076923076923,92.04779244424213,0
per_huruf,1,752,0.5211365211365211,15.153846153846153,92.04506144742831,15.153846153846153,92.04506144742831,0
per_huruf,1,753,0.5218295218295218,15.076923076923077,92.0300409649522,15.076923076923077,92.0300409649522,0
per_huruf,1,754,0.5225225225225225,15.0,92.0,15.0,92.0,0
per_huruf,1,755,0.5232155232155232,14.923076923076923,91.95584888484296,14.923076923076923,91.95584888484296,0
per_huruf,1,756,0.5239085239085239,14.846153846153847,91.90122894856623,14.846153846153847,91.90122894856623,0
per_huruf,1,757,0.5246015246015246,14.769230769230766,91.83750568957669,14.769230769230766,91.83750568957669,0
per_huruf,1,758,0.5252945252945252,14.69230769230769,91.76604460628127,14.69230769230769,91.76604460628127,0
per_huruf,1,759,0.525987525987526,14.615384615384617,91.68821119708693,14.615384615384617,91.68821119708693,0
per_huruf,1,760,0.5266805266805267,14.53846153846154,91.60537096040055,14.53846153846154,91.60537096040055,0
per_huruf,1,761,0.5273735273735274,14.461538461538462,91.51888939462903,14.461538461538462,91.51888939462903,0
per_huruf,1,762,0.5280665280665281,14.384615384615385,91.43013199817932,14.384615384615385,91.43013199817932,0
per_huruf,1,763,0.5287595287595288,14.307692307692307,91.34046426945834,14.307692307692307,91.34046426945834,0
per_huruf,1,764,0.5294525294525294,14.23076923076923,91.25125170687299,14.23076923076923,91.25125170687299,0
per_huruf,1,765,0.5301455301455301,14.153846153846153,91.16385980883022,14.153846153846153,91.16385980883022,0
per_huruf,1,766,0.5308385308385308,14.076923076923077,91.07965407373692,14.076923076923077,91.07965407373692,0
per_huruf,1,767,0.5315315315315315,14.0,91.0,14.0,91.0,0
per_huruf,1,768,0.5322245322245323,13.923076923076925,90.92307692307695,13.923076923076925,90.92307692307695,0
per_huruf,1,769,0.532917532917533,13.846153846153847,90.84615384615385,13.846153846153847,90.84615384615385,0
per_huruf,1,770,0.5336105336105336,13.769230769230766,90.76923076923077,13.769230769230766,90.76923076923077,0
per_huruf,1,771,0.5343035343035343,13.692307692307692,90.69230769230768,13.692307692307692,90.69230769230768,0
per_huruf,1,772,0.534996534996535,13.615384615384615,90.61538461538461,13.615384615384615,90.61538461538461,0
per_huruf,1,773,0.5356895356895357,13.538461538461538,90.53846153846155,13.538461538461538,90.53846153846155,0
per_huruf,1,774,0.5363825363825364,13.461538461538462,90.46153846153847,13.461538461538462,90.46153846153847,0
per_huruf,1,775,0.5370755370755371,13.384615384615387,90.38461538461539,13.384615384615387,90.38461538461539,0
per_huruf,1,776,0.5377685377685377,13.307692307692307,90.30769230769229,13.307692307692307,90.30769230769229,0
per_huruf,1,777,0.5384615384615384,13.23076923076923,90.23076923076923,13.23076923076923,90.23076923076923,0
per_huruf,1,778,0.5391545391545391,13.153846153846153,90.15384615384616,13.153846153846153,90.15384615384616,0
per_huruf,1,779,0.5398475398475399,13.076923076923077,90.07692307692307,13.076923076923077,90.07692307692307,0
per_huruf,1,780,0.5405405405405406,13.0,90.0,13.0,90.0,0
per_huruf,1,781,0.5412335412335413,12.920345926263087,89.92307692307693,12.920345926263087,89.92307692307693,0
per_huruf,1,782,0.5419265419265419,12.836140191169777,89.84615384615385,12.836140191169777,89.84615384615385,0
per_huruf,1,783,0.5426195426195426,12.748748293126988,89.76923076923076,12.748748293126988,89.76923076923076,0
per_huruf,1,784,0.5433125433125433,12.659535730541647,89.6923076923077,12.659535730541647,89.6923076923077,0
per_huruf,1,785,0.544005544005544,12.569868001820666,89.61538461538463,12.569868001820666,89.61538461538463,0
per_huruf,1,786,0.5446985446985447,12.481110605370962,89.53846153846153,12.481110605370962,89.53846153846153,0
per_huruf,1,787,0.5453915453915454,12.394629039599455,89.46153846153845,12.394629039599455,89.46153846153845,0
per_huruf,1,788,0.546084546084546,12.311788802913064,89.38461538461539,12.311788802913064,89.38461538461539,0
per_huruf,1,789,0.5467775467775468,12.233955393718706,89.3076923076923,12.233955393718706,89.3076923076923,0
per_huruf,1,790,0.5474705474705475,12.162494310423302,89.23076923076923,12.162494310423302,89.23076923076923,0
per_huruf,1,791,0.5481635481635482,12.098771051433774,89.15384615384616,12.098771051433774,89.15384615384616,0
per_huruf,1,792,0.5488565488565489,12.044151115157032,89.07692307692308,12.044151115157032,89.07692307692308,0
per_huruf,1,793,0.5495495495495496,12.0,89.0,12.0,89.0,0
per_huruf,1,794,0.5502425502425502,11.969959035047793,88.92307692307693,11.969959035047793,88.92307692307693,0
per_huruf,1,795,0.5509355509355509,11.95493855257169,88.84615384615385,11.95493855257169,88.84615384615385,0
per_huruf,1,796,0.5516285516285516,11.95220755575785,88.76923076923076,11.95220755575785,88.76923076923076,0
per_huruf,1,797,0.5523215523215523,11.959035047792446,88.6923076923077,11.959035047792446,88.6923076923077,0
per_huruf,1,798,0.553014553014553,11.972690031861632,88.61538461538463,11.972690031861632,88.61538461538463,0
per_huruf,1,799,0.5537075537075538,11.99044151115157,88.53846153846155,11.99044151115157,88.53846153846155,0
per_huruf,1,800,0.5544005544005544,12.00955848884843,88.46153846153847,12.00955848884843,88.46153846153847,0
per_huruf,1,801,0.5550935550935551,12.027309968138372,88.38461538461539,12.027309968138372,88.38461538461539,0
per_huruf,1,802,0.5557865557865558,12.040964952207554,88.3076923076923,12.040964952207554,88.3076923076923,0
per_huruf,1,803,0.5564795564795565,12.047792444242148,88.23076923076923,12.047792444242148,88.23076923076923,0
per_huruf,1,804,0.5571725571725572,12.045061447428312,88.15384615384616,12.045061447428312,88.15384615384616,0
per_huruf,1,805,0.5578655578655579,12.030040964952207,88.07692307692307,12.030040964952207,88.07692307692307,0
per_huruf,1,806,0.5585585585585585,12.0,88.0,12.0,88.0,0
per_huruf,1,807,0.5592515592515592,11.95311788802913,87.91761492944926,11.95311788802913,87.91761492944926,0
per_huruf,1,808,0.5599445599445599,11.891215293582158,87.82612653618571,11.891215293582158,87.82612653618571,0
per_huruf,1,809,0.5606375606375607,11.817023213472917,87.7282658170232,11.817023213472917,87.7282658170232,0
per_huruf,1,810,0.5613305613305614,11.733272644515248,87.6267637687756,11.733272644515248,87.6267637687756,0
per_huruf,1,811,0.5620235620235621,11.642694583522987,87.52435138825672,11.642694583522987,87.52435138825672,0
per_huruf,1,812,0.5627165627165627,11.548020027309967,87.4237596722804,11.548020027309967,87.4237596722804,0
per_huruf,1,813,0.5634095634095634,11.451979972690031,87.32771961766045,11.451979972690031,87.32771961766045,0
per_huruf,1,814,0.5641025641025641,11.357305416477013,87.23896222121074,11.357305416477013,87.23896222121074,0
per_huruf,1,815,0.5647955647955648,11.26672735548475,87.16021847974511,11.26672735548475,87.16021847974511,0
per_huruf,1,816,0.5654885654885655,11.182976786527082,87.09421939007737,11.182976786527082,87.09421939007737,0
per_huruf,1,817,0.5661815661815662,11.108784706417842,87.0436959490214,11.108784706417842,87.0436959490214,0
per_huruf,1,818,0.5668745668745668,11.046882111970868,87.01137915339099,11.046882111970868,87.01137915339099,0
per_huruf,1,819,0.5675675675675675,11.0,87.0,11.0,87.0,0
per_huruf,1,820,0.5682605682605683,10.967228038233955,87.01684114701867,10.967228038233955,87.01684114701867,0
per_huruf,1,821,0.568953568953569,10.944924897587619,87.06372325898953,10.944924897587619,87.06372325898953,0
per_huruf,1,822,0.5696465696465697,10.931725079654072,87.13518434228492,10.931725079654072,87.13518434228492,0
per_huruf,1,823,0.5703395703395704,10.9262630860264,87.2257624032772,10.9262630860264,87.2257624032772,0
per_huruf,1,824,0.571032571032571,10.927173418297679,87.32999544833865,10.927173418297679,87.32999544833865,0
per_huruf,1,825,0.5717255717255717,10.933090578060993,87.4424214838416,10.933090578060993,87.4424214838416,0
per_huruf,1,826,0.5724185724185724,10.942649066909423,87.5575785161584,10.942649066909423,87.5575785161584,0
per_huruf,1,827,0.5731115731115731,10.95448338643605,87.67000455166135,10.95448338643605,87.67000455166135,0
per_huruf,1,828,0.5738045738045738,10.967228038233955,87.7742375967228,10.967228038233955,87.7742375967228,0
per_huruf,1,829,0.5744975744975745,10.97951752389622,87.86481565771506,10.97951752389622,87.86481565771506,0
per_huruf,1,830,0.5751905751905751,10.98998634501593,87.93627674101046,10.98998634501593,87.93627674101046,0
per_huruf,1,831,0.5758835758835759,10.997269003186162,87.98315885298133,10.997269003186162,87.98315885298133,0
per_huruf,1,832,0.5765765765765766,11.0,88.0,11.0,88.0,0
per_huruf,1,833,0.5772695772695773,11.002730996813836,87.98862084660901,11.002730996813836,87.98862084660901,0
per_huruf,1,834,0.577962577962578,11.01001365498407,87.95630405097862,11.01001365498407,87.95630405097862,0
per_huruf,1,835,0.5786555786555787,11.020482476103776,87.90578060992262,11.020482476103776,87.90578060992262,0
per_huruf,1,836,0.5793485793485793,11.032771961766043,87.83978152025489,11.032771961766043,87.83978152025489,0
per_huruf,1,837,0.58004158004158,11.04551661356395,87.76103777878926,11.04551661356395,87.76103777878926,0
per_huruf,1,838,0.5807345807345807,11.057350933090577,87.67228038233955,11.057350933090577,87.67228038233955,0
per_huruf,1,839,0.5814275814275814,11.066909421939007,87.57624032771963,11.066909421939007,87.57624032771963,0
per_huruf,1,840,0.5821205821205822,11.072826581702321,87.47564861174328,11.072826581702321,87.47564861174328,0
per_huruf,1,841,0.5828135828135829,11.0737369139736,87.37323623122438,11.0737369139736,87.37323623122438,0
per_huruf,1,842,0.5835065835065835,11.068274920345925,87.27173418297679,11.068274920345925,87.27173418297679,0
per_huruf,1,843,0.5841995841995842,11.055075102412381,87.17387346381429,11.055075102412381,87.17387346381429,0
per_huruf,1,844,0.5848925848925849,11.032771961766043,87.08238507055074,11.032771961766043,87.08238507055074,0
per_huruf,1,845,0.5855855855855856,11.0,87.0,11.0,87.0,0
per_huruf,1,846,0.5862785862785863,10.95311788802913,86.92307692307693,10.95311788802913,86.92307692307693,0
per_huruf,1,847,0.586971586971587,10.891215293582158,86.84615384615385,10.891215293582158,86.84615384615385,0
per_huruf,1,848,0.5876645876645876,10.817023213472917,86.76923076923075,10.817023213472917,86.76923076923075,0
per_huruf,1,849,0.5883575883575883,10.733272644515248,86.69230769230768,10.733272644515248,86.69230769230768,0
per_huruf,1,850,0.589050589050589,10.642694583522987,86.61538461538463,10.642694583522987,86.61538461538463,0
per_huruf,1,851,0.5897435897435898,10.548020027309969,86.53846153846155,10.548020027309969,86.53846153846155,0
per_huruf,1,852,0.5904365904365905,10.45197997269003,86.46153846153845,10.45197997269003,86.46153846153845,0
per_huruf,1,853,0.5911295911295912,10.357305416477015,86.38461538461539,10.357305416477015,86.38461538461539,0
per_huruf,1,854,0.5918225918225918,10.26672735548475,86.3076923076923,10.26672735548475,86.3076923076923,0
per_huruf,1,855,0.5925155925155925,10.182976786527082,86.23076923076923,10.182976786527082,86.23076923076923,0
per_huruf,1,856,0.5932085932085932,10.108784706417843,86.15384615384616,10.108784706417843,86.15384615384616,0
per_huruf,1,857,0.5939015939015939,10.04688211197087,86.07692307692307,10.04688211197087,86.07692307692307,0
per_huruf,1,858,0.5945945945945946,10.0,86.0,10.0,86.0,0
per_huruf,1,859,0.5952875952875953,9.967228038233957,85.92307692307692,9.967228038233957,85.92307692307692,0
per_huruf,1,860,0.5959805959805959,9.94492489758762,85.84615384615387,9.94492489758762,85.84615384615387,0
per_huruf,1,861,0.5966735966735967,9.931725079654074,85.76923076923075,9.931725079654074,85.76923076923075,0
per_huruf,1,862,0.5973665973665974,9.926263086026399,85.6923076923077,9.926263086026399,85.6923076923077,0
per_huruf,1,863,0.5980595980595981,9.927173418297679,85.61538461538463,9.927173418297679,85.61538461538463,0
per_huruf,1,864,0.5987525987525988,9.933090578060993,85.53846153846155,9.933090578060993,85.53846153846155,0
per_huruf,1,865,0.5994455994455995,9.942649066909421,85.46153846153847,9.942649066909421,85.46153846153847,0
per_huruf,1,866,0.6001386001386001,9.95448338643605,85.38461538461539,9.95448338643605,85.38461538461539,0
per_huruf,1,867,0.6008316008316008,9.967228038233955,85.30769230769229,9.967228038233955,85.30769230769229,0
per_huruf,1,868,0.6015246015246015,9.979517523896222,85.23076923076923,9.979517523896222,85.23076923076923,0
per_huruf,1,869,0.6022176022176022,9.98998634501593,85.15384615384616,9.98998634501593,85.15384615384616,0
per_huruf,1,870,0.6029106029106029,9.997269003186164,85.07692307692308,9.997269003186164,85.07692307692308,0
per_huruf,1,871,0.6036036036036037,10.0,85.0,10.0,85.0,0
per_huruf,1,872,0.6042966042966043,10.002730996813838,84.92307692307693,10.002730996813838,84.92307692307693,0
per_huruf,1,873,0.604989604989605,10.01001365498407,84.84615384615384,10.01001365498407,84.84615384615384,0
per_huruf,1,874,0.6056826056826057,10.020482476103775,84.76923076923076,10.020482476103775,84.76923076923076,0
per_huruf,1,875,0.6063756063756064,10.032771961766043,84.6923076923077,10.032771961766043,84.6923076923077,0
per_huruf,1,876,0.6070686070686071,10.04551661356395,84.61538461538463,10.04551661356395,84.61538461538463,0
per_huruf,1,877,0.6077616077616078,10.057350933090579,84.53846153846156,10.057350933090579,84.53846153846156,0
per_huruf,1,878,0.6084546084546084,10.066909421939005,84.46153846153847,10.066909421939005,84.46153846153847,0
per_huruf,1,879,0.6091476091476091,10.072826581702321,84.38461538461539,10.072826581702321,84.38461538461539,0
per_huruf,1,880,0.6098406098406098,10.073736913973601,84.3076923076923,10.073736913973601,84.3076923076923,0
per_huruf,1,881,0.6105336105336105,10.068274920345925,84.23076923076923,10.068274920345925,84.23076923076923,0
per_huruf,1,882,0.6112266112266113,10.055075102412381,84.15384615384616,10.055075102412381,84.15384615384616,0
per_huruf,1,883,0.611919611919612,10.032771961766045,84.07692307692307,10.032771961766045,84.07692307692307,0
per_huruf,1,884,0.6126126126126126,10.0,84.0,10.0,84.0,0
per_huruf,1,885,0.6133056133056133,9.953117888029134,83.92307692307692,9.953117888029134,83.92307692307692,0
per_huruf,1,886,0.613998613998614,9.891215293582158,83.84615384615384,9.891215293582158,83.84615384615384,0
per_huruf,1,887,0.6146916146916147,9.817023213472917,83.76923076923077,9.817023213472917,83.76923076923077,0
per_huruf,1,888,0.6153846153846154,9.733272644515248,83.69230769230768,9.733272644515248,83.69230769230768,0
per_huruf,1,889,0.6160776160776161,9.642694583522985,83.61538461538463,9.642694583522985,83.61538461538463,0
per_huruf,1,890,0.6167706167706167,9.548020027309969,83.53846153846155,9.548020027309969,83.53846153846155,0
per_huruf,1,891,0.6174636174636174,9.451979972690031,83.46153846153845,9.451979972690031,83.46153846153845,0
per_huruf,1,892,0.6181566181566182,9.357305416477015,83.38461538461539,9.357305416477015,83.38461538461539,0
per_huruf,1,893,0.6188496188496189,9.26672735548475,83.3076923076923,9.26672735548475,83.3076923076923,0
per_huruf,1,894,0.6195426195426196,9.182976786527082,83.23076923076923,9.182976786527082,83.23076923076923,0
per_huruf,1,895,0.6202356202356203,9.108784706417843,83.15384615384616,9.108784706417843,83.15384615384616,0
per_huruf,1,896,0.6209286209286209,9.046882111970868,83.07692307692308,9.046882111970868,83.07692307692308,0
per_huruf,1,897,0.6216216216216216,9.0,83.0,9.0,83.0,0
per_huruf,1,898,0.6223146223146223,8.967228038233957,82.92307692307695,8.967228038233957,82.92307692307695,0
per_huruf,1,899,0.623007623007623,8.94492489758762,82.84615384615385,8.94492489758762,82.84615384615385,0
per_huruf,1,900,0.6237006237006237,8.931725079654072,82.76923076923077,8.931725079654072,82.76923076923077,0
per_huruf,1,901,0.6243936243936244,8.9262630860264,82.69230769230768,8.9262630860264,82.69230769230768,0
per_huruf,1,902,0.625086625086625,8.92717341829768,82.61538461538463,8.92717341829768,82.61538461538463,0
per_huruf,1,903,0.6257796257796258,8.933090578060993,82.53846153846155,8.933090578060993,82.53846153846155,0
per_huruf,1,904,0.6264726264726265,8.942649066909421,82.46153846153847,8.942649066909421,82.46153846153847,0
per_huruf,1,905,0.6271656271656272,8.95448338643605,82.38461538461539,8.95448338643605,82.38461538461539,0
per_huruf,1,906,0.6278586278586279,8.967228038233955,82.3076923076923,8.967228038233955,82.3076923076923,0
per_huruf,1,907,0.6285516285516286,8.979517523896222,82.23076923076923,8.979517523896222,82.23076923076923,0
per_huruf,1,908,0.6292446292446292,8.989986345015932,82.15384615384616,8.989986345015932,82.15384615384616,0
per_huruf,1,909,0.6299376299376299,8.997269003186162,82.07692307692307,8.997269003186162,82.07692307692307,0
per_huruf,1,910,0.6306306306306306,9.0,82.0,9.0,82.0,0
per_huruf,1,911,0.6313236313236313,9.0,81.92307692307692,9.0,81.92307692307692,0
per_huruf,1,912,0.632016632016632,9.0,81.84615384615385,9.0,81.84615384615385,0
per_huruf,1,913,0.6327096327096328,8.999999999999998,81.76923076923075,8.999999999999998,81.76923076923075,0
per_huruf,1,914,0.6334026334026334,9.0,81.69230769230768,9.0,81.69230769230768,0
per_huruf,1,915,0.6340956340956341,9.0,81.61538461538463,9.0,81.61538461538463,0
per_huruf,1,916,0.6347886347886348,9.0,81.53846153846155,9.0,81.53846153846155,0
per_huruf,1,917,0.6354816354816355,9.0,81.46153846153845,9.0,81.46153846153845,0
per_huruf,1,918,0.6361746361746362,9.0,81.38461538461539,9.0,81.38461538461539,0
per_huruf,1,919,0.6368676368676369,9.0,81.3076923076923,9.0,81.3076923076923,0
per_huruf,1,920,0.6375606375606375,9.0,81.23076923076923,9.0,81.23076923076923,0
per_huruf,1,921,0.6382536382536382,9.0,81.15384615384616,9.0,81.15384615384616,0
per_huruf,1,922,0.638946638946639,9.0,81.07692307692308,9.0,81.07692307692308,0
per_huruf,1,923,0.6396396396396397,9.0,81.0,9.0,81.0,0
per_huruf,1,924,0.6403326403326404,9.0,80.92307692307693,9.0,80.92307692307693,0
per_huruf,1,925,0.6410256410256411,9.0,80.84615384615385,9.0,80.84615384615385,0
per_huruf,1,926,0.6417186417186417,8.999999999999998,80.76923076923075,8.999999999999998,80.76923076923075,0
per_huruf,1,927,0.6424116424116424,9.0,80.6923076923077,9.0,80.6923076923077,0
per_huruf,1,928,0.6431046431046431,9.0,80.61538461538463,9.0,80.61538461538463,0
per_huruf,1,929,0.6437976437976438,9.0,80.53846153846155,9.0,80.53846153846155,0
per_huruf,1,930,0.6444906444906445,9.0,80.46153846153845,9.0,80.46153846153845,0
per_huruf,1,931,0.6451836451836452,9.0,80.38461538461539,9.0,80.38461538461539,0
per_huruf,1,932,0.6458766458766458,9.0,80.30769230769229,9.0,80.30769230769229,0
per_huruf,1,933,0.6465696465696466,9.0,80.23076923076923,9.0,80.23076923076923,0
per_huruf,1,934,0.6472626472626473,9.0,80.15384615384616,9.0,80.15384615384616,0
per_huruf,1,935,0.647955647955648,9.0,80.07692307692308,9.0,80.07692307692308,0
per_huruf,1,936,0.6486486486486487,9.0,80.0,9.0,80.0,0
per_huruf,1,937,0.6493416493416494,9.0,79.92307692307695,9.0,79.92307692307695,0
per_huruf,1,938,0.65003465003465,9.0,79.84615384615385,9.0,79.84615384615385,0
per_huruf,1,939,0.6507276507276507,8.999999999999998,79.76923076923076,8.999999999999998,79.76923076923076,0
per_huruf,1,940,0.6514206514206514,9.0,79.6923076923077,9.0,79.6923076923077,0
per_huruf,1,941,0.6521136521136521,9.0,79.61538461538463,9.0,79.61538461538463,0
per_huruf,1,942,0.6528066528066528,9.0,79.53846153846155,9.0,79.53846153846155,0
per_huruf,1,943,0.6534996534996536,9.0,79.46153846153847,9.0,79.46153846153847,0
per_huruf,1,944,0.6541926541926542,9.0,79.38461538461539,9.0,79.38461538461539,0
per_huruf,1,945,0.6548856548856549,9.0,79.3076923076923,9.0,79.3076923076923,0
per_huruf,1,946,0.6555786555786556,9.0,79.23076923076923,9.0,79.23076923076923,0
per_huruf,1,947,0.6562716562716563,9.0,79.15384615384616,9.0,79.15384615384616,0
per_huruf,1,948,0.656964656964657,9.0,79.07692307692308,9.0,79.07692307692308,0
per_huruf,1,949,0.6576576576576577,9.0,79.0,9.0,79.0,0
per_huruf,1,950,0.6583506583506583,8.997269003186164,78.92307692307693,8.997269003186164,78.92307692307693,0
per_huruf,1,951,0.659043659043659,8.98998634501593,78.84615384615385,8.98998634501593,78.84615384615385,0
per_huruf,1,952,0.6597366597366597,8.97951752389622,78.76923076923076,8.97951752389622,78.76923076923076,0
per_huruf,1,953,0.6604296604296604,8.967228038233955,78.69230769230768,8.967228038233955,78.69230769230768,0
per_huruf,1,954,0.6611226611226612,8.95448338643605,78.61538461538463,8.95448338643605,78.61538461538463,0
per_huruf,1,955,0.6618156618156619,8.942649066909423,78.53846153846155,8.942649066909423,78.53846153846155,0
per_huruf,1,956,0.6625086625086625,8.933090578060993,78.46153846153845,8.933090578060993,78.46153846153845,0
per_huruf,1,957,0.6632016632016632,8.927173418297679,78.38461538461539,8.927173418297679,78.38461538461539,0
per_huruf,1,958,0.6638946638946639,8.926263086026399,78.30769230769229,8.926263086026399,78.30769230769229,0
per_huruf,1,959,0.6645876645876646,8.931725079654074,78.23076923076923,8.931725079654074,78.23076923076923,0
per_huruf,1,960,0.6652806652806653,8.94492489758762,78.15384615384616,8.94492489758762,78.15384615384616,0
per_huruf,1,961,0.665973665973666,8.967228038233955,78.07692307692308,8.967228038233955,78.07692307692308,0
per_huruf,1,962,0.6666666666666666,9.0,78.0,9.0,78.0,0
per_huruf,1,963,0.6673596673596673,9.044151115157034,77.92307692307695,9.044151115157034,77.92307692307695,0
per_huruf,1,964,0.668052668052668,9.098771051433774,77.84615384615385,9.098771051433774,77.84615384615385,0
per_huruf,1,965,0.6687456687456688,9.162494310423302,77.76923076923076,9.162494310423302,77.76923076923076,0
per_huruf,1,966,0.6694386694386695,9.233955393718707,77.69230769230768,9.233955393718707,77.69230769230768,0
per_huruf,1,967,0.6701316701316702,9.311788802913064,77.61538461538463,9.311788802913064,77.61538461538463,0
per_huruf,1,968,0.6708246708246708,9.394629039599455,77.53846153846155,9.394629039599455,77.53846153846155,0
per_huruf,1,969,0.6715176715176715,9.48111060537096,77.46153846153847,9.48111060537096,77.46153846153847,0
per_huruf,1,970,0.6722106722106722,9.569868001820664,77.38461538461539,9.569868001820664,77.38461538461539,0
per_huruf,1,971,0.6729036729036729,9.659535730541648,77.3076923076923,9.659535730541648,77.3076923076923,0
per_huruf,1,972,0.6735966735966736,9.74874829312699,77.23076923076923,9.74874829312699,77.23076923076923,0
per_huruf,1,973,0.6742896742896743,9.836140191169777,77.15384615384616,9.836140191169777,77.15384615384616,0
per_huruf,1,974,0.674982674982675,9.920345926263085,77.07692307692307,9.920345926263085,77.07692307692307,0
per_huruf,1,975,0.6756756756756757,10.0,77.0,10.0,77.0,0
per_huruf,1,976,0.6763686763686764,10.076923076923077,76.92034592626311,10.076923076923077,76.92034592626311,0
per_huruf,1,977,0.6770616770616771,10.153846153846155,76.83614019116979,10.153846153846155,76.83614019116979,0
per_huruf,1,978,0.6777546777546778,10.230769230769228,76.748748293127,10.230769230769228,76.748748293127,0
per_huruf,1,979,0.6784476784476785,10.307692307692308,76.65953573054165,10.307692307692308,76.65953573054165,0
per_huruf,1,980,0.6791406791406791,10.384615384615385,76.56986800182068,10.384615384615385,76.56986800182068,0
per_huruf,1,981,0.6798336798336798,10.461538461538462,76.48111060537097,10.461538461538462,76.48111060537097,0
per_huruf,1,982,0.6805266805266805,10.538461538461538,76.39462903959945,10.538461538461538,76.39462903959945,0
per_huruf,1,983,0.6812196812196812,10.615384615384615,76.31178880291307,10.615384615384615,76.31178880291307,0
per_huruf,1,984,0.681912681912682,10.692307692307692,76.2339553937187,10.692307692307692,76.2339553937187,0
per_huruf,1,985,0.6826056826056827,10.769230769230768,76.16249431042331,10.769230769230768,76.16249431042331,0
per_huruf,1,986,0.6832986832986833,10.846153846153847,76.09877105143377,10.846153846153847,76.09877105143377,0
per_huruf,1,987,0.683991683991684,10.923076923076922,76.04415111515704,10.923076923076922,76.04415111515704,0
per_huruf,1,988,0.6846846846846847,11.0,76.0,11.0,76.0,0
per_huruf,1,989,0.6853776853776854,11.076923076923078,75.96722803823397,11.076923076923078,75.96722803823397,0
per_huruf,1,990,0.6860706860706861,11.153846153846155,75.94492489758763,11.153846153846155,75.94492489758763,0
per_huruf,1,991,0.6867636867636868,11.230769230769228,75.93172507965406,11.230769230769228,75.93172507965406,0
per_huruf,1,992,0.6874566874566874,11.307692307692307,75.9262630860264,11.307692307692307,75.9262630860264,0
per_huruf,1,993,0.6881496881496881,11.384615384615385,75.9271734182977,11.384615384615385,75.9271734182977,0
per_huruf,1,994,0.6888426888426888,11.461538461538463,75.933090578061,11.461538461538463,75.933090578061,0
per_huruf,1,995,0.6895356895356896,11.53846153846154,75.94264906690942,11.53846153846154,75.94264906690942,0
per_huruf,1,996,0.6902286902286903,11.615384615384617,75.95448338643604,11.615384615384617,75.95448338643604,0
per_huruf,1,997,0.690921690921691,11.692307692307692,75.96722803823396,11.692307692307692,75.96722803823396,0
per_huruf,1,998,0.6916146916146916,11.769230769230766,75.97951752389622,11.769230769230766,75.97951752389622,0
per_huruf,1,999,0.6923076923076923,11.846153846153847,75.98998634501592,11.846153846153847,75.98998634501592,0
per_huruf,1,1000,0.693000693000693,11.923076923076922,75.99726900318616,11.923076923076922,75.99726900318616,0
per_huruf,1,1001,0.6936936936936937,12.0,76.0,12.0,76.0,0
per_huruf,1,1002,0.6943866943866944,12.076923076923078,76.00273099681385,12.076923076923078,76.00273099681385,0
per_huruf,1,1003,0.6950796950796951,12.153846153846155,76.01001365498408,12.153846153846155,76.01001365498408,0
per_huruf,1,1004,0.6957726957726957,12.23076923076923,76.02048247610378,12.23076923076923,76.02048247610378,0
per_huruf,1,1005,0.6964656964656964,12.307692307692307,76.03277196176604,12.307692307692307,76.03277196176604,0
per_huruf,1,1006,0.6971586971586972,12.384615384615385,76.04551661356396,12.384615384615385,76.04551661356396,0
per_huruf,1,1007,0.6978516978516979,12.461538461538462,76.05735093309059,12.461538461538462,76.05735093309059,0
per_huruf,1,1008,0.6985446985446986,12.53846153846154,76.066909421939,12.53846153846154,76.066909421939,0
per_huruf,1,1009,0.6992376992376993,12.615384615384617,76.07282658170232,12.615384615384617,76.07282658170232,0
per_huruf,1,1010,0.6999306999306999,12.69230769230769,76.0737369139736,12.69230769230769,76.0737369139736,0
per_huruf,1,1011,0.7006237006237006,12.769230769230768,76.06827492034593,12.769230769230768,76.06827492034593,0
per_huruf,1,1012,0.7013167013167013,12.846153846153847,76.05507510241239,12.846153846153847,76.05507510241239,0
per_huruf,1,1013,0.702009702009702,12.923076923076922,76.03277196176604,12.923076923076922,76.03277196176604,0
per_huruf,1,1014,0.7027027027027027,13.0,76.0,13.0,76.0,0
per_huruf,1,1015,0.7033957033957035,13.076923076923078,75.95584888484298,13.076923076923078,75.95584888484298,0
per_huruf,1,1016,0.704088704088704,13.153846153846157,75.90122894856621,13.153846153846157,75.90122894856621,0
per_huruf,1,1017,0.7047817047817048,13.230769230769228,75.83750568957667,13.230769230769228,75.83750568957667,0
per_huruf,1,1018,0.7054747054747055,13.307692307692307,75.76604460628128,13.307692307692307,75.76604460628128,0
per_huruf,1,1019,0.7061677061677062,13.384615384615387,75.68821119708694,13.384615384615387,75.68821119708694,0
per_huruf,1,1020,0.7068607068607069,13.461538461538462,75.60537096040053,13.461538461538462,75.60537096040053,0
per_huruf,1,1021,0.7075537075537076,13.538461538461538,75.51888939462904,13.538461538461538,75.51888939462904,0
per_huruf,1,1022,0.7082467082467082,13.615384615384617,75.43013199817935,13.615384615384617,75.43013199817935,0
per_huruf,1,1023,0.7089397089397089,13.69230769230769,75.34046426945835,13.69230769230769,75.34046426945835,0
per_huruf,1,1024,0.7096327096327096,13.769230769230768,75.251251706873,13.769230769230768,75.251251706873,0
per_huruf,1,1025,0.7103257103257103,13.846153846153845,75.16385980883022,13.846153846153845,75.16385980883022,0
per_huruf,1,1026,0.7110187110187111,13.923076923076923,75.07965407373692,13.923076923076923,75.07965407373692,0
per_huruf,1,1027,0.7117117117117117,14.0,75.0,14.0,75.0,0
per_huruf,1,1028,0.7124047124047124,14.076923076923078,74.9203459262631,14.076923076923078,74.9203459262631,0
per_huruf,1,1029,0.7130977130977131,14.153846153846155,74.83614019116978,14.153846153846155,74.83614019116978,0
per_huruf,1,1030,0.7137907137907138,14.23076923076923,74.74874829312698,14.23076923076923,74.74874829312698,0
per_huruf,1,1031,0.7144837144837145,14.307692307692307,74.65953573054165,14.307692307692307,74.65953573054165,0
per_huruf,1,1032,0.7151767151767152,14.384615384615387,74.56986800182068,14.384615384615387,74.56986800182068,0
per_huruf,1,1033,0.7158697158697158,14.461538461538462,74.48111060537097,14.461538461538462,74.48111060537097,0
per_huruf,1,1034,0.7165627165627165,14.538461538461538,74.39462903959947,14.538461538461538,74.39462903959947,0
per_huruf,1,1035,0.7172557172557172,14.615384615384617,74.31178880291307,14.615384615384617,74.31178880291307,0
per_huruf,1,1036,0.717948717948718,14.692307692307692,74.2339553937187,14.692307692307692,74.2339553937187,0
per_huruf,1,1037,0.7186417186417187,14.769230769230766,74.1624943104233,14.769230769230766,74.1624943104233,0
per_huruf,1,1038,0.7193347193347194,14.846153846153847,74.09877105143377,14.846153846153847,74.09877105143377,0
per_huruf,1,1039,0.72002772002772,14.923076923076922,74.04415111515704,14.923076923076922,74.04415111515704,0
per_huruf,1,1040,0.7207207207207207,15.0,74.0,15.0,74.0,0
per_huruf,1,1041,0.7214137214137214,15.07692307692308,73.9699590350478,15.07692307692308,73.9699590350478,0
per_huruf,1,1042,0.7221067221067221,15.153846153846155,73.95493855257169,15.153846153846155,73.95493855257169,0
per_huruf,1,1043,0.7227997227997228,15.230769230769228,73.95220755575785,15.230769230769228,73.95220755575785,0
per_huruf,1,1044,0.7234927234927235,15.307692307692307,73.95903504779244,15.307692307692307,73.95903504779244,0
per_huruf,1,1045,0.7241857241857241,15.384615384615387,73.97269003186165,15.384615384615387,73.97269003186165,0
per_huruf,1,1046,0.7248787248787248,15.461538461538463,73.99044151115157,15.461538461538463,73.99044151115157,0
per_huruf,1,1047,0.7255717255717256,15.538461538461538,74.00955848884843,15.538461538461538,74.00955848884843,0
per_huruf,1,1048,0.7262647262647263,15.615384615384615,74.02730996813837,15.615384615384615,74.02730996813837,0
per_huruf,1,1049,0.726957726957727,15.692307692307692,74.04096495220756,15.692307692307692,74.04096495220756,0
per_huruf,1,1050,0.7276507276507277,15.769230769230768,74.04779244424215,15.769230769230768,74.04779244424215,0
per_huruf,1,1051,0.7283437283437283,15.846153846153847,74.04506144742831,15.846153846153847,74.04506144742831,0
per_huruf,1,1052,0.729036729036729,15.923076923076923,74.0300409649522,15.923076923076923,74.0300409649522,0
per_huruf,1,1053,0.7297297297297297,16.0,74.0,16.0,74.0,0
per_huruf,1,1054,0.7304227304227304,16.076923076923077,73.95584888484298,16.076923076923077,73.95584888484298,0
per_huruf,1,1055,0.7311157311157311,16.153846153846153,73.90122894856623,16.153846153846153,73.90122894856623,0
per_huruf,1,1056,0.7318087318087318,16.23076923076923,73.83750568957669,16.23076923076923,73.83750568957669,0
per_huruf,1,1057,0.7325017325017324,16.307692307692307,73.76604460628127,16.307692307692307,73.76604460628127,0
per_huruf,1,1058,0.7331947331947332,16.384615384615387,73.68821119708693,16.384615384615387,73.68821119708693,0
per_huruf,1,1059,0.7338877338877339,16.461538461538463,73.60537096040053,16.461538461538463,73.60537096040053,0
per_huruf,1,1060,0.7345807345807346,16.53846153846154,73.51888939462903,16.53846153846154,73.51888939462903,0
per_huruf,1,1061,0.7352737352737353,16.615384615384617,73.43013199817933,16.615384615384617,73.43013199817933,0
per_huruf,1,1062,0.735966735966736,16.692307692307693,73.34046426945835,16.692307692307693,73.34046426945835,0
per_huruf,1,1063,0.7366597366597366,16.769230769230766,73.251251706873,16.769230769230766,73.251251706873,0
per_huruf,1,1064,0.7373527373527373,16.846153846153847,73.16385980883022,16.846153846153847,73.16385980883022,0
per_huruf,1,1065,0.738045738045738,16.923076923076923,73.07965407373692,16.923076923076923,73.07965407373692,0
per_huruf,1,1066,0.7387387387387387,17.0,73.0,17.0,73.0,0
per_huruf,1,1067,0.7394317394317395,17.07965407373692,72.92307692307693,17.07965407373692,72.92307692307693,0
per_huruf,1,1068,0.7401247401247402,17.163859808830225,72.84615384615385,17.163859808830225,72.84615384615385,0
per_huruf,1,1069,0.7408177408177408,17.251251706873006,72.76923076923076,17.251251706873006,72.76923076923076,0
per_huruf,1,1070,0.7415107415107415,17.34046426945835,72.6923076923077,17.34046426945835,72.6923076923077,0
per_huruf,1,1071,0.7422037422037422,17.430131998179334,72.61538461538461,17.430131998179334,72.61538461538461,0
per_huruf,1,1072,0.7428967428967429,17.51888939462904,72.53846153846153,17.51888939462904,72.53846153846153,0
per_huruf,1,1073,0.7435897435897436,17.605370960400545,72.46153846153845,17.605370960400545,72.46153846153845,0
per_huruf,1,1074,0.7442827442827443,17.688211197086936,72.38461538461539,17.688211197086936,72.38461538461539,0
per_huruf,1,1075,0.7449757449757449,17.76604460628129,72.3076923076923,17.76604460628129,72.3076923076923,0
per_huruf,1,1076,0.7456687456687456,17.837505689576695,72.23076923076923,17.837505689576695,72.23076923076923,0
per_huruf,1,1077,0.7463617463617463,17.901228948566228,72.15384615384616,17.901228948566228,72.15384615384616,0
per_huruf,1,1078,0.7470547470547471,17.95584888484297,72.07692307692307,17.95584888484297,72.07692307692307,0
per_huruf,1,1079,0.7477477477477478,18.0,72.0,18.0,72.0,0
per_huruf,1,1080,0.7484407484407485,18.03004096495221,71.92307692307695,18.03004096495221,71.92307692307695,0
per_huruf,1,1081,0.7491337491337491,18.045061447428314,71.84615384615385,18.045061447428314,71.84615384615385,0
per_huruf,1,1082,0.7498267498267498,18.047792444242145,71.76923076923076,18.047792444242145,71.76923076923076,0
per_huruf,1,1083,0.7505197505197505,18.040964952207556,71.6923076923077,18.040964952207556,71.6923076923077,0
per_huruf,1,1084,0.7512127512127512,18.027309968138372,71.61538461538461,18.027309968138372,71.61538461538461,0
per_huruf,1,1085,0.7519057519057519,18.00955848884843,71.53846153846155,18.00955848884843,71.53846153846155,0
per_huruf,1,1086,0.7525987525987526,17.99044151115157,71.46153846153847,17.99044151115157,71.46153846153847,0
per_huruf,1,1087,0.7532917532917532,17.972690031861628,71.38461538461539,17.972690031861628,71.38461538461539,0
per_huruf,1,1088,0.753984753984754,17.959035047792444,71.3076923076923,17.959035047792444,71.3076923076923,0
per_huruf,1,1089,0.7546777546777547,17.95220755575785,71.23076923076923,17.95220755575785,71.23076923076923,0
per_huruf,1,1090,0.7553707553707554,17.95493855257169,71.15384615384616,17.95493855257169,71.15384615384616,0
per_huruf,1,1091,0.7560637560637561,17.969959035047793,71.07692307692308,17.969959035047793,71.07692307692308,0
per_huruf,1,1092,0.7567567567567568,18.0,71.0,18.0,71.0,0
per_huruf,1,1093,0.7574497574497574,18.046882111970874,70.92307692307693,18.046882111970874,70.92307692307693,0
per_huruf,1,1094,0.7581427581427581,18.108784706417843,70.84615384615385,18.108784706417843,70.84615384615385,0
per_huruf,1,1095,0.7588357588357588,18.182976786527078,70.76923076923076,18.182976786527078,70.76923076923076,0
per_huruf,1,1096,0.7595287595287595,18.26672735548475,70.69230769230768,18.26672735548475,70.69230769230768,0
per_huruf,1,1097,0.7602217602217602,18.35730541647702,70.61538461538463,18.35730541647702,70.61538461538463,0
per_huruf,1,1098,0.760914760914761,18.451979972690033,70.53846153846155,18.451979972690033,70.53846153846155,0
per_huruf,1,1099,0.7616077616077616,18.548020027309967,70.46153846153845,18.548020027309967,70.46153846153845,0
per_huruf,1,1100,0.7623007623007623,18.64269458352299,70.38461538461539,18.64269458352299,70.38461538461539,0
per_huruf,1,1101,0.762993762993763,18.733272644515246,70.3076923076923,18.733272644515246,70.3076923076923,0
per_huruf,1,1102,0.7636867636867637,18.817023213472915,70.23076923076923,18.817023213472915,70.23076923076923,0
per_huruf,1,1103,0.7643797643797644,18.891215293582157,70.15384615384616,18.891215293582157,70.15384615384616,0
per_huruf,1,1104,0.7650727650727651,18.95311788802913,70.07692307692308,18.95311788802913,70.07692307692308,0
per_huruf,1,1105,0.7657657657657657,19.0,70.0,19.0,70.0,0
per_huruf,1,1106,0.7664587664587664,19.03277196176605,69.92307692307695,19.03277196176605,69.92307692307695,0
per_huruf,1,1107,0.7671517671517671,19.055075102412385,69.84615384615384,19.055075102412385,69.84615384615384,0
per_huruf,1,1108,0.7678447678447679,19.068274920345925,69.76923076923076,19.068274920345925,69.76923076923076,0
per_huruf,1,1109,0.7685377685377686,19.0737369139736,69.69230769230768,19.0737369139736,69.69230769230768,0
per_huruf,1,1110,0.7692307692307693,19.072826581702326,69.61538461538461,19.072826581702326,69.61538461538461,0
per_huruf,1,1111,0.7699237699237699,19.066909421939013,69.53846153846155,19.066909421939013,69.53846153846155,0
per_huruf,1,1112,0.7706167706167706,19.05735093309058,69.46153846153847,19.05735093309058,69.46153846153847,0
per_huruf,1,1113,0.7713097713097713,19.045516613563954,69.38461538461539,19.045516613563954,69.38461538461539,0
per_huruf,1,1114,0.772002772002772,19.032771961766045,69.3076923076923,19.032771961766045,69.3076923076923,0
per_huruf,1,1115,0.7726957726957727,19.020482476103776,69.23076923076923,19.020482476103776,69.23076923076923,0
per_huruf,1,1116,0.7733887733887734,19.01001365498407,69.15384615384616,19.01001365498407,69.15384615384616,0
per_huruf,1,1117,0.774081774081774,19.00273099681384,69.07692307692308,19.00273099681384,69.07692307692308,0
per_huruf,1,1118,0.7747747747747747,19.0,69.0,19.0,69.0,0
per_huruf,1,1119,0.7754677754677755,18.99726900318617,68.92307692307692,18.99726900318617,68.92307692307692,0
per_huruf,1,1120,0.7761607761607762,18.989986345015932,68.84615384615385,18.989986345015932,68.84615384615385,0
per_huruf,1,1121,0.7768537768537769,18.97951752389622,68.76923076923076,18.97951752389622,68.76923076923076,0
per_huruf,1,1122,0.7775467775467776,18.967228038233955,68.6923076923077,18.967228038233955,68.6923076923077,0
per_huruf,1,1123,0.7782397782397782,18.954483386436053,68.61538461538463,18.954483386436053,68.61538461538463,0
per_huruf,1,1124,0.7789327789327789,18.94264906690942,68.53846153846155,18.94264906690942,68.53846153846155,0
per_huruf,1,1125,0.7796257796257796,18.93309057806099,68.46153846153847,18.93309057806099,68.46153846153847,0
per_huruf,1,1126,0.7803187803187803,18.927173418297677,68.38461538461539,18.927173418297677,68.38461538461539,0
per_huruf,1,1127,0.781011781011781,18.9262630860264,68.30769230769229,18.9262630860264,68.30769230769229,0
per_huruf,1,1128,0.7817047817047817,18.931725079654072,68.23076923076923,18.931725079654072,68.23076923076923,0
per_huruf,1,1129,0.7823977823977823,18.94492489758762,68.15384615384616,18.94492489758762,68.15384615384616,0
per_huruf,1,1130,0.7830907830907831,18.967228038233955,68.07692307692308,18.967228038233955,68.07692307692308,0
per_huruf,1,1131,0.7837837837837838,19.0,68.0,19.0,68.0,0
per_huruf,1,1132,0.7844767844767845,19.046882111970874,67.92307692307693,19.046882111970874,67.92307692307693,0
per_huruf,1,1133,0.7851697851697852,19.108784706417847,67.84615384615385,19.108784706417847,67.84615384615385,0
per_huruf,1,1134,0.7858627858627859,19.182976786527078,67.76923076923076,19.182976786527078,67.76923076923076,0
per_huruf,1,1135,0.7865557865557865,19.26672735548475,67.69230769230768,19.26672735548475,67.69230769230768,0
per_huruf,1,1136,0.7872487872487872,19.35730541647702,67.61538461538463,19.35730541647702,67.61538461538463,0
per_huruf,1,1137,0.7879417879417879,19.451979972690037,67.53846153846155,19.451979972690037,67.53846153846155,0
per_huruf,1,1138,0.7886347886347886,19.548020027309967,67.46153846153845,19.548020027309967,67.46153846153845,0
per_huruf,1,1139,0.7893277893277894,19.64269458352299,67.38461538461539,19.64269458352299,67.38461538461539,0
per_huruf,1,1140,0.7900207900207901,19.733272644515246,67.3076923076923,19.733272644515246,67.3076923076923,0
per_huruf,1,1141,0.7907137907137907,19.817023213472915,67.23076923076923,19.817023213472915,67.23076923076923,0
per_huruf,1,1142,0.7914067914067914,19.891215293582157,67.15384615384616,19.891215293582157,67.15384615384616,0
per_huruf,1,1143,0.7920997920997921,19.95311788802913,67.07692307692308,19.95311788802913,67.07692307692308,0
per_huruf,1,1144,0.7927927927927928,20.0,67.0,20.0,67.0,0
per_huruf,1,1145,0.7934857934857935,20.03277196176605,66.92307692307693,20.03277196176605,66.92307692307693,0
per_huruf,1,1146,0.7941787941787942,20.05507510241238,66.84615384615385,20.05507510241238,66.84615384615385,0
per_huruf,1,1147,0.7948717948717948,20.068274920345925,66.76923076923076,20.068274920345925,66.76923076923076,0
per_huruf,1,1148,0.7955647955647955,20.0737369139736,66.69230769230768,20.0737369139736,66.69230769230768,0
per_huruf,1,1149,0.7962577962577962,20.072826581702326,66.61538461538463,20.072826581702326,66.61538461538463,0
per_huruf,1,1150,0.796950796950797,20.066909421939013,66.53846153846155,20.066909421939013,66.53846153846155,0
per_huruf,1,1151,0.7976437976437977,20.057350933090575,66.46153846153847,20.057350933090575,66.46153846153847,0
per_huruf,1,1152,0.7983367983367984,20.04551661356395,66.38461538461539,20.04551661356395,66.38461538461539,0
per_huruf,1,1153,0.799029799029799,20.032771961766045,66.3076923076923,20.032771961766045,66.3076923076923,0
per_huruf,1,1154,0.7997227997227997,20.020482476103776,66.23076923076923,20.020482476103776,66.23076923076923,0
per_huruf,1,1155,0.8004158004158004,20.01001365498407,66.15384615384616,20.01001365498407,66.15384615384616,0
per_huruf,1,1156,0.8011088011088011,20.00273099681384,66.07692307692308,20.00273099681384,66.07692307692308,0
per_huruf,1,1157,0.8018018018018018,20.0,66.0,20.0,66.0,0
per_huruf,1,1158,0.8024948024948025,20.002730996813842,65.9203459262631,20.002730996813842,65.9203459262631,0
per_huruf,1,1159,0.8031878031878031,20.01001365498407,65.83614019116978,20.01001365498407,65.83614019116978,0
per_huruf,1,1160,0.8038808038808039,20.020482476103773,65.748748293127,20.020482476103773,65.748748293127,0
per_huruf,1,1161,0.8045738045738046,20.032771961766045,65.65953573054165,20.032771961766045,65.65953573054165,0
per_huruf,1,1162,0.8052668052668053,20.04551661356395,65.56986800182067,20.04551661356395,65.56986800182067,0
per_huruf,1,1163,0.805959805959806,20.05735093309058,65.48111060537096,20.05735093309058,65.48111060537096,0
per_huruf,1,1164,0.8066528066528067,20.06690942193901,65.39462903959945,20.06690942193901,65.39462903959945,0
per_huruf,1,1165,0.8073458073458073,20.072826581702323,65.31178880291307,20.072826581702323,65.31178880291307,0
per_huruf,1,1166,0.808038808038808,20.0737369139736,65.2339553937187,20.0737369139736,65.2339553937187,0
per_huruf,1,1167,0.8087318087318087,20.068274920345925,65.16249431042331,20.068274920345925,65.16249431042331,0
per_huruf,1,1168,0.8094248094248094,20.05507510241238,65.09877105143377,20.05507510241238,65.09877105143377,0
per_huruf,1,1169,0.8101178101178101,20.032771961766045,65.04415111515704,20.032771961766045,65.04415111515704,0
per_huruf,1,1170,0.8108108108108109,20.0,65.0,20.0,65.0,0
per_huruf,1,1171,0.8115038115038115,19.955848884842975,64.96995903504781,19.955848884842975,64.96995903504781,0
per_huruf,1,1172,0.8121968121968122,19.901228948566228,64.95493855257169,19.901228948566228,64.95493855257169,0
per_huruf,1,1173,0.8128898128898129,19.837505689576695,64.95220755575785,19.837505689576695,64.95220755575785,0
per_huruf,1,1174,0.8135828135828136,19.76604460628129,64.95903504779244,19.76604460628129,64.95903504779244,0
per_huruf,1,1175,0.8142758142758143,19.68821119708694,64.97269003186163,19.68821119708694,64.97269003186163,0
per_huruf,1,1176,0.814968814968815,19.605370960400545,64.99044151115157,19.605370960400545,64.99044151115157,0
per_huruf,1,1177,0.8156618156618156,19.51888939462904,65.00955848884843,19.51888939462904,65.00955848884843,0
per_huruf,1,1178,0.8163548163548163,19.430131998179334,65.02730996813838,19.430131998179334,65.02730996813838,0
per_huruf,1,1179,0.817047817047817,19.34046426945835,65.04096495220756,19.34046426945835,65.04096495220756,0
per_huruf,1,1180,0.8177408177408177,19.251251706873006,65.04779244424213,19.251251706873006,65.04779244424213,0
per_huruf,1,1181,0.8184338184338185,19.163859808830225,65.04506144742831,19.163859808830225,65.04506144742831,0
per_huruf,1,1182,0.8191268191268192,19.07965407373691,65.0300409649522,19.07965407373691,65.0300409649522,0
per_huruf,1,1183,0.8198198198198198,19.0,65.0,19.0,65.0,0
per_huruf,1,1184,0.8205128205128205,18.923076923076927,64.95584888484298,18.923076923076927,64.95584888484298,0
per_huruf,1,1185,0.8212058212058212,18.846153846153847,64.90122894856623,18.846153846153847,64.90122894856623,0
per_huruf,1,1186,0.8218988218988219,18.769230769230766,64.83750568957669,18.769230769230766,64.83750568957669,0
per_huruf,1,1187,0.8225918225918226,18.692307692307693,64.76604460628128,18.692307692307693,64.76604460628128,0
per_huruf,1,1188,0.8232848232848233,18.615384615384617,64.68821119708694,18.615384615384617,64.68821119708694,0
per_huruf,1,1189,0.8239778239778239,18.53846153846154,64.60537096040055,18.53846153846154,64.60537096040055,0
per_huruf,1,1190,0.8246708246708246,18.461538461538463,64.51888939462904,18.461538461538463,64.51888939462904,0
per_huruf,1,1191,0.8253638253638254,18.384615384615383,64.43013199817933,18.384615384615383,64.43013199817933,0
per_huruf,1,1192,0.8260568260568261,18.307692307692307,64.34046426945835,18.307692307692307,64.34046426945835,0
per_huruf,1,1193,0.8267498267498268,18.23076923076923,64.251251706873,18.23076923076923,64.251251706873,0
per_huruf,1,1194,0.8274428274428275,18.153846153846153,64.16385980883022,18.153846153846153,64.16385980883022,0
per_huruf,1,1195,0.8281358281358281,18.076923076923077,64.07965407373692,18.076923076923077,64.07965407373692,0
per_huruf,1,1196,0.8288288288288288,18.0,64.0,18.0,64.0,0
per_huruf,1,1197,0.8295218295218295,17.923076923076927,63.92034592626309,17.923076923076927,63.92034592626309,0
per_huruf,1,1198,0.8302148302148302,17.84615384615385,63.83614019116978,17.84615384615385,63.83614019116978,0
per_huruf,1,1199,0.8309078309078309,17.769230769230766,63.74874829312698,17.769230769230766,63.74874829312698,0
per_huruf,1,1200,0.8316008316008316,17.692307692307693,63.65953573054165,17.692307692307693,63.65953573054165,0
per_huruf,1,1201,0.8322938322938322,17.615384615384617,63.56986800182068,17.615384615384617,63.56986800182068,0
per_huruf,1,1202,0.832986832986833,17.53846153846154,63.48111060537096,17.53846153846154,63.48111060537096,0
per_huruf,1,1203,0.8336798336798337,17.46153846153846,63.39462903959946,17.46153846153846,63.39462903959946,0
per_huruf,1,1204,0.8343728343728344,17.384615384615383,63.311788802913064,17.384615384615383,63.311788802913064,0
per_huruf,1,1205,0.8350658350658351,17.307692307692307,63.2339553937187,17.307692307692307,63.2339553937187,0
per_huruf,1,1206,0.8357588357588358,17.23076923076923,63.1624943104233,17.23076923076923,63.1624943104233,0
per_huruf,1,1207,0.8364518364518364,17.153846153846153,63.09877105143377,17.153846153846153,63.09877105143377,0
per_huruf,1,1208,0.8371448371448371,17.076923076923077,63.04415111515703,17.076923076923077,63.04415111515703,0
per_huruf,1,1209,0.8378378378378378,17.0,63.0,17.0,63.0,0
per_huruf,1,1210,0.8385308385308385,16.923076923076927,62.96722803823396,16.923076923076927,62.96722803823396,0
per_huruf,1,1211,0.8392238392238393,16.846153846153847,62.944924897587626,16.846153846153847,62.944924897587626,0
per_huruf,1,1212,0.83991683991684,16.769230769230766,62.931725079654065,16.769230769230766,62.931725079654065,0
per_huruf,1,1213,0.8406098406098406,16.69230769230769,62.926263086026395,16.69230769230769,62.926263086026395,0
per_huruf,1,1214,0.8413028413028413,16.615384615384617,62.927173418297684,16.615384615384617,62.927173418297684,0
per_huruf,1,1215,0.841995841995842,16.53846153846154,62.933090578061,16.53846153846154,62.933090578061,0
per_huruf,1,1216,0.8426888426888427,16.461538461538463,62.942649066909425,16.461538461538463,62.942649066909425,0
per_huruf,1,1217,0.8433818433818434,16.384615384615387,62.954483386436046,16.384615384615387,62.954483386436046,0
per_huruf,1,1218,0.8440748440748441,16.307692307692307,62.967228038233955,16.307692307692307,62.967228038233955,0
per_huruf,1,1219,0.8447678447678447,16.230769230769226,62.97951752389621,16.230769230769226,62.97951752389621,0
per_huruf,1,1220,0.8454608454608454,16.153846153846153,62.989986345015936,16.153846153846153,62.989986345015936,0
per_huruf,1,1221,0.8461538461538461,16.076923076923077,62.99726900318616,16.076923076923077,62.99726900318616,0
per_huruf,1,1222,0.8468468468468469,16.0,63.0,16.0,63.0,0
per_huruf,1,1223,0.8475398475398476,15.923076923076923,63.00000000000001,15.923076923076923,63.00000000000001,0
per_huruf,1,1224,0.8482328482328483,15.846153846153845,63.0,15.846153846153845,63.0,0
per_huruf,1,1225,0.8489258489258489,15.769230769230766,62.999999999999986,15.769230769230766,62.999999999999986,0
per_huruf,1,1226,0.8496188496188496,15.69230769230769,63.0,15.69230769230769,63.0,0
per_huruf,1,1227,0.8503118503118503,15.615384615384617,63.00000000000001,15.615384615384617,63.00000000000001,0
per_huruf,1,1228,0.851004851004851,15.53846153846154,63.0,15.53846153846154,63.0,0
per_huruf,1,1229,0.8516978516978517,15.461538461538462,63.00000000000001,15.461538461538462,63.00000000000001,0
per_huruf,1,1230,0.8523908523908524,15.384615384615385,63.0,15.384615384615385,63.0,0
per_huruf,1,1231,0.853083853083853,15.307692307692308,63.0,15.307692307692308,63.0,0
per_huruf,1,1232,0.8537768537768538,15.23076923076923,62.99999999999999,15.23076923076923,62.99999999999999,0
per_huruf,1,1233,0.8544698544698545,15.153846153846153,63.0,15.153846153846153,63.0,0
per_huruf,1,1234,0.8551628551628552,15.076923076923077,63.0,15.076923076923077,63.0,0
per_huruf,1,1235,0.8558558558558559,15.0,63.0,15.0,63.0,0
per_huruf,1,1236,0.8565488565488566,14.923076923076923,62.99726900318617,14.923076923076923,62.99726900318617,0
per_huruf,1,1237,0.8572418572418572,14.846153846153847,62.98998634501593,14.846153846153847,62.98998634501593,0
per_huruf,1,1238,0.8579348579348579,14.769230769230766,62.97951752389621,14.769230769230766,62.97951752389621,0
per_huruf,1,1239,0.8586278586278586,14.69230769230769,62.967228038233955,14.69230769230769,62.967228038233955,0
per_huruf,1,1240,0.8593208593208593,14.615384615384617,62.95448338643605,14.615384615384617,62.95448338643605,0
per_huruf,1,1241,0.86001386001386,14.53846153846154,62.942649066909425,14.53846153846154,62.942649066909425,0
per_huruf,1,1242,0.8607068607068608,14.461538461538462,62.933090578061,14.461538461538462,62.933090578061,0
per_huruf,1,1243,0.8613998613998614,14.384615384615385,62.92717341829768,14.384615384615385,62.92717341829768,0
per_huruf,1,1244,0.8620928620928621,14.307692307692307,62.926263086026395,14.307692307692307,62.926263086026395,0
per_huruf,1,1245,0.8627858627858628,14.23076923076923,62.931725079654065,14.23076923076923,62.931725079654065,0
per_huruf,1,1246,0.8634788634788635,14.153846153846153,62.944924897587626,14.153846153846153,62.944924897587626,0
per_huruf,1,1247,0.8641718641718642,14.076923076923077,62.967228038233955,14.076923076923077,62.967228038233955,0
per_huruf,1,1248,0.8648648648648649,14.0,63.0,14.0,63.0,0
per_huruf,1,1249,0.8655578655578655,13.923076923076925,63.04688211197088,13.923076923076925,63.04688211197088,0
per_huruf,1,1250,0.8662508662508662,13.846153846153847,63.10878470641785,13.846153846153847,63.10878470641785,0
per_huruf,1,1251,0.8669438669438669,13.769230769230766,63.18297678652707,13.769230769230766,63.18297678652707,0
per_huruf,1,1252,0.8676368676368676,13.692307692307692,63.26672735548474,13.692307692307692,63.26672735548474,0
per_huruf,1,1253,0.8683298683298684,13.615384615384615,63.35730541647702,13.615384615384615,63.35730541647702,0
per_huruf,1,1254,0.8690228690228691,13.538461538461538,63.45197997269004,13.538461538461538,63.45197997269004,0
per_huruf,1,1255,0.8697158697158697,13.461538461538462,63.54802002730997,13.461538461538462,63.54802002730997,0
per_huruf,1,1256,0.8704088704088704,13.384615384615387,63.64269458352299,13.384615384615387,63.64269458352299,0
per_huruf,1,1257,0.8711018711018711,13.307692307692307,63.733272644515246,13.307692307692307,63.733272644515246,0
per_huruf,1,1258,0.8717948717948718,13.23076923076923,63.817023213472915,13.23076923076923,63.817023213472915,0
per_huruf,1,1259,0.8724878724878725,13.153846153846153,63.89121529358216,13.153846153846153,63.89121529358216,0
per_huruf,1,1260,0.8731808731808732,13.076923076923077,63.95311788802913,13.076923076923077,63.95311788802913,0
per_huruf,1,1261,0.8738738738738738,13.0,64.0,13.0,64.0,0
per_huruf,1,1262,0.8745668745668745,12.923076923076925,64.03004096495222,12.923076923076925,64.03004096495222,0
per_huruf,1,1263,0.8752598752598753,12.846153846153847,64.04506144742832,12.846153846153847,64.04506144742832,0
per_huruf,1,1264,0.875952875952876,12.769230769230766,64.04779244424213,12.769230769230766,64.04779244424213,0
per_huruf,1,1265,0.8766458766458767,12.69230769230769,64.04096495220756,12.69230769230769,64.04096495220756,0
per_huruf,1,1266,0.8773388773388774,12.615384615384617,64.02730996813838,12.615384615384617,64.02730996813838,0
per_huruf,1,1267,0.878031878031878,12.53846153846154,64.00955848884844,12.53846153846154,64.00955848884844,0
per_huruf,1,1268,0.8787248787248787,12.461538461538463,63.990441511151566,12.461538461538463,63.990441511151566,0
per_huruf,1,1269,0.8794178794178794,12.384615384615385,63.97269003186163,12.384615384615385,63.97269003186163,0
per_huruf,1,1270,0.8801108801108801,12.307692307692307,63.95903504779244,12.307692307692307,63.95903504779244,0
per_huruf,1,1271,0.8808038808038808,12.23076923076923,63.95220755575785,12.23076923076923,63.95220755575785,0
per_huruf,1,1272,0.8814968814968815,12.153846153846153,63.95493855257169,12.153846153846153,63.95493855257169,0
per_huruf,1,1273,0.8821898821898821,12.076923076923077,63.96995903504779,12.076923076923077,63.96995903504779,0
per_huruf,1,1274,0.8828828828828829,12.0,64.0,12.0,64.0,0
per_huruf,1,1275,0.8835758835758836,11.923076923076923,64.04415111515705,11.923076923076923,64.04415111515705,0
per_huruf,1,1276,0.8842688842688843,11.846153846153847,64.09877105143377,11.846153846153847,64.09877105143377,0
per_huruf,1,1277,0.884961884961885,11.769230769230768,64.1624943104233,11.769230769230768,64.1624943104233,0
per_huruf,1,1278,0.8856548856548857,11.692307692307692,64.2339553937187,11.692307692307692,64.2339553937187,0
per_huruf,1,1279,0.8863478863478863,11.615384615384617,64.31178880291307,11.615384615384617,64.31178880291307,0
per_huruf,1,1280,0.887040887040887,11.538461538461538,64.39462903959947,11.538461538461538,64.39462903959947,0
per_huruf,1,1281,0.8877338877338877,11.461538461538462,64.48111060537096,11.461538461538462,64.48111060537096,0
per_huruf,1,1282,0.8884268884268884,11.384615384615383,64.56986800182067,11.384615384615383,64.56986800182067,0
per_huruf,1,1283,0.8891198891198892,11.307692307692308,64.65953573054165,11.307692307692308,64.65953573054165,0
per_huruf,1,1284,0.8898128898128899,11.23076923076923,64.748748293127,11.23076923076923,64.748748293127,0
per_huruf,1,1285,0.8905058905058905,11.153846153846153,64.83614019116979,11.153846153846153,64.83614019116979,0
per_huruf,1,1286,0.8911988911988912,11.076923076923077,64.92034592626308,11.076923076923077,64.92034592626308,0
per_huruf,1,1287,0.8918918918918919,11.0,65.0,11.0,65.0,0
per_huruf,1,1288,0.8925848925848926,10.920345926263085,65.07692307692308,10.920345926263085,65.07692307692308,0
per_huruf,1,1289,0.8932778932778933,10.836140191169777,65.15384615384616,10.836140191169777,65.15384615384616,0
per_huruf,1,1290,0.893970893970894,10.748748293126988,65.23076923076923,10.748748293126988,65.23076923076923,0
per_huruf,1,1291,0.8946638946638946,10.659535730541647,65.3076923076923,10.659535730541647,65.3076923076923,0
per_huruf,1,1292,0.8953568953568953,10.569868001820664,65.38461538461539,10.569868001820664,65.38461538461539,0
per_huruf,1,1293,0.896049896049896,10.48111060537096,65.46153846153847,10.48111060537096,65.46153846153847,0
per_huruf,1,1294,0.8967428967428968,10.394629039599451,65.53846153846153,10.394629039599451,65.53846153846153,0
per_huruf,1,1295,0.8974358974358975,10.311788802913064,65.61538461538461,10.311788802913064,65.61538461538461,0
per_huruf,1,1296,0.8981288981288982,10.233955393718706,65.6923076923077,10.233955393718706,65.6923076923077,0
per_huruf,1,1297,0.8988218988218988,10.162494310423304,65.76923076923077,10.162494310423304,65.76923076923077,0
per_huruf,1,1298,0.8995148995148995,10.098771051433772,65.84615384615384,10.098771051433772,65.84615384615384,0
per_huruf,1,1299,0.9002079002079002,10.044151115157032,65.92307692307692,10.044151115157032,65.92307692307692,0
per_huruf,1,1300,0.9009009009009009,10.0,66.0,10.0,66.0,0
per_huruf,1,1301,0.9015939015939016,9.967228038233957,66.07692307692308,9.967228038233957,66.07692307692308,0
per_huruf,1,1302,0.9022869022869023,9.94492489758762,66.15384615384616,9.94492489758762,66.15384615384616,0
per_huruf,1,1303,0.9029799029799029,9.931725079654074,66.23076923076923,9.931725079654074,66.23076923076923,0
per_huruf,1,1304,0.9036729036729036,9.926263086026399,66.30769230769229,9.926263086026399,66.30769230769229,0
per_huruf,1,1305,0.9043659043659044,9.927173418297679,66.3846153846154,9.927173418297679,66.3846153846154,0
per_huruf,1,1306,0.9050589050589051,9.933090578060993,66.46153846153847,9.933090578060993,66.46153846153847,0
per_huruf,1,1307,0.9057519057519058,9.942649066909421,66.53846153846155,9.942649066909421,66.53846153846155,0
per_huruf,1,1308,0.9064449064449065,9.95448338643605,66.61538461538463,9.95448338643605,66.61538461538463,0
per_huruf,1,1309,0.9071379071379071,9.967228038233955,66.6923076923077,9.967228038233955,66.6923076923077,0
per_huruf,1,1310,0.9078309078309078,9.979517523896222,66.76923076923077,9.979517523896222,66.76923076923077,0
per_huruf,1,1311,0.9085239085239085,9.98998634501593,66.84615384615385,9.98998634501593,66.84615384615385,0
per_huruf,1,1312,0.9092169092169092,9.997269003186164,66.92307692307692,9.997269003186164,66.92307692307692,0
per_huruf,1,1313,0.9099099099099099,10.0,67.0,10.0,67.0,0
per_huruf,1,1314,0.9106029106029107,10.002730996813838,67.07692307692308,10.002730996813838,67.07692307692308,0
per_huruf,1,1315,0.9112959112959113,10.01001365498407,67.15384615384616,10.01001365498407,67.15384615384616,0
per_huruf,1,1316,0.911988911988912,10.020482476103775,67.23076923076923,10.020482476103775,67.23076923076923,0
per_huruf,1,1317,0.9126819126819127,10.032771961766043,67.3076923076923,10.032771961766043,67.3076923076923,0
per_huruf,1,1318,0.9133749133749134,10.04551661356395,67.38461538461539,10.04551661356395,67.38461538461539,0
per_huruf,1,1319,0.9140679140679141,10.057350933090579,67.46153846153847,10.057350933090579,67.46153846153847,0
per_huruf,1,1320,0.9147609147609148,10.066909421939005,67.53846153846153,10.066909421939005,67.53846153846153,0
per_huruf,1,1321,0.9154539154539154,10.072826581702321,67.61538461538461,10.072826581702321,67.61538461538461,0
per_huruf,1,1322,0.9161469161469161,10.073736913973601,67.69230769230768,10.073736913973601,67.69230769230768,0
per_huruf,1,1323,0.9168399168399168,10.068274920345925,67.76923076923076,10.068274920345925,67.76923076923076,0
per_huruf,1,1324,0.9175329175329175,10.055075102412381,67.84615384615385,10.055075102412381,67.84615384615385,0
per_huruf,1,1325,0.9182259182259183,10.032771961766045,67.92307692307692,10.032771961766045,67.92307692307692,0
per_huruf,1,1326,0.918918918918919,10.0,68.0,10.0,68.0,0
per_huruf,1,1327,0.9196119196119196,9.953117888029134,68.0769230769231,9.953117888029134,68.0769230769231,0
per_huruf,1,1328,0.9203049203049203,9.891215293582158,68.15384615384616,9.891215293582158,68.15384615384616,0
per_huruf,1,1329,0.920997920997921,9.817023213472917,68.23076923076921,9.817023213472917,68.23076923076921,0
per_huruf,1,1330,0.9216909216909217,9.733272644515248,68.30769230769229,9.733272644515248,68.30769230769229,0
per_huruf,1,1331,0.9223839223839224,9.642694583522985,68.38461538461539,9.642694583522985,68.38461538461539,0
per_huruf,1,1332,0.9230769230769231,9.548020027309969,68.46153846153847,9.548020027309969,68.46153846153847,0
per_huruf,1,1333,0.9237699237699237,9.451979972690031,68.53846153846153,9.451979972690031,68.53846153846153,0
per_huruf,1,1334,0.9244629244629244,9.357305416477015,68.61538461538461,9.357305416477015,68.61538461538461,0
per_huruf,1,1335,0.9251559251559252,9.26672735548475,68.6923076923077,9.26672735548475,68.6923076923077,0
per_huruf,1,1336,0.9258489258489259,9.182976786527082,68.76923076923077,9.182976786527082,68.76923076923077,0
per_huruf,1,1337,0.9265419265419266,9.108784706417843,68.84615384615385,9.108784706417843,68.84615384615385,0
per_huruf,1,1338,0.9272349272349273,9.046882111970868,68.92307692307692,9.046882111970868,68.92307692307692,0
per_huruf,1,1339,0.9279279279279279,9.0,69.0,9.0,69.0,0
per_huruf,1,1340,0.9286209286209286,8.969959035047795,69.07692307692308,8.969959035047795,69.07692307692308,0
per_huruf,1,1341,0.9293139293139293,8.95493855257169,69.15384615384615,8.95493855257169,69.15384615384615,0
per_huruf,1,1342,0.93000693000693,8.95220755575785,69.23076923076921,8.95220755575785,69.23076923076921,0
per_huruf,1,1343,0.9306999306999307,8.959035047792446,69.30769230769229,8.959035047792446,69.30769230769229,0
per_huruf,1,1344,0.9313929313929314,8.97269003186163,69.38461538461539,8.97269003186163,69.38461538461539,0
per_huruf,1,1345,0.932085932085932,8.99044151115157,69.46153846153847,8.99044151115157,69.46153846153847,0
per_huruf,1,1346,0.9327789327789328,9.00955848884843,69.53846153846155,9.00955848884843,69.53846153846155,0
per_huruf,1,1347,0.9334719334719335,9.02730996813837,69.61538461538461,9.02730996813837,69.61538461538461,0
per_huruf,1,1348,0.9341649341649342,9.040964952207554,69.6923076923077,9.040964952207554,69.6923076923077,0
per_huruf,1,1349,0.9348579348579349,9.047792444242148,69.76923076923077,9.047792444242148,69.76923076923077,0
per_huruf,1,1350,0.9355509355509356,9.045061447428312,69.84615384615385,9.045061447428312,69.84615384615385,0
per_huruf,1,1351,0.9362439362439362,9.030040964952207,69.92307692307692,9.030040964952207,69.92307692307692,0
per_huruf,1,1352,0.9369369369369369,9.0,70.0,9.0,70.0,0
per_huruf,1,1353,0.9376299376299376,8.953117888029134,70.0769230769231,8.953117888029134,70.0769230769231,0
per_huruf,1,1354,0.9383229383229383,8.891215293582158,70.15384615384615,8.891215293582158,70.15384615384615,0
per_huruf,1,1355,0.939015939015939,8.817023213472917,70.23076923076921,8.817023213472917,70.23076923076921,0
per_huruf,1,1356,0.9397089397089398,8.733272644515248,70.3076923076923,8.733272644515248,70.3076923076923,0
per_huruf,1,1357,0.9404019404019404,8.642694583522989,70.38461538461539,8.642694583522989,70.38461538461539,0
per_huruf,1,1358,0.9410949410949411,8.548020027309969,70.46153846153848,8.548020027309969,70.46153846153848,0
per_huruf,1,1359,0.9417879417879418,8.451979972690031,70.53846153846155,8.451979972690031,70.53846153846155,0
per_huruf,1,1360,0.9424809424809425,8.357305416477015,70.61538461538461,8.357305416477015,70.61538461538461,0
per_huruf,1,1361,0.9431739431739432,8.26672735548475,70.6923076923077,8.26672735548475,70.6923076923077,0
per_huruf,1,1362,0.9438669438669439,8.182976786527082,70.76923076923077,8.182976786527082,70.76923076923077,0
per_huruf,1,1363,0.9445599445599445,8.108784706417843,70.84615384615385,8.108784706417843,70.84615384615385,0
per_huruf,1,1364,0.9452529452529452,8.046882111970868,70.92307692307692,8.046882111970868,70.92307692307692,0
per_huruf,1,1365,0.9459459459459459,8.0,71.0,8.0,71.0,0
per_huruf,1,1366,0.9466389466389467,7.967228038233957,71.07692307692308,7.967228038233957,71.07692307692308,0
per_huruf,1,1367,0.9473319473319474,7.944924897587619,71.15384615384616,7.944924897587619,71.15384615384616,0
per_huruf,1,1368,0.9480249480249481,7.931725079654073,71.23076923076921,7.931725079654073,71.23076923076921,0
per_huruf,1,1369,0.9487179487179487,7.926263086026398,71.3076923076923,7.926263086026398,71.3076923076923,0
per_huruf,1,1370,0.9494109494109494,7.92717341829768,71.38461538461539,7.92717341829768,71.38461538461539,0
per_huruf,1,1371,0.9501039501039501,7.933090578060993,71.46153846153847,7.933090578060993,71.46153846153847,0
per_huruf,1,1372,0.9507969507969508,7.942649066909421,71.53846153846153,7.942649066909421,71.53846153846153,0
per_huruf,1,1373,0.9514899514899515,7.954483386436049,71.61538461538461,7.954483386436049,71.61538461538461,0
per_huruf,1,1374,0.9521829521829522,7.967228038233955,71.6923076923077,7.967228038233955,71.6923076923077,0
per_huruf,1,1375,0.9528759528759528,7.979517523896221,71.76923076923077,7.979517523896221,71.76923076923077,0
per_huruf,1,1376,0.9535689535689535,7.9899863450159305,71.84615384615385,7.9899863450159305,71.84615384615385,0
per_huruf,1,1377,0.9542619542619543,7.997269003186163,71.92307692307692,7.997269003186163,71.92307692307692,0
per_huruf,1,1378,0.954954954954955,8.0,72.0,8.0,72.0,0
per_huruf,1,1379,0.9556479556479557,8.000000000000002,72.07692307692308,8.000000000000002,72.07692307692308,0
per_huruf,1,1380,0.9563409563409564,8.0,72.15384615384616,8.0,72.15384615384616,0
per_huruf,1,1381,0.957033957033957,7.999999999999999,72.23076923076923,7.999999999999999,72.23076923076923,0
per_huruf,1,1382,0.9577269577269577,7.999999999999999,72.30769230769229,7.999999999999999,72.30769230769229,0
per_huruf,1,1383,0.9584199584199584,8.0,72.38461538461539,8.0,72.38461538461539,0
per_huruf,1,1384,0.9591129591129591,8.0,72.46153846153845,8.0,72.46153846153845,0
per_huruf,1,1385,0.9598059598059598,8.0,72.53846153846153,8.0,72.53846153846153,0
per_huruf,1,1386,0.9604989604989606,8.0,72.61538461538461,8.0,72.61538461538461,0
per_huruf,1,1387,0.9611919611919612,8.0,72.69230769230768,8.0,72.69230769230768,0
per_huruf,1,1388,0.9618849618849619,7.999999999999999,72.76923076923077,7.999999999999999,72.76923076923077,0
per_huruf,1,1389,0.9625779625779626,8.0,72.84615384615384,8.0,72.84615384615384,0
per_huruf,1,1390,0.9632709632709633,8.0,72.92307692307692,8.0,72.92307692307692,0
per_huruf,1,1391,0.963963963963964,8.0,73.0,8.0,73.0,0
per_huruf,1,1392,0.9646569646569647,8.000000000000002,73.07692307692308,8.000000000000002,73.07692307692308,0
per_huruf,1,1393,0.9653499653499653,8.0,73.15384615384615,8.0,73.15384615384615,0
per_huruf,1,1394,0.966042966042966,7.999999999999999,73.23076923076923,7.999999999999999,73.23076923076923,0
per_huruf,1,1395,0.9667359667359667,7.999999999999999,73.3076923076923,7.999999999999999,73.3076923076923,0
per_huruf,1,1396,0.9674289674289674,8.0,73.38461538461539,8.0,73.38461538461539,0
per_huruf,1,1397,0.9681219681219682,8.0,73.46153846153847,8.0,73.46153846153847,0
per_huruf,1,1398,0.9688149688149689,8.0,73.53846153846155,8.0,73.53846153846155,0
per_huruf,1,1399,0.9695079695079695,8.0,73.61538461538461,8.0,73.61538461538461,0
per_huruf,1,1400,0.9702009702009702,8.0,73.6923076923077,8.0,73.6923076923077,0
per_huruf,1,1401,0.9708939708939709,7.999999999999999,73.76923076923077,7.999999999999999,73.76923076923077,0
per_huruf,1,1402,0.9715869715869716,8.0,73.84615384615384,8.0,73.84615384615384,0
per_huruf,1,1403,0.9722799722799723,8.0,73.92307692307692,8.0,73.92307692307692,0
per_huruf,1,1404,0.972972972972973,8.0,74.0,8.0,74.0,0
per_huruf,1,1405,0.9736659736659736,8.000000000000002,74.07692307692308,8.000000000000002,74.07692307692308,0
per_huruf,1,1406,0.9743589743589743,8.0,74.15384615384615,8.0,74.15384615384615,0
per_huruf,1,1407,0.975051975051975,7.999999999999999,74.23076923076923,7.999999999999999,74.23076923076923,0
per_huruf,1,1408,0.9757449757449758,7.999999999999999,74.30769230769229,7.999999999999999,74.30769230769229,0
per_huruf,1,1409,0.9764379764379765,8.0,74.3846153846154,8.0,74.3846153846154,0
per_huruf,1,1410,0.9771309771309772,8.0,74.46153846153847,8.0,74.46153846153847,0
per_huruf,1,1411,0.9778239778239778,8.0,74.53846153846153,8.0,74.53846153846153,0
per_huruf,1,1412,0.9785169785169785,8.0,74.61538461538461,8.0,74.61538461538461,0
per_huruf,1,1413,0.9792099792099792,8.0,74.6923076923077,8.0,74.6923076923077,0
per_huruf,1,1414,0.9799029799029799,7.999999999999999,74.76923076923077,7.999999999999999,74.76923076923077,0
per_huruf,1,1415,0.9805959805959806,8.0,74.84615384615384,8.0,74.84615384615384,0
per_huruf,1,1416,0.9812889812889813,8.0,74.92307692307692,8.0,74.92307692307692,0
per_huruf,1,1417,0.9819819819819819,8.0,75.0,8.0,75.0,0
per_huruf,1,1418,0.9826749826749827,7.997269003186164,75.07692307692308,7.997269003186164,75.07692307692308,0
per_huruf,1,1419,0.9833679833679834,7.989986345015931,75.15384615384616,7.989986345015931,75.15384615384616,0
per_huruf,1,1420,0.9840609840609841,7.979517523896221,75.23076923076923,7.979517523896221,75.23076923076923,0
per_huruf,1,1421,0.9847539847539848,7.967228038233954,75.3076923076923,7.967228038233954,75.3076923076923,0
per_huruf,1,1422,0.9854469854469855,7.95448338643605,75.3846153846154,7.95448338643605,75.3846153846154,0
per_huruf,1,1423,0.9861399861399861,7.942649066909423,75.46153846153847,7.942649066909423,75.46153846153847,0
per_huruf,1,1424,0.9868329868329868,7.933090578060992,75.53846153846153,7.933090578060992,75.53846153846153,0
per_huruf,1,1425,0.9875259875259875,7.927173418297678,75.61538461538461,7.927173418297678,75.61538461538461,0
per_huruf,1,1426,0.9882189882189882,7.926263086026399,75.6923076923077,7.926263086026399,75.6923076923077,0
per_huruf,1,1427,0.988911988911989,7.931725079654073,75.76923076923077,7.931725079654073,75.76923076923077,0
per_huruf,1,1428,0.9896049896049897,7.94492489758762,75.84615384615384,7.94492489758762,75.84615384615384,0
per_huruf,1,1429,0.9902979902979903,7.967228038233955,75.92307692307692,7.967228038233955,75.92307692307692,0
per_huruf,1,1430,0.990990990990991,8.0,76.0,8.0,76.0,0
per_huruf,1,1431,0.9916839916839917,8.04688211197087,76.07965407373693,8.04688211197087,76.07965407373693,0
per_huruf,1,1432,0.9923769923769924,8.108784706417843,76.16385980883024,8.108784706417843,76.16385980883024,0
per_huruf,1,1433,0.9930699930699931,8.18297678652708,76.25125170687299,8.18297678652708,76.25125170687299,0
per_huruf,1,1434,0.9937629937629938,8.266727355484752,76.34046426945834,8.266727355484752,76.34046426945834,0
per_huruf,1,1435,0.9944559944559944,8.357305416477015,76.43013199817933,8.357305416477015,76.43013199817933,0
per_huruf,1,1436,0.9951489951489951,8.451979972690031,76.51888939462904,8.451979972690031,76.51888939462904,0
per_huruf,1,1437,0.9958419958419958,8.548020027309969,76.60537096040055,8.548020027309969,76.60537096040055,0
per_huruf,1,1438,0.9965349965349966,8.642694583522987,76.68821119708693,8.642694583522987,76.68821119708693,0
per_huruf,1,1439,0.9972279972279973,8.733272644515248,76.76604460628128,8.733272644515248,76.76604460628128,0
per_huruf,1,1440,0.997920997920998,8.817023213472918,76.83750568957669,8.817023213472918,76.83750568957669,0
per_huruf,1,1441,0.9986139986139986,8.891215293582158,76.90122894856623,8.891215293582158,76.90122894856623,0
per_huruf,1,1442,0.9993069993069993,8.95311788802913,76.95584888484296,8.95311788802913,76.95584888484296,0
per_huruf,1,1443,1.0,9.0,77.0,9.0,77.0,0
