label,huruf,point_index,t,bezier_xx_x,bezier_xx_y,xx_sc_x,xx_sc_y,is_sample_output_bezier_py
per_huruf,8,0,0.0,287.0,91.0,287.0,91.0,0
per_huruf,8,1,0.0006688963210702341,287.00000000000006,91.04415111515705,287.00000000000006,91.04415111515705,0
per_huruf,8,2,0.0013377926421404682,287.00000000000006,91.09877105143377,287.00000000000006,91.09877105143377,0
per_huruf,8,3,0.002006688963210702,287.0,91.1624943104233,287.0,91.1624943104233,0
per_huruf,8,4,0.0026755852842809363,286.99999999999994,91.2339553937187,286.99999999999994,91.2339553937187,0
per_huruf,8,5,0.0033444816053511705,287.00000000000006,91.31178880291309,287.00000000000006,91.31178880291309,0
per_huruf,8,6,0.004013377926421404,287.00000000000006,91.39462903959947,287.00000000000006,91.39462903959947,0
per_huruf,8,7,0.0046822742474916385,287.0,91.48111060537096,287.0,91.48111060537096,0
per_huruf,8,8,0.005351170568561873,287.0,91.56986800182067,287.0,91.56986800182067,0
per_huruf,8,9,0.006020066889632107,287.0,91.65953573054165,287.0,91.65953573054165,0
per_huruf,8,10,0.006688963210702341,287.0,91.74874829312698,287.0,91.74874829312698,0
per_huruf,8,11,0.007357859531772575,287.0,91.83614019116978,287.0,91.83614019116978,0
per_huruf,8,12,0.008026755852842809,287.0,91.92034592626308,287.0,91.92034592626308,0
per_huruf,8,13,0.008695652173913044,287.0,92.0,287.0,92.0,0
per_huruf,8,14,0.009364548494983277,287.00000000000006,92.0769230769231,287.00000000000006,92.0769230769231,0
per_huruf,8,15,0.010033444816053512,287.00000000000006,92.15384615384615,287.00000000000006,92.15384615384615,0
per_huruf,8,16,0.010702341137123745,287.0,92.23076923076921,287.0,92.23076923076921,0
per_huruf,8,17,0.011371237458193979,286.99999999999994,92.3076923076923,286.99999999999994,92.3076923076923,0
per_huruf,8,18,0.012040133779264214,287.00000000000006,92.3846153846154,287.00000000000006,92.3846153846154,0
per_huruf,8,19,0.012709030100334447,287.00000000000006,92.46153846153847,287.00000000000006,92.46153846153847,0
per_huruf,8,20,0.013377926421404682,287.0,92.53846153846155,287.0,92.53846153846155,0
per_huruf,8,21,0.014046822742474915,287.0,92.61538461538463,287.0,92.61538461538463,0
per_huruf,8,22,0.01471571906354515,287.0,92.69230769230768,287.0,92.69230769230768,0
per_huruf,8,23,0.015384615384615384,287.0,92.76923076923076,287.0,92.76923076923076,0
per_huruf,8,24,0.016053511705685617,287.0,92.84615384615384,287.0,92.84615384615384,0
per_huruf,8,25,0.016722408026755852,287.0,92.92307692307692,287.0,92.92307692307692,0
per_huruf,8,26,0.017391304347826087,287.0,93.0,287.0,93.0,0
per_huruf,8,27,0.01806020066889632,287.00000000000006,93.07692307692308,287.00000000000006,93.07692307692308,0
per_huruf,8,28,0.018729096989966554,287.00000000000006,93.15384615384616,287.00000000000006,93.15384615384616,0
per_huruf,8,29,0.01939799331103679,287.0,93.23076923076921,287.0,93.23076923076921,0
per_huruf,8,30,0.020066889632107024,286.99999999999994,93.30769230769229,286.99999999999994,93.30769230769229,0
per_huruf,8,31,0.020735785953177256,287.00000000000006,93.3846153846154,287.00000000000006,93.3846153846154,0
per_huruf,8,32,0.02140468227424749,287.00000000000006,93.46153846153847,287.00000000000006,93.46153846153847,0
per_huruf,8,33,0.022073578595317726,287.0,93.53846153846153,287.0,93.53846153846153,0
per_huruf,8,34,0.022742474916387957,287.0,93.61538461538463,287.0,93.61538461538463,0
per_huruf,8,35,0.023411371237458192,287.0,93.6923076923077,287.0,93.6923076923077,0
per_huruf,8,36,0.024080267558528427,287.0,93.76923076923076,287.0,93.76923076923076,0
per_huruf,8,37,0.024749163879598662,287.0,93.84615384615384,287.0,93.84615384615384,0
per_huruf,8,38,0.025418060200668894,287.0,93.92307692307692,287.0,93.92307692307692,0
per_huruf,8,39,0.02608695652173913,287.0,94.0,287.0,94.0,0
per_huruf,8,40,0.026755852842809364,286.9972690031862,94.07692307692308,286.9972690031862,94.07692307692308,1
per_huruf,8,41,0.027424749163879596,286.989986345016,94.15384615384615,286.989986345016,94.15384615384615,0
per_huruf,8,42,0.02809364548494983,286.97951752389616,94.23076923076923,286.97951752389616,94.23076923076923,0
per_huruf,8,43,0.028762541806020066,286.9672280382339,94.30769230769229,286.9672280382339,94.30769230769229,0
per_huruf,8,44,0.0294314381270903,286.9544833864361,94.38461538461539,286.9544833864361,94.38461538461539,0
per_huruf,8,45,0.030100334448160532,286.94264906690944,94.46153846153847,286.94264906690944,94.46153846153847,0
per_huruf,8,46,0.030769230769230767,286.93309057806096,94.53846153846153,286.93309057806096,94.53846153846153,0
per_huruf,8,47,0.031438127090301,286.9271734182977,94.61538461538461,286.9271734182977,94.61538461538461,0
per_huruf,8,48,0.032107023411371234,286.9262630860264,94.6923076923077,286.9262630860264,94.6923076923077,0
per_huruf,8,49,0.03277591973244147,286.93172507965403,94.76923076923076,286.93172507965403,94.76923076923076,0
per_huruf,8,50,0.033444816053511704,286.9449248975876,94.84615384615385,286.9449248975876,94.84615384615385,0
per_huruf,8,51,0.03411371237458194,286.96722803823394,94.92307692307692,286.96722803823394,94.92307692307692,0
per_huruf,8,52,0.034782608695652174,287.0,95.0,287.0,95.0,0
per_huruf,8,53,0.03545150501672241,287.04688211197094,95.0769230769231,287.04688211197094,95.0769230769231,0
per_huruf,8,54,0.03612040133779264,287.1087847064179,95.15384615384616,287.1087847064179,95.15384615384616,0
per_huruf,8,55,0.03678929765886287,287.18297678652704,95.23076923076923,287.18297678652704,95.23076923076923,0
per_huruf,8,56,0.03745819397993311,287.26672735548476,95.3076923076923,287.26672735548476,95.3076923076923,0
per_huruf,8,57,0.03812709030100334,287.35730541647706,95.3846153846154,287.35730541647706,95.3846153846154,0
per_huruf,8,58,0.03879598662207358,287.45197997269,95.46153846153847,287.45197997269,95.46153846153847,0
per_huruf,8,59,0.03946488294314381,287.54802002731,95.53846153846155,287.54802002731,95.53846153846155,0
per_huruf,8,60,0.04013377926421405,287.642694583523,95.61538461538463,287.642694583523,95.61538461538463,0
per_huruf,8,61,0.040802675585284276,287.73327264451524,95.6923076923077,287.73327264451524,95.6923076923077,1
per_huruf,8,62,0.04147157190635451,287.8170232134729,95.76923076923076,287.8170232134729,95.76923076923076,0
per_huruf,8,63,0.042140468227424746,287.89121529358215,95.84615384615384,287.89121529358215,95.84615384615384,0
per_huruf,8,64,0.04280936454849498,287.9531178880291,95.92307692307692,287.9531178880291,95.92307692307692,0
per_huruf,8,65,0.043478260869565216,288.0,96.0,288.0,96.0,0
per_huruf,8,66,0.04414715719063545,288.03004096495226,96.0769230769231,288.03004096495226,96.0769230769231,0
per_huruf,8,67,0.044816053511705686,288.04506144742834,96.15384615384616,288.04506144742834,96.15384615384616,0
per_huruf,8,68,0.045484949832775914,288.0477924442421,96.23076923076921,288.0477924442421,96.23076923076921,0
per_huruf,8,69,0.04615384615384615,288.04096495220756,96.3076923076923,288.04096495220756,96.3076923076923,0
per_huruf,8,70,0.046822742474916385,288.0273099681384,96.38461538461539,288.0273099681384,96.38461538461539,0
per_huruf,8,71,0.04749163879598662,288.0095584888484,96.46153846153847,288.0095584888484,96.46153846153847,0
per_huruf,8,72,0.048160535117056855,287.9904415111516,96.53846153846153,287.9904415111516,96.53846153846153,0
per_huruf,8,73,0.04882943143812709,287.97269003186165,96.61538461538463,287.97269003186165,96.61538461538463,0
per_huruf,8,74,0.049498327759197325,287.95903504779244,96.6923076923077,287.95903504779244,96.6923076923077,0
per_huruf,8,75,0.05016722408026755,287.9522075557578,96.76923076923076,287.9522075557578,96.76923076923076,0
per_huruf,8,76,0.05083612040133779,287.9549385525717,96.84615384615384,287.9549385525717,96.84615384615384,0
per_huruf,8,77,0.05150501672240802,287.9699590350478,96.92307692307692,287.9699590350478,96.92307692307692,0
per_huruf,8,78,0.05217391304347826,288.0,97.0,288.0,97.0,0
per_huruf,8,79,0.05284280936454849,288.0468821119709,97.0769230769231,288.0468821119709,97.0769230769231,0
per_huruf,8,80,0.05351170568561873,288.10878470641785,97.15384615384616,288.10878470641785,97.15384615384616,0
per_huruf,8,81,0.05418060200668896,288.18297678652704,97.23076923076921,288.18297678652704,97.23076923076921,1
per_huruf,8,82,0.05484949832775919,288.2667273554847,97.30769230769229,288.2667273554847,97.30769230769229,0
per_huruf,8,83,0.055518394648829426,288.357305416477,97.3846153846154,288.357305416477,97.3846153846154,0
per_huruf,8,84,0.05618729096989966,288.4519799726901,97.46153846153848,288.4519799726901,97.46153846153848,0
per_huruf,8,85,0.056856187290969896,288.54802002731,97.53846153846155,288.54802002731,97.53846153846155,0
per_huruf,8,86,0.05752508361204013,288.642694583523,97.61538461538463,288.642694583523,97.61538461538463,0
per_huruf,8,87,0.05819397993311037,288.73327264451524,97.69230769230771,288.73327264451524,97.69230769230771,0
per_huruf,8,88,0.0588628762541806,288.8170232134729,97.76923076923076,288.8170232134729,97.76923076923076,0
per_huruf,8,89,0.05953177257525083,288.89121529358215,97.84615384615385,288.89121529358215,97.84615384615385,0
per_huruf,8,90,0.060200668896321065,288.9531178880291,97.92307692307692,288.9531178880291,97.92307692307692,0
per_huruf,8,91,0.0608695652173913,289.0,98.0,289.0,98.0,1
per_huruf,8,92,0.061538461538461535,289.0327719617661,98.0769230769231,289.0327719617661,98.0769230769231,0
per_huruf,8,93,0.06220735785953177,289.0550751024124,98.15384615384616,289.0550751024124,98.15384615384616,0
per_huruf,8,94,0.062876254180602,289.06827492034586,98.23076923076921,289.06827492034586,98.23076923076921,0
per_huruf,8,95,0.06354515050167224,289.07373691397356,98.30769230769229,289.07373691397356,98.30769230769229,0
per_huruf,8,96,0.06421404682274247,289.0728265817023,98.38461538461539,289.0728265817023,98.38461538461539,0
per_huruf,8,97,0.06488294314381271,289.06690942193904,98.46153846153847,289.06690942193904,98.46153846153847,0
per_huruf,8,98,0.06555183946488294,289.05735093309056,98.53846153846153,289.05735093309056,98.53846153846153,0
per_huruf,8,99,0.06622073578595318,289.04551661356396,98.61538461538461,289.04551661356396,98.61538461538461,0
per_huruf,8,100,0.06688963210702341,289.032771961766,98.69230769230768,289.032771961766,98.69230769230768,0
per_huruf,8,101,0.06755852842809364,289.0204824761038,98.76923076923077,289.0204824761038,98.76923076923077,0
per_huruf,8,102,0.06822742474916388,289.01001365498405,98.84615384615384,289.01001365498405,98.84615384615384,0
per_huruf,8,103,0.0688963210702341,289.00273099681385,98.92307692307692,289.00273099681385,98.92307692307692,0
per_huruf,8,104,0.06956521739130435,289.0,99.0,289.0,99.0,0
per_huruf,8,105,0.07023411371237458,288.9972690031862,99.0769230769231,288.9972690031862,99.0769230769231,0
per_huruf,8,106,0.07090301003344482,288.98998634501595,99.15384615384616,288.98998634501595,99.15384615384616,0
per_huruf,8,107,0.07157190635451505,288.97951752389616,99.23076923076921,288.97951752389616,99.23076923076921,0
per_huruf,8,108,0.07224080267558528,288.9672280382339,99.3076923076923,288.9672280382339,99.3076923076923,0
per_huruf,8,109,0.07290969899665552,288.95448338643604,99.3846153846154,288.95448338643604,99.3846153846154,0
per_huruf,8,110,0.07357859531772575,288.94264906690944,99.46153846153848,288.94264906690944,99.46153846153848,0
per_huruf,8,111,0.07424749163879599,288.93309057806096,99.53846153846153,288.93309057806096,99.53846153846153,0
per_huruf,8,112,0.07491638795986622,288.9271734182977,99.61538461538461,288.9271734182977,99.61538461538461,0
per_huruf,8,113,0.07558528428093646,288.9262630860264,99.69230769230771,288.9262630860264,99.69230769230771,0
per_huruf,8,114,0.07625418060200669,288.93172507965403,99.76923076923076,288.93172507965403,99.76923076923076,0
per_huruf,8,115,0.07692307692307691,288.9449248975876,99.84615384615385,288.9449248975876,99.84615384615385,0
per_huruf,8,116,0.07759197324414716,288.96722803823394,99.92307692307692,288.96722803823394,99.92307692307692,0
per_huruf,8,117,0.07826086956521738,289.0,100.0,289.0,100.0,0
per_huruf,8,118,0.07892976588628763,289.04688211197094,100.07692307692308,289.04688211197094,100.07692307692308,0
per_huruf,8,119,0.07959866220735785,289.10878470641785,100.15384615384615,289.10878470641785,100.15384615384615,0
per_huruf,8,120,0.0802675585284281,289.18297678652704,100.23076923076921,289.18297678652704,100.23076923076921,0
per_huruf,8,121,0.08093645484949832,289.26672735548476,100.3076923076923,289.26672735548476,100.3076923076923,0
per_huruf,8,122,0.08160535117056855,289.357305416477,100.38461538461539,289.357305416477,100.38461538461539,1
per_huruf,8,123,0.0822742474916388,289.4519799726901,100.46153846153847,289.4519799726901,100.46153846153847,0
per_huruf,8,124,0.08294314381270902,289.54802002731,100.53846153846155,289.54802002731,100.53846153846155,0
per_huruf,8,125,0.08361204013377926,289.642694583523,100.61538461538461,289.642694583523,100.61538461538461,0
per_huruf,8,126,0.08428093645484949,289.73327264451524,100.6923076923077,289.73327264451524,100.6923076923077,0
per_huruf,8,127,0.08494983277591973,289.8170232134729,100.76923076923077,289.8170232134729,100.76923076923077,0
per_huruf,8,128,0.08561872909698996,289.89121529358215,100.84615384615385,289.89121529358215,100.84615384615385,0
per_huruf,8,129,0.08628762541806019,289.9531178880291,100.92307692307692,289.9531178880291,100.92307692307692,0
per_huruf,8,130,0.08695652173913043,290.0,101.0,290.0,101.0,0
per_huruf,8,131,0.08762541806020066,290.03004096495226,101.0769230769231,290.03004096495226,101.0769230769231,0
per_huruf,8,132,0.0882943143812709,290.0450614474283,101.15384615384616,290.0450614474283,101.15384615384616,0
per_huruf,8,133,0.08896321070234113,290.04779244424213,101.23076923076923,290.04779244424213,101.23076923076923,0
per_huruf,8,134,0.08963210702341137,290.04096495220756,101.30769230769229,290.04096495220756,101.30769230769229,0
per_huruf,8,135,0.0903010033444816,290.02730996813835,101.3846153846154,290.02730996813835,101.3846153846154,0
per_huruf,8,136,0.09096989966555183,290.0095584888485,101.46153846153848,290.0095584888485,101.46153846153848,0
per_huruf,8,137,0.09163879598662207,289.9904415111516,101.53846153846153,289.9904415111516,101.53846153846153,0
per_huruf,8,138,0.0923076923076923,289.97269003186165,101.61538461538461,289.97269003186165,101.61538461538461,0
per_huruf,8,139,0.09297658862876254,289.95903504779244,101.6923076923077,289.95903504779244,101.6923076923077,0
per_huruf,8,140,0.09364548494983277,289.9522075557578,101.76923076923077,289.9522075557578,101.76923076923077,0
per_huruf,8,141,0.09431438127090301,289.95493855257166,101.84615384615384,289.95493855257166,101.84615384615384,0
per_huruf,8,142,0.09498327759197324,289.96995903504774,101.92307692307692,289.96995903504774,101.92307692307692,0
per_huruf,8,143,0.09565217391304347,290.0,102.0,290.0,102.0,0
per_huruf,8,144,0.09632107023411371,290.04688211197094,102.0769230769231,290.04688211197094,102.0769230769231,0
per_huruf,8,145,0.09698996655518394,290.10878470641785,102.15384615384616,290.10878470641785,102.15384615384616,0
per_huruf,8,146,0.09765886287625418,290.1829767865271,102.23076923076921,290.1829767865271,102.23076923076921,0
per_huruf,8,147,0.09832775919732441,290.2667273554847,102.30769230769229,290.2667273554847,102.30769230769229,0
per_huruf,8,148,0.09899665551839465,290.357305416477,102.38461538461539,290.357305416477,102.38461538461539,0
per_huruf,8,149,0.09966555183946488,290.45197997269,102.46153846153845,290.45197997269,102.46153846153845,0
per_huruf,8,150,0.1003344481605351,290.5480200273099,102.53846153846155,290.5480200273099,102.53846153846155,0
per_huruf,8,151,0.10100334448160535,290.642694583523,102.61538461538461,290.642694583523,102.61538461538461,0
per_huruf,8,152,0.10167224080267558,290.73327264451524,102.6923076923077,290.73327264451524,102.6923076923077,0
per_huruf,8,153,0.10234113712374582,290.8170232134729,102.76923076923076,290.8170232134729,102.76923076923076,0
per_huruf,8,154,0.10301003344481605,290.89121529358215,102.84615384615385,290.89121529358215,102.84615384615385,0
per_huruf,8,155,0.10367892976588629,290.9531178880291,102.92307692307693,290.9531178880291,102.92307692307693,0
per_huruf,8,156,0.10434782608695652,291.0,103.0,291.0,103.0,0
per_huruf,8,157,0.10501672240802674,291.03004096495226,103.0769230769231,291.03004096495226,103.0769230769231,0
per_huruf,8,158,0.10568561872909699,291.04506144742834,103.15384615384616,291.04506144742834,103.15384615384616,0
per_huruf,8,159,0.10635451505016721,291.04779244424213,103.23076923076921,291.04779244424213,103.23076923076921,0
per_huruf,8,160,0.10702341137123746,291.0409649522075,103.30769230769229,291.0409649522075,103.30769230769229,0
per_huruf,8,161,0.10769230769230768,291.02730996813835,103.3846153846154,291.02730996813835,103.3846153846154,0
per_huruf,8,162,0.10836120401337793,291.0095584888484,103.46153846153847,291.0095584888484,103.46153846153847,0
per_huruf,8,163,0.10903010033444815,290.9904415111515,103.53846153846155,290.9904415111515,103.53846153846155,0
per_huruf,8,164,0.10969899665551838,290.97269003186165,103.61538461538461,290.97269003186165,103.61538461538461,0
per_huruf,8,165,0.11036789297658862,290.9590350477924,103.69230769230768,290.9590350477924,103.69230769230768,0
per_huruf,8,166,0.11103678929765885,290.9522075557578,103.76923076923077,290.9522075557578,103.76923076923077,0
per_huruf,8,167,0.1117056856187291,290.95493855257166,103.84615384615385,290.95493855257166,103.84615384615385,0
per_huruf,8,168,0.11237458193979932,290.9699590350478,103.92307692307692,290.9699590350478,103.92307692307692,0
per_huruf,8,169,0.11304347826086956,291.0,104.0,291.0,104.0,0
per_huruf,8,170,0.11371237458193979,291.0468821119709,104.0769230769231,291.0468821119709,104.0769230769231,0
per_huruf,8,171,0.11438127090301002,291.10878470641785,104.15384615384616,291.10878470641785,104.15384615384616,0
per_huruf,8,172,0.11505016722408026,291.18297678652704,104.2307692307692,291.18297678652704,104.2307692307692,0
per_huruf,8,173,0.11571906354515049,291.2667273554847,104.3076923076923,291.2667273554847,104.3076923076923,0
per_huruf,8,174,0.11638795986622073,291.357305416477,104.38461538461539,291.357305416477,104.38461538461539,0
per_huruf,8,175,0.11705685618729096,291.45197997269,104.46153846153845,291.45197997269,104.46153846153845,0
per_huruf,8,176,0.1177257525083612,291.54802002731,104.53846153846153,291.54802002731,104.53846153846153,0
per_huruf,8,177,0.11839464882943143,291.642694583523,104.61538461538461,291.642694583523,104.61538461538461,0
per_huruf,8,178,0.11906354515050166,291.7332726445152,104.69230769230768,291.7332726445152,104.69230769230768,0
per_huruf,8,179,0.1197324414715719,291.8170232134729,104.76923076923076,291.8170232134729,104.76923076923076,0
per_huruf,8,180,0.12040133779264213,291.89121529358215,104.84615384615384,291.89121529358215,104.84615384615384,1
per_huruf,8,181,0.12107023411371237,291.9531178880291,104.92307692307693,291.9531178880291,104.92307692307693,0
per_huruf,8,182,0.1217391304347826,292.0,105.0,292.0,105.0,0
per_huruf,8,183,0.12240802675585284,292.03004096495226,105.0769230769231,292.03004096495226,105.0769230769231,0
per_huruf,8,184,0.12307692307692307,292.04506144742834,105.15384615384616,292.04506144742834,105.15384615384616,0
per_huruf,8,185,0.1237458193979933,292.04779244424213,105.2307692307692,292.04779244424213,105.2307692307692,0
per_huruf,8,186,0.12441471571906354,292.0409649522075,105.30769230769229,292.0409649522075,105.30769230769229,0
per_huruf,8,187,0.12508361204013377,292.0273099681384,105.38461538461539,292.0273099681384,105.38461538461539,0
per_huruf,8,188,0.125752508361204,292.0095584888484,105.46153846153847,292.0095584888484,105.46153846153847,0
per_huruf,8,189,0.12642140468227425,291.9904415111516,105.53846153846155,291.9904415111516,105.53846153846155,0
per_huruf,8,190,0.12709030100334448,291.97269003186165,105.61538461538463,291.97269003186165,105.61538461538463,0
per_huruf,8,191,0.1277591973244147,291.95903504779244,105.69230769230768,291.95903504779244,105.69230769230768,0
per_huruf,8,192,0.12842809364548494,291.9522075557578,105.76923076923077,291.9522075557578,105.76923076923077,0
per_huruf,8,193,0.12909698996655516,291.95493855257166,105.84615384615385,291.95493855257166,105.84615384615385,0
per_huruf,8,194,0.12976588628762542,291.9699590350478,105.92307692307692,291.9699590350478,105.92307692307692,0
per_huruf,8,195,0.13043478260869565,292.0,106.0,292.0,106.0,0
per_huruf,8,196,0.13110367892976588,292.0441511151571,106.07965407373692,292.0441511151571,106.07965407373692,0
per_huruf,8,197,0.1317725752508361,292.0987710514338,106.16385980883022,292.0987710514338,106.16385980883022,0
per_huruf,8,198,0.13244147157190636,292.16249431042326,106.25125170687299,292.16249431042326,106.25125170687299,0
per_huruf,8,199,0.1331103678929766,292.2339553937187,106.34046426945834,292.2339553937187,106.34046426945834,0
per_huruf,8,200,0.13377926421404682,292.3117888029131,106.43013199817935,292.3117888029131,106.43013199817935,0
per_huruf,8,201,0.13444816053511705,292.3946290395995,106.51888939462904,292.3946290395995,106.51888939462904,0
per_huruf,8,202,0.13511705685618727,292.481110605371,106.60537096040055,292.481110605371,106.60537096040055,0
per_huruf,8,203,0.13578595317725753,292.5698680018207,106.68821119708694,292.5698680018207,106.68821119708694,0
per_huruf,8,204,0.13645484949832776,292.6595357305416,106.76604460628127,292.6595357305416,106.76604460628127,0
per_huruf,8,205,0.13712374581939799,292.74874829312694,106.83750568957669,292.74874829312694,106.83750568957669,0
per_huruf,8,206,0.1377926421404682,292.83614019116976,106.90122894856623,292.83614019116976,106.90122894856623,0
per_huruf,8,207,0.13846153846153844,292.9203459262631,106.95584888484296,292.9203459262631,106.95584888484296,0
per_huruf,8,208,0.1391304347826087,293.0,107.0,293.0,107.0,0
per_huruf,8,209,0.13979933110367893,293.07692307692315,107.03277196176606,293.07692307692315,107.03277196176606,0
per_huruf,8,210,0.14046822742474915,293.1538461538462,107.0550751024124,293.1538461538462,107.0550751024124,0
per_huruf,8,211,0.14113712374581938,293.23076923076917,107.06827492034591,293.23076923076917,107.06827492034591,0
per_huruf,8,212,0.14180602006688964,293.30769230769226,107.07373691397359,293.30769230769226,107.07373691397359,0
per_huruf,8,213,0.14247491638795987,293.38461538461536,107.07282658170234,293.38461538461536,107.07282658170234,0
per_huruf,8,214,0.1431438127090301,293.4615384615385,107.06690942193902,293.4615384615385,107.06690942193902,0
per_huruf,8,215,0.14381270903010032,293.53846153846155,107.05735093309058,293.53846153846155,107.05735093309058,0
per_huruf,8,216,0.14448160535117055,293.6153846153846,107.04551661356396,293.6153846153846,107.04551661356396,0
per_huruf,8,217,0.1451505016722408,293.69230769230774,107.03277196176603,293.69230769230774,107.03277196176603,0
per_huruf,8,218,0.14581939799331103,293.7692307692307,107.02048247610377,293.7692307692307,107.02048247610377,0
per_huruf,8,219,0.14648829431438126,293.84615384615387,107.01001365498408,293.84615384615387,107.01001365498408,0
per_huruf,8,220,0.1471571906354515,293.9230769230769,107.00273099681384,293.9230769230769,107.00273099681384,0
per_huruf,8,221,0.14782608695652172,294.0,107.0,294.0,107.0,0
per_huruf,8,222,0.14849498327759197,294.0769230769231,107.0,294.0769230769231,107.0,0
per_huruf,8,223,0.1491638795986622,294.1538461538462,107.00000000000001,294.1538461538462,107.00000000000001,0
per_huruf,8,224,0.14983277591973243,294.23076923076917,106.99999999999999,294.23076923076917,106.99999999999999,0
per_huruf,8,225,0.15050167224080266,294.3076923076923,106.99999999999997,294.3076923076923,106.99999999999997,0
per_huruf,8,226,0.15117056856187291,294.38461538461536,107.00000000000003,294.38461538461536,107.00000000000003,0
per_huruf,8,227,0.15183946488294314,294.4615384615385,107.0,294.4615384615385,107.0,0
per_huruf,8,228,0.15250836120401337,294.53846153846155,107.0,294.53846153846155,107.0,0
per_huruf,8,229,0.1531772575250836,294.61538461538464,107.0,294.61538461538464,107.0,0
per_huruf,8,230,0.15384615384615383,294.69230769230774,107.0,294.69230769230774,107.0,0
per_huruf,8,231,0.15451505016722408,294.7692307692307,106.99999999999999,294.7692307692307,106.99999999999999,0
per_huruf,8,232,0.1551839464882943,294.84615384615387,107.0,294.84615384615387,107.0,0
per_huruf,8,233,0.15585284280936454,294.9230769230769,107.0,294.9230769230769,107.0,0
per_huruf,8,234,0.15652173913043477,295.0,107.0,295.0,107.0,0
per_huruf,8,235,0.157190635451505,295.0769230769231,107.0,295.0769230769231,107.0,0
per_huruf,8,236,0.15785953177257525,295.15384615384613,107.00000000000001,295.15384615384613,107.00000000000001,0
per_huruf,8,237,0.15852842809364548,295.2307692307692,106.99999999999999,295.2307692307692,106.99999999999999,0
per_huruf,8,238,0.1591973244147157,295.30769230769226,106.99999999999997,295.30769230769226,106.99999999999997,0
per_huruf,8,239,0.15986622073578594,295.3846153846155,107.00000000000003,295.3846153846155,107.00000000000003,0
per_huruf,8,240,0.1605351170568562,295.46153846153845,107.0,295.46153846153845,107.0,0
per_huruf,8,241,0.16120401337792642,295.53846153846155,107.0,295.53846153846155,107.0,0
per_huruf,8,242,0.16187290969899665,295.61538461538464,107.0,295.61538461538464,107.0,0
per_huruf,8,243,0.16254180602006688,295.6923076923077,107.0,295.6923076923077,107.0,0
per_huruf,8,244,0.1632107023411371,295.7692307692308,106.99999999999999,295.7692307692308,106.99999999999999,0
per_huruf,8,245,0.16387959866220736,295.8461538461538,107.0,295.8461538461538,107.0,0
per_huruf,8,246,0.1645484949832776,295.9230769230769,107.0,295.9230769230769,107.0,0
per_huruf,8,247,0.16521739130434782,296.0,107.0,296.0,107.0,0
per_huruf,8,248,0.16588628762541804,296.07692307692315,107.0,296.07692307692315,107.0,0
per_huruf,8,249,0.16655518394648827,296.1538461538462,107.00000000000001,296.1538461538462,107.00000000000001,0
per_huruf,8,250,0.16722408026755853,296.2307692307691,106.99999999999999,296.2307692307691,106.99999999999999,0
per_huruf,8,251,0.16789297658862876,296.3076923076923,106.99999999999997,296.3076923076923,106.99999999999997,0
per_huruf,8,252,0.16856187290969898,296.3846153846155,107.00000000000003,296.3846153846155,107.00000000000003,0
per_huruf,8,253,0.1692307692307692,296.4615384615385,107.0,296.4615384615385,107.0,0
per_huruf,8,254,0.16989966555183947,296.53846153846155,107.0,296.53846153846155,107.0,0
per_huruf,8,255,0.1705685618729097,296.61538461538464,107.0,296.61538461538464,107.0,0
per_huruf,8,256,0.17123745819397992,296.6923076923077,107.0,296.6923076923077,107.0,0
per_huruf,8,257,0.17190635451505015,296.7692307692307,106.99999999999999,296.7692307692307,106.99999999999999,0
per_huruf,8,258,0.17257525083612038,296.84615384615387,107.0,296.84615384615387,107.0,0
per_huruf,8,259,0.17324414715719064,296.9230769230769,107.0,296.9230769230769,107.0,0
per_huruf,8,260,0.17391304347826086,297.0,107.0,297.0,107.0,0
per_huruf,8,261,0.1745819397993311,297.07692307692315,107.00273099681384,297.07692307692315,107.00273099681384,0
per_huruf,8,262,0.17525083612040132,297.1538461538462,107.01001365498408,297.1538461538462,107.01001365498408,0
per_huruf,8,263,0.17591973244147158,297.23076923076917,107.02048247610377,297.23076923076917,107.02048247610377,0
per_huruf,8,264,0.1765886287625418,297.30769230769226,107.03277196176602,297.30769230769226,107.03277196176602,0
per_huruf,8,265,0.17725752508361203,297.3846153846155,107.04551661356396,297.3846153846155,107.04551661356396,0
per_huruf,8,266,0.17792642140468226,297.4615384615385,107.05735093309059,297.4615384615385,107.05735093309059,0
per_huruf,8,267,0.1785953177257525,297.53846153846155,107.06690942193902,297.53846153846155,107.06690942193902,0
per_huruf,8,268,0.17926421404682275,297.61538461538464,107.07282658170233,297.61538461538464,107.07282658170233,0
per_huruf,8,269,0.17993311036789297,297.6923076923077,107.07373691397359,297.6923076923077,107.07373691397359,0
per_huruf,8,270,0.1806020066889632,297.7692307692307,107.06827492034591,297.7692307692307,107.06827492034591,0
per_huruf,8,271,0.18127090301003343,297.84615384615387,107.05507510241239,297.84615384615387,107.05507510241239,0
per_huruf,8,272,0.18193979933110366,297.9230769230769,107.03277196176604,297.9230769230769,107.03277196176604,0
per_huruf,8,273,0.1826086956521739,298.0,107.0,298.0,107.0,0
per_huruf,8,274,0.18327759197324414,298.0769230769231,106.95311788802915,298.0769230769231,106.95311788802915,0
per_huruf,8,275,0.18394648829431437,298.1538461538462,106.89121529358215,298.1538461538462,106.89121529358215,0
per_huruf,8,276,0.1846153846153846,298.23076923076917,106.8170232134729,298.23076923076917,106.8170232134729,0
per_huruf,8,277,0.18528428093645485,298.30769230769226,106.73327264451524,298.30769230769226,106.73327264451524,0
per_huruf,8,278,0.18595317725752508,298.3846153846155,106.642694583523,298.3846153846155,106.642694583523,0
per_huruf,8,279,0.1866220735785953,298.4615384615385,106.54802002730996,298.4615384615385,106.54802002730996,0
per_huruf,8,280,0.18729096989966554,298.53846153846155,106.45197997269003,298.53846153846155,106.45197997269003,0
per_huruf,8,281,0.18795986622073577,298.61538461538464,106.35730541647703,298.61538461538464,106.35730541647703,0
per_huruf,8,282,0.18862876254180602,298.6923076923077,106.26672735548473,298.6923076923077,106.26672735548473,0
per_huruf,8,283,0.18929765886287625,298.7692307692307,106.18297678652708,298.7692307692307,106.18297678652708,0
per_huruf,8,284,0.18996655518394648,298.8461538461538,106.10878470641785,298.8461538461538,106.10878470641785,0
per_huruf,8,285,0.1906354515050167,298.9230769230769,106.04688211197086,298.9230769230769,106.04688211197086,0
per_huruf,8,286,0.19130434782608693,299.0,106.0,299.0,106.0,0
per_huruf,8,287,0.1919732441471572,299.0769230769231,105.96995903504781,299.0769230769231,105.96995903504781,0
per_huruf,8,288,0.19264214046822742,299.15384615384613,105.95493855257169,299.15384615384613,105.95493855257169,0
per_huruf,8,289,0.19331103678929765,299.2307692307692,105.95220755575784,299.2307692307692,105.95220755575784,0
per_huruf,8,290,0.19397993311036787,299.30769230769226,105.95903504779244,299.30769230769226,105.95903504779244,0
per_huruf,8,291,0.19464882943143813,299.3846153846154,105.97269003186165,299.3846153846154,105.97269003186165,0
per_huruf,8,292,0.19531772575250836,299.46153846153845,105.99044151115157,299.46153846153845,105.99044151115157,0
per_huruf,8,293,0.1959866220735786,299.53846153846155,106.00955848884843,299.53846153846155,106.00955848884843,0
per_huruf,8,294,0.19665551839464882,299.61538461538464,106.02730996813838,299.61538461538464,106.02730996813838,0
per_huruf,8,295,0.19732441471571904,299.6923076923077,106.04096495220756,299.6923076923077,106.04096495220756,0
per_huruf,8,296,0.1979933110367893,299.7692307692307,106.04779244424213,299.7692307692307,106.04779244424213,0
per_huruf,8,297,0.19866220735785953,299.84615384615387,106.04506144742832,299.84615384615387,106.04506144742832,0
per_huruf,8,298,0.19933110367892976,299.9230769230769,106.0300409649522,299.9230769230769,106.0300409649522,0
per_huruf,8,299,0.19999999999999998,300.0,106.0,300.0,106.0,0
per_huruf,8,300,0.2006688963210702,300.07692307692315,105.95584888484298,300.07692307692315,105.95584888484298,0
per_huruf,8,301,0.20133779264214047,300.1538461538462,105.90122894856623,300.1538461538462,105.90122894856623,0
per_huruf,8,302,0.2020066889632107,300.2307692307692,105.83750568957667,300.2307692307692,105.83750568957667,0
per_huruf,8,303,0.20267558528428092,300.3076923076922,105.76604460628128,300.3076923076922,105.76604460628128,0
per_huruf,8,304,0.20334448160535115,300.3846153846155,105.68821119708694,300.3846153846155,105.68821119708694,0
per_huruf,8,305,0.2040133779264214,300.46153846153845,105.60537096040055,300.46153846153845,105.60537096040055,0
per_huruf,8,306,0.20468227424749164,300.53846153846155,105.51888939462903,300.53846153846155,105.51888939462903,0
per_huruf,8,307,0.20535117056856186,300.61538461538464,105.43013199817935,300.61538461538464,105.43013199817935,0
per_huruf,8,308,0.2060200668896321,300.6923076923077,105.34046426945835,300.6923076923077,105.34046426945835,0
per_huruf,8,309,0.20668896321070232,300.7692307692307,105.251251706873,300.7692307692307,105.251251706873,0
per_huruf,8,310,0.20735785953177258,300.84615384615387,105.16385980883022,300.84615384615387,105.16385980883022,0
per_huruf,8,311,0.2080267558528428,300.9230769230769,105.07965407373692,300.9230769230769,105.07965407373692,0
per_huruf,8,312,0.20869565217391303,301.0,105.0,301.0,105.0,0
per_huruf,8,313,0.20936454849498326,301.0769230769231,104.92307692307695,301.0769230769231,104.92307692307695,0
per_huruf,8,314,0.2100334448160535,301.15384615384613,104.84615384615385,301.15384615384613,104.84615384615385,0
per_huruf,8,315,0.21070234113712374,301.2307692307692,104.76923076923075,301.2307692307692,104.76923076923075,0
per_huruf,8,316,0.21137123745819397,301.3076923076923,104.6923076923077,301.3076923076923,104.6923076923077,0
per_huruf,8,317,0.2120401337792642,301.3846153846155,104.61538461538461,301.3846153846155,104.61538461538461,0
per_huruf,8,318,0.21270903010033443,301.4615384615385,104.53846153846153,301.4615384615385,104.53846153846153,0
per_huruf,8,319,0.21337792642140468,301.53846153846155,104.46153846153847,301.53846153846155,104.46153846153847,0
per_huruf,8,320,0.2140468227424749,301.61538461538464,104.38461538461539,301.61538461538464,104.38461538461539,0
per_huruf,8,321,0.21471571906354514,301.6923076923077,104.30769230769229,301.6923076923077,104.30769230769229,0
per_huruf,8,322,0.21538461538461537,301.7692307692307,104.23076923076923,301.7692307692307,104.23076923076923,0
per_huruf,8,323,0.2160535117056856,301.8461538461538,104.15384615384616,301.8461538461538,104.15384615384616,0
per_huruf,8,324,0.21672240802675585,301.9230769230769,104.07692307692307,301.9230769230769,104.07692307692307,0
per_huruf,8,325,0.21739130434782608,302.0,104.0,302.0,104.0,0
per_huruf,8,326,0.2180602006688963,302.07692307692304,103.92307692307693,302.07692307692304,103.92307692307693,0
per_huruf,8,327,0.21872909698996654,302.15384615384613,103.84615384615387,302.15384615384613,103.84615384615387,0
per_huruf,8,328,0.21939799331103677,302.23076923076917,103.76923076923076,302.23076923076917,103.76923076923076,0
per_huruf,8,329,0.22006688963210702,302.30769230769226,103.69230769230766,302.30769230769226,103.69230769230766,0
per_huruf,8,330,0.22073578595317725,302.3846153846155,103.61538461538461,302.3846153846155,103.61538461538461,0
per_huruf,8,331,0.22140468227424748,302.4615384615385,103.53846153846155,302.4615384615385,103.53846153846155,0
per_huruf,8,332,0.2220735785953177,302.53846153846155,103.46153846153845,302.53846153846155,103.46153846153845,0
per_huruf,8,333,0.22274247491638796,302.61538461538464,103.38461538461539,302.61538461538464,103.38461538461539,0
per_huruf,8,334,0.2234113712374582,302.6923076923077,103.3076923076923,302.6923076923077,103.3076923076923,0
per_huruf,8,335,0.22408026755852842,302.7692307692307,103.23076923076923,302.7692307692307,103.23076923076923,0
per_huruf,8,336,0.22474916387959865,302.84615384615387,103.15384615384616,302.84615384615387,103.15384615384616,0
per_huruf,8,337,0.22541806020066887,302.9230769230769,103.07692307692308,302.9230769230769,103.07692307692308,0
per_huruf,8,338,0.22608695652173913,303.0,103.0,303.0,103.0,0
per_huruf,8,339,0.22675585284280936,303.07692307692315,102.92307692307695,303.07692307692315,102.92307692307695,0
per_huruf,8,340,0.22742474916387959,303.1538461538462,102.84615384615384,303.1538461538462,102.84615384615384,0
per_huruf,8,341,0.22809364548494981,303.23076923076917,102.76923076923076,303.23076923076917,102.76923076923076,0
per_huruf,8,342,0.22876254180602004,303.3076923076923,102.69230769230768,303.3076923076923,102.69230769230768,0
per_huruf,8,343,0.2294314381270903,303.3846153846154,102.61538461538461,303.3846153846154,102.61538461538461,0
per_huruf,8,344,0.23010033444816053,303.4615384615385,102.53846153846155,303.4615384615385,102.53846153846155,0
per_huruf,8,345,0.23076923076923075,303.53846153846155,102.46153846153847,303.53846153846155,102.46153846153847,0
per_huruf,8,346,0.23143812709030098,303.61538461538464,102.38461538461537,303.61538461538464,102.38461538461537,0
per_huruf,8,347,0.23210702341137124,303.69230769230774,102.3076923076923,303.69230769230774,102.3076923076923,0
per_huruf,8,348,0.23277591973244147,303.7692307692308,102.23076923076923,303.7692307692308,102.23076923076923,0
per_huruf,8,349,0.2334448160535117,303.84615384615387,102.15384615384616,303.84615384615387,102.15384615384616,0
per_huruf,8,350,0.23411371237458192,303.9230769230769,102.07692307692307,303.9230769230769,102.07692307692307,0
per_huruf,8,351,0.23478260869565215,304.0,102.0,304.0,102.0,0
per_huruf,8,352,0.2354515050167224,304.0769230769231,101.92307692307692,304.0769230769231,101.92307692307692,0
per_huruf,8,353,0.23612040133779263,304.1538461538462,101.84615384615385,304.1538461538462,101.84615384615385,0
per_huruf,8,354,0.23678929765886286,304.2307692307692,101.76923076923076,304.2307692307692,101.76923076923076,0
per_huruf,8,355,0.2374581939799331,304.30769230769226,101.6923076923077,304.30769230769226,101.6923076923077,0
per_huruf,8,356,0.23812709030100332,304.3846153846154,101.61538461538463,304.3846153846154,101.61538461538463,0
per_huruf,8,357,0.23879598662207357,304.46153846153845,101.53846153846155,304.46153846153845,101.53846153846155,0
per_huruf,8,358,0.2394648829431438,304.53846153846155,101.46153846153845,304.53846153846155,101.46153846153845,0
per_huruf,8,359,0.24013377926421403,304.61538461538464,101.38461538461539,304.61538461538464,101.38461538461539,0
per_huruf,8,360,0.24080267558528426,304.6923076923077,101.3076923076923,304.6923076923077,101.3076923076923,0
per_huruf,8,361,0.24147157190635452,304.7692307692307,101.23076923076923,304.7692307692307,101.23076923076923,0
per_huruf,8,362,0.24214046822742474,304.8461538461538,101.15384615384616,304.8461538461538,101.15384615384616,0
per_huruf,8,363,0.24280936454849497,304.9230769230769,101.07692307692308,304.9230769230769,101.07692307692308,0
per_huruf,8,364,0.2434782608695652,305.0,101.0,305.0,101.0,0
per_huruf,8,365,0.24414715719063543,305.0769230769231,100.9203459262631,305.0769230769231,100.9203459262631,0
per_huruf,8,366,0.24481605351170568,305.15384615384613,100.83614019116979,305.15384615384613,100.83614019116979,0
per_huruf,8,367,0.2454849498327759,305.23076923076917,100.74874829312698,305.23076923076917,100.74874829312698,0
per_huruf,8,368,0.24615384615384614,305.3076923076923,100.65953573054165,305.3076923076923,100.65953573054165,0
per_huruf,8,369,0.24682274247491637,305.3846153846154,100.56986800182068,305.3846153846154,100.56986800182068,0
per_huruf,8,370,0.2474916387959866,305.46153846153845,100.48111060537097,305.46153846153845,100.48111060537097,0
per_huruf,8,371,0.24816053511705685,305.53846153846155,100.39462903959947,305.53846153846155,100.39462903959947,0
per_huruf,8,372,0.24882943143812708,305.61538461538464,100.31178880291307,305.61538461538464,100.31178880291307,0
per_huruf,8,373,0.2494983277591973,305.6923076923077,100.2339553937187,305.6923076923077,100.2339553937187,0
per_huruf,8,374,0.25016722408026754,305.7692307692307,100.1624943104233,305.7692307692307,100.1624943104233,0
per_huruf,8,375,0.2508361204013378,305.84615384615387,100.09877105143377,305.84615384615387,100.09877105143377,0
per_huruf,8,376,0.251505016722408,305.9230769230769,100.04415111515702,305.9230769230769,100.04415111515702,0
per_huruf,8,377,0.25217391304347825,306.0,100.0,306.0,100.0,0
per_huruf,8,378,0.2528428093645485,306.0769230769231,99.96995903504781,306.0769230769231,99.96995903504781,0
per_huruf,8,379,0.2535117056856187,306.1538461538462,99.95493855257169,306.1538461538462,99.95493855257169,0
per_huruf,8,380,0.25418060200668896,306.2307692307691,99.95220755575785,306.2307692307691,99.95220755575785,0
per_huruf,8,381,0.25484949832775916,306.30769230769226,99.95903504779244,306.30769230769226,99.95903504779244,0
per_huruf,8,382,0.2555183946488294,306.3846153846155,99.97269003186165,306.3846153846155,99.97269003186165,0
per_huruf,8,383,0.2561872909698997,306.4615384615385,99.99044151115159,306.4615384615385,99.99044151115159,0
per_huruf,8,384,0.2568561872909699,306.53846153846155,100.00955848884844,306.53846153846155,100.00955848884844,0
per_huruf,8,385,0.25752508361204013,306.61538461538464,100.02730996813837,306.61538461538464,100.02730996813837,0
per_huruf,8,386,0.25819397993311033,306.6923076923077,100.04096495220756,306.6923076923077,100.04096495220756,0
per_huruf,8,387,0.2588628762541806,306.7692307692307,100.04779244424213,306.7692307692307,100.04779244424213,0
per_huruf,8,388,0.25953177257525084,306.84615384615387,100.04506144742831,306.84615384615387,100.04506144742831,0
per_huruf,8,389,0.26020066889632104,306.9230769230769,100.0300409649522,306.9230769230769,100.0300409649522,0
per_huruf,8,390,0.2608695652173913,307.0,100.0,307.0,100.0,0
per_huruf,8,391,0.26153846153846155,307.0769230769231,99.95584888484298,307.0769230769231,99.95584888484298,0
per_huruf,8,392,0.26220735785953175,307.15384615384613,99.90122894856623,307.15384615384613,99.90122894856623,0
per_huruf,8,393,0.262876254180602,307.23076923076917,99.8375056895767,307.23076923076917,99.8375056895767,0
per_huruf,8,394,0.2635451505016722,307.30769230769226,99.76604460628128,307.30769230769226,99.76604460628128,0
per_huruf,8,395,0.26421404682274247,307.3846153846154,99.68821119708694,307.3846153846154,99.68821119708694,0
per_huruf,8,396,0.2648829431438127,307.46153846153845,99.60537096040055,307.46153846153845,99.60537096040055,0
per_huruf,8,397,0.2655518394648829,307.53846153846155,99.51888939462903,307.53846153846155,99.51888939462903,0
per_huruf,8,398,0.2662207357859532,307.61538461538464,99.43013199817933,307.61538461538464,99.43013199817933,0
per_huruf,8,399,0.2668896321070234,307.6923076923077,99.34046426945835,307.6923076923077,99.34046426945835,0
per_huruf,8,400,0.26755852842809363,307.7692307692307,99.251251706873,307.7692307692307,99.251251706873,0
per_huruf,8,401,0.2682274247491639,307.8461538461538,99.16385980883022,307.8461538461538,99.16385980883022,0
per_huruf,8,402,0.2688963210702341,307.9230769230769,99.07965407373692,307.9230769230769,99.07965407373692,0
per_huruf,8,403,0.26956521739130435,308.0,99.0,308.0,99.0,0
per_huruf,8,404,0.27023411371237455,308.07692307692315,98.92307692307695,308.07692307692315,98.92307692307695,0
per_huruf,8,405,0.2709030100334448,308.15384615384613,98.84615384615385,308.15384615384613,98.84615384615385,0
per_huruf,8,406,0.27157190635451506,308.2307692307692,98.76923076923075,308.2307692307692,98.76923076923075,0
per_huruf,8,407,0.27224080267558526,308.30769230769226,98.69230769230766,308.30769230769226,98.69230769230766,0
per_huruf,8,408,0.2729096989966555,308.3846153846154,98.61538461538463,308.3846153846154,98.61538461538463,0
per_huruf,8,409,0.2735785953177257,308.46153846153845,98.53846153846155,308.46153846153845,98.53846153846155,0
per_huruf,8,410,0.27424749163879597,308.53846153846155,98.46153846153847,308.53846153846155,98.46153846153847,0
per_huruf,8,411,0.2749163879598662,308.61538461538464,98.38461538461539,308.61538461538464,98.38461538461539,0
per_huruf,8,412,0.2755852842809364,308.6923076923077,98.30769230769232,308.6923076923077,98.30769230769232,0
per_huruf,8,413,0.2762541806020067,308.7692307692307,98.23076923076923,308.7692307692307,98.23076923076923,0
per_huruf,8,414,0.2769230769230769,308.84615384615387,98.15384615384616,308.84615384615387,98.15384615384616,0
per_huruf,8,415,0.27759197324414714,308.9230769230769,98.07692307692307,308.9230769230769,98.07692307692307,0
per_huruf,8,416,0.2782608695652174,309.0,98.0,309.0,98.0,0
per_huruf,8,417,0.2789297658862876,309.0769230769231,97.92307692307693,309.0769230769231,97.92307692307693,0
per_huruf,8,418,0.27959866220735785,309.1538461538462,97.84615384615385,309.1538461538462,97.84615384615385,0
per_huruf,8,419,0.2802675585284281,309.2307692307692,97.76923076923076,309.2307692307692,97.76923076923076,0
per_huruf,8,420,0.2809364548494983,309.30769230769226,97.6923076923077,309.30769230769226,97.6923076923077,0
per_huruf,8,421,0.28160535117056856,309.3846153846154,97.61538461538463,309.3846153846154,97.61538461538463,0
per_huruf,8,422,0.28227424749163876,309.4615384615385,97.53846153846153,309.4615384615385,97.53846153846153,0
per_huruf,8,423,0.282943143812709,309.53846153846155,97.46153846153847,309.53846153846155,97.46153846153847,0
per_huruf,8,424,0.2836120401337793,309.61538461538464,97.3846153846154,309.61538461538464,97.3846153846154,0
per_huruf,8,425,0.2842809364548495,309.6923076923077,97.3076923076923,309.6923076923077,97.3076923076923,0
per_huruf,8,426,0.28494983277591973,309.7692307692307,97.23076923076923,309.7692307692307,97.23076923076923,0
per_huruf,8,427,0.28561872909698993,309.84615384615387,97.15384615384616,309.84615384615387,97.15384615384616,0
per_huruf,8,428,0.2862876254180602,309.9230769230769,97.07692307692308,309.9230769230769,97.07692307692308,0
per_huruf,8,429,0.28695652173913044,310.0,97.0,310.0,97.0,0
per_huruf,8,430,0.28762541806020064,310.0769230769231,96.92307692307695,310.0769230769231,96.92307692307695,0
per_huruf,8,431,0.2882943143812709,310.1538461538462,96.84615384615385,310.1538461538462,96.84615384615385,0
per_huruf,8,432,0.2889632107023411,310.23076923076917,96.76923076923076,310.23076923076917,96.76923076923076,0
per_huruf,8,433,0.28963210702341136,310.30769230769226,96.6923076923077,310.30769230769226,96.6923076923077,0
per_huruf,8,434,0.2903010033444816,310.3846153846154,96.61538461538464,310.3846153846154,96.61538461538464,0
per_huruf,8,435,0.2909698996655518,310.4615384615385,96.53846153846155,310.4615384615385,96.53846153846155,0
per_huruf,8,436,0.29163879598662207,310.53846153846155,96.46153846153848,310.53846153846155,96.46153846153848,0
per_huruf,8,437,0.29230769230769227,310.6153846153846,96.38461538461539,310.6153846153846,96.38461538461539,0
per_huruf,8,438,0.2929765886287625,310.6923076923077,96.3076923076923,310.6923076923077,96.3076923076923,0
per_huruf,8,439,0.2936454849498328,310.7692307692307,96.23076923076923,310.7692307692307,96.23076923076923,0
per_huruf,8,440,0.294314381270903,310.84615384615387,96.15384615384616,310.84615384615387,96.15384615384616,0
per_huruf,8,441,0.29498327759197324,310.9230769230769,96.07692307692307,310.9230769230769,96.07692307692307,0
per_huruf,8,442,0.29565217391304344,311.0,96.0,311.0,96.0,0
per_huruf,8,443,0.2963210702341137,311.07692307692315,95.92307692307692,311.07692307692315,95.92307692307692,0
per_huruf,8,444,0.29698996655518395,311.15384615384613,95.84615384615385,311.15384615384613,95.84615384615385,0
per_huruf,8,445,0.29765886287625415,311.23076923076917,95.76923076923076,311.23076923076917,95.76923076923076,0
per_huruf,8,446,0.2983277591973244,311.3076923076923,95.6923076923077,311.3076923076923,95.6923076923077,0
per_huruf,8,447,0.29899665551839466,311.3846153846154,95.61538461538463,311.3846153846154,95.61538461538463,0
per_huruf,8,448,0.29966555183946486,311.4615384615385,95.53846153846155,311.4615384615385,95.53846153846155,0
per_huruf,8,449,0.3003344481605351,311.53846153846155,95.46153846153845,311.53846153846155,95.46153846153845,0
per_huruf,8,450,0.3010033444816053,311.61538461538464,95.38461538461539,311.61538461538464,95.38461538461539,0
per_huruf,8,451,0.3016722408026756,311.6923076923077,95.3076923076923,311.6923076923077,95.3076923076923,0
per_huruf,8,452,0.30234113712374583,311.7692307692307,95.23076923076923,311.7692307692307,95.23076923076923,0
per_huruf,8,453,0.30301003344481603,311.84615384615387,95.15384615384616,311.84615384615387,95.15384615384616,0
per_huruf,8,454,0.3036789297658863,311.9230769230769,95.07692307692307,311.9230769230769,95.07692307692307,0
per_huruf,8,455,0.3043478260869565,312.0,95.0,312.0,95.0,0
per_huruf,8,456,0.30501672240802674,312.0769230769231,94.92307692307693,312.0769230769231,94.92307692307693,0
per_huruf,8,457,0.305685618729097,312.15384615384613,94.84615384615387,312.15384615384613,94.84615384615387,0
per_huruf,8,458,0.3063545150501672,312.23076923076917,94.76923076923076,312.23076923076917,94.76923076923076,0
per_huruf,8,459,0.30702341137123745,312.3076923076923,94.69230769230768,312.3076923076923,94.69230769230768,0
per_huruf,8,460,0.30769230769230765,312.3846153846155,94.61538461538463,312.3846153846155,94.61538461538463,0
per_huruf,8,461,0.3083612040133779,312.46153846153845,94.53846153846155,312.46153846153845,94.53846153846155,0
per_huruf,8,462,0.30903010033444817,312.53846153846155,94.46153846153847,312.53846153846155,94.46153846153847,0
per_huruf,8,463,0.30969899665551837,312.61538461538464,94.38461538461539,312.61538461538464,94.38461538461539,0
per_huruf,8,464,0.3103678929765886,312.6923076923077,94.3076923076923,312.6923076923077,94.3076923076923,0
per_huruf,8,465,0.3110367892976588,312.7692307692307,94.23076923076923,312.7692307692307,94.23076923076923,0
per_huruf,8,466,0.3117056856187291,312.84615384615387,94.15384615384616,312.84615384615387,94.15384615384616,0
per_huruf,8,467,0.31237458193979933,312.9230769230769,94.07692307692307,312.9230769230769,94.07692307692307,0
per_huruf,8,468,0.31304347826086953,313.0,94.0,313.0,94.0,0
per_huruf,8,469,0.3137123745819398,313.0769230769231,93.92307692307692,313.0769230769231,93.92307692307692,0
per_huruf,8,470,0.31438127090301,313.1538461538462,93.84615384615385,313.1538461538462,93.84615384615385,0
per_huruf,8,471,0.31505016722408025,313.23076923076917,93.76923076923075,313.23076923076917,93.76923076923075,0
per_huruf,8,472,0.3157190635451505,313.30769230769226,93.6923076923077,313.30769230769226,93.6923076923077,0
per_huruf,8,473,0.3163879598662207,313.3846153846154,93.61538461538463,313.3846153846154,93.61538461538463,0
per_huruf,8,474,0.31705685618729096,313.46153846153845,93.53846153846153,313.46153846153845,93.53846153846153,0
per_huruf,8,475,0.3177257525083612,313.53846153846155,93.46153846153845,313.53846153846155,93.46153846153845,0
per_huruf,8,476,0.3183946488294314,313.61538461538464,93.3846153846154,313.61538461538464,93.3846153846154,0
per_huruf,8,477,0.31906354515050167,313.6923076923077,93.30769230769229,313.6923076923077,93.30769230769229,0
per_huruf,8,478,0.31973244147157187,313.7692307692307,93.23076923076923,313.7692307692307,93.23076923076923,0
per_huruf,8,479,0.3204013377926421,313.84615384615387,93.15384615384616,313.84615384615387,93.15384615384616,0
per_huruf,8,480,0.3210702341137124,313.9230769230769,93.07692307692307,313.9230769230769,93.07692307692307,0
per_huruf,8,481,0.3217391304347826,314.0,93.0,314.0,93.0,0
per_huruf,8,482,0.32240802675585284,314.07692307692315,92.92307692307695,314.07692307692315,92.92307692307695,0
per_huruf,8,483,0.32307692307692304,314.15384615384613,92.84615384615384,314.15384615384613,92.84615384615384,0
per_huruf,8,484,0.3237458193979933,314.23076923076917,92.76923076923076,314.23076923076917,92.76923076923076,0
per_huruf,8,485,0.32441471571906355,314.3076923076923,92.69230769230768,314.3076923076923,92.69230769230768,0
per_huruf,8,486,0.32508361204013375,314.3846153846155,92.61538461538464,314.3846153846155,92.61538461538464,0
per_huruf,8,487,0.325752508361204,314.4615384615385,92.53846153846153,314.4615384615385,92.53846153846153,0
per_huruf,8,488,0.3264214046822742,314.53846153846155,92.46153846153845,314.53846153846155,92.46153846153845,0
per_huruf,8,489,0.32709030100334446,314.61538461538464,92.3846153846154,314.61538461538464,92.3846153846154,0
per_huruf,8,490,0.3277591973244147,314.6923076923077,92.30769230769229,314.6923076923077,92.30769230769229,0
per_huruf,8,491,0.3284280936454849,314.7692307692307,92.23076923076923,314.7692307692307,92.23076923076923,0
per_huruf,8,492,0.3290969899665552,314.84615384615387,92.15384615384616,314.84615384615387,92.15384615384616,0
per_huruf,8,493,0.3297658862876254,314.9230769230769,92.07692307692307,314.9230769230769,92.07692307692307,0
per_huruf,8,494,0.33043478260869563,315.0,92.0,315.0,92.0,0
per_huruf,8,495,0.3311036789297659,315.0769230769231,91.92307692307693,315.0769230769231,91.92307692307693,0
per_huruf,8,496,0.3317725752508361,315.15384615384613,91.84615384615385,315.15384615384613,91.84615384615385,0
per_huruf,8,497,0.33244147157190634,315.23076923076917,91.76923076923076,315.23076923076917,91.76923076923076,0
per_huruf,8,498,0.33311036789297654,315.30769230769226,91.69230769230768,315.30769230769226,91.69230769230768,0
per_huruf,8,499,0.3337792642140468,315.3846153846154,91.61538461538461,315.3846153846154,91.61538461538461,0
per_huruf,8,500,0.33444816053511706,315.4615384615385,91.53846153846153,315.4615384615385,91.53846153846153,0
per_huruf,8,501,0.33511705685618726,315.53846153846155,91.46153846153847,315.53846153846155,91.46153846153847,0
per_huruf,8,502,0.3357859531772575,315.61538461538464,91.38461538461539,315.61538461538464,91.38461538461539,0
per_huruf,8,503,0.33645484949832777,315.6923076923077,91.3076923076923,315.6923076923077,91.3076923076923,0
per_huruf,8,504,0.33712374581939797,315.7692307692307,91.23076923076923,315.7692307692307,91.23076923076923,0
per_huruf,8,505,0.3377926421404682,315.84615384615387,91.15384615384616,315.84615384615387,91.15384615384616,0
per_huruf,8,506,0.3384615384615384,315.9230769230769,91.07692307692308,315.9230769230769,91.07692307692308,0
per_huruf,8,507,0.3391304347826087,316.0,91.0,316.0,91.0,0
per_huruf,8,508,0.33979933110367894,316.07692307692315,90.92307692307695,316.07692307692315,90.92307692307695,0
per_huruf,8,509,0.34046822742474914,316.15384615384625,90.84615384615385,316.15384615384625,90.84615384615385,0
per_huruf,8,510,0.3411371237458194,316.23076923076917,90.76923076923077,316.23076923076917,90.76923076923077,0
per_huruf,8,511,0.3418060200668896,316.30769230769226,90.69230769230768,316.30769230769226,90.69230769230768,0
per_huruf,8,512,0.34247491638795985,316.3846153846154,90.61538461538461,316.3846153846154,90.61538461538461,0
per_huruf,8,513,0.3431438127090301,316.46153846153845,90.53846153846155,316.46153846153845,90.53846153846155,0
per_huruf,8,514,0.3438127090301003,316.53846153846155,90.46153846153847,316.53846153846155,90.46153846153847,0
per_huruf,8,515,0.34448160535117056,316.61538461538464,90.38461538461539,316.61538461538464,90.38461538461539,0
per_huruf,8,516,0.34515050167224076,316.69230769230774,90.30769230769229,316.69230769230774,90.30769230769229,0
per_huruf,8,517,0.345819397993311,316.7692307692307,90.23076923076923,316.7692307692307,90.23076923076923,0
per_huruf,8,518,0.3464882943143813,316.84615384615387,90.15384615384616,316.84615384615387,90.15384615384616,0
per_huruf,8,519,0.3471571906354515,316.9230769230769,90.07692307692307,316.9230769230769,90.07692307692307,0
per_huruf,8,520,0.34782608695652173,317.0,90.0,317.0,90.0,0
per_huruf,8,521,0.34849498327759193,317.07692307692315,89.9203459262631,317.07692307692315,89.9203459262631,0
per_huruf,8,522,0.3491638795986622,317.15384615384613,89.83614019116979,317.15384615384613,89.83614019116979,0
per_huruf,8,523,0.34983277591973244,317.23076923076917,89.74874829312698,317.23076923076917,89.74874829312698,0
per_huruf,8,524,0.35050167224080264,317.30769230769226,89.65953573054166,317.30769230769226,89.65953573054166,0
per_huruf,8,525,0.3511705685618729,317.3846153846154,89.56986800182068,317.3846153846154,89.56986800182068,0
per_huruf,8,526,0.35183946488294315,317.46153846153845,89.48111060537096,317.46153846153845,89.48111060537096,0
per_huruf,8,527,0.35250836120401335,317.53846153846155,89.39462903959947,317.53846153846155,89.39462903959947,0
per_huruf,8,528,0.3531772575250836,317.61538461538464,89.31178880291307,317.61538461538464,89.31178880291307,0
per_huruf,8,529,0.3538461538461538,317.69230769230774,89.2339553937187,317.69230769230774,89.2339553937187,0
per_huruf,8,530,0.35451505016722407,317.7692307692307,89.1624943104233,317.7692307692307,89.1624943104233,0
per_huruf,8,531,0.3551839464882943,317.84615384615387,89.09877105143377,317.84615384615387,89.09877105143377,0
per_huruf,8,532,0.3558528428093645,317.9230769230769,89.04415111515704,317.9230769230769,89.04415111515704,0
per_huruf,8,533,0.3565217391304348,318.0,89.0,318.0,89.0,0
per_huruf,8,534,0.357190635451505,318.0769230769231,88.96995903504781,318.0769230769231,88.96995903504781,0
per_huruf,8,535,0.35785953177257523,318.1538461538462,88.9549385525717,318.1538461538462,88.9549385525717,0
per_huruf,8,536,0.3585284280936455,318.2307692307692,88.95220755575782,318.2307692307692,88.95220755575782,0
per_huruf,8,537,0.3591973244147157,318.30769230769226,88.95903504779245,318.30769230769226,88.95903504779245,0
per_huruf,8,538,0.35986622073578595,318.3846153846154,88.97269003186163,318.3846153846154,88.97269003186163,0
per_huruf,8,539,0.36053511705685615,318.4615384615385,88.99044151115157,318.4615384615385,88.99044151115157,0
per_huruf,8,540,0.3612040133779264,318.53846153846155,89.00955848884843,318.53846153846155,89.00955848884843,0
per_huruf,8,541,0.36187290969899666,318.61538461538464,89.02730996813838,318.61538461538464,89.02730996813838,0
per_huruf,8,542,0.36254180602006686,318.6923076923077,89.04096495220756,318.6923076923077,89.04096495220756,0
per_huruf,8,543,0.3632107023411371,318.7692307692307,89.04779244424213,318.7692307692307,89.04779244424213,0
per_huruf,8,544,0.3638795986622073,318.84615384615387,89.04506144742831,318.84615384615387,89.04506144742831,0
per_huruf,8,545,0.36454849498327757,318.9230769230769,89.0300409649522,318.9230769230769,89.0300409649522,0
per_huruf,8,546,0.3652173913043478,319.0,89.0,319.0,89.0,0
per_huruf,8,547,0.365886287625418,319.0769230769231,88.95584888484298,319.0769230769231,88.95584888484298,0
per_huruf,8,548,0.3665551839464883,319.15384615384625,88.90122894856623,319.15384615384625,88.90122894856623,0
per_huruf,8,549,0.3672240802675585,319.23076923076917,88.83750568957667,319.23076923076917,88.83750568957667,0
per_huruf,8,550,0.36789297658862874,319.30769230769226,88.76604460628128,319.30769230769226,88.76604460628128,0
per_huruf,8,551,0.368561872909699,319.3846153846154,88.68821119708694,319.3846153846154,88.68821119708694,0
per_huruf,8,552,0.3692307692307692,319.4615384615385,88.60537096040053,319.4615384615385,88.60537096040053,0
per_huruf,8,553,0.36989966555183945,319.53846153846155,88.51888939462903,319.53846153846155,88.51888939462903,0
per_huruf,8,554,0.3705685618729097,319.61538461538464,88.43013199817933,319.61538461538464,88.43013199817933,0
per_huruf,8,555,0.3712374581939799,319.6923076923077,88.34046426945835,319.6923076923077,88.34046426945835,0
per_huruf,8,556,0.37190635451505016,319.7692307692308,88.251251706873,319.7692307692308,88.251251706873,0
per_huruf,8,557,0.37257525083612036,319.84615384615387,88.16385980883022,319.84615384615387,88.16385980883022,0
per_huruf,8,558,0.3732441471571906,319.9230769230769,88.0796540737369,319.9230769230769,88.0796540737369,0
per_huruf,8,559,0.3739130434782609,320.0,88.0,320.0,88.0,0
per_huruf,8,560,0.3745819397993311,320.0769230769231,87.92307692307692,320.0769230769231,87.92307692307692,0
per_huruf,8,561,0.37525083612040133,320.1538461538462,87.84615384615385,320.1538461538462,87.84615384615385,0
per_huruf,8,562,0.37591973244147153,320.23076923076917,87.76923076923076,320.23076923076917,87.76923076923076,0
per_huruf,8,563,0.3765886287625418,320.30769230769226,87.6923076923077,320.30769230769226,87.6923076923077,0
per_huruf,8,564,0.37725752508361204,320.3846153846154,87.61538461538461,320.3846153846154,87.61538461538461,0
per_huruf,8,565,0.37792642140468224,320.46153846153845,87.53846153846155,320.46153846153845,87.53846153846155,0
per_huruf,8,566,0.3785953177257525,320.53846153846155,87.46153846153847,320.53846153846155,87.46153846153847,0
per_huruf,8,567,0.3792642140468227,320.6153846153846,87.38461538461539,320.6153846153846,87.38461538461539,0
per_huruf,8,568,0.37993311036789296,320.6923076923076,87.30769230769229,320.6923076923076,87.30769230769229,0
per_huruf,8,569,0.3806020066889632,320.7692307692307,87.23076923076923,320.7692307692307,87.23076923076923,0
per_huruf,8,570,0.3812709030100334,320.84615384615387,87.15384615384616,320.84615384615387,87.15384615384616,0
per_huruf,8,571,0.38193979933110367,320.9230769230769,87.07692307692308,320.9230769230769,87.07692307692308,0
per_huruf,8,572,0.38260869565217387,321.0,87.0,321.0,87.0,0
per_huruf,8,573,0.3832775919732441,321.0769230769231,86.92307692307693,321.0769230769231,86.92307692307693,0
per_huruf,8,574,0.3839464882943144,321.1538461538462,86.84615384615385,321.1538461538462,86.84615384615385,0
per_huruf,8,575,0.3846153846153846,321.23076923076917,86.76923076923075,321.23076923076917,86.76923076923075,0
per_huruf,8,576,0.38528428093645484,321.3076923076923,86.69230769230768,321.3076923076923,86.69230769230768,0
per_huruf,8,577,0.38595317725752504,321.3846153846154,86.61538461538463,321.3846153846154,86.61538461538463,0
per_huruf,8,578,0.3866220735785953,321.4615384615385,86.53846153846155,321.4615384615385,86.53846153846155,0
per_huruf,8,579,0.38729096989966555,321.53846153846155,86.46153846153845,321.53846153846155,86.46153846153845,0
per_huruf,8,580,0.38795986622073575,321.61538461538464,86.38461538461539,321.61538461538464,86.38461538461539,0
per_huruf,8,581,0.388628762541806,321.69230769230774,86.3076923076923,321.69230769230774,86.3076923076923,0
per_huruf,8,582,0.38929765886287626,321.7692307692307,86.23076923076923,321.7692307692307,86.23076923076923,0
per_huruf,8,583,0.38996655518394646,321.84615384615387,86.15384615384616,321.84615384615387,86.15384615384616,0
per_huruf,8,584,0.3906354515050167,321.9230769230769,86.07692307692307,321.9230769230769,86.07692307692307,0
per_huruf,8,585,0.3913043478260869,322.0,86.0,322.0,86.0,0
per_huruf,8,586,0.3919732441471572,322.0769230769231,85.9203459262631,322.0769230769231,85.9203459262631,0
per_huruf,8,587,0.39264214046822743,322.1538461538462,85.83614019116979,322.1538461538462,85.83614019116979,0
per_huruf,8,588,0.39331103678929763,322.2307692307692,85.74874829312697,322.2307692307692,85.74874829312697,0
per_huruf,8,589,0.3939799331103679,322.30769230769226,85.65953573054165,322.30769230769226,85.65953573054165,0
per_huruf,8,590,0.3946488294314381,322.3846153846155,85.56986800182068,322.3846153846155,85.56986800182068,0
per_huruf,8,591,0.39531772575250834,322.4615384615385,85.48111060537097,322.4615384615385,85.48111060537097,0
per_huruf,8,592,0.3959866220735786,322.53846153846155,85.39462903959945,322.53846153846155,85.39462903959945,0
per_huruf,8,593,0.3966555183946488,322.61538461538464,85.31178880291307,322.61538461538464,85.31178880291307,0
per_huruf,8,594,0.39732441471571905,322.6923076923077,85.2339553937187,322.6923076923077,85.2339553937187,0
per_huruf,8,595,0.39799331103678925,322.7692307692307,85.1624943104233,322.7692307692307,85.1624943104233,0
per_huruf,8,596,0.3986622073578595,322.84615384615387,85.09877105143377,322.84615384615387,85.09877105143377,0
per_huruf,8,597,0.39933110367892977,322.9230769230769,85.04415111515704,322.9230769230769,85.04415111515704,0
per_huruf,8,598,0.39999999999999997,323.0,85.0,323.0,85.0,0
per_huruf,8,599,0.4006688963210702,323.0769230769231,84.96995903504781,323.0769230769231,84.96995903504781,0
per_huruf,8,600,0.4013377926421404,323.1538461538462,84.95493855257169,323.1538461538462,84.95493855257169,0
per_huruf,8,601,0.4020066889632107,323.2307692307691,84.95220755575784,323.2307692307691,84.95220755575784,0
per_huruf,8,602,0.40267558528428093,323.30769230769226,84.95903504779244,323.30769230769226,84.95903504779244,0
per_huruf,8,603,0.40334448160535114,323.3846153846154,84.97269003186163,323.3846153846154,84.97269003186163,0
per_huruf,8,604,0.4040133779264214,323.4615384615385,84.99044151115159,323.4615384615385,84.99044151115159,0
per_huruf,8,605,0.4046822742474916,323.53846153846155,85.00955848884844,323.53846153846155,85.00955848884844,0
per_huruf,8,606,0.40535117056856185,323.61538461538464,85.02730996813837,323.61538461538464,85.02730996813837,0
per_huruf,8,607,0.4060200668896321,323.6923076923077,85.04096495220756,323.6923076923077,85.04096495220756,0
per_huruf,8,608,0.4066889632107023,323.7692307692307,85.04779244424213,323.7692307692307,85.04779244424213,0
per_huruf,8,609,0.40735785953177256,323.84615384615387,85.04506144742831,323.84615384615387,85.04506144742831,0
per_huruf,8,610,0.4080267558528428,323.9230769230769,85.0300409649522,323.9230769230769,85.0300409649522,0
per_huruf,8,611,0.408695652173913,324.0,85.0,324.0,85.0,0
per_huruf,8,612,0.40936454849498327,324.07692307692315,84.95584888484298,324.07692307692315,84.95584888484298,0
per_huruf,8,613,0.41003344481605347,324.15384615384613,84.90122894856621,324.15384615384613,84.90122894856621,0
per_huruf,8,614,0.4107023411371237,324.23076923076917,84.83750568957669,324.23076923076917,84.83750568957669,0
per_huruf,8,615,0.411371237458194,324.3076923076923,84.76604460628128,324.3076923076923,84.76604460628128,0
per_huruf,8,616,0.4120401337792642,324.3846153846154,84.68821119708694,324.3846153846154,84.68821119708694,0
per_huruf,8,617,0.41270903010033444,324.46153846153845,84.60537096040055,324.46153846153845,84.60537096040055,0
per_huruf,8,618,0.41337792642140464,324.53846153846155,84.51888939462904,324.53846153846155,84.51888939462904,0
per_huruf,8,619,0.4140468227424749,324.6153846153846,84.43013199817933,324.6153846153846,84.43013199817933,0
per_huruf,8,620,0.41471571906354515,324.6923076923077,84.34046426945835,324.6923076923077,84.34046426945835,0
per_huruf,8,621,0.41538461538461535,324.7692307692307,84.25125170687299,324.7692307692307,84.25125170687299,0
per_huruf,8,622,0.4160535117056856,324.84615384615387,84.16385980883022,324.84615384615387,84.16385980883022,0
per_huruf,8,623,0.4167224080267558,324.9230769230769,84.0796540737369,324.9230769230769,84.0796540737369,0
per_huruf,8,624,0.41739130434782606,325.0,84.0,325.0,84.0,0
per_huruf,8,625,0.4180602006688963,325.0769230769231,83.9203459262631,325.0769230769231,83.9203459262631,0
per_huruf,8,626,0.4187290969899665,325.15384615384613,83.83614019116978,325.15384615384613,83.83614019116978,0
per_huruf,8,627,0.4193979933110368,325.23076923076917,83.748748293127,325.23076923076917,83.748748293127,0
per_huruf,8,628,0.420066889632107,325.30769230769226,83.65953573054163,325.30769230769226,83.65953573054163,0
per_huruf,8,629,0.42073578595317723,325.3846153846154,83.56986800182068,325.3846153846154,83.56986800182068,0
per_huruf,8,630,0.4214046822742475,325.46153846153845,83.48111060537097,325.46153846153845,83.48111060537097,0
per_huruf,8,631,0.4220735785953177,325.53846153846155,83.39462903959947,325.53846153846155,83.39462903959947,0
per_huruf,8,632,0.42274247491638794,325.61538461538464,83.31178880291307,325.61538461538464,83.31178880291307,0
per_huruf,8,633,0.42341137123745815,325.6923076923077,83.2339553937187,325.6923076923077,83.2339553937187,0
per_huruf,8,634,0.4240802675585284,325.7692307692307,83.1624943104233,325.7692307692307,83.1624943104233,0
per_huruf,8,635,0.42474916387959866,325.84615384615387,83.09877105143377,325.84615384615387,83.09877105143377,0
per_huruf,8,636,0.42541806020066886,325.9230769230769,83.04415111515704,325.9230769230769,83.04415111515704,0
per_huruf,8,637,0.4260869565217391,326.0,83.0,326.0,83.0,0
per_huruf,8,638,0.42675585284280937,326.0769230769231,82.96995903504781,326.0769230769231,82.96995903504781,0
per_huruf,8,639,0.42742474916387957,326.1538461538462,82.95493855257169,326.1538461538462,82.95493855257169,0
per_huruf,8,640,0.4280936454849498,326.23076923076917,82.95220755575784,326.23076923076917,82.95220755575784,0
per_huruf,8,641,0.42876254180602,326.30769230769226,82.95903504779244,326.30769230769226,82.95903504779244,0
per_huruf,8,642,0.4294314381270903,326.3846153846155,82.97269003186163,326.3846153846155,82.97269003186163,0
per_huruf,8,643,0.43010033444816054,326.46153846153845,82.99044151115159,326.46153846153845,82.99044151115159,0
per_huruf,8,644,0.43076923076923074,326.5384615384615,83.00955848884843,326.5384615384615,83.00955848884843,0
per_huruf,8,645,0.431438127090301,326.61538461538464,83.02730996813838,326.61538461538464,83.02730996813838,0
per_huruf,8,646,0.4321070234113712,326.6923076923077,83.04096495220756,326.6923076923077,83.04096495220756,0
per_huruf,8,647,0.43277591973244145,326.7692307692307,83.04779244424213,326.7692307692307,83.04779244424213,0
per_huruf,8,648,0.4334448160535117,326.84615384615387,83.04506144742831,326.84615384615387,83.04506144742831,0
per_huruf,8,649,0.4341137123745819,326.9230769230769,83.0300409649522,326.9230769230769,83.0300409649522,0
per_huruf,8,650,0.43478260869565216,327.0,83.0,327.0,83.0,0
per_huruf,8,651,0.43545150501672236,327.07692307692315,82.95311788802914,327.07692307692315,82.95311788802914,0
per_huruf,8,652,0.4361204013377926,327.1538461538462,82.89121529358216,327.1538461538462,82.89121529358216,0
per_huruf,8,653,0.4367892976588629,327.23076923076917,82.81702321347291,327.23076923076917,82.81702321347291,0
per_huruf,8,654,0.4374581939799331,327.30769230769226,82.73327264451524,327.30769230769226,82.73327264451524,0
per_huruf,8,655,0.43812709030100333,327.3846153846154,82.642694583523,327.3846153846154,82.642694583523,0
per_huruf,8,656,0.43879598662207353,327.4615384615385,82.54802002730999,327.4615384615385,82.54802002730999,0
per_huruf,8,657,0.4394648829431438,327.53846153846155,82.45197997269004,327.53846153846155,82.45197997269004,0
per_huruf,8,658,0.44013377926421404,327.61538461538464,82.35730541647702,327.61538461538464,82.35730541647702,0
per_huruf,8,659,0.44080267558528424,327.6923076923077,82.26672735548475,327.6923076923077,82.26672735548475,0
per_huruf,8,660,0.4414715719063545,327.7692307692307,82.18297678652706,327.7692307692307,82.18297678652706,0
per_huruf,8,661,0.44214046822742475,327.84615384615387,82.10878470641785,327.84615384615387,82.10878470641785,0
per_huruf,8,662,0.44280936454849495,327.9230769230769,82.04688211197086,327.9230769230769,82.04688211197086,0
per_huruf,8,663,0.4434782608695652,328.0,82.0,328.0,82.0,0
per_huruf,8,664,0.4441471571906354,328.0769230769231,81.96722803823397,328.0769230769231,81.96722803823397,0
per_huruf,8,665,0.44481605351170567,328.15384615384613,81.94492489758761,328.15384615384613,81.94492489758761,0
per_huruf,8,666,0.4454849498327759,328.23076923076917,81.93172507965407,328.23076923076917,81.93172507965407,0
per_huruf,8,667,0.4461538461538461,328.3076923076923,81.92626308602638,328.3076923076923,81.92626308602638,0
per_huruf,8,668,0.4468227424749164,328.3846153846154,81.92717341829768,328.3846153846154,81.92717341829768,0
per_huruf,8,669,0.4474916387959866,328.4615384615385,81.933090578061,328.4615384615385,81.933090578061,0
per_huruf,8,670,0.44816053511705684,328.53846153846155,81.94264906690942,328.53846153846155,81.94264906690942,0
per_huruf,8,671,0.4488294314381271,328.61538461538464,81.95448338643605,328.61538461538464,81.95448338643605,0
per_huruf,8,672,0.4494983277591973,328.6923076923077,81.96722803823396,328.6923076923077,81.96722803823396,0
per_huruf,8,673,0.45016722408026755,328.7692307692307,81.97951752389622,328.7692307692307,81.97951752389622,0
per_huruf,8,674,0.45083612040133775,328.84615384615387,81.98998634501594,328.84615384615387,81.98998634501594,0
per_huruf,8,675,0.451505016722408,328.9230769230769,81.99726900318615,328.9230769230769,81.99726900318615,0
per_huruf,8,676,0.45217391304347826,329.0,82.0,329.0,82.0,0
per_huruf,8,677,0.45284280936454846,329.0769230769231,82.00000000000001,329.0769230769231,82.00000000000001,0
per_huruf,8,678,0.4535117056856187,329.1538461538462,82.0,329.1538461538462,82.0,0
per_huruf,8,679,0.4541806020066889,329.2307692307692,82.0,329.2307692307692,82.0,0
per_huruf,8,680,0.45484949832775917,329.30769230769226,82.0,329.30769230769226,82.0,0
per_huruf,8,681,0.45551839464882943,329.3846153846154,82.00000000000001,329.3846153846154,82.00000000000001,0
per_huruf,8,682,0.45618729096989963,329.46153846153845,82.00000000000001,329.46153846153845,82.00000000000001,0
per_huruf,8,683,0.4568561872909699,329.53846153846155,82.0,329.53846153846155,82.0,0
per_huruf,8,684,0.4575250836120401,329.61538461538464,82.0,329.61538461538464,82.0,0
per_huruf,8,685,0.45819397993311034,329.6923076923077,82.0,329.6923076923077,82.0,0
per_huruf,8,686,0.4588628762541806,329.7692307692307,81.99999999999999,329.7692307692307,81.99999999999999,0
per_huruf,8,687,0.4595317725752508,329.84615384615387,82.0,329.84615384615387,82.0,0
per_huruf,8,688,0.46020066889632105,329.9230769230769,82.0,329.9230769230769,82.0,0
per_huruf,8,689,0.4608695652173913,330.0,82.0,330.0,82.0,0
per_huruf,8,690,0.4615384615384615,330.0769230769231,82.00273099681385,330.0769230769231,82.00273099681385,0
per_huruf,8,691,0.46220735785953176,330.15384615384613,82.01001365498408,330.15384615384613,82.01001365498408,0
per_huruf,8,692,0.46287625418060196,330.23076923076917,82.02048247610378,330.23076923076917,82.02048247610378,0
per_huruf,8,693,0.4635451505016722,330.3076923076923,82.03277196176603,330.3076923076923,82.03277196176603,0
per_huruf,8,694,0.4642140468227425,330.3846153846154,82.04551661356396,330.3846153846154,82.04551661356396,0
per_huruf,8,695,0.4648829431438127,330.46153846153845,82.05735093309059,330.46153846153845,82.05735093309059,0
per_huruf,8,696,0.46555183946488293,330.53846153846155,82.066909421939,330.53846153846155,82.066909421939,0
per_huruf,8,697,0.46622073578595313,330.61538461538464,82.07282658170233,330.61538461538464,82.07282658170233,0
per_huruf,8,698,0.4668896321070234,330.69230769230774,82.0737369139736,330.69230769230774,82.0737369139736,0
per_huruf,8,699,0.46755852842809364,330.7692307692307,82.06827492034591,330.7692307692307,82.06827492034591,0
per_huruf,8,700,0.46822742474916385,330.84615384615387,82.05507510241239,330.84615384615387,82.05507510241239,0
per_huruf,8,701,0.4688963210702341,330.9230769230769,82.03277196176603,330.9230769230769,82.03277196176603,0
per_huruf,8,702,0.4695652173913043,331.0,82.0,331.0,82.0,0
per_huruf,8,703,0.47023411371237456,331.0769230769231,81.95584888484296,331.0769230769231,81.95584888484296,0
per_huruf,8,704,0.4709030100334448,331.15384615384613,81.90122894856623,331.15384615384613,81.90122894856623,0
per_huruf,8,705,0.471571906354515,331.23076923076917,81.83750568957669,331.23076923076917,81.83750568957669,0
per_huruf,8,706,0.47224080267558527,331.30769230769226,81.76604460628127,331.30769230769226,81.76604460628127,0
per_huruf,8,707,0.47290969899665547,331.3846153846154,81.68821119708694,331.3846153846154,81.68821119708694,0
per_huruf,8,708,0.4735785953177257,331.4615384615385,81.60537096040055,331.4615384615385,81.60537096040055,0
per_huruf,8,709,0.474247491638796,331.53846153846155,81.51888939462904,331.53846153846155,81.51888939462904,0
per_huruf,8,710,0.4749163879598662,331.61538461538464,81.43013199817933,331.61538461538464,81.43013199817933,0
per_huruf,8,711,0.47558528428093644,331.6923076923077,81.34046426945835,331.6923076923077,81.34046426945835,0
per_huruf,8,712,0.47625418060200664,331.7692307692307,81.25125170687299,331.7692307692307,81.25125170687299,0
per_huruf,8,713,0.4769230769230769,331.84615384615387,81.16385980883022,331.84615384615387,81.16385980883022,0
per_huruf,8,714,0.47759197324414715,331.9230769230769,81.07965407373692,331.9230769230769,81.07965407373692,0
per_huruf,8,715,0.47826086956521735,332.0,81.0,332.0,81.0,0
per_huruf,8,716,0.4789297658862876,332.07692307692315,80.9203459262631,332.07692307692315,80.9203459262631,0
per_huruf,8,717,0.47959866220735786,332.1538461538462,80.83614019116979,332.1538461538462,80.83614019116979,0
per_huruf,8,718,0.48026755852842806,332.23076923076917,80.74874829312698,332.23076923076917,80.74874829312698,0
per_huruf,8,719,0.4809364548494983,332.30769230769226,80.65953573054165,332.30769230769226,80.65953573054165,0
per_huruf,8,720,0.4816053511705685,332.3846153846154,80.56986800182068,332.3846153846154,80.56986800182068,0
per_huruf,8,721,0.4822742474916388,332.4615384615385,80.48111060537097,332.4615384615385,80.48111060537097,0
per_huruf,8,722,0.48294314381270903,332.53846153846155,80.39462903959947,332.53846153846155,80.39462903959947,0
per_huruf,8,723,0.48361204013377923,332.61538461538464,80.31178880291307,332.61538461538464,80.31178880291307,0
per_huruf,8,724,0.4842809364548495,332.6923076923077,80.2339553937187,332.6923076923077,80.2339553937187,0
per_huruf,8,725,0.4849498327759197,332.7692307692307,80.1624943104233,332.7692307692307,80.1624943104233,0
per_huruf,8,726,0.48561872909698994,332.84615384615387,80.09877105143377,332.84615384615387,80.09877105143377,0
per_huruf,8,727,0.4862876254180602,332.9230769230769,80.04415111515704,332.9230769230769,80.04415111515704,0
per_huruf,8,728,0.4869565217391304,333.0,80.0,333.0,80.0,0
per_huruf,8,729,0.48762541806020065,333.07692307692315,79.96722803823396,333.07692307692315,79.96722803823396,0
per_huruf,8,730,0.48829431438127086,333.1538461538462,79.94492489758763,333.1538461538462,79.94492489758763,0
per_huruf,8,731,0.4889632107023411,333.23076923076917,79.93172507965407,333.23076923076917,79.93172507965407,0
per_huruf,8,732,0.48963210702341137,333.30769230769226,79.9262630860264,333.30769230769226,79.9262630860264,0
per_huruf,8,733,0.49030100334448157,333.3846153846154,79.9271734182977,333.3846153846154,79.9271734182977,0
per_huruf,8,734,0.4909698996655518,333.46153846153845,79.933090578061,333.46153846153845,79.933090578061,0
per_huruf,8,735,0.491638795986622,333.53846153846155,79.94264906690941,333.53846153846155,79.94264906690941,0
per_huruf,8,736,0.4923076923076923,333.61538461538464,79.95448338643605,333.61538461538464,79.95448338643605,0
per_huruf,8,737,0.49297658862876254,333.6923076923077,79.96722803823394,333.6923076923077,79.96722803823394,0
per_huruf,8,738,0.49364548494983274,333.7692307692307,79.97951752389622,333.7692307692307,79.97951752389622,0
per_huruf,8,739,0.494314381270903,333.84615384615387,79.98998634501594,333.84615384615387,79.98998634501594,0
per_huruf,8,740,0.4949832775919732,333.9230769230769,79.99726900318616,333.9230769230769,79.99726900318616,0
per_huruf,8,741,0.49565217391304345,334.0,80.0,334.0,80.0,0
per_huruf,8,742,0.4963210702341137,334.07692307692315,80.00273099681385,334.07692307692315,80.00273099681385,0
per_huruf,8,743,0.4969899665551839,334.15384615384613,80.01001365498408,334.15384615384613,80.01001365498408,0
per_huruf,8,744,0.49765886287625416,334.23076923076917,80.02048247610377,334.23076923076917,80.02048247610377,0
per_huruf,8,745,0.4983277591973244,334.30769230769226,80.03277196176604,334.30769230769226,80.03277196176604,0
per_huruf,8,746,0.4989966555183946,334.3846153846154,80.04551661356396,334.3846153846154,80.04551661356396,0
per_huruf,8,747,0.49966555183946487,334.46153846153845,80.05735093309059,334.46153846153845,80.05735093309059,0
per_huruf,8,748,0.5003344481605351,334.53846153846155,80.06690942193902,334.53846153846155,80.06690942193902,0
per_huruf,8,749,0.5010033444816053,334.61538461538464,80.07282658170233,334.61538461538464,80.07282658170233,0
per_huruf,8,750,0.5016722408026756,334.6923076923077,80.07373691397359,334.6923076923077,80.07373691397359,0
per_huruf,8,751,0.5023411371237458,334.7692307692307,80.06827492034591,334.7692307692307,80.06827492034591,0
per_huruf,8,752,0.503010033444816,334.84615384615387,80.05507510241239,334.84615384615387,80.05507510241239,0
per_huruf,8,753,0.5036789297658862,334.9230769230769,80.03277196176604,334.9230769230769,80.03277196176604,0
per_huruf,8,754,0.5043478260869565,335.0,80.0,335.0,80.0,0
per_huruf,8,755,0.5050167224080268,335.07692307692315,79.95311788802914,335.07692307692315,79.95311788802914,0
per_huruf,8,756,0.505685618729097,335.15384615384613,79.89121529358215,335.15384615384613,79.89121529358215,0
per_huruf,8,757,0.5063545150501672,335.23076923076917,79.81702321347291,335.23076923076917,79.81702321347291,0
per_huruf,8,758,0.5070234113712374,335.30769230769226,79.73327264451524,335.30769230769226,79.73327264451524,0
per_huruf,8,759,0.5076923076923077,335.3846153846154,79.642694583523,335.3846153846154,79.642694583523,0
per_huruf,8,760,0.5083612040133779,335.4615384615385,79.54802002730997,335.4615384615385,79.54802002730997,0
per_huruf,8,761,0.5090301003344482,335.53846153846155,79.45197997269004,335.53846153846155,79.45197997269004,0
per_huruf,8,762,0.5096989966555183,335.61538461538464,79.35730541647702,335.61538461538464,79.35730541647702,0
per_huruf,8,763,0.5103678929765886,335.6923076923077,79.26672735548475,335.6923076923077,79.26672735548475,0
per_huruf,8,764,0.5110367892976588,335.7692307692307,79.18297678652709,335.7692307692307,79.18297678652709,0
per_huruf,8,765,0.5117056856187291,335.84615384615387,79.10878470641785,335.84615384615387,79.10878470641785,0
per_huruf,8,766,0.5123745819397993,335.9230769230769,79.04688211197087,335.9230769230769,79.04688211197087,0
per_huruf,8,767,0.5130434782608695,336.0,79.0,336.0,79.0,0
per_huruf,8,768,0.5137123745819397,336.0769230769231,78.96995903504781,336.0769230769231,78.96995903504781,0
per_huruf,8,769,0.51438127090301,336.1538461538462,78.95493855257169,336.1538461538462,78.95493855257169,0
per_huruf,8,770,0.5150501672240803,336.23076923076917,78.95220755575784,336.23076923076917,78.95220755575784,0
per_huruf,8,771,0.5157190635451505,336.30769230769226,78.95903504779244,336.30769230769226,78.95903504779244,0
per_huruf,8,772,0.5163879598662207,336.3846153846154,78.97269003186163,336.3846153846154,78.97269003186163,0
per_huruf,8,773,0.5170568561872909,336.4615384615385,78.99044151115157,336.4615384615385,78.99044151115157,0
per_huruf,8,774,0.5177257525083612,336.53846153846155,79.00955848884843,336.53846153846155,79.00955848884843,0
per_huruf,8,775,0.5183946488294314,336.61538461538464,79.02730996813838,336.61538461538464,79.02730996813838,0
per_huruf,8,776,0.5190635451505017,336.6923076923077,79.04096495220755,336.6923076923077,79.04096495220755,0
per_huruf,8,777,0.5197324414715718,336.7692307692307,79.04779244424215,336.7692307692307,79.04779244424215,0
per_huruf,8,778,0.5204013377926421,336.84615384615387,79.04506144742831,336.84615384615387,79.04506144742831,0
per_huruf,8,779,0.5210702341137123,336.9230769230769,79.0300409649522,336.9230769230769,79.0300409649522,0
per_huruf,8,780,0.5217391304347826,337.0,79.0,337.0,79.0,0
per_huruf,8,781,0.5224080267558529,337.07692307692304,78.95584888484298,337.07692307692304,78.95584888484298,0
per_huruf,8,782,0.5230769230769231,337.15384615384613,78.90122894856623,337.15384615384613,78.90122894856623,0
per_huruf,8,783,0.5237458193979933,337.23076923076917,78.83750568957669,337.23076923076917,78.83750568957669,0
per_huruf,8,784,0.5244147157190635,337.3076923076923,78.76604460628128,337.3076923076923,78.76604460628128,0
per_huruf,8,785,0.5250836120401338,337.3846153846154,78.68821119708694,337.3846153846154,78.68821119708694,0
per_huruf,8,786,0.525752508361204,337.46153846153845,78.60537096040055,337.46153846153845,78.60537096040055,0
per_huruf,8,787,0.5264214046822743,337.5384615384615,78.51888939462904,337.5384615384615,78.51888939462904,0
per_huruf,8,788,0.5270903010033444,337.61538461538464,78.43013199817933,337.61538461538464,78.43013199817933,0
per_huruf,8,789,0.5277591973244147,337.6923076923077,78.34046426945834,337.6923076923077,78.34046426945834,0
per_huruf,8,790,0.5284280936454849,337.7692307692308,78.251251706873,337.7692307692308,78.251251706873,0
per_huruf,8,791,0.5290969899665552,337.84615384615387,78.16385980883022,337.84615384615387,78.16385980883022,0
per_huruf,8,792,0.5297658862876254,337.9230769230769,78.07965407373692,337.9230769230769,78.07965407373692,0
per_huruf,8,793,0.5304347826086956,338.0,78.0,338.0,78.0,0
per_huruf,8,794,0.5311036789297658,338.07692307692315,77.92307692307695,338.07692307692315,77.92307692307695,0
per_huruf,8,795,0.5317725752508361,338.15384615384613,77.84615384615385,338.15384615384613,77.84615384615385,0
per_huruf,8,796,0.5324414715719064,338.23076923076917,77.76923076923076,338.23076923076917,77.76923076923076,0
per_huruf,8,797,0.5331103678929766,338.30769230769226,77.69230769230768,338.30769230769226,77.69230769230768,0
per_huruf,8,798,0.5337792642140468,338.3846153846154,77.61538461538463,338.3846153846154,77.61538461538463,0
per_huruf,8,799,0.534448160535117,338.4615384615385,77.53846153846155,338.4615384615385,77.53846153846155,0
per_huruf,8,800,0.5351170568561873,338.5384615384615,77.46153846153847,338.5384615384615,77.46153846153847,0
per_huruf,8,801,0.5357859531772575,338.61538461538464,77.38461538461539,338.61538461538464,77.38461538461539,0
per_huruf,8,802,0.5364548494983278,338.6923076923077,77.3076923076923,338.6923076923077,77.3076923076923,0
per_huruf,8,803,0.5371237458193979,338.7692307692307,77.23076923076923,338.7692307692307,77.23076923076923,0
per_huruf,8,804,0.5377926421404682,338.84615384615387,77.15384615384616,338.84615384615387,77.15384615384616,0
per_huruf,8,805,0.5384615384615384,338.9230769230769,77.07692307692307,338.9230769230769,77.07692307692307,0
per_huruf,8,806,0.5391304347826087,339.0,77.0,339.0,77.0,0
per_huruf,8,807,0.539799331103679,339.0769230769231,76.92307692307695,339.0769230769231,76.92307692307695,0
per_huruf,8,808,0.5404682274247491,339.1538461538462,76.84615384615385,339.1538461538462,76.84615384615385,0
per_huruf,8,809,0.5411371237458193,339.2307692307692,76.76923076923077,339.2307692307692,76.76923076923077,0
per_huruf,8,810,0.5418060200668896,339.30769230769226,76.6923076923077,339.30769230769226,76.6923076923077,0
per_huruf,8,811,0.5424749163879599,339.3846153846154,76.61538461538463,339.3846153846154,76.61538461538463,0
per_huruf,8,812,0.5431438127090301,339.4615384615385,76.53846153846155,339.4615384615385,76.53846153846155,0
per_huruf,8,813,0.5438127090301003,339.53846153846155,76.46153846153845,339.53846153846155,76.46153846153845,0
per_huruf,8,814,0.5444816053511705,339.61538461538464,76.38461538461539,339.61538461538464,76.38461538461539,0
per_huruf,8,815,0.5451505016722408,339.6923076923077,76.3076923076923,339.6923076923077,76.3076923076923,0
per_huruf,8,816,0.545819397993311,339.7692307692307,76.23076923076923,339.7692307692307,76.23076923076923,0
per_huruf,8,817,0.5464882943143813,339.84615384615387,76.15384615384615,339.84615384615387,76.15384615384615,0
per_huruf,8,818,0.5471571906354514,339.9230769230769,76.07692307692307,339.9230769230769,76.07692307692307,0
per_huruf,8,819,0.5478260869565217,340.0,76.0,340.0,76.0,0
per_huruf,8,820,0.5484949832775919,340.07692307692315,75.92307692307693,340.07692307692315,75.92307692307693,0
per_huruf,8,821,0.5491638795986622,340.1538461538462,75.84615384615384,340.1538461538462,75.84615384615384,0
per_huruf,8,822,0.5498327759197325,340.23076923076917,75.76923076923076,340.23076923076917,75.76923076923076,0
per_huruf,8,823,0.5505016722408026,340.30769230769226,75.6923076923077,340.30769230769226,75.6923076923077,0
per_huruf,8,824,0.5511705685618729,340.3846153846154,75.61538461538463,340.3846153846154,75.61538461538463,0
per_huruf,8,825,0.5518394648829431,340.4615384615385,75.53846153846155,340.4615384615385,75.53846153846155,0
per_huruf,8,826,0.5525083612040134,340.5384615384616,75.46153846153845,340.5384615384616,75.46153846153845,0
per_huruf,8,827,0.5531772575250836,340.61538461538464,75.38461538461539,340.61538461538464,75.38461538461539,0
per_huruf,8,828,0.5538461538461538,340.6923076923077,75.3076923076923,340.6923076923077,75.3076923076923,0
per_huruf,8,829,0.554515050167224,340.7692307692308,75.23076923076923,340.7692307692308,75.23076923076923,0
per_huruf,8,830,0.5551839464882943,340.84615384615387,75.15384615384616,340.84615384615387,75.15384615384616,0
per_huruf,8,831,0.5558528428093645,340.9230769230769,75.07692307692307,340.9230769230769,75.07692307692307,0
per_huruf,8,832,0.5565217391304348,341.0,75.0,341.0,75.0,0
per_huruf,8,833,0.5571906354515049,341.079654073737,74.92307692307693,341.079654073737,74.92307692307693,0
per_huruf,8,834,0.5578595317725752,341.16385980883024,74.84615384615384,341.16385980883024,74.84615384615384,0
per_huruf,8,835,0.5585284280936454,341.25125170687295,74.76923076923076,341.25125170687295,74.76923076923076,0
per_huruf,8,836,0.5591973244147157,341.34046426945827,74.69230769230768,341.34046426945827,74.69230769230768,0
per_huruf,8,837,0.559866220735786,341.4301319981794,74.61538461538461,341.4301319981794,74.61538461538461,0
per_huruf,8,838,0.5605351170568562,341.518889394629,74.53846153846153,341.518889394629,74.53846153846153,0
per_huruf,8,839,0.5612040133779264,341.60537096040053,74.46153846153847,341.60537096040053,74.46153846153847,0
per_huruf,8,840,0.5618729096989966,341.6882111970869,74.38461538461539,341.6882111970869,74.38461538461539,0
per_huruf,8,841,0.5625418060200669,341.76604460628124,74.3076923076923,341.76604460628124,74.3076923076923,0
per_huruf,8,842,0.5632107023411371,341.8375056895767,74.23076923076923,341.8375056895767,74.23076923076923,0
per_huruf,8,843,0.5638795986622074,341.9012289485662,74.15384615384616,341.9012289485662,74.15384615384616,0
per_huruf,8,844,0.5645484949832775,341.95584888484296,74.07692307692308,341.95584888484296,74.07692307692308,0
per_huruf,8,845,0.5652173913043478,342.0,74.0,342.0,74.0,0
per_huruf,8,846,0.565886287625418,342.0327719617661,73.92307692307693,342.0327719617661,73.92307692307693,0
per_huruf,8,847,0.5665551839464883,342.0550751024124,73.84615384615385,342.0550751024124,73.84615384615385,0
per_huruf,8,848,0.5672240802675586,342.0682749203459,73.76923076923077,342.0682749203459,73.76923076923077,0
per_huruf,8,849,0.5678929765886287,342.07373691397356,73.69230769230768,342.07373691397356,73.69230769230768,0
per_huruf,8,850,0.568561872909699,342.0728265817024,73.61538461538461,342.0728265817024,73.61538461538461,0
per_huruf,8,851,0.5692307692307692,342.06690942193904,73.53846153846153,342.06690942193904,73.53846153846153,0
per_huruf,8,852,0.5698996655518395,342.0573509330906,73.46153846153845,342.0573509330906,73.46153846153845,0
per_huruf,8,853,0.5705685618729097,342.04551661356396,73.38461538461539,342.04551661356396,73.38461538461539,0
per_huruf,8,854,0.5712374581939799,342.032771961766,73.30769230769229,342.032771961766,73.30769230769229,0
per_huruf,8,855,0.5719063545150501,342.0204824761038,73.23076923076923,342.0204824761038,73.23076923076923,0
per_huruf,8,856,0.5725752508361204,342.01001365498405,73.15384615384616,342.01001365498405,73.15384615384616,0
per_huruf,8,857,0.5732441471571906,342.00273099681385,73.07692307692307,342.00273099681385,73.07692307692307,0
per_huruf,8,858,0.5739130434782609,342.0,73.0,342.0,73.0,0
per_huruf,8,859,0.574581939799331,342.00000000000006,72.92307692307693,342.00000000000006,72.92307692307693,0
per_huruf,8,860,0.5752508361204013,342.0,72.84615384615385,342.0,72.84615384615385,0
per_huruf,8,861,0.5759197324414715,342.0,72.76923076923076,342.0,72.76923076923076,0
per_huruf,8,862,0.5765886287625418,341.99999999999994,72.6923076923077,341.99999999999994,72.6923076923077,0
per_huruf,8,863,0.577257525083612,342.00000000000006,72.61538461538461,342.00000000000006,72.61538461538461,0
per_huruf,8,864,0.5779264214046822,342.0,72.53846153846153,342.0,72.53846153846153,0
per_huruf,8,865,0.5785953177257525,342.0,72.46153846153845,342.0,72.46153846153845,0
per_huruf,8,866,0.5792642140468227,342.0,72.38461538461539,342.0,72.38461538461539,0
per_huruf,8,867,0.579933110367893,342.0,72.3076923076923,342.0,72.3076923076923,0
per_huruf,8,868,0.5806020066889632,342.0,72.23076923076923,342.0,72.23076923076923,0
per_huruf,8,869,0.5812709030100334,342.0,72.15384615384616,342.0,72.15384615384616,0
per_huruf,8,870,0.5819397993311036,342.0,72.07692307692307,342.0,72.07692307692307,0
per_huruf,8,871,0.5826086956521739,342.0,72.0,342.0,72.0,0
per_huruf,8,872,0.5832775919732441,341.99726900318626,71.92307692307695,341.99726900318626,71.92307692307695,0
per_huruf,8,873,0.5839464882943144,341.98998634501595,71.84615384615385,341.98998634501595,71.84615384615385,0
per_huruf,8,874,0.5846153846153845,341.9795175238962,71.76923076923076,341.9795175238962,71.76923076923076,0
per_huruf,8,875,0.5852842809364548,341.9672280382339,71.6923076923077,341.9672280382339,71.6923076923077,0
per_huruf,8,876,0.585953177257525,341.9544833864361,71.61538461538461,341.9544833864361,71.61538461538461,0
per_huruf,8,877,0.5866220735785953,341.94264906690944,71.53846153846155,341.94264906690944,71.53846153846155,0
per_huruf,8,878,0.5872909698996656,341.933090578061,71.46153846153847,341.933090578061,71.46153846153847,0
per_huruf,8,879,0.5879598662207357,341.9271734182977,71.38461538461539,341.9271734182977,71.38461538461539,0
per_huruf,8,880,0.588628762541806,341.9262630860264,71.3076923076923,341.9262630860264,71.3076923076923,0
per_huruf,8,881,0.5892976588628762,341.93172507965403,71.23076923076923,341.93172507965403,71.23076923076923,0
per_huruf,8,882,0.5899665551839465,341.9449248975876,71.15384615384616,341.9449248975876,71.15384615384616,0
per_huruf,8,883,0.5906354515050167,341.967228038234,71.07692307692308,341.967228038234,71.07692307692308,0
per_huruf,8,884,0.5913043478260869,342.0,71.0,342.0,71.0,0
per_huruf,8,885,0.5919732441471571,342.04688211197094,70.92307692307693,342.04688211197094,70.92307692307693,0
per_huruf,8,886,0.5926421404682274,342.1087847064179,70.84615384615385,342.1087847064179,70.84615384615385,0
per_huruf,8,887,0.5933110367892976,342.18297678652704,70.76923076923076,342.18297678652704,70.76923076923076,0
per_huruf,8,888,0.5939799331103679,342.26672735548476,70.69230769230768,342.26672735548476,70.69230769230768,0
per_huruf,8,889,0.594648829431438,342.35730541647706,70.61538461538463,342.35730541647706,70.61538461538463,0
per_huruf,8,890,0.5953177257525083,342.45197997269,70.53846153846155,342.45197997269,70.53846153846155,0
per_huruf,8,891,0.5959866220735786,342.5480200273099,70.46153846153845,342.5480200273099,70.46153846153845,0
per_huruf,8,892,0.5966555183946488,342.642694583523,70.38461538461539,342.642694583523,70.38461538461539,0
per_huruf,8,893,0.5973244147157191,342.7332726445153,70.3076923076923,342.7332726445153,70.3076923076923,0
per_huruf,8,894,0.5979933110367893,342.8170232134729,70.23076923076923,342.8170232134729,70.23076923076923,0
per_huruf,8,895,0.5986622073578595,342.89121529358215,70.15384615384616,342.89121529358215,70.15384615384616,0
per_huruf,8,896,0.5993311036789297,342.9531178880291,70.07692307692308,342.9531178880291,70.07692307692308,0
per_huruf,8,897,0.6,343.0,70.0,343.0,70.0,0
per_huruf,8,898,0.6006688963210702,343.0327719617661,69.92307692307695,343.0327719617661,69.92307692307695,0
per_huruf,8,899,0.6013377926421405,343.05507510241245,69.84615384615384,343.05507510241245,69.84615384615384,0
per_huruf,8,900,0.6020066889632106,343.06827492034586,69.76923076923076,343.06827492034586,69.76923076923076,0
per_huruf,8,901,0.6026755852842809,343.0737369139736,69.69230769230768,343.0737369139736,69.69230769230768,0
per_huruf,8,902,0.6033444816053511,343.0728265817023,69.61538461538461,343.0728265817023,69.61538461538461,0
per_huruf,8,903,0.6040133779264214,343.06690942193904,69.53846153846155,343.06690942193904,69.53846153846155,0
per_huruf,8,904,0.6046822742474917,343.05735093309056,69.46153846153847,343.05735093309056,69.46153846153847,0
per_huruf,8,905,0.6053511705685618,343.04551661356396,69.38461538461539,343.04551661356396,69.38461538461539,0
per_huruf,8,906,0.6060200668896321,343.032771961766,69.3076923076923,343.032771961766,69.3076923076923,0
per_huruf,8,907,0.6066889632107023,343.0204824761038,69.23076923076923,343.0204824761038,69.23076923076923,0
per_huruf,8,908,0.6073578595317726,343.01001365498405,69.15384615384616,343.01001365498405,69.15384615384616,0
per_huruf,8,909,0.6080267558528428,343.0027309968138,69.07692307692308,343.0027309968138,69.07692307692308,0
per_huruf,8,910,0.608695652173913,343.0,69.0,343.0,69.0,0
per_huruf,8,911,0.6093645484949832,343.00000000000006,68.92307692307692,343.00000000000006,68.92307692307692,0
per_huruf,8,912,0.6100334448160535,343.00000000000006,68.84615384615385,343.00000000000006,68.84615384615385,0
per_huruf,8,913,0.6107023411371237,342.99999999999994,68.76923076923076,342.99999999999994,68.76923076923076,0
per_huruf,8,914,0.611371237458194,342.99999999999994,68.6923076923077,342.99999999999994,68.6923076923077,0
per_huruf,8,915,0.6120401337792641,343.0,68.61538461538463,343.0,68.61538461538463,0
per_huruf,8,916,0.6127090301003344,343.0,68.53846153846155,343.0,68.53846153846155,0
per_huruf,8,917,0.6133779264214047,343.0,68.46153846153847,343.0,68.46153846153847,0
per_huruf,8,918,0.6140468227424749,343.00000000000006,68.38461538461539,343.00000000000006,68.38461538461539,0
per_huruf,8,919,0.6147157190635452,343.0,68.30769230769229,343.0,68.30769230769229,0
per_huruf,8,920,0.6153846153846153,343.0,68.23076923076923,343.0,68.23076923076923,0
per_huruf,8,921,0.6160535117056856,343.0,68.15384615384616,343.0,68.15384615384616,0
per_huruf,8,922,0.6167224080267558,343.0,68.07692307692308,343.0,68.07692307692308,0
per_huruf,8,923,0.6173913043478261,343.0,68.0,343.0,68.0,0
per_huruf,8,924,0.6180602006688963,343.00273099681385,67.92307692307693,343.00273099681385,67.92307692307693,0
per_huruf,8,925,0.6187290969899665,343.0100136549841,67.84615384615385,343.0100136549841,67.84615384615385,0
per_huruf,8,926,0.6193979933110367,343.0204824761037,67.76923076923076,343.0204824761037,67.76923076923076,0
per_huruf,8,927,0.620066889632107,343.032771961766,67.69230769230768,343.032771961766,67.69230769230768,0
per_huruf,8,928,0.6207357859531772,343.04551661356396,67.61538461538463,343.04551661356396,67.61538461538463,0
per_huruf,8,929,0.6214046822742475,343.0573509330906,67.53846153846155,343.0573509330906,67.53846153846155,0
per_huruf,8,930,0.6220735785953176,343.06690942193893,67.46153846153845,343.06690942193893,67.46153846153845,0
per_huruf,8,931,0.6227424749163879,343.0728265817024,67.38461538461539,343.0728265817024,67.38461538461539,0
per_huruf,8,932,0.6234113712374582,343.07373691397356,67.3076923076923,343.07373691397356,67.3076923076923,0
per_huruf,8,933,0.6240802675585284,343.06827492034586,67.23076923076923,343.06827492034586,67.23076923076923,0
per_huruf,8,934,0.6247491638795987,343.0550751024124,67.15384615384616,343.0550751024124,67.15384615384616,0
per_huruf,8,935,0.6254180602006688,343.032771961766,67.07692307692308,343.032771961766,67.07692307692308,0
per_huruf,8,936,0.6260869565217391,343.0,67.0,343.0,67.0,0
per_huruf,8,937,0.6267558528428093,342.95311788802917,66.92307692307693,342.95311788802917,66.92307692307693,0
per_huruf,8,938,0.6274247491638796,342.89121529358215,66.84615384615385,342.89121529358215,66.84615384615385,0
per_huruf,8,939,0.6280936454849498,342.8170232134729,66.76923076923076,342.8170232134729,66.76923076923076,0
per_huruf,8,940,0.62876254180602,342.73327264451524,66.69230769230768,342.73327264451524,66.69230769230768,0
per_huruf,8,941,0.6294314381270902,342.642694583523,66.61538461538463,342.642694583523,66.61538461538463,0
per_huruf,8,942,0.6301003344481605,342.54802002731003,66.53846153846155,342.54802002731003,66.53846153846155,0
per_huruf,8,943,0.6307692307692307,342.45197997269,66.46153846153847,342.45197997269,66.46153846153847,0
per_huruf,8,944,0.631438127090301,342.357305416477,66.38461538461539,342.357305416477,66.38461538461539,0
per_huruf,8,945,0.6321070234113713,342.26672735548476,66.3076923076923,342.26672735548476,66.3076923076923,0
per_huruf,8,946,0.6327759197324414,342.1829767865271,66.23076923076923,342.1829767865271,66.23076923076923,0
per_huruf,8,947,0.6334448160535117,342.10878470641785,66.15384615384616,342.10878470641785,66.15384615384616,0
per_huruf,8,948,0.6341137123745819,342.0468821119709,66.07692307692308,342.0468821119709,66.07692307692308,0
per_huruf,8,949,0.6347826086956522,342.0,66.0,342.0,66.0,0
per_huruf,8,950,0.6354515050167224,341.96995903504785,65.9203459262631,341.96995903504785,65.9203459262631,0
per_huruf,8,951,0.6361204013377926,341.95493855257166,65.83614019116978,341.95493855257166,65.83614019116978,0
per_huruf,8,952,0.6367892976588628,341.9522075557578,65.748748293127,341.9522075557578,65.748748293127,0
per_huruf,8,953,0.6374581939799331,341.9590350477924,65.65953573054165,341.9590350477924,65.65953573054165,0
per_huruf,8,954,0.6381270903010033,341.97269003186165,65.56986800182067,341.97269003186165,65.56986800182067,0
per_huruf,8,955,0.6387959866220736,341.99044151115163,65.48111060537096,341.99044151115163,65.48111060537096,0
per_huruf,8,956,0.6394648829431437,342.0095584888484,65.39462903959945,342.0095584888484,65.39462903959945,0
per_huruf,8,957,0.640133779264214,342.02730996813835,65.31178880291307,342.02730996813835,65.31178880291307,0
per_huruf,8,958,0.6408026755852843,342.04096495220756,65.2339553937187,342.04096495220756,65.2339553937187,0
per_huruf,8,959,0.6414715719063545,342.0477924442421,65.16249431042331,342.0477924442421,65.16249431042331,0
per_huruf,8,960,0.6421404682274248,342.04506144742834,65.09877105143377,342.04506144742834,65.09877105143377,0
per_huruf,8,961,0.6428093645484949,342.0300409649522,65.04415111515704,342.0300409649522,65.04415111515704,0
per_huruf,8,962,0.6434782608695652,342.0,65.0,342.0,65.0,0
per_huruf,8,963,0.6441471571906354,341.95584888484296,64.96995903504781,341.95584888484296,64.96995903504781,0
per_huruf,8,964,0.6448160535117057,341.90122894856626,64.95493855257169,341.90122894856626,64.95493855257169,0
per_huruf,8,965,0.6454849498327759,341.83750568957663,64.95220755575785,341.83750568957663,64.95220755575785,0
per_huruf,8,966,0.6461538461538461,341.76604460628124,64.95903504779244,341.76604460628124,64.95903504779244,0
per_huruf,8,967,0.6468227424749163,341.68821119708696,64.97269003186163,341.68821119708696,64.97269003186163,0
per_huruf,8,968,0.6474916387959866,341.6053709604006,64.99044151115157,341.6053709604006,64.99044151115157,0
per_huruf,8,969,0.6481605351170568,341.51888939462907,65.00955848884843,341.51888939462907,65.00955848884843,0
per_huruf,8,970,0.6488294314381271,341.4301319981793,65.02730996813838,341.4301319981793,65.02730996813838,0
per_huruf,8,971,0.6494983277591972,341.3404642694583,65.04096495220756,341.3404642694583,65.04096495220756,0
per_huruf,8,972,0.6501672240802675,341.25125170687295,65.04779244424213,341.25125170687295,65.04779244424213,0
per_huruf,8,973,0.6508361204013378,341.16385980883024,65.04506144742831,341.16385980883024,65.04506144742831,0
per_huruf,8,974,0.651505016722408,341.07965407373695,65.0300409649522,341.07965407373695,65.0300409649522,0
per_huruf,8,975,0.6521739130434783,341.0,65.0,341.0,65.0,0
per_huruf,8,976,0.6528428093645484,340.923076923077,64.95311788802914,340.923076923077,64.95311788802914,0
per_huruf,8,977,0.6535117056856187,340.8461538461539,64.89121529358216,340.8461538461539,64.89121529358216,0
per_huruf,8,978,0.6541806020066889,340.7692307692307,64.81702321347291,340.7692307692307,64.81702321347291,0
per_huruf,8,979,0.6548494983277592,340.69230769230774,64.73327264451525,340.69230769230774,64.73327264451525,0
per_huruf,8,980,0.6555183946488294,340.61538461538464,64.642694583523,340.61538461538464,64.642694583523,0
per_huruf,8,981,0.6561872909698996,340.53846153846155,64.54802002730997,340.53846153846155,64.54802002730997,0
per_huruf,8,982,0.6568561872909698,340.46153846153845,64.45197997269004,340.46153846153845,64.45197997269004,0
per_huruf,8,983,0.6575250836120401,340.38461538461536,64.35730541647702,340.38461538461536,64.35730541647702,0
per_huruf,8,984,0.6581939799331104,340.30769230769226,64.26672735548475,340.30769230769226,64.26672735548475,0
per_huruf,8,985,0.6588628762541806,340.23076923076917,64.18297678652708,340.23076923076917,64.18297678652708,0
per_huruf,8,986,0.6595317725752508,340.1538461538462,64.10878470641785,340.1538461538462,64.10878470641785,0
per_huruf,8,987,0.660200668896321,340.0769230769231,64.04688211197086,340.0769230769231,64.04688211197086,0
per_huruf,8,988,0.6608695652173913,340.0,64.0,340.0,64.0,0
per_huruf,8,989,0.6615384615384615,339.923076923077,63.96995903504781,339.923076923077,63.96995903504781,0
per_huruf,8,990,0.6622073578595318,339.84615384615387,63.95493855257169,339.84615384615387,63.95493855257169,0
per_huruf,8,991,0.6628762541806019,339.7692307692307,63.952207555757845,339.7692307692307,63.952207555757845,0
per_huruf,8,992,0.6635451505016722,339.6923076923077,63.95903504779243,339.6923076923077,63.95903504779243,0
per_huruf,8,993,0.6642140468227424,339.61538461538464,63.972690031861646,339.61538461538464,63.972690031861646,0
per_huruf,8,994,0.6648829431438127,339.53846153846155,63.99044151115157,339.53846153846155,63.99044151115157,0
per_huruf,8,995,0.6655518394648829,339.4615384615385,64.00955848884843,339.4615384615385,64.00955848884843,0
per_huruf,8,996,0.6662207357859531,339.38461538461536,64.02730996813838,339.38461538461536,64.02730996813838,0
per_huruf,8,997,0.6668896321070233,339.30769230769226,64.04096495220756,339.30769230769226,64.04096495220756,0
per_huruf,8,998,0.6675585284280936,339.23076923076917,64.04779244424215,339.23076923076917,64.04779244424215,0
per_huruf,8,999,0.6682274247491639,339.1538461538462,64.04506144742831,339.1538461538462,64.04506144742831,0
per_huruf,8,1000,0.6688963210702341,339.0769230769231,64.0300409649522,339.0769230769231,64.0300409649522,0
per_huruf,8,1001,0.6695652173913044,339.0,64.0,339.0,64.0,0
per_huruf,8,1002,0.6702341137123745,338.9230769230769,63.953117888029134,338.9230769230769,63.953117888029134,0
per_huruf,8,1003,0.6709030100334448,338.8461538461538,63.891215293582164,338.8461538461538,63.891215293582164,0
per_huruf,8,1004,0.671571906354515,338.7692307692307,63.81702321347291,338.7692307692307,63.81702321347291,0
per_huruf,8,1005,0.6722408026755853,338.6923076923077,63.733272644515246,338.6923076923077,63.733272644515246,0
per_huruf,8,1006,0.6729096989966555,338.61538461538464,63.642694583522996,338.61538461538464,63.642694583522996,0
per_huruf,8,1007,0.6735785953177257,338.53846153846155,63.548020027309974,338.53846153846155,63.548020027309974,0
per_huruf,8,1008,0.6742474916387959,338.4615384615384,63.45197997269003,338.4615384615384,63.45197997269003,0
per_huruf,8,1009,0.6749163879598662,338.3846153846154,63.35730541647701,338.3846153846154,63.35730541647701,0
per_huruf,8,1010,0.6755852842809364,338.30769230769226,63.26672735548475,338.30769230769226,63.26672735548475,0
per_huruf,8,1011,0.6762541806020067,338.23076923076917,63.18297678652707,338.23076923076917,63.18297678652707,0
per_huruf,8,1012,0.6769230769230768,338.1538461538462,63.10878470641784,338.1538461538462,63.10878470641784,0
per_huruf,8,1013,0.6775919732441471,338.07692307692304,63.046882111970866,338.07692307692304,63.046882111970866,0
per_huruf,8,1014,0.6782608695652174,338.0,63.0,338.0,63.0,0
per_huruf,8,1015,0.6789297658862876,337.92307692307696,62.96722803823396,337.92307692307696,62.96722803823396,0
per_huruf,8,1016,0.6795986622073579,337.84615384615387,62.944924897587626,337.84615384615387,62.944924897587626,0
per_huruf,8,1017,0.680267558528428,337.7692307692308,62.931725079654065,337.7692307692308,62.931725079654065,0
per_huruf,8,1018,0.6809364548494983,337.6923076923077,62.926263086026395,337.6923076923077,62.926263086026395,0
per_huruf,8,1019,0.6816053511705685,337.61538461538464,62.927173418297684,337.61538461538464,62.927173418297684,0
per_huruf,8,1020,0.6822742474916388,337.53846153846155,62.933090578061,337.53846153846155,62.933090578061,0
per_huruf,8,1021,0.682943143812709,337.46153846153845,62.942649066909425,337.46153846153845,62.942649066909425,0
per_huruf,8,1022,0.6836120401337792,337.38461538461536,62.954483386436046,337.38461538461536,62.954483386436046,0
per_huruf,8,1023,0.6842809364548494,337.3076923076923,62.967228038233955,337.3076923076923,62.967228038233955,0
per_huruf,8,1024,0.6849498327759197,337.23076923076917,62.97951752389621,337.23076923076917,62.97951752389621,0
per_huruf,8,1025,0.68561872909699,337.1538461538462,62.989986345015936,337.1538461538462,62.989986345015936,0
per_huruf,8,1026,0.6862876254180602,337.07692307692304,62.99726900318616,337.07692307692304,62.99726900318616,0
per_huruf,8,1027,0.6869565217391304,337.0,63.0,337.0,63.0,0
per_huruf,8,1028,0.6876254180602006,336.923076923077,62.99726900318617,336.923076923077,62.99726900318617,0
per_huruf,8,1029,0.6882943143812709,336.8461538461538,62.98998634501593,336.8461538461538,62.98998634501593,0
per_huruf,8,1030,0.6889632107023411,336.7692307692307,62.97951752389621,336.7692307692307,62.97951752389621,0
per_huruf,8,1031,0.6896321070234114,336.6923076923076,62.967228038233955,336.6923076923076,62.967228038233955,0
per_huruf,8,1032,0.6903010033444815,336.61538461538464,62.95448338643605,336.61538461538464,62.95448338643605,0
per_huruf,8,1033,0.6909698996655518,336.5384615384616,62.942649066909425,336.5384615384616,62.942649066909425,0
per_huruf,8,1034,0.691638795986622,336.46153846153845,62.933090578061,336.46153846153845,62.933090578061,0
per_huruf,8,1035,0.6923076923076923,336.38461538461536,62.92717341829768,336.38461538461536,62.92717341829768,0
per_huruf,8,1036,0.6929765886287625,336.30769230769226,62.926263086026395,336.30769230769226,62.926263086026395,0
per_huruf,8,1037,0.6936454849498327,336.23076923076917,62.931725079654065,336.23076923076917,62.931725079654065,0
per_huruf,8,1038,0.694314381270903,336.1538461538462,62.944924897587626,336.1538461538462,62.944924897587626,0
per_huruf,8,1039,0.6949832775919732,336.07692307692304,62.967228038233955,336.07692307692304,62.967228038233955,0
per_huruf,8,1040,0.6956521739130435,336.0,63.0,336.0,63.0,0
per_huruf,8,1041,0.6963210702341137,335.92307692307696,63.04688211197088,335.92307692307696,63.04688211197088,0
per_huruf,8,1042,0.6969899665551839,335.84615384615387,63.10878470641785,335.84615384615387,63.10878470641785,0
per_huruf,8,1043,0.6976588628762541,335.76923076923066,63.18297678652707,335.76923076923066,63.18297678652707,0
per_huruf,8,1044,0.6983277591973244,335.6923076923076,63.26672735548474,335.6923076923076,63.26672735548474,0
per_huruf,8,1045,0.6989966555183946,335.61538461538464,63.35730541647702,335.61538461538464,63.35730541647702,0
per_huruf,8,1046,0.6996655518394649,335.53846153846155,63.45197997269004,335.53846153846155,63.45197997269004,0
per_huruf,8,1047,0.700334448160535,335.46153846153845,63.54802002730997,335.46153846153845,63.54802002730997,0
per_huruf,8,1048,0.7010033444816053,335.38461538461536,63.64269458352299,335.38461538461536,63.64269458352299,0
per_huruf,8,1049,0.7016722408026755,335.30769230769226,63.733272644515246,335.30769230769226,63.733272644515246,0
per_huruf,8,1050,0.7023411371237458,335.23076923076917,63.817023213472915,335.23076923076917,63.817023213472915,0
per_huruf,8,1051,0.703010033444816,335.1538461538462,63.89121529358216,335.1538461538462,63.89121529358216,0
per_huruf,8,1052,0.7036789297658863,335.07692307692304,63.95311788802913,335.07692307692304,63.95311788802913,0
per_huruf,8,1053,0.7043478260869565,335.0,64.0,335.0,64.0,0
per_huruf,8,1054,0.7050167224080267,334.92034592626305,64.03004096495222,334.92034592626305,64.03004096495222,0
per_huruf,8,1055,0.705685618729097,334.8361401911698,64.04506144742832,334.8361401911698,64.04506144742832,0
per_huruf,8,1056,0.7063545150501672,334.748748293127,64.04779244424213,334.748748293127,64.04779244424213,0
per_huruf,8,1057,0.7070234113712375,334.6595357305416,64.04096495220756,334.6595357305416,64.04096495220756,0
per_huruf,8,1058,0.7076923076923076,334.5698680018207,64.02730996813838,334.5698680018207,64.02730996813838,0
per_huruf,8,1059,0.7083612040133779,334.481110605371,64.00955848884844,334.481110605371,64.00955848884844,0
per_huruf,8,1060,0.7090301003344481,334.3946290395994,63.990441511151566,334.3946290395994,63.990441511151566,0
per_huruf,8,1061,0.7096989966555184,334.3117888029131,63.97269003186163,334.3117888029131,63.97269003186163,0
per_huruf,8,1062,0.7103678929765886,334.2339553937187,63.95903504779244,334.2339553937187,63.95903504779244,0
per_huruf,8,1063,0.7110367892976588,334.1624943104233,63.95220755575785,334.1624943104233,63.95220755575785,0
per_huruf,8,1064,0.711705685618729,334.0987710514338,63.95493855257169,334.0987710514338,63.95493855257169,0
per_huruf,8,1065,0.7123745819397993,334.04415111515704,63.96995903504779,334.04415111515704,63.96995903504779,0
per_huruf,8,1066,0.7130434782608696,334.0,64.0,334.0,64.0,0
per_huruf,8,1067,0.7137123745819398,333.96995903504785,64.04688211197087,333.96995903504785,64.04688211197087,0
per_huruf,8,1068,0.71438127090301,333.9549385525717,64.10878470641785,333.9549385525717,64.10878470641785,0
per_huruf,8,1069,0.7150501672240802,333.9522075557578,64.18297678652708,333.9522075557578,64.18297678652708,0
per_huruf,8,1070,0.7157190635451505,333.95903504779244,64.26672735548475,333.95903504779244,64.26672735548475,0
per_huruf,8,1071,0.7163879598662207,333.97269003186165,64.35730541647702,333.97269003186165,64.35730541647702,0
per_huruf,8,1072,0.717056856187291,333.99044151115163,64.45197997269004,333.99044151115163,64.45197997269004,0
per_huruf,8,1073,0.7177257525083611,334.00955848884837,64.54802002730996,334.00955848884837,64.54802002730996,0
per_huruf,8,1074,0.7183946488294314,334.02730996813835,64.64269458352298,334.02730996813835,64.64269458352298,0
per_huruf,8,1075,0.7190635451505016,334.04096495220756,64.73327264451524,334.04096495220756,64.73327264451524,0
per_huruf,8,1076,0.7197324414715719,334.04779244424213,64.81702321347291,334.04779244424213,64.81702321347291,0
per_huruf,8,1077,0.7204013377926421,334.04506144742834,64.89121529358216,334.04506144742834,64.89121529358216,0
per_huruf,8,1078,0.7210702341137123,334.0300409649522,64.95311788802913,334.0300409649522,64.95311788802913,0
per_huruf,8,1079,0.7217391304347825,334.0,65.0,334.0,65.0,0
per_huruf,8,1080,0.7224080267558528,333.955848884843,65.03004096495222,333.955848884843,65.03004096495222,0
per_huruf,8,1081,0.7230769230769231,333.90122894856626,65.04506144742831,333.90122894856626,65.04506144742831,0
per_huruf,8,1082,0.7237458193979933,333.8375056895767,65.04779244424215,333.8375056895767,65.04779244424215,0
per_huruf,8,1083,0.7244147157190635,333.76604460628124,65.04096495220755,333.76604460628124,65.04096495220755,0
per_huruf,8,1084,0.7250836120401337,333.68821119708696,65.02730996813838,333.68821119708696,65.02730996813838,0
per_huruf,8,1085,0.725752508361204,333.6053709604006,65.00955848884843,333.6053709604006,65.00955848884843,0
per_huruf,8,1086,0.7264214046822742,333.518889394629,64.99044151115157,333.518889394629,64.99044151115157,0
per_huruf,8,1087,0.7270903010033445,333.4301319981794,64.97269003186163,333.4301319981794,64.97269003186163,0
per_huruf,8,1088,0.7277591973244146,333.3404642694584,64.95903504779244,333.3404642694584,64.95903504779244,0
per_huruf,8,1089,0.7284280936454849,333.25125170687295,64.95220755575784,333.25125170687295,64.95220755575784,0
per_huruf,8,1090,0.7290969899665551,333.16385980883024,64.95493855257169,333.16385980883024,64.95493855257169,0
per_huruf,8,1091,0.7297658862876254,333.07965407373695,64.9699590350478,333.07965407373695,64.9699590350478,0
per_huruf,8,1092,0.7304347826086957,333.0,65.0,333.0,65.0,0
per_huruf,8,1093,0.7311036789297658,332.92034592626317,65.04415111515704,332.92034592626317,65.04415111515704,0
per_huruf,8,1094,0.731772575250836,332.83614019116976,65.09877105143379,332.83614019116976,65.09877105143379,0
per_huruf,8,1095,0.7324414715719063,332.74874829312694,65.16249431042331,332.74874829312694,65.16249431042331,0
per_huruf,8,1096,0.7331103678929766,332.6595357305416,65.2339553937187,332.6595357305416,65.2339553937187,0
per_huruf,8,1097,0.7337792642140468,332.56986800182074,65.31178880291307,332.56986800182074,65.31178880291307,0
per_huruf,8,1098,0.734448160535117,332.481110605371,65.39462903959947,332.481110605371,65.39462903959947,0
per_huruf,8,1099,0.7351170568561872,332.3946290395994,65.48111060537096,332.3946290395994,65.48111060537096,0
per_huruf,8,1100,0.7357859531772575,332.3117888029131,65.56986800182067,332.3117888029131,65.56986800182067,0
per_huruf,8,1101,0.7364548494983277,332.2339553937187,65.65953573054165,332.2339553937187,65.65953573054165,0
per_huruf,8,1102,0.737123745819398,332.16249431042326,65.748748293127,332.16249431042326,65.748748293127,0
per_huruf,8,1103,0.7377926421404681,332.0987710514338,65.83614019116978,332.0987710514338,65.83614019116978,0
per_huruf,8,1104,0.7384615384615384,332.04415111515704,65.92034592626308,332.04415111515704,65.92034592626308,0
per_huruf,8,1105,0.7391304347826086,332.0,66.0,332.0,66.0,0
per_huruf,8,1106,0.7397993311036789,331.96722803823405,66.07692307692308,331.96722803823405,66.07692307692308,0
per_huruf,8,1107,0.7404682274247492,331.9449248975876,66.15384615384616,331.9449248975876,66.15384615384616,0
per_huruf,8,1108,0.7411371237458194,331.93172507965403,66.23076923076923,331.93172507965403,66.23076923076923,0
per_huruf,8,1109,0.7418060200668896,331.9262630860264,66.30769230769229,331.9262630860264,66.30769230769229,0
per_huruf,8,1110,0.7424749163879598,331.9271734182977,66.3846153846154,331.9271734182977,66.3846153846154,0
per_huruf,8,1111,0.7431438127090301,331.933090578061,66.46153846153847,331.933090578061,66.46153846153847,0
per_huruf,8,1112,0.7438127090301003,331.94264906690944,66.53846153846155,331.94264906690944,66.53846153846155,0
per_huruf,8,1113,0.7444816053511706,331.9544833864361,66.61538461538463,331.9544833864361,66.61538461538463,0
per_huruf,8,1114,0.7451505016722407,331.96722803823394,66.6923076923077,331.96722803823394,66.6923076923077,0
per_huruf,8,1115,0.745819397993311,331.9795175238962,66.76923076923077,331.9795175238962,66.76923076923077,0
per_huruf,8,1116,0.7464882943143812,331.98998634501595,66.84615384615385,331.98998634501595,66.84615384615385,0
per_huruf,8,1117,0.7471571906354515,331.99726900318615,66.92307692307692,331.99726900318615,66.92307692307692,0
per_huruf,8,1118,0.7478260869565218,332.0,67.0,332.0,67.0,0
per_huruf,8,1119,0.7484949832775919,332.0000000000001,67.07692307692308,332.0000000000001,67.07692307692308,0
per_huruf,8,1120,0.7491638795986622,332.0,67.15384615384616,332.0,67.15384615384616,0
per_huruf,8,1121,0.7498327759197324,331.99999999999994,67.23076923076923,331.99999999999994,67.23076923076923,0
per_huruf,8,1122,0.7505016722408027,331.99999999999994,67.3076923076923,331.99999999999994,67.3076923076923,0
per_huruf,8,1123,0.7511705685618729,332.00000000000006,67.38461538461539,332.00000000000006,67.38461538461539,0
per_huruf,8,1124,0.7518394648829431,332.0,67.46153846153847,332.0,67.46153846153847,0
per_huruf,8,1125,0.7525083612040133,332.0,67.53846153846153,332.0,67.53846153846153,0
per_huruf,8,1126,0.7531772575250836,332.0,67.61538461538461,332.0,67.61538461538461,0
per_huruf,8,1127,0.7538461538461538,332.0,67.69230769230768,332.0,67.69230769230768,0
per_huruf,8,1128,0.7545150501672241,332.0,67.76923076923076,332.0,67.76923076923076,0
per_huruf,8,1129,0.7551839464882942,332.0,67.84615384615385,332.0,67.84615384615385,0
per_huruf,8,1130,0.7558528428093645,332.0,67.92307692307692,332.0,67.92307692307692,0
per_huruf,8,1131,0.7565217391304347,332.0,68.0,332.0,68.0,0
per_huruf,8,1132,0.757190635451505,331.99726900318626,68.0769230769231,331.99726900318626,68.0769230769231,0
per_huruf,8,1133,0.7578595317725753,331.9899863450159,68.15384615384616,331.9899863450159,68.15384615384616,0
per_huruf,8,1134,0.7585284280936454,331.97951752389616,68.23076923076921,331.97951752389616,68.23076923076921,0
per_huruf,8,1135,0.7591973244147157,331.9672280382339,68.30769230769229,331.9672280382339,68.30769230769229,0
per_huruf,8,1136,0.7598662207357859,331.9544833864361,68.38461538461539,331.9544833864361,68.38461538461539,0
per_huruf,8,1137,0.7605351170568562,331.94264906690944,68.46153846153847,331.94264906690944,68.46153846153847,0
per_huruf,8,1138,0.7612040133779264,331.93309057806096,68.53846153846153,331.93309057806096,68.53846153846153,0
per_huruf,8,1139,0.7618729096989966,331.9271734182977,68.61538461538461,331.9271734182977,68.61538461538461,0
per_huruf,8,1140,0.7625418060200668,331.9262630860264,68.6923076923077,331.9262630860264,68.6923076923077,0
per_huruf,8,1141,0.7632107023411371,331.93172507965403,68.76923076923077,331.93172507965403,68.76923076923077,0
per_huruf,8,1142,0.7638795986622073,331.9449248975876,68.84615384615385,331.9449248975876,68.84615384615385,0
per_huruf,8,1143,0.7645484949832776,331.96722803823394,68.92307692307692,331.96722803823394,68.92307692307692,0
per_huruf,8,1144,0.7652173913043477,332.0,69.0,332.0,69.0,0
per_huruf,8,1145,0.765886287625418,332.0441511151571,69.07965407373692,332.0441511151571,69.07965407373692,0
per_huruf,8,1146,0.7665551839464882,332.0987710514338,69.16385980883022,332.0987710514338,69.16385980883022,0
per_huruf,8,1147,0.7672240802675585,332.1624943104232,69.25125170687299,332.1624943104232,69.25125170687299,0
per_huruf,8,1148,0.7678929765886288,332.23395539371865,69.34046426945834,332.23395539371865,69.34046426945834,0
per_huruf,8,1149,0.7685618729096989,332.3117888029131,69.43013199817933,332.3117888029131,69.43013199817933,0
per_huruf,8,1150,0.7692307692307692,332.3946290395995,69.51888939462904,332.3946290395995,69.51888939462904,0
per_huruf,8,1151,0.7698996655518394,332.481110605371,69.60537096040053,332.481110605371,69.60537096040053,0
per_huruf,8,1152,0.7705685618729097,332.56986800182074,69.68821119708693,332.56986800182074,69.68821119708693,0
per_huruf,8,1153,0.7712374581939799,332.6595357305416,69.7660446062813,332.6595357305416,69.7660446062813,0
per_huruf,8,1154,0.7719063545150501,332.748748293127,69.83750568957669,332.748748293127,69.83750568957669,0
per_huruf,8,1155,0.7725752508361203,332.83614019116976,69.90122894856623,332.83614019116976,69.90122894856623,0
per_huruf,8,1156,0.7732441471571906,332.92034592626305,69.95584888484296,332.92034592626305,69.95584888484296,0
per_huruf,8,1157,0.7739130434782608,333.0,70.0,333.0,70.0,0
per_huruf,8,1158,0.7745819397993311,333.07692307692315,70.03277196176606,333.07692307692315,70.03277196176606,0
per_huruf,8,1159,0.7752508361204014,333.1538461538462,70.05507510241237,333.1538461538462,70.05507510241237,0
per_huruf,8,1160,0.7759197324414715,333.23076923076917,70.06827492034591,333.23076923076917,70.06827492034591,0
per_huruf,8,1161,0.7765886287625418,333.30769230769226,70.07373691397359,333.30769230769226,70.07373691397359,0
per_huruf,8,1162,0.777257525083612,333.3846153846154,70.07282658170232,333.3846153846154,70.07282658170232,0
per_huruf,8,1163,0.7779264214046823,333.46153846153845,70.06690942193902,333.46153846153845,70.06690942193902,0
per_huruf,8,1164,0.7785953177257525,333.53846153846155,70.05735093309059,333.53846153846155,70.05735093309059,0
per_huruf,8,1165,0.7792642140468227,333.61538461538464,70.04551661356395,333.61538461538464,70.04551661356395,0
per_huruf,8,1166,0.7799331103678929,333.6923076923077,70.03277196176604,333.6923076923077,70.03277196176604,0
per_huruf,8,1167,0.7806020066889632,333.7692307692307,70.02048247610378,333.7692307692307,70.02048247610378,0
per_huruf,8,1168,0.7812709030100334,333.84615384615387,70.01001365498408,333.84615384615387,70.01001365498408,0
per_huruf,8,1169,0.7819397993311037,333.9230769230769,70.00273099681384,333.9230769230769,70.00273099681384,0
per_huruf,8,1170,0.7826086956521738,334.0,70.0,334.0,70.0,0
per_huruf,8,1171,0.7832775919732441,334.07692307692315,70.00000000000001,334.07692307692315,70.00000000000001,0
per_huruf,8,1172,0.7839464882943143,334.15384615384613,70.0,334.15384615384613,70.0,0
per_huruf,8,1173,0.7846153846153846,334.23076923076917,69.99999999999999,334.23076923076917,69.99999999999999,0
per_huruf,8,1174,0.7852842809364549,334.30769230769226,69.99999999999999,334.30769230769226,69.99999999999999,0
per_huruf,8,1175,0.785953177257525,334.3846153846154,70.0,334.3846153846154,70.0,0
per_huruf,8,1176,0.7866220735785953,334.46153846153845,70.00000000000001,334.46153846153845,70.00000000000001,0
per_huruf,8,1177,0.7872909698996655,334.53846153846155,70.0,334.53846153846155,70.0,0
per_huruf,8,1178,0.7879598662207358,334.61538461538464,70.0,334.61538461538464,70.0,0
per_huruf,8,1179,0.788628762541806,334.6923076923077,70.0,334.6923076923077,70.0,0
per_huruf,8,1180,0.7892976588628762,334.7692307692307,70.0,334.7692307692307,70.0,0
per_huruf,8,1181,0.7899665551839464,334.84615384615387,70.0,334.84615384615387,70.0,0
per_huruf,8,1182,0.7906354515050167,334.9230769230769,70.0,334.9230769230769,70.0,0
per_huruf,8,1183,0.7913043478260869,335.0,70.0,335.0,70.0,0
per_huruf,8,1184,0.7919732441471572,335.07692307692315,70.00000000000001,335.07692307692315,70.00000000000001,0
per_huruf,8,1185,0.7926421404682273,335.15384615384613,70.0,335.15384615384613,70.0,0
per_huruf,8,1186,0.7933110367892976,335.23076923076917,69.99999999999999,335.23076923076917,69.99999999999999,0
per_huruf,8,1187,0.7939799331103679,335.30769230769226,69.99999999999999,335.30769230769226,69.99999999999999,0
per_huruf,8,1188,0.7946488294314381,335.3846153846154,70.0,335.3846153846154,70.0,0
per_huruf,8,1189,0.7953177257525084,335.4615384615385,70.00000000000001,335.4615384615385,70.00000000000001,0
per_huruf,8,1190,0.7959866220735785,335.53846153846155,70.0,335.53846153846155,70.0,0
per_huruf,8,1191,0.7966555183946488,335.61538461538464,70.0,335.61538461538464,70.0,0
per_huruf,8,1192,0.797324414715719,335.6923076923077,70.0,335.6923076923077,70.0,0
per_huruf,8,1193,0.7979933110367893,335.7692307692307,70.0,335.7692307692307,70.0,0
per_huruf,8,1194,0.7986622073578595,335.84615384615387,70.0,335.84615384615387,70.0,0
per_huruf,8,1195,0.7993311036789297,335.9230769230769,70.0,335.9230769230769,70.0,0
per_huruf,8,1196,0.7999999999999999,336.0,70.0,336.0,70.0,0
per_huruf,8,1197,0.8006688963210702,336.0769230769231,70.00000000000001,336.0769230769231,70.00000000000001,0
per_huruf,8,1198,0.8013377926421404,336.1538461538462,70.0,336.1538461538462,70.0,0
per_huruf,8,1199,0.8020066889632107,336.23076923076917,69.99999999999999,336.23076923076917,69.99999999999999,0
per_huruf,8,1200,0.8026755852842808,336.30769230769226,69.99999999999999,336.30769230769226,69.99999999999999,0
per_huruf,8,1201,0.8033444816053511,336.3846153846154,70.0,336.3846153846154,70.0,0
per_huruf,8,1202,0.8040133779264214,336.4615384615385,70.00000000000001,336.4615384615385,70.00000000000001,0
per_huruf,8,1203,0.8046822742474916,336.53846153846155,70.0,336.53846153846155,70.0,0
per_huruf,8,1204,0.8053511705685619,336.61538461538464,70.0,336.61538461538464,70.0,0
per_huruf,8,1205,0.806020066889632,336.6923076923077,70.0,336.6923076923077,70.0,0
per_huruf,8,1206,0.8066889632107023,336.7692307692307,70.0,336.7692307692307,70.0,0
per_huruf,8,1207,0.8073578595317725,336.84615384615387,70.0,336.84615384615387,70.0,0
per_huruf,8,1208,0.8080267558528428,336.9230769230769,70.0,336.9230769230769,70.0,0
per_huruf,8,1209,0.808695652173913,337.0,70.0,337.0,70.0,0
per_huruf,8,1210,0.8093645484949832,337.07692307692304,70.00000000000001,337.07692307692304,70.00000000000001,0
per_huruf,8,1211,0.8100334448160534,337.15384615384613,70.0,337.15384615384613,70.0,0
per_huruf,8,1212,0.8107023411371237,337.23076923076917,69.99999999999999,337.23076923076917,69.99999999999999,0
per_huruf,8,1213,0.811371237458194,337.3076923076923,69.99999999999999,337.3076923076923,69.99999999999999,0
per_huruf,8,1214,0.8120401337792642,337.3846153846154,70.0,337.3846153846154,70.0,0
per_huruf,8,1215,0.8127090301003345,337.46153846153845,70.00000000000001,337.46153846153845,70.00000000000001,0
per_huruf,8,1216,0.8133779264214046,337.5384615384615,70.0,337.5384615384615,70.0,0
per_huruf,8,1217,0.8140468227424749,337.61538461538464,70.0,337.61538461538464,70.0,0
per_huruf,8,1218,0.8147157190635451,337.6923076923077,70.0,337.6923076923077,70.0,0
per_huruf,8,1219,0.8153846153846154,337.7692307692308,70.0,337.7692307692308,70.0,0
per_huruf,8,1220,0.8160535117056856,337.84615384615387,70.0,337.84615384615387,70.0,0
per_huruf,8,1221,0.8167224080267558,337.9230769230769,70.0,337.9230769230769,70.0,0
per_huruf,8,1222,0.817391304347826,338.0,70.0,338.0,70.0,0
per_huruf,8,1223,0.8180602006688963,338.07692307692315,70.00000000000001,338.07692307692315,70.00000000000001,0
per_huruf,8,1224,0.8187290969899665,338.15384615384613,70.0,338.15384615384613,70.0,0
per_huruf,8,1225,0.8193979933110368,338.23076923076917,69.99999999999999,338.23076923076917,69.99999999999999,0
per_huruf,8,1226,0.8200668896321069,338.30769230769226,69.99999999999999,338.30769230769226,69.99999999999999,0
per_huruf,8,1227,0.8207357859531772,338.3846153846154,70.0,338.3846153846154,70.0,0
per_huruf,8,1228,0.8214046822742475,338.4615384615385,70.00000000000001,338.4615384615385,70.00000000000001,0
per_huruf,8,1229,0.8220735785953177,338.5384615384615,70.0,338.5384615384615,70.0,0
per_huruf,8,1230,0.822742474916388,338.61538461538464,70.0,338.61538461538464,70.0,0
per_huruf,8,1231,0.8234113712374581,338.6923076923077,70.0,338.6923076923077,70.0,0
per_huruf,8,1232,0.8240802675585284,338.7692307692307,70.0,338.7692307692307,70.0,0
per_huruf,8,1233,0.8247491638795986,338.84615384615387,70.0,338.84615384615387,70.0,0
per_huruf,8,1234,0.8254180602006689,338.9230769230769,70.0,338.9230769230769,70.0,0
per_huruf,8,1235,0.8260869565217391,339.0,70.0,339.0,70.0,0
per_huruf,8,1236,0.8267558528428093,339.07419208010924,69.98907601274468,339.07419208010924,69.98907601274468,0
per_huruf,8,1237,0.8274247491638795,339.14383249886214,69.95994538006373,339.14383249886214,69.95994538006373,0
per_huruf,8,1238,0.8280936454849498,339.21028675466545,69.91807009558487,339.21028675466545,69.91807009558487,0
per_huruf,8,1239,0.82876254180602,339.27492034592626,69.8689121529358,339.27492034592626,69.8689121529358,0
per_huruf,8,1240,0.8294314381270903,339.33909877105145,69.8179335457442,339.33909877105145,69.8179335457442,0
per_huruf,8,1241,0.8301003344481604,339.4041875284479,69.7705962676377,339.4041875284479,69.7705962676377,0
per_huruf,8,1242,0.8307692307692307,339.47155211652256,69.73236231224396,339.47155211652256,69.73236231224396,0
per_huruf,8,1243,0.831438127090301,339.54255803368227,69.70869367319071,339.54255803368227,69.70869367319071,0
per_huruf,8,1244,0.8321070234113712,339.61857077833406,69.7050523441056,339.61857077833406,69.7050523441056,0
per_huruf,8,1245,0.8327759197324415,339.7009558488848,69.72690031861629,339.7009558488848,69.72690031861629,0
per_huruf,8,1246,0.8334448160535116,339.7910787437415,69.77969959035048,339.7910787437415,69.77969959035048,0
per_huruf,8,1247,0.8341137123745819,339.8903049613109,69.86891215293582,339.8903049613109,69.86891215293582,0
per_huruf,8,1248,0.8347826086956521,340.0,70.0,340.0,70.0,0
per_huruf,8,1249,0.8354515050167224,340.12653618570783,70.18479745106966,340.12653618570783,70.18479745106966,0
per_huruf,8,1250,0.8361204013377926,340.27264451524803,70.42512517068731,340.27264451524803,70.42512517068731,0
per_huruf,8,1251,0.8367892976588628,340.43422849340004,70.71142467000455,340.43422849340004,70.71142467000455,0
per_huruf,8,1252,0.837458193979933,340.6071916249431,71.03413746017296,340.6071916249431,71.03413746017296,0
per_huruf,8,1253,0.8381270903010033,340.7874374146564,71.38370505234411,340.7874374146564,71.38370505234411,0
per_huruf,8,1254,0.8387959866220736,340.9708693673191,71.75056895766956,340.9708693673191,71.75056895766956,0
per_huruf,8,1255,0.8394648829431438,341.15339098771057,72.12517068730087,341.15339098771057,72.12517068730087,0
per_huruf,8,1256,0.840133779264214,341.33090578060995,72.49795175238962,341.33090578060995,72.49795175238962,0
per_huruf,8,1257,0.8408026755852842,341.49931725079654,72.8593536640874,341.49931725079654,72.8593536640874,0
per_huruf,8,1258,0.8414715719063545,341.6545289030496,73.19981793354575,341.6545289030496,73.19981793354575,0
per_huruf,8,1259,0.8421404682274247,341.7924442421484,73.50978607191625,341.7924442421484,73.50978607191625,0
per_huruf,8,1260,0.842809364548495,341.9089667728721,73.77969959035048,341.9089667728721,73.77969959035048,0
per_huruf,8,1261,0.8434782608695651,342.0,74.0,342.0,74.0,0
per_huruf,8,1262,0.8441471571906354,342.068274920346,74.17523896222121,342.068274920346,74.17523896222121,0
per_huruf,8,1263,0.8448160535117056,342.1201638598088,74.3190714610833,342.1201638598088,74.3190714610833,0
per_huruf,8,1264,0.8454849498327759,342.1570323167956,74.435593991807,342.1570323167956,74.435593991807,0
per_huruf,8,1265,0.8461538461538461,342.1802457897132,74.52890304961309,342.1802457897132,74.52890304961309,0
per_huruf,8,1266,0.8468227424749163,342.1911697769686,74.60309512972235,342.1911697769686,74.60309512972235,0
per_huruf,8,1267,0.8474916387959865,342.19116977696865,74.66226672735549,342.19116977696865,74.66226672735549,0
per_huruf,8,1268,0.8481605351170568,342.18161128812017,74.71051433773327,342.18161128812017,74.71051433773327,0
per_huruf,8,1269,0.8488294314381271,342.16385980883024,74.75193445607647,342.16385980883024,74.75193445607647,0
per_huruf,8,1270,0.8494983277591973,342.1392808375057,74.79062357760583,342.1392808375057,74.79062357760583,0
per_huruf,8,1271,0.8501672240802676,342.1092398725534,74.8306781975421,342.1092398725534,74.8306781975421,0
per_huruf,8,1272,0.8508361204013377,342.07510241238055,74.87619481110605,342.07510241238055,74.87619481110605,0
per_huruf,8,1273,0.851505016722408,342.0382339553937,74.93126991351843,342.0382339553937,74.93126991351843,0
per_huruf,8,1274,0.8521739130434782,342.0,75.0,342.0,75.0,0
per_huruf,8,1275,0.8528428093645485,341.95584888484296,75.07692307692308,341.95584888484296,75.07692307692308,0
per_huruf,8,1276,0.8535117056856187,341.90122894856626,75.15384615384616,341.90122894856626,75.15384615384616,0
per_huruf,8,1277,0.8541806020066889,341.83750568957663,75.23076923076923,341.83750568957663,75.23076923076923,0
per_huruf,8,1278,0.8548494983277591,341.76604460628124,75.3076923076923,341.76604460628124,75.3076923076923,0
per_huruf,8,1279,0.8555183946488294,341.68821119708696,75.3846153846154,341.68821119708696,75.3846153846154,0
per_huruf,8,1280,0.8561872909698997,341.6053709604006,75.46153846153847,341.6053709604006,75.46153846153847,0
per_huruf,8,1281,0.8568561872909699,341.51888939462907,75.53846153846153,341.51888939462907,75.53846153846153,0
per_huruf,8,1282,0.85752508361204,341.4301319981793,75.61538461538461,341.4301319981793,75.61538461538461,0
per_huruf,8,1283,0.8581939799331103,341.3404642694583,75.6923076923077,341.3404642694583,75.6923076923077,0
per_huruf,8,1284,0.8588628762541806,341.25125170687295,75.76923076923077,341.25125170687295,75.76923076923077,0
per_huruf,8,1285,0.8595317725752508,341.16385980883024,75.84615384615384,341.16385980883024,75.84615384615384,0
per_huruf,8,1286,0.8602006688963211,341.07965407373695,75.92307692307692,341.07965407373695,75.92307692307692,0
per_huruf,8,1287,0.8608695652173912,341.0,76.0,341.0,76.0,0
per_huruf,8,1288,0.8615384615384615,340.923076923077,76.0769230769231,340.923076923077,76.0769230769231,0
per_huruf,8,1289,0.8622073578595317,340.8461538461539,76.15384615384616,340.8461538461539,76.15384615384616,0
per_huruf,8,1290,0.862876254180602,340.7692307692307,76.23076923076921,340.7692307692307,76.23076923076921,0
per_huruf,8,1291,0.8635451505016722,340.69230769230774,76.30769230769229,340.69230769230774,76.30769230769229,0
per_huruf,8,1292,0.8642140468227424,340.61538461538464,76.3846153846154,340.61538461538464,76.3846153846154,0
per_huruf,8,1293,0.8648829431438126,340.53846153846155,76.46153846153847,340.53846153846155,76.46153846153847,0
per_huruf,8,1294,0.8655518394648829,340.46153846153845,76.53846153846155,340.46153846153845,76.53846153846155,0
per_huruf,8,1295,0.8662207357859532,340.38461538461536,76.61538461538461,340.38461538461536,76.61538461538461,0
per_huruf,8,1296,0.8668896321070234,340.30769230769226,76.6923076923077,340.30769230769226,76.6923076923077,0
per_huruf,8,1297,0.8675585284280936,340.23076923076917,76.76923076923077,340.23076923076917,76.76923076923077,0
per_huruf,8,1298,0.8682274247491638,340.1538461538462,76.84615384615384,340.1538461538462,76.84615384615384,0
per_huruf,8,1299,0.8688963210702341,340.0769230769231,76.92307692307692,340.0769230769231,76.92307692307692,0
per_huruf,8,1300,0.8695652173913043,340.0,77.0,340.0,77.0,0
per_huruf,8,1301,0.8702341137123746,339.923076923077,77.07692307692308,339.923076923077,77.07692307692308,0
per_huruf,8,1302,0.8709030100334447,339.84615384615387,77.15384615384616,339.84615384615387,77.15384615384616,0
per_huruf,8,1303,0.871571906354515,339.7692307692307,77.23076923076923,339.7692307692307,77.23076923076923,0
per_huruf,8,1304,0.8722408026755852,339.6923076923077,77.30769230769229,339.6923076923077,77.30769230769229,0
per_huruf,8,1305,0.8729096989966555,339.61538461538464,77.3846153846154,339.61538461538464,77.3846153846154,0
per_huruf,8,1306,0.8735785953177257,339.53846153846155,77.46153846153847,339.53846153846155,77.46153846153847,0
per_huruf,8,1307,0.8742474916387959,339.4615384615385,77.53846153846155,339.4615384615385,77.53846153846155,0
per_huruf,8,1308,0.8749163879598661,339.38461538461536,77.61538461538461,339.38461538461536,77.61538461538461,0
per_huruf,8,1309,0.8755852842809364,339.30769230769226,77.6923076923077,339.30769230769226,77.6923076923077,0
per_huruf,8,1310,0.8762541806020067,339.23076923076917,77.76923076923077,339.23076923076917,77.76923076923077,0
per_huruf,8,1311,0.8769230769230769,339.1538461538462,77.84615384615385,339.1538461538462,77.84615384615385,0
per_huruf,8,1312,0.8775919732441471,339.0769230769231,77.92307692307692,339.0769230769231,77.92307692307692,0
per_huruf,8,1313,0.8782608695652173,339.0,78.0,339.0,78.0,0
per_huruf,8,1314,0.8789297658862876,338.9230769230769,78.07965407373693,338.9230769230769,78.07965407373693,0
per_huruf,8,1315,0.8795986622073578,338.8461538461538,78.16385980883022,338.8461538461538,78.16385980883022,0
per_huruf,8,1316,0.8802675585284281,338.7692307692307,78.25125170687298,338.7692307692307,78.25125170687298,0
per_huruf,8,1317,0.8809364548494982,338.6923076923077,78.34046426945835,338.6923076923077,78.34046426945835,0
per_huruf,8,1318,0.8816053511705685,338.61538461538464,78.43013199817933,338.61538461538464,78.43013199817933,0
per_huruf,8,1319,0.8822742474916387,338.53846153846155,78.51888939462904,338.53846153846155,78.51888939462904,0
per_huruf,8,1320,0.882943143812709,338.4615384615384,78.60537096040053,338.4615384615384,78.60537096040053,0
per_huruf,8,1321,0.8836120401337793,338.3846153846154,78.68821119708693,338.3846153846154,78.68821119708693,0
per_huruf,8,1322,0.8842809364548495,338.30769230769226,78.76604460628128,338.30769230769226,78.76604460628128,0
per_huruf,8,1323,0.8849498327759197,338.23076923076917,78.83750568957669,338.23076923076917,78.83750568957669,0
per_huruf,8,1324,0.8856187290969899,338.1538461538462,78.90122894856623,338.1538461538462,78.90122894856623,0
per_huruf,8,1325,0.8862876254180602,338.07692307692304,78.95584888484296,338.07692307692304,78.95584888484296,0
per_huruf,8,1326,0.8869565217391304,338.0,79.0,338.0,79.0,0
per_huruf,8,1327,0.8876254180602007,337.92307692307696,79.03004096495222,337.92307692307696,79.03004096495222,0
per_huruf,8,1328,0.8882943143812708,337.84615384615387,79.04506144742832,337.84615384615387,79.04506144742832,0
per_huruf,8,1329,0.8889632107023411,337.7692307692308,79.04779244424213,337.7692307692308,79.04779244424213,0
per_huruf,8,1330,0.8896321070234113,337.6923076923077,79.04096495220755,337.6923076923077,79.04096495220755,0
per_huruf,8,1331,0.8903010033444816,337.61538461538464,79.0273099681384,337.61538461538464,79.0273099681384,0
per_huruf,8,1332,0.8909698996655518,337.53846153846155,79.00955848884843,337.53846153846155,79.00955848884843,0
per_huruf,8,1333,0.891638795986622,337.46153846153845,78.99044151115156,337.46153846153845,78.99044151115156,0
per_huruf,8,1334,0.8923076923076922,337.38461538461536,78.97269003186163,337.38461538461536,78.97269003186163,0
per_huruf,8,1335,0.8929765886287625,337.3076923076923,78.95903504779244,337.3076923076923,78.95903504779244,0
per_huruf,8,1336,0.8936454849498328,337.23076923076917,78.95220755575784,337.23076923076917,78.95220755575784,0
per_huruf,8,1337,0.894314381270903,337.1538461538462,78.95493855257169,337.1538461538462,78.95493855257169,0
per_huruf,8,1338,0.8949832775919732,337.07692307692304,78.9699590350478,337.07692307692304,78.9699590350478,0
per_huruf,8,1339,0.8956521739130434,337.0,79.0,337.0,79.0,0
per_huruf,8,1340,0.8963210702341137,336.9531178880292,79.0332271279017,336.9531178880292,79.0332271279017,0
per_huruf,8,1341,0.8969899665551839,336.9563040509786,79.05871643149752,336.9563040509786,79.05871643149752,0
per_huruf,8,1342,0.8976588628762542,336.9945380063723,79.08056440600818,336.9945380063723,79.08056440600818,0
per_huruf,8,1343,0.8983277591973243,337.05279927173416,79.10286754665452,337.05279927173416,79.10286754665452,0
per_huruf,8,1344,0.8989966555183946,337.1160673645881,79.12972234865728,337.1160673645881,79.12972234865728,0
per_huruf,8,1345,0.8996655518394648,337.16932180245794,79.16522530723715,337.16932180245794,79.16522530723715,0
per_huruf,8,1346,0.9003344481605351,337.1975421028676,79.21347291761492,337.1975421028676,79.21347291761492,0
per_huruf,8,1347,0.9010033444816054,337.18570778334094,79.27856167501139,337.18570778334094,79.27856167501139,0
per_huruf,8,1348,0.9016722408026755,337.1187983614019,79.36458807464723,337.1187983614019,79.36458807464723,0
per_huruf,8,1349,0.9023411371237458,336.9817933545744,79.47564861174328,336.9817933545744,79.47564861174328,0
per_huruf,8,1350,0.903010033444816,336.75967228038235,79.61583978152025,336.75967228038235,79.61583978152025,0
per_huruf,8,1351,0.9036789297658863,336.4374146563496,79.7892580791989,336.4374146563496,79.7892580791989,0
per_huruf,8,1352,0.9043478260869565,336.0,80.0,336.0,80.0,0
per_huruf,8,1353,0.9050167224080267,335.40737369139737,80.26445152480656,335.40737369139737,80.26445152480656,0
per_huruf,8,1354,0.9056856187290969,334.6495220755576,80.58898497951753,334.6495220755576,80.58898497951753,0
per_huruf,8,1355,0.9063545150501672,333.75648611743276,80.96267637687755,333.75648611743276,80.96267637687755,0
per_huruf,8,1356,0.9070234113712374,332.75830678197536,81.37460172963132,332.75830678197536,81.37460172963132,0
per_huruf,8,1357,0.9076923076923077,331.6850250341375,81.81383705052345,331.6850250341375,81.81383705052345,0
per_huruf,8,1358,0.9083612040133778,330.5666818388712,82.2694583522986,330.5666818388712,82.2694583522986,0
per_huruf,8,1359,0.9090301003344481,329.4333181611288,82.7305416477014,329.4333181611288,82.7305416477014,0
per_huruf,8,1360,0.9096989966555183,328.3149749658626,83.18616294947655,328.3149749658626,83.18616294947655,0
per_huruf,8,1361,0.9103678929765886,327.2416932180246,83.62539827036868,327.2416932180246,83.62539827036868,0
per_huruf,8,1362,0.9110367892976589,326.2435138825671,84.03732362312243,326.2435138825671,84.03732362312243,0
per_huruf,8,1363,0.911705685618729,325.35047792444243,84.41101502048248,325.35047792444243,84.41101502048248,0
per_huruf,8,1364,0.9123745819397993,324.59262630860263,84.73554847519344,324.59262630860263,84.73554847519344,0
per_huruf,8,1365,0.9130434782608695,324.0,85.0,324.0,85.0,0
per_huruf,8,1366,0.9137123745819398,323.60355029585804,85.17250796540738,323.60355029585804,85.17250796540738,0
per_huruf,8,1367,0.91438127090301,323.39053254437874,85.24396904870278,323.39053254437874,85.24396904870278,0
per_huruf,8,1368,0.9150501672240802,323.3254437869822,85.23759672280381,323.3254437869822,85.23759672280381,0
per_huruf,8,1369,0.9157190635451504,323.37278106508876,85.17660446062811,323.37278106508876,85.17660446062811,0
per_huruf,8,1370,0.9163879598662207,323.49704142011836,85.0842057350933,323.49704142011836,85.0842057350933,0
per_huruf,8,1371,0.9170568561872909,323.66272189349115,84.98361401911697,323.66272189349115,84.98361401911697,0
per_huruf,8,1372,0.9177257525083612,323.83431952662716,84.89804278561675,323.83431952662716,84.89804278561675,0
per_huruf,8,1373,0.9183946488294313,323.97633136094674,84.85070550751024,323.97633136094674,84.85070550751024,0
per_huruf,8,1374,0.9190635451505016,324.0532544378698,84.86481565771507,324.0532544378698,84.86481565771507,0
per_huruf,8,1375,0.9197324414715718,324.0295857988165,84.96358670914883,324.0295857988165,84.96358670914883,0
per_huruf,8,1376,0.9204013377926421,323.8698224852071,85.17023213472919,323.8698224852071,85.17023213472919,0
per_huruf,8,1377,0.9210702341137124,323.53846153846155,85.50796540737369,323.53846153846155,85.50796540737369,0
per_huruf,8,1378,0.9217391304347826,323.0,86.0,323.0,86.0,0
per_huruf,8,1379,0.9224080267558528,322.21984524351393,86.68639053254438,322.21984524351393,86.68639053254438,0
per_huruf,8,1380,0.923076923076923,321.2143832498863,87.5680473372781,321.2143832498863,87.5680473372781,0
per_huruf,8,1381,0.9237458193979933,320.0245789713245,88.6094674556213,320.0245789713245,88.6094674556213,0
per_huruf,8,1382,0.9244147157190635,318.6913973600364,89.77514792899407,318.6913973600364,89.77514792899407,0
per_huruf,8,1383,0.9250836120401338,317.25580336822946,91.02958579881658,317.25580336822946,91.02958579881658,0
per_huruf,8,1384,0.9257525083612039,315.7587619481111,92.33727810650889,315.7587619481111,92.33727810650889,0
per_huruf,8,1385,0.9264214046822742,314.24123805188896,93.66272189349114,314.24123805188896,93.66272189349114,0
per_huruf,8,1386,0.9270903010033444,312.7441966317706,94.97041420118343,312.7441966317706,94.97041420118343,0
per_huruf,8,1387,0.9277591973244147,311.30860263996357,96.2248520710059,311.30860263996357,96.2248520710059,0
per_huruf,8,1388,0.928428093645485,309.97542102867544,97.39053254437869,309.97542102867544,97.39053254437869,0
per_huruf,8,1389,0.9290969899665551,308.7856167501138,98.4319526627219,308.7856167501138,98.4319526627219,0
per_huruf,8,1390,0.9297658862876254,307.7801547564861,99.31360946745562,307.7801547564861,99.31360946745562,0
per_huruf,8,1391,0.9304347826086956,307.0,100.0,307.0,100.0,0
per_huruf,8,1392,0.9311036789297659,306.4342284934001,100.50295857988166,306.4342284934001,100.50295857988166,0
per_huruf,8,1393,0.9317725752508361,306.03004096495226,100.86982248520711,306.03004096495226,100.86982248520711,0
per_huruf,8,1394,0.9324414715719063,305.76558944014556,101.11834319526626,305.76558944014556,101.11834319526626,0
per_huruf,8,1395,0.9331103678929765,305.61902594446974,101.2662721893491,305.61902594446974,101.2662721893491,0
per_huruf,8,1396,0.9337792642140468,305.5685025034138,101.33136094674556,305.5685025034138,101.33136094674556,0
per_huruf,8,1397,0.934448160535117,305.592171142467,101.33136094674558,305.592171142467,101.33136094674558,0
per_huruf,8,1398,0.9351170568561873,305.6681838871188,101.28402366863905,305.6681838871188,101.28402366863905,0
per_huruf,8,1399,0.9357859531772574,305.7746927628584,101.20710059171599,305.7746927628584,101.20710059171599,0
per_huruf,8,1400,0.9364548494983277,305.8898497951752,101.11834319526628,305.8898497951752,101.11834319526628,0
per_huruf,8,1401,0.937123745819398,305.99180700955844,101.03550295857988,305.99180700955844,101.03550295857988,0
per_huruf,8,1402,0.9377926421404682,306.0587164314975,100.97633136094674,306.0587164314975,100.97633136094674,0
per_huruf,8,1403,0.9384615384615385,306.06873008648154,100.9585798816568,306.06873008648154,100.9585798816568,0
per_huruf,8,1404,0.9391304347826086,306.0,101.0,306.0,101.0,0
per_huruf,8,1405,0.9397993311036789,305.8734638142923,101.0769230769231,305.8734638142923,101.0769230769231,0
per_huruf,8,1406,0.9404682274247491,305.72735548475197,101.15384615384616,305.72735548475197,101.15384615384616,0
per_huruf,8,1407,0.9411371237458194,305.56577150659984,101.23076923076923,305.56577150659984,101.23076923076923,0
per_huruf,8,1408,0.9418060200668896,305.3928083750569,101.30769230769229,305.3928083750569,101.30769230769229,0
per_huruf,8,1409,0.9424749163879598,305.21256258534373,101.3846153846154,305.21256258534373,101.3846153846154,0
per_huruf,8,1410,0.94314381270903,305.0291306326809,101.46153846153848,305.0291306326809,101.46153846153848,0
per_huruf,8,1411,0.9438127090301003,304.84660901228943,101.53846153846153,304.84660901228943,101.53846153846153,0
per_huruf,8,1412,0.9444816053511705,304.6690942193901,101.61538461538461,304.6690942193901,101.61538461538461,0
per_huruf,8,1413,0.9451505016722408,304.5006827492034,101.6923076923077,304.5006827492034,101.6923076923077,0
per_huruf,8,1414,0.9458193979933109,304.34547109695035,101.76923076923077,304.34547109695035,101.76923076923077,0
per_huruf,8,1415,0.9464882943143812,304.2075557578516,101.84615384615384,304.2075557578516,101.84615384615384,0
per_huruf,8,1416,0.9471571906354515,304.0910332271279,101.92307692307692,304.0910332271279,101.92307692307692,0
per_huruf,8,1417,0.9478260869565217,304.0,102.0,304.0,102.0,0
per_huruf,8,1418,0.948494983277592,303.93718707328185,102.0769230769231,303.93718707328185,102.0769230769231,0
per_huruf,8,1419,0.9491638795986621,303.89986345015933,102.15384615384616,303.89986345015933,102.15384615384616,0
per_huruf,8,1420,0.9498327759197324,303.8839326354119,102.23076923076921,303.8839326354119,102.23076923076921,0
per_huruf,8,1421,0.9505016722408026,303.8852981338189,102.30769230769229,303.8852981338189,102.30769230769229,0
per_huruf,8,1422,0.9511705685618729,303.8998634501594,102.38461538461539,303.8998634501594,102.38461538461539,0
per_huruf,8,1423,0.9518394648829431,303.9235320892126,102.46153846153845,303.9235320892126,102.46153846153845,0
per_huruf,8,1424,0.9525083612040133,303.95220755575787,102.53846153846155,303.95220755575787,102.53846153846155,0
per_huruf,8,1425,0.9531772575250835,303.98179335457445,102.61538461538461,303.98179335457445,102.61538461538461,0
per_huruf,8,1426,0.9538461538461538,304.00819299044156,102.6923076923077,304.00819299044156,102.6923076923077,0
per_huruf,8,1427,0.954515050167224,304.02730996813835,102.76923076923076,304.02730996813835,102.76923076923076,0
per_huruf,8,1428,0.9551839464882943,304.03504779244423,102.84615384615385,304.03504779244423,102.84615384615385,0
per_huruf,8,1429,0.9558528428093646,304.02730996813835,102.92307692307693,304.02730996813835,102.92307692307693,0
per_huruf,8,1430,0.9565217391304347,304.0,103.0,304.0,103.0,0
per_huruf,8,1431,0.957190635451505,303.988620846609,103.08511606736461,303.988620846609,103.08511606736461,0
per_huruf,8,1432,0.9578595317725752,304.021392808375,103.18388711879837,304.021392808375,103.18388711879837,0
per_huruf,8,1433,0.9585284280936455,304.083295402822,103.29221665908055,304.083295402822,103.29221665908055,0
per_huruf,8,1434,0.9591973244147157,304.1593081474738,103.40600819299043,304.1593081474738,103.40600819299043,0
per_huruf,8,1435,0.9598662207357859,304.2344105598544,103.52116522530724,304.2344105598544,103.52116522530724,0
per_huruf,8,1436,0.9605351170568561,304.2935821574875,103.6335912608102,304.2935821574875,103.6335912608102,0
per_huruf,8,1437,0.9612040133779264,304.3218024578971,103.73918980427857,304.3218024578971,103.73918980427857,0
per_huruf,8,1438,0.9618729096989966,304.30405097860717,103.83386436049159,304.30405097860717,103.83386436049159,0
per_huruf,8,1439,0.9625418060200669,304.2253072371415,103.9135184342285,304.2253072371415,103.9135184342285,0
per_huruf,8,1440,0.963210702341137,304.07055075102403,103.97405553026854,304.07055075102403,103.97405553026854,0
per_huruf,8,1441,0.9638795986622073,303.8247610377788,104.011379153391,303.8247610377788,104.011379153391,0
per_huruf,8,1442,0.9645484949832775,303.47291761492943,104.02139280837505,303.47291761492943,104.02139280837505,0
per_huruf,8,1443,0.9652173913043478,303.0,104.0,303.0,104.0,0
per_huruf,8,1444,0.9658862876254181,302.36049157942654,103.94173873463816,302.36049157942654,103.94173873463816,0
per_huruf,8,1445,0.9665551839464882,301.5407373691397,103.84751934456075,301.5407373691397,103.84751934456075,0
per_huruf,8,1446,0.9672240802675585,300.5735093309057,103.72280382339552,300.5735093309057,103.72280382339552,0
per_huruf,8,1447,0.9678929765886287,299.49157942649066,103.57305416477011,299.49157942649066,103.57305416477011,0
per_huruf,8,1448,0.968561872909699,298.3277196176605,103.40373236231225,298.3277196176605,103.40373236231225,0
per_huruf,8,1449,0.9692307692307692,297.1147018661812,103.22030040964952,297.1147018661812,103.22030040964952,0
per_huruf,8,1450,0.9698996655518394,295.8852981338188,103.02822030040964,295.8852981338188,103.02822030040964,0
per_huruf,8,1451,0.9705685618729096,294.6722803823396,102.8329540282203,294.6722803823396,102.8329540282203,0
per_huruf,8,1452,0.9712374581939799,293.5084205735093,102.63996358670914,293.5084205735093,102.63996358670914,0
per_huruf,8,1453,0.9719063545150501,292.42649066909416,102.45471096950385,292.42649066909416,102.45471096950385,0
per_huruf,8,1454,0.9725752508361204,291.4592626308603,102.28265817023214,291.4592626308603,102.28265817023214,0
per_huruf,8,1455,0.9732441471571905,290.63950842057346,102.12926718252162,290.63950842057346,102.12926718252162,0
per_huruf,8,1456,0.9739130434782608,290.0,102.0,290.0,102.0,0
per_huruf,8,1457,0.974581939799331,289.52708238507057,101.89303595812471,289.52708238507057,101.89303595812471,0
per_huruf,8,1458,0.9752508361204013,289.1752389622212,101.80109239872553,289.1752389622212,101.80109239872553,0
per_huruf,8,1459,0.9759197324414716,288.92944924897586,101.72143832498861,288.92944924897586,101.72143832498861,0
per_huruf,8,1460,0.9765886287625417,288.7746927628584,101.65134274010013,288.7746927628584,101.65134274010013,0
per_huruf,8,1461,0.977257525083612,288.69594902139283,101.58807464724626,288.69594902139283,101.58807464724626,0
per_huruf,8,1462,0.9779264214046822,288.6781975421029,101.52890304961312,288.6781975421029,101.52890304961312,0
per_huruf,8,1463,0.9785953177257525,288.7064178425125,101.4710969503869,288.7064178425125,101.4710969503869,0
per_huruf,8,1464,0.9792642140468227,288.7655894401457,101.41192535275376,288.7655894401457,101.41192535275376,0
per_huruf,8,1465,0.9799331103678929,288.84069185252616,101.34865725989987,288.84069185252616,101.34865725989987,0
per_huruf,8,1466,0.9806020066889631,288.91670459717795,101.27856167501137,288.91670459717795,101.27856167501137,0
per_huruf,8,1467,0.9812709030100334,288.978607191625,101.19890760127447,288.978607191625,101.19890760127447,0
per_huruf,8,1468,0.9819397993311036,289.011379153391,101.10696404187529,289.011379153391,101.10696404187529,0
per_huruf,8,1469,0.9826086956521739,289.0,101.0,289.0,101.0,0
per_huruf,8,1470,0.983277591973244,288.9699590350478,100.87619481110607,288.9699590350478,100.87619481110607,0
per_huruf,8,1471,0.9839464882943143,288.9549385525717,100.73736913973602,288.9549385525717,100.73736913973602,0
per_huruf,8,1472,0.9846153846153846,288.95220755575775,100.58625398270367,288.95220755575775,100.58625398270367,0
per_huruf,8,1473,0.9852842809364548,288.9590350477924,100.42558033682293,288.9590350477924,100.42558033682293,0
per_huruf,8,1474,0.9859531772575251,288.97269003186165,100.25807919890761,288.97269003186165,100.25807919890761,0
per_huruf,8,1475,0.9866220735785952,288.99044151115163,100.0864815657715,288.99044151115163,100.0864815657715,0
per_huruf,8,1476,0.9872909698996655,289.0095584888484,99.9135184342285,289.0095584888484,99.9135184342285,0
per_huruf,8,1477,0.9879598662207357,289.0273099681384,99.7419208010924,289.0273099681384,99.7419208010924,0
per_huruf,8,1478,0.988628762541806,289.04096495220756,99.57441966317705,289.04096495220756,99.57441966317705,0
per_huruf,8,1479,0.9892976588628762,289.04779244424213,99.4137460172963,289.04779244424213,99.4137460172963,0
per_huruf,8,1480,0.9899665551839464,289.04506144742834,99.26263086026401,289.04506144742834,99.26263086026401,0
per_huruf,8,1481,0.9906354515050166,289.0300409649522,99.12380518889395,289.0300409649522,99.12380518889395,0
per_huruf,8,1482,0.9913043478260869,289.0,99.0,289.0,99.0,0
per_huruf,8,1483,0.9919732441471572,288.95311788802917,98.88757396449707,288.95311788802917,98.88757396449707,0
per_huruf,8,1484,0.9926421404682274,288.8912152935822,98.78106508875742,288.8912152935822,98.78106508875742,0
per_huruf,8,1485,0.9933110367892977,288.81702321347285,98.68047337278104,288.81702321347285,98.68047337278104,0
per_huruf,8,1486,0.9939799331103678,288.73327264451524,98.58579881656803,288.73327264451524,98.58579881656803,0
per_huruf,8,1487,0.9946488294314381,288.642694583523,98.49704142011836,288.642694583523,98.49704142011836,0
per_huruf,8,1488,0.9953177257525083,288.54802002731,98.41420118343197,288.54802002731,98.41420118343197,0
per_huruf,8,1489,0.9959866220735786,288.45197997269,98.33727810650888,288.45197997269,98.33727810650888,0
per_huruf,8,1490,0.9966555183946488,288.357305416477,98.26627218934912,288.357305416477,98.26627218934912,0
per_huruf,8,1491,0.997324414715719,288.26672735548476,98.20118343195267,288.26672735548476,98.20118343195267,0
per_huruf,8,1492,0.9979933110367892,288.1829767865271,98.14201183431952,288.1829767865271,98.14201183431952,0
per_huruf,8,1493,0.9986622073578595,288.10878470641785,98.08875739644971,288.10878470641785,98.08875739644971,0
per_huruf,8,1494,0.9993311036789297,288.0468821119709,98.04142011834318,288.0468821119709,98.04142011834318,0
per_huruf,8,1495,1.0,288.0,98.0,288.0,98.0,0
